model,dataset,frequency,term,horizon_steps,MASE,scaled_MASE,MASE_std,MASE_variance,seasonal_MASE_variance,inference_seconds,query_retrieval_seconds,datastore_preprocessing_seconds,prediction_nan_values,prediction_values,prediction_nan_rate,domain,reference_loss,reference_scaled_MASE,reference_inference_seconds,loss_ratio_to_reference,paired_improvement_percent
vanilla_univariate,Water_Quality_Darwin,15T,short,16,0.673833606957897,0.6198102861666855,0.8382314701905285,0.7026319976177748,1.3381496638898256,0.0002850741147994995,0.0,0.0,0.0,60462.0,0.0,Climate,0.673833606957897,0.6198102861666855,0.0002850741147994995,1.0,0.0
top_k_1_mix,Water_Quality_Darwin,15T,short,16,0.6661292685655151,0.6127236283710533,0.8496024798932695,0.7218243738407935,1.3381496638898256,,,,0.0,60462.0,0.0,Climate,0.673833606957897,0.6198102861666855,0.0002850741147994995,0.9885664082158739,1.1433591784126063
top_k_5_mix,Water_Quality_Darwin,15T,short,16,0.6783346503122086,0.623950466977909,0.8707942028570643,0.75828254372947,1.3381496638898256,,,,0.0,60462.0,0.0,Climate,0.673833606957897,0.6198102861666855,0.0002850741147994995,1.0066797549244126,-0.667975492441264
top_k_10_mix,Water_Quality_Darwin,15T,short,16,0.6954418345918387,0.639686115473883,0.8776396055861194,0.7702512772933592,1.3381496638898256,,,,0.0,60462.0,0.0,Climate,0.673833606957897,0.6198102861666855,0.0002850741147994995,1.0320676015722854,-3.2067601572285387
top_k_15_mix,Water_Quality_Darwin,15T,short,16,0.7130107720338842,0.6558464969555373,0.8838062927830137,0.7811135631628541,1.3381496638898256,,,,0.0,60462.0,0.0,Climate,0.673833606957897,0.6198102861666855,0.0002850741147994995,1.058140711106496,-5.814071110649599
top_k_20_mix,Water_Quality_Darwin,15T,short,16,0.7270258959752287,0.6687379851375583,0.8920289316760863,0.7957156149471798,1.3381496638898256,,,,0.0,60462.0,0.0,Climate,0.673833606957897,0.6198102861666855,0.0002850741147994995,1.0789397982945297,-7.893979829452968
vanilla_univariate,Water_Quality_Darwin,15T,medium,96,1.0024962693142256,0.9203758656394206,0.9503358169498803,0.9031381649777965,0.8662032158339698,5.552172660827637e-05,0.0,0.0,0.0,60462.0,0.0,Climate,1.0024962693142256,0.9203758656394206,5.552172660827637e-05,1.0,0.0
top_k_1_mix,Water_Quality_Darwin,15T,medium,96,0.9913919634035614,0.9101811791576009,0.986686802946125,0.9735508471080452,0.8662032158339698,,,,0.0,60462.0,0.0,Climate,1.0024962693142256,0.9203758656394206,5.552172660827637e-05,0.9889233444048023,1.107665559519766
top_k_5_mix,Water_Quality_Darwin,15T,medium,96,1.0072092257992136,0.9247027559604779,1.009772284070182,1.019640065676312,0.8662032158339698,,,,0.0,60462.0,0.0,Climate,1.0024962693142256,0.9203758656394206,5.552172660827637e-05,1.0047012209713377,-0.47012209713377384
top_k_10_mix,Water_Quality_Darwin,15T,medium,96,1.028014967652441,0.9438041763393625,1.0131564896355618,1.0264860724906544,0.8662032158339698,,,,0.0,60462.0,0.0,Climate,1.0024962693142256,0.9203758656394206,5.552172660827637e-05,1.0254551554148645,-2.545515541486454
top_k_15_mix,Water_Quality_Darwin,15T,medium,96,1.0440024289073946,0.958482010005487,1.030165953516379,1.06124189178431,0.8662032158339698,,,,0.0,60462.0,0.0,Climate,1.0024962693142256,0.9203758656394206,5.552172660827637e-05,1.0414028070364412,-4.140280703644117
top_k_20_mix,Water_Quality_Darwin,15T,medium,96,1.0474323685890583,0.9616309830243709,1.0137610852679322,1.0277115380036157,0.8662032158339698,,,,0.0,60462.0,0.0,Climate,1.0024962693142256,0.9203758656394206,5.552172660827637e-05,1.044824205984898,-4.4824205984898
vanilla_univariate,Water_Quality_Darwin,15T,long,288,1.4834560814452424,0.9322702240751551,1.3296979706278405,1.7680966930917972,1.5257973604856987,2.522207796573639e-05,0.0,0.0,0.0,60462.0,0.0,Climate,1.4834560814452424,0.9322702240751551,2.522207796573639e-05,1.0,0.0
top_k_1_mix,Water_Quality_Darwin,15T,long,288,1.456546716596473,0.9153591743237921,1.296419491835559,1.680703498811169,1.5257973604856987,,,,0.0,60462.0,0.0,Climate,1.4834560814452424,0.9322702240751551,2.522207796573639e-05,0.9818603562415186,1.8139643758481427
top_k_5_mix,Water_Quality_Darwin,15T,long,288,1.5150182290081269,0.9521052908147628,1.4397730786678251,2.0729465180566273,1.5257973604856987,,,,0.0,60462.0,0.0,Climate,1.4834560814452424,0.9322702240751551,2.522207796573639e-05,1.0212760916603176,-2.127609166031763
top_k_10_mix,Water_Quality_Darwin,15T,long,288,1.5293801287452262,0.9611309516708674,1.3801567010943339,1.9048325195755946,1.5257973604856987,,,,0.0,60462.0,0.0,Climate,1.4834560814452424,0.9322702240751551,2.522207796573639e-05,1.0309574701094235,-3.0957470109423513
top_k_15_mix,Water_Quality_Darwin,15T,long,288,1.5142005233272648,0.9515914079517245,1.359984265395479,1.849557202123281,1.5257973604856987,,,,0.0,60462.0,0.0,Climate,1.4834560814452424,0.9322702240751551,2.522207796573639e-05,1.0207248750175806,-2.072487501758058
top_k_20_mix,Water_Quality_Darwin,15T,long,288,1.5249426861326276,0.9583422640443772,1.3512712541865024,1.8259340023907633,1.5257973604856987,,,,0.0,60462.0,0.0,Climate,1.4834560814452424,0.9322702240751551,2.522207796573639e-05,1.0279661832974303,-2.796618329743028
vanilla_univariate,current_velocity,5T,short,36,0.40666683057892833,0.4466404325168494,0.29461280492591785,0.08679670482631692,0.38424047675878115,4.6741217374801636e-05,0.0,0.0,0.0,25920.0,0.0,Climate,0.40666683057892833,0.4466404325168494,4.6741217374801636e-05,1.0,0.0
top_k_1_mix,current_velocity,5T,short,36,0.3942819337223789,0.433038153519049,0.2891610229816257,0.08361409721178029,0.38424047675878115,,,,0.0,25920.0,0.0,Climate,0.40666683057892833,0.4466404325168494,4.6741217374801636e-05,0.9695453478737905,3.045465212620946
top_k_5_mix,current_velocity,5T,short,36,0.3965162412894187,0.43549208391877614,0.27951190490164307,0.07812690498174515,0.38424047675878115,,,,0.0,25920.0,0.0,Climate,0.40666683057892833,0.4466404325168494,4.6741217374801636e-05,0.9750395445946273,2.496045540537273
top_k_10_mix,current_velocity,5T,short,36,0.4026339690812833,0.4422111580637928,0.2826475149827714,0.079889617725936,0.38424047675878115,,,,0.0,25920.0,0.0,Climate,0.40666683057892833,0.4466404325168494,4.6741217374801636e-05,0.9900831314619295,0.99168685380705
top_k_15_mix,current_velocity,5T,short,36,0.4102195054853418,0.45054232010018963,0.28547695163653314,0.08149708991568748,0.38424047675878115,,,,0.0,25920.0,0.0,Climate,0.40666683057892833,0.4466404325168494,4.6741217374801636e-05,1.008736082314252,-0.8736082314251936
top_k_20_mix,current_velocity,5T,short,36,0.4143052397480052,0.4550296644838637,0.28668458906301303,0.08218805360622866,0.38424047675878115,,,,0.0,25920.0,0.0,Climate,0.40666683057892833,0.4466404325168494,4.6741217374801636e-05,1.0187829657958651,-1.8782965795865136
vanilla_univariate,current_velocity,5T,medium,288,0.6444202193835324,0.7076157858740267,0.28944571868642954,0.0837788240659037,0.11522061713881367,2.0058825612068176e-05,0.0,0.0,0.0,25920.0,0.0,Climate,0.6444202193835324,0.7076157858740267,2.0058825612068176e-05,1.0,0.0
top_k_1_mix,current_velocity,5T,medium,288,0.6224946951822135,0.6835401182091322,0.29109420679920234,0.08473583723205678,0.11522061713881367,,,,0.0,25920.0,0.0,Climate,0.6444202193835324,0.7076157858740267,2.0058825612068176e-05,0.9659763558904259,3.4023644109574147
top_k_5_mix,current_velocity,5T,medium,288,0.6039444152891593,0.6631706907922461,0.28574607359009624,0.0816508185721567,0.11522061713881367,,,,0.0,25920.0,0.0,Climate,0.6444202193835324,0.7076157858740267,2.0058825612068176e-05,0.9371903567316785,6.28096432683215
top_k_10_mix,current_velocity,5T,medium,288,0.6063804019377542,0.6658455643528136,0.2741843222793571,0.07517704258379033,0.11522061713881367,,,,0.0,25920.0,0.0,Climate,0.6444202193835324,0.7076157858740267,2.0058825612068176e-05,0.9409704781110562,5.902952188894384
top_k_15_mix,current_velocity,5T,medium,288,0.6048499869739645,0.664165068063682,0.26562240646349217,0.07055526281545664,0.11522061713881367,,,,0.0,25920.0,0.0,Climate,0.6444202193835324,0.7076157858740267,2.0058825612068176e-05,0.9385956069978348,6.140439300216515
top_k_20_mix,current_velocity,5T,medium,288,0.6087557650186439,0.6684538692486902,0.25767642338092306,0.0663971391663847,0.11522061713881367,,,,0.0,25920.0,0.0,Climate,0.6444202193835324,0.7076157858740267,2.0058825612068176e-05,0.9446565249007768,5.534347509922322
vanilla_univariate,current_velocity,5T,long,864,1.0940430192022368,1.001221967310649,0.6784415276478244,0.4602829064371137,0.29190573790947194,1.7192214727401733e-05,0.0,0.0,0.0,25920.0,0.0,Climate,1.0940430192022368,1.001221967310649,1.7192214727401733e-05,1.0,0.0
top_k_1_mix,current_velocity,5T,long,864,0.9174568065389825,0.8396177231086597,0.42406007187060596,0.17982694455490347,0.29190573790947194,,,,0.0,25920.0,0.0,Climate,1.0940430192022368,1.001221967310649,1.7192214727401733e-05,0.838592989888077,16.140701011192306
top_k_5_mix,current_velocity,5T,long,864,0.8942678724272609,0.8183961899297316,0.3990800386531921,0.1592648772514333,0.29190573790947194,,,,0.0,25920.0,0.0,Climate,1.0940430192022368,1.001221967310649,1.7192214727401733e-05,0.8173973570795694,18.26026429204306
top_k_10_mix,current_velocity,5T,long,864,0.8699196240529206,0.7961137012980675,0.37536362454034966,0.1408978506280686,0.29190573790947194,,,,0.0,25920.0,0.0,Climate,1.0940430192022368,1.001221967310649,1.7192214727401733e-05,0.7951420636889175,20.48579363110825
top_k_15_mix,current_velocity,5T,long,864,0.8791742178844586,0.8045831147306672,0.37234055013731043,0.13863748527655498,0.29190573790947194,,,,0.0,25920.0,0.0,Climate,1.0940430192022368,1.001221967310649,1.7192214727401733e-05,0.8036011404062905,19.63988595937095
top_k_20_mix,current_velocity,5T,long,864,0.8757399487940878,0.8014402166959607,0.36528946303136944,0.13343639180174624,0.29190573790947194,,,,0.0,25920.0,0.0,Climate,1.0940430192022368,1.001221967310649,1.7192214727401733e-05,0.8004620782029823,19.953792179701768
vanilla_univariate,current_velocity,10T,short,18,0.5854931056397984,0.5615680496491282,0.37688907253306747,0.1420453729948358,0.4807344590412708,0.0003237444907426834,0.0,0.0,0.0,129576.0,0.0,Climate,0.5854931056397984,0.5615680496491282,0.0003237444907426834,1.0,0.0
top_k_1_mix,current_velocity,10T,short,18,0.5685977289561004,0.5453630702207476,0.3733877634559948,0.13941842189866993,0.4807344590412708,,,,0.0,129576.0,0.0,Climate,0.5854931056397984,0.5615680496491282,0.0003237444907426834,0.9711433379471898,2.8856662052810234
top_k_5_mix,current_velocity,10T,short,18,0.5664569505026519,0.5433097705845029,0.37166502642162647,0.1381348918649883,0.4807344590412708,,,,0.0,129576.0,0.0,Climate,0.5854931056397984,0.5615680496491282,0.0003237444907426834,0.967486969609412,3.251303039058795
top_k_10_mix,current_velocity,10T,short,18,0.5766664836231907,0.5531021106600774,0.3726566119027993,0.13887295039487357,0.4807344590412708,,,,0.0,129576.0,0.0,Climate,0.5854931056397984,0.5615680496491282,0.0003237444907426834,0.9849244646408563,1.5075535359143744
top_k_15_mix,current_velocity,10T,short,18,0.5886608988044046,0.5646063970045524,0.3758026235757639,0.1412276118864273,0.4807344590412708,,,,0.0,129576.0,0.0,Climate,0.5854931056397984,0.5615680496491282,0.0003237444907426834,1.00541047048051,-0.5410470480510021
top_k_20_mix,current_velocity,10T,short,18,0.5976681045378762,0.5732455405022487,0.37793675827951034,0.14283619325882504,0.4807344590412708,,,,0.0,129576.0,0.0,Climate,0.5854931056397984,0.5615680496491282,0.0003237444907426834,1.0207944359733725,-2.0794435973372494
vanilla_univariate,current_velocity,10T,medium,144,0.7731507634952759,0.7407707649203622,0.3718416498509573,0.13826621256388194,0.25305105017876023,5.5810436606407166e-05,0.0,0.0,0.0,129576.0,0.0,Climate,0.7731507634952759,0.7407707649203622,5.5810436606407166e-05,1.0,0.0
top_k_1_mix,current_velocity,10T,medium,144,0.7330780682281334,0.7023763371747791,0.3765912366066499,0.14182095948892576,0.25305105017876023,,,,0.0,129576.0,0.0,Climate,0.7731507634952759,0.7407707649203622,5.5810436606407166e-05,0.9481696233655891,5.183037663441093
top_k_5_mix,current_velocity,10T,medium,144,0.7279599751552083,0.6974725927829035,0.37225097134215435,0.13857078566517742,0.25305105017876023,,,,0.0,129576.0,0.0,Climate,0.7731507634952759,0.7407707649203622,5.5810436606407166e-05,0.9415498367540011,5.845016324599895
top_k_10_mix,current_velocity,10T,medium,144,0.735460061461923,0.7046585711621743,0.37526033449832336,0.14082031864779354,0.25305105017876023,,,,0.0,129576.0,0.0,Climate,0.7731507634952759,0.7407707649203622,5.5810436606407166e-05,0.9512505143719189,4.874948562808113
top_k_15_mix,current_velocity,10T,medium,144,0.7460755878428196,0.714829513193789,0.3714213994746281,0.13795385598769125,0.25305105017876023,,,,0.0,129576.0,0.0,Climate,0.7731507634952759,0.7407707649203622,5.5810436606407166e-05,0.9649807295926938,3.5019270407306236
top_k_20_mix,current_velocity,10T,medium,144,0.7548915902514699,0.7232762963519298,0.3753186429247661,0.14086408372688808,0.25305105017876023,,,,0.0,129576.0,0.0,Climate,0.7731507634952759,0.7407707649203622,5.5810436606407166e-05,0.9763834246748208,2.3616575325179245
vanilla_univariate,current_velocity,10T,long,432,1.0619848659125353,0.7387721202427384,0.7138262231933302,0.5095478769184542,0.6433695275713929,3.0510127544403076e-05,0.0,0.0,0.0,129576.0,0.0,Climate,1.0619848659125353,0.7387721202427384,3.0510127544403076e-05,1.0,0.0
top_k_1_mix,current_velocity,10T,long,432,0.9865788112931148,0.6863157316081784,0.6697677053044917,0.4485887790688444,0.6433695275713929,,,,0.0,129576.0,0.0,Climate,1.0619848659125353,0.7387721202427384,3.0510127544403076e-05,0.9289951702328393,7.100482976716071
top_k_5_mix,current_velocity,10T,long,432,0.9851907238457,0.6853501055060326,0.7286826248089513,0.530978367698463,0.6433695275713929,,,,0.0,129576.0,0.0,Climate,1.0619848659125353,0.7387721202427384,3.0510127544403076e-05,0.9276881012792512,7.231189872074884
top_k_10_mix,current_velocity,10T,long,432,1.0059460732971137,0.6997886102463278,0.795450434269729,0.6327413933799003,0.6433695275713929,,,,0.0,129576.0,0.0,Climate,1.0619848659125353,0.7387721202427384,3.0510127544403076e-05,0.9472320233421887,5.27679766578113
top_k_15_mix,current_velocity,10T,long,432,1.012236798396007,0.704164767071482,0.7577437440466076,0.5741755816417708,0.6433695275713929,,,,0.0,129576.0,0.0,Climate,1.0619848659125353,0.7387721202427384,3.0510127544403076e-05,0.9531555777174083,4.684442228259167
top_k_20_mix,current_velocity,10T,long,432,1.0191075380124934,0.7089444122783333,0.7546306894368661,0.5694674774399597,0.6433695275713929,,,,0.0,129576.0,0.0,Climate,1.0619848659125353,0.7387721202427384,3.0510127544403076e-05,0.9596252929054705,4.0374707094529505
vanilla_univariate,current_velocity,15T,short,12,0.5193276915541719,0.5238477165442099,0.38905613308127585,0.15136467468815543,0.453088957404636,0.0001630205661058426,0.0,0.0,0.0,43200.0,0.0,Climate,0.5193276915541719,0.5238477165442099,0.0001630205661058426,1.0,0.0
top_k_1_mix,current_velocity,15T,short,12,0.5205458711695701,0.5250764987182497,0.3894128826151141,0.15164239314661263,0.453088957404636,,,,0.0,43200.0,0.0,Climate,0.5193276915541719,0.5238477165442099,0.0001630205661058426,1.002345685845776,-0.2345685845775991
top_k_5_mix,current_velocity,15T,short,12,0.5217781840613736,0.5263195371792018,0.3913669732546224,0.1531681077544843,0.453088957404636,,,,0.0,43200.0,0.0,Climate,0.5193276915541719,0.5238477165442099,0.0001630205661058426,1.004718586254987,-0.47185862549870006
top_k_10_mix,current_velocity,15T,short,12,0.5275928642788008,0.5321848260976848,0.39464632326516386,0.1557457204667122,0.453088957404636,,,,0.0,43200.0,0.0,Climate,0.5193276915541719,0.5238477165442099,0.0001630205661058426,1.0159151396296509,-1.5915139629650854
top_k_15_mix,current_velocity,15T,short,12,0.5317526083541595,0.5363807749575726,0.3961138432966152,0.15690617685121544,0.453088957404636,,,,0.0,43200.0,0.0,Climate,0.5193276915541719,0.5238477165442099,0.0001630205661058426,1.0239250034266496,-2.3925003426649605
top_k_20_mix,current_velocity,15T,short,12,0.5364750892598135,0.5411443584889015,0.3968028055489235,0.1574524664914968,0.453088957404636,,,,0.0,43200.0,0.0,Climate,0.5193276915541719,0.5238477165442099,0.0001630205661058426,1.0330184544065524,-3.3018454406552378
vanilla_univariate,current_velocity,15T,medium,96,0.7574821876670954,0.7632469254803556,0.4159638872280825,0.17302595547789693,0.20323056826444055,3.669224679470062e-05,0.0,0.0,0.0,43200.0,0.0,Climate,0.7574821876670954,0.7632469254803556,3.669224679470062e-05,1.0,0.0
top_k_1_mix,current_velocity,15T,medium,96,0.7552556824322804,0.7610034756637041,0.4116837503001988,0.16948351026123645,0.20323056826444055,,,,0.0,43200.0,0.0,Climate,0.7574821876670954,0.7632469254803556,3.669224679470062e-05,0.9970606500442311,0.2939349955768944
top_k_5_mix,current_velocity,15T,medium,96,0.7457834930077208,0.7514591991466173,0.40874444364051216,0.1670720202069918,0.20323056826444055,,,,0.0,43200.0,0.0,Climate,0.7574821876670954,0.7632469254803556,3.669224679470062e-05,0.9845558155031944,1.5444184496805624
top_k_10_mix,current_velocity,15T,medium,96,0.7471976149042654,0.7528840830678039,0.4080125989033015,0.16647428086382637,0.20323056826444055,,,,0.0,43200.0,0.0,Climate,0.7574821876670954,0.7632469254803556,3.669224679470062e-05,0.9864226869881857,1.3577313011814307
top_k_15_mix,current_velocity,15T,medium,96,0.7485076841322001,0.7542041224385871,0.40739314664221515,0.16596917593104543,0.20323056826444055,,,,0.0,43200.0,0.0,Climate,0.7574821876670954,0.7632469254803556,3.669224679470062e-05,0.9881521919841639,1.184780801583607
top_k_20_mix,current_velocity,15T,medium,96,0.750175775586242,0.7558849087256398,0.4059597497433501,0.16480331841168344,0.20323056826444055,,,,0.0,43200.0,0.0,Climate,0.7574821876670954,0.7632469254803556,3.669224679470062e-05,0.9903543446964004,0.9645655303599621
vanilla_univariate,current_velocity,15T,long,288,0.8639502699452303,0.7655071966617399,0.42461987949106356,0.18030204205900532,0.18788879728392668,2.2180378437042236e-05,0.0,0.0,0.0,43200.0,0.0,Climate,0.8639502699452303,0.7655071966617399,2.2180378437042236e-05,1.0,0.0
top_k_1_mix,current_velocity,15T,long,288,0.8638615877457642,0.7654286193821571,0.4309559263551507,0.18572301046062606,0.18788879728392668,,,,0.0,43200.0,0.0,Climate,0.8639502699452303,0.7655071966617399,2.2180378437042236e-05,0.9998973526572638,0.010264734273623954
top_k_5_mix,current_velocity,15T,long,288,0.8532306524904718,0.7560090292410635,0.41020279761004536,0.16826633516710784,0.18788879728392668,,,,0.0,43200.0,0.0,Climate,0.8639502699452303,0.7655071966617399,2.2180378437042236e-05,0.9875923211929339,1.2407678807066058
top_k_10_mix,current_velocity,15T,long,288,0.8544932405309,0.7571277513075872,0.41125534630154365,0.1691309598616026,0.18788879728392668,,,,0.0,43200.0,0.0,Climate,0.8639502699452303,0.7655071966617399,2.2180378437042236e-05,0.9890537340593345,1.09462659406655
top_k_15_mix,current_velocity,15T,long,288,0.8569010951004683,0.7592612421642266,0.41049019784097507,0.16850220252352285,0.18788879728392668,,,,0.0,43200.0,0.0,Climate,0.8639502699452303,0.7655071966617399,2.2180378437042236e-05,0.9918407631897507,0.8159236810249326
top_k_20_mix,current_velocity,15T,long,288,0.8511638269009694,0.7541777087148148,0.4046463120388248,0.16373863784662196,0.18788879728392668,,,,0.0,43200.0,0.0,Climate,0.8639502699452303,0.7655071966617399,2.2180378437042236e-05,0.9852000242501556,1.4799975749844374
vanilla_univariate,current_velocity,H,short,24,0.7341019003197232,0.7101318565647288,0.47165741721324433,0.22246071921226845,0.3826492950103123,0.0001606624573469162,0.0,0.0,0.0,84672.0,0.0,Climate,0.7341019003197232,0.7101318565647288,0.0001606624573469162,1.0,0.0
top_k_1_mix,current_velocity,H,short,24,0.7273879924462902,0.7036371725693746,0.4707373403249514,0.22159364357620912,0.3826492950103123,,,,0.0,84672.0,0.0,Climate,0.7341019003197232,0.7101318565647288,0.0001606624573469162,0.9908542562408448,0.9145743759155223
top_k_5_mix,current_velocity,H,short,24,0.7347471523920202,0.7107560397358293,0.47842809245713763,0.22889343965217543,0.3826492950103123,,,,0.0,84672.0,0.0,Climate,0.7341019003197232,0.7101318565647288,0.0001606624573469162,1.0008789679907053,-0.08789679907053038
top_k_10_mix,current_velocity,H,short,24,0.7514476475967649,0.7269112269927082,0.49707384127494547,0.24708240367982967,0.3826492950103123,,,,0.0,84672.0,0.0,Climate,0.7341019003197232,0.7101318565647288,0.0001606624573469162,1.0236285279597928,-2.3628527959792756
top_k_15_mix,current_velocity,H,short,24,0.7695100281495172,0.7443838310417077,0.5220062383342021,0.2724905128598238,0.3826492950103123,,,,0.0,84672.0,0.0,Climate,0.7341019003197232,0.7101318565647288,0.0001606624573469162,1.0482332600070545,-4.823326000705452
top_k_20_mix,current_velocity,H,short,24,0.7800332450403721,0.7545634417258394,0.536211312614859,0.28752257177615004,0.3826492950103123,,,,0.0,84672.0,0.0,Climate,0.7341019003197232,0.7101318565647288,0.0001606624573469162,1.062568077675108,-6.256807767510808
vanilla_univariate,current_velocity,H,medium,168,1.172189045510165,0.6357963637672974,0.8861673208434371,0.7852925205308352,1.2185305146164476,3.733299672603607e-05,0.0,0.0,0.0,84672.0,0.0,Climate,1.172189045510165,0.6357963637672974,3.733299672603607e-05,1.0,0.0
top_k_1_mix,current_velocity,H,medium,168,1.165941250661977,0.6324075543757943,0.8812919655314833,0.776675528510345,1.2185305146164476,,,,0.0,84672.0,0.0,Climate,1.172189045510165,0.6357963637672974,3.733299672603607e-05,0.9946699767651653,0.5330023234834669
top_k_5_mix,current_velocity,H,medium,168,1.1889624937566081,0.6448942967703192,0.953483821385201,0.9091313976433261,1.2185305146164476,,,,0.0,84672.0,0.0,Climate,1.172189045510165,0.6357963637672974,3.733299672603607e-05,1.0143095077630102,-1.430950776301021
top_k_10_mix,current_velocity,H,medium,168,1.200896803691794,0.6513674769198238,0.9757610048682965,0.9521095386215879,1.2185305146164476,,,,0.0,84672.0,0.0,Climate,1.172189045510165,0.6357963637672974,3.733299672603607e-05,1.0244907238227388,-2.449072382273876
top_k_15_mix,current_velocity,H,medium,168,1.2206455922728703,0.6620792371233093,1.024958217635771,1.0505393478990963,1.2185305146164476,,,,0.0,84672.0,0.0,Climate,1.172189045510165,0.6357963637672974,3.733299672603607e-05,1.0413385084499027,-4.133850844990272
top_k_20_mix,current_velocity,H,medium,168,1.2432245517902576,0.674326084518608,1.105855632890811,1.2229166807963359,1.2185305146164476,,,,0.0,84672.0,0.0,Climate,1.172189045510165,0.6357963637672974,3.733299672603607e-05,1.0606007252432361,-6.060072524323612
vanilla_univariate,current_velocity,H,long,336,1.3360270016711546,0.6754183863475475,1.2599132255114833,1.5873813358187499,1.9703509296939952,2.506747841835022e-05,0.0,0.0,0.0,84672.0,0.0,Climate,1.3360270016711546,0.6754183863475475,2.506747841835022e-05,1.0,0.0
top_k_1_mix,current_velocity,H,long,336,1.3228916714789551,0.668777919117873,1.2812367770954194,1.6415676789818572,1.9703509296939952,,,,0.0,84672.0,0.0,Climate,1.3360270016711546,0.6754183863475475,2.506747841835022e-05,0.9901683647293286,0.9831635270671435
top_k_5_mix,current_velocity,H,long,336,1.3624192181761294,0.6887607725879663,1.3575780822627301,1.843018249440152,1.9703509296939952,,,,0.0,84672.0,0.0,Climate,1.3360270016711546,0.6754183863475475,2.506747841835022e-05,1.0197542538226865,-1.9754253822686474
top_k_10_mix,current_velocity,H,long,336,1.3922617380037066,0.7038474336818473,1.4085914619491036,1.9841299066759126,1.9703509296939952,,,,0.0,84672.0,0.0,Climate,1.3360270016711546,0.6754183863475475,2.506747841835022e-05,1.042091017817912,-4.209101781791191
top_k_15_mix,current_velocity,H,long,336,1.3854720570875476,0.7004149616416336,1.4015979885640375,1.964476921546756,1.9703509296939952,,,,0.0,84672.0,0.0,Climate,1.3360270016711546,0.6754183863475475,2.506747841835022e-05,1.037009024035102,-3.700902403510198
top_k_20_mix,current_velocity,H,long,336,1.3996222306525494,0.7075684752935708,1.4340618380193224,2.0565333552633573,1.9703509296939952,,,,0.0,84672.0,0.0,Climate,1.3360270016711546,0.6754183863475475,2.506747841835022e-05,1.0476002572566627,-4.760025725666273
vanilla_univariate,CPHL,15T,short,12,0.6590360706082912,0.4815057319710606,0.6875696668349319,0.47275204675149923,1.2103073573379792,2.4260953068733215e-05,0.0,0.0,0.0,2875.0,0.0,Climate,0.6590360706082912,0.4815057319710606,2.4260953068733215e-05,1.0,0.0
top_k_1_mix,CPHL,15T,short,12,0.6560431249379092,0.4793190223810427,0.6827084380732058,0.46609081141635633,1.2103073573379792,,,,0.0,2875.0,0.0,Climate,0.6590360706082912,0.4815057319710606,2.4260953068733215e-05,0.9954586011238816,0.45413988761183743
top_k_5_mix,CPHL,15T,short,12,0.6594233716470056,0.4817887023249704,0.687692394067827,0.47292082885873954,1.2103073573379792,,,,0.0,2875.0,0.0,Climate,0.6590360706082912,0.4815057319710606,2.4260953068733215e-05,1.0005876780588914,-0.058767805889137215
top_k_10_mix,CPHL,15T,short,12,0.6591974349585276,0.4816236281880354,0.6896782910460862,0.47565614514025006,1.2103073573379792,,,,0.0,2875.0,0.0,Climate,0.6590360706082912,0.4815057319710606,2.4260953068733215e-05,1.0002448490415516,-0.024484904155164244
top_k_15_mix,CPHL,15T,short,12,0.6582024371845686,0.48089666170952766,0.692453251066972,0.4794915049132189,1.2103073573379792,,,,0.0,2875.0,0.0,Climate,0.6590360706082912,0.4815057319710606,2.4260953068733215e-05,0.9987350716282447,0.12649283717552917
top_k_20_mix,CPHL,15T,short,12,0.6597643459103473,0.48203782535415773,0.6959150822101858,0.48429780164760966,1.2103073573379792,,,,0.0,2875.0,0.0,Climate,0.6590360706082912,0.4815057319710606,2.4260953068733215e-05,1.001105061368468,-0.11050613684679966
vanilla_univariate,CPHL,15T,medium,96,1.0817674350374027,0.7879896476976693,0.6606872151574578,0.43650759627251684,0.6233469173388662,1.3649463653564453e-05,0.0,0.0,0.0,2875.0,0.0,Climate,1.0817674350374027,0.7879896476976693,1.3649463653564453e-05,1.0,0.0
top_k_1_mix,CPHL,15T,medium,96,1.0760152565019345,0.7837996000119567,0.6488994122429934,0.42107044720930237,0.6233469173388662,,,,0.0,2875.0,0.0,Climate,1.0817674350374027,0.7879896476976693,1.3649463653564453e-05,0.994682610745008,0.5317389254992033
top_k_5_mix,CPHL,15T,medium,96,1.0553175931405607,0.768722843278445,0.6725735095330794,0.4523551257256432,0.6233469173388662,,,,0.0,2875.0,0.0,Climate,1.0817674350374027,0.7879896476976693,1.3649463653564453e-05,0.9755494193667168,2.4450580633283203
top_k_10_mix,CPHL,15T,medium,96,1.0466913091448125,0.7624392168106963,0.6810532384618672,0.46383351361939684,0.6233469173388662,,,,0.0,2875.0,0.0,Climate,1.0817674350374027,0.7879896476976693,1.3649463653564453e-05,0.967575169341849,3.242483065815105
top_k_15_mix,CPHL,15T,medium,96,1.0430445602070064,0.7597828229152336,0.6726962254379067,0.4525202117184071,0.6233469173388662,,,,0.0,2875.0,0.0,Climate,1.0817674350374027,0.7879896476976693,1.3649463653564453e-05,0.9642040668112205,3.5795933188779494
top_k_20_mix,CPHL,15T,medium,96,1.0421541746368799,0.7591342411692922,0.6667861246345155,0.44460373600511566,0.6233469173388662,,,,0.0,2875.0,0.0,Climate,1.0817674350374027,0.7879896476976693,1.3649463653564453e-05,0.9633809827163514,3.661901728364858
vanilla_univariate,CPHL,15T,long,288,1.1912087384583099,0.7652117927917428,0.5189998297249171,0.26936082325449295,0.9348312901421038,1.3491138815879822e-05,0.0,0.0,0.0,2875.0,0.0,Climate,1.1912087384583099,0.7652117927917428,1.3491138815879822e-05,1.0,0.0
top_k_1_mix,CPHL,15T,long,288,1.1973237409323456,0.7691399641147124,0.5219808642279391,0.27246402262014624,0.9348312901421038,,,,0.0,2875.0,0.0,Climate,1.1912087384583099,0.7652117927917428,1.3491138815879822e-05,1.0051334432636465,-0.5133443263646509
top_k_5_mix,CPHL,15T,long,288,1.1733923383660598,0.7537668469854097,0.4967540628157505,0.24676459892395464,0.9348312901421038,,,,0.0,2875.0,0.0,Climate,1.1912087384583099,0.7652117927917428,1.3491138815879822e-05,0.9850434273045139,1.4956572695486114
top_k_10_mix,CPHL,15T,long,288,1.1640252718484878,0.7477496062351551,0.4707486822287111,0.22160432182006798,0.9348312901421038,,,,0.0,2875.0,0.0,Climate,1.1912087384583099,0.7652117927917428,1.3491138815879822e-05,0.9771799301564866,2.282006984351337
top_k_15_mix,CPHL,15T,long,288,1.1373732222648953,0.7306287927412664,0.4829922560091421,0.23328151936480063,0.9348312901421038,,,,0.0,2875.0,0.0,Climate,1.1912087384583099,0.7652117927917428,1.3491138815879822e-05,0.9548059761019805,4.519402389801952
top_k_20_mix,CPHL,15T,long,288,1.153694991727635,0.7411136138048533,0.4827086213619141,0.2330076131371198,0.9348312901421038,,,,0.0,2875.0,0.0,Climate,1.1912087384583099,0.7652117927917428,1.3491138815879822e-05,0.9685078311470195,3.149216885298045
vanilla_univariate,CPHL,30T,short,12,1.386630846888305,0.723784866365089,0.9963323569745067,0.9926781655543758,2.00872837438365,2.326071262359619e-05,0.0,0.0,0.0,2681.0,0.0,Climate,1.386630846888305,0.723784866365089,2.326071262359619e-05,1.0,0.0
top_k_1_mix,CPHL,30T,short,12,1.398279496359598,0.7298651553041627,1.0052731161953397,1.010574038145089,2.00872837438365,,,,0.0,2681.0,0.0,Climate,1.386630846888305,0.723784866365089,2.326071262359619e-05,1.008400685371621,-0.8400685371620975
top_k_5_mix,CPHL,30T,short,12,1.4000972783182946,0.730813989721779,1.008229567904449,1.0165268615967922,2.00872837438365,,,,0.0,2681.0,0.0,Climate,1.386630846888305,0.723784866365089,2.326071262359619e-05,1.0097116196860967,-0.9711619686096684
top_k_10_mix,CPHL,30T,short,12,1.406308662955745,0.7340561692895047,1.002653215084248,1.0053134697187793,2.00872837438365,,,,0.0,2681.0,0.0,Climate,1.386630846888305,0.723784866365089,2.326071262359619e-05,1.014191099319331,-1.4191099319331046
top_k_15_mix,CPHL,30T,short,12,1.4240268743963793,0.7433046100901447,1.0145829653855436,1.0293785936505233,2.00872837438365,,,,0.0,2681.0,0.0,Climate,1.386630846888305,0.723784866365089,2.326071262359619e-05,1.0269689857195905,-2.69689857195905
top_k_20_mix,CPHL,30T,short,12,1.435172134398261,0.7491221429534648,1.0186704450095003,1.0376894755358534,2.00872837438365,,,,0.0,2681.0,0.0,Climate,1.386630846888305,0.723784866365089,2.326071262359619e-05,1.0350066404615808,-3.500664046158075
vanilla_univariate,CPHL,30T,medium,48,1.5527782568287,0.8201260717400357,0.9757767575509083,0.9521402805765642,1.4876388063522994,1.597963273525238e-05,0.0,0.0,0.0,2681.0,0.0,Climate,1.5527782568287,0.8201260717400357,1.597963273525238e-05,1.0,0.0
top_k_1_mix,CPHL,30T,medium,48,1.5750540599707337,0.8318914135365146,0.9919860688090851,0.984036360711303,1.4876388063522994,,,,0.0,2681.0,0.0,Climate,1.5527782568287,0.8201260717400357,1.597963273525238e-05,1.0143457721951417,-1.434577219514166
top_k_5_mix,CPHL,30T,medium,48,1.5538428241744302,0.820688340970376,0.9838011516673841,0.9678647060220713,1.4876388063522994,,,,0.0,2681.0,0.0,Climate,1.5527782568287,0.8201260717400357,1.597963273525238e-05,1.0006855887767931,-0.06855887767931446
top_k_10_mix,CPHL,30T,medium,48,1.5790376308713006,0.8339954038131766,0.990994114970499,0.9820693359061626,1.4876388063522994,,,,0.0,2681.0,0.0,Climate,1.5527782568287,0.8201260717400357,1.597963273525238e-05,1.0169112195686143,-1.69112195686143
top_k_15_mix,CPHL,30T,medium,48,1.584487850282909,0.8368740292811122,0.9906257249225708,0.9813393268783689,1.4876388063522994,,,,0.0,2681.0,0.0,Climate,1.5527782568287,0.8201260717400357,1.597963273525238e-05,1.0204211987865999,-2.042119878659987
top_k_20_mix,CPHL,30T,medium,48,1.564785829428669,0.8264680740859844,0.9828897332045615,0.9660722276389341,1.4876388063522994,,,,0.0,2681.0,0.0,Climate,1.5527782568287,0.8201260717400357,1.597963273525238e-05,1.0077329602904748,-0.7732960290474766
vanilla_univariate,CPHL,30T,long,144,1.8194283328811713,0.8182145702861777,0.9723053929440609,0.9453777771481047,1.6073134698343936,1.3893470168113708e-05,0.0,0.0,0.0,2681.0,0.0,Climate,1.8194283328811713,0.8182145702861777,1.3893470168113708e-05,1.0,0.0
top_k_1_mix,CPHL,30T,long,144,1.8349369334856203,0.8251889384159818,1.0264850983429181,1.0536716571200702,1.6073134698343936,,,,0.0,2681.0,0.0,Climate,1.8194283328811713,0.8182145702861777,1.3893470168113708e-05,1.008523886500047,-0.8523886500046984
top_k_5_mix,CPHL,30T,long,144,1.8403035207536078,0.8276023447678694,1.0062654312311377,1.0125701180907873,1.6073134698343936,,,,0.0,2681.0,0.0,Climate,1.8194283328811713,0.8182145702861777,1.3893470168113708e-05,1.0114734873010245,-1.1473487301024488
top_k_10_mix,CPHL,30T,long,144,1.9072262606332344,0.8576981500619814,1.0073228137053394,1.014699251011242,1.6073134698343936,,,,0.0,2681.0,0.0,Climate,1.8194283328811713,0.8182145702861777,1.3893470168113708e-05,1.0482557769192424,-4.825577691924243
top_k_15_mix,CPHL,30T,long,144,1.8630148021903505,0.8378158283360769,0.9870085971998735,0.9741859709464622,1.6073134698343936,,,,0.0,2681.0,0.0,Climate,1.8194283328811713,0.8182145702861777,1.3893470168113708e-05,1.0239561341996677,-2.395613419966769
top_k_20_mix,CPHL,30T,long,144,1.876249336666461,0.8437675268688575,0.9809013779644244,0.9621675132925066,1.6073134698343936,,,,0.0,2681.0,0.0,Climate,1.8194283328811713,0.8182145702861777,1.3893470168113708e-05,1.0312301412253542,-3.123014122535417
vanilla_univariate,CPHL,H,short,24,1.239956715693167,0.7971198728717931,0.8214185015739649,0.6747283547280178,0.9459225828742138,1.852959394454956e-05,0.0,0.0,0.0,2654.0,0.0,Climate,1.239956715693167,0.7971198728717931,1.852959394454956e-05,1.0,0.0
top_k_1_mix,CPHL,H,short,24,1.253967134202172,0.8061266251877686,0.7976356369530764,0.6362226093375398,0.9459225828742138,,,,0.0,2654.0,0.0,Climate,1.239956715693167,0.7971198728717931,1.852959394454956e-05,1.0112991190189835,-1.1299119018983506
top_k_5_mix,CPHL,H,short,24,1.252433770590936,0.8051408854507396,0.8500621594368832,0.7226056749064972,0.9459225828742138,,,,0.0,2654.0,0.0,Climate,1.239956715693167,0.7971198728717931,1.852959394454956e-05,1.0100624922949784,-1.0062492294978354
top_k_10_mix,CPHL,H,short,24,1.2563918221995067,0.8076853626531394,0.8466289524199427,0.7167805830756897,0.9459225828742138,,,,0.0,2654.0,0.0,Climate,1.239956715693167,0.7971198728717931,1.852959394454956e-05,1.013254580823938,-1.3254580823937934
top_k_15_mix,CPHL,H,short,24,1.256665445558428,0.8078612644522246,0.852187112455163,0.7262228746346686,0.9459225828742138,,,,0.0,2654.0,0.0,Climate,1.239956715693167,0.7971198728717931,1.852959394454956e-05,1.0134752525259887,-1.347525252598869
top_k_20_mix,CPHL,H,short,24,1.262602570389488,0.8116780107391406,0.8662281429369527,0.7503511956160018,0.9459225828742138,,,,0.0,2654.0,0.0,Climate,1.239956715693167,0.7971198728717931,1.852959394454956e-05,1.0182634235612502,-1.8263423561250214
vanilla_univariate,CPHL,H,medium,168,1.8097602851403476,0.8124181450914852,0.7277884497448394,0.5296760275819965,0.6049068284587019,1.3239681720733643e-05,0.0,0.0,0.0,2654.0,0.0,Climate,1.8097602851403476,0.8124181450914852,1.3239681720733643e-05,1.0,0.0
top_k_1_mix,CPHL,H,medium,168,1.8557003054546466,0.833041045480922,0.7474317976569312,0.5586542921486718,0.6049068284587019,,,,0.0,2654.0,0.0,Climate,1.8097602851403476,0.8124181450914852,1.3239681720733643e-05,1.025384588606295,-2.538458860629511
top_k_5_mix,CPHL,H,medium,168,1.8203996455995552,0.8171942524910124,0.7540131020284772,0.5685357580306067,0.6049068284587019,,,,0.0,2654.0,0.0,Climate,1.8097602851403476,0.8124181450914852,1.3239681720733643e-05,1.005878878294858,-0.5878878294858003
top_k_10_mix,CPHL,H,medium,168,1.8246455339111034,0.8191002710585853,0.7698616081008017,0.5926868956275524,0.6049068284587019,,,,0.0,2654.0,0.0,Climate,1.8097602851403476,0.8124181450914852,1.3239681720733643e-05,1.00822498365832,-0.8224983658319918
top_k_15_mix,CPHL,H,medium,168,1.835462627749897,0.8239561646175003,0.7658656022357128,0.5865501206878709,0.6049068284587019,,,,0.0,2654.0,0.0,Climate,1.8097602851403476,0.8124181450914852,1.3239681720733643e-05,1.0142020701971346,-1.4202070197134598
top_k_20_mix,CPHL,H,medium,168,1.842895053932459,0.8272926495334006,0.7647845482685712,0.5848954052703625,0.6049068284587019,,,,0.0,2654.0,0.0,Climate,1.8097602851403476,0.8124181450914852,1.3239681720733643e-05,1.0183089269137884,-1.8308926913788381
vanilla_univariate,CPHL,H,long,336,2.0108007570754864,0.7965895976907863,0.655035583452054,0.4290716155883728,1.3278778683794659,1.3511627912521362e-05,0.0,0.0,0.0,2654.0,0.0,Climate,2.0108007570754864,0.7965895976907863,1.3511627912521362e-05,1.0,0.0
top_k_1_mix,CPHL,H,long,336,2.0103050799078215,0.7963932324993642,0.6829623183468335,0.46643752828168156,1.3278778683794659,,,,0.0,2654.0,0.0,Climate,2.0108007570754864,0.7965895976907863,1.3511627912521362e-05,0.9997534926491743,0.024650735082565323
top_k_5_mix,CPHL,H,long,336,2.119390235589484,0.8396079070377179,0.6588630544168822,0.4341005244755434,1.3278778683794659,,,,0.0,2654.0,0.0,Climate,2.0108007570754864,0.7965895976907863,1.3511627912521362e-05,1.0540031020636427,-5.400310206364267
top_k_10_mix,CPHL,H,long,336,2.0973614991830276,0.8308811039420313,0.6781424478475904,0.4598771795727219,1.3278778683794659,,,,0.0,2654.0,0.0,Climate,2.0108007570754864,0.7965895976907863,1.3511627912521362e-05,1.043047896119472,-4.304789611947202
top_k_15_mix,CPHL,H,long,336,2.0860334990254747,0.8263934553988358,0.675187154144561,0.4558776931218312,1.3278778683794659,,,,0.0,2654.0,0.0,Climate,2.0108007570754864,0.7965895976907863,1.3511627912521362e-05,1.0374143194870322,-3.741431948703222
top_k_20_mix,CPHL,H,long,336,2.091720914421801,0.8286465557751501,0.6825994902118537,0.46594206403748256,1.3278778683794659,,,,0.0,2654.0,0.0,Climate,2.0108007570754864,0.7965895976907863,1.3511627912521362e-05,1.0402427525758469,-4.024275257584686
vanilla_univariate,Coastal_T_S,15T,short,12,1.142890894709768,0.7893024461172853,1.1848235279347754,1.4038067923478075,1.6108624064484944,8.955225348472595e-05,0.0,0.0,0.0,21600.0,0.0,Climate,1.142890894709768,0.7893024461172853,8.955225348472595e-05,1.0,0.0
top_k_1_mix,Coastal_T_S,15T,short,12,1.143559005837132,0.7897638565192296,1.186033775700096,1.4066761171014257,1.6108624064484944,,,,0.0,21600.0,0.0,Climate,1.142890894709768,0.7893024461172853,8.955225348472595e-05,1.0005845799721187,-0.058457997211869284
top_k_5_mix,Coastal_T_S,15T,short,12,1.137012371194377,0.785242624648995,1.1606223473485584,1.3470442331648778,1.6108624064484944,,,,0.0,21600.0,0.0,Climate,1.142890894709768,0.7893024461172853,8.955225348472595e-05,0.994856443828014,0.514355617198603
top_k_10_mix,Coastal_T_S,15T,short,12,1.1432862530401007,0.7895754881886403,1.1630341392228296,1.3526484089977884,1.6108624064484944,,,,0.0,21600.0,0.0,Climate,1.142890894709768,0.7893024461172853,8.955225348472595e-05,1.0003459283227845,-0.03459283227844612
top_k_15_mix,Coastal_T_S,15T,short,12,1.14823088251984,0.7929903444636944,1.1526857768580285,1.328684500170797,1.6108624064484944,,,,0.0,21600.0,0.0,Climate,1.142890894709768,0.7893024461172853,8.955225348472595e-05,1.004672351345863,-0.46723513458630794
top_k_20_mix,Coastal_T_S,15T,short,12,1.1529151390707149,0.7962253821833584,1.1472928225542913,1.3162808206845926,1.6108624064484944,,,,0.0,21600.0,0.0,Climate,1.142890894709768,0.7893024461172853,8.955225348472595e-05,1.008770954784352,-0.877095478435197
vanilla_univariate,Coastal_T_S,15T,medium,96,1.2690630394887432,0.874199417768693,1.091372934587032,1.19109488234911,1.2834579947320974,2.5130808353424072e-05,0.0,0.0,0.0,21600.0,0.0,Climate,1.2690630394887432,0.874199417768693,2.5130808353424072e-05,1.0,0.0
top_k_1_mix,Coastal_T_S,15T,medium,96,1.2758274229385604,0.8788590917875477,1.0930501842311042,1.194758705247651,1.2834579947320974,,,,0.0,21600.0,0.0,Climate,1.2690630394887432,0.874199417768693,2.5130808353424072e-05,1.005330218625343,-0.5330218625342997
top_k_5_mix,Coastal_T_S,15T,medium,96,1.2736059866583698,0.8773288460532339,1.0789611725045312,1.1641572117723524,1.2834579947320974,,,,0.0,21600.0,0.0,Climate,1.2690630394887432,0.874199417768693,2.5130808353424072e-05,1.0035797647778448,-0.35797647778448294
top_k_10_mix,Coastal_T_S,15T,medium,96,1.2727431972482728,0.8767345099355675,1.0826155591676367,1.1720564489518548,1.2834579947320974,,,,0.0,21600.0,0.0,Climate,1.2690630394887432,0.874199417768693,2.5130808353424072e-05,1.0028999014588056,-0.2899901458805587
top_k_15_mix,Coastal_T_S,15T,medium,96,1.274567368219339,0.877991097789122,1.0713210412675158,1.1477287734625143,1.2834579947320974,,,,0.0,21600.0,0.0,Climate,1.2690630394887432,0.874199417768693,2.5130808353424072e-05,1.004337317027855,-0.4337317027854892
top_k_20_mix,Coastal_T_S,15T,medium,96,1.2815686195006757,0.8828139392109813,1.0710941388535276,1.1472426542863796,1.2834579947320974,,,,0.0,21600.0,0.0,Climate,1.2690630394887432,0.874199417768693,2.5130808353424072e-05,1.0098541834588222,-0.9854183458822163
vanilla_univariate,Coastal_T_S,15T,long,288,1.3953221482634197,0.8756310673131206,1.0627287840070623,1.1293924683571293,1.3306993853637727,1.993030309677124e-05,0.0,0.0,0.0,21600.0,0.0,Climate,1.3953221482634197,0.8756310673131206,1.993030309677124e-05,1.0,0.0
top_k_1_mix,Coastal_T_S,15T,long,288,1.3964404115285858,0.8763328307429014,1.0762532668647125,1.1583210944369657,1.3306993853637727,,,,0.0,21600.0,0.0,Climate,1.3953221482634197,0.8756310673131206,1.993030309677124e-05,1.0008014373358567,-0.08014373358566917
top_k_5_mix,Coastal_T_S,15T,long,288,1.4061969666869907,0.8824555335304161,1.0723635541756014,1.1499635923241278,1.3306993853637727,,,,0.0,21600.0,0.0,Climate,1.3953221482634197,0.8756310673131206,1.993030309677124e-05,1.0077937689422514,-0.7793768942251367
top_k_10_mix,Coastal_T_S,15T,long,288,1.4249443002999223,0.894220377771724,1.0791984334644498,1.1646692587921224,1.3306993853637727,,,,0.0,21600.0,0.0,Climate,1.3953221482634197,0.8756310673131206,1.993030309677124e-05,1.0212296150199933,-2.122961501999332
top_k_15_mix,Coastal_T_S,15T,long,288,1.4122278058610356,0.8862401721884744,1.066086648541644,1.136540742198755,1.3306993853637727,,,,0.0,21600.0,0.0,Climate,1.3953221482634197,0.8756310673131206,1.993030309677124e-05,1.0121159530210684,-1.2115953021068382
top_k_20_mix,Coastal_T_S,15T,long,288,1.415455420839053,0.8882656542261491,1.0691471916860296,1.1430757174901236,1.3306993853637727,,,,0.0,21600.0,0.0,Climate,1.3953221482634197,0.8756310673131206,1.993030309677124e-05,1.014429121332798,-1.4429121332798056
vanilla_univariate,Coastal_T_S,20T,short,9,0.5645352327609865,0.4416499260692792,0.48722191787216823,0.23738519725503385,1.391596656960766,3.0299648642539978e-05,0.0,0.0,0.0,3240.0,0.0,Climate,0.5645352327609865,0.4416499260692792,3.0299648642539978e-05,1.0,0.0
top_k_1_mix,Coastal_T_S,20T,short,9,0.55695773099096,0.43572185833796206,0.4805642374498691,0.23094198631577414,1.391596656960766,,,,0.0,3240.0,0.0,Climate,0.5645352327609865,0.4416499260692792,3.0299648642539978e-05,0.9865774510955375,1.3422548904462483
top_k_5_mix,Coastal_T_S,20T,short,9,0.5606216885690485,0.43858826330186423,0.4917728291315823,0.24184051547208046,1.391596656960766,,,,0.0,3240.0,0.0,Climate,0.5645352327609865,0.4416499260692792,3.0299648642539978e-05,0.9930676705990555,0.6932329400944459
top_k_10_mix,Coastal_T_S,20T,short,9,0.5773228358322111,0.4516539853790739,0.5080228950651421,0.25808726191036835,1.391596656960766,,,,0.0,3240.0,0.0,Climate,0.5645352327609865,0.4416499260692792,3.0299648642539978e-05,1.0226515588915221,-2.265155889152215
top_k_15_mix,Coastal_T_S,20T,short,9,0.5907982278899024,0.4621961190859946,0.5163574656075777,0.26662503228868073,1.391596656960766,,,,0.0,3240.0,0.0,Climate,0.5645352327609865,0.4416499260692792,3.0299648642539978e-05,1.0465214456154859,-4.652144561548588
top_k_20_mix,Coastal_T_S,20T,short,9,0.5944614211270368,0.4650619260869951,0.519191375216657,0.2695596840993636,1.391596656960766,,,,0.0,3240.0,0.0,Climate,0.5645352327609865,0.4416499260692792,3.0299648642539978e-05,1.0530103111894178,-5.301031118941779
vanilla_univariate,Coastal_T_S,20T,medium,72,1.2496745099830937,0.9741993954799253,0.79962746015091,0.6394040750273952,0.8089647179022766,1.667998731136322e-05,0.0,0.0,0.0,3240.0,0.0,Climate,1.2496745099830937,0.9741993954799253,1.667998731136322e-05,1.0,0.0
top_k_1_mix,Coastal_T_S,20T,medium,72,1.2062324335859187,0.9403335814408015,0.7535294927948899,0.567806696511724,0.8089647179022766,,,,0.0,3240.0,0.0,Climate,1.2496745099830937,0.9741993954799253,1.667998731136322e-05,0.9652372869494131,3.476271305058687
top_k_5_mix,Coastal_T_S,20T,medium,72,1.2874160395632996,1.0036212769441009,0.8267107421307753,0.6834506511544174,0.8089647179022766,,,,0.0,3240.0,0.0,Climate,1.2496745099830937,0.9741993954799253,1.667998731136322e-05,1.030201087786224,-3.020108778622399
top_k_10_mix,Coastal_T_S,20T,medium,72,1.478233284952167,1.1523752473739644,1.0628335034398306,1.1296150560341844,0.8089647179022766,,,,0.0,3240.0,0.0,Climate,1.2496745099830937,0.9741993954799253,1.667998731136322e-05,1.1828946442799457,-18.289464427994574
top_k_15_mix,Coastal_T_S,20T,medium,72,1.525171446740734,1.188966478509806,1.095726142853914,1.2006157801335158,0.8089647179022766,,,,0.0,3240.0,0.0,Climate,1.2496745099830937,0.9741993954799253,1.667998731136322e-05,1.2204549541155059,-22.045495411550586
top_k_20_mix,Coastal_T_S,20T,medium,72,1.5962464835161183,1.2443739124513284,1.1699536117022185,1.3687914535350652,0.8089647179022766,,,,0.0,3240.0,0.0,Climate,1.2496745099830937,0.9741993954799253,1.667998731136322e-05,1.277329793289705,-27.732979328970497
vanilla_univariate,Coastal_T_S,20T,long,216,1.746738194256302,0.9504582768039541,1.2230793355572167,1.4959230610670826,1.7356310305571765,1.3550743460655212e-05,0.0,0.0,0.0,3240.0,0.0,Climate,1.746738194256302,0.9504582768039541,1.3550743460655212e-05,1.0,0.0
top_k_1_mix,Coastal_T_S,20T,long,216,1.632755007207954,0.8884362382965055,0.9522352129162488,0.9067519007176537,1.7356310305571765,,,,0.0,3240.0,0.0,Climate,1.746738194256302,0.9504582768039541,1.3550743460655212e-05,0.934745122409785,6.525487759021498
top_k_5_mix,Coastal_T_S,20T,long,216,1.773344512894772,0.9649356586167357,1.1240078805097689,1.2633937154480628,1.7356310305571765,,,,0.0,3240.0,0.0,Climate,1.746738194256302,0.9504582768039541,1.3550743460655212e-05,1.0152320014103762,-1.5232001410376173
top_k_10_mix,Coastal_T_S,20T,long,216,2.4039973235685212,1.3080948027091615,1.8044574230984451,3.256066591775081,1.7356310305571765,,,,0.0,3240.0,0.0,Climate,1.746738194256302,0.9504582768039541,1.3550743460655212e-05,1.3762779857184357,-37.62779857184357
top_k_15_mix,Coastal_T_S,20T,long,216,2.3188926749198746,1.261786536267986,1.7259348340296135,2.978851051316829,1.7356310305571765,,,,0.0,3240.0,0.0,Climate,1.746738194256302,0.9504582768039541,1.3550743460655212e-05,1.3275559454444603,-32.75559454444603
top_k_20_mix,Coastal_T_S,20T,long,216,2.134077274641574,1.1612223375500803,1.3666683100121495,1.867782269591465,1.7356310305571765,,,,0.0,3240.0,0.0,Climate,1.746738194256302,0.9504582768039541,1.3550743460655212e-05,1.2217499346261143,-22.174993462611425
vanilla_univariate,Coastal_T_S,H,short,24,0.9437669634863203,0.7832507865803029,1.508582454592123,2.2758210223031945,2.6970812724109106,9.603239595890045e-05,0.0,0.0,0.0,48384.0,0.0,Climate,0.9437669634863203,0.7832507865803029,9.603239595890045e-05,1.0,0.0
top_k_1_mix,Coastal_T_S,H,short,24,0.9427218428243674,0.7823834203636237,1.5065400817166585,2.269663017818836,2.6970812724109106,,,,0.0,48384.0,0.0,Climate,0.9437669634863203,0.7832507865803029,9.603239595890045e-05,0.9988926072829546,0.11073927170454079
top_k_5_mix,Coastal_T_S,H,short,24,0.9681277989935196,0.8034683236535254,1.5176504043456984,2.303262749810662,2.6970812724109106,,,,0.0,48384.0,0.0,Climate,0.9437669634863203,0.7832507865803029,9.603239595890045e-05,1.0258123418700833,-2.58123418700833
top_k_10_mix,Coastal_T_S,H,short,24,1.0063256546114,0.8351694761794256,1.5491452101789744,2.3998508822204587,2.6970812724109106,,,,0.0,48384.0,0.0,Climate,0.9437669634863203,0.7832507865803029,9.603239595890045e-05,1.0662861633702294,-6.628616337022941
top_k_15_mix,Coastal_T_S,H,short,24,1.0362177693486507,0.8599775308013119,1.568346936873976,2.459712114401983,2.6970812724109106,,,,0.0,48384.0,0.0,Climate,0.9437669634863203,0.7832507865803029,9.603239595890045e-05,1.0979593580186497,-9.795935801864974
top_k_20_mix,Coastal_T_S,H,short,24,1.0625754050939642,0.8818522517108589,1.5891231832132247,2.5253124914257317,2.6970812724109106,,,,0.0,48384.0,0.0,Climate,0.9437669634863203,0.7832507865803029,9.603239595890045e-05,1.1258874766804294,-12.588747668042943
vanilla_univariate,Coastal_T_S,H,medium,168,1.6379611443059245,0.797061646757408,1.5057726269213727,2.2673512039856916,3.0797064254343613,2.773292362689972e-05,0.0,0.0,0.0,48384.0,0.0,Climate,1.6379611443059245,0.797061646757408,2.773292362689972e-05,1.0,0.0
top_k_1_mix,Coastal_T_S,H,medium,168,1.6154598896045362,0.7861121274792835,1.5236944941207626,2.3216449114139266,3.0797064254343613,,,,0.0,48384.0,0.0,Climate,1.6379611443059245,0.797061646757408,2.773292362689972e-05,0.9862626443981227,1.3737355601877277
top_k_5_mix,Coastal_T_S,H,medium,168,1.6537367050556884,0.8047383211849057,1.5057546737164795,2.267297137419022,3.0797064254343613,,,,0.0,48384.0,0.0,Climate,1.6379611443059245,0.797061646757408,2.773292362689972e-05,1.0096312179349338,-0.9631217934933822
top_k_10_mix,Coastal_T_S,H,medium,168,1.7011356698820834,0.8278035184824472,1.560104151040279,2.4339249620931103,3.0797064254343613,,,,0.0,48384.0,0.0,Climate,1.6379611443059245,0.797061646757408,2.773292362689972e-05,1.0385690013440023,-3.856900134400232
top_k_15_mix,Coastal_T_S,H,medium,168,1.7350613630799905,0.8443123770605112,1.6260765496227918,2.644124945233164,3.0797064254343613,,,,0.0,48384.0,0.0,Climate,1.6379611443059245,0.797061646757408,2.773292362689972e-05,1.059281149074639,-5.9281149074638995
top_k_20_mix,Coastal_T_S,H,medium,168,1.7677572491394353,0.8602227891452721,1.6902508801576464,2.856948037873698,3.0797064254343613,,,,0.0,48384.0,0.0,Climate,1.6379611443059245,0.797061646757408,2.773292362689972e-05,1.0792424809860255,-7.924248098602549
vanilla_univariate,Coastal_T_S,H,long,336,2.333693521642404,0.8816989359300323,3.155265365007714,9.95569952361726,9.314770885075767,2.1940097212791443e-05,0.0,0.0,0.0,48384.0,0.0,Climate,2.333693521642404,0.8816989359300323,2.1940097212791443e-05,1.0,0.0
top_k_1_mix,Coastal_T_S,H,long,336,2.349843801425752,0.8878007159486564,3.1581182092224207,9.973710623422228,9.314770885075767,,,,0.0,48384.0,0.0,Climate,2.333693521642404,0.8816989359300323,2.1940097212791443e-05,1.0069204801888387,-0.6920480188838729
top_k_5_mix,Coastal_T_S,H,long,336,2.430526910506466,0.918283815277795,3.2402501370157504,10.49922095043059,9.314770885075767,,,,0.0,48384.0,0.0,Climate,2.333693521642404,0.8816989359300323,2.1940097212791443e-05,1.041493618577607,-4.149361857760692
top_k_10_mix,Coastal_T_S,H,long,336,2.5469972493404915,0.9622877827503953,3.346269859711783,11.197521974015517,9.314770885075767,,,,0.0,48384.0,0.0,Climate,2.333693521642404,0.8816989359300323,2.1940097212791443e-05,1.0914017739347233,-9.140177393472326
top_k_15_mix,Coastal_T_S,H,long,336,2.6031672904151844,0.9835095348731198,3.405722938067874,11.598948730881672,9.314770885075767,,,,0.0,48384.0,0.0,Climate,2.333693521642404,0.8816989359300323,2.1940097212791443e-05,1.1154709332111143,-11.547093321111435
top_k_20_mix,Coastal_T_S,H,long,336,2.5767447919236877,0.9735267806731724,3.3869477163909996,11.471414833566207,9.314770885075767,,,,0.0,48384.0,0.0,Climate,2.333693521642404,0.8816989359300323,2.1940097212791443e-05,1.1041487530505845,-10.414875305058446
vanilla_univariate,SG_Weather,D,short,3,0.8538191570818253,0.7987369394624099,0.5720213828226673,0.3272084624063566,0.6515856757834457,0.00013301149010658264,0.0,0.0,0.0,8492.0,0.0,Climate,0.8538191570818253,0.7987369394624099,0.00013301149010658264,1.0,0.0
top_k_1_mix,SG_Weather,D,short,3,0.8723777413417048,0.8160982585070126,0.5582237240450354,0.31161372608670784,0.6515856757834457,,,,0.0,8492.0,0.0,Climate,0.8538191570818253,0.7987369394624099,0.00013301149010658264,1.0217359661070486,-2.1735966107048643
top_k_5_mix,SG_Weather,D,short,3,0.870959519558,0.8147715301036972,0.5588330019485092,0.3122943240667824,0.6515856757834457,,,,0.0,8492.0,0.0,Climate,0.8538191570818253,0.7987369394624099,0.00013301149010658264,1.0200749331213848,-2.0074933121384753
top_k_10_mix,SG_Weather,D,short,3,0.872545178657634,0.8162548939820636,0.5582479526860977,0.31164077667821966,0.6515856757834457,,,,0.0,8492.0,0.0,Climate,0.8538191570818253,0.7987369394624099,0.00013301149010658264,1.0219320700648253,-2.1932070064825337
top_k_15_mix,SG_Weather,D,short,3,0.8742685043210707,0.8178670431762969,0.5553512852517467,0.30841505003076697,0.6515856757834457,,,,0.0,8492.0,0.0,Climate,0.8538191570818253,0.7987369394624099,0.00013301149010658264,1.0239504432169653,-2.3950443216965267
top_k_20_mix,SG_Weather,D,short,3,0.8750318817992618,0.8185811730778428,0.5539879432556846,0.3069026412726636,0.6515856757834457,,,,0.0,8492.0,0.0,Climate,0.8538191570818253,0.7987369394624099,0.00013301149010658264,1.0248445171808245,-2.4844517180824477
vanilla_univariate,SG_Weather,D,medium,7,0.8958595179797237,0.7590073951091556,0.48298316041851735,0.23327273324785927,0.6201815357152103,6.601959466934204e-05,0.0,0.0,0.0,8444.0,0.0,Climate,0.8958595179797237,0.7590073951091556,6.601959466934204e-05,1.0,0.0
top_k_1_mix,SG_Weather,D,medium,7,0.9141135511013246,0.7744729294388094,0.4785864455590944,0.22904498587288805,0.6201815357152103,,,,0.0,8444.0,0.0,Climate,0.8958595179797237,0.7590073951091556,6.601959466934204e-05,1.0203759995347998,-2.037599953479985
top_k_5_mix,SG_Weather,D,medium,7,0.9106910421386286,0.7715732453249744,0.4806434683019694,0.23101814362134626,0.6201815357152103,,,,0.0,8444.0,0.0,Climate,0.8958595179797237,0.7590073951091556,6.601959466934204e-05,1.0165556360804782,-1.6555636080478164
top_k_10_mix,SG_Weather,D,medium,7,0.9093963385815409,0.7704763215834934,0.4782635682906218,0.22873604075407822,0.6201815357152103,,,,0.0,8444.0,0.0,Climate,0.8958595179797237,0.7590073951091556,6.601959466934204e-05,1.015110427840678,-1.5110427840677954
top_k_15_mix,SG_Weather,D,medium,7,0.9142050672232002,0.7745504654942748,0.47760639692790696,0.2281078703864574,0.6201815357152103,,,,0.0,8444.0,0.0,Climate,0.8958595179797237,0.7590073951091556,6.601959466934204e-05,1.0204781540802825,-2.047815408028253
top_k_20_mix,SG_Weather,D,medium,7,0.915150150968641,0.7753511775896318,0.4769443081254326,0.2274758730532476,0.6201815357152103,,,,0.0,8444.0,0.0,Climate,0.8958595179797237,0.7590073951091556,6.601959466934204e-05,1.021533100449075,-2.153310044907508
vanilla_univariate,SG_Weather,D,long,14,0.9064737909955272,0.7631479753017452,0.4047141312484307,0.16379352803217198,0.5518559441190071,4.0339305996894836e-05,0.0,0.0,0.0,8444.0,0.0,Climate,0.9064737909955272,0.7631479753017452,4.0339305996894836e-05,1.0,0.0
top_k_1_mix,SG_Weather,D,long,14,0.9241749772708251,0.7780503636560703,0.3996280781136828,0.15970260081683574,0.5518559441190071,,,,0.0,8444.0,0.0,Climate,0.9064737909955272,0.7631479753017452,4.0339305996894836e-05,1.0195275213151587,-1.952752131515867
top_k_5_mix,SG_Weather,D,long,14,0.9270301880002743,0.7804541267972483,0.40306825662444773,0.16246401949827166,0.5518559441190071,,,,0.0,8444.0,0.0,Climate,0.9064737909955272,0.7631479753017452,4.0339305996894836e-05,1.0226773208546616,-2.2677320854661565
top_k_10_mix,SG_Weather,D,long,14,0.9291222472486295,0.7822154030696049,0.40410075157507025,0.16329741742353662,0.5518559441190071,,,,0.0,8444.0,0.0,Climate,0.9064737909955272,0.7631479753017452,4.0339305996894836e-05,1.0249852301060232,-2.498523010602316
top_k_15_mix,SG_Weather,D,long,14,0.929593745846781,0.7826123513367377,0.4009850681977941,0.1607890249175896,0.5518559441190071,,,,0.0,8444.0,0.0,Climate,0.9064737909955272,0.7631479753017452,4.0339305996894836e-05,1.0255053759754738,-2.5505375975473754
top_k_20_mix,SG_Weather,D,long,14,0.9291633949856344,0.7822500447906293,0.39891009021213325,0.15912926007305228,0.5518559441190071,,,,0.0,8444.0,0.0,Climate,0.9064737909955272,0.7631479753017452,4.0339305996894836e-05,1.0250306232960014,-2.5030623296001364
vanilla_univariate,SG_PM25,H,short,24,0.8773276053246772,0.748568327203673,0.4317145147421827,0.1863774222390783,0.2568254349370439,3.566034138202667e-05,0.0,0.0,0.0,11040.0,0.0,Climate,0.8773276053246772,0.748568327203673,3.566034138202667e-05,1.0,0.0
top_k_1_mix,SG_PM25,H,short,24,0.8874512403942842,0.7572061866797483,0.4352393522551386,0.1894332937514726,0.2568254349370439,,,,0.0,11040.0,0.0,Climate,0.8773276053246772,0.748568327203673,3.566034138202667e-05,1.011539173061653,-1.1539173061652974
top_k_5_mix,SG_PM25,H,short,24,0.8783975497270362,0.7494812432986571,0.42435923601031594,0.18008076118725902,0.2568254349370439,,,,0.0,11040.0,0.0,Climate,0.8773276053246772,0.748568327203673,3.566034138202667e-05,1.001219549454349,-0.12195494543489893
top_k_10_mix,SG_PM25,H,short,24,0.8787789538954041,0.7498066714267256,0.42627395171203053,0.18170948190819056,0.2568254349370439,,,,0.0,11040.0,0.0,Climate,0.8773276053246772,0.748568327203673,3.566034138202667e-05,1.0016542834876256,-0.16542834876256407
top_k_15_mix,SG_PM25,H,short,24,0.8781549064509266,0.7492742110906174,0.42545866677993127,0.1810150771381566,0.2568254349370439,,,,0.0,11040.0,0.0,Climate,0.8773276053246772,0.748568327203673,3.566034138202667e-05,1.0009429785649377,-0.09429785649377465
top_k_20_mix,SG_PM25,H,short,24,0.8782165842385875,0.7493268368578391,0.4258889257602805,0.18138137708524568,0.2568254349370439,,,,0.0,11040.0,0.0,Climate,0.8773276053246772,0.748568327203673,3.566034138202667e-05,1.0010132804536354,-0.10132804536353568
vanilla_univariate,SG_PM25,H,medium,72,0.9303932258723374,0.7849823435855258,0.4265067685624113,0.1819080236295503,0.20283745879242823,2.1480023860931396e-05,0.0,0.0,0.0,10800.0,0.0,Climate,0.9303932258723374,0.7849823435855258,2.1480023860931396e-05,1.0,0.0
top_k_1_mix,SG_PM25,H,medium,72,0.9401024171033555,0.7931740881886732,0.4198677319512913,0.17628891233392138,0.20283745879242823,,,,0.0,10800.0,0.0,Climate,0.9303932258723374,0.7849823435855258,2.1480023860931396e-05,1.0104355781631091,-1.0435578163109138
top_k_5_mix,SG_PM25,H,medium,72,0.9337793626068545,0.7878392620106035,0.4191706210385051,0.17570400954180604,0.20283745879242823,,,,0.0,10800.0,0.0,Climate,0.9303932258723374,0.7849823435855258,2.1480023860931396e-05,1.003639468388586,-0.3639468388586087
top_k_10_mix,SG_PM25,H,medium,72,0.9331001905635344,0.7872662375651995,0.4201425737577083,0.17651978228375137,0.20283745879242823,,,,0.0,10800.0,0.0,Climate,0.9303932258723374,0.7849823435855258,2.1480023860931396e-05,1.0029094845232336,-0.29094845232335853
top_k_15_mix,SG_PM25,H,medium,72,0.9316065302215846,0.7860060209566304,0.4180859889870098,0.1747958941872461,0.20283745879242823,,,,0.0,10800.0,0.0,Climate,0.9303932258723374,0.7849823435855258,2.1480023860931396e-05,1.0013040769381243,-0.13040769381242878
top_k_20_mix,SG_PM25,H,medium,72,0.9323065930232141,0.7865966711499021,0.41573926951675877,0.1728391402183282,0.20283745879242823,,,,0.0,10800.0,0.0,Climate,0.9303932258723374,0.7849823435855258,2.1480023860931396e-05,1.0020565144905076,-0.20565144905075883
vanilla_univariate,SG_PM25,H,long,168,0.9583690716461833,0.7423592968883899,0.3088221541804876,0.09537112291267684,0.12490674689861864,1.7819926142692566e-05,0.0,0.0,0.0,10920.0,0.0,Climate,0.9583690716461833,0.7423592968883899,1.7819926142692566e-05,1.0,0.0
top_k_1_mix,SG_PM25,H,long,168,0.9602654741023349,0.7438282633185647,0.30401006631255695,0.09242212041936528,0.12490674689861864,,,,0.0,10920.0,0.0,Climate,0.9583690716461833,0.7423592968883899,1.7819926142692566e-05,1.001978780943853,-0.19787809438529536
top_k_5_mix,SG_PM25,H,long,168,0.9597390722951568,0.7434205088458684,0.30687827483520963,0.09417427556583445,0.12490674689861864,,,,0.0,10920.0,0.0,Climate,0.9583690716461833,0.7423592968883899,1.7819926142692566e-05,1.0014295125849795,-0.14295125849794754
top_k_10_mix,SG_PM25,H,long,168,0.9589911993819606,0.7428412013260123,0.30762206894033944,0.09463133729913496,0.12490674689861864,,,,0.0,10920.0,0.0,Climate,0.9583690716461833,0.7423592968883899,1.7819926142692566e-05,1.0006491525594714,-0.06491525594713998
top_k_15_mix,SG_PM25,H,long,168,0.9599753951903798,0.7436035661914431,0.3062314962938553,0.09377772932237353,0.12490674689861864,,,,0.0,10920.0,0.0,Climate,0.9583690716461833,0.7423592968883899,1.7819926142692566e-05,1.0016761011928705,-0.16761011928705383
top_k_20_mix,SG_PM25,H,long,168,0.9589695461716776,0.7428244285998918,0.30424845574477893,0.09256712282308271,0.12490674689861864,,,,0.0,10920.0,0.0,Climate,0.9583690716461833,0.7423592968883899,1.7819926142692566e-05,1.000626558747835,-0.06265587478349044
vanilla_univariate,NE_China_Wind,H,short,24,0.510068111026166,0.6129095172780149,0.3842149979946972,0.14762116468406516,0.39953287968674783,1.8538907170295715e-05,0.0,0.0,0.0,2880.0,0.0,Climate,0.510068111026166,0.6129095172780149,1.8538907170295715e-05,1.0,0.0
top_k_1_mix,NE_China_Wind,H,short,24,0.5219478631124291,0.6271844993033087,0.4221003281610012,0.17816868703362487,0.39953287968674783,,,,0.0,2880.0,0.0,Climate,0.510068111026166,0.6129095172780149,1.8538907170295715e-05,1.023290521068575,-2.3290521068574987
top_k_5_mix,NE_China_Wind,H,short,24,0.5437800573105285,0.6534185635739733,0.4037923139263473,0.16304823278599379,0.39953287968674783,,,,0.0,2880.0,0.0,Climate,0.510068111026166,0.6129095172780149,1.8538907170295715e-05,1.0660930286673678,-6.609302866736777
top_k_10_mix,NE_China_Wind,H,short,24,0.5557902445947689,0.6678502795187184,0.41105671119158094,0.16896761981563876,0.39953287968674783,,,,0.0,2880.0,0.0,Climate,0.510068111026166,0.6129095172780149,1.8538907170295715e-05,1.0896392708742724,-8.963927087427237
top_k_15_mix,NE_China_Wind,H,short,24,0.5947194381749985,0.7146284895841912,0.4339398591255036,0.18830380133786193,0.39953287968674783,,,,0.0,2880.0,0.0,Climate,0.510068111026166,0.6129095172780149,1.8538907170295715e-05,1.165960830169385,-16.59608301693849
top_k_20_mix,NE_China_Wind,H,short,24,0.6085077324304984,0.7311968195651105,0.438079002228914,0.19191321219388086,0.39953287968674783,,,,0.0,2880.0,0.0,Climate,0.510068111026166,0.6129095172780149,1.8538907170295715e-05,1.1929930910722677,-19.29930910722677
vanilla_univariate,NE_China_Wind,H,medium,72,0.889811358229547,0.8144746821247477,0.6279708242360341,0.39434735609168403,0.5857512612541707,1.5700235962867737e-05,0.0,0.0,0.0,2880.0,0.0,Climate,0.889811358229547,0.8144746821247477,1.5700235962867737e-05,1.0,0.0
top_k_1_mix,NE_China_Wind,H,medium,72,0.9029763347269892,0.826525034088414,0.6265653465634498,0.39258413351417587,0.5857512612541707,,,,0.0,2880.0,0.0,Climate,0.889811358229547,0.8144746821247477,1.5700235962867737e-05,1.014795244380378,-1.4795244380378048
top_k_5_mix,NE_China_Wind,H,medium,72,0.9083395738278618,0.8314341897442079,0.6541134947759536,0.4278644640480115,0.5857512612541707,,,,0.0,2880.0,0.0,Climate,0.889811358229547,0.8144746821247477,1.5700235962867737e-05,1.0208226332772152,-2.082263327721523
top_k_10_mix,NE_China_Wind,H,medium,72,0.907439615314298,0.8306104270247493,0.6452186979791731,0.4163071682219394,0.5857512612541707,,,,0.0,2880.0,0.0,Climate,0.889811358229547,0.8144746821247477,1.5700235962867737e-05,1.0198112295619892,-1.9811229561989219
top_k_15_mix,NE_China_Wind,H,medium,72,0.9253179172755654,0.8469750465277036,0.656643571618564,0.4311807801479842,0.5857512612541707,,,,0.0,2880.0,0.0,Climate,0.889811358229547,0.8144746821247477,1.5700235962867737e-05,1.039903467985243,-3.9903467985243024
top_k_20_mix,NE_China_Wind,H,medium,72,0.9420963255011007,0.8623328957838003,0.6629778249269052,0.43953959634481005,0.5857512612541707,,,,0.0,2880.0,0.0,Climate,0.889811358229547,0.8144746821247477,1.5700235962867737e-05,1.0587596087507636,-5.875960875076358
vanilla_univariate,NE_China_Wind,H,long,168,1.184444580234607,0.8898425652416986,0.5939409804717056,0.352765888283691,0.6787319478156216,1.3850629329681396e-05,0.0,0.0,0.0,2688.0,0.0,Climate,1.184444580234607,0.8898425652416986,1.3850629329681396e-05,1.0,0.0
top_k_1_mix,NE_China_Wind,H,long,168,1.1377026346059929,0.854726550953959,0.5966634719268001,0.3560072987317434,0.6787319478156216,,,,0.0,2688.0,0.0,Climate,1.184444580234607,0.8898425652416986,1.3850629329681396e-05,0.9605368234119017,3.946317658809828
top_k_5_mix,NE_China_Wind,H,long,168,1.1951476028794552,0.8978834692105826,0.6157975690779136,0.37920664608226773,0.6787319478156216,,,,0.0,2688.0,0.0,Climate,1.184444580234607,0.8898425652416986,1.3850629329681396e-05,1.0090363220225367,-0.903632202253668
top_k_10_mix,NE_China_Wind,H,long,168,1.1992786581948427,0.900987024176634,0.6064795900204245,0.36781749311134215,0.6787319478156216,,,,0.0,2688.0,0.0,Climate,1.184444580234607,0.8898425652416986,1.3850629329681396e-05,1.0125240793936492,-1.252407939364919
top_k_15_mix,NE_China_Wind,H,long,168,1.2036003292022814,0.9042337837798804,0.6091305051994883,0.37103997236458386,0.6787319478156216,,,,0.0,2688.0,0.0,Climate,1.184444580234607,0.8898425652416986,1.3850629329681396e-05,1.0161727693193379,-1.6172769319337865
top_k_20_mix,NE_China_Wind,H,long,168,1.2021497098682976,0.9031439710095053,0.6109277908891456,0.37323276568069164,0.6787319478156216,,,,0.0,2688.0,0.0,Climate,1.184444580234607,0.8898425652416986,1.3850629329681396e-05,1.0149480439432494,-1.4948043943249445
vanilla_univariate,Australia_Solar,H,short,24,1.0643945028329198,0.8615308928590987,0.8157588596668807,0.6654625171250095,0.9323109223171446,2.72504985332489e-05,0.0,0.0,0.0,6271.0,0.0,Climate,1.0643945028329198,0.8615308928590987,2.72504985332489e-05,1.0,0.0
top_k_1_mix,Australia_Solar,H,short,24,1.0761732872187566,0.871064751406579,0.829018307684912,0.6872713544767555,0.9323109223171446,,,,0.0,6271.0,0.0,Climate,1.0643945028329198,0.8615308928590987,2.72504985332489e-05,1.0110661830312795,-1.1066183031279486
top_k_5_mix,Australia_Solar,H,short,24,1.0703563233207471,0.8663564462739962,0.8086397146207075,0.6538981880618593,0.9323109223171446,,,,0.0,6271.0,0.0,Climate,1.0643945028329198,0.8615308928590987,2.72504985332489e-05,1.0056011379915621,-0.5601137991562144
top_k_10_mix,Australia_Solar,H,short,24,1.065523780210171,0.8624449405590062,0.7940318058446658,0.6304865086929411,0.9323109223171446,,,,0.0,6271.0,0.0,Climate,1.0643945028329198,0.8615308928590987,2.72504985332489e-05,1.001060957543698,-0.1060957543697949
top_k_15_mix,Australia_Solar,H,short,24,1.0663521043506843,0.863115393886653,0.7915274603033219,0.6265157204142268,0.9323109223171446,,,,0.0,6271.0,0.0,Climate,1.0643945028329198,0.8615308928590987,2.72504985332489e-05,1.0018391691356487,-0.18391691356487438
top_k_20_mix,Australia_Solar,H,short,24,1.0692936006023546,0.8654962685391416,0.7903130955335613,0.6245947889718401,0.9323109223171446,,,,0.0,6271.0,0.0,Climate,1.0643945028329198,0.8615308928590987,2.72504985332489e-05,1.0046027086351872,-0.46027086351871915
vanilla_univariate,Australia_Solar,H,medium,72,1.1419134558402046,0.8402633432449201,0.5905637853973333,0.3487655846228276,0.6875907422688505,1.8669292330741882e-05,0.0,0.0,0.0,6271.0,0.0,Climate,1.1419134558402046,0.8402633432449201,1.8669292330741882e-05,1.0,0.0
top_k_1_mix,Australia_Solar,H,medium,72,1.1460413192483978,0.843300782106935,0.6035570150507842,0.36428107041701246,0.6875907422688505,,,,0.0,6271.0,0.0,Climate,1.1419134558402046,0.8402633432449201,1.8669292330741882e-05,1.0036148653709978,-0.3614865370997755
top_k_5_mix,Australia_Solar,H,medium,72,1.1344167414149453,0.8347469757005112,0.5862408098379555,0.3436782871194619,0.6875907422688505,,,,0.0,6271.0,0.0,Climate,1.1419134558402046,0.8402633432449201,1.8669292330741882e-05,0.9934349539477636,0.6565046052236401
top_k_10_mix,Australia_Solar,H,medium,72,1.1374600886677677,0.8369863863355581,0.5851989515509559,0.3424578128963381,0.6875907422688505,,,,0.0,6271.0,0.0,Climate,1.1419134558402046,0.8402633432449201,1.8669292330741882e-05,0.9961000834610884,0.3899916538911641
top_k_15_mix,Australia_Solar,H,medium,72,1.13769346616029,0.837158114368976,0.5810757198110804,0.3376489921539652,0.6875907422688505,,,,0.0,6271.0,0.0,Climate,1.1419134558402046,0.8402633432449201,1.8669292330741882e-05,0.9963044575240515,0.3695542475948499
top_k_20_mix,Australia_Solar,H,medium,72,1.1387091277878794,0.8379054768161379,0.5799368078011549,0.33632670104259366,0.6875907422688505,,,,0.0,6271.0,0.0,Climate,1.1419134558402046,0.8402633432449201,1.8669292330741882e-05,0.997193895880693,0.280610411930704
vanilla_univariate,Australia_Solar,H,long,168,1.111845003542755,0.8711578297339584,0.49642875543185283,0.24644150921961835,0.42093784470046247,1.6011297702789307e-05,0.0,0.0,0.0,6271.0,0.0,Climate,1.111845003542755,0.8711578297339584,1.6011297702789307e-05,1.0,0.0
top_k_1_mix,Australia_Solar,H,long,168,1.105820213023335,0.8664372585960968,0.4979473474696245,0.24795156085203496,0.42093784470046247,,,,0.0,6271.0,0.0,Climate,1.111845003542755,0.8711578297339584,1.6011297702789307e-05,0.9945812676225348,0.5418732377465152
top_k_5_mix,Australia_Solar,H,long,168,1.111982896832686,0.8712658725086333,0.494304505135441,0.2443369437971932,0.42093784470046247,,,,0.0,6271.0,0.0,Climate,1.111845003542755,0.8711578297339584,1.6011297702789307e-05,1.0001240220439824,-0.012402204398243022
top_k_10_mix,Australia_Solar,H,long,168,1.112127560222297,0.8713792198224531,0.49188456623618165,0.24195042650135656,0.42093784470046247,,,,0.0,6271.0,0.0,Climate,1.111845003542755,0.8711578297339584,1.6011297702789307e-05,1.0002541331558281,-0.02541331558281179
top_k_15_mix,Australia_Solar,H,long,168,1.111735487897895,0.8710720215401956,0.49438813567196777,0.24441962869320402,0.42093784470046247,,,,0.0,6271.0,0.0,Climate,1.111845003542755,0.8711578297339584,1.6011297702789307e-05,0.9999015009785437,0.009849902145631084
top_k_20_mix,Australia_Solar,H,long,168,1.1153583538359222,0.8739106258581828,0.49515629573687353,0.24517975720786217,0.42093784470046247,,,,0.0,6271.0,0.0,Climate,1.111845003542755,0.8711578297339584,1.6011297702789307e-05,1.003159928121251,-0.3159928121251099
vanilla_univariate,epf_electricity_price,H,short,24,0.9572336223044459,0.6699718981086645,0.8398324239936795,0.7053185003910996,1.4925386582068707,3.800913691520691e-05,0.0,0.0,0.0,12600.0,0.0,Finance,0.9572336223044459,0.6699718981086645,3.800913691520691e-05,1.0,0.0
top_k_1_mix,epf_electricity_price,H,short,24,0.9532660013949005,0.6671949432986732,0.8459381337947456,0.7156113262081368,1.4925386582068707,,,,0.0,12600.0,0.0,Finance,0.9572336223044459,0.6699718981086645,3.800913691520691e-05,0.9958551174790604,0.41448825209395856
top_k_5_mix,epf_electricity_price,H,short,24,0.9331187404441255,0.6530937893626195,0.8118331950947659,0.6590731366577762,1.4925386582068707,,,,0.0,12600.0,0.0,Finance,0.9572336223044459,0.6699718981086645,3.800913691520691e-05,0.9748077362741749,2.519226372582506
top_k_10_mix,epf_electricity_price,H,short,24,0.9362723667038385,0.6553010258427369,0.8354839045117011,0.6980333546981172,1.4925386582068707,,,,0.0,12600.0,0.0,Finance,0.9572336223044459,0.6699718981086645,3.800913691520691e-05,0.9781022572628141,2.189774273718592
top_k_15_mix,epf_electricity_price,H,short,24,0.9414406351669875,0.6589183190003416,0.8372038988861307,0.7009103683101384,1.4925386582068707,,,,0.0,12600.0,0.0,Finance,0.9572336223044459,0.6699718981086645,3.800913691520691e-05,0.9835014287322689,1.6498571267731132
top_k_20_mix,epf_electricity_price,H,short,24,0.9447800823783504,0.6612556123576773,0.8426312057059424,0.7100273488294503,1.4925386582068707,,,,0.0,12600.0,0.0,Finance,0.9572336223044459,0.6699718981086645,3.800913691520691e-05,0.9869900726051445,1.3009927394855514
vanilla_univariate,epf_electricity_price,H,medium,72,1.1992278750561916,0.6435272463108824,0.8801189845570391,0.7746094269777135,2.1638735496972785,2.230145037174225e-05,0.0,0.0,0.0,12600.0,0.0,Finance,1.1992278750561916,0.6435272463108824,2.230145037174225e-05,1.0,0.0
top_k_1_mix,epf_electricity_price,H,medium,72,1.2130668519254975,0.6509534901980562,0.9079631948912275,0.824397163277085,2.1638735496972785,,,,0.0,12600.0,0.0,Finance,1.1992278750561916,0.6435272463108824,2.230145037174225e-05,1.0115399059321044,-1.153990593210441
top_k_5_mix,epf_electricity_price,H,medium,72,1.1800155195589423,0.6332175508097574,0.876324759502206,0.7679450841165992,2.1638735496972785,,,,0.0,12600.0,0.0,Finance,1.1992278750561916,0.6435272463108824,2.230145037174225e-05,0.9839793954953315,1.6020604504668468
top_k_10_mix,epf_electricity_price,H,medium,72,1.1779689056747173,0.6321193009903765,0.8908783874886887,0.7936643012944462,2.1638735496972785,,,,0.0,12600.0,0.0,Finance,1.1992278750561916,0.6435272463108824,2.230145037174225e-05,0.9822727858285665,1.7727214171433525
top_k_15_mix,epf_electricity_price,H,medium,72,1.1818363906002447,0.6341946629595576,0.8944426947402956,0.8000277341742815,2.1638735496972785,,,,0.0,12600.0,0.0,Finance,1.1992278750561916,0.6435272463108824,2.230145037174225e-05,0.9854977650055609,1.4502234994439145
top_k_20_mix,epf_electricity_price,H,medium,72,1.182489846337968,0.6345453190610625,0.8969765286698919,0.8045668929846894,2.1638735496972785,,,,0.0,12600.0,0.0,Finance,1.1992278750561916,0.6435272463108824,2.230145037174225e-05,0.9860426620608371,1.3957337939162873
vanilla_univariate,epf_electricity_price,H,long,168,1.406930503128837,0.7050545793716021,0.8288598021531841,0.6870085716254155,2.061898174629208,1.7948448657989502e-05,0.0,0.0,0.0,12600.0,0.0,Finance,1.406930503128837,0.7050545793716021,1.7948448657989502e-05,1.0,0.0
top_k_1_mix,epf_electricity_price,H,long,168,1.4250618664660142,0.7141407429899883,0.8823743092904085,0.7785844216957254,2.061898174629208,,,,0.0,12600.0,0.0,Finance,1.406930503128837,0.7050545793716021,1.7948448657989502e-05,1.0128871776515296,-1.288717765152958
top_k_5_mix,epf_electricity_price,H,long,168,1.3782364485223104,0.6906751380587017,0.8349402879953386,0.697125284517739,2.061898174629208,,,,0.0,12600.0,0.0,Finance,1.406930503128837,0.7050545793716021,1.7948448657989502e-05,0.97960520825818,2.0394791741820018
top_k_10_mix,epf_electricity_price,H,long,168,1.3694649413189448,0.6862794757939555,0.833759897078396,0.6951555659761776,2.061898174629208,,,,0.0,12600.0,0.0,Finance,1.406930503128837,0.7050545793716021,1.7948448657989502e-05,0.9733707089820189,2.662929101798106
top_k_15_mix,epf_electricity_price,H,long,168,1.3716180541101768,0.6873584644362415,0.8195119779321063,0.6715998819741931,2.061898174629208,,,,0.0,12600.0,0.0,Finance,1.406930503128837,0.7050545793716021,1.7948448657989502e-05,0.9749010708488232,2.509892915117684
top_k_20_mix,epf_electricity_price,H,long,168,1.3676782224945496,0.6853840980291066,0.81107557733315,0.6578435921463026,2.061898174629208,,,,0.0,12600.0,0.0,Finance,1.406930503128837,0.7050545793716021,1.7948448657989502e-05,0.9721007679149786,2.789923208502143
vanilla_univariate,OpenElectricity_NEM,5T,short,24,0.4241598137214453,0.4151639014877761,0.42680526203633284,0.18216273170190275,0.8538266760641295,8.767098188400269e-05,0.0,0.0,0.0,40320.0,0.0,Energy,0.4241598137214453,0.4151639014877761,8.767098188400269e-05,1.0,0.0
top_k_1_mix,OpenElectricity_NEM,5T,short,24,0.41560822923783913,0.40679368567933594,0.41821694131791426,0.17490541000531173,0.8538266760641295,,,,0.0,40320.0,0.0,Energy,0.4241598137214453,0.4151639014877761,8.767098188400269e-05,0.9798387678253222,2.01612321746778
top_k_5_mix,OpenElectricity_NEM,5T,short,24,0.4197674928936872,0.41086473642676064,0.4145011124185146,0.1718111721961861,0.8538266760641295,,,,0.0,40320.0,0.0,Energy,0.4241598137214453,0.4151639014877761,8.767098188400269e-05,0.9896446558922656,1.035534410773442
top_k_10_mix,OpenElectricity_NEM,5T,short,24,0.42603358748808673,0.4169979347985677,0.4135846365421426,0.1710522515836962,0.8538266760641295,,,,0.0,40320.0,0.0,Energy,0.4241598137214453,0.4151639014877761,8.767098188400269e-05,1.0044176126686815,-0.4417612668681459
top_k_15_mix,OpenElectricity_NEM,5T,short,24,0.43045922000181647,0.42132970504533096,0.4139196954592283,0.17132951428906032,0.8538266760641295,,,,0.0,40320.0,0.0,Energy,0.4241598137214453,0.4151639014877761,8.767098188400269e-05,1.014851492471911,-1.4851492471910976
top_k_20_mix,OpenElectricity_NEM,5T,short,24,0.43379108152442886,0.42459090184945153,0.41324366543647434,0.17077032702337272,0.8538266760641295,,,,0.0,40320.0,0.0,Energy,0.4241598137214453,0.4151639014877761,8.767098188400269e-05,1.022706695663792,-2.270669566379202
vanilla_univariate,OpenElectricity_NEM,5T,medium,96,0.6449028965535343,0.630973897474497,0.428831663374471,0.18389659551251558,0.5621339027558641,3.477931022644043e-05,0.0,0.0,0.0,40320.0,0.0,Energy,0.6449028965535343,0.630973897474497,3.477931022644043e-05,1.0,0.0
top_k_1_mix,OpenElectricity_NEM,5T,medium,96,0.6188560115873126,0.6054895887327661,0.4197593114351051,0.17619787953647356,0.5621339027558641,,,,0.0,40320.0,0.0,Energy,0.6449028965535343,0.630973897474497,3.477931022644043e-05,0.9596111521510906,4.038884784890939
top_k_5_mix,OpenElectricity_NEM,5T,medium,96,0.6070233812705418,0.5939125266537342,0.41427535134907184,0.17162406673539693,0.5621339027558641,,,,0.0,40320.0,0.0,Energy,0.6449028965535343,0.630973897474497,3.477931022644043e-05,0.9412632266261685,5.873677337383154
top_k_10_mix,OpenElectricity_NEM,5T,medium,96,0.6106056262491636,0.5974174001594182,0.4088370533098429,0.16714773615907533,0.5621339027558641,,,,0.0,40320.0,0.0,Energy,0.6449028965535343,0.630973897474497,3.477931022644043e-05,0.9468179310596047,5.318206894039534
top_k_15_mix,OpenElectricity_NEM,5T,medium,96,0.617874800729807,0.6045295706551403,0.4127835063477784,0.17039022311276641,0.5621339027558641,,,,0.0,40320.0,0.0,Energy,0.6449028965535343,0.630973897474497,3.477931022644043e-05,0.9580896659509985,4.191033404900146
top_k_20_mix,OpenElectricity_NEM,5T,medium,96,0.6226136242087307,0.609166042185846,0.41323855751831845,0.17076610541982057,0.5621339027558641,,,,0.0,40320.0,0.0,Energy,0.6449028965535343,0.630973897474497,3.477931022644043e-05,0.9654377853411403,3.456221465885967
vanilla_univariate,OpenElectricity_NEM,5T,long,288,0.7907008535945231,0.773320825858397,0.4049384846169692,0.1639751763238874,0.21617743752963614,2.1949410438537598e-05,0.0,0.0,0.0,40320.0,0.0,Energy,0.7907008535945231,0.773320825858397,2.1949410438537598e-05,1.0,0.0
top_k_1_mix,OpenElectricity_NEM,5T,long,288,0.7545992114845171,0.7380127171540263,0.38440811557885335,0.14776959932288505,0.21617743752963614,,,,0.0,40320.0,0.0,Energy,0.7907008535945231,0.773320825858397,2.1949410438537598e-05,0.9543422244381196,4.565777556188044
top_k_5_mix,OpenElectricity_NEM,5T,long,288,0.7415703523167347,0.7252702392803537,0.3610756541102185,0.13037562799112215,0.21617743752963614,,,,0.0,40320.0,0.0,Energy,0.7907008535945231,0.773320825858397,2.1949410438537598e-05,0.9378646158601684,6.213538413983155
top_k_10_mix,OpenElectricity_NEM,5T,long,288,0.7448911564861539,0.7285180503977123,0.37274735425436833,0.13894059010363158,0.21617743752963614,,,,0.0,40320.0,0.0,Energy,0.7907008535945231,0.773320825858397,2.1949410438537598e-05,0.9420644395410496,5.793556045895043
top_k_15_mix,OpenElectricity_NEM,5T,long,288,0.7520886138889489,0.7355573038366169,0.37584098454490666,0.14125644566368475,0.21617743752963614,,,,0.0,40320.0,0.0,Energy,0.7907008535945231,0.773320825858397,2.1949410438537598e-05,0.9511670696571994,4.883293034280056
top_k_20_mix,OpenElectricity_NEM,5T,long,288,0.7595658845710832,0.7428702201092988,0.37876618686840163,0.14346382431482893,0.21617743752963614,,,,0.0,40320.0,0.0,Energy,0.7907008535945231,0.773320825858397,2.1949410438537598e-05,0.9606235798508368,3.9376420149163205
vanilla_univariate,EWELD_Load,15T,short,24,0.5592457058390135,0.6139433431511792,0.48391903234026534,0.23417762986113877,0.6284262662910528,4.668906331062317e-05,0.0,0.0,0.0,13440.0,0.0,Energy,0.5592457058390135,0.6139433431511792,4.668906331062317e-05,1.0,0.0
top_k_1_mix,EWELD_Load,15T,short,24,0.5536595727084731,0.6078108521661902,0.476545716096883,0.22709581953029104,0.6284262662910528,,,,0.0,13440.0,0.0,Energy,0.5592457058390135,0.6139433431511792,4.668906331062317e-05,0.990011307959603,0.9988692040396985
top_k_5_mix,EWELD_Load,15T,short,24,0.5525671480162822,0.6066115816833559,0.47461775477841284,0.22526201315090164,0.6284262662910528,,,,0.0,13440.0,0.0,Energy,0.5592457058390135,0.6139433431511792,4.668906331062317e-05,0.9880579184551597,1.1942081544840333
top_k_10_mix,EWELD_Load,15T,short,24,0.5591568776585545,0.6138458270334735,0.47656703631412806,0.22711614010123146,0.6284262662910528,,,,0.0,13440.0,0.0,Energy,0.5592457058390135,0.6139433431511792,4.668906331062317e-05,0.9998411643048278,0.01588356951721659
top_k_15_mix,EWELD_Load,15T,short,24,0.5659708938255954,0.6213262954969784,0.4773603691245752,0.22787292201075066,0.6284262662910528,,,,0.0,13440.0,0.0,Energy,0.5592457058390135,0.6139433431511792,4.668906331062317e-05,1.012025462004205,-1.2025462004205068
top_k_20_mix,EWELD_Load,15T,short,24,0.5696915591721303,0.6254108645830679,0.4767101797270825,0.2272525954554273,0.6284262662910528,,,,0.0,13440.0,0.0,Energy,0.5592457058390135,0.6139433431511792,4.668906331062317e-05,1.0186784685587267,-1.867846855872668
vanilla_univariate,EWELD_Load,15T,medium,96,0.6499942144093132,0.7136923457696206,0.3601716829422542,0.1297236411934557,0.24043824963022473,2.0930543541908264e-05,0.0,0.0,0.0,13440.0,0.0,Energy,0.6499942144093132,0.7136923457696206,2.0930543541908264e-05,1.0,0.0
top_k_1_mix,EWELD_Load,15T,medium,96,0.6466583271385646,0.71002954822665,0.3560717003908319,0.12678705581921837,0.24043824963022473,,,,0.0,13440.0,0.0,Energy,0.6499942144093132,0.7136923457696206,2.0930543541908264e-05,0.9948678200562446,0.5132179943755366
top_k_5_mix,EWELD_Load,15T,medium,96,0.6387282953290241,0.7013223891801316,0.3554641928098063,0.12635479236992714,0.24043824963022473,,,,0.0,13440.0,0.0,Energy,0.6499942144093132,0.7136923457696206,2.0930543541908264e-05,0.982667662526001,1.7332337473998982
top_k_10_mix,EWELD_Load,15T,medium,96,0.6370805075721662,0.6995131215228939,0.35343537951197335,0.12491656749077261,0.24043824963022473,,,,0.0,13440.0,0.0,Energy,0.6499942144093132,0.7136923457696206,2.0930543541908264e-05,0.9801325818740058,1.986741812599424
top_k_15_mix,EWELD_Load,15T,medium,96,0.6425735919760868,0.7055445171981727,0.3517676235443907,0.12374046097406816,0.24043824963022473,,,,0.0,13440.0,0.0,Energy,0.6499942144093132,0.7136923457696206,2.0930543541908264e-05,0.9885835561783116,1.1416443821688382
top_k_20_mix,EWELD_Load,15T,medium,96,0.646591777155308,0.7099564764783045,0.35283420904873575,0.12449197907504694,0.24043824963022473,,,,0.0,13440.0,0.0,Energy,0.6499942144093132,0.7136923457696206,2.0930543541908264e-05,0.9947654345552951,0.5234565444704908
vanilla_univariate,EWELD_Load,15T,long,672,0.7579333755376296,0.778894642098182,0.32588797812403386,0.10620297428577079,0.237943187485963,1.4640390872955322e-05,0.0,0.0,0.0,13440.0,0.0,Energy,0.7579333755376296,0.778894642098182,1.4640390872955322e-05,1.0,0.0
top_k_1_mix,EWELD_Load,15T,long,672,0.7489540624884041,0.7696669988125133,0.3398581725089807,0.1155035774211441,0.237943187485963,,,,0.0,13440.0,0.0,Energy,0.7579333755376296,0.778894642098182,1.4640390872955322e-05,0.9881528992665666,1.1847100733433424
top_k_5_mix,EWELD_Load,15T,long,672,0.7516054847904239,0.7723917483639074,0.3464725014942237,0.12004319429166485,0.237943187485963,,,,0.0,13440.0,0.0,Energy,0.7579333755376296,0.778894642098182,1.4640390872955322e-05,0.9916511253476374,0.8348874652362559
top_k_10_mix,EWELD_Load,15T,long,672,0.7496546255552404,0.7703869365231645,0.3386821246035171,0.1147055815259523,0.237943187485963,,,,0.0,13440.0,0.0,Energy,0.7579333755376296,0.778894642098182,1.4640390872955322e-05,0.9890772061904296,1.0922793809570397
top_k_15_mix,EWELD_Load,15T,long,672,0.7528292551231267,0.7736493630647046,0.33473473223386163,0.11204734096367504,0.237943187485963,,,,0.0,13440.0,0.0,Energy,0.7579333755376296,0.778894642098182,1.4640390872955322e-05,0.9932657399987401,0.6734260001259873
top_k_20_mix,EWELD_Load,15T,long,672,0.7561028187422423,0.7770134597594676,0.33889538539784114,0.1148500822439513,0.237943187485963,,,,0.0,13440.0,0.0,Energy,0.7579333755376296,0.778894642098182,1.4640390872955322e-05,0.997584805136614,0.24151948633860387
vanilla_univariate,SG_Carpark,15T,short,16,0.40559594179022385,0.4305381407166755,0.4789251489973232,0.22936929834210823,1.3572945477146132,0.0006302371621131897,0.0,0.0,0.0,235056.0,0.0,Transport,0.40559594179022385,0.4305381407166755,0.0006302371621131897,1.0,0.0
top_k_1_mix,SG_Carpark,15T,short,16,0.3978342036914287,0.42229909306980973,0.46396855214659305,0.21526681738100584,1.3572945477146132,,,,0.0,235056.0,0.0,Transport,0.40559594179022385,0.4305381407166755,0.0006302371621131897,0.9808633733746538,1.913662662534621
top_k_5_mix,SG_Carpark,15T,short,16,0.40146365872225204,0.42615174212218526,0.4640755945097124,0.21536615741954304,1.3572945477146132,,,,0.0,235056.0,0.0,Transport,0.40559594179022385,0.4305381407166755,0.0006302371621131897,0.9898118234375505,1.0188176562449525
top_k_10_mix,SG_Carpark,15T,short,16,0.4113257950230184,0.4366203523545392,0.4715034835194584,0.2223155349709842,1.3572945477146132,,,,0.0,235056.0,0.0,Transport,0.40559594179022385,0.4305381407166755,0.0006302371621131897,1.0141269984297774,-1.4126998429777382
top_k_15_mix,SG_Carpark,15T,short,16,0.4196367066843066,0.44544234509568503,0.4752533014997911,0.22586570058645133,1.3572945477146132,,,,0.0,235056.0,0.0,Transport,0.40559594179022385,0.4305381407166755,0.0006302371621131897,1.0346176168136927,-3.4617616813692687
top_k_20_mix,SG_Carpark,15T,short,16,0.42458521555206363,0.4506951634494397,0.4756677645338572,0.22625982221663699,1.3572945477146132,,,,0.0,235056.0,0.0,Transport,0.40559594179022385,0.4305381407166755,0.0006302371621131897,1.0468182045363292,-4.681820453632923
vanilla_univariate,SG_Carpark,15T,medium,96,0.6267502229170061,0.661656463187085,0.5924049275067159,0.35094359813423737,0.6915537435383057,0.00011749193072319031,0.0,0.0,0.0,235056.0,0.0,Transport,0.6267502229170061,0.661656463187085,0.00011749193072319031,1.0,0.0
top_k_1_mix,SG_Carpark,15T,medium,96,0.6267502229170061,0.661656463187085,0.5924049275067159,0.35094359813423737,0.6915537435383057,,,,0.0,235056.0,0.0,Transport,0.6267502229170061,0.661656463187085,0.00011749193072319031,1.0,0.0
top_k_5_mix,SG_Carpark,15T,medium,96,0.6267502229170061,0.661656463187085,0.5924049275067159,0.35094359813423737,0.6915537435383057,,,,0.0,235056.0,0.0,Transport,0.6267502229170061,0.661656463187085,0.00011749193072319031,1.0,0.0
top_k_10_mix,SG_Carpark,15T,medium,96,0.6267502229170061,0.661656463187085,0.5924049275067159,0.35094359813423737,0.6915537435383057,,,,0.0,235056.0,0.0,Transport,0.6267502229170061,0.661656463187085,0.00011749193072319031,1.0,0.0
top_k_15_mix,SG_Carpark,15T,medium,96,0.6267502229170061,0.661656463187085,0.5924049275067159,0.35094359813423737,0.6915537435383057,,,,0.0,235056.0,0.0,Transport,0.6267502229170061,0.661656463187085,0.00011749193072319031,1.0,0.0
top_k_20_mix,SG_Carpark,15T,medium,96,0.6267502229170061,0.661656463187085,0.5924049275067159,0.35094359813423737,0.6915537435383057,,,,0.0,235056.0,0.0,Transport,0.6267502229170061,0.661656463187085,0.00011749193072319031,1.0,0.0
vanilla_univariate,SG_Carpark,15T,long,672,0.8407709166409469,0.642844303116898,0.8385551376165519,0.7031747188231142,0.6407367954972765,3.194063901901245e-05,0.0,0.0,0.0,235056.0,0.0,Transport,0.8407709166409469,0.642844303116898,3.194063901901245e-05,1.0,0.0
top_k_1_mix,SG_Carpark,15T,long,672,0.8407709166409469,0.642844303116898,0.8385551376165519,0.7031747188231142,0.6407367954972765,,,,0.0,235056.0,0.0,Transport,0.8407709166409469,0.642844303116898,3.194063901901245e-05,1.0,0.0
top_k_5_mix,SG_Carpark,15T,long,672,0.8407709166409469,0.642844303116898,0.8385551376165519,0.7031747188231142,0.6407367954972765,,,,0.0,235056.0,0.0,Transport,0.8407709166409469,0.642844303116898,3.194063901901245e-05,1.0,0.0
top_k_10_mix,SG_Carpark,15T,long,672,0.8407709166409469,0.642844303116898,0.8385551376165519,0.7031747188231142,0.6407367954972765,,,,0.0,235056.0,0.0,Transport,0.8407709166409469,0.642844303116898,3.194063901901245e-05,1.0,0.0
top_k_15_mix,SG_Carpark,15T,long,672,0.8407709166409469,0.642844303116898,0.8385551376165519,0.7031747188231142,0.6407367954972765,,,,0.0,235056.0,0.0,Transport,0.8407709166409469,0.642844303116898,3.194063901901245e-05,1.0,0.0
top_k_20_mix,SG_Carpark,15T,long,672,0.8407709166409469,0.642844303116898,0.8385551376165519,0.7031747188231142,0.6407367954972765,,,,0.0,235056.0,0.0,Transport,0.8407709166409469,0.642844303116898,3.194063901901245e-05,1.0,0.0
vanilla_univariate,Finland_Traffic,15T,short,16,0.4363837318757116,0.5579173755542706,0.40038212393055095,0.16030584516313906,0.5444992622161519,2.177990972995758e-05,0.0,0.0,0.0,2976.0,0.0,Transport,0.4363837318757116,0.5579173755542706,2.177990972995758e-05,1.0,0.0
top_k_1_mix,Finland_Traffic,15T,short,16,0.41796515511599003,0.5343691924836984,0.3835929141513428,0.14714352378711945,0.5444992622161519,,,,0.0,2976.0,0.0,Transport,0.4363837318757116,0.5579173755542706,2.177990972995758e-05,0.9577927053317206,4.220729466827944
top_k_5_mix,Finland_Traffic,15T,short,16,0.42434371255521325,0.5425241894883236,0.3890710916392078,0.1513763143493248,0.5444992622161519,,,,0.0,2976.0,0.0,Transport,0.4363837318757116,0.5579173755542706,2.177990972995758e-05,0.9724095596580866,2.759044034191338
top_k_10_mix,Finland_Traffic,15T,short,16,0.4329497931203796,0.5535270787621468,0.3958238056619867,0.15667648512873825,0.5444992622161519,,,,0.0,2976.0,0.0,Transport,0.4363837318757116,0.5579173755542706,2.177990972995758e-05,0.9921309194076235,0.7869080592376454
top_k_15_mix,Finland_Traffic,15T,short,16,0.44652099735555895,0.5708778874585598,0.41168275134204185,0.16948268775255346,0.5444992622161519,,,,0.0,2976.0,0.0,Transport,0.4363837318757116,0.5579173755542706,2.177990972995758e-05,1.0232301635908245,-2.3230163590824526
top_k_20_mix,Finland_Traffic,15T,short,16,0.4486918137229848,0.5736532800363688,0.413909069781645,0.17132071804750668,0.5444992622161519,,,,0.0,2976.0,0.0,Transport,0.4363837318757116,0.5579173755542706,2.177990972995758e-05,1.028204722010074,-2.820472201007407
vanilla_univariate,Finland_Traffic,15T,medium,96,0.5187531956915099,0.6633874082354576,0.31447244750129294,0.09889292023745344,0.17085736839439175,1.3679265975952148e-05,0.0,0.0,0.0,2976.0,0.0,Transport,0.5187531956915099,0.6633874082354576,1.3679265975952148e-05,1.0,0.0
top_k_1_mix,Finland_Traffic,15T,medium,96,0.5231421074459723,0.6689999978405892,0.34745216761167835,0.12072300877805382,0.17085736839439175,,,,0.0,2976.0,0.0,Transport,0.5187531956915099,0.6633874082354576,1.3679265975952148e-05,1.0084605006598792,-0.8460500659879244
top_k_5_mix,Finland_Traffic,15T,medium,96,0.5258213145939609,0.672426198008206,0.33726570504806364,0.11374815580156744,0.17085736839439175,,,,0.0,2976.0,0.0,Transport,0.5187531956915099,0.6633874082354576,1.3679265975952148e-05,1.0136252055142119,-1.3625205514211869
top_k_10_mix,Finland_Traffic,15T,medium,96,0.5170743005613991,0.661240418302068,0.33061801349839376,0.10930827084962406,0.17085736839439175,,,,0.0,2976.0,0.0,Transport,0.5187531956915099,0.6633874082354576,1.3679265975952148e-05,0.9967635955902445,0.3236404409755478
top_k_15_mix,Finland_Traffic,15T,medium,96,0.524141856217595,0.6702784877891846,0.33211488349651963,0.11030029583990682,0.17085736839439175,,,,0.0,2976.0,0.0,Transport,0.5187531956915099,0.6633874082354576,1.3679265975952148e-05,1.0103877153352316,-1.038771533523164
top_k_20_mix,Finland_Traffic,15T,medium,96,0.5245018904928453,0.6707389036607744,0.32876235115300045,0.10808468353564878,0.17085736839439175,,,,0.0,2976.0,0.0,Transport,0.5187531956915099,0.6633874082354576,1.3679265975952148e-05,1.0110817530360894,-1.1081753036089381
vanilla_univariate,Finland_Traffic,15T,long,672,0.6049253900009155,0.6465491870287388,0.2520353112392925,0.06352179811148706,0.018781384922048106,1.2969598174095154e-05,0.0,0.0,0.0,2688.0,0.0,Transport,0.6049253900009155,0.6465491870287388,1.2969598174095154e-05,1.0,0.0
top_k_1_mix,Finland_Traffic,15T,long,672,0.6097158845773591,0.6516693066749989,0.2655674075108821,0.0705260479320509,0.018781384922048106,,,,0.0,2688.0,0.0,Transport,0.6049253900009155,0.6465491870287388,1.2969598174095154e-05,1.0079191494614508,-0.7919149461450781
top_k_5_mix,Finland_Traffic,15T,long,672,0.5893927015056404,0.6299477229721953,0.2887270671071615,0.08336331928030336,0.018781384922048106,,,,0.0,2688.0,0.0,Transport,0.6049253900009155,0.6465491870287388,1.2969598174095154e-05,0.9743229681676089,2.5677031832391117
top_k_10_mix,Finland_Traffic,15T,long,672,0.5895818573220417,0.6301498942504017,0.2835781495310153,0.08041656689143487,0.018781384922048106,,,,0.0,2688.0,0.0,Transport,0.6049253900009155,0.6465491870287388,1.2969598174095154e-05,0.9746356609715943,2.5364339028405736
top_k_15_mix,Finland_Traffic,15T,long,672,0.5909379439437663,0.6315992906839276,0.27466143126777737,0.075438901826064,0.018781384922048106,,,,0.0,2688.0,0.0,Transport,0.6049253900009155,0.6465491870287388,1.2969598174095154e-05,0.9768774029188492,2.312259708115083
top_k_20_mix,Finland_Traffic,15T,long,672,0.6023995420963175,0.6438495402024192,0.2728162275072885,0.07442869399130861,0.018781384922048106,,,,0.0,2688.0,0.0,Transport,0.6049253900009155,0.6465491870287388,1.2969598174095154e-05,0.9958245298571545,0.4175470142845472
vanilla_univariate,Port_Activity,D,short,30,0.6636159462695193,0.6958850666729881,0.22852152281296448,0.05222208638875625,0.36546784286960077,0.00011435337364673615,0.0,0.0,0.0,71280.0,0.0,Transport,0.6636159462695193,0.6958850666729881,0.00011435337364673615,1.0,0.0
top_k_1_mix,Port_Activity,D,short,30,0.6675335506711779,0.6999931692819924,0.2284571920843586,0.052192688615069524,0.36546784286960077,,,,0.0,71280.0,0.0,Transport,0.6636159462695193,0.6958850666729881,0.00011435337364673615,1.0059034211333848,-0.5903421133384823
top_k_5_mix,Port_Activity,D,short,30,0.6685042246227951,0.7010110434173805,0.2275820112976742,0.051793571866294706,0.36546784286960077,,,,0.0,71280.0,0.0,Transport,0.6636159462695193,0.6958850666729881,0.00011435337364673615,1.0073661255139439,-0.7366125513943889
top_k_10_mix,Port_Activity,D,short,30,0.6706137438634181,0.7032231405582962,0.22681775211848604,0.05144629267608297,0.36546784286960077,,,,0.0,71280.0,0.0,Transport,0.6636159462695193,0.6958850666729881,0.00011435337364673615,1.0105449509362103,-1.0544950936210329
top_k_15_mix,Port_Activity,D,short,30,0.6727409168786713,0.7054537499097828,0.2257486931236361,0.05096247244702962,0.36546784286960077,,,,0.0,71280.0,0.0,Transport,0.6636159462695193,0.6958850666729881,0.00011435337364673615,1.0137503787551332,-1.3750378755133186
top_k_20_mix,Port_Activity,D,short,30,0.6746105384050143,0.7074142840226627,0.2250425996258611,0.05064417164636562,0.36546784286960077,,,,0.0,71280.0,0.0,Transport,0.6636159462695193,0.6958850666729881,0.00011435337364673615,1.0165677033490539,-1.6567703349053886
vanilla_univariate,Port_Activity,W,short,13,0.7878643592183598,0.8076187999173401,0.3125384682935249,0.09768029416326265,0.21474218187417846,5.416758358478546e-05,0.0,0.0,0.0,10296.0,0.0,Transport,0.7878643592183598,0.8076187999173401,5.416758358478546e-05,1.0,0.0
top_k_1_mix,Port_Activity,W,short,13,0.7902056116440187,0.810018755508922,0.3071969249347095,0.09436995068934156,0.21474218187417846,,,,0.0,10296.0,0.0,Transport,0.7878643592183598,0.8076187999173401,5.416758358478546e-05,1.0029716440377905,-0.29716440377904885
top_k_5_mix,Port_Activity,W,short,13,0.7878422223615921,0.8075961080142383,0.30922270256285084,0.0956186797802733,0.21474218187417846,,,,0.0,10296.0,0.0,Transport,0.7878643592183598,0.8076187999173401,5.416758358478546e-05,0.9999719027057021,0.002809729429786856
top_k_10_mix,Port_Activity,W,short,13,0.7871460023952657,0.8068824314440215,0.3073067941546493,0.094437465733608,0.21474218187417846,,,,0.0,10296.0,0.0,Transport,0.7878643592183598,0.8076187999173401,5.416758358478546e-05,0.9990882227191913,0.09117772808087121
top_k_15_mix,Port_Activity,W,short,13,0.7873783449071708,0.8071205995733944,0.3063380741583895,0.09384301567907094,0.21474218187417846,,,,0.0,10296.0,0.0,Transport,0.7878643592183598,0.8076187999173401,5.416758358478546e-05,0.9993831243849244,0.06168756150756183
top_k_20_mix,Port_Activity,W,short,13,0.7855684880720315,0.8052653634682004,0.305860058961096,0.09355037566768515,0.21474218187417846,,,,0.0,10296.0,0.0,Transport,0.7878643592183598,0.8076187999173401,5.416758358478546e-05,0.9970859563331357,0.2914043666864319
vanilla_univariate,ECDC_COVID,D,short,30,3.2760216772323703,0.9247363505196929,2.719318127790975,7.394691080132613,9.46457225161981,1.673959195613861e-05,0.0,0.0,0.0,1220.0,0.0,Healthcare,3.2760216772323703,0.9247363505196929,1.673959195613861e-05,1.0,0.0
top_k_1_mix,ECDC_COVID,D,short,30,3.4651915677775658,0.9781341272886059,3.0409239561664374,9.247218507186936,9.46457225161981,,,,0.0,1220.0,0.0,Healthcare,3.2760216772323703,0.9247363505196929,1.673959195613861e-05,1.0577437847435152,-5.774378474351516
top_k_5_mix,ECDC_COVID,D,short,30,3.298054381671443,0.9309556142189124,2.7512914046582915,7.5696043933465935,9.46457225161981,,,,0.0,1220.0,0.0,Healthcare,3.2760216772323703,0.9247363505196929,1.673959195613861e-05,1.0067254452533678,-0.6725445253367823
top_k_10_mix,ECDC_COVID,D,short,30,3.47210500325897,0.9800856116579121,2.7877840746444655,7.7717400468413,9.46457225161981,,,,0.0,1220.0,0.0,Healthcare,3.2760216772323703,0.9247363505196929,1.673959195613861e-05,1.0598540990706307,-5.985409907063066
top_k_15_mix,ECDC_COVID,D,short,30,3.5281872194834856,0.9959161735619859,2.7421709612675444,7.519501580818969,9.46457225161981,,,,0.0,1220.0,0.0,Healthcare,3.2760216772323703,0.9247363505196929,1.673959195613861e-05,1.076973099416164,-7.697309941616393
top_k_20_mix,ECDC_COVID,D,short,30,3.4728393869363257,0.9802929092122594,2.683173567482853,7.19942039323866,9.46457225161981,,,,0.0,1220.0,0.0,Healthcare,3.2760216772323703,0.9247363505196929,1.673959195613861e-05,1.0600782684289898,-6.007826842898978
vanilla_univariate,ECDC_COVID,W,short,13,1.8728634975946643,1.2134940904665752,1.471044106407669,2.163970762996737,2.5262185251337717,1.5208497643470764e-05,0.0,0.0,0.0,820.0,0.0,Healthcare,1.8728634975946643,1.2134940904665752,1.5208497643470764e-05,1.0,0.0
top_k_1_mix,ECDC_COVID,W,short,13,1.9744907435749635,1.2793419552927476,1.5845446781954908,2.5107818371976514,2.5262185251337717,,,,0.0,820.0,0.0,Healthcare,1.8728634975946643,1.2134940904665752,1.5208497643470764e-05,1.0542630288383643,-5.426302883836431
top_k_5_mix,ECDC_COVID,W,short,13,1.995056963216383,1.292667531892512,1.3324933706689046,1.7755385828765786,2.5262185251337717,,,,0.0,820.0,0.0,Healthcare,1.8728634975946643,1.2134940904665752,1.5208497643470764e-05,1.065244191997256,-6.524419199725595
top_k_10_mix,ECDC_COVID,W,short,13,2.0204380483537183,1.3091128290876048,1.2048085544866884,1.4515636529643037,2.5262185251337717,,,,0.0,820.0,0.0,Healthcare,1.8728634975946643,1.2134940904665752,1.5208497643470764e-05,1.0787962128305588,-7.879621283055882
top_k_15_mix,ECDC_COVID,W,short,13,2.0463477011808155,1.3259006038678296,1.2130618095397705,1.4715189537639022,2.5262185251337717,,,,0.0,820.0,0.0,Healthcare,1.8728634975946643,1.2134940904665752,1.5208497643470764e-05,1.09263045801734,-9.263045801734005
top_k_20_mix,ECDC_COVID,W,short,13,2.010715212977927,1.3028130622939997,1.2203530827641071,1.48926164661186,2.5262185251337717,,,,0.0,820.0,0.0,Healthcare,1.8728634975946643,1.2134940904665752,1.5208497643470764e-05,1.0736047851646995,-7.360478516469948
vanilla_univariate,Global_Influenza,W,short,13,2.968530838215052,0.7016418242507416,3.8934898860737452,15.159263492958546,30.38882579215142,2.3711472749710083e-05,0.0,0.0,0.0,3060.0,0.0,Healthcare,2.968530838215052,0.7016418242507416,2.3711472749710083e-05,1.0,0.0
top_k_1_mix,Global_Influenza,W,short,13,2.984486068567958,0.7054130018268807,3.7745554545623023,14.247268879566029,30.38882579215142,,,,0.0,3060.0,0.0,Healthcare,2.968530838215052,0.7016418242507416,2.3711472749710083e-05,1.0053747901647199,-0.5374790164719867
top_k_5_mix,Global_Influenza,W,short,13,2.856072257177557,0.6750611187596568,3.6687225614179133,13.459525232656814,30.38882579215142,,,,0.0,3060.0,0.0,Healthcare,2.968530838215052,0.7016418242507416,2.3711472749710083e-05,0.9621164181319016,3.788358186809837
top_k_10_mix,Global_Influenza,W,short,13,2.873700453789742,0.6792277185705792,3.6662648703980234,13.441498099914636,30.38882579215142,,,,0.0,3060.0,0.0,Healthcare,2.968530838215052,0.7016418242507416,2.3711472749710083e-05,0.9680547753775971,3.19452246224029
top_k_15_mix,Global_Influenza,W,short,13,2.8391333145870967,0.6710574310003624,3.602817677488001,12.980295217220036,30.38882579215142,,,,0.0,3060.0,0.0,Healthcare,2.968530838215052,0.7016418242507416,2.3711472749710083e-05,0.9564102478026603,4.358975219733974
top_k_20_mix,Global_Influenza,W,short,13,2.834097633857957,0.6698671977147072,3.5788500069430333,12.808167372196149,30.38882579215142,,,,0.0,3060.0,0.0,Healthcare,2.968530838215052,0.7016418242507416,2.3711472749710083e-05,0.9547138932745842,4.528610672541578
vanilla_univariate,Crypto,D,short,30,6.398672126021581,1.0371343351598803,5.831420992220647,34.00547078851163,27.688250742146593,1.5927478671073914e-05,0.0,0.0,0.0,1080.0,0.0,Finance,6.398672126021581,1.0371343351598803,1.5927478671073914e-05,1.0,0.0
top_k_1_mix,Crypto,D,short,30,6.374794297874883,1.0332640766230696,6.008360816622752,36.10039970272763,27.688250742146593,,,,0.0,1080.0,0.0,Finance,6.398672126021581,1.0371343351598803,1.5927478671073914e-05,0.9962683151009419,0.3731684899058063
top_k_5_mix,Crypto,D,short,30,6.594131338880756,1.0688155116269757,5.957838997469556,35.495845519769034,27.688250742146593,,,,0.0,1080.0,0.0,Finance,6.398672126021581,1.0371343351598803,1.5927478671073914e-05,1.0305468398770268,-3.0546839877026777
top_k_10_mix,Crypto,D,short,30,7.355701560854296,1.1922552832370872,6.660880414241299,44.36732789282334,27.688250742146593,,,,0.0,1080.0,0.0,Finance,6.398672126021581,1.0371343351598803,1.5927478671073914e-05,1.1495668813753948,-14.956688137539476
top_k_15_mix,Crypto,D,short,30,7.771153144453369,1.259594114397834,7.138816694764319,50.96270380144576,27.688250742146593,,,,0.0,1080.0,0.0,Finance,6.398672126021581,1.0371343351598803,1.5927478671073914e-05,1.2144946625488588,-21.449466254885884
top_k_20_mix,Crypto,D,short,30,8.357904194454882,1.3546981685144566,7.915871119243514,62.66101557647356,27.688250742146593,,,,0.0,1080.0,0.0,Finance,6.398672126021581,1.0371343351598803,1.5927478671073914e-05,1.3061935398229987,-30.61935398229987
vanilla_univariate,US_Term_Structure,B,short,20,1.5298372792725325,0.8667692491415153,0.9775761775485553,0.9556551829104446,1.0333743744905457,7.392093539237976e-05,0.0,0.0,0.0,26800.0,0.0,Finance,1.5298372792725325,0.8667692491415153,7.392093539237976e-05,1.0,0.0
top_k_1_mix,US_Term_Structure,B,short,20,1.618599276553521,0.9170596759587571,1.0104076442189822,1.0209236074961532,1.0333743744905457,,,,0.0,26800.0,0.0,Finance,1.5298372792725325,0.8667692491415153,7.392093539237976e-05,1.0580205479913503,-5.802054799135026
top_k_5_mix,US_Term_Structure,B,short,20,1.6603930652959138,0.9407390380568287,1.0718717189835993,1.1489089819568563,1.0333743744905457,,,,0.0,26800.0,0.0,Finance,1.5298372792725325,0.8667692491415153,7.392093539237976e-05,1.0853396552641619,-8.533965526416187
top_k_10_mix,US_Term_Structure,B,short,20,1.8829794271413656,1.0668511522927075,1.3288621328779116,1.7658745681968322,1.0333743744905457,,,,0.0,26800.0,0.0,Finance,1.5298372792725325,0.8667692491415153,7.392093539237976e-05,1.2308364115932375,-23.083641159323754
top_k_15_mix,US_Term_Structure,B,short,20,2.021724467740357,1.1454607771799261,1.4911502527167577,2.2235290761772504,1.0333743744905457,,,,0.0,26800.0,0.0,Finance,1.5298372792725325,0.8667692491415153,7.392093539237976e-05,1.321529090140702,-32.1529090140702
top_k_20_mix,US_Term_Structure,B,short,20,2.1103648010135614,1.1956822720773466,1.6059681315191079,2.5791336394549744,1.0333743744905457,,,,0.0,26800.0,0.0,Finance,1.5298372792725325,0.8667692491415153,7.392093539237976e-05,1.3794701107147036,-37.94701107147036
vanilla_univariate,Oil_Price,B,short,20,1.343467022681446,0.866938044957015,1.0052451019175774,1.0105177149292806,1.308977194348269,3.316253423690796e-05,0.0,0.0,0.0,7776.0,0.0,Finance,1.343467022681446,0.866938044957015,3.316253423690796e-05,1.0,0.0
top_k_1_mix,Oil_Price,B,short,20,1.3859965976092445,0.8943823408855954,0.9842063760430106,0.9686621906437161,1.308977194348269,,,,0.0,7776.0,0.0,Finance,1.343467022681446,0.866938044957015,3.316253423690796e-05,1.0316565827145598,-3.1656582714559844
top_k_5_mix,Oil_Price,B,short,20,1.3562133247400208,0.8751632220551747,0.9899635745196579,0.9800278788757383,1.308977194348269,,,,0.0,7776.0,0.0,Finance,1.343467022681446,0.866938044957015,3.316253423690796e-05,1.0094876181129733,-0.9487618112973273
top_k_10_mix,Oil_Price,B,short,20,1.3488607968944561,0.8704186425394056,0.9345727920668727,0.8734263036716701,1.308977194348269,,,,0.0,7776.0,0.0,Finance,1.343467022681446,0.866938044957015,3.316253423690796e-05,1.0040148169787186,-0.40148169787186383
top_k_15_mix,Oil_Price,B,short,20,1.3436748155393703,0.867072133498798,0.934138525174402,0.8726147842150069,1.308977194348269,,,,0.0,7776.0,0.0,Finance,1.343467022681446,0.866938044957015,3.316253423690796e-05,1.0001546691168568,-0.015466911685679818
top_k_20_mix,Oil_Price,B,short,20,1.3444872288516703,0.8675963830685839,0.9240713632037669,0.8539078842932681,1.308977194348269,,,,0.0,7776.0,0.0,Finance,1.343467022681446,0.866938044957015,3.316253423690796e-05,1.0007593831132438,-0.07593831132437501
vanilla_univariate,Job_Claims,W,short,13,2.8235117450947285,1.0375183449451717,1.1189269330871932,1.2519974815879118,1.8094438105119042,1.377984881401062e-05,0.0,0.0,0.0,104.0,0.0,Economics,2.8235117450947285,1.0375183449451717,1.377984881401062e-05,1.0,0.0
top_k_1_mix,Job_Claims,W,short,13,2.975382364814389,1.0933242236673277,0.7971896944606882,0.6355114089543253,1.8094438105119042,,,,0.0,104.0,0.0,Economics,2.8235117450947285,1.0375183449451717,1.377984881401062e-05,1.053787847698351,-5.37878476983511
top_k_5_mix,Job_Claims,W,short,13,2.836385263582317,1.042248805733255,1.2766549818303432,1.6298479426322339,1.8094438105119042,,,,0.0,104.0,0.0,Economics,2.8235117450947285,1.0375183449451717,1.377984881401062e-05,1.0045593996589366,-0.45593996589365915
top_k_10_mix,Job_Claims,W,short,13,3.2605223067098406,1.1981008094587944,1.6935590095917403,2.868142118969357,1.8094438105119042,,,,0.0,104.0,0.0,Economics,2.8235117450947285,1.0375183449451717,1.377984881401062e-05,1.1547755423275035,-15.477554232750347
top_k_15_mix,Job_Claims,W,short,13,3.786220771472564,1.3912722393451395,1.6161878463333812,2.6120631546357327,1.8094438105119042,,,,0.0,104.0,0.0,Economics,2.8235117450947285,1.0375183449451717,1.377984881401062e-05,1.340961580220215,-34.096158022021505
top_k_20_mix,Job_Claims,W,short,13,3.8867114416808946,1.4281982107061972,1.6785201901479043,2.817430028734157,1.8094438105119042,,,,0.0,104.0,0.0,Economics,2.8235117450947285,1.0375183449451717,1.377984881401062e-05,1.3765522486078754,-37.65522486078754
vanilla_univariate,Uncertainty_1M,M,short,6,0.34658902070398,0.35778326875674127,0.25651473278304093,0.0657998081347549,0.4634703206443205,1.376122236251831e-05,0.0,0.0,0.0,126.0,0.0,Economics,0.34658902070398,0.35778326875674127,1.376122236251831e-05,1.0,0.0
top_k_1_mix,Uncertainty_1M,M,short,6,0.3547708822866186,0.36622939083990985,0.2612318413895444,0.06824207495577209,0.4634703206443205,,,,0.0,126.0,0.0,Economics,0.34658902070398,0.35778326875674127,1.376122236251831e-05,1.0236068112198704,-2.3606811219870405
top_k_5_mix,Uncertainty_1M,M,short,6,0.34007648120919737,0.3510603850842639,0.24493115029332346,0.0599912683840106,0.4634703206443205,,,,0.0,126.0,0.0,Economics,0.34658902070398,0.35778326875674127,1.376122236251831e-05,0.9812096197347666,1.8790380265233386
top_k_10_mix,Uncertainty_1M,M,short,6,0.3172951353071937,0.3275432396566873,0.22075582871824886,0.04873313591308083,0.4634703206443205,,,,0.0,126.0,0.0,Economics,0.34658902070398,0.35778326875674127,1.376122236251831e-05,0.9154794767090846,8.452052329091542
top_k_15_mix,Uncertainty_1M,M,short,6,0.3116394082599735,0.3217048420466296,0.222217266871908,0.04938051369602078,0.4634703206443205,,,,0.0,126.0,0.0,Economics,0.34658902070398,0.35778326875674127,1.376122236251831e-05,0.8991612245159468,10.083877548405319
top_k_20_mix,Uncertainty_1M,M,short,6,0.3136277356347516,0.32375738908364093,0.23134036413195355,0.053518364076704864,0.4634703206443205,,,,0.0,126.0,0.0,Economics,0.34658902070398,0.35778326875674127,1.376122236251831e-05,0.904898069182115,9.510193081788499
vanilla_univariate,Housing_Inventory,M,short,12,0.519415995523202,0.7593716643672015,0.19546829206475433,0.0382078532027121,0.15831152058175027,1.3148412108421326e-05,0.0,0.0,0.0,144.0,0.0,Economics,0.519415995523202,0.7593716643672015,1.3148412108421326e-05,1.0,0.0
top_k_1_mix,Housing_Inventory,M,short,12,0.519415995523202,0.7593716643672015,0.19546829206475433,0.0382078532027121,0.15831152058175027,,,,0.0,144.0,0.0,Economics,0.519415995523202,0.7593716643672015,1.3148412108421326e-05,1.0,0.0
top_k_5_mix,Housing_Inventory,M,short,12,0.519415995523202,0.7593716643672015,0.19546829206475433,0.0382078532027121,0.15831152058175027,,,,0.0,144.0,0.0,Economics,0.519415995523202,0.7593716643672015,1.3148412108421326e-05,1.0,0.0
top_k_10_mix,Housing_Inventory,M,short,12,0.519415995523202,0.7593716643672015,0.19546829206475433,0.0382078532027121,0.15831152058175027,,,,0.0,144.0,0.0,Economics,0.519415995523202,0.7593716643672015,1.3148412108421326e-05,1.0,0.0
top_k_15_mix,Housing_Inventory,M,short,12,0.519415995523202,0.7593716643672015,0.19546829206475433,0.0382078532027121,0.15831152058175027,,,,0.0,144.0,0.0,Economics,0.519415995523202,0.7593716643672015,1.3148412108421326e-05,1.0,0.0
top_k_20_mix,Housing_Inventory,M,short,12,0.519415995523202,0.7593716643672015,0.19546829206475433,0.0382078532027121,0.15831152058175027,,,,0.0,144.0,0.0,Economics,0.519415995523202,0.7593716643672015,1.3148412108421326e-05,1.0,0.0
vanilla_univariate,JOLTS,M,short,12,1.0651837489836085,0.6319336015586908,0.618562703921515,0.3826198186826959,0.8877843622848538,1.3519078493118286e-05,0.0,0.0,0.0,360.0,0.0,Economics,1.0651837489836085,0.6319336015586908,1.3519078493118286e-05,1.0,0.0
top_k_1_mix,JOLTS,M,short,12,1.0858404690321533,0.6441884594732266,0.6327647164938812,0.4003911864395819,0.8877843622848538,,,,0.0,360.0,0.0,Economics,1.0651837489836085,0.6319336015586908,1.3519078493118286e-05,1.0193926353723057,-1.9392635372305733
top_k_5_mix,JOLTS,M,short,12,1.1121512080580689,0.6597976349682364,0.7061573217087763,0.49865816300291216,0.8877843622848538,,,,0.0,360.0,0.0,Economics,1.0651837489836085,0.6319336015586908,1.3519078493118286e-05,1.0440932929358682,-4.409329293586817
top_k_10_mix,JOLTS,M,short,12,1.0867747849055613,0.6447427540683511,0.6840108928989909,0.4678709016044748,0.8877843622848538,,,,0.0,360.0,0.0,Economics,1.0651837489836085,0.6319336015586908,1.3519078493118286e-05,1.0202697759354242,-2.026977593542423
top_k_15_mix,JOLTS,M,short,12,1.0734110856726546,0.636814572104952,0.6889972466465939,0.47471720588658733,0.8877843622848538,,,,0.0,360.0,0.0,Economics,1.0651837489836085,0.6319336015586908,1.3519078493118286e-05,1.007723866137553,-0.7723866137552937
top_k_20_mix,JOLTS,M,short,12,1.0856666800287955,0.6440853569701064,0.7390291813983391,0.5461641309582992,0.8877843622848538,,,,0.0,360.0,0.0,Economics,1.0651837489836085,0.6319336015586908,1.3519078493118286e-05,1.019229481359185,-1.9229481359184897
vanilla_univariate,US_Labor,M,short,12,0.8894946186201814,0.5018009861459509,1.016796550534122,1.0338752251780896,2.936809552255237,1.7220154404640198e-05,0.0,0.0,0.0,840.0,0.0,Economics,0.8894946186201814,0.5018009861459509,1.7220154404640198e-05,1.0,0.0
top_k_1_mix,US_Labor,M,short,12,1.0053085280283736,0.5671364392604393,1.2096567518087304,1.4632694571964486,2.936809552255237,,,,0.0,840.0,0.0,Economics,0.8894946186201814,0.5018009861459509,1.7220154404640198e-05,1.1302019225117372,-13.020192251173723
top_k_5_mix,US_Labor,M,short,12,1.0271950607641533,0.5794835445494704,0.9357829241459378,0.875689681123122,2.936809552255237,,,,0.0,840.0,0.0,Economics,0.8894946186201814,0.5018009861459509,1.7220154404640198e-05,1.1548075044653763,-15.480750446537627
top_k_10_mix,US_Labor,M,short,12,1.0782137535091285,0.6082653154510408,0.8395921707138586,0.7049150131240091,2.936809552255237,,,,0.0,840.0,0.0,Economics,0.8894946186201814,0.5018009861459509,1.7220154404640198e-05,1.2121644481466292,-21.216444814662914
top_k_15_mix,US_Labor,M,short,12,1.074472774628305,0.6061548733502663,0.8940874378269594,0.799392346479977,2.936809552255237,,,,0.0,840.0,0.0,Economics,0.8894946186201814,0.5018009861459509,1.7220154404640198e-05,1.2079587128869524,-20.795871288695245
top_k_20_mix,US_Labor,M,short,12,1.124404415246555,0.6343233928416946,0.8973175314356316,0.8051787522217358,2.936809552255237,,,,0.0,840.0,0.0,Economics,0.8894946186201814,0.5018009861459509,1.7220154404640198e-05,1.2640935557213093,-26.409355572130934
vanilla_univariate,Vehicle_Supply,M,short,12,0.7929232236339933,0.7128331815407766,0.680503041764283,0.4630843898504414,0.6181637851735725,1.3792887330055237e-05,0.0,0.0,0.0,360.0,0.0,Economics,0.7929232236339933,0.7128331815407766,1.3792887330055237e-05,1.0,0.0
top_k_1_mix,Vehicle_Supply,M,short,12,0.8432434506623854,0.7580707612450382,0.7194012255047612,0.5175381232577523,0.6181637851735725,,,,0.0,360.0,0.0,Economics,0.7929232236339933,0.7128331815407766,1.3792887330055237e-05,1.063461663788548,-6.3461663788547895
top_k_5_mix,Vehicle_Supply,M,short,12,0.8043728686165756,0.7231263431195752,0.6913243863955353,0.4779294072251633,0.6181637851735725,,,,0.0,360.0,0.0,Economics,0.7929232236339933,0.7128331815407766,1.3792887330055237e-05,1.0144397901856226,-1.443979018562258
top_k_10_mix,Vehicle_Supply,M,short,12,0.8195908024438464,0.7368071735748296,0.726524680059875,0.5278381107361038,0.6181637851735725,,,,0.0,360.0,0.0,Economics,0.7929232236339933,0.7128331815407766,1.3792887330055237e-05,1.0336319810228722,-3.3631981022872237
top_k_15_mix,Vehicle_Supply,M,short,12,0.8043260016520729,0.7230842100019922,0.7154625411977964,0.5118866478572085,0.6181637851735725,,,,0.0,360.0,0.0,Economics,0.7929232236339933,0.7128331815407766,1.3792887330055237e-05,1.014380683625106,-1.4380683625105917
top_k_20_mix,Vehicle_Supply,M,short,12,0.8086657631108987,0.7269856293016378,0.7193501545387525,0.517464644834927,0.6181637851735725,,,,0.0,360.0,0.0,Economics,0.7929232236339933,0.7128331815407766,1.3792887330055237e-05,1.019853800478635,-1.9853800478635053
vanilla_univariate,Auto_Production_SF,M,short,12,0.8833127368059295,0.916808184670248,0.24298659391688243,0.059042484823327926,0.1698127796753019,1.3180077075958252e-05,0.0,0.0,0.0,60.0,0.0,Economics,0.8833127368059295,0.916808184670248,1.3180077075958252e-05,1.0,0.0
top_k_1_mix,Auto_Production_SF,M,short,12,0.8833127368059295,0.916808184670248,0.24298659391688243,0.059042484823327926,0.1698127796753019,,,,0.0,60.0,0.0,Economics,0.8833127368059295,0.916808184670248,1.3180077075958252e-05,1.0,0.0
top_k_5_mix,Auto_Production_SF,M,short,12,0.8833127368059295,0.916808184670248,0.24298659391688243,0.059042484823327926,0.1698127796753019,,,,0.0,60.0,0.0,Economics,0.8833127368059295,0.916808184670248,1.3180077075958252e-05,1.0,0.0
top_k_10_mix,Auto_Production_SF,M,short,12,0.8833127368059295,0.916808184670248,0.24298659391688243,0.059042484823327926,0.1698127796753019,,,,0.0,60.0,0.0,Economics,0.8833127368059295,0.916808184670248,1.3180077075958252e-05,1.0,0.0
top_k_15_mix,Auto_Production_SF,M,short,12,0.8833127368059295,0.916808184670248,0.24298659391688243,0.059042484823327926,0.1698127796753019,,,,0.0,60.0,0.0,Economics,0.8833127368059295,0.916808184670248,1.3180077075958252e-05,1.0,0.0
top_k_20_mix,Auto_Production_SF,M,short,12,0.8833127368059295,0.916808184670248,0.24298659391688243,0.059042484823327926,0.1698127796753019,,,,0.0,60.0,0.0,Economics,0.8833127368059295,0.916808184670248,1.3180077075958252e-05,1.0,0.0
vanilla_univariate,Commodity_Production,M,short,12,0.9422205607088643,0.7722558299776257,0.5677282457403984,0.3223153610114702,0.5329512558073002,1.9941478967666626e-05,0.0,0.0,0.0,1920.0,0.0,Economics,0.9422205607088643,0.7722558299776257,1.9941478967666626e-05,1.0,0.0
top_k_1_mix,Commodity_Production,M,short,12,0.9363849423236182,0.76747288370426,0.5585783326543874,0.3120097537109555,0.5329512558073002,,,,0.0,1920.0,0.0,Economics,0.9422205607088643,0.7722558299776257,1.9941478967666626e-05,0.9938065261695672,0.6193473830432783
top_k_5_mix,Commodity_Production,M,short,12,0.9516024744263362,0.779945364537574,0.5723816900986308,0.327620799160165,0.5329512558073002,,,,0.0,1920.0,0.0,Economics,0.9422205607088643,0.7722558299776257,1.9941478967666626e-05,1.0099572373058954,-0.9957237305895372
top_k_10_mix,Commodity_Production,M,short,12,0.9784175446698669,0.8019233335931917,0.5980330973566693,0.35764358553401154,0.5329512558073002,,,,0.0,1920.0,0.0,Economics,0.9422205607088643,0.7722558299776257,1.9941478967666626e-05,1.0384166780798865,-3.841667807988647
top_k_15_mix,Commodity_Production,M,short,12,1.0151120540305671,0.8319986152880106,0.6336281506368094,0.40148463327942324,0.5329512558073002,,,,0.0,1920.0,0.0,Economics,0.9422205607088643,0.7722558299776257,1.9941478967666626e-05,1.077361391123607,-7.736139112360707
top_k_20_mix,Commodity_Production,M,short,12,1.0381896655471483,0.850913316132822,0.6580028025175264,0.43296768812091885,0.5329512558073002,,,,0.0,1920.0,0.0,Economics,0.9422205607088643,0.7722558299776257,1.9941478967666626e-05,1.1018541823860044,-10.185418238600441
vanilla_univariate,Commodity_Import,M,short,12,1.426445685398948,0.7779278787206516,1.5916557676720682,2.5333680827637606,4.658598925947419,1.5389174222946167e-05,0.0,0.0,0.0,480.0,0.0,Economics,1.426445685398948,0.7779278787206516,1.5389174222946167e-05,1.0,0.0
top_k_1_mix,Commodity_Import,M,short,12,1.4266961841173333,0.7780644909580543,1.6015341019384375,2.564911479671758,4.658598925947419,,,,0.0,480.0,0.0,Economics,1.426445685398948,0.7779278787206516,1.5389174222946167e-05,1.000175610414718,-0.01756104147179194
top_k_5_mix,Commodity_Import,M,short,12,1.4490174154677824,0.7902376205294276,1.683063170940134,2.832701637375059,4.658598925947419,,,,0.0,480.0,0.0,Economics,1.426445685398948,0.7779278787206516,1.5389174222946167e-05,1.0158237571187447,-1.582375711874473
top_k_10_mix,Commodity_Import,M,short,12,1.6607229912172863,0.9056935899658558,2.257152608355748,5.094737897407157,4.658598925947419,,,,0.0,480.0,0.0,Economics,1.426445685398948,0.7779278787206516,1.5389174222946167e-05,1.1642385042882413,-16.423850428824128
top_k_15_mix,Commodity_Import,M,short,12,1.8407536314841964,1.0038752841734335,2.605934107952826,6.790892574991891,4.658598925947419,,,,0.0,480.0,0.0,Economics,1.426445685398948,0.7779278787206516,1.5389174222946167e-05,1.2904477543912756,-29.044775439127555
top_k_20_mix,Commodity_Import,M,short,12,2.127665088155537,1.160345609790188,3.251354974852828,10.571309172500232,4.658598925947419,,,,0.0,480.0,0.0,Economics,1.426445685398948,0.7779278787206516,1.5389174222946167e-05,1.491585070454661,-49.158507045466095
vanilla_univariate,WUI_Global,Q,short,4,0.9638907561105797,0.7558413309365304,0.6931553964727619,0.48046440365931176,0.6093761678421035,1.759268343448639e-05,0.0,0.0,0.0,300.0,0.0,Economics,0.9638907561105797,0.7558413309365304,1.759268343448639e-05,1.0,0.0
top_k_1_mix,WUI_Global,Q,short,4,1.0115872654958626,0.7932428651936585,0.7188472176974938,0.5167413223914281,0.6093761678421035,,,,0.0,300.0,0.0,Economics,0.9638907561105797,0.7558413309365304,1.759268343448639e-05,1.04948331445541,-4.94833144554101
top_k_5_mix,WUI_Global,Q,short,4,1.0128417867087958,0.7942266063253793,0.7374828223316161,0.5438809132342061,0.6093761678421035,,,,0.0,300.0,0.0,Economics,0.9638907561105797,0.7558413309365304,1.759268343448639e-05,1.0507848325008735,-5.078483250087351
top_k_10_mix,WUI_Global,Q,short,4,0.9953450284155541,0.7805064072347664,0.7142842623493615,0.5102020074399715,0.6093761678421035,,,,0.0,300.0,0.0,Economics,0.9638907561105797,0.7558413309365304,1.759268343448639e-05,1.0326326112223507,-3.2632611222350727
top_k_15_mix,WUI_Global,Q,short,4,0.9817168576711943,0.7698197867351447,0.7112600033574928,0.5058907923761008,0.6093761678421035,,,,0.0,300.0,0.0,Economics,0.9638907561105797,0.7558413309365304,1.759268343448639e-05,1.0184939023925752,-1.84939023925752
top_k_20_mix,WUI_Global,Q,short,4,0.9710517686647665,0.7614566864376561,0.7081229411801649,0.5014380998256474,0.6093761678421035,,,,0.0,300.0,0.0,Economics,0.9638907561105797,0.7558413309365304,1.759268343448639e-05,1.0074292781716077,-0.7429278171607656
vanilla_univariate,Global_Price,Q,short,4,1.5345163921503744,0.8247933310481758,1.5491348706434118,2.3998188474433806,3.4498076767502495,2.745911478996277e-05,0.0,0.0,0.0,1200.0,0.0,Economics,1.5345163921503744,0.8247933310481758,2.745911478996277e-05,1.0,0.0
top_k_1_mix,Global_Price,Q,short,4,1.5765292173216325,0.8473749718810818,1.5919675963769029,2.5343608279140533,3.4498076767502495,,,,0.0,1200.0,0.0,Economics,1.5345163921503744,0.8247933310481758,2.745911478996277e-05,1.0273785443975505,-2.7378544397550497
top_k_5_mix,Global_Price,Q,short,4,1.5557302053483517,0.8361956280463031,1.5925170100801471,2.536110427394611,3.4498076767502495,,,,0.0,1200.0,0.0,Economics,1.5345163921503744,0.8247933310481758,2.745911478996277e-05,1.0138244291859597,-1.382442918595972
top_k_10_mix,Global_Price,Q,short,4,1.518572157354096,0.8162234007457642,1.578139992120452,2.49052583472994,3.4498076767502495,,,,0.0,1200.0,0.0,Economics,1.5345163921503744,0.8247933310481758,2.745911478996277e-05,0.9896096028182957,1.0390397181704314
top_k_15_mix,Global_Price,Q,short,4,1.5039417124913015,0.8083596246304822,1.5707554600508726,2.4672727152796288,3.4498076767502495,,,,0.0,1200.0,0.0,Economics,1.5345163921503744,0.8247933310481758,2.745911478996277e-05,0.9800753645803499,1.992463541965006
top_k_20_mix,Global_Price,Q,short,4,1.5143620521027161,0.8139604944958786,1.588241038985073,2.522509597916384,3.4498076767502495,,,,0.0,1200.0,0.0,Economics,1.5345163921503744,0.8247933310481758,2.745911478996277e-05,0.9868659988575194,1.3134001142480645
vanilla_univariate,Vehicle_Sales,M,short,12,0.7954957586106187,0.6117422065218235,0.5567863785959307,0.31001107138997114,0.8704781233070326,1.5560537576675415e-05,0.0,0.0,0.0,600.0,0.0,Sales,0.7954957586106187,0.6117422065218235,1.5560537576675415e-05,1.0,0.0
top_k_1_mix,Vehicle_Sales,M,short,12,0.9504150921199914,0.7308763362617943,0.7488264898171288,0.5607411118518426,0.8704781233070326,,,,0.0,600.0,0.0,Sales,0.7954957586106187,0.6117422065218235,1.5560537576675415e-05,1.194745643622222,-19.47456436222219
top_k_5_mix,Vehicle_Sales,M,short,12,0.9310548680712979,0.7159881787196473,0.6761322328002175,0.45715479623140753,0.8704781233070326,,,,0.0,600.0,0.0,Sales,0.7954957586106187,0.6117422065218235,1.5560537576675415e-05,1.170408337182641,-17.040833718264103
top_k_10_mix,Vehicle_Sales,M,short,12,0.9152141124469888,0.703806518800413,0.6892592955766017,0.4750783765387531,0.8704781233070326,,,,0.0,600.0,0.0,Sales,0.7954957586106187,0.6117422065218235,1.5560537576675415e-05,1.1504952761099134,-15.049527610991342
top_k_15_mix,Vehicle_Sales,M,short,12,0.9598528199127395,0.738134019740298,0.7270894709389082,0.5286590987502214,0.8704781233070326,,,,0.0,600.0,0.0,Sales,0.7954957586106187,0.6117422065218235,1.5560537576675415e-05,1.2066096010231158,-20.660960102311577
top_k_20_mix,Vehicle_Sales,M,short,12,0.9661307274227157,0.7429617777150235,0.7365306836330562,0.5424774479329771,0.8704781233070326,,,,0.0,600.0,0.0,Sales,0.7954957586106187,0.6117422065218235,1.5560537576675415e-05,1.2145014187255017,-21.450141872550166
vanilla_univariate,Online_Retail_2_UCI,D,short,30,0.644110333658554,0.3968010336953139,0.23493879488709848,0.05519623734300213,0.7074258093720319,1.3211742043495178e-05,0.0,0.0,0.0,180.0,0.0,Sales,0.644110333658554,0.3968010336953139,1.3211742043495178e-05,1.0,0.0
top_k_1_mix,Online_Retail_2_UCI,D,short,30,0.6441910226506681,0.39685074175588303,0.20607926783226932,0.042468664630284196,0.7074258093720319,,,,0.0,180.0,0.0,Sales,0.644110333658554,0.3968010336953139,1.3211742043495178e-05,1.00012527200372,-0.012527200371992286
top_k_5_mix,Online_Retail_2_UCI,D,short,30,0.652824226701073,0.4021691850602241,0.2329401244141903,0.05426110156209845,0.7074258093720319,,,,0.0,180.0,0.0,Sales,0.644110333658554,0.3968010336953139,1.3211742043495178e-05,1.0135285720274414,-1.35285720274414
top_k_10_mix,Online_Retail_2_UCI,D,short,30,0.6609401510599556,0.4071689607301868,0.22301320428043686,0.04973488928342786,0.7074258093720319,,,,0.0,180.0,0.0,Sales,0.644110333658554,0.3968010336953139,1.3211742043495178e-05,1.026128780306641,-2.612878030664101
top_k_15_mix,Online_Retail_2_UCI,D,short,30,0.6887140699649028,0.42427894818940837,0.23987912051934934,0.05754199246113653,0.7074258093720319,,,,0.0,180.0,0.0,Sales,0.644110333658554,0.3968010336953139,1.3211742043495178e-05,1.0692485960487532,-6.924859604875322
top_k_20_mix,Online_Retail_2_UCI,D,short,30,0.6764682991106793,0.416735000701791,0.2552804872426008,0.06516812716681965,0.7074258093720319,,,,0.0,180.0,0.0,Sales,0.644110333658554,0.3968010336953139,1.3211742043495178e-05,1.0502366811417723,-5.023668114177227
vanilla_univariate,Supply_Chain_Customer,D,short,30,0.6099946202120283,0.4001528486941045,0.25698699621847304,0.06604231622539349,0.7613944839464535,3.300979733467102e-05,0.0,0.0,0.0,12960.0,0.0,Sales,0.6099946202120283,0.4001528486941045,3.300979733467102e-05,1.0,0.0
top_k_1_mix,Supply_Chain_Customer,D,short,30,0.607268875779282,0.398364776531769,0.2451451421166785,0.060096140703406506,0.7613944839464535,,,,0.0,12960.0,0.0,Sales,0.6099946202120283,0.4001528486941045,3.300979733467102e-05,0.9955315270947818,0.4468472905218235
top_k_5_mix,Supply_Chain_Customer,D,short,30,0.6092208329269708,0.3996452488298772,0.24937462032288643,0.06218770126118377,0.7613944839464535,,,,0.0,12960.0,0.0,Sales,0.6099946202120283,0.4001528486941045,3.300979733467102e-05,0.9987314850665592,0.1268514933440823
top_k_10_mix,Supply_Chain_Customer,D,short,30,0.611175045737122,0.40092720082916644,0.2514293466260685,0.06321671634481169,0.7613944839464535,,,,0.0,12960.0,0.0,Sales,0.6099946202120283,0.4001528486941045,3.300979733467102e-05,1.0019351408782644,-0.19351408782644075
top_k_15_mix,Supply_Chain_Customer,D,short,30,0.6162279880149941,0.404241900958939,0.25378440954871695,0.0644065265299909,0.7613944839464535,,,,0.0,12960.0,0.0,Sales,0.6099946202120283,0.4001528486941045,3.300979733467102e-05,1.0102187258648267,-1.021872586482675
top_k_20_mix,Supply_Chain_Customer,D,short,30,0.6194217058323617,0.4063369608827471,0.25594641495438797,0.06550856732800374,0.7613944839464535,,,,0.0,12960.0,0.0,Sales,0.6099946202120283,0.4001528486941045,3.300979733467102e-05,1.0154543750190068,-1.5454375019006816
vanilla_univariate,Supply_Chain_Location,D,short,30,0.6594302215265823,0.4622890614339619,0.2549053192887686,0.06497672180170905,0.5773547972858538,4.318170249462128e-05,0.0,0.0,0.0,18360.0,0.0,Sales,0.6594302215265823,0.4622890614339619,4.318170249462128e-05,1.0,0.0
top_k_1_mix,Supply_Chain_Location,D,short,30,0.6606636991259601,0.4631537824963302,0.2561494935982669,0.06561256307064856,0.5773547972858538,,,,0.0,18360.0,0.0,Sales,0.6594302215265823,0.4622890614339619,4.318170249462128e-05,1.001870520275098,-0.1870520275097931
top_k_5_mix,Supply_Chain_Location,D,short,30,0.6582749546577442,0.46147916947107237,0.25570339794508146,0.06538422772066069,0.5773547972858538,,,,0.0,18360.0,0.0,Sales,0.6594302215265823,0.4622890614339619,4.318170249462128e-05,0.9982480832222648,0.17519167777352296
top_k_10_mix,Supply_Chain_Location,D,short,30,0.6584312048628275,0.46158870761218085,0.25571232752211714,0.0653887944467785,0.5773547972858538,,,,0.0,18360.0,0.0,Sales,0.6594302215265823,0.4622890614339619,4.318170249462128e-05,0.9984850305140064,0.15149694859936114
top_k_15_mix,Supply_Chain_Location,D,short,30,0.6595592472978513,0.46237951407133526,0.25726095751712325,0.06618320026262708,0.5773547972858538,,,,0.0,18360.0,0.0,Sales,0.6594302215265823,0.4622890614339619,4.318170249462128e-05,1.0001956625084159,-0.01956625084158503
top_k_20_mix,Supply_Chain_Location,D,short,30,0.6613251767219032,0.4636175068556418,0.2583800592738178,0.0667602550303416,0.5773547972858538,,,,0.0,18360.0,0.0,Sales,0.6594302215265823,0.4622890614339619,4.318170249462128e-05,1.0028736250378911,-0.28736250378911254
vanilla_univariate,azure2019_U,5T,short,48,0.6951977394287573,0.6245856664918761,0.9573218036892632,0.9164650358188643,1.2257899723905192,7.627904415130615e-05,0.0,0.0,0.0,67392.0,0.0,Cloud operations,0.6951977394287573,0.6245856664918761,7.627904415130615e-05,1.0,0.0
top_k_1_mix,azure2019_U,5T,short,48,0.6951977394287573,0.6245856664918761,0.9573218036892632,0.9164650358188643,1.2257899723905192,,,,0.0,67392.0,0.0,Cloud operations,0.6951977394287573,0.6245856664918761,7.627904415130615e-05,1.0,0.0
top_k_5_mix,azure2019_U,5T,short,48,0.6951977394287573,0.6245856664918761,0.9573218036892632,0.9164650358188643,1.2257899723905192,,,,0.0,67392.0,0.0,Cloud operations,0.6951977394287573,0.6245856664918761,7.627904415130615e-05,1.0,0.0
top_k_10_mix,azure2019_U,5T,short,48,0.6951977394287573,0.6245856664918761,0.9573218036892632,0.9164650358188643,1.2257899723905192,,,,0.0,67392.0,0.0,Cloud operations,0.6951977394287573,0.6245856664918761,7.627904415130615e-05,1.0,0.0
top_k_15_mix,azure2019_U,5T,short,48,0.6951977394287573,0.6245856664918761,0.9573218036892632,0.9164650358188643,1.2257899723905192,,,,0.0,67392.0,0.0,Cloud operations,0.6951977394287573,0.6245856664918761,7.627904415130615e-05,1.0,0.0
top_k_20_mix,azure2019_U,5T,short,48,0.6951977394287573,0.6245856664918761,0.9573218036892632,0.9164650358188643,1.2257899723905192,,,,0.0,67392.0,0.0,Cloud operations,0.6951977394287573,0.6245856664918761,7.627904415130615e-05,1.0,0.0
vanilla_univariate,Smart_Manufacturing,H,short,24,0.7122914326225457,0.7132034589157052,0.12809217220561023,0.016407604580351707,0.03817606606400739,0.00011457130312919617,0.0,0.0,0.0,40650.0,0.0,Industry,0.7122914326225457,0.7132034589157052,0.00011457130312919617,1.0,0.0
top_k_1_mix,Smart_Manufacturing,H,short,24,0.7122914326225457,0.7132034589157052,0.12809217220561023,0.016407604580351707,0.03817606606400739,,,,0.0,40650.0,0.0,Industry,0.7122914326225457,0.7132034589157052,0.00011457130312919617,1.0,0.0
top_k_5_mix,Smart_Manufacturing,H,short,24,0.7122914326225457,0.7132034589157052,0.12809217220561023,0.016407604580351707,0.03817606606400739,,,,0.0,40650.0,0.0,Industry,0.7122914326225457,0.7132034589157052,0.00011457130312919617,1.0,0.0
top_k_10_mix,Smart_Manufacturing,H,short,24,0.7122914326225457,0.7132034589157052,0.12809217220561023,0.016407604580351707,0.03817606606400739,,,,0.0,40650.0,0.0,Industry,0.7122914326225457,0.7132034589157052,0.00011457130312919617,1.0,0.0
top_k_15_mix,Smart_Manufacturing,H,short,24,0.7122914326225457,0.7132034589157052,0.12809217220561023,0.016407604580351707,0.03817606606400739,,,,0.0,40650.0,0.0,Industry,0.7122914326225457,0.7132034589157052,0.00011457130312919617,1.0,0.0
top_k_20_mix,Smart_Manufacturing,H,short,24,0.7122914326225457,0.7132034589157052,0.12809217220561023,0.016407604580351707,0.03817606606400739,,,,0.0,40650.0,0.0,Industry,0.7122914326225457,0.7132034589157052,0.00011457130312919617,1.0,0.0
vanilla_univariate,Smart_Manufacturing,H,medium,168,0.7121692492493292,0.7079806761832337,0.053205922749034865,0.0028308702155762657,0.01326920601468509,3.127008676528931e-05,0.0,0.0,0.0,40650.0,0.0,Industry,0.7121692492493292,0.7079806761832337,3.127008676528931e-05,1.0,0.0
top_k_1_mix,Smart_Manufacturing,H,medium,168,0.7121692492493292,0.7079806761832337,0.053205922749034865,0.0028308702155762657,0.01326920601468509,,,,0.0,40650.0,0.0,Industry,0.7121692492493292,0.7079806761832337,3.127008676528931e-05,1.0,0.0
top_k_5_mix,Smart_Manufacturing,H,medium,168,0.7121692492493292,0.7079806761832337,0.053205922749034865,0.0028308702155762657,0.01326920601468509,,,,0.0,40650.0,0.0,Industry,0.7121692492493292,0.7079806761832337,3.127008676528931e-05,1.0,0.0
top_k_10_mix,Smart_Manufacturing,H,medium,168,0.7121692492493292,0.7079806761832337,0.053205922749034865,0.0028308702155762657,0.01326920601468509,,,,0.0,40650.0,0.0,Industry,0.7121692492493292,0.7079806761832337,3.127008676528931e-05,1.0,0.0
top_k_15_mix,Smart_Manufacturing,H,medium,168,0.7121692492493292,0.7079806761832337,0.053205922749034865,0.0028308702155762657,0.01326920601468509,,,,0.0,40650.0,0.0,Industry,0.7121692492493292,0.7079806761832337,3.127008676528931e-05,1.0,0.0
top_k_20_mix,Smart_Manufacturing,H,medium,168,0.7121692492493292,0.7079806761832337,0.053205922749034865,0.0028308702155762657,0.01326920601468509,,,,0.0,40650.0,0.0,Industry,0.7121692492493292,0.7079806761832337,3.127008676528931e-05,1.0,0.0
vanilla_univariate,Smart_Manufacturing,H,long,336,0.7116831869990798,0.710095187102008,0.039755539553210296,0.0015805029251668682,0.0120211297863795,2.2348016500473022e-05,0.0,0.0,0.0,40650.0,0.0,Industry,0.7116831869990798,0.710095187102008,2.2348016500473022e-05,1.0,0.0
top_k_1_mix,Smart_Manufacturing,H,long,336,0.7116831869990798,0.710095187102008,0.039755539553210296,0.0015805029251668682,0.0120211297863795,,,,0.0,40650.0,0.0,Industry,0.7116831869990798,0.710095187102008,2.2348016500473022e-05,1.0,0.0
top_k_5_mix,Smart_Manufacturing,H,long,336,0.7116831869990798,0.710095187102008,0.039755539553210296,0.0015805029251668682,0.0120211297863795,,,,0.0,40650.0,0.0,Industry,0.7116831869990798,0.710095187102008,2.2348016500473022e-05,1.0,0.0
top_k_10_mix,Smart_Manufacturing,H,long,336,0.7116831869990798,0.710095187102008,0.039755539553210296,0.0015805029251668682,0.0120211297863795,,,,0.0,40650.0,0.0,Industry,0.7116831869990798,0.710095187102008,2.2348016500473022e-05,1.0,0.0
top_k_15_mix,Smart_Manufacturing,H,long,336,0.7116831869990798,0.710095187102008,0.039755539553210296,0.0015805029251668682,0.0120211297863795,,,,0.0,40650.0,0.0,Industry,0.7116831869990798,0.710095187102008,2.2348016500473022e-05,1.0,0.0
top_k_20_mix,Smart_Manufacturing,H,long,336,0.7116831869990798,0.710095187102008,0.039755539553210296,0.0015805029251668682,0.0120211297863795,,,,0.0,40650.0,0.0,Industry,0.7116831869990798,0.710095187102008,2.2348016500473022e-05,1.0,0.0
vanilla_univariate,MetroPT-3,5T,short,48,0.6435365645174245,0.7374742035443024,0.19052131004758435,0.03629836958224777,0.07601067700804957,2.204813063144684e-05,0.0,0.0,0.0,8922.0,0.0,Transport,0.6435365645174245,0.7374742035443024,2.204813063144684e-05,1.0,0.0
top_k_1_mix,MetroPT-3,5T,short,48,0.6430782997824062,0.7369490454738772,0.19127223713228758,0.036585068697590054,0.07601067700804957,,,,0.0,8922.0,0.0,Transport,0.6435365645174245,0.7374742035443024,2.204813063144684e-05,0.9992878963523044,0.07121036476955833
top_k_5_mix,MetroPT-3,5T,short,48,0.6456151706191823,0.7398562257383725,0.18819848434035397,0.035418669508006456,0.07601067700804957,,,,0.0,8922.0,0.0,Transport,0.6435365645174245,0.7374742035443024,2.204813063144684e-05,1.0032299735809362,-0.32299735809362407
top_k_10_mix,MetroPT-3,5T,short,48,0.6451535387344371,0.7393272090122004,0.18922838219633742,0.03580738062864315,0.07601067700804957,,,,0.0,8922.0,0.0,Transport,0.6435365645174245,0.7374742035443024,2.204813063144684e-05,1.0025126376746365,-0.25126376746364976
top_k_15_mix,MetroPT-3,5T,short,48,0.645589124352471,0.7398263774735538,0.18856624892389276,0.03555723023322749,0.07601067700804957,,,,0.0,8922.0,0.0,Transport,0.6435365645174245,0.7374742035443024,2.204813063144684e-05,1.0031894999417565,-0.3189499941756546
top_k_20_mix,MetroPT-3,5T,short,48,0.6458543352259355,0.7401303014282498,0.18831845883396045,0.03546384193759806,0.07601067700804957,,,,0.0,8922.0,0.0,Transport,0.6435365645174245,0.7374742035443024,2.204813063144684e-05,1.003601614634359,-0.36016146343589295
vanilla_univariate,MetroPT-3,5T,medium,288,0.679845185530925,0.7964742306253869,0.1130321905172604,0.012776276093130253,0.019695959012921885,1.6361474990844727e-05,0.0,0.0,0.0,8922.0,0.0,Transport,0.679845185530925,0.7964742306253869,1.6361474990844727e-05,1.0,0.0
top_k_1_mix,MetroPT-3,5T,medium,288,0.679845185530925,0.7964742306253869,0.1130321905172604,0.012776276093130253,0.019695959012921885,,,,0.0,8922.0,0.0,Transport,0.679845185530925,0.7964742306253869,1.6361474990844727e-05,1.0,0.0
top_k_5_mix,MetroPT-3,5T,medium,288,0.679845185530925,0.7964742306253869,0.1130321905172604,0.012776276093130253,0.019695959012921885,,,,0.0,8922.0,0.0,Transport,0.679845185530925,0.7964742306253869,1.6361474990844727e-05,1.0,0.0
top_k_10_mix,MetroPT-3,5T,medium,288,0.679845185530925,0.7964742306253869,0.1130321905172604,0.012776276093130253,0.019695959012921885,,,,0.0,8922.0,0.0,Transport,0.679845185530925,0.7964742306253869,1.6361474990844727e-05,1.0,0.0
top_k_15_mix,MetroPT-3,5T,medium,288,0.679845185530925,0.7964742306253869,0.1130321905172604,0.012776276093130253,0.019695959012921885,,,,0.0,8922.0,0.0,Transport,0.679845185530925,0.7964742306253869,1.6361474990844727e-05,1.0,0.0
top_k_20_mix,MetroPT-3,5T,medium,288,0.679845185530925,0.7964742306253869,0.1130321905172604,0.012776276093130253,0.019695959012921885,,,,0.0,8922.0,0.0,Transport,0.679845185530925,0.7964742306253869,1.6361474990844727e-05,1.0,0.0
vanilla_univariate,MetroPT-3,5T,long,576,0.6979776681435321,0.803482866338668,0.11176594897748358,0.012491627350837465,0.022228105801810265,1.376122236251831e-05,0.0,0.0,0.0,8922.0,0.0,Transport,0.6979776681435321,0.803482866338668,1.376122236251831e-05,1.0,0.0
top_k_1_mix,MetroPT-3,5T,long,576,0.6979776681435321,0.803482866338668,0.11176594897748358,0.012491627350837465,0.022228105801810265,,,,0.0,8922.0,0.0,Transport,0.6979776681435321,0.803482866338668,1.376122236251831e-05,1.0,0.0
top_k_5_mix,MetroPT-3,5T,long,576,0.6979776681435321,0.803482866338668,0.11176594897748358,0.012491627350837465,0.022228105801810265,,,,0.0,8922.0,0.0,Transport,0.6979776681435321,0.803482866338668,1.376122236251831e-05,1.0,0.0
top_k_10_mix,MetroPT-3,5T,long,576,0.6979776681435321,0.803482866338668,0.11176594897748358,0.012491627350837465,0.022228105801810265,,,,0.0,8922.0,0.0,Transport,0.6979776681435321,0.803482866338668,1.376122236251831e-05,1.0,0.0
top_k_15_mix,MetroPT-3,5T,long,576,0.6979776681435321,0.803482866338668,0.11176594897748358,0.012491627350837465,0.022228105801810265,,,,0.0,8922.0,0.0,Transport,0.6979776681435321,0.803482866338668,1.376122236251831e-05,1.0,0.0
top_k_20_mix,MetroPT-3,5T,long,576,0.6979776681435321,0.803482866338668,0.11176594897748358,0.012491627350837465,0.022228105801810265,,,,0.0,8922.0,0.0,Transport,0.6979776681435321,0.803482866338668,1.376122236251831e-05,1.0,0.0
