dataset,term,method,report_label,inference_seconds,query_retrieval_seconds,datastore_preprocessing_seconds,timing_policy,fallback_count,alternative,alternative_weight,grid_rows,prediction_nan_values,produced_nan_values,prediction_values,prediction_nan_rate,retrieval_extractions,retrieved_neighbors,same_user_neighbors,same_user_retrieval_percentage,normalized_time_distance_sum,average_normalized_time_distance_to_query,fallback_rate,MSE_mean,MSE_variance,MSE_std,MSE_dispersion_ddof,MSE_finite_values,MSE_evaluation_values,MSE_total_values,MAE_mean,MAE_variance,MAE_std,MAE_dispersion_ddof,MAE_finite_values,MAE_evaluation_values,MAE_total_values,RMSE_mean,RMSE_variance,RMSE_std,RMSE_dispersion_ddof,RMSE_finite_values,RMSE_evaluation_values,RMSE_total_values,MAPE_mean,MAPE_variance,MAPE_std,MAPE_dispersion_ddof,MAPE_finite_values,MAPE_evaluation_values,MAPE_total_values,sMAPE_mean,sMAPE_variance,sMAPE_std,sMAPE_dispersion_ddof,sMAPE_finite_values,sMAPE_evaluation_values,sMAPE_total_values,MASE_mean,MASE_variance,MASE_std,MASE_dispersion_ddof,MASE_finite_values,MASE_evaluation_values,MASE_total_values,ND_mean,ND_variance,ND_std,ND_dispersion_ddof,ND_finite_values,ND_evaluation_values,ND_total_values,CRPS_mean,CRPS_variance,CRPS_std,CRPS_dispersion_ddof,CRPS_finite_values,CRPS_evaluation_values,CRPS_total_values,seasonal_MASE_mean,seasonal_MASE_variance,scaled_MASE_mean,scaled_MASE_std,scaled_MASE_variance,MASE_variance_ratio_to_seasonal
Water_Quality_Darwin/15T,short,vanilla_univariate,vanilla_univariate,0.0002850741147994995,0.0,0.0,measured_candidate_query_loop_precomputed_vanilla_fallback_separate_retrieval,0.0,,,3780.0,0.0,0.0,60462.0,0.0,0.0,0.0,0.0,,0.0,,0.0,2.4405859647085175,280.5641870994139,16.750050361100826,0.0,3780.0,3780.0,3780.0,0.48188312297615415,1.544867095493414,1.2429268262827922,0.0,3780.0,3780.0,3780.0,0.5740921386608601,2.111004181036317,1.4529295168852194,0.0,3780.0,3780.0,3780.0,0.06373367293925597,0.0193959293094348,0.1392692690776928,0.0,3780.0,3780.0,3780.0,0.05855484027356423,0.011662230681140867,0.10799180839832652,0.0,3780.0,3780.0,3780.0,0.673833606957897,0.7026319976177748,0.8382314701905285,0.0,3780.0,3780.0,3780.0,0.06077619641696723,0.014101618241797056,0.11875023470207145,0.0,3780.0,3780.0,3780.0,0.06077619641696723,0.014101618241797056,0.11875023470207145,0.0,3780.0,3780.0,3780.0,1.0871610587899843,1.3381496638898256,0.6198102861666855,0.7710278651108827,0.5944839687774456,0.525077288870152
Water_Quality_Darwin/15T,short,top_k_1_mix,top_k_1_mix,,,,assembled_from_candidate_artifacts_no_independent_selected_method_latency,0.0,top_k_1,0.4531993654151243,3780.0,0.0,0.0,60462.0,0.0,3780.0,3780.0,1438.0,38.042328042328045,1846.564515571175,0.48850913110348543,0.0,2.3991014870121425,280.5756411156879,16.75039226751684,0.0,3780.0,3780.0,3780.0,0.4722005480135025,1.5145713580535394,1.230679226302914,0.0,3780.0,3780.0,3780.0,0.5641592263859639,2.0808258542957327,1.4425067952338155,0.0,3780.0,3780.0,3780.0,0.06137963808147219,0.01801367969872504,0.13421505019454802,0.0,3780.0,3780.0,3780.0,0.056310385560878654,0.01086129404605315,0.1042175323352705,0.0,3780.0,3780.0,3780.0,0.6661292685655151,0.7218243738407935,0.8496024798932695,0.0,3780.0,3780.0,3780.0,0.058557957661219025,0.01328973046729465,0.11528109327766912,0.0,3780.0,3780.0,3780.0,0.058557957661219025,0.01328973046729465,0.11528109327766912,0.0,3780.0,3780.0,3780.0,1.0871610587899843,1.3381496638898256,0.6127236283710533,0.7814872258567478,0.6107222841772756,0.5394197624670357
Water_Quality_Darwin/15T,short,top_k_5_mix,top_k_5_mix,,,,assembled_from_candidate_artifacts_no_independent_selected_method_latency,0.0,top_k_5,0.3783712321523004,3780.0,0.0,0.0,60462.0,0.0,3780.0,18900.0,6786.0,35.904761904761905,9544.204611854859,0.5049843709976116,0.0,2.4231959965492202,299.8635552836625,17.31656880804227,0.0,3780.0,3780.0,3780.0,0.4733460276267296,1.5320728892334614,1.2377693198788946,0.0,3780.0,3780.0,3780.0,0.5656082589926735,2.1032832939084964,1.4502700761956362,0.0,3780.0,3780.0,3780.0,0.06188451961740701,0.01848160599845531,0.135947070576954,0.0,3780.0,3780.0,3780.0,0.05650551335985632,0.010744486668164143,0.10365561570973443,0.0,3780.0,3780.0,3780.0,0.6783346503122086,0.75828254372947,0.8707942028570643,0.0,3780.0,3780.0,3780.0,0.058838469907062436,0.013249489672898922,0.11510642759159422,0.0,3780.0,3780.0,3780.0,0.058838469907062436,0.013249489672898922,0.11510642759159422,0.0,3780.0,3780.0,3780.0,1.0871610587899843,1.3381496638898256,0.623950466977909,0.8009799429591993,0.6415688690229221,0.5666649734269947
Water_Quality_Darwin/15T,short,top_k_10_mix,top_k_10_mix,,,,assembled_from_candidate_artifacts_no_independent_selected_method_latency,0.0,top_k_10,0.31094658910629297,3780.0,0.0,0.0,60462.0,0.0,3780.0,37800.0,13143.0,34.76984126984127,19542.214144136386,0.5169897921729203,0.0,2.5078801420989145,321.64242194147414,17.93439215422352,0.0,3780.0,3780.0,3780.0,0.4851304832561083,1.5982535104366191,1.2642205149563976,0.0,3780.0,3780.0,3780.0,0.5769993846661509,2.174951852193798,1.4747717966498404,0.0,3780.0,3780.0,3780.0,0.06450053191858783,0.019925657345788696,0.1411582705539732,0.0,3780.0,3780.0,3780.0,0.05827280562985673,0.011466736105488217,0.1070828469246509,0.0,3780.0,3780.0,3780.0,0.6954418345918387,0.7702512772933592,0.8776396055861194,0.0,3780.0,3780.0,3780.0,0.06112847960739041,0.014446760702256114,0.12019467834416012,0.0,3780.0,3780.0,3780.0,0.06112847960739041,0.014446760702256114,0.12019467834416012,0.0,3780.0,3780.0,3780.0,1.0871610587899843,1.3381496638898256,0.639686115473883,0.8072765286156742,0.6516953936537734,0.5756092147827021
Water_Quality_Darwin/15T,short,top_k_15_mix,top_k_15_mix,,,,assembled_from_candidate_artifacts_no_independent_selected_method_latency,0.0,top_k_15,0.2744579587519831,3780.0,0.0,0.0,60462.0,0.0,3780.0,56700.0,19735.0,34.80599647266314,29418.11508305024,0.5188380085194046,0.0,2.5589066031068035,342.5370711659345,18.507757053893226,0.0,3780.0,3780.0,3780.0,0.49347285953907494,1.6365237133599764,1.279266865575739,0.0,3780.0,3780.0,3780.0,0.584696977723601,2.2170360473476904,1.4889714729798185,0.0,3780.0,3780.0,3780.0,0.06676031403578607,0.02190396510787334,0.14799988212114676,0.0,3780.0,3780.0,3780.0,0.05983094687138446,0.012229226541846622,0.11058583336868526,0.0,3780.0,3780.0,3780.0,0.7130107720338842,0.7811135631628541,0.8838062927830137,0.0,3780.0,3780.0,3780.0,0.06320967086955537,0.015901860541301285,0.1261025794395233,0.0,3780.0,3780.0,3780.0,0.06320967086955537,0.015901860541301285,0.1261025794395233,0.0,3780.0,3780.0,3780.0,1.0871610587899843,1.3381496638898256,0.6558464969555373,0.8129488134597964,0.6608857733056908,0.5837266071511459
Water_Quality_Darwin/15T,short,top_k_20_mix,top_k_20_mix,,,,assembled_from_candidate_artifacts_no_independent_selected_method_latency,0.0,top_k_20,0.2519830777366473,3780.0,0.0,0.0,60462.0,0.0,3780.0,75600.0,26359.0,34.866402116402114,39261.30061206925,0.5193293731755192,0.0,2.635377418548797,366.62186750728455,19.147372339495686,0.0,3780.0,3780.0,3780.0,0.5025027743893326,1.6878785729157768,1.2991838102885123,0.0,3780.0,3780.0,3780.0,0.5940057029720264,2.282534643385506,1.5108059582175024,0.0,3780.0,3780.0,3780.0,0.06826778292910785,0.02322593815610342,0.15240058450053076,0.0,3780.0,3780.0,3780.0,0.060872824515209145,0.012686223798585094,0.11263313810147124,0.0,3780.0,3780.0,3780.0,0.7270258959752287,0.7957156149471798,0.8920289316760863,0.0,3780.0,3780.0,3780.0,0.06452855961761934,0.016671150222682847,0.12911680844368345,0.0,3780.0,3780.0,3780.0,0.06452855961761934,0.016671150222682847,0.12911680844368345,0.0,3780.0,3780.0,3780.0,1.0871610587899843,1.3381496638898256,0.6687379851375583,0.82051221800468,0.6732402998949595,0.5946387287010474
Water_Quality_Darwin/15T,medium,vanilla_univariate,vanilla_univariate,5.552172660827637e-05,0.0,0.0,measured_candidate_query_loop_precomputed_vanilla_fallback_separate_retrieval,0.0,,,630.0,0.0,0.0,60462.0,0.0,0.0,0.0,0.0,,0.0,,0.0,4.184999504152993,417.0703604461362,20.422300566932616,0.0,630.0,630.0,630.0,0.6728081543964503,2.182632805612895,1.4773736174755845,0.0,630.0,630.0,630.0,0.8521322378291079,3.45887015340535,1.8598037943302916,0.0,630.0,630.0,630.0,0.08747289558159894,0.023859214414800097,0.15446428200331655,0.0,630.0,630.0,630.0,0.07609145317490038,0.015191307744153552,0.1232530232657745,0.0,630.0,630.0,630.0,1.0024962693142256,0.9031381649777965,0.9503358169498803,0.0,630.0,630.0,630.0,0.07558043508200599,0.014783403410597008,0.12158701991000934,0.0,630.0,630.0,630.0,0.07558043508200599,0.014783403410597008,0.12158701991000934,0.0,630.0,630.0,630.0,1.0892248555624096,0.8662032158339698,0.9203758656394206,0.8724881846909237,0.7612356324252635,1.0426400508202527
Water_Quality_Darwin/15T,medium,top_k_1_mix,top_k_1_mix,,,,assembled_from_candidate_artifacts_no_independent_selected_method_latency,0.0,top_k_1,0.47310126582278483,630.0,0.0,0.0,60462.0,0.0,630.0,630.0,246.0,39.04761904761905,302.268555870916,0.47979135852526344,0.0,3.9663490103736416,390.1956099577006,19.75336958490122,0.0,630.0,630.0,630.0,0.6526404025734723,2.0624720677214654,1.4361309368304358,0.0,630.0,630.0,630.0,0.8253572001514822,3.2851345025317484,1.8124940006884847,0.0,630.0,630.0,630.0,0.08292208756232879,0.021104705246877183,0.14527458568819662,0.0,630.0,630.0,630.0,0.07266892025779205,0.013771978607165976,0.11735407367094666,0.0,630.0,630.0,630.0,0.9913919634035614,0.9735508471080452,0.986686802946125,0.0,630.0,630.0,630.0,0.07184017615504933,0.013190873643643896,0.1148515286952851,0.0,630.0,630.0,630.0,0.07184017615504933,0.013190873643643896,0.1148515286952851,0.0,630.0,630.0,630.0,1.0892248555624096,0.8662032158339698,0.9101811791576009,0.9058614462453299,0.8205849597936807,1.1239289225805085
Water_Quality_Darwin/15T,medium,top_k_5_mix,top_k_5_mix,,,,assembled_from_candidate_artifacts_no_independent_selected_method_latency,0.0,top_k_5,0.46835443037974683,630.0,0.0,0.0,60462.0,0.0,630.0,3150.0,1138.0,36.12698412698413,1579.6718604383875,0.5014831302979008,0.0,3.9886595848177535,394.8579335909588,19.871032524530747,0.0,630.0,630.0,630.0,0.6505975661980853,2.0903643397607006,1.4458092335300328,0.0,630.0,630.0,630.0,0.8217362010318383,3.313409200731517,1.820277231833524,0.0,630.0,630.0,630.0,0.08083677369962303,0.02007510107175289,0.14168662982706903,0.0,630.0,630.0,630.0,0.07129019644157623,0.013278135841566587,0.11523079380776037,0.0,630.0,630.0,630.0,1.0072092257992136,1.019640065676312,1.009772284070182,0.0,630.0,630.0,630.0,0.07025707203836297,0.012650446304953936,0.11247420284204701,0.0,630.0,630.0,630.0,0.07025707203836297,0.012650446304953936,0.11247420284204701,0.0,630.0,630.0,630.0,1.0892248555624096,0.8662032158339698,0.9247027559604779,0.9270558589565024,0.8594325656255785,1.1771372433599374
Water_Quality_Darwin/15T,medium,top_k_10_mix,top_k_10_mix,,,,assembled_from_candidate_artifacts_no_independent_selected_method_latency,0.0,top_k_10,0.4224683544303797,630.0,0.0,0.0,60462.0,0.0,630.0,6300.0,2205.0,35.0,3250.1625439337254,0.5158988164974168,0.0,4.243938221685584,525.705085932189,22.92825954869207,0.0,630.0,630.0,630.0,0.6607512173009297,2.269912863116607,1.506622999664019,0.0,630.0,630.0,630.0,0.8327171978546706,3.5505202900826487,1.8842824337350939,0.0,630.0,630.0,630.0,0.08283827521598473,0.021549077022630248,0.14679603885197395,0.0,630.0,630.0,630.0,0.0724774385740986,0.01377674327059478,0.11737437229052507,0.0,630.0,630.0,630.0,1.028014967652441,1.0264860724906544,1.0131564896355618,0.0,630.0,630.0,630.0,0.071763970441123,0.013492496781948917,0.11615720718900277,0.0,630.0,630.0,630.0,0.071763970441123,0.013492496781948917,0.11615720718900277,0.0,630.0,630.0,630.0,1.0892248555624096,0.8662032158339698,0.9438041763393625,0.9301628442112895,0.8652029167512356,1.1850407083773826
Water_Quality_Darwin/15T,medium,top_k_15_mix,top_k_15_mix,,,,assembled_from_candidate_artifacts_no_independent_selected_method_latency,0.0,top_k_15,0.370253164556962,630.0,0.0,0.0,60462.0,0.0,630.0,9450.0,3313.0,35.05820105820106,4891.436962354292,0.5176123769687081,0.0,4.3430517406587645,545.0275365888025,23.345824821342305,0.0,630.0,630.0,630.0,0.673326774507898,2.3427589844534906,1.530607390696089,0.0,630.0,630.0,630.0,0.8458567565316495,3.627578088088523,1.9046201952327722,0.0,630.0,630.0,630.0,0.08586583696554509,0.02380974826570913,0.15430407728154538,0.0,630.0,630.0,630.0,0.07410420976891745,0.014469432792222212,0.1202889554041526,0.0,630.0,630.0,630.0,1.0440024289073946,1.06124189178431,1.030165953516379,0.0,630.0,630.0,630.0,0.07381141571603986,0.014573151351369378,0.12071930811336427,0.0,630.0,630.0,630.0,0.07381141571603986,0.014573151351369378,0.12071930811336427,0.0,630.0,630.0,630.0,1.0892248555624096,0.8662032158339698,0.958482010005487,0.9457789622184704,0.8944978453750466,1.2251650333144508
Water_Quality_Darwin/15T,medium,top_k_20_mix,top_k_20_mix,,,,assembled_from_candidate_artifacts_no_independent_selected_method_latency,0.0,top_k_20,0.3370253164556962,630.0,0.0,0.0,60462.0,0.0,630.0,12600.0,4426.0,35.12698412698413,6528.890056686134,0.5181658775147725,0.0,4.477843911195405,598.189670773315,24.457916321169204,0.0,630.0,630.0,630.0,0.6820748619223259,2.436219832936106,1.5608394641782048,0.0,630.0,630.0,630.0,0.8545011905803853,3.7476716264921097,1.9358903963014304,0.0,630.0,630.0,630.0,0.08737699042440186,0.025050038733880488,0.15827204027837793,0.0,630.0,630.0,630.0,0.07496630616456229,0.01489041594725961,0.12202629203274026,0.0,630.0,630.0,630.0,1.0474323685890583,1.0277115380036157,1.0137610852679322,0.0,630.0,630.0,630.0,0.07470593939690821,0.015047334329556718,0.12266757652108694,0.0,630.0,630.0,630.0,0.07470593939690821,0.015047334329556718,0.12266757652108694,0.0,630.0,630.0,630.0,1.0892248555624096,0.8662032158339698,0.9616309830243709,0.9307179138365215,0.8662358351362065,1.1864554635878923
Water_Quality_Darwin/15T,long,vanilla_univariate,vanilla_univariate,2.522207796573639e-05,0.0,0.0,measured_candidate_query_loop_precomputed_vanilla_fallback_separate_retrieval,0.0,,,210.0,0.0,0.0,60462.0,0.0,0.0,0.0,0.0,,0.0,,0.0,9.940662056843086,3561.156208393067,59.6754238224838,0.0,210.0,210.0,210.0,0.979045183610399,5.647223003797133,2.376388647464285,0.0,210.0,210.0,210.0,1.229896640738817,8.428016309942457,2.9031045985190502,0.0,210.0,210.0,210.0,0.11982347889987334,0.043933661604981925,0.2096035820423447,0.0,210.0,210.0,210.0,0.09876197437531162,0.024519793064878313,0.15658797228675742,0.0,210.0,210.0,210.0,1.4834560814452424,1.7680966930917972,1.3296979706278405,0.0,210.0,210.0,210.0,0.0985400573805222,0.024095073730137116,0.15522587970482601,0.0,210.0,210.0,210.0,0.0985400573805222,0.024095073730137116,0.15522587970482601,0.0,210.0,210.0,210.0,1.591229713377238,1.5257973604856987,0.9322702240751551,0.8356417426404635,0.6982971220431906,1.1588017772746497
Water_Quality_Darwin/15T,long,top_k_1_mix,top_k_1_mix,,,,assembled_from_candidate_artifacts_no_independent_selected_method_latency,0.0,top_k_1,0.5047169811320755,210.0,0.0,0.0,60462.0,0.0,210.0,210.0,77.0,36.666666666666664,101.33471419715634,0.4825462580816969,0.0,9.067724008778073,3040.7854569611964,55.143317427963986,0.0,210.0,210.0,210.0,0.930934840346363,5.043499003601404,2.2457735868963735,0.0,210.0,210.0,210.0,1.1813956724827004,7.6720282738172205,2.769842644234004,0.0,210.0,210.0,210.0,0.11480414290239552,0.04090857644860906,0.20225868695462518,0.0,210.0,210.0,210.0,0.09460160507574987,0.023005403180213234,0.1516753215925822,0.0,210.0,210.0,210.0,1.456546716596473,1.680703498811169,1.296419491835559,0.0,210.0,210.0,210.0,0.09468230268323098,0.02311383231078244,0.1520323396872601,0.0,210.0,210.0,210.0,0.09468230268323098,0.02311383231078244,0.1520323396872601,0.0,210.0,210.0,210.0,1.591229713377238,1.5257973604856987,0.9153591743237921,0.8147280565067054,0.6637818060591933,1.101524712479618
Water_Quality_Darwin/15T,long,top_k_5_mix,top_k_5_mix,,,,assembled_from_candidate_artifacts_no_independent_selected_method_latency,0.0,top_k_5,0.5094339622641509,210.0,0.0,0.0,60462.0,0.0,210.0,1050.0,364.0,34.666666666666664,536.8242222307881,0.511261164029322,0.0,9.25303533661725,2963.76073841829,54.440432937461935,0.0,210.0,210.0,210.0,0.9448919588756182,5.149034874503438,2.269148491065192,0.0,210.0,210.0,210.0,1.1962825269239568,7.821943452393684,2.7967737578133995,0.0,210.0,210.0,210.0,0.1091969551268602,0.03491838049096724,0.18686460470342486,0.0,210.0,210.0,210.0,0.09259213176853066,0.022041068711518477,0.14846234779067208,0.0,210.0,210.0,210.0,1.5150182290081269,2.0729465180566273,1.4397730786678251,0.0,210.0,210.0,210.0,0.09135318537479707,0.02073484210367898,0.14399597947053583,0.0,210.0,210.0,210.0,0.09135318537479707,0.02073484210367898,0.14399597947053583,0.0,210.0,210.0,210.0,1.591229713377238,1.5257973604856987,0.9521052908147628,0.9048178692013235,0.8186953764260233,1.3585988360844703
Water_Quality_Darwin/15T,long,top_k_10_mix,top_k_10_mix,,,,assembled_from_candidate_artifacts_no_independent_selected_method_latency,0.0,top_k_10,0.46226415094339623,210.0,0.0,0.0,60462.0,0.0,210.0,2100.0,731.0,34.80952380952381,1086.6419706896936,0.5174485574712827,0.0,9.048204438691496,2780.7454815768892,52.73277426398965,0.0,210.0,210.0,210.0,0.9442486341113454,4.992007057965363,2.23427998647559,0.0,210.0,210.0,210.0,1.197862022486821,7.613331013775277,2.759226524549095,0.0,210.0,210.0,210.0,0.11056723349534238,0.03686042430552895,0.1919906880698357,0.0,210.0,210.0,210.0,0.09328827133602471,0.022566252045504092,0.15022067782267556,0.0,210.0,210.0,210.0,1.5293801287452262,1.9048325195755946,1.3801567010943339,0.0,210.0,210.0,210.0,0.09277156302321143,0.02194466411779507,0.14813731507555775,0.0,210.0,210.0,210.0,0.09277156302321143,0.02194466411779507,0.14813731507555775,0.0,210.0,210.0,210.0,1.591229713377238,1.5257973604856987,0.9611309516708674,0.8673522681807385,0.7522999571182719,1.2484177577612532
Water_Quality_Darwin/15T,long,top_k_15_mix,top_k_15_mix,,,,assembled_from_candidate_artifacts_no_independent_selected_method_latency,0.0,top_k_15,0.41509433962264153,210.0,0.0,0.0,60462.0,0.0,210.0,3150.0,1091.0,34.63492063492063,1641.872024659083,0.5212292141774867,0.0,9.507523864834234,3134.6464056453356,55.98791303170119,0.0,210.0,210.0,210.0,0.9533427596951789,5.360114727707731,2.3151921578365218,0.0,210.0,210.0,210.0,1.2055445052951232,8.05418631058697,2.837989836237433,0.0,210.0,210.0,210.0,0.11301715818637842,0.03955409723603034,0.1988821189449427,0.0,210.0,210.0,210.0,0.094431668259105,0.02287223099208195,0.15123568028769518,0.0,210.0,210.0,210.0,1.5142005233272648,1.849557202123281,1.359984265395479,0.0,210.0,210.0,210.0,0.09400058547050108,0.02262280524341822,0.15040879377023877,0.0,210.0,210.0,210.0,0.09400058547050108,0.02262280524341822,0.15040879377023877,0.0,210.0,210.0,210.0,1.591229713377238,1.5257973604856987,0.9515914079517245,0.8546750063565858,0.73046936649063,1.2121905896694707
Water_Quality_Darwin/15T,long,top_k_20_mix,top_k_20_mix,,,,assembled_from_candidate_artifacts_no_independent_selected_method_latency,0.0,top_k_20,0.3867924528301887,210.0,0.0,0.0,60462.0,0.0,210.0,4200.0,1463.0,34.833333333333336,2198.045901892928,0.5233442623554591,0.0,9.5223528836056,3094.0868805917394,55.62451690209758,0.0,210.0,210.0,210.0,0.9591351568776291,5.362572077477449,2.3157227980648827,0.0,210.0,210.0,210.0,1.2105727238787252,8.056866563806445,2.838462006757611,0.0,210.0,210.0,210.0,0.11440757647534745,0.04076335094631382,0.20189935845939141,0.0,210.0,210.0,210.0,0.09499814392332577,0.023148412705790586,0.15214602428519317,0.0,210.0,210.0,210.0,1.5249426861326276,1.8259340023907633,1.3512712541865024,0.0,210.0,210.0,210.0,0.09462959846685601,0.023037233528137715,0.15178021454767324,0.0,210.0,210.0,210.0,0.09462959846685601,0.023037233528137715,0.15178021454767324,0.0,210.0,210.0,210.0,1.591229713377238,1.5257973604856987,0.9583422640443772,0.8491993599833892,0.7211395529961979,1.196708062078128
current_velocity/5T,short,vanilla_univariate,vanilla_univariate,4.6741217374801636e-05,0.0,0.0,measured_candidate_query_loop_precomputed_vanilla_fallback_separate_retrieval,0.0,,,720.0,0.0,0.0,25920.0,0.0,0.0,0.0,0.0,,0.0,,0.0,3.1017996227784654,123.59868408090001,11.117494505548452,0.0,720.0,720.0,720.0,0.5676070610580844,1.9418912856796924,1.3935175943201048,0.0,720.0,720.0,720.0,0.6768385271679246,2.64368923091962,1.6259425669191456,0.0,720.0,720.0,720.0,0.420869425279677,0.7086385456860238,0.8418067151585474,0.0,720.0,720.0,720.0,0.34502237332498153,0.25074733847719366,0.500746780795637,0.0,720.0,720.0,720.0,0.40666683057892833,0.08679670482631692,0.29461280492591785,0.0,720.0,720.0,720.0,0.2928530692991459,0.18138884766203472,0.4258976962394076,0.0,720.0,720.0,720.0,0.2928530692991459,0.18138884766203472,0.4258976962394076,0.0,720.0,720.0,720.0,0.9105016048084428,0.38424047675878115,0.4466404325168494,0.3235719776549986,0.10469882472356694,0.22589162276312247
current_velocity/5T,short,top_k_1_mix,top_k_1_mix,,,,assembled_from_candidate_artifacts_no_independent_selected_method_latency,0.0,top_k_1,0.4986149584487535,720.0,0.0,0.0,25920.0,0.0,720.0,720.0,720.0,100.0,369.39542566099544,0.5130492023069381,0.0,3.216801004949496,133.2690279087355,11.544220541410992,0.0,720.0,720.0,720.0,0.5758683139333278,2.0236283598436566,1.4225429202114277,0.0,720.0,720.0,720.0,0.6861236954832688,2.746035279445879,1.6571165557817227,0.0,720.0,720.0,720.0,0.4146743665625614,0.6603390919207133,0.8126125103151645,0.0,720.0,720.0,720.0,0.34365191947093676,0.2476979410844563,0.49769261706846357,0.0,720.0,720.0,720.0,0.3942819337223789,0.08361409721178029,0.2891610229816257,0.0,720.0,720.0,720.0,0.2916763909007773,0.17821214355451284,0.42215180155308213,0.0,720.0,720.0,720.0,0.2916763909007773,0.17821214355451284,0.42215180155308213,0.0,720.0,720.0,720.0,0.9105016048084428,0.38424047675878115,0.433038153519049,0.31758430897270223,0.10085979330566881,0.21760876916741811
current_velocity/5T,short,top_k_5_mix,top_k_5_mix,,,,assembled_from_candidate_artifacts_no_independent_selected_method_latency,0.0,top_k_5,0.4584487534626039,720.0,0.0,0.0,25920.0,0.0,720.0,3600.0,3600.0,100.0,1879.9838963540258,0.5222177489872294,0.0,3.168024082321632,128.4335407510875,11.332852277828716,0.0,720.0,720.0,720.0,0.5743793008091266,1.986637505213931,1.40948128941605,0.0,720.0,720.0,720.0,0.6833149324403914,2.7011047854256156,1.6435038136328177,0.0,720.0,720.0,720.0,0.4111034288605282,0.6211066126585513,0.7881031738665638,0.0,720.0,720.0,720.0,0.34357681612047414,0.24475696374477232,0.49472918222475243,0.0,720.0,720.0,720.0,0.3965162412894187,0.07812690498174515,0.27951190490164307,0.0,720.0,720.0,720.0,0.29040471530315903,0.1724477103885098,0.4152682390798865,0.0,720.0,720.0,720.0,0.29040471530315903,0.1724477103885098,0.4152682390798865,0.0,720.0,720.0,720.0,0.9105016048084428,0.38424047675878115,0.43549208391877614,0.30698672404915595,0.09424084874243262,0.20332814918609352
current_velocity/5T,short,top_k_10_mix,top_k_10_mix,,,,assembled_from_candidate_artifacts_no_independent_selected_method_latency,0.0,top_k_10,0.42382271468144045,720.0,0.0,0.0,25920.0,0.0,720.0,7200.0,7200.0,100.0,3803.1606414760727,0.5282167557605657,0.0,3.1942551832195476,127.31743345372922,11.283502712089417,0.0,720.0,720.0,720.0,0.5800558513891174,2.0088933188519347,1.4173543377899314,0.0,720.0,720.0,720.0,0.6881867454964675,2.720654186542528,1.6494405677509354,0.0,720.0,720.0,720.0,0.4085953073122577,0.6067143597990654,0.7789187119328085,0.0,720.0,720.0,720.0,0.34812287746978987,0.2495031227333816,0.4995028756007132,0.0,720.0,720.0,720.0,0.4026339690812833,0.079889617725936,0.2826475149827714,0.0,720.0,720.0,720.0,0.2921688159400642,0.17368431702032588,0.41675450449914264,0.0,720.0,720.0,720.0,0.2921688159400642,0.17368431702032588,0.41675450449914264,0.0,720.0,720.0,720.0,0.9105016048084428,0.38424047675878115,0.4422111580637928,0.3104305511270753,0.09636712707305974,0.20791567405869418
current_velocity/5T,short,top_k_15_mix,top_k_15_mix,,,,assembled_from_candidate_artifacts_no_independent_selected_method_latency,0.0,top_k_15,0.4002770083102493,720.0,0.0,0.0,25920.0,0.0,720.0,10800.0,10800.0,100.0,5749.708338193546,0.5323804016845877,0.0,3.212011556408479,125.1037280514155,11.184977785021099,0.0,720.0,720.0,720.0,0.5841499290450312,2.024296966429504,1.4227779048149096,0.0,720.0,720.0,720.0,0.6921195397894584,2.7329820990501075,1.6531733421060562,0.0,720.0,720.0,720.0,0.40672658561307234,0.5958523898343455,0.7719147555490473,0.0,720.0,720.0,720.0,0.3515413887034031,0.253321953622078,0.5033109909609346,0.0,720.0,720.0,720.0,0.4102195054853418,0.08149708991568748,0.28547695163653314,0.0,720.0,720.0,720.0,0.2931930757873375,0.17355479636716623,0.4165990834929504,0.0,720.0,720.0,720.0,0.2931930757873375,0.17355479636716623,0.4165990834929504,0.0,720.0,720.0,720.0,0.9105016048084428,0.38424047675878115,0.45054232010018963,0.3135381092453908,0.09830614594917458,0.2120991796677626
current_velocity/5T,short,top_k_20_mix,top_k_20_mix,,,,assembled_from_candidate_artifacts_no_independent_selected_method_latency,0.0,top_k_20,0.38227146814404434,720.0,0.0,0.0,25920.0,0.0,720.0,14400.0,14400.0,100.0,7709.715517759038,0.5353969109554888,0.0,3.2022087256433003,123.40461256229004,11.108762872718549,0.0,720.0,720.0,720.0,0.5854318530145315,2.02267727512009,1.4222085905801898,0.0,720.0,720.0,720.0,0.6922501559029501,2.7229984472956414,1.6501510377221964,0.0,720.0,720.0,720.0,0.40397615580940016,0.5758900974987866,0.7588742303562472,0.0,720.0,720.0,720.0,0.3539310689305753,0.25636772307996175,0.5063276835014671,0.0,720.0,720.0,720.0,0.4143052397480052,0.08218805360622866,0.28668458906301303,0.0,720.0,720.0,720.0,0.2937027669090378,0.17382908041532832,0.4169281477848771,0.0,720.0,720.0,720.0,0.2937027669090378,0.17382908041532832,0.4169281477848771,0.0,720.0,720.0,720.0,0.9105016048084428,0.38424047675878115,0.4550296644838637,0.3148644522414956,0.09913962328533707,0.21389743813436074
current_velocity/5T,medium,vanilla_univariate,vanilla_univariate,2.0058825612068176e-05,0.0,0.0,measured_candidate_query_loop_precomputed_vanilla_fallback_separate_retrieval,0.0,,,90.0,0.0,0.0,25920.0,0.0,0.0,0.0,0.0,,0.0,,0.0,5.144880476135476,167.62519149452382,12.947014771541888,0.0,90.0,90.0,90.0,0.8054002939545846,2.877863553654991,1.6964267015273577,0.0,90.0,90.0,90.0,0.9830063797358682,4.178578933534057,2.0441572673192385,0.0,90.0,90.0,90.0,0.6743699293468235,1.50156651018448,1.2253842296130957,0.0,90.0,90.0,90.0,0.41084772407747433,0.2531497597162886,0.5031399007396339,0.0,90.0,90.0,90.0,0.6444202193835324,0.0837788240659037,0.28944571868642954,0.0,90.0,90.0,90.0,0.3625537550317165,0.20844045241798612,0.45655279258590253,0.0,90.0,90.0,90.0,0.3625537550317165,0.20844045241798612,0.45655279258590253,0.0,90.0,90.0,90.0,0.9106922601897061,0.11522061713881367,0.7076157858740267,0.3178304366242612,0.1010161864447685,0.7271166059193207
current_velocity/5T,medium,top_k_1_mix,top_k_1_mix,,,,assembled_from_candidate_artifacts_no_independent_selected_method_latency,0.0,top_k_1,0.5652173913043478,90.0,0.0,0.0,25920.0,0.0,90.0,90.0,90.0,100.0,45.242949918827335,0.5026994435425259,0.0,5.317801359182013,176.6289954304878,13.290184175943079,0.0,90.0,90.0,90.0,0.817094684429955,3.014275161357079,1.7361668011331972,0.0,90.0,90.0,90.0,0.9920551437110153,4.3336279510185305,2.081736763142384,0.0,90.0,90.0,90.0,0.6938142364899029,1.5472016817924537,1.2438656204721046,0.0,90.0,90.0,90.0,0.42400091835457077,0.26972580312468847,0.5193513291835196,0.0,90.0,90.0,90.0,0.6224946951822135,0.08473583723205678,0.29109420679920234,0.0,90.0,90.0,90.0,0.3804678262562656,0.24711438639348263,0.49710601122243797,0.0,90.0,90.0,90.0,0.3804678262562656,0.24711438639348263,0.49710601122243797,0.0,90.0,90.0,90.0,0.9106922601897061,0.11522061713881367,0.6835401182091322,0.31964058499691717,0.10217010357717143,0.7354225253798987
current_velocity/5T,medium,top_k_5_mix,top_k_5_mix,,,,assembled_from_candidate_artifacts_no_independent_selected_method_latency,0.0,top_k_5,0.5543478260869565,90.0,0.0,0.0,25920.0,0.0,90.0,450.0,450.0,100.0,231.173022916846,0.5137178287041022,0.0,5.38039969000199,176.73741415335203,13.29426245240224,0.0,90.0,90.0,90.0,0.8209723302834021,3.0473914883508426,1.7456779451980375,0.0,90.0,90.0,90.0,0.9962916166109568,4.387802704672716,2.0947082624252755,0.0,90.0,90.0,90.0,0.6553632040433954,1.2739388640570348,1.1286890023638199,0.0,90.0,90.0,90.0,0.4144914417979938,0.2539015251875313,0.5038864209199642,0.0,90.0,90.0,90.0,0.6039444152891593,0.0816508185721567,0.28574607359009624,0.0,90.0,90.0,90.0,0.36410505412478383,0.21329153974943588,0.46183497025391645,0.0,90.0,90.0,90.0,0.36410505412478383,0.21329153974943588,0.46183497025391645,0.0,90.0,90.0,90.0,0.9106922601897061,0.11522061713881367,0.6631706907922461,0.3137679829743722,0.09845034713980592,0.7086476413660128
current_velocity/5T,medium,top_k_10_mix,top_k_10_mix,,,,assembled_from_candidate_artifacts_no_independent_selected_method_latency,0.0,top_k_10,0.45652173913043476,90.0,0.0,0.0,25920.0,0.0,90.0,900.0,900.0,100.0,476.73760438730113,0.5297084493192235,0.0,5.209066428540398,163.86198526376796,12.800858770557856,0.0,90.0,90.0,90.0,0.810055810543727,2.9377777971126102,1.7139946899312757,0.0,90.0,90.0,90.0,0.9837975534538247,4.241208802358667,2.0594195304402323,0.0,90.0,90.0,90.0,0.6335062132739503,1.1459697188605298,1.0704997519198824,0.0,90.0,90.0,90.0,0.4173794494433994,0.2538379862665146,0.5038233681227128,0.0,90.0,90.0,90.0,0.6063804019377542,0.07517704258379033,0.2741843222793571,0.0,90.0,90.0,90.0,0.36139941694349453,0.20305770519125277,0.4506192463613297,0.0,90.0,90.0,90.0,0.36139941694349453,0.20305770519125277,0.4506192463613297,0.0,90.0,90.0,90.0,0.9106922601897061,0.11522061713881367,0.6658455643528136,0.3010724195923679,0.09064460183920282,0.6524617247382014
current_velocity/5T,medium,top_k_15_mix,top_k_15_mix,,,,assembled_from_candidate_artifacts_no_independent_selected_method_latency,0.0,top_k_15,0.45652173913043476,90.0,0.0,0.0,25920.0,0.0,90.0,1350.0,1350.0,100.0,712.376605065929,0.5276863741229103,0.0,5.170699979366219,159.37779490014356,12.6244918670077,0.0,90.0,90.0,90.0,0.8086152168585541,2.9181563728360813,1.7082612132914805,0.0,90.0,90.0,90.0,0.9810602233716529,4.208220817484181,2.051394846801605,0.0,90.0,90.0,90.0,0.6229032642625659,1.0806102158347424,1.0395240333127187,0.0,90.0,90.0,90.0,0.4191990660065648,0.2537384128274072,0.5037245406245433,0.0,90.0,90.0,90.0,0.6048499869739645,0.07055526281545664,0.26562240646349217,0.0,90.0,90.0,90.0,0.36020440173347196,0.19959001632117013,0.44675498466292474,0.0,90.0,90.0,90.0,0.36020440173347196,0.19959001632117013,0.44675498466292474,0.0,90.0,90.0,90.0,0.9106922601897061,0.11522061713881367,0.664165068063682,0.29167087288977334,0.08507189809228233,0.612349287545077
current_velocity/5T,medium,top_k_20_mix,top_k_20_mix,,,,assembled_from_candidate_artifacts_no_independent_selected_method_latency,0.0,top_k_20,0.3804347826086957,90.0,0.0,0.0,25920.0,0.0,90.0,1800.0,1800.0,100.0,967.4153850642919,0.5374529917023844,0.0,5.105029311784123,157.35618644687318,12.544169420367105,0.0,90.0,90.0,90.0,0.8042200962789352,2.897349506246962,1.7021602469353354,0.0,90.0,90.0,90.0,0.9748957375554881,4.154607612680264,2.0382854590759028,0.0,90.0,90.0,90.0,0.6139986687899961,1.0331675585505915,1.016448502655492,0.0,90.0,90.0,90.0,0.4187902007499402,0.25247974108549315,0.5024736222783174,0.0,90.0,90.0,90.0,0.6087557650186439,0.0663971391663847,0.25767642338092306,0.0,90.0,90.0,90.0,0.35762030541164874,0.19303037714320032,0.4393522244659748,0.0,90.0,90.0,90.0,0.35762030541164874,0.19303037714320032,0.4393522244659748,0.0,90.0,90.0,90.0,0.9106922601897061,0.11522061713881367,0.6684538692486902,0.28294566083964146,0.08005824698798139,0.576260922872786
current_velocity/5T,long,vanilla_univariate,vanilla_univariate,1.7192214727401733e-05,0.0,0.0,measured_candidate_query_loop_precomputed_vanilla_fallback_separate_retrieval,0.0,,,30.0,0.0,0.0,25920.0,0.0,0.0,0.0,0.0,,0.0,,0.0,6.061223265752372,187.94904009704214,13.709450758401744,0.0,30.0,30.0,30.0,0.9559745105925326,3.242736969070594,1.8007601086959344,0.0,30.0,30.0,30.0,1.1602895823457235,4.714951350852359,2.17139387280437,0.0,30.0,30.0,30.0,0.8441327613077407,1.8412034840029292,1.3569095342000252,0.0,30.0,30.0,30.0,0.4962276935177686,0.31129315622683257,0.5579365163052447,0.0,30.0,30.0,30.0,1.0940430192022368,0.4602829064371137,0.6784415276478244,0.0,30.0,30.0,30.0,0.4478065203986781,0.30099896199074944,0.548633722979867,0.0,30.0,30.0,30.0,0.4478065203986781,0.30099896199074944,0.548633722979867,0.0,30.0,30.0,30.0,1.0927077660320532,0.29190573790947194,1.001221967310649,0.6208810340128242,0.38549325839683385,1.5768203452713911
current_velocity/5T,long,top_k_1_mix,top_k_1_mix,,,,assembled_from_candidate_artifacts_no_independent_selected_method_latency,0.0,top_k_1,0.5,30.0,0.0,0.0,25920.0,0.0,30.0,30.0,30.0,100.0,15.412791816342539,0.5137597272114179,0.0,6.407879060464271,215.12379116518466,14.667098934867271,0.0,30.0,30.0,30.0,0.9574303503515941,3.544941308132698,1.8828014521273075,0.0,30.0,30.0,30.0,1.1531913512862884,5.078028767782775,2.253448195051924,0.0,30.0,30.0,30.0,0.8002825482591274,1.375356819348037,1.1727560783675508,0.0,30.0,30.0,30.0,0.5003915131609864,0.31072655920837833,0.557428523856089,0.0,30.0,30.0,30.0,0.9174568065389825,0.17982694455490347,0.42406007187060596,0.0,30.0,30.0,30.0,0.44149983258302633,0.27149959307653865,0.5210562283252534,0.0,30.0,30.0,30.0,0.44149983258302633,0.27149959307653865,0.5210562283252534,0.0,30.0,30.0,30.0,1.0927077660320532,0.29190573790947194,0.8396177231086597,0.38808186877859774,0.15060753687468875,0.6160445691912805
current_velocity/5T,long,top_k_5_mix,top_k_5_mix,,,,assembled_from_candidate_artifacts_no_independent_selected_method_latency,0.0,top_k_5,0.5,30.0,0.0,0.0,25920.0,0.0,30.0,150.0,150.0,100.0,76.1098819108964,0.5073992127393093,0.0,6.980671404149452,255.0358258248661,15.969841133363415,0.0,30.0,30.0,30.0,0.9943123382016792,3.891608082669964,1.9727159153486757,0.0,30.0,30.0,30.0,1.1941702826930995,5.554628740082135,2.356825988502786,0.0,30.0,30.0,30.0,0.7777349554581501,1.3623643545888056,1.167203647436387,0.0,30.0,30.0,30.0,0.48125890418265516,0.2928168759407853,0.5411255639320557,0.0,30.0,30.0,30.0,0.8942678724272609,0.1592648772514333,0.3990800386531921,0.0,30.0,30.0,30.0,0.43035885939130003,0.2628077064886631,0.5126477411328982,0.0,30.0,30.0,30.0,0.43035885939130003,0.2628077064886631,0.5126477411328982,0.0,30.0,30.0,30.0,1.0927077660320532,0.29190573790947194,0.8183961899297316,0.3652211973402279,0.1333865229866297,0.545603791114328
current_velocity/5T,long,top_k_10_mix,top_k_10_mix,,,,assembled_from_candidate_artifacts_no_independent_selected_method_latency,0.0,top_k_10,0.5625,30.0,0.0,0.0,25920.0,0.0,30.0,300.0,300.0,100.0,157.97134666996985,0.5265711555665662,0.0,7.028601393451841,267.594328451655,16.358310684531425,0.0,30.0,30.0,30.0,0.9891644375836656,3.9350898599510846,1.9837060921293468,0.0,30.0,30.0,30.0,1.188877992004778,5.615170513578527,2.369635101356014,0.0,30.0,30.0,30.0,0.7533999747779646,1.23777624340588,1.1125539283135357,0.0,30.0,30.0,30.0,0.4842417294828959,0.29364637948851624,0.5418914831297095,0.0,30.0,30.0,30.0,0.8699196240529206,0.1408978506280686,0.37536362454034966,0.0,30.0,30.0,30.0,0.42871942500835586,0.25519514691611694,0.5051684342039959,0.0,30.0,30.0,30.0,0.42871942500835586,0.25519514691611694,0.5051684342039959,0.0,30.0,30.0,30.0,1.0927077660320532,0.29190573790947194,0.7961137012980675,0.34351693674092443,0.11800388582786828,0.48268270311207423
current_velocity/5T,long,top_k_15_mix,top_k_15_mix,,,,assembled_from_candidate_artifacts_no_independent_selected_method_latency,0.0,top_k_15,0.53125,30.0,0.0,0.0,25920.0,0.0,30.0,450.0,450.0,100.0,239.5059187001941,0.5322353748893202,0.0,7.199595594031212,274.58088544482604,16.570482354018125,0.0,30.0,30.0,30.0,1.002024419300953,4.014126269769693,2.0035284549438503,0.0,30.0,30.0,30.0,1.2053320016299756,5.746770359877888,2.397242240550147,0.0,30.0,30.0,30.0,0.7277014143119708,1.123258579747278,1.0598389404750508,0.0,30.0,30.0,30.0,0.48747972465168377,0.2966576831336273,0.5446629078004369,0.0,30.0,30.0,30.0,0.8791742178844586,0.13863748527655498,0.37234055013731043,0.0,30.0,30.0,30.0,0.4226064736644141,0.24337486617808546,0.4933303823788734,0.0,30.0,30.0,30.0,0.4226064736644141,0.24337486617808546,0.4933303823788734,0.0,30.0,30.0,30.0,1.0927077660320532,0.29190573790947194,0.8045831147306672,0.3407503467184,0.11611079878870981,0.47493922616742223
current_velocity/5T,long,top_k_20_mix,top_k_20_mix,,,,assembled_from_candidate_artifacts_no_independent_selected_method_latency,0.0,top_k_20,0.5625,30.0,0.0,0.0,25920.0,0.0,30.0,600.0,600.0,100.0,328.2425907345474,0.547070984557579,0.0,7.453136710885273,300.44000997716375,17.33320541553592,0.0,30.0,30.0,30.0,1.013693927344797,4.166002437270016,2.041078743525104,0.0,30.0,30.0,30.0,1.2203140760806976,5.963970266604588,2.442124130056576,0.0,30.0,30.0,30.0,0.7064424055707463,1.0150014296947105,1.0074727935258154,0.0,30.0,30.0,30.0,0.49474482369582573,0.3017120278808562,0.549283194609899,0.0,30.0,30.0,30.0,0.8757399487940878,0.13343639180174624,0.36528946303136944,0.0,30.0,30.0,30.0,0.42109510752534995,0.23568257041795337,0.48547149289938063,0.0,30.0,30.0,30.0,0.42109510752534995,0.23568257041795337,0.48547149289938063,0.0,30.0,30.0,30.0,1.0927077660320532,0.29190573790947194,0.8014402166959607,0.33429748958209027,0.11175481154088777,0.4571215103799315
current_velocity/10T,short,vanilla_univariate,vanilla_univariate,0.0003237444907426834,0.0,0.0,measured_candidate_query_loop_precomputed_vanilla_fallback_separate_retrieval,0.0,,,7200.0,0.0,0.0,129576.0,0.0,0.0,0.0,0.0,,0.0,,0.0,7.532199122031248,1756.142190431325,41.90635023992575,0.0,7200.0,7200.0,7200.0,0.7542073322696718,4.196314315905185,2.0484907409859545,0.0,7200.0,7200.0,7200.0,0.9460414413807912,6.637204713221403,2.5762772974238244,0.0,7200.0,7200.0,7200.0,3401.530969160221,8247890644.059843,90817.89825832704,0.0,7200.0,7200.0,7200.0,0.46063321858691436,0.3556595120001349,0.5963719577580211,0.0,7200.0,7200.0,7200.0,0.5854931056397984,0.1420453729948358,0.37688907253306747,0.0,7200.0,7200.0,7200.0,0.34641074390990567,0.2085304833390519,0.45665138052901133,0.0,7200.0,7200.0,7200.0,0.34641074390990567,0.2085304833390519,0.45665138052901133,0.0,7200.0,7200.0,7200.0,1.042604019237951,0.4807344590412708,0.5615680496491282,0.36148822139448417,0.13067373420694758,0.2954757461699688
current_velocity/10T,short,top_k_1_mix,top_k_1_mix,,,,assembled_from_candidate_artifacts_no_independent_selected_method_latency,0.0,top_k_1,0.4894473757289642,7200.0,0.0,0.0,129576.0,0.0,7200.0,7200.0,3912.0,54.333333333333336,2166.1888867419652,0.3008595676030507,0.0,7.48820251015031,1777.3848253501114,42.159042035488795,0.0,7200.0,7200.0,7200.0,0.7486515158717495,4.183857952807569,2.045448105625652,0.0,7200.0,7200.0,7200.0,0.9386942030967707,6.607055703222829,2.5704193632990764,0.0,7200.0,7200.0,7200.0,3460.04238968521,9008821970.879004,94914.81428564775,0.0,7200.0,7200.0,7200.0,0.45557698216074555,0.35284914274127116,0.5940110628105095,0.0,7200.0,7200.0,7200.0,0.5685977289561004,0.13941842189866993,0.3733877634559948,0.0,7200.0,7200.0,7200.0,0.3402969286958714,0.2034850872138174,0.45109321344242964,0.0,7200.0,7200.0,7200.0,0.3402969286958714,0.2034850872138174,0.45109321344242964,0.0,7200.0,7200.0,7200.0,1.042604019237951,0.4807344590412708,0.5453630702207476,0.3581299866164983,0.1282570873139333,0.2900112926722836
current_velocity/10T,short,top_k_5_mix,top_k_5_mix,,,,assembled_from_candidate_artifacts_no_independent_selected_method_latency,0.0,top_k_5,0.45223549014162734,7200.0,0.0,0.0,129576.0,0.0,7200.0,36000.0,18923.0,52.56388888888889,11336.685564681922,0.3149079323522756,0.0,7.415144786749036,1697.1303690074262,41.19624217094839,0.0,7200.0,7200.0,7200.0,0.7473501017554837,4.122541504562979,2.0304042712137353,0.0,7200.0,7200.0,7200.0,0.9368719109108389,6.537415809295309,2.5568370713237303,0.0,7200.0,7200.0,7200.0,3346.37868317029,8025295019.975929,89584.01096164387,0.0,7200.0,7200.0,7200.0,0.454492773835324,0.3511513001052107,0.5925802056306054,0.0,7200.0,7200.0,7200.0,0.5664569505026519,0.1381348918649883,0.37166502642162647,0.0,7200.0,7200.0,7200.0,0.3354958613744303,0.19448725731615707,0.44100709440569896,0.0,7200.0,7200.0,7200.0,0.3354958613744303,0.19448725731615707,0.44100709440569896,0.0,7200.0,7200.0,7200.0,1.042604019237951,0.4807344590412708,0.5433097705845029,0.3564776459362586,0.12707631205225656,0.2873413570986171
current_velocity/10T,short,top_k_10_mix,top_k_10_mix,,,,assembled_from_candidate_artifacts_no_independent_selected_method_latency,0.0,top_k_10,0.4103026936961955,7200.0,0.0,0.0,129576.0,0.0,7200.0,72000.0,35558.0,49.38611111111111,24170.536259133674,0.3357018924879677,0.0,7.467725310080776,1694.945318269999,41.16971360442041,0.0,7200.0,7200.0,7200.0,0.7554565965983098,4.156198850177338,2.038675758961522,0.0,7200.0,7200.0,7200.0,0.9445262519331817,6.575595469489831,2.5642923915750777,0.0,7200.0,7200.0,7200.0,3472.9430596771517,8298057883.083694,91093.67641655316,0.0,7200.0,7200.0,7200.0,0.45591964697684895,0.3497204956826529,0.5913717068668849,0.0,7200.0,7200.0,7200.0,0.5766664836231907,0.13887295039487357,0.3726566119027993,0.0,7200.0,7200.0,7200.0,0.33500344805560595,0.19067942367840027,0.4366685512816331,0.0,7200.0,7200.0,7200.0,0.33500344805560595,0.19067942367840027,0.4366685512816331,0.0,7200.0,7200.0,7200.0,1.042604019237951,0.4807344590412708,0.5531021106600774,0.3574287121731772,0.12775528428577593,0.28887662987968044
current_velocity/10T,short,top_k_15_mix,top_k_15_mix,,,,assembled_from_candidate_artifacts_no_independent_selected_method_latency,0.0,top_k_15,0.36823104693140796,7200.0,0.0,0.0,129576.0,0.0,7200.0,108000.0,50152.0,46.43703703703704,37865.55984998473,0.35060703564800677,0.0,7.51499886394098,1687.5370512718428,41.079642784131444,0.0,7200.0,7200.0,7200.0,0.761820350467127,4.1907062879736285,2.0471214639033093,0.0,7200.0,7200.0,7200.0,0.9509102681417707,6.6107685258835245,2.571141483054467,0.0,7200.0,7200.0,7200.0,3477.7348797794116,7849518788.050744,88597.51005559211,0.0,7200.0,7200.0,7200.0,0.4580804962112601,0.35054159317185773,0.5920655311465596,0.0,7200.0,7200.0,7200.0,0.5886608988044046,0.1412276118864273,0.3758026235757639,0.0,7200.0,7200.0,7200.0,0.3361631798134824,0.19008333091041696,0.4359854709854641,0.0,7200.0,7200.0,7200.0,0.3361631798134824,0.19008333091041696,0.4359854709854641,0.0,7200.0,7200.0,7200.0,1.042604019237951,0.4807344590412708,0.5646063970045524,0.3604461680959579,0.12992144009505957,0.2937746800345406
current_velocity/10T,short,top_k_20_mix,top_k_20_mix,,,,assembled_from_candidate_artifacts_no_independent_selected_method_latency,0.0,top_k_20,0.3482366009441822,7200.0,0.0,0.0,129576.0,0.0,7200.0,144000.0,63666.0,44.2125,51929.89020025348,0.3606242375017603,0.0,7.540201973106691,1687.4102183326477,41.078099010697265,0.0,7200.0,7200.0,7200.0,0.7665452805749498,4.211200517193984,2.052120980155406,0.0,7200.0,7200.0,7200.0,0.955333480110181,6.627539914887261,2.5744008846501085,0.0,7200.0,7200.0,7200.0,3598.225873974874,9205922862.020473,95947.50055118931,0.0,7200.0,7200.0,7200.0,0.4591565100418974,0.3503376376182795,0.5918932653935839,0.0,7200.0,7200.0,7200.0,0.5976681045378762,0.14283619325882504,0.37793675827951034,0.0,7200.0,7200.0,7200.0,0.33654819781619727,0.1889858672083165,0.43472504782714844,0.0,7200.0,7200.0,7200.0,0.33654819781619727,0.1889858672083165,0.43472504782714844,0.0,7200.0,7200.0,7200.0,1.042604019237951,0.4807344590412708,0.5732455405022487,0.3624930954666258,0.13140124426097627,0.29712077129582803
current_velocity/10T,medium,vanilla_univariate,vanilla_univariate,5.5810436606407166e-05,0.0,0.0,measured_candidate_query_loop_precomputed_vanilla_fallback_separate_retrieval,0.0,,,900.0,0.0,0.0,129576.0,0.0,0.0,0.0,0.0,,0.0,,0.0,10.333281776447427,1466.8419959074336,38.29937330959129,0.0,900.0,900.0,900.0,0.9472233710278332,4.931804968223878,2.2207667523231422,0.0,900.0,900.0,900.0,1.2529998927696482,8.763273045166676,2.960282595490957,0.0,900.0,900.0,900.0,3552.2526468096016,2127324734.7204072,46122.93068225833,0.0,900.0,900.0,900.0,0.5113533082325934,0.34445351111462336,0.5869016196217415,0.0,900.0,900.0,900.0,0.7731507634952759,0.13826621256388194,0.3718416498509573,0.0,900.0,900.0,900.0,0.35880641153303106,0.16944903014334592,0.41164187122223844,0.0,900.0,900.0,900.0,0.35880641153303106,0.16944903014334592,0.41164187122223844,0.0,900.0,900.0,900.0,1.0437112263446233,0.25305105017876023,0.7407707649203622,0.3562687077279542,0.1269273921061465,0.5463965174861277
current_velocity/10T,medium,top_k_1_mix,top_k_1_mix,,,,assembled_from_candidate_artifacts_no_independent_selected_method_latency,0.0,top_k_1,0.5232815964523282,900.0,0.0,0.0,129576.0,0.0,900.0,900.0,483.0,53.666666666666664,269.7920364561713,0.29976892939574584,0.0,10.232511965378107,1401.2712608234044,37.43355795036593,0.0,900.0,900.0,900.0,0.9344146970225098,4.918703697281717,2.2178150728322046,0.0,900.0,900.0,900.0,1.2367634215423213,8.702928204513038,2.950072576143346,0.0,900.0,900.0,900.0,3601.9839719812867,2327183350.6450973,48240.888783739225,0.0,900.0,900.0,900.0,0.49905164562434895,0.3372876908920766,0.5807647465988932,0.0,900.0,900.0,900.0,0.7330780682281334,0.14182095948892576,0.3765912366066499,0.0,900.0,900.0,900.0,0.3478881885331595,0.1634859003117442,0.40433389706002165,0.0,900.0,900.0,900.0,0.3478881885331595,0.1634859003117442,0.40433389706002165,0.0,900.0,900.0,900.0,1.0437112263446233,0.25305105017876023,0.7023763371747791,0.36081937905907235,0.13019062430457454,0.5604440660836644
current_velocity/10T,medium,top_k_5_mix,top_k_5_mix,,,,assembled_from_candidate_artifacts_no_independent_selected_method_latency,0.0,top_k_5,0.5465631929046563,900.0,0.0,0.0,129576.0,0.0,900.0,4500.0,2372.0,52.71111111111111,1415.4248123505647,0.31453884718901437,0.0,10.03572604289438,1365.0445257660099,36.94650897941523,0.0,900.0,900.0,900.0,0.925521906508414,4.758963940357838,2.1815049714263406,0.0,900.0,900.0,900.0,1.2271402349655736,8.529852886623017,2.920591187863001,0.0,900.0,900.0,900.0,3410.8861434493497,2003190582.440464,44757.01713073006,0.0,900.0,900.0,900.0,0.4959739454812067,0.332648538478166,0.5767569145473386,0.0,900.0,900.0,900.0,0.7279599751552083,0.13857078566517742,0.37225097134215435,0.0,900.0,900.0,900.0,0.34310342250104453,0.15903666207795267,0.39879400958132843,0.0,900.0,900.0,900.0,0.34310342250104453,0.15903666207795267,0.39879400958132843,0.0,900.0,900.0,900.0,1.0437112263446233,0.25305105017876023,0.6974725927829035,0.35666088659971995,0.1272069880300983,0.5476001208739829
current_velocity/10T,medium,top_k_10_mix,top_k_10_mix,,,,assembled_from_candidate_artifacts_no_independent_selected_method_latency,0.0,top_k_10,0.4778270509977827,900.0,0.0,0.0,129576.0,0.0,900.0,9000.0,4465.0,49.611111111111114,2998.9054716617675,0.3332117190735297,0.0,10.008071544838268,1327.5730737704457,36.43587619051374,0.0,900.0,900.0,900.0,0.9297844375509263,4.739388147840988,2.1770135846707497,0.0,900.0,900.0,900.0,1.2310585711136666,8.492566339325846,2.914200806280488,0.0,900.0,900.0,900.0,3542.4703971333843,2148375092.7600174,46350.56734021728,0.0,900.0,900.0,900.0,0.4966264428595372,0.3306999209819329,0.5750651449896202,0.0,900.0,900.0,900.0,0.735460061461923,0.14082031864779354,0.37526033449832336,0.0,900.0,900.0,900.0,0.3421788296601906,0.1570724909612172,0.3963237199073722,0.0,900.0,900.0,900.0,0.3421788296601906,0.1570724909612172,0.3963237199073722,0.0,900.0,900.0,900.0,1.0437112263446233,0.25305105017876023,0.7046585711621743,0.3595442158963767,0.12927204318454036,0.5564897618417917
current_velocity/10T,medium,top_k_15_mix,top_k_15_mix,,,,assembled_from_candidate_artifacts_no_independent_selected_method_latency,0.0,top_k_15,0.4356984478935698,900.0,0.0,0.0,129576.0,0.0,900.0,13500.0,6283.0,46.54074074074074,4713.7267943705465,0.3491649477311516,0.0,10.12188526183776,1339.087847136733,36.59354925580099,0.0,900.0,900.0,900.0,0.9389860014852689,4.785604408540883,2.1876024338395865,0.0,900.0,900.0,900.0,1.2417853276405737,8.57985446189435,2.929138860124994,0.0,900.0,900.0,900.0,3571.334002364387,2173208598.5376773,46617.68546954769,0.0,900.0,900.0,900.0,0.5008906497392583,0.334728639276847,0.5785573776876819,0.0,900.0,900.0,900.0,0.7460755878428196,0.13795385598769125,0.3714213994746281,0.0,900.0,900.0,900.0,0.34417257709813354,0.1566701280514339,0.39581577539485957,0.0,900.0,900.0,900.0,0.34417257709813354,0.1566701280514339,0.39581577539485957,0.0,900.0,900.0,900.0,1.0437112263446233,0.25305105017876023,0.714829513193789,0.35586605767905033,0.12664065100802918,0.5451621555818004
current_velocity/10T,medium,top_k_20_mix,top_k_20_mix,,,,assembled_from_candidate_artifacts_no_independent_selected_method_latency,0.0,top_k_20,0.38802660753880264,900.0,0.0,0.0,129576.0,0.0,900.0,18000.0,7969.0,44.272222222222226,6470.531775845869,0.3594739875469927,0.0,10.212910339574092,1371.9830482689033,37.040289527336355,0.0,900.0,900.0,900.0,0.9455269753082459,4.857947708621185,2.204075250217466,0.0,900.0,900.0,900.0,1.2475630669512534,8.656496733553276,2.942192504502939,0.0,900.0,900.0,900.0,3587.9649995785094,2169746047.025378,46580.53291907874,0.0,900.0,900.0,900.0,0.502486888670672,0.33484729780583605,0.5786599154994547,0.0,900.0,900.0,900.0,0.7548915902514699,0.14086408372688808,0.3753186429247661,0.0,900.0,900.0,900.0,0.34558346179692057,0.15705830323000666,0.3963058203332455,0.0,900.0,900.0,900.0,0.34558346179692057,0.15705830323000666,0.3963058203332455,0.0,900.0,900.0,900.0,1.0437112263446233,0.25305105017876023,0.7232762963519298,0.3596000823323898,0.12931221921346156,0.5566627114464806
current_velocity/10T,long,vanilla_univariate,vanilla_univariate,3.0510127544403076e-05,0.0,0.0,measured_candidate_query_loop_precomputed_vanilla_fallback_separate_retrieval,0.0,,,300.0,0.0,0.0,129576.0,0.0,0.0,0.0,0.0,,0.0,,0.0,12.942825749873643,1860.7033565718882,43.135870879951966,0.0,300.0,300.0,300.0,1.1220110206289973,6.378376435700891,2.5255447799832993,0.0,300.0,300.0,300.0,1.4614526471986695,10.806981909869643,3.2873974371635755,0.0,300.0,300.0,300.0,3492.0680952446933,1472613621.108726,38374.64815615547,0.0,300.0,300.0,300.0,0.5717659579294092,0.37675003481633257,0.6137996699382727,0.0,300.0,300.0,300.0,1.0619848659125353,0.5095478769184542,0.7138262231933302,0.0,300.0,300.0,300.0,0.4087385630058867,0.18839794835146273,0.43404832490341755,0.0,300.0,300.0,300.0,0.4087385630058867,0.18839794835146273,0.43404832490341755,0.0,300.0,300.0,300.0,1.437499922931037,0.6433695275713929,0.7387721202427384,0.496574790583537,0.24658652264308364,0.7919987737714406
current_velocity/10T,long,top_k_1_mix,top_k_1_mix,,,,assembled_from_candidate_artifacts_no_independent_selected_method_latency,0.0,top_k_1,0.5695364238410596,300.0,0.0,0.0,129576.0,0.0,300.0,300.0,161.0,53.666666666666664,85.0605647766799,0.2835352159222663,0.0,12.734884822188675,1844.2002665850935,42.94415288004985,0.0,300.0,300.0,300.0,1.1003158603917589,6.341241780132936,2.5181822372761142,0.0,300.0,300.0,300.0,1.4287735448836796,10.693490979629201,3.2700903626091438,0.0,300.0,300.0,300.0,3365.3686407519217,1315914560.2950933,36275.53666446705,0.0,300.0,300.0,300.0,0.5570874054115583,0.37160557272118905,0.6095945970242757,0.0,300.0,300.0,300.0,0.9865788112931148,0.4485887790688444,0.6697677053044917,0.0,300.0,300.0,300.0,0.39632044737348043,0.18836967929537698,0.4340157592707631,0.0,300.0,300.0,300.0,0.39632044737348043,0.18836967929537698,0.4340157592707631,0.0,300.0,300.0,300.0,1.437499922931037,0.6433695275713929,0.6863157316081784,0.4659253851915673,0.21708646456591035,0.69724903005927
current_velocity/10T,long,top_k_5_mix,top_k_5_mix,,,,assembled_from_candidate_artifacts_no_independent_selected_method_latency,0.0,top_k_5,0.5662251655629139,300.0,0.0,0.0,129576.0,0.0,300.0,1500.0,786.0,52.4,467.93152998413046,0.3119543533227536,0.0,12.053475163766652,1615.6572556106125,40.19523921574062,0.0,300.0,300.0,300.0,1.0692059503983302,5.776760041858976,2.4034891391181645,0.0,300.0,300.0,300.0,1.4025827788549854,10.08623671222608,3.1758836112531075,0.0,300.0,300.0,300.0,2948.9689536387855,986984027.8212355,31416.301943755818,0.0,300.0,300.0,300.0,0.546763699408306,0.35999790715750113,0.5999982559620496,0.0,300.0,300.0,300.0,0.9851907238457,0.530978367698463,0.7286826248089513,0.0,300.0,300.0,300.0,0.3823484684816184,0.17421478541307284,0.4173904471991098,0.0,300.0,300.0,300.0,0.3823484684816184,0.17421478541307284,0.4173904471991098,0.0,300.0,300.0,300.0,1.437499922931037,0.6433695275713929,0.6853501055060326,0.5069096792180554,0.2569574228849519,0.8253085434475164
current_velocity/10T,long,top_k_10_mix,top_k_10_mix,,,,assembled_from_candidate_artifacts_no_independent_selected_method_latency,0.0,top_k_10,0.5629139072847682,300.0,0.0,0.0,129576.0,0.0,300.0,3000.0,1483.0,49.43333333333333,995.3898328181224,0.3317966109393741,0.0,12.141958344441694,1578.536067557385,39.7307949524973,0.0,300.0,300.0,300.0,1.084303079123954,5.848789167158403,2.418427002652427,0.0,300.0,300.0,300.0,1.417584052371766,10.132413798902938,3.183145268268939,0.0,300.0,300.0,300.0,3066.1478887505377,1158960668.3977602,34043.51139935127,0.0,300.0,300.0,300.0,0.5482861980168784,0.35999371688924753,0.599994764051527,0.0,300.0,300.0,300.0,1.0059460732971137,0.6327413933799003,0.795450434269729,0.0,300.0,300.0,300.0,0.3813790465881839,0.17226982967050328,0.4150540081368969,0.0,300.0,300.0,300.0,0.3813790465881839,0.17226982967050328,0.4150540081368969,0.0,300.0,300.0,300.0,1.437499922931037,0.6433695275713929,0.6997886102463278,0.5533568535070384,0.30620380732321006,0.983480513552434
current_velocity/10T,long,top_k_15_mix,top_k_15_mix,,,,assembled_from_candidate_artifacts_no_independent_selected_method_latency,0.0,top_k_15,0.5364238410596026,300.0,0.0,0.0,129576.0,0.0,300.0,4500.0,2092.0,46.48888888888889,1574.1225478971028,0.3498050106438006,0.0,12.22045250563886,1544.7900995198727,39.30381787460186,0.0,300.0,300.0,300.0,1.0947892499371157,5.902131038502448,2.429430188028141,0.0,300.0,300.0,300.0,1.4272308987447244,10.183464467307187,3.1911540964527534,0.0,300.0,300.0,300.0,3232.1918644039524,1276863092.5697985,35733.221133418665,0.0,300.0,300.0,300.0,0.5535596730875478,0.3637443723511827,0.6031122386017238,0.0,300.0,300.0,300.0,1.012236798396007,0.5741755816417708,0.7577437440466076,0.0,300.0,300.0,300.0,0.38428257817697753,0.17258065540066778,0.41542827949077776,0.0,300.0,300.0,300.0,0.38428257817697753,0.17258065540066778,0.41542827949077776,0.0,300.0,300.0,300.0,1.437499922931037,0.6433695275713929,0.704164767071482,0.5271261110759445,0.2778619369780491,0.8924506944075872
current_velocity/10T,long,top_k_20_mix,top_k_20_mix,,,,assembled_from_candidate_artifacts_no_independent_selected_method_latency,0.0,top_k_20,0.5198675496688742,300.0,0.0,0.0,129576.0,0.0,300.0,6000.0,2639.0,43.983333333333334,2177.0823114527375,0.3628470519087896,0.0,12.376943825099575,1566.8847562854253,39.583895163126954,0.0,300.0,300.0,300.0,1.1044819238209878,6.017980923034276,2.453157337602763,0.0,300.0,300.0,300.0,1.43655899194885,10.31324208775048,3.2114236854937843,0.0,300.0,300.0,300.0,3269.3856177603975,1263010918.3414717,35538.86489945158,0.0,300.0,300.0,300.0,0.555885456476862,0.36439298120675545,0.6036497173086023,0.0,300.0,300.0,300.0,1.0191075380124934,0.5694674774399597,0.7546306894368661,0.0,300.0,300.0,300.0,0.3849612718041039,0.17129502026896945,0.41387802583487016,0.0,300.0,300.0,300.0,0.3849612718041039,0.17129502026896945,0.41387802583487016,0.0,300.0,300.0,300.0,1.437499922931037,0.6433695275713929,0.7089444122783333,0.5249605077530629,0.2755835347003537,0.8851328094285092
current_velocity/15T,short,vanilla_univariate,vanilla_univariate,0.0001630205661058426,0.0,0.0,measured_candidate_query_loop_precomputed_vanilla_fallback_separate_retrieval,0.0,,,3600.0,0.0,0.0,43200.0,0.0,0.0,0.0,0.0,,0.0,,0.0,6.168265762454381,487.33997284280224,22.075777966875872,0.0,3600.0,3600.0,3600.0,0.7504118837702346,3.63012248990403,1.9052880333178053,0.0,3600.0,3600.0,3600.0,0.9148469825183745,5.331320761031406,2.308965300958723,0.0,3600.0,3600.0,3600.0,129506.9538759101,10895421818465.586,3300821.3854229655,0.0,3600.0,3600.0,3600.0,0.4728706707643495,0.3285003743440067,0.5731495218038716,0.0,3600.0,3600.0,3600.0,0.5193276915541719,0.15136467468815543,0.38905613308127585,0.0,3600.0,3600.0,3600.0,0.3876596242826848,0.23167930046130764,0.4813307599367691,0.0,3600.0,3600.0,3600.0,0.3876596242826848,0.23167930046130764,0.4813307599367691,0.0,3600.0,3600.0,3600.0,0.9913714905166404,0.453088957404636,0.5238477165442099,0.3924423254077281,0.15401097877142517,0.33407275153028626
current_velocity/15T,short,top_k_1_mix,top_k_1_mix,,,,assembled_from_candidate_artifacts_no_independent_selected_method_latency,0.0,top_k_1,0.446141032759578,3600.0,0.0,0.0,43200.0,0.0,3600.0,3600.0,1641.0,45.583333333333336,1605.2639002791873,0.4459066389664409,0.0,6.1813787579631025,488.86907375327786,22.110383844548647,0.0,3600.0,3600.0,3600.0,0.7516287904393726,3.6397997334043883,1.9078259180031045,0.0,3600.0,3600.0,3600.0,0.9155498466347277,5.343147236290228,2.3115248725225146,0.0,3600.0,3600.0,3600.0,125510.78311220938,9856046284727.498,3139434.070772549,0.0,3600.0,3600.0,3600.0,0.4746888818461201,0.33048521346991183,0.5748784336448114,0.0,3600.0,3600.0,3600.0,0.5205458711695701,0.15164239314661263,0.3894128826151141,0.0,3600.0,3600.0,3600.0,0.38862453764027693,0.23402886306773973,0.4837652975025593,0.0,3600.0,3600.0,3600.0,0.38862453764027693,0.23402886306773973,0.4837652975025593,0.0,3600.0,3600.0,3600.0,0.9913714905166404,0.453088957404636,0.5250764987182497,0.3928021799498961,0.15429355257339056,0.3346856961936213
current_velocity/15T,short,top_k_5_mix,top_k_5_mix,,,,assembled_from_candidate_artifacts_no_independent_selected_method_latency,0.0,top_k_5,0.38145474736257634,3600.0,0.0,0.0,43200.0,0.0,3600.0,18000.0,7604.0,42.24444444444445,8355.481067169008,0.46419339262050047,0.0,6.139926076426181,478.37850175428554,21.87186552981445,0.0,3600.0,3600.0,3600.0,0.7518089676258018,3.603641159627287,1.8983258834107717,0.0,3600.0,3600.0,3600.0,0.9152351670397354,5.302270665439928,2.3026659908549325,0.0,3600.0,3600.0,3600.0,130290.98575573352,10832835534790.865,3291327.321126063,0.0,3600.0,3600.0,3600.0,0.4773962204463565,0.3319772372686824,0.5761746586484713,0.0,3600.0,3600.0,3600.0,0.5217781840613736,0.1531681077544843,0.3913669732546224,0.0,3600.0,3600.0,3600.0,0.38652235599747,0.22508937606204496,0.4744358503128162,0.0,3600.0,3600.0,3600.0,0.38652235599747,0.22508937606204496,0.4744358503128162,0.0,3600.0,3600.0,3600.0,0.9913714905166404,0.453088957404636,0.5263195371792018,0.39477327822960345,0.1558459412041479,0.3380530583483099
current_velocity/15T,short,top_k_10_mix,top_k_10_mix,,,,assembled_from_candidate_artifacts_no_independent_selected_method_latency,0.0,top_k_10,0.36674069961132705,3600.0,0.0,0.0,43200.0,0.0,3600.0,36000.0,14243.0,39.56388888888889,17397.541825108783,0.48326505069746617,0.0,6.217152112421754,480.1005764599231,21.911197513142067,0.0,3600.0,3600.0,3600.0,0.7587339977431876,3.6488490957893687,1.9101960883085718,0.0,3600.0,3600.0,3600.0,0.9234047679579276,5.364475746934321,2.3161337929692922,0.0,3600.0,3600.0,3600.0,129264.34189198371,10867691086490.084,3296618.1287025167,0.0,3600.0,3600.0,3600.0,0.479400256271241,0.33372676272477436,0.5776908885595949,0.0,3600.0,3600.0,3600.0,0.5275928642788008,0.1557457204667122,0.39464632326516386,0.0,3600.0,3600.0,3600.0,0.38674856577039723,0.22271987893258519,0.4719320702522612,0.0,3600.0,3600.0,3600.0,0.38674856577039723,0.22271987893258519,0.4719320702522612,0.0,3600.0,3600.0,3600.0,0.9913714905166404,0.453088957404636,0.5321848260976848,0.39808117041927343,0.15846861824237862,0.34374203546881366
current_velocity/15T,short,top_k_15_mix,top_k_15_mix,,,,assembled_from_candidate_artifacts_no_independent_selected_method_latency,0.0,top_k_15,0.34092171016102163,3600.0,0.0,0.0,43200.0,0.0,3600.0,54000.0,20395.0,37.76851851851852,26968.16104691476,0.49941038975768076,0.0,6.2789473448786115,485.7418102363214,22.03955104434574,0.0,3600.0,3600.0,3600.0,0.7650660734808972,3.7003224884224326,1.923622231214443,0.0,3600.0,3600.0,3600.0,0.929050912919694,5.415811746081696,2.327189666976393,0.0,3600.0,3600.0,3600.0,128522.7301721428,11007298581318.498,3317724.9104346335,0.0,3600.0,3600.0,3600.0,0.48016912976179194,0.33406561094155435,0.5779840922910893,0.0,3600.0,3600.0,3600.0,0.5317526083541595,0.15690617685121544,0.3961138432966152,0.0,3600.0,3600.0,3600.0,0.38682108918849784,0.2212738527289492,0.47039754753713287,0.0,3600.0,3600.0,3600.0,0.38682108918849784,0.2212738527289492,0.47039754753713287,0.0,3600.0,3600.0,3600.0,0.9913714905166404,0.453088957404636,0.5363807749575726,0.39956146317076924,0.159649362851166,0.34630324638675464
current_velocity/15T,short,top_k_20_mix,top_k_20_mix,,,,assembled_from_candidate_artifacts_no_independent_selected_method_latency,0.0,top_k_20,0.33120488617434757,3600.0,0.0,0.0,43200.0,0.0,3600.0,72000.0,26594.0,36.93611111111111,36778.570605477515,0.5108134806316321,0.0,6.317974859043758,491.4804211275221,22.169357706697824,0.0,3600.0,3600.0,3600.0,0.7693646961077808,3.732631168722289,1.9320018552585008,0.0,3600.0,3600.0,3600.0,0.9329151608781646,5.447644161647426,2.3340188863090687,0.0,3600.0,3600.0,3600.0,125101.31877082329,9857884314696.73,3139726.789817345,0.0,3600.0,3600.0,3600.0,0.4809310239099706,0.3336966138327027,0.5776647936586604,0.0,3600.0,3600.0,3600.0,0.5364750892598135,0.1574524664914968,0.3968028055489235,0.0,3600.0,3600.0,3600.0,0.38673426962803187,0.22036086283781195,0.46942609944251285,0.0,3600.0,3600.0,3600.0,0.38673426962803187,0.22036086283781195,0.46942609944251285,0.0,3600.0,3600.0,3600.0,0.9913714905166404,0.453088957404636,0.5411443584889015,0.4002564218808984,0.16020520325689974,0.3475089470143104
current_velocity/15T,medium,vanilla_univariate,vanilla_univariate,3.669224679470062e-05,0.0,0.0,measured_candidate_query_loop_precomputed_vanilla_fallback_separate_retrieval,0.0,,,450.0,0.0,0.0,43200.0,0.0,0.0,0.0,0.0,,0.0,,0.0,9.581461431743158,811.6187465725618,28.48892322592347,0.0,450.0,450.0,450.0,0.985838599137741,5.241003010216169,2.2893237014926853,0.0,450.0,450.0,450.0,1.2468318923008286,8.026871664084691,2.8331734264045134,0.0,450.0,450.0,450.0,130063.5842985947,1460012814720.5188,1208309.9001169025,0.0,450.0,450.0,450.0,0.5828061711688403,0.39260475999996136,0.6265818063110047,0.0,450.0,450.0,450.0,0.7574821876670954,0.17302595547789693,0.4159638872280825,0.0,450.0,450.0,450.0,0.43444036593305546,0.21094348189568576,0.4592858389888434,0.0,450.0,450.0,450.0,0.43444036593305546,0.21094348189568576,0.4592858389888434,0.0,450.0,450.0,450.0,0.9924470867542217,0.20323056826444055,0.7632469254803556,0.4191295362541534,0.1756695681606217,0.8513776099506751
current_velocity/15T,medium,top_k_1_mix,top_k_1_mix,,,,assembled_from_candidate_artifacts_no_independent_selected_method_latency,0.0,top_k_1,0.38495575221238937,450.0,0.0,0.0,43200.0,0.0,450.0,450.0,207.0,46.0,195.03461473465003,0.433410254965889,0.0,9.494856553183304,771.4799129170257,27.775527230225993,0.0,450.0,450.0,450.0,0.9837644719812023,5.16882111087433,2.2735041479782545,0.0,450.0,450.0,450.0,1.2432622196292595,7.9491556064258315,2.819424694228564,0.0,450.0,450.0,450.0,125039.91141610614,1304656779836.2012,1142215.7326163044,0.0,450.0,450.0,450.0,0.5845242555379734,0.39269229255601784,0.6266516516821908,0.0,450.0,450.0,450.0,0.7552556824322804,0.16948351026123645,0.4116837503001988,0.0,450.0,450.0,450.0,0.43872503848577404,0.22206636178610836,0.4712391768371008,0.0,450.0,450.0,450.0,0.43872503848577404,0.22206636178610836,0.4712391768371008,0.0,450.0,450.0,450.0,0.9924470867542217,0.20323056826444055,0.7610034756637041,0.41481682579834284,0.17207299896541273,0.8339469387336804
current_velocity/15T,medium,top_k_5_mix,top_k_5_mix,,,,assembled_from_candidate_artifacts_no_independent_selected_method_latency,0.0,top_k_5,0.4358407079646018,450.0,0.0,0.0,43200.0,0.0,450.0,2250.0,955.0,42.44444444444444,1044.7430120585518,0.4643302275815786,0.0,9.61989251498355,823.2602606892116,28.692512275665432,0.0,450.0,450.0,450.0,0.9861290592332717,5.275157733198844,2.296771153859009,0.0,450.0,450.0,450.0,1.2455001381509363,8.06862192084955,2.8405319784944423,0.0,450.0,450.0,450.0,126217.37946264136,1317873385573.9216,1147986.6661132968,0.0,450.0,450.0,450.0,0.5798190364426306,0.38703188768190205,0.6221188694147622,0.0,450.0,450.0,450.0,0.7457834930077208,0.1670720202069918,0.40874444364051216,0.0,450.0,450.0,450.0,0.43384339956533613,0.21220205002023768,0.46065393737624527,0.0,450.0,450.0,450.0,0.43384339956533613,0.21220205002023768,0.46065393737624527,0.0,450.0,450.0,450.0,0.9924470867542217,0.20323056826444055,0.7514591991466173,0.4118551498572107,0.16962466446390548,0.8220811545908793
current_velocity/15T,medium,top_k_10_mix,top_k_10_mix,,,,assembled_from_candidate_artifacts_no_independent_selected_method_latency,0.0,top_k_10,0.415929203539823,450.0,0.0,0.0,43200.0,0.0,450.0,4500.0,1778.0,39.51111111111111,2186.5192237126557,0.4858931608250346,0.0,9.695305610998794,827.0439507010549,28.758371836754858,0.0,450.0,450.0,450.0,0.9915201193062416,5.341257154667294,2.31111599766591,0.0,450.0,450.0,450.0,1.249879717025631,8.133106303966722,2.8518601480378947,0.0,450.0,450.0,450.0,124892.91007734514,1297217002654.2673,1138954.3461676887,0.0,450.0,450.0,450.0,0.5805907534481025,0.3869098026462715,0.622020741331245,0.0,450.0,450.0,450.0,0.7471976149042654,0.16647428086382637,0.4080125989033015,0.0,450.0,450.0,450.0,0.433476319803023,0.21073503324842358,0.45905885597428964,0.0,450.0,450.0,450.0,0.433476319803023,0.21073503324842358,0.45905885597428964,0.0,450.0,450.0,450.0,0.9924470867542217,0.20323056826444055,0.7528840830678039,0.4111177354932831,0.1690177924371251,0.8191399664208612
current_velocity/15T,medium,top_k_15_mix,top_k_15_mix,,,,assembled_from_candidate_artifacts_no_independent_selected_method_latency,0.0,top_k_15,0.41150442477876104,450.0,0.0,0.0,43200.0,0.0,450.0,6750.0,2552.0,37.80740740740741,3388.2952420569823,0.5019696654899233,0.0,9.667949768765016,791.8101354769116,28.139121085721772,0.0,450.0,450.0,450.0,0.9953070910557006,5.355704991448697,2.3142396140954586,0.0,450.0,450.0,450.0,1.2513785688117214,8.102001446283746,2.8464014907043147,0.0,450.0,450.0,450.0,126922.83063887405,1395449008503.0522,1181291.2462653113,0.0,450.0,450.0,450.0,0.5788332101362451,0.38479843694471494,0.6203212368964285,0.0,450.0,450.0,450.0,0.7485076841322001,0.16596917593104543,0.40739314664221515,0.0,450.0,450.0,450.0,0.43361286101097196,0.2111028746668425,0.45945932863186323,0.0,450.0,450.0,450.0,0.43361286101097196,0.2111028746668425,0.45945932863186323,0.0,450.0,450.0,450.0,0.9924470867542217,0.20323056826444055,0.7542041224385871,0.41049356895649347,0.16850497015463947,0.8166545876852976
current_velocity/15T,medium,top_k_20_mix,top_k_20_mix,,,,assembled_from_candidate_artifacts_no_independent_selected_method_latency,0.0,top_k_20,0.4004424778761062,450.0,0.0,0.0,43200.0,0.0,450.0,9000.0,3321.0,36.9,4621.442754891543,0.5134936394323937,0.0,9.655937404176928,786.3816230326396,28.042496733219735,0.0,450.0,450.0,450.0,0.9953781373600946,5.352015037195223,2.3134422485109116,0.0,450.0,450.0,450.0,1.251233221958473,8.090352828444347,2.844354553926839,0.0,450.0,450.0,450.0,128372.03951203352,1458695345922.304,1207764.607000182,0.0,450.0,450.0,450.0,0.5774529907660381,0.3831490047090152,0.6189903106745818,0.0,450.0,450.0,450.0,0.750175775586242,0.16480331841168344,0.4059597497433501,0.0,450.0,450.0,450.0,0.4326900327113077,0.21025792896632678,0.4585389067094817,0.0,450.0,450.0,450.0,0.4326900327113077,0.21025792896632678,0.4585389067094817,0.0,450.0,450.0,450.0,0.9924470867542217,0.20323056826444055,0.7558849087256398,0.4090492633426265,0.1673212998411454,0.8109179628787134
current_velocity/15T,long,vanilla_univariate,vanilla_univariate,2.2180378437042236e-05,0.0,0.0,measured_candidate_query_loop_precomputed_vanilla_fallback_separate_retrieval,0.0,,,150.0,0.0,0.0,43200.0,0.0,0.0,0.0,0.0,,0.0,,0.0,11.025437511614932,964.1626181398952,31.050968070897486,0.0,150.0,150.0,150.0,1.074874237137732,5.834265227428838,2.4154223704000173,0.0,150.0,150.0,150.0,1.3698660684928137,9.14890446600697,3.024715600846957,0.0,150.0,150.0,150.0,128137.1378391596,505776518527.2102,711179.6668403915,0.0,150.0,150.0,150.0,0.6049970396698305,0.3954000892601512,0.6288084678661311,0.0,150.0,150.0,150.0,0.8639502699452303,0.18030204205900532,0.42461987949106356,0.0,150.0,150.0,150.0,0.4477873994804867,0.20843684736793933,0.45654884444924326,0.0,150.0,150.0,150.0,0.4477873994804867,0.20843684736793933,0.45654884444924326,0.0,150.0,150.0,150.0,1.1285984948447063,0.18788879728392668,0.7655071966617399,0.3762364396467591,0.14155385851806943,0.959621034704604
current_velocity/15T,long,top_k_1_mix,top_k_1_mix,,,,assembled_from_candidate_artifacts_no_independent_selected_method_latency,0.0,top_k_1,0.4342105263157895,150.0,0.0,0.0,43200.0,0.0,150.0,150.0,74.0,49.333333333333336,62.05947127917318,0.4137298085278212,0.0,10.686409255891034,849.6890108415796,29.1494255662368,0.0,150.0,150.0,150.0,1.0671833492566625,5.626124381184718,2.3719452736487656,0.0,150.0,150.0,150.0,1.3597207397138178,8.837568765883143,2.9728048650866983,0.0,150.0,150.0,150.0,119431.15403542489,412800878941.47064,642495.8201743189,0.0,150.0,150.0,150.0,0.6068199383995022,0.39510569210343155,0.6285743329976428,0.0,150.0,150.0,150.0,0.8638615877457642,0.18572301046062606,0.4309559263551507,0.0,150.0,150.0,150.0,0.45217061177619866,0.22401420324238577,0.47330138732353805,0.0,150.0,150.0,150.0,0.45217061177619866,0.22401420324238577,0.47330138732353805,0.0,150.0,150.0,150.0,1.1285984948447063,0.18788879728392668,0.7654286193821571,0.3818505237457805,0.14580982248492688,0.9884730390815807
current_velocity/15T,long,top_k_5_mix,top_k_5_mix,,,,assembled_from_candidate_artifacts_no_independent_selected_method_latency,0.0,top_k_5,0.39473684210526316,150.0,0.0,0.0,43200.0,0.0,150.0,750.0,316.0,42.13333333333333,351.53298295391244,0.46871064393854994,0.0,10.51214174519975,843.3274567564273,29.04010083929509,0.0,150.0,150.0,150.0,1.0517273004990741,5.548159490026837,2.3554531390004,0.0,150.0,150.0,150.0,1.342620699548663,8.709511402343212,2.951188134013691,0.0,150.0,150.0,150.0,126390.43650374934,507719593065.7476,712544.4498876878,0.0,150.0,150.0,150.0,0.6039062620004095,0.3906021194071441,0.6249816952576644,0.0,150.0,150.0,150.0,0.8532306524904718,0.16826633516710784,0.41020279761004536,0.0,150.0,150.0,150.0,0.4486434386696476,0.21183902494631843,0.46025973639491696,0.0,150.0,150.0,150.0,0.4486434386696476,0.21183902494631843,0.46025973639491696,0.0,150.0,150.0,150.0,1.1285984948447063,0.18788879728392668,0.7560090292410635,0.36346211649563537,0.1321047101274868,0.8955634268754911
current_velocity/15T,long,top_k_10_mix,top_k_10_mix,,,,assembled_from_candidate_artifacts_no_independent_selected_method_latency,0.0,top_k_10,0.4144736842105263,150.0,0.0,0.0,43200.0,0.0,150.0,1500.0,584.0,38.93333333333333,742.2507955828752,0.4948338637219168,0.0,10.464416754854728,811.0865611568508,28.479581477908884,0.0,150.0,150.0,150.0,1.0551756200121907,5.550886933162465,2.3560320314381262,0.0,150.0,150.0,150.0,1.3438759532939286,8.658414177013064,2.9425183392823677,0.0,150.0,150.0,150.0,122755.91081579725,460122623249.89276,678323.3913480301,0.0,150.0,150.0,150.0,0.6051298999897966,0.39311929398305856,0.6269922599068178,0.0,150.0,150.0,150.0,0.8544932405309,0.1691309598616026,0.41125534630154365,0.0,150.0,150.0,150.0,0.4480824627473807,0.20991818186563896,0.45816828989536035,0.0,150.0,150.0,150.0,0.4480824627473807,0.20991818186563896,0.45816828989536035,0.0,150.0,150.0,150.0,1.1285984948447063,0.18788879728392668,0.7571277513075872,0.3643947322099981,0.1327835208623962,0.9001652163754162
current_velocity/15T,long,top_k_15_mix,top_k_15_mix,,,,assembled_from_candidate_artifacts_no_independent_selected_method_latency,0.0,top_k_15,0.42105263157894735,150.0,0.0,0.0,43200.0,0.0,150.0,2250.0,845.0,37.55555555555556,1143.844514702909,0.5083753398679596,0.0,10.680965398261238,842.672839825141,29.02882773770138,0.0,150.0,150.0,150.0,1.0668262812668734,5.691373548647262,2.3856599817759574,0.0,150.0,150.0,150.0,1.356696209853584,8.840340792430158,2.9732710593604073,0.0,150.0,150.0,150.0,125282.07817390421,480089500104.4256,692884.9111536674,0.0,150.0,150.0,150.0,0.6050487390335456,0.39345273890824684,0.6272581118712192,0.0,150.0,150.0,150.0,0.8569010951004683,0.16850220252352285,0.41049019784097507,0.0,150.0,150.0,150.0,0.4486437454218378,0.21038990136780897,0.45868278948289415,0.0,150.0,150.0,150.0,0.4486437454218378,0.21038990136780897,0.45868278948289415,0.0,150.0,150.0,150.0,1.1285984948447063,0.18788879728392668,0.7592612421642266,0.3637167688208356,0.13228988792146917,0.8968187830213851
current_velocity/15T,long,top_k_20_mix,top_k_20_mix,,,,assembled_from_candidate_artifacts_no_independent_selected_method_latency,0.0,top_k_20,0.39473684210526316,150.0,0.0,0.0,43200.0,0.0,150.0,3000.0,1092.0,36.4,1575.4117352728676,0.5251372450909558,0.0,10.640111906015317,845.8257618788674,29.083083775261304,0.0,150.0,150.0,150.0,1.065197836129136,5.696053025238143,2.3866405312149843,0.0,150.0,150.0,150.0,1.3520788924855864,8.811994574510265,2.968500391529411,0.0,150.0,150.0,150.0,124350.81250912423,463940366130.1848,681131.6804628785,0.0,150.0,150.0,150.0,0.6035955325654517,0.3917747091404669,0.6259190915289826,0.0,150.0,150.0,150.0,0.8511638269009694,0.16373863784662196,0.4046463120388248,0.0,150.0,150.0,150.0,0.44739852999064805,0.20825499481045923,0.4563496409667255,0.0,150.0,150.0,150.0,0.44739852999064805,0.20825499481045923,0.4563496409667255,0.0,150.0,150.0,150.0,1.1285984948447063,0.18788879728392668,0.7541777087148148,0.3585387663435645,0.12855004697116518,0.8714656765788414
current_velocity/H,short,vanilla_univariate,vanilla_univariate,0.0001606624573469162,0.0,0.0,measured_candidate_query_loop_precomputed_vanilla_fallback_separate_retrieval,0.0,,,3528.0,0.0,0.0,84672.0,0.0,0.0,0.0,0.0,,0.0,,0.0,6.5493161688671995,540.9563723570243,23.25846883088017,0.0,3528.0,3528.0,3528.0,0.808859263977191,3.5617021516551133,1.8872472417929542,0.0,3528.0,3528.0,3528.0,1.0056459820648664,5.53799232762399,2.3532939314127317,0.0,3528.0,3528.0,3528.0,2025123755425.37,1.367171978151813e+27,36975288750080.27,0.0,3528.0,3528.0,3528.0,0.4539103815778241,0.28173571757878824,0.5307878272707356,0.0,3528.0,3528.0,3528.0,0.7341019003197232,0.22246071921226845,0.47165741721324433,0.0,3528.0,3528.0,3528.0,0.34230064082830497,0.18006557138128132,0.42434133828944987,0.0,3528.0,3528.0,3528.0,0.34230064082830497,0.18006557138128132,0.42434133828944987,0.0,3528.0,3528.0,3528.0,1.0337543563683367,0.3826492950103123,0.7101318565647288,0.45625676381206776,0.20817023452426103,0.5813697349325397
current_velocity/H,short,top_k_1_mix,top_k_1_mix,,,,assembled_from_candidate_artifacts_no_independent_selected_method_latency,0.0,top_k_1,0.42124645892351276,3528.0,0.0,0.0,84672.0,0.0,3528.0,3528.0,1312.0,37.188208616780045,1182.5890579364618,0.3352009801407205,0.0,6.601551082869495,544.4197792105484,23.33280478662067,0.0,3528.0,3528.0,3528.0,0.8101015048617313,3.5963652381249656,1.8964085103492248,0.0,3528.0,3528.0,3528.0,1.0072881346838962,5.586921696594532,2.3636670020530666,0.0,3528.0,3528.0,3528.0,2073315973351.3833,1.340065145054647e+27,36606900238269.93,0.0,3528.0,3528.0,3528.0,0.4516011504253097,0.28005612003994956,0.5292032880093902,0.0,3528.0,3528.0,3528.0,0.7273879924462902,0.22159364357620912,0.4707373403249514,0.0,3528.0,3528.0,3528.0,0.34099574117436526,0.18015110815851595,0.42444211402559473,0.0,3528.0,3528.0,3528.0,0.34099574117436526,0.18015110815851595,0.42444211402559473,0.0,3528.0,3528.0,3528.0,1.0337543563683367,0.3826492950103123,0.7036371725693746,0.4553667294604591,0.20735885829951495,0.5791037549676845
current_velocity/H,short,top_k_5_mix,top_k_5_mix,,,,assembled_from_candidate_artifacts_no_independent_selected_method_latency,0.0,top_k_5,0.38271954674220965,3528.0,0.0,0.0,84672.0,0.0,3528.0,17640.0,5962.0,33.79818594104309,6065.39767724719,0.3438434057396366,0.0,6.502925164515637,515.4955216163146,22.704526456552987,0.0,3528.0,3528.0,3528.0,0.8079519681034497,3.5451594085189964,1.8828593703511147,0.0,3528.0,3528.0,3528.0,1.0043956886409917,5.494114465155024,2.3439527437973284,0.0,3528.0,3528.0,3528.0,2019540259785.4114,1.3875117752442793e+27,37249319124572.99,0.0,3528.0,3528.0,3528.0,0.45421610982248645,0.283276941829519,0.5322376741921968,0.0,3528.0,3528.0,3528.0,0.7347471523920202,0.22889343965217543,0.47842809245713763,0.0,3528.0,3528.0,3528.0,0.3387252585855647,0.17576476688046394,0.4192430880532963,0.0,3528.0,3528.0,3528.0,0.3387252585855647,0.17576476688046394,0.4192430880532963,0.0,3528.0,3528.0,3528.0,1.0337543563683367,0.3826492950103123,0.7107560397358293,0.4628063615982181,0.2141897283357806,0.5981807431423775
current_velocity/H,short,top_k_10_mix,top_k_10_mix,,,,assembled_from_candidate_artifacts_no_independent_selected_method_latency,0.0,top_k_10,0.36175637393767707,3528.0,0.0,0.0,84672.0,0.0,3528.0,35280.0,11006.0,31.196145124716555,12456.025412328303,0.35306194479388614,0.0,6.501819423933141,511.73176960556646,22.621489111143113,0.0,3528.0,3528.0,3528.0,0.8122127390857726,3.540758392151662,1.8816903018700133,0.0,3528.0,3528.0,3528.0,1.0085641499329188,5.484617779403228,2.3419260832492617,0.0,3528.0,3528.0,3528.0,1986449246957.8323,1.3417061807254094e+27,36629307674666.875,0.0,3528.0,3528.0,3528.0,0.4556570652465882,0.2835671508606797,0.5325102354515636,0.0,3528.0,3528.0,3528.0,0.7514476475967649,0.24708240367982967,0.49707384127494547,0.0,3528.0,3528.0,3528.0,0.3381611156017387,0.17199065306887007,0.4147175581873404,0.0,3528.0,3528.0,3528.0,0.3381611156017387,0.17199065306887007,0.4147175581873404,0.0,3528.0,3528.0,3528.0,1.0337543563683367,0.3826492950103123,0.7269112269927082,0.48084328565366957,0.23121026535821648,0.6457150369848998
current_velocity/H,short,top_k_15_mix,top_k_15_mix,,,,assembled_from_candidate_artifacts_no_independent_selected_method_latency,0.0,top_k_15,0.341643059490085,3528.0,0.0,0.0,84672.0,0.0,3528.0,52920.0,15680.0,29.62962962962963,18980.94539691246,0.3586724375833798,0.0,6.514926560231775,511.82780169502826,22.62361159706885,0.0,3528.0,3528.0,3528.0,0.8165621802495754,3.5496837432194335,1.8840604404369392,0.0,3528.0,3528.0,3528.0,1.0122221395388862,5.490332900459094,2.3431459409219677,0.0,3528.0,3528.0,3528.0,1829504515337.4614,9.85786682285251e+26,31397240042482.254,0.0,3528.0,3528.0,3528.0,0.4567242712945747,0.28371595626287244,0.532649937823025,0.0,3528.0,3528.0,3528.0,0.7695100281495172,0.2724905128598238,0.5220062383342021,0.0,3528.0,3528.0,3528.0,0.3385935741303372,0.17139627264538665,0.41400032928173697,0.0,3528.0,3528.0,3528.0,0.3385935741303372,0.17139627264538665,0.41400032928173697,0.0,3528.0,3528.0,3528.0,1.0337543563683367,0.3826492950103123,0.7443838310417077,0.5049615850404274,0.25498620236654074,0.712115549180563
current_velocity/H,short,top_k_20_mix,top_k_20_mix,,,,assembled_from_candidate_artifacts_no_independent_selected_method_latency,0.0,top_k_20,0.3138810198300283,3528.0,0.0,0.0,84672.0,0.0,3528.0,70560.0,19965.0,28.295068027210885,25658.923641456822,0.36364687700477355,0.0,6.53427309546628,513.69626099309,22.664868430968003,0.0,3528.0,3528.0,3528.0,0.8198189523518059,3.5595434092396294,1.8866752262219455,0.0,3528.0,3528.0,3528.0,1.015068734552675,5.503908559599912,2.3460410396239686,0.0,3528.0,3528.0,3528.0,1858471025435.508,1.0043710200245939e+27,31691813138799.645,0.0,3528.0,3528.0,3528.0,0.45730852542946754,0.2843350631792245,0.5332307785370463,0.0,3528.0,3528.0,3528.0,0.7800332450403721,0.28752257177615004,0.536211312614859,0.0,3528.0,3528.0,3528.0,0.3387804636086967,0.1706235719991804,0.4130660625120156,0.0,3528.0,3528.0,3528.0,0.3387804636086967,0.1706235719991804,0.4130660625120156,0.0,3528.0,3528.0,3528.0,1.0337543563683367,0.3826492950103123,0.7545634417258394,0.518702832362045,0.26905262830040766,0.7513997164646583
current_velocity/H,medium,vanilla_univariate,vanilla_univariate,3.733299672603607e-05,0.0,0.0,measured_candidate_query_loop_precomputed_vanilla_fallback_separate_retrieval,0.0,,,504.0,0.0,0.0,84672.0,0.0,0.0,0.0,0.0,,0.0,,0.0,10.296336738451156,835.1436051308905,28.89885127701256,0.0,504.0,504.0,504.0,1.0876717114632557,5.372527047264122,2.317871231812527,0.0,504.0,504.0,504.0,1.3647678972499115,8.433745325087214,2.904091135809483,0.0,504.0,504.0,504.0,2156859346044.264,2.6356049813890555e+26,16234546440812.738,0.0,504.0,504.0,504.0,0.5735124326692871,0.35456141485648845,0.5954505981662026,0.0,504.0,504.0,504.0,1.172189045510165,0.7852925205308352,0.8861673208434371,0.0,504.0,504.0,504.0,0.4090160862489235,0.17905837705878355,0.42315290033129105,0.0,504.0,504.0,504.0,0.4090160862489235,0.17905837705878355,0.42315290033129105,0.0,504.0,504.0,504.0,1.8436548434542293,1.2185305146164476,0.6357963637672974,0.4806579300836671,0.2310320457523154,0.6444586418732557
current_velocity/H,medium,top_k_1_mix,top_k_1_mix,,,,assembled_from_candidate_artifacts_no_independent_selected_method_latency,0.0,top_k_1,0.34980237154150196,504.0,0.0,0.0,84672.0,0.0,504.0,504.0,192.0,38.095238095238095,175.7987039758546,0.3488069523330449,0.0,10.334581208210631,847.5359978966303,29.11247151817637,0.0,504.0,504.0,504.0,1.0889159193814693,5.4773067173398795,2.3403646547792247,0.0,504.0,504.0,504.0,1.361209332585605,8.481690361092483,2.912334177441264,0.0,504.0,504.0,504.0,2298346118961.9487,4.240226973579014e+26,20591811415169.414,0.0,504.0,504.0,504.0,0.5705668631309109,0.3531599021605956,0.5942725823732705,0.0,504.0,504.0,504.0,1.165941250661977,0.776675528510345,0.8812919655314833,0.0,504.0,504.0,504.0,0.41213909150950007,0.18545454809766224,0.4306443406079572,0.0,504.0,504.0,504.0,0.41213909150950007,0.18545454809766224,0.4306443406079572,0.0,504.0,504.0,504.0,1.8436548434542293,1.2185305146164476,0.6324075543757943,0.47801353309728783,0.2284969378241519,0.6373870159130289
current_velocity/H,medium,top_k_5_mix,top_k_5_mix,,,,assembled_from_candidate_artifacts_no_independent_selected_method_latency,0.0,top_k_5,0.32806324110671936,504.0,0.0,0.0,84672.0,0.0,504.0,2520.0,839.0,33.29365079365079,888.955076081887,0.35275995082614564,0.0,10.324990065142845,828.1335526199838,28.777309683498626,0.0,504.0,504.0,504.0,1.0933476081306799,5.419933608691218,2.328075086566414,0.0,504.0,504.0,504.0,1.3679105169163415,8.453810882852514,2.907543788638877,0.0,504.0,504.0,504.0,2259120459647.639,3.7206895674884884e+26,19289089059591.406,0.0,504.0,504.0,504.0,0.5708534074486588,0.353694284854203,0.5947220231790673,0.0,504.0,504.0,504.0,1.1889624937566081,0.9091313976433261,0.953483821385201,0.0,504.0,504.0,504.0,0.40780827621731075,0.17877408886830798,0.42281685026534593,0.0,504.0,504.0,504.0,0.40780827621731075,0.17877408886830798,0.42281685026534593,0.0,504.0,504.0,504.0,1.8436548434542293,1.2185305146164476,0.6448942967703192,0.5171704588689582,0.2674652835267288,0.7460883307706825
current_velocity/H,medium,top_k_10_mix,top_k_10_mix,,,,assembled_from_candidate_artifacts_no_independent_selected_method_latency,0.0,top_k_10,0.3102766798418972,504.0,0.0,0.0,84672.0,0.0,504.0,5040.0,1576.0,31.26984126984127,1819.1425632492244,0.3609409847716715,0.0,10.230300352977412,801.0315137010753,28.30250013163281,0.0,504.0,504.0,504.0,1.0934840965602968,5.371350302059911,2.317617376112785,0.0,504.0,504.0,504.0,1.3668510007634762,8.362018694689295,2.891715527967662,0.0,504.0,504.0,504.0,2132074032414.6409,3.50399524134935e+26,18718961620104.227,0.0,504.0,504.0,504.0,0.5735214887311536,0.3570093243393796,0.5975025726633983,0.0,504.0,504.0,504.0,1.200896803691794,0.9521095386215879,0.9757610048682965,0.0,504.0,504.0,504.0,0.40664266975766394,0.1769520845724819,0.4206567300929368,0.0,504.0,504.0,504.0,0.40664266975766394,0.1769520845724819,0.4206567300929368,0.0,504.0,504.0,504.0,1.8436548434542293,1.2185305146164476,0.6513674769198238,0.5292536226792501,0.28010939711911004,0.781358798323799
current_velocity/H,medium,top_k_15_mix,top_k_15_mix,,,,assembled_from_candidate_artifacts_no_independent_selected_method_latency,0.0,top_k_15,0.2984189723320158,504.0,0.0,0.0,84672.0,0.0,504.0,7560.0,2228.0,29.47089947089947,2772.1195083059374,0.3666824746436425,0.0,10.247148644837448,812.4176993460296,28.502941941947494,0.0,504.0,504.0,504.0,1.095205984543062,5.365699908650206,2.316398046245551,0.0,504.0,504.0,504.0,1.3694128739715168,8.37185702543852,2.893416151444261,0.0,504.0,504.0,504.0,2126898969470.4807,3.3122278580348505e+26,18199527076368.91,0.0,504.0,504.0,504.0,0.5747873540696237,0.358214327830914,0.598510089999253,0.0,504.0,504.0,504.0,1.2206455922728703,1.0505393478990963,1.024958217635771,0.0,504.0,504.0,504.0,0.4073860282562126,0.17714599004150208,0.42088714644367803,0.0,504.0,504.0,504.0,0.4073860282562126,0.17714599004150208,0.42088714644367803,0.0,504.0,504.0,504.0,1.8436548434542293,1.2185305146164476,0.6620792371233093,0.5559382339242159,0.3090673199387762,0.862136266016917
current_velocity/H,medium,top_k_20_mix,top_k_20_mix,,,,assembled_from_candidate_artifacts_no_independent_selected_method_latency,0.0,top_k_20,0.32608695652173914,504.0,0.0,0.0,84672.0,0.0,504.0,10080.0,2849.0,28.26388888888889,3749.029014247361,0.3719274815721588,0.0,10.312102747681106,820.613013748217,28.646343811178017,0.0,504.0,504.0,504.0,1.102738041670017,5.401461723203639,2.3241044992004207,0.0,504.0,504.0,504.0,1.376830547390836,8.416440391452555,2.901110199811885,0.0,504.0,504.0,504.0,2007988315138.3499,2.7954427356393518e+26,16719577553393.363,0.0,504.0,504.0,504.0,0.5758679473775373,0.3584075949271974,0.5986715250679603,0.0,504.0,504.0,504.0,1.2432245517902576,1.2229166807963359,1.105855632890811,0.0,504.0,504.0,504.0,0.40787722998753445,0.1770259121187878,0.42074447366398976,0.0,504.0,504.0,504.0,0.40787722998753445,0.1770259121187878,0.42074447366398976,0.0,504.0,504.0,504.0,1.8436548434542293,1.2185305146164476,0.674326084518608,0.5998170627311701,0.35978050874344836,1.003599553829203
current_velocity/H,long,vanilla_univariate,vanilla_univariate,2.506747841835022e-05,0.0,0.0,measured_candidate_query_loop_precomputed_vanilla_fallback_separate_retrieval,0.0,,,252.0,0.0,0.0,84672.0,0.0,0.0,0.0,0.0,,0.0,,0.0,11.303819504298811,862.8699952107664,29.374648852552543,0.0,252.0,252.0,252.0,1.1699287890279229,5.809714208138084,2.41033487468818,0.0,252.0,252.0,252.0,1.4713356524002505,9.13899090227474,3.0230763970291488,0.0,252.0,252.0,252.0,1966124521745.4373,8.596618116748877e+25,9271794926953.938,0.0,252.0,252.0,252.0,0.5920353785304452,0.36941199820426734,0.607792726350248,0.0,252.0,252.0,252.0,1.3360270016711546,1.5873813358187499,1.2599132255114833,0.0,252.0,252.0,252.0,0.4183943703940223,0.18038023230214945,0.42471194038094745,0.0,252.0,252.0,252.0,0.4183943703940223,0.18038023230214945,0.42471194038094745,0.0,252.0,252.0,252.0,1.97807318941371,1.9703509296939952,0.6754183863475475,0.6369396401782862,0.40569210523044463,0.8056338147160809
current_velocity/H,long,top_k_1_mix,top_k_1_mix,,,,assembled_from_candidate_artifacts_no_independent_selected_method_latency,0.0,top_k_1,0.41732283464566927,252.0,0.0,0.0,84672.0,0.0,252.0,252.0,105.0,41.666666666666664,79.99028368723734,0.31742176066364025,0.0,11.370295869758836,850.8488512204053,29.16931351986888,0.0,252.0,252.0,252.0,1.1701974229074241,5.8145706639042745,2.411342087698109,0.0,252.0,252.0,252.0,1.4762256093300896,9.191053820116842,3.031675084852736,0.0,252.0,252.0,252.0,2019648531665.939,1.0284651824026318e+26,10141327242538.977,0.0,252.0,252.0,252.0,0.5860126402618697,0.359020802808083,0.599183446707336,0.0,252.0,252.0,252.0,1.3228916714789551,1.6415676789818572,1.2812367770954194,0.0,252.0,252.0,252.0,0.42490775936814607,0.19019919039023114,0.43611832154844304,0.0,252.0,252.0,252.0,0.42490775936814607,0.19019919039023114,0.43611832154844304,0.0,252.0,252.0,252.0,1.97807318941371,1.9703509296939952,0.668777919117873,0.6477196010503388,0.41954068158480995,0.8331346737491074
current_velocity/H,long,top_k_5_mix,top_k_5_mix,,,,assembled_from_candidate_artifacts_no_independent_selected_method_latency,0.0,top_k_5,0.4251968503937008,252.0,0.0,0.0,84672.0,0.0,252.0,1260.0,467.0,37.06349206349206,427.2838114657381,0.3391141360839191,0.0,11.66320519970559,896.9180615633328,29.94859031011865,0.0,252.0,252.0,252.0,1.1944002853246425,6.06476896424612,2.462675164175357,0.0,252.0,252.0,252.0,1.497001588370445,9.422191444121957,3.069558835422764,0.0,252.0,252.0,252.0,1694525575404.6006,6.710026799011438e+25,8191475324391.473,0.0,252.0,252.0,252.0,0.5883882215822469,0.36727249881391927,0.6060301137847188,0.0,252.0,252.0,252.0,1.3624192181761294,1.843018249440152,1.3575780822627301,0.0,252.0,252.0,252.0,0.41916693188987175,0.18227687120374222,0.4269389548913782,0.0,252.0,252.0,252.0,0.41916693188987175,0.18227687120374222,0.4269389548913782,0.0,252.0,252.0,252.0,1.97807318941371,1.9703509296939952,0.6887607725879663,0.6863133727954266,0.47102604567783424,0.9353756336828696
current_velocity/H,long,top_k_10_mix,top_k_10_mix,,,,assembled_from_candidate_artifacts_no_independent_selected_method_latency,0.0,top_k_10,0.4409448818897638,252.0,0.0,0.0,84672.0,0.0,252.0,2520.0,848.0,33.65079365079365,910.9357486295997,0.36148243993238083,0.0,11.698046856434845,898.8182396677046,29.980297524669506,0.0,252.0,252.0,252.0,1.1969778272662697,6.015429129444626,2.452637178517162,0.0,252.0,252.0,252.0,1.5046183338762,9.434170525798452,3.0715094865226207,0.0,252.0,252.0,252.0,2017994917753.6855,1.0661411261727147e+26,10325411014447.389,0.0,252.0,252.0,252.0,0.5922128808931378,0.37199799459872424,0.6099163832844009,0.0,252.0,252.0,252.0,1.3922617380037066,1.9841299066759126,1.4085914619491036,0.0,252.0,252.0,252.0,0.4201498409183725,0.18273302640456712,0.42747283703712347,0.0,252.0,252.0,252.0,0.4201498409183725,0.18273302640456712,0.42747283703712347,0.0,252.0,252.0,252.0,1.97807318941371,1.9703509296939952,0.7038474336818473,0.7121028026099491,0.507090401484944,1.006993158819712
current_velocity/H,long,top_k_15_mix,top_k_15_mix,,,,assembled_from_candidate_artifacts_no_independent_selected_method_latency,0.0,top_k_15,0.37401574803149606,252.0,0.0,0.0,84672.0,0.0,252.0,3780.0,1214.0,32.116402116402114,1394.7845214017755,0.3689906141274538,0.0,11.563306238379244,888.7911628211311,29.812600738968264,0.0,252.0,252.0,252.0,1.1906165510067621,5.963555643792151,2.4420392387904317,0.0,252.0,252.0,252.0,1.4935973810445138,9.332473101716213,3.054909671613256,0.0,252.0,252.0,252.0,1914192121542.5156,9.03935205974404e+25,9507550714954.951,0.0,252.0,252.0,252.0,0.5921709900686668,0.37229576083039617,0.6101604385982397,0.0,252.0,252.0,252.0,1.3854720570875476,1.964476921546756,1.4015979885640375,0.0,252.0,252.0,252.0,0.4193504445729142,0.18221802887515384,0.42687003745303304,0.0,252.0,252.0,252.0,0.4193504445729142,0.18221802887515384,0.42687003745303304,0.0,252.0,252.0,252.0,1.97807318941371,1.9703509296939952,0.7004149616416336,0.7085673048222566,0.5020676254630767,0.9970188010375637
current_velocity/H,long,top_k_20_mix,top_k_20_mix,,,,assembled_from_candidate_artifacts_no_independent_selected_method_latency,0.0,top_k_20,0.3779527559055118,252.0,0.0,0.0,84672.0,0.0,252.0,5040.0,1529.0,30.33730158730159,1899.9750954219883,0.37697918559960086,0.0,11.592661683866806,884.3233521358578,29.737574752085244,0.0,252.0,252.0,252.0,1.1950114204332172,5.990098530771708,2.4474677793122646,0.0,252.0,252.0,252.0,1.4984305390119617,9.347367603623129,3.0573464971479973,0.0,252.0,252.0,252.0,1798061612127.0886,8.173732716179593e+25,9040869823296.646,0.0,252.0,252.0,252.0,0.5916845322552001,0.3720771154915799,0.6099812419177986,0.0,252.0,252.0,252.0,1.3996222306525494,2.0565333552633573,1.4340618380193224,0.0,252.0,252.0,252.0,0.4190520715290663,0.18234488256414286,0.42701859744529025,0.0,252.0,252.0,252.0,0.4190520715290663,0.18234488256414286,0.42701859744529025,0.0,252.0,252.0,252.0,1.97807318941371,1.9703509296939952,0.7075684752935708,0.7249791593628395,0.5255947815104496,1.043739632504321
CPHL/15T,short,vanilla_univariate,vanilla_univariate,2.4260953068733215e-05,0.0,0.0,measured_candidate_query_loop_precomputed_vanilla_fallback_separate_retrieval,0.0,,,240.0,0.0,0.0,2875.0,0.0,0.0,0.0,0.0,,0.0,,0.0,0.06209867032293599,0.04082852202257755,0.20206068895897972,0.0,240.0,240.0,240.0,0.13835705296992504,0.02754342782898374,0.1659621276947959,0.0,240.0,240.0,240.0,0.16191954269684974,0.03588073201577904,0.1894221001250357,0.0,240.0,240.0,240.0,0.20360541039603408,0.07387449949003412,0.2717986377633893,0.0,240.0,240.0,240.0,0.18044530731804503,0.023966052387828177,0.15480972962907782,0.0,240.0,240.0,240.0,0.6590360706082912,0.47275204675149923,0.6875696668349319,0.0,240.0,240.0,240.0,0.19332388491732827,0.04674990376872768,0.21621726057076868,0.0,240.0,240.0,240.0,0.19332388491732827,0.04674990376872768,0.21621726057076868,0.0,240.0,240.0,240.0,1.3686982871636935,1.2103073573379792,0.4815057319710606,0.5023529825990789,0.2523585191261904,0.390604951614355
CPHL/15T,short,top_k_1_mix,top_k_1_mix,,,,assembled_from_candidate_artifacts_no_independent_selected_method_latency,0.0,top_k_1,0.44214876033057854,240.0,0.0,0.0,2875.0,0.0,240.0,240.0,219.0,91.25,93.78996895272861,0.3907915373030359,0.0,0.06170062621489258,0.041142516009463205,0.20283618022794456,0.0,240.0,240.0,240.0,0.1378306300068895,0.027228943382370648,0.16501194921086973,0.0,240.0,240.0,240.0,0.1612560856997548,0.03569710103968591,0.18893676465867068,0.0,240.0,240.0,240.0,0.20320925411108687,0.07463514907896969,0.27319434305814183,0.0,240.0,240.0,240.0,0.17931160043793112,0.023706238725107954,0.15396830428730438,0.0,240.0,240.0,240.0,0.6560431249379092,0.46609081141635633,0.6827084380732058,0.0,240.0,240.0,240.0,0.19278066284439144,0.047433233550506694,0.21779172057382415,0.0,240.0,240.0,240.0,0.19278066284439144,0.047433233550506694,0.21779172057382415,0.0,240.0,240.0,240.0,1.3686982871636935,1.2103073573379792,0.4793190223810427,0.4988012657544557,0.2488027027182472,0.385101196477483
CPHL/15T,short,top_k_5_mix,top_k_5_mix,,,,assembled_from_candidate_artifacts_no_independent_selected_method_latency,0.0,top_k_5,0.4049586776859504,240.0,0.0,0.0,2875.0,0.0,240.0,1200.0,963.0,80.25,558.3276436232626,0.4652730363527188,0.0,0.06251022795115406,0.04503295837072228,0.21220970376192103,0.0,240.0,240.0,240.0,0.13865765801988392,0.027576713413324384,0.16606237807921573,0.0,240.0,240.0,240.0,0.1620967590302533,0.03623486866304204,0.1903545866614252,0.0,240.0,240.0,240.0,0.20259456685749216,0.06471093528821566,0.254383441458393,0.0,240.0,240.0,240.0,0.18127459347217598,0.023390160496160214,0.15293842060175794,0.0,240.0,240.0,240.0,0.6594233716470056,0.47292082885873954,0.687692394067827,0.0,240.0,240.0,240.0,0.19308111805534497,0.0423961752175422,0.20590331521746366,0.0,240.0,240.0,240.0,0.19308111805534497,0.0423961752175422,0.20590331521746366,0.0,240.0,240.0,240.0,1.3686982871636935,1.2103073573379792,0.4817887023249704,0.5024426497185939,0.25244861625624165,0.3907444055358874
CPHL/15T,short,top_k_10_mix,top_k_10_mix,,,,assembled_from_candidate_artifacts_no_independent_selected_method_latency,0.0,top_k_10,0.34710743801652894,240.0,0.0,0.0,2875.0,0.0,240.0,2400.0,1878.0,78.25,1128.336051635878,0.47014002151494916,0.0,0.06277996372015991,0.04601949066970143,0.2145215389412015,0.0,240.0,240.0,240.0,0.13852779766441217,0.02771564777136561,0.16648017230699158,0.0,240.0,240.0,240.0,0.16209353402064122,0.03650564994885914,0.19106451776522804,0.0,240.0,240.0,240.0,0.20192970356912726,0.06505014669848598,0.25504930248578606,0.0,240.0,240.0,240.0,0.18109992532342392,0.023100707239380146,0.15198916816464306,0.0,240.0,240.0,240.0,0.6591974349585276,0.47565614514025006,0.6896782910460862,0.0,240.0,240.0,240.0,0.19266105990126398,0.04227863432403849,0.2056176897157404,0.0,240.0,240.0,240.0,0.19266105990126398,0.04227863432403849,0.2056176897157404,0.0,240.0,240.0,240.0,1.3686982871636935,1.2103073573379792,0.4816236281880354,0.5038935881736821,0.2539087482025484,0.3930044234271499
CPHL/15T,short,top_k_15_mix,top_k_15_mix,,,,assembled_from_candidate_artifacts_no_independent_selected_method_latency,0.0,top_k_15,0.3140495867768595,240.0,0.0,0.0,2875.0,0.0,240.0,3600.0,2817.0,78.25,1718.4251844540863,0.477340329015024,0.0,0.06282983837495638,0.046201723641821395,0.21494586211839808,0.0,240.0,240.0,240.0,0.13820265124392028,0.02789952957170622,0.16703152268870156,0.0,240.0,240.0,240.0,0.16180876670070257,0.03664776139375399,0.19143605040261877,0.0,240.0,240.0,240.0,0.20179585337952305,0.06634241218909871,0.25757020827164523,0.0,240.0,240.0,240.0,0.18088118183368398,0.023328183247462782,0.15273566462179938,0.0,240.0,240.0,240.0,0.6582024371845686,0.4794915049132189,0.692453251066972,0.0,240.0,240.0,240.0,0.19259255555402238,0.042950384250814,0.20724474480867786,0.0,240.0,240.0,240.0,0.19259255555402238,0.042950384250814,0.20724474480867786,0.0,240.0,240.0,240.0,1.3686982871636935,1.2103073573379792,0.48089666170952766,0.5059210328244942,0.25595609145420295,0.396173337298255
CPHL/15T,short,top_k_20_mix,top_k_20_mix,,,,assembled_from_candidate_artifacts_no_independent_selected_method_latency,0.0,top_k_20,0.2975206611570248,240.0,0.0,0.0,2875.0,0.0,240.0,4800.0,3742.0,77.95833333333333,2348.768184691431,0.48932670514404814,0.0,0.06317216703519385,0.04764718812292404,0.21828235870753285,0.0,240.0,240.0,240.0,0.13843231655967733,0.028162107193358602,0.16781569412113576,0.0,240.0,240.0,240.0,0.1619520558745731,0.03694369863319301,0.1922074364669406,0.0,240.0,240.0,240.0,0.20197288030423935,0.06639059483919628,0.25766372433696655,0.0,240.0,240.0,240.0,0.18132625088483387,0.023475761831524243,0.15321802058349482,0.0,240.0,240.0,240.0,0.6597643459103473,0.48429780164760966,0.6959150822101858,0.0,240.0,240.0,240.0,0.19289778657503326,0.04312996810672358,0.2076775580237874,0.0,240.0,240.0,240.0,0.19289778657503326,0.04312996810672358,0.2076775580237874,0.0,240.0,240.0,240.0,1.3686982871636935,1.2103073573379792,0.48203782535415773,0.508450320086472,0.25852172799603573,0.40014447463394964
CPHL/15T,medium,vanilla_univariate,vanilla_univariate,1.3649463653564453e-05,0.0,0.0,measured_candidate_query_loop_precomputed_vanilla_fallback_separate_retrieval,0.0,,,30.0,0.0,0.0,2875.0,0.0,0.0,0.0,0.0,,0.0,,0.0,0.12020206070341419,0.03603554273811163,0.1898302998420211,0.0,30.0,30.0,30.0,0.21999265739661564,0.024106271828217323,0.1552619458470662,0.0,30.0,30.0,30.0,0.2767278730814482,0.04362374496323208,0.2088629813136643,0.0,30.0,30.0,30.0,0.36916427528596407,0.10843853053798563,0.3293000615517489,0.0,30.0,30.0,30.0,0.2933365834221455,0.020215842090925036,0.14218242539401638,0.0,30.0,30.0,30.0,1.0817674350374027,0.43650759627251684,0.6606872151574578,0.0,30.0,30.0,30.0,0.3017591618741129,0.03206450193155886,0.17906563581982685,0.0,30.0,30.0,30.0,0.3017591618741129,0.03206450193155886,0.17906563581982685,0.0,30.0,30.0,30.0,1.37281934883039,0.6233469173388662,0.7879896476976693,0.48126304143392784,0.23161411505023452,0.7002643056871347
CPHL/15T,medium,top_k_1_mix,top_k_1_mix,,,,assembled_from_candidate_artifacts_no_independent_selected_method_latency,0.0,top_k_1,0.34375,30.0,0.0,0.0,2875.0,0.0,30.0,30.0,27.0,90.0,11.653166038094605,0.38843886793648685,0.0,0.12017197939218781,0.032156825233983076,0.17932324231393731,0.0,30.0,30.0,30.0,0.22017429991042495,0.02422614024036576,0.15564748709942527,0.0,30.0,30.0,30.0,0.2781156357358165,0.04282367255145046,0.20693881354509228,0.0,30.0,30.0,30.0,0.3748019499459634,0.10718642753164745,0.3273933834573439,0.0,30.0,30.0,30.0,0.2901962554535966,0.0211148089628683,0.1453093560747838,0.0,30.0,30.0,30.0,1.0760152565019345,0.42107044720930237,0.6488994122429934,0.0,30.0,30.0,30.0,0.30249145294662666,0.03378890557301657,0.18381758776846294,0.0,30.0,30.0,30.0,0.30249145294662666,0.03378890557301657,0.18381758776846294,0.0,30.0,30.0,30.0,1.37281934883039,0.6233469173388662,0.7837996000119567,0.4726764761844598,0.22342305113815825,0.6754993655970845
CPHL/15T,medium,top_k_5_mix,top_k_5_mix,,,,assembled_from_candidate_artifacts_no_independent_selected_method_latency,0.0,top_k_5,0.3125,30.0,0.0,0.0,2875.0,0.0,30.0,150.0,118.0,78.66666666666667,70.3042135999389,0.46869475733292604,0.0,0.11750546196226411,0.03758684907854719,0.19387328098154008,0.0,30.0,30.0,30.0,0.21522390461031196,0.02488205372008183,0.1577404631668166,0.0,30.0,30.0,30.0,0.2704623616370997,0.044355572899946814,0.2106076278294469,0.0,30.0,30.0,30.0,0.3595376915504638,0.10633442736649082,0.32608960021210553,0.0,30.0,30.0,30.0,0.285570247100132,0.021000166184207764,0.14491434085075142,0.0,30.0,30.0,30.0,1.0553175931405607,0.4523551257256432,0.6725735095330794,0.0,30.0,30.0,30.0,0.29334588447490184,0.032257822122297504,0.17960462722963877,0.0,30.0,30.0,30.0,0.29334588447490184,0.032257822122297504,0.17960462722963877,0.0,30.0,30.0,30.0,1.37281934883039,0.6233469173388662,0.768722843278445,0.4899213506176878,0.2400229297910594,0.7256875956919704
CPHL/15T,medium,top_k_10_mix,top_k_10_mix,,,,assembled_from_candidate_artifacts_no_independent_selected_method_latency,0.0,top_k_10,0.375,30.0,0.0,0.0,2875.0,0.0,30.0,300.0,236.0,78.66666666666667,146.97734514739366,0.48992448382464554,0.0,0.11768460600831047,0.04128860352011905,0.20319597318873978,0.0,30.0,30.0,30.0,0.21368701907354054,0.025580198170807485,0.15993810731282113,0.0,30.0,30.0,30.0,0.2682761602944782,0.04571250782596192,0.21380483583390233,0.0,30.0,30.0,30.0,0.3530323372605905,0.09899381409063722,0.3146328242422224,0.0,30.0,30.0,30.0,0.28481245826752755,0.021458728977055273,0.1464879823639307,0.0,30.0,30.0,30.0,1.0466913091448125,0.46383351361939684,0.6810532384618672,0.0,30.0,30.0,30.0,0.2897321410188197,0.0303967594254449,0.1743466645090892,0.0,30.0,30.0,30.0,0.2897321410188197,0.0303967594254449,0.1743466645090892,0.0,30.0,30.0,30.0,1.37281934883039,0.6233469173388662,0.7624392168106963,0.4960982222767392,0.24611344614614092,0.7441017204345072
CPHL/15T,medium,top_k_15_mix,top_k_15_mix,,,,assembled_from_candidate_artifacts_no_independent_selected_method_latency,0.0,top_k_15,0.375,30.0,0.0,0.0,2875.0,0.0,30.0,450.0,356.0,79.11111111111111,224.81621174381823,0.4995915816529294,0.0,0.11648841446491168,0.04179119795668638,0.2044289557687129,0.0,30.0,30.0,30.0,0.2128822538852474,0.025314561216357452,0.15910550341316748,0.0,30.0,30.0,30.0,0.2667787599253611,0.045317507717598175,0.21287909178122255,0.0,30.0,30.0,30.0,0.35004028507045754,0.09176542485432994,0.30292808528482457,0.0,30.0,30.0,30.0,0.284076629898844,0.02073749734286182,0.14400519901330583,0.0,30.0,30.0,30.0,1.0430445602070064,0.4525202117184071,0.6726962254379067,0.0,30.0,30.0,30.0,0.2879313501699006,0.028198172905579928,0.1679231160548777,0.0,30.0,30.0,30.0,0.2879313501699006,0.028198172905579928,0.1679231160548777,0.0,30.0,30.0,30.0,1.37281934883039,0.6233469173388662,0.7597828229152336,0.49001074031410485,0.24011052562317717,0.7259524337591396
CPHL/15T,medium,top_k_20_mix,top_k_20_mix,,,,assembled_from_candidate_artifacts_no_independent_selected_method_latency,0.0,top_k_20,0.34375,30.0,0.0,0.0,2875.0,0.0,30.0,600.0,479.0,79.83333333333333,296.08391105547594,0.4934731850924599,0.0,0.11591217330091844,0.04191040928717585,0.20472031967339208,0.0,30.0,30.0,30.0,0.21272238275134253,0.02502240815089655,0.15818472793192317,0.0,30.0,30.0,30.0,0.26624318791845153,0.04502673818793854,0.21219504751039442,0.0,30.0,30.0,30.0,0.34912703658450117,0.08909114775269028,0.2984814026915082,0.0,30.0,30.0,30.0,0.2848030328075042,0.02046167912950587,0.14304432575081708,0.0,30.0,30.0,30.0,1.0421541746368799,0.44460373600511566,0.6667861246345155,0.0,30.0,30.0,30.0,0.2880405678386954,0.0274833138697114,0.16578092130794606,0.0,30.0,30.0,30.0,0.2880405678386954,0.0274833138697114,0.16578092130794606,0.0,30.0,30.0,30.0,1.37281934883039,0.6233469173388662,0.7591342411692922,0.48570565763266793,0.23590998585638245,0.7132524821060734
CPHL/15T,long,vanilla_univariate,vanilla_univariate,1.3491138815879822e-05,0.0,0.0,measured_candidate_query_loop_precomputed_vanilla_fallback_separate_retrieval,0.0,,,10.0,0.0,0.0,2875.0,0.0,0.0,0.0,0.0,,0.0,,0.0,0.12420723753339794,0.01521773689124915,0.12336019167968713,0.0,10.0,10.0,10.0,0.2358729608270959,0.01447168353338894,0.12029831060072681,0.0,10.0,10.0,10.0,0.30834008457240447,0.029133629779280402,0.17068576325892093,0.0,10.0,10.0,10.0,0.40777678494892927,0.057055811039720974,0.23886358248950587,0.0,10.0,10.0,10.0,0.3192411194046719,0.013592607322332181,0.11658733774442309,0.0,10.0,10.0,10.0,1.1912087384583099,0.26936082325449295,0.5189998297249171,0.0,10.0,10.0,10.0,0.33024511738185625,0.020188930785905106,0.14208775733998022,0.0,10.0,10.0,10.0,0.33024511738185625,0.020188930785905106,0.14208775733998022,0.0,10.0,10.0,10.0,1.556704626979664,0.9348312901421038,0.7652117927917428,0.33339647145000556,0.11115320717531436,0.28813843320707355
CPHL/15T,long,top_k_1_mix,top_k_1_mix,,,,assembled_from_candidate_artifacts_no_independent_selected_method_latency,0.0,top_k_1,0.25,10.0,0.0,0.0,2875.0,0.0,10.0,10.0,10.0,100.0,3.0496919542120544,0.30496919542120543,0.0,0.1254819452584656,0.015729654748890723,0.12541792036583418,0.0,10.0,10.0,10.0,0.23824085232537087,0.015450478662796589,0.12429995439579448,0.0,10.0,10.0,10.0,0.3096644026522178,0.02958990298851073,0.17201715899441755,0.0,10.0,10.0,10.0,0.4164296407335161,0.05621345563049307,0.23709376969986595,0.0,10.0,10.0,10.0,0.32008533248059956,0.014109417772494517,0.1187830702267563,0.0,10.0,10.0,10.0,1.1973237409323456,0.27246402262014624,0.5219808642279391,0.0,10.0,10.0,10.0,0.3323328423105143,0.019944020667109975,0.14122330072303924,0.0,10.0,10.0,10.0,0.3323328423105143,0.019944020667109975,0.14122330072303924,0.0,10.0,10.0,10.0,1.556704626979664,0.9348312901421038,0.7691399641147124,0.3353114362104083,0.11243375925348674,0.2914579619802082
CPHL/15T,long,top_k_5_mix,top_k_5_mix,,,,assembled_from_candidate_artifacts_no_independent_selected_method_latency,0.0,top_k_5,0.3333333333333333,10.0,0.0,0.0,2875.0,0.0,10.0,50.0,43.0,86.0,22.58238126692935,0.451647625338587,0.0,0.12328476681824056,0.01637401323087743,0.12796098323660002,0.0,10.0,10.0,10.0,0.23404226420857185,0.015230334884109367,0.12341124294046052,0.0,10.0,10.0,10.0,0.3051428053273025,0.03017263517522457,0.1737027206903351,0.0,10.0,10.0,10.0,0.40342523682479836,0.04727055519175401,0.217417927484727,0.0,10.0,10.0,10.0,0.31631015726819905,0.012938126053839283,0.11374588367866013,0.0,10.0,10.0,10.0,1.1733923383660598,0.24676459892395464,0.4967540628157505,0.0,10.0,10.0,10.0,0.32367688046826565,0.01644356516177816,0.12823246531895954,0.0,10.0,10.0,10.0,0.32367688046826565,0.01644356516177816,0.12823246531895954,0.0,10.0,10.0,10.0,1.556704626979664,0.9348312901421038,0.7537668469854097,0.3191061773739045,0.1018287524381858,0.26396698690567355
CPHL/15T,long,top_k_10_mix,top_k_10_mix,,,,assembled_from_candidate_artifacts_no_independent_selected_method_latency,0.0,top_k_10,0.4166666666666667,10.0,0.0,0.0,2875.0,0.0,10.0,100.0,89.0,89.0,44.80197312902857,0.44801973129028566,0.0,0.12174303682002759,0.015621911999948845,0.12498764738944743,0.0,10.0,10.0,10.0,0.23149597821182105,0.014005242355439077,0.118343746583582,0.0,10.0,10.0,10.0,0.30443001732070935,0.02906540137414016,0.17048578056289668,0.0,10.0,10.0,10.0,0.3929893903566244,0.04396373934397496,0.20967531887176172,0.0,10.0,10.0,10.0,0.314533713902994,0.011732609806942658,0.10831717226249335,0.0,10.0,10.0,10.0,1.1640252718484878,0.22160432182006798,0.4707486822287111,0.0,10.0,10.0,10.0,0.3209964851871202,0.014798648006741744,0.12164969382099465,0.0,10.0,10.0,10.0,0.3209964851871202,0.014798648006741744,0.12164969382099465,0.0,10.0,10.0,10.0,1.556704626979664,0.9348312901421038,0.7477496062351551,0.30240077280560473,0.09144622739342696,0.2370527432670572
CPHL/15T,long,top_k_15_mix,top_k_15_mix,,,,assembled_from_candidate_artifacts_no_independent_selected_method_latency,0.0,top_k_15,0.5,10.0,0.0,0.0,2875.0,0.0,10.0,150.0,130.0,86.66666666666667,69.00686623958823,0.46004577493058824,0.0,0.12087507048180077,0.01658221806541466,0.12877196148779693,0.0,10.0,10.0,10.0,0.2262453519978802,0.014562708811584186,0.12067604903867289,0.0,10.0,10.0,10.0,0.3003754000287202,0.03064968953938709,0.17507052732937972,0.0,10.0,10.0,10.0,0.3760062047687217,0.042128698674089915,0.2052527677623128,0.0,10.0,10.0,10.0,0.3072517348167182,0.01214314106325225,0.11019592126413867,0.0,10.0,10.0,10.0,1.1373732222648953,0.23328151936480063,0.4829922560091421,0.0,10.0,10.0,10.0,0.31143733783300365,0.014612151156851948,0.12088073112308656,0.0,10.0,10.0,10.0,0.31143733783300365,0.014612151156851948,0.12088073112308656,0.0,10.0,10.0,10.0,1.556704626979664,0.9348312901421038,0.7306287927412664,0.3102658318336531,0.09626488640342867,0.2495439784962049
CPHL/15T,long,top_k_20_mix,top_k_20_mix,,,,assembled_from_candidate_artifacts_no_independent_selected_method_latency,0.0,top_k_20,0.3333333333333333,10.0,0.0,0.0,2875.0,0.0,10.0,200.0,170.0,85.0,94.69487224055183,0.47347436120275915,0.0,0.12200121296748057,0.01597844934036627,0.1264058912407419,0.0,10.0,10.0,10.0,0.22895089630208815,0.013970150804687576,0.11819539248501854,0.0,10.0,10.0,10.0,0.3037711852710364,0.029724279966510208,0.17240730833265222,0.0,10.0,10.0,10.0,0.38488765899399285,0.04523148216997011,0.21267694320252514,0.0,10.0,10.0,10.0,0.3113482857073072,0.01227776172382187,0.1108050618149815,0.0,10.0,10.0,10.0,1.153694991727635,0.2330076131371198,0.4827086213619141,0.0,10.0,10.0,10.0,0.317620901642333,0.01581450366381152,0.12575573014304964,0.0,10.0,10.0,10.0,0.317620901642333,0.01581450366381152,0.12575573014304964,0.0,10.0,10.0,10.0,1.556704626979664,0.9348312901421038,0.7411136138048533,0.3100836298652692,0.09615185751042128,0.24925097779054903
CPHL/30T,short,vanilla_univariate,vanilla_univariate,2.326071262359619e-05,0.0,0.0,measured_candidate_query_loop_precomputed_vanilla_fallback_separate_retrieval,0.0,,,240.0,0.0,0.0,2681.0,0.0,0.0,0.0,0.0,,0.0,,0.0,0.6326439893952247,0.905102407955636,0.9513687024259501,0.0,240.0,240.0,240.0,0.4629903416027819,0.23886361737055764,0.4887367567214048,0.0,240.0,240.0,240.0,0.559459313727536,0.31964926567873925,0.5653753316857212,0.0,240.0,240.0,240.0,0.38368952704523634,0.6013279636000308,0.7754533922809487,0.0,240.0,240.0,240.0,0.29687610575459994,0.03653364298770025,0.19113775918875958,0.0,240.0,240.0,240.0,1.386630846888305,0.9926781655543758,0.9963323569745067,0.0,240.0,240.0,240.0,0.2922620212051463,0.04251523949589404,0.20619223917474208,0.0,240.0,240.0,240.0,0.2922620212051463,0.04251523949589404,0.20619223917474208,0.0,240.0,240.0,240.0,1.9158052500490743,2.00872837438365,0.723784866365089,0.5200593102816611,0.270461686210637,0.49418237837107526
CPHL/30T,short,top_k_1_mix,top_k_1_mix,,,,assembled_from_candidate_artifacts_no_independent_selected_method_latency,7.0,top_k_1,0.5098039215686274,240.0,0.0,0.0,2681.0,0.0,240.0,233.0,194.0,83.2618025751073,81.1243202699417,0.34817304836884855,0.029166666666666667,0.6402687615719763,0.9187346067872757,0.9585064458767483,0.0,240.0,240.0,240.0,0.46706182310457023,0.24189733687835893,0.4918305977451575,0.0,240.0,240.0,240.0,0.5634820021132749,0.3227567948663915,0.5681168848629581,0.0,240.0,240.0,240.0,0.3932537834173909,0.7144601350180029,0.8452574371267033,0.0,240.0,240.0,240.0,0.2993309225795365,0.03737358732410079,0.19332249564937026,0.0,240.0,240.0,240.0,1.398279496359598,1.010574038145089,1.0052731161953397,0.0,240.0,240.0,240.0,0.2961431523454912,0.04715620754986475,0.21715480089066588,0.0,240.0,240.0,240.0,0.2961431523454912,0.04715620754986475,0.21715480089066588,0.0,240.0,240.0,240.0,1.9158052500490743,2.00872837438365,0.7298651553041627,0.5247261516636876,0.2753375342397834,0.5030914338804864
CPHL/30T,short,top_k_5_mix,top_k_5_mix,,,,assembled_from_candidate_artifacts_no_independent_selected_method_latency,7.0,top_k_5,0.4264705882352941,240.0,0.0,0.0,2681.0,0.0,240.0,1165.0,885.0,75.9656652360515,400.9695841947963,0.3441799005963917,0.029166666666666667,0.6436074699425646,0.9356377806273102,0.9672837125824616,0.0,240.0,240.0,240.0,0.46742446138007127,0.24413109890440912,0.49409624457630635,0.0,240.0,240.0,240.0,0.5637429549757712,0.3258013506577501,0.5707901108619088,0.0,240.0,240.0,240.0,0.3903313123088264,0.6819022626390562,0.8257737357406423,0.0,240.0,240.0,240.0,0.30047827326861726,0.03673742190551537,0.19167008609982772,0.0,240.0,240.0,240.0,1.4000972783182946,1.0165268615967922,1.008229567904449,0.0,240.0,240.0,240.0,0.2964996551033881,0.04589398204112174,0.21422880768263108,0.0,240.0,240.0,240.0,0.2964996551033881,0.04589398204112174,0.21422880768263108,0.0,240.0,240.0,240.0,1.9158052500490743,2.00872837438365,0.730813989721779,0.5262693417708416,0.276959420087915,0.5060549124312037
CPHL/30T,short,top_k_10_mix,top_k_10_mix,,,,assembled_from_candidate_artifacts_no_independent_selected_method_latency,7.0,top_k_10,0.39705882352941174,240.0,0.0,0.0,2681.0,0.0,240.0,2330.0,1686.0,72.36051502145922,827.0433154756691,0.35495421265050175,0.029166666666666667,0.6448197380583655,0.9455543818864776,0.9723962062279334,0.0,240.0,240.0,240.0,0.4678742589674204,0.24293831093480195,0.4928877265004698,0.0,240.0,240.0,240.0,0.564877937106181,0.32573265422903097,0.5707299310786416,0.0,240.0,240.0,240.0,0.3884583792410647,0.6306852592320851,0.7941569487400366,0.0,240.0,240.0,240.0,0.30220002241400684,0.035802291252863314,0.18921493401120143,0.0,240.0,240.0,240.0,1.406308662955745,1.0053134697187793,1.002653215084248,0.0,240.0,240.0,240.0,0.297454108154441,0.04221337392092834,0.20545893487733344,0.0,240.0,240.0,240.0,0.297454108154441,0.04221337392092834,0.20545893487733344,0.0,240.0,240.0,240.0,1.9158052500490743,2.00872837438365,0.7340561692895047,0.5233586321253502,0.2739042578201176,0.5004725788409524
CPHL/30T,short,top_k_15_mix,top_k_15_mix,,,,assembled_from_candidate_artifacts_no_independent_selected_method_latency,7.0,top_k_15,0.4166666666666667,240.0,0.0,0.0,2681.0,0.0,240.0,3495.0,2414.0,69.07010014306151,1268.8510171953621,0.36304750134345126,0.029166666666666667,0.6585100239040929,0.9852316811507861,0.992588374478961,0.0,240.0,240.0,240.0,0.4732086728919647,0.24840176710416131,0.49839920455811454,0.0,240.0,240.0,240.0,0.5709282200096779,0.3325509915006738,0.5766723432770761,0.0,240.0,240.0,240.0,0.39122811942837143,0.6548499456368506,0.8092279936067774,0.0,240.0,240.0,240.0,0.3063212176276905,0.036131932255049945,0.1900840136756638,0.0,240.0,240.0,240.0,1.4240268743963793,1.0293785936505233,1.0145829653855436,0.0,240.0,240.0,240.0,0.30085481311905354,0.04154435910093372,0.20382433392736432,0.0,240.0,240.0,240.0,0.30085481311905354,0.04154435910093372,0.20382433392736432,0.0,240.0,240.0,240.0,1.9158052500490743,2.00872837438365,0.7433046100901447,0.5295856483113587,0.2804609588973621,0.5124528566319344
CPHL/30T,short,top_k_20_mix,top_k_20_mix,,,,assembled_from_candidate_artifacts_no_independent_selected_method_latency,7.0,top_k_20,0.4264705882352941,240.0,0.0,0.0,2681.0,0.0,240.0,4660.0,3138.0,67.33905579399142,1700.580431663851,0.3649314231038307,0.029166666666666667,0.6659864774735903,0.9922134352505788,0.9960991091505799,0.0,240.0,240.0,240.0,0.476615796488809,0.2510490222349506,0.5010479240900522,0.0,240.0,240.0,240.0,0.574700881813502,0.33570537391637345,0.5794008749703209,0.0,240.0,240.0,240.0,0.39367664647747946,0.6841442669960236,0.8271301390930109,0.0,240.0,240.0,240.0,0.3088945954928887,0.036065913032670135,0.18991027626926915,0.0,240.0,240.0,240.0,1.435172134398261,1.0376894755358534,1.0186704450095003,0.0,240.0,240.0,240.0,0.30323688201775156,0.04149742787990499,0.20370917475633,0.0,240.0,240.0,240.0,0.30323688201775156,0.04149742787990499,0.20370917475633,0.0,240.0,240.0,240.0,1.9158052500490743,2.00872837438365,0.7491221429534648,0.5317192052706853,0.2827253132536892,0.5165902412536258
CPHL/30T,medium,vanilla_univariate,vanilla_univariate,1.597963273525238e-05,0.0,0.0,measured_candidate_query_loop_precomputed_vanilla_fallback_separate_retrieval,0.0,,,60.0,0.0,0.0,2681.0,0.0,0.0,0.0,0.0,,0.0,,0.0,0.761583299431866,1.002561262524804,1.001279812302637,0.0,60.0,60.0,60.0,0.5196492541860738,0.26241746185074444,0.5122669829793293,0.0,60.0,60.0,60.0,0.6341224056013648,0.3594720741462042,0.5995599003821088,0.0,60.0,60.0,60.0,0.44830220167318086,0.39009494875755274,0.6245758150597513,0.0,60.0,60.0,60.0,0.3376111584815555,0.03628541681781748,0.19048731406006406,0.0,60.0,60.0,60.0,1.5527782568287,0.9521402805765642,0.9757767575509083,0.0,60.0,60.0,60.0,0.33005927035343874,0.04544407501915854,0.21317615959379357,0.0,60.0,60.0,60.0,0.33005927035343874,0.04544407501915854,0.21317615959379357,0.0,60.0,60.0,60.0,1.893340926882399,1.4876388063522994,0.8201260717400357,0.5153729810075123,0.2656093095525696,0.6400345813183098
CPHL/30T,medium,top_k_1_mix,top_k_1_mix,,,,assembled_from_candidate_artifacts_no_independent_selected_method_latency,1.0,top_k_1,0.5660377358490566,60.0,0.0,0.0,2681.0,0.0,60.0,59.0,50.0,84.7457627118644,21.751000847340507,0.36866103131085604,0.016666666666666666,0.7772199655094956,1.0596647853057308,1.0294002065794094,0.0,60.0,60.0,60.0,0.5261990509199675,0.2695790828656534,0.5192100565914083,0.0,60.0,60.0,60.0,0.640039976132321,0.36756879446203367,0.6062745207099122,0.0,60.0,60.0,60.0,0.47074722054510176,0.5035184582848639,0.7095903453999807,0.0,60.0,60.0,60.0,0.34225186266056795,0.03971961233368399,0.19929779811549347,0.0,60.0,60.0,60.0,1.5750540599707337,0.984036360711303,0.9919860688090851,0.0,60.0,60.0,60.0,0.3393537383324055,0.05842114372824101,0.24170466219798287,0.0,60.0,60.0,60.0,0.3393537383324055,0.05842114372824101,0.24170466219798287,0.0,60.0,60.0,60.0,1.893340926882399,1.4876388063522994,0.8318914135365146,0.5239342026174351,0.27450704867236747,0.6614753235189978
CPHL/30T,medium,top_k_5_mix,top_k_5_mix,,,,assembled_from_candidate_artifacts_no_independent_selected_method_latency,1.0,top_k_5,0.5849056603773585,60.0,0.0,0.0,2681.0,0.0,60.0,295.0,223.0,75.59322033898304,103.75628608344866,0.35171622401169034,0.016666666666666666,0.7645297768538015,1.0272069038018081,1.0135121626314152,0.0,60.0,60.0,60.0,0.5181835004889488,0.2664769138233465,0.5162140193982981,0.0,60.0,60.0,60.0,0.6340102434901049,0.36256078800341923,0.6021302085125935,0.0,60.0,60.0,60.0,0.46377470092446504,0.5384888310482283,0.733817982232807,0.0,60.0,60.0,60.0,0.3360595769657089,0.03714743854547031,0.1927367078308393,0.0,60.0,60.0,60.0,1.5538428241744302,0.9678647060220713,0.9838011516673841,0.0,60.0,60.0,60.0,0.3341253187989586,0.05934801220837397,0.24361447454610322,0.0,60.0,60.0,60.0,0.3341253187989586,0.05934801220837397,0.24361447454610322,0.0,60.0,60.0,60.0,1.893340926882399,1.4876388063522994,0.820688340970376,0.5196112003385066,0.2699957995172237,0.6506046372877851
CPHL/30T,medium,top_k_10_mix,top_k_10_mix,,,,assembled_from_candidate_artifacts_no_independent_selected_method_latency,1.0,top_k_10,0.5094339622641509,60.0,0.0,0.0,2681.0,0.0,60.0,590.0,417.0,70.67796610169492,214.3538860794741,0.36331167132114256,0.016666666666666666,0.7902634990092323,1.1004753699069332,1.0490354474024857,0.0,60.0,60.0,60.0,0.5263661493137162,0.2733212888465774,0.5228013856586241,0.0,60.0,60.0,60.0,0.6445968949993583,0.3747583419664185,0.6121750909392005,0.0,60.0,60.0,60.0,0.46295487259129586,0.5011599100941415,0.7079264863629143,0.0,60.0,60.0,60.0,0.3446988963089011,0.03724837481183603,0.19299838033474798,0.0,60.0,60.0,60.0,1.5790376308713006,0.9820693359061626,0.990994114970499,0.0,60.0,60.0,60.0,0.3405935502547121,0.054722422987370074,0.23392824324431216,0.0,60.0,60.0,60.0,0.3405935502547121,0.054722422987370074,0.23392824324431216,0.0,60.0,60.0,60.0,1.893340926882399,1.4876388063522994,0.8339954038131766,0.5234102854377545,0.27395832690203153,0.6601530772877614
CPHL/30T,medium,top_k_15_mix,top_k_15_mix,,,,assembled_from_candidate_artifacts_no_independent_selected_method_latency,1.0,top_k_15,0.5094339622641509,60.0,0.0,0.0,2681.0,0.0,60.0,885.0,592.0,66.89265536723164,325.407033808754,0.36769156362571076,0.016666666666666666,0.796591975781414,1.1232910984400302,1.0598542817010412,0.0,60.0,60.0,60.0,0.5270082825248964,0.27283836820990054,0.5223393228638837,0.0,60.0,60.0,60.0,0.6473903684275492,0.37747768664865633,0.6143921277560905,0.0,60.0,60.0,60.0,0.4600318779546409,0.47685582406142824,0.6905474813953261,0.0,60.0,60.0,60.0,0.34547921335901427,0.03705813187236395,0.19250488791810963,0.0,60.0,60.0,60.0,1.584487850282909,0.9813393268783689,0.9906257249225708,0.0,60.0,60.0,60.0,0.3397524125465499,0.05021537679877419,0.2240878774025364,0.0,60.0,60.0,60.0,0.3397524125465499,0.05021537679877419,0.2240878774025364,0.0,60.0,60.0,60.0,1.893340926882399,1.4876388063522994,0.8368740292811122,0.5232157140097049,0.27375468338668524,0.6596623607074487
CPHL/30T,medium,top_k_20_mix,top_k_20_mix,,,,assembled_from_candidate_artifacts_no_independent_selected_method_latency,1.0,top_k_20,0.33962264150943394,60.0,0.0,0.0,2681.0,0.0,60.0,1180.0,769.0,65.16949152542372,434.9562219554581,0.3686069677588628,0.016666666666666666,0.7789875681995998,1.0562608680084147,1.0277455268734643,0.0,60.0,60.0,60.0,0.522427583157817,0.26650168938011404,0.5162380162096879,0.0,60.0,60.0,60.0,0.6409475883180281,0.3681737572289033,0.6067732337775813,0.0,60.0,60.0,60.0,0.4513380583807846,0.43743347819189754,0.6613875400942306,0.0,60.0,60.0,60.0,0.3401760265143351,0.03635865908976344,0.19067946688032103,0.0,60.0,60.0,60.0,1.564785829428669,0.9660722276389341,0.9828897332045615,0.0,60.0,60.0,60.0,0.33317332785798925,0.04688029542961272,0.21651857987159606,0.0,60.0,60.0,60.0,0.33317332785798925,0.04688029542961272,0.21651857987159606,0.0,60.0,60.0,60.0,1.893340926882399,1.4876388063522994,0.8264680740859844,0.5191298192782433,0.26949576926386154,0.6493997222402055
CPHL/30T,long,vanilla_univariate,vanilla_univariate,1.3893470168113708e-05,0.0,0.0,measured_candidate_query_loop_precomputed_vanilla_fallback_separate_retrieval,0.0,,,20.0,0.0,0.0,2681.0,0.0,0.0,0.0,0.0,,0.0,,0.0,0.8846211826179331,1.151295206418782,1.0729842526424989,0.0,20.0,20.0,20.0,0.5727341677584732,0.271170839382813,0.520740664230107,0.0,20.0,20.0,20.0,0.7039882445877534,0.3890217341001868,0.623716068496064,0.0,20.0,20.0,20.0,0.5412275406792376,0.30861867995970776,0.5555345893458911,0.0,20.0,20.0,20.0,0.4009598845916601,0.033830534951841636,0.18393078848262906,0.0,20.0,20.0,20.0,1.8194283328811713,0.9453777771481047,0.9723053929440609,0.0,20.0,20.0,20.0,0.37924929726250317,0.02928221161316217,0.17112045936463052,0.0,20.0,20.0,20.0,0.37924929726250317,0.02928221161316217,0.17112045936463052,0.0,20.0,20.0,20.0,2.2236567264315648,1.6073134698343936,0.8182145702861777,0.4372551668549928,0.1911920809413876,0.5881726215145262
CPHL/30T,long,top_k_1_mix,top_k_1_mix,,,,assembled_from_candidate_artifacts_no_independent_selected_method_latency,0.0,top_k_1,0.47368421052631576,20.0,0.0,0.0,2681.0,0.0,20.0,20.0,18.0,90.0,7.8945279073161245,0.3947263953658062,0.0,0.945784350865177,1.42155635596592,1.1922903824009987,0.0,20.0,20.0,20.0,0.5873087822342988,0.30141892843716145,0.5490163280241868,0.0,20.0,20.0,20.0,0.7193800986387006,0.4282766245477503,0.65442847168178,0.0,20.0,20.0,20.0,0.5726540976777533,0.47812861952509367,0.691468451576132,0.0,20.0,20.0,20.0,0.4040873890963327,0.038603557328623854,0.19647787999829358,0.0,20.0,20.0,20.0,1.8349369334856203,1.0536716571200702,1.0264850983429181,0.0,20.0,20.0,20.0,0.38241507757239246,0.0336050871925143,0.18331690372825496,0.0,20.0,20.0,20.0,0.38241507757239246,0.0336050871925143,0.18331690372825496,0.0,20.0,20.0,20.0,2.2236567264315648,1.6073134698343936,0.8251889384159818,0.4616203059319234,0.2130933068486825,0.6555483276256207
CPHL/30T,long,top_k_5_mix,top_k_5_mix,,,,assembled_from_candidate_artifacts_no_independent_selected_method_latency,0.0,top_k_5,0.631578947368421,20.0,0.0,0.0,2681.0,0.0,20.0,100.0,72.0,72.0,37.943231783643064,0.37943231783643067,0.0,0.914862570005822,1.2914909693537484,1.1364378422746,0.0,20.0,20.0,20.0,0.5802470992507317,0.28917586279153595,0.5377507441106297,0.0,20.0,20.0,20.0,0.7100588243047751,0.4106790360327424,0.6408424424402167,0.0,20.0,20.0,20.0,0.556097069519992,0.36398176854597875,0.6033090158003432,0.0,20.0,20.0,20.0,0.4060172773639,0.037174781088756645,0.192807627154002,0.0,20.0,20.0,20.0,1.8403035207536078,1.0125701180907873,1.0062654312311377,0.0,20.0,20.0,20.0,0.3815906948962961,0.029925161893927615,0.17298890685222454,0.0,20.0,20.0,20.0,0.3815906948962961,0.029925161893927615,0.17298890685222454,0.0,20.0,20.0,20.0,2.2236567264315648,1.6073134698343936,0.8276023447678694,0.4525273254950426,0.20478098031969624,0.6299767513272414
CPHL/30T,long,top_k_10_mix,top_k_10_mix,,,,assembled_from_candidate_artifacts_no_independent_selected_method_latency,0.0,top_k_10,0.7368421052631579,20.0,0.0,0.0,2681.0,0.0,20.0,200.0,129.0,64.5,73.20807159895566,0.3660403579947783,0.0,0.9761712735401907,1.5818470725221279,1.2577150203929854,0.0,20.0,20.0,20.0,0.5993978221015233,0.3056527571434282,0.5528587135457198,0.0,20.0,20.0,20.0,0.7329794343157711,0.4389124224103229,0.6625046584065073,0.0,20.0,20.0,20.0,0.5683251622335775,0.37145563194449915,0.6094716006053925,0.0,20.0,20.0,20.0,0.42561968173307624,0.038423773424568645,0.1960198291616658,0.0,20.0,20.0,20.0,1.9072262606332344,1.014699251011242,1.0073228137053394,0.0,20.0,20.0,20.0,0.39855481720010144,0.029612794860546944,0.1720836856315756,0.0,20.0,20.0,20.0,0.39855481720010144,0.029612794860546944,0.1720836856315756,0.0,20.0,20.0,20.0,2.2236567264315648,1.6073134698343936,0.8576981500619814,0.45300284065061186,0.2052115736375237,0.6313014045205442
CPHL/30T,long,top_k_15_mix,top_k_15_mix,,,,assembled_from_candidate_artifacts_no_independent_selected_method_latency,0.0,top_k_15,0.42105263157894735,20.0,0.0,0.0,2681.0,0.0,20.0,300.0,186.0,62.0,110.99082835034302,0.3699694278344767,0.0,0.9353034428772073,1.3843825283276934,1.1765978617725317,0.0,20.0,20.0,20.0,0.5863689350050707,0.28958562068929644,0.5381316016452634,0.0,20.0,20.0,20.0,0.7197659202573448,0.4172404629133048,0.6459415321167271,0.0,20.0,20.0,20.0,0.5520837235338452,0.3349679448433091,0.5787641530393094,0.0,20.0,20.0,20.0,0.4128543418086184,0.035941569820222376,0.18958262003733986,0.0,20.0,20.0,20.0,1.8630148021903505,0.9741859709464622,0.9870085971998735,0.0,20.0,20.0,20.0,0.3904333193657796,0.029829394812595944,0.17271188381983432,0.0,20.0,20.0,20.0,0.3904333193657796,0.029829394812595944,0.17271188381983432,0.0,20.0,20.0,20.0,2.2236567264315648,1.6073134698343936,0.8378158283360769,0.4438673404342339,0.19701821590416013,0.6060958171692766
CPHL/30T,long,top_k_20_mix,top_k_20_mix,,,,assembled_from_candidate_artifacts_no_independent_selected_method_latency,0.0,top_k_20,0.42105263157894735,20.0,0.0,0.0,2681.0,0.0,20.0,400.0,239.0,59.75,150.06235586826037,0.37515588967065094,0.0,0.9405218370115964,1.3902142330698548,1.1790734638137925,0.0,20.0,20.0,20.0,0.5880960326489,0.28988951241612665,0.5384138857943085,0.0,20.0,20.0,20.0,0.7224932464565076,0.4185253458363326,0.6469353490390927,0.0,20.0,20.0,20.0,0.5540737658005803,0.3236758736362958,0.5689251915992961,0.0,20.0,20.0,20.0,0.41646152417113924,0.03595384116204714,0.189614981375542,0.0,20.0,20.0,20.0,1.876249336666461,0.9621675132925066,0.9809013779644244,0.0,20.0,20.0,20.0,0.3951419099963802,0.030558387711285617,0.17480957557092122,0.0,20.0,20.0,20.0,0.3951419099963802,0.030558387711285617,0.17480957557092122,0.0,20.0,20.0,20.0,2.2236567264315648,1.6073134698343936,0.8437675268688575,0.4411208647022311,0.1945876172756441,0.5986184595290187
CPHL/H,short,vanilla_univariate,vanilla_univariate,1.852959394454956e-05,0.0,0.0,measured_candidate_query_loop_precomputed_vanilla_fallback_separate_retrieval,0.0,,,112.0,0.0,0.0,2654.0,0.0,0.0,0.0,0.0,,0.0,,0.0,0.35801426839599604,0.43538012850784835,0.6598334096632636,0.0,112.0,112.0,112.0,0.3362020407589001,0.13999527357068697,0.37415942266724617,0.0,112.0,112.0,112.0,0.4080975107261734,0.19147069013509682,0.437573639671195,0.0,112.0,112.0,112.0,0.3261263992799973,0.08365600107228345,0.2892334715628249,0.0,112.0,112.0,112.0,0.28811769435328616,0.03320738739327484,0.1822289422492345,0.0,112.0,112.0,112.0,1.239956715693167,0.6747283547280178,0.8214185015739649,0.0,112.0,112.0,112.0,0.2810769122245166,0.03821902722269095,0.1954968726672909,0.0,112.0,112.0,112.0,0.2810769122245166,0.03821902722269095,0.1954968726672909,0.0,112.0,112.0,112.0,1.5555461077967614,0.9459225828742138,0.7971198728717931,0.5280579582031178,0.2788452072216458,0.7133018779167273
CPHL/H,short,top_k_1_mix,top_k_1_mix,,,,assembled_from_candidate_artifacts_no_independent_selected_method_latency,0.0,top_k_1,0.40350877192982454,112.0,0.0,0.0,2654.0,0.0,112.0,112.0,85.0,75.89285714285714,47.59129425751109,0.424922270156349,0.0,0.3599685436909903,0.44332184391527774,0.6658241839369292,0.0,112.0,112.0,112.0,0.33931376268756036,0.1404924478156901,0.37482322208701274,0.0,112.0,112.0,112.0,0.4111438676983821,0.19092926374500557,0.4369545328120599,0.0,112.0,112.0,112.0,0.33294234262966305,0.08741362551252484,0.2956579535756223,0.0,112.0,112.0,112.0,0.29058986073057314,0.03151067282839892,0.17751245823434175,0.0,112.0,112.0,112.0,1.253967134202172,0.6362226093375398,0.7976356369530764,0.0,112.0,112.0,112.0,0.2866116795224801,0.041520235209621704,0.20376514719063638,0.0,112.0,112.0,112.0,0.2866116795224801,0.041520235209621704,0.20376514719063638,0.0,112.0,112.0,112.0,1.5555461077967614,0.9459225828742138,0.8061266251877686,0.5127688809448591,0.26293192526544296,0.6725947988305327
CPHL/H,short,top_k_5_mix,top_k_5_mix,,,,assembled_from_candidate_artifacts_no_independent_selected_method_latency,0.0,top_k_5,0.39473684210526316,112.0,0.0,0.0,2654.0,0.0,112.0,560.0,399.0,71.25,229.04020756713078,0.4090003706555907,0.0,0.3787147746798561,0.5052969396419501,0.7108424154775446,0.0,112.0,112.0,112.0,0.34241938963376317,0.15192573570946472,0.38977652021314046,0.0,112.0,112.0,112.0,0.4154793091225412,0.2060917183709119,0.4539732573301118,0.0,112.0,112.0,112.0,0.32444951691445084,0.0871040094638145,0.29513388396423496,0.0,112.0,112.0,112.0,0.28842243647599647,0.03314622482047201,0.18206104696082578,0.0,112.0,112.0,112.0,1.252433770590936,0.7226056749064972,0.8500621594368832,0.0,112.0,112.0,112.0,0.28251519587622453,0.04239127131607915,0.2058914066105702,0.0,112.0,112.0,112.0,0.28251519587622453,0.04239127131607915,0.2058914066105702,0.0,112.0,112.0,112.0,1.5555461077967614,0.9459225828742138,0.8051408854507396,0.5464718500957141,0.29863148294703257,0.7639162950427067
CPHL/H,short,top_k_10_mix,top_k_10_mix,,,,assembled_from_candidate_artifacts_no_independent_selected_method_latency,0.0,top_k_10,0.32456140350877194,112.0,0.0,0.0,2654.0,0.0,112.0,1120.0,773.0,69.01785714285714,468.69839828244693,0.41848071275218474,0.0,0.3782736785578426,0.4959177930014179,0.70421430900076,0.0,112.0,112.0,112.0,0.3432809525650737,0.1501894596202477,0.38754284875384776,0.0,112.0,112.0,112.0,0.41639584661877904,0.2048881774764729,0.4526457527432163,0.0,112.0,112.0,112.0,0.3231008869638778,0.07907240091392868,0.28119815240134255,0.0,112.0,112.0,112.0,0.29050041386670183,0.03329957233492914,0.18248170411010836,0.0,112.0,112.0,112.0,1.2563918221995067,0.7167805830756897,0.8466289524199427,0.0,112.0,112.0,112.0,0.28268317725770775,0.03743160177027406,0.19347248323798932,0.0,112.0,112.0,112.0,0.28268317725770775,0.03743160177027406,0.19347248323798932,0.0,112.0,112.0,112.0,1.5555461077967614,0.9459225828742138,0.8076853626531394,0.5442647750371655,0.29622414534625635,0.7577581887280148
CPHL/H,short,top_k_15_mix,top_k_15_mix,,,,assembled_from_candidate_artifacts_no_independent_selected_method_latency,0.0,top_k_15,0.2719298245614035,112.0,0.0,0.0,2654.0,0.0,112.0,1680.0,1160.0,69.04761904761905,695.3379837222434,0.41389165697752583,0.0,0.3802022858635287,0.5136394715538288,0.7166864527489192,0.0,112.0,112.0,112.0,0.34342847877724353,0.15204061242015657,0.38992385464364265,0.0,112.0,112.0,112.0,0.41610329426618353,0.20706033436435864,0.4550388273151629,0.0,112.0,112.0,112.0,0.3218940794508818,0.07706291691909865,0.27760208378018103,0.0,112.0,112.0,112.0,0.29074927360090014,0.03327025099655289,0.18240134592856735,0.0,112.0,112.0,112.0,1.256665445558428,0.7262228746346686,0.852187112455163,0.0,112.0,112.0,112.0,0.2820472356014526,0.036546502495209014,0.19117139559884216,0.0,112.0,112.0,112.0,0.2820472356014526,0.036546502495209014,0.19117139559884216,0.0,112.0,112.0,112.0,1.5555461077967614,0.9459225828742138,0.8078612644522246,0.5478378996185337,0.30012636425844663,0.7677402863435386
CPHL/H,short,top_k_20_mix,top_k_20_mix,,,,assembled_from_candidate_artifacts_no_independent_selected_method_latency,0.0,top_k_20,0.3157894736842105,112.0,0.0,0.0,2654.0,0.0,112.0,2240.0,1517.0,67.72321428571429,938.7026364755488,0.4190636769980129,0.0,0.3904883138361305,0.558974088044131,0.7476456968672601,0.0,112.0,112.0,112.0,0.346085278048544,0.15735697368617435,0.3966824595141237,0.0,112.0,112.0,112.0,0.4195847506264481,0.2144369508778718,0.46307337526343684,0.0,112.0,112.0,112.0,0.3194039340275637,0.0726455923414588,0.2695284629523546,0.0,112.0,112.0,112.0,0.29162204107978656,0.03342393736306355,0.18282214680684492,0.0,112.0,112.0,112.0,1.262602570389488,0.7503511956160018,0.8662281429369527,0.0,112.0,112.0,112.0,0.2820678151433697,0.03520912140797746,0.18764093745229868,0.0,112.0,112.0,112.0,0.2820678151433697,0.03520912140797746,0.18764093745229868,0.0,112.0,112.0,112.0,1.5555461077967614,0.9459225828742138,0.8116780107391406,0.5568643311793938,0.31009788333987354,0.7932479985159435
CPHL/H,medium,vanilla_univariate,vanilla_univariate,1.3239681720733643e-05,0.0,0.0,measured_candidate_query_loop_precomputed_vanilla_fallback_separate_retrieval,0.0,,,16.0,0.0,0.0,2654.0,0.0,0.0,0.0,0.0,,0.0,,0.0,0.4866213590152545,0.42508291463600295,0.6519838300418216,0.0,16.0,16.0,16.0,0.432836334917041,0.1302505278307505,0.36090237991837976,0.0,16.0,16.0,16.0,0.5370730999848368,0.19817384428793217,0.445167209358385,0.0,16.0,16.0,16.0,0.45978573336428785,0.04904677261617803,0.22146505958317222,0.0,16.0,16.0,16.0,0.4108356966836646,0.019470215858619057,0.1395357153513718,0.0,16.0,16.0,16.0,1.8097602851403476,0.5296760275819965,0.7277884497448394,0.0,16.0,16.0,16.0,0.387432927378664,0.015845329405322725,0.1258782324523296,0.0,16.0,16.0,16.0,0.387432927378664,0.015845329405322725,0.1258782324523296,0.0,16.0,16.0,16.0,2.2276216946589162,0.6049068284587019,0.8124181450914852,0.3267109722848498,0.10674005941131189,0.8756324158740397
CPHL/H,medium,top_k_1_mix,top_k_1_mix,,,,assembled_from_candidate_artifacts_no_independent_selected_method_latency,0.0,top_k_1,0.6111111111111112,16.0,0.0,0.0,2654.0,0.0,16.0,16.0,11.0,68.75,8.507000015800452,0.5316875009875283,0.0,0.4839629281963099,0.4336711980033841,0.6585371652407965,0.0,16.0,16.0,16.0,0.4416685147816783,0.1363446430114285,0.3692487549219747,0.0,16.0,16.0,16.0,0.5395875916917103,0.19280815908864998,0.43909925881131934,0.0,16.0,16.0,16.0,0.4958386823223542,0.08608442455681503,0.29340147333783967,0.0,16.0,16.0,16.0,0.41634011388505376,0.01832732917769351,0.1353784664475614,0.0,16.0,16.0,16.0,1.8557003054546466,0.5586542921486718,0.7474317976569312,0.0,16.0,16.0,16.0,0.39715389162177395,0.01912315747415312,0.1382865050326789,0.0,16.0,16.0,16.0,0.39715389162177395,0.01912315747415312,0.1382865050326789,0.0,16.0,16.0,16.0,2.2276216946589162,0.6049068284587019,0.833041045480922,0.33552905300259017,0.11257974540881496,0.9235377513791979
CPHL/H,medium,top_k_5_mix,top_k_5_mix,,,,assembled_from_candidate_artifacts_no_independent_selected_method_latency,0.0,top_k_5,0.5,16.0,0.0,0.0,2654.0,0.0,16.0,80.0,58.0,72.5,33.125696797810875,0.4140712099726359,0.0,0.4701909204436511,0.39298584233482214,0.6268858287876845,0.0,16.0,16.0,16.0,0.43147749105331046,0.1263667114471173,0.35548095792477735,0.0,16.0,16.0,16.0,0.532895128809828,0.18621370213440785,0.43152485691372156,0.0,16.0,16.0,16.0,0.46759059732575287,0.05778849209758359,0.24039237113016626,0.0,16.0,16.0,16.0,0.41433246908430266,0.020499538782814304,0.14317659998342713,0.0,16.0,16.0,16.0,1.8203996455995552,0.5685357580306067,0.7540131020284772,0.0,16.0,16.0,16.0,0.38911977508614437,0.017351443781874816,0.13172487913023423,0.0,16.0,16.0,16.0,0.38911977508614437,0.017351443781874816,0.13172487913023423,0.0,16.0,16.0,16.0,2.2276216946589162,0.6049068284587019,0.8171942524910124,0.3384834614586245,0.11457105368101217,0.9398732685482021
CPHL/H,medium,top_k_10_mix,top_k_10_mix,,,,assembled_from_candidate_artifacts_no_independent_selected_method_latency,0.0,top_k_10,0.5,16.0,0.0,0.0,2654.0,0.0,16.0,160.0,115.0,71.875,64.9242022479619,0.40577626404976186,0.0,0.4917243504349792,0.44390114454784557,0.6662590671411877,0.0,16.0,16.0,16.0,0.4339093660297314,0.13305035328865147,0.36476067947169344,0.0,16.0,16.0,16.0,0.5386138469140718,0.20161947434740402,0.4490205722986465,0.0,16.0,16.0,16.0,0.451730348134442,0.04217373335452815,0.205362443875525,0.0,16.0,16.0,16.0,0.4157346398267511,0.0199807497491667,0.141353279937774,0.0,16.0,16.0,16.0,1.8246455339111034,0.5926868956275524,0.7698616081008017,0.0,16.0,16.0,16.0,0.38663382613658454,0.014767003744402287,0.12151956115951985,0.0,16.0,16.0,16.0,0.38663382613658454,0.014767003744402287,0.12151956115951985,0.0,16.0,16.0,16.0,2.2276216946589162,0.6049068284587019,0.8191002710585853,0.3455980025453467,0.11943797936333347,0.9797986528565302
CPHL/H,medium,top_k_15_mix,top_k_15_mix,,,,assembled_from_candidate_artifacts_no_independent_selected_method_latency,0.0,top_k_15,0.3888888888888889,16.0,0.0,0.0,2654.0,0.0,16.0,240.0,168.0,70.0,99.00542740954278,0.4125226142064282,0.0,0.4969688341300862,0.4572763246255834,0.676222097114242,0.0,16.0,16.0,16.0,0.4356345506277453,0.13324169792441667,0.3650228731523775,0.0,16.0,16.0,16.0,0.5414551119360409,0.20379519588841558,0.45143681273065844,0.0,16.0,16.0,16.0,0.4532674823944716,0.040326751141901235,0.20081521641026417,0.0,16.0,16.0,16.0,0.41700224010437104,0.018955081125213106,0.1376774532202463,0.0,16.0,16.0,16.0,1.835462627749897,0.5865501206878709,0.7658656022357128,0.0,16.0,16.0,16.0,0.388747002021375,0.014280245328308832,0.11949998045317343,0.0,16.0,16.0,16.0,0.388747002021375,0.014280245328308832,0.11949998045317343,0.0,16.0,16.0,16.0,2.2276216946589162,0.6049068284587019,0.8239561646175003,0.34380415852117063,0.1182012994164502,0.9696536608495497
CPHL/H,medium,top_k_20_mix,top_k_20_mix,,,,assembled_from_candidate_artifacts_no_independent_selected_method_latency,0.0,top_k_20,0.3888888888888889,16.0,0.0,0.0,2654.0,0.0,16.0,320.0,219.0,68.4375,130.8163091204761,0.4088009660014878,0.0,0.5097565755071618,0.4908806557146088,0.7006287574133743,0.0,16.0,16.0,16.0,0.43850073762599645,0.13732057177731508,0.37056790440797094,0.0,16.0,16.0,16.0,0.5461432413343916,0.21148413545192618,0.4598740430290953,0.0,16.0,16.0,16.0,0.4511104890056028,0.037193282908406664,0.19285560118494527,0.0,16.0,16.0,16.0,0.4184930067935313,0.01876355017334875,0.13698010867767899,0.0,16.0,16.0,16.0,1.842895053932459,0.5848954052703625,0.7647845482685712,0.0,16.0,16.0,16.0,0.3899557553099858,0.013835577185092644,0.11762473032952145,0.0,16.0,16.0,16.0,0.3899557553099858,0.013835577185092644,0.11762473032952145,0.0,16.0,16.0,16.0,2.2276216946589162,0.6049068284587019,0.8272926495334006,0.34331886338791995,0.11786784195797324,0.9669181727716178
CPHL/H,long,vanilla_univariate,vanilla_univariate,1.3511627912521362e-05,0.0,0.0,measured_candidate_query_loop_precomputed_vanilla_fallback_separate_retrieval,0.0,,,8.0,0.0,0.0,2654.0,0.0,0.0,0.0,0.0,,0.0,,0.0,0.5153473307393162,0.45530381367058237,0.674762042256811,0.0,8.0,8.0,8.0,0.4527365613009795,0.12509329941599645,0.3536853112810828,0.0,8.0,8.0,8.0,0.5693039042199458,0.19124039537924295,0.43731041078305344,0.0,8.0,8.0,8.0,0.496929878789705,0.036675537216938045,0.1915085826195214,0.0,8.0,8.0,8.0,0.44531594355298293,0.019153426963239552,0.13839590659856799,0.0,8.0,8.0,8.0,2.0108007570754864,0.4290716155883728,0.655035583452054,0.0,8.0,8.0,8.0,0.4233295275242472,0.016054080081426617,0.12670469636689327,0.0,8.0,8.0,8.0,0.4233295275242472,0.016054080081426617,0.12670469636689327,0.0,8.0,8.0,8.0,2.524261882033793,1.3278778683794659,0.7965895976907863,0.25949588991309136,0.06733811688178723,0.3231258128520579
CPHL/H,long,top_k_1_mix,top_k_1_mix,,,,assembled_from_candidate_artifacts_no_independent_selected_method_latency,0.0,top_k_1,0.5,8.0,0.0,0.0,2654.0,0.0,8.0,8.0,5.0,62.5,4.049907138732213,0.5062383923415267,0.0,0.5129297027426372,0.439621364600166,0.6630394894726603,0.0,8.0,8.0,8.0,0.45274554114583104,0.12702047951253834,0.3563993259148204,0.0,8.0,8.0,8.0,0.5695380175772665,0.18855614927679457,0.43423052550090785,0.0,8.0,8.0,8.0,0.48366429384510295,0.02948732379391905,0.1717187345455325,0.0,8.0,8.0,8.0,0.44755057773654666,0.01885907673083488,0.1373283537032134,0.0,8.0,8.0,8.0,2.0103050799078215,0.46643752828168156,0.6829623183468335,0.0,8.0,8.0,8.0,0.41856349750019944,0.013562813674140774,0.11645949370549734,0.0,8.0,8.0,8.0,0.41856349750019944,0.013562813674140774,0.11645949370549734,0.0,8.0,8.0,8.0,2.524261882033793,1.3278778683794659,0.7963932324993642,0.2705592170161727,0.07320228991240442,0.3512653832019349
CPHL/H,long,top_k_5_mix,top_k_5_mix,,,,assembled_from_candidate_artifacts_no_independent_selected_method_latency,0.0,top_k_5,0.5,8.0,0.0,0.0,2654.0,0.0,8.0,40.0,28.0,70.0,19.367348276894404,0.4841837069223601,0.0,0.5722277674450187,0.5435144059685101,0.7372342951657296,0.0,8.0,8.0,8.0,0.4773098729147183,0.13812029877681195,0.37164539385927003,0.0,8.0,8.0,8.0,0.6016620972544144,0.2102304881724383,0.45850898374234533,0.0,8.0,8.0,8.0,0.5019458704270703,0.029288808589058034,0.17113973410362082,0.0,8.0,8.0,8.0,0.47474985318263163,0.018170903300345712,0.13479949295285096,0.0,8.0,8.0,8.0,2.119390235589484,0.4341005244755434,0.6588630544168822,0.0,8.0,8.0,8.0,0.4433910279521683,0.013876307876555083,0.11779774138987166,0.0,8.0,8.0,8.0,0.4433910279521683,0.013876307876555083,0.11779774138987166,0.0,8.0,8.0,8.0,2.524261882033793,1.3278778683794659,0.8396079070377179,0.2610121632411758,0.06812734935983822,0.3269129901271094
CPHL/H,long,top_k_10_mix,top_k_10_mix,,,,assembled_from_candidate_artifacts_no_independent_selected_method_latency,0.0,top_k_10,0.4,8.0,0.0,0.0,2654.0,0.0,8.0,80.0,60.0,75.0,35.6860975946583,0.44607621993322877,0.0,0.5784633608586164,0.585053261827593,0.7648877445923636,0.0,8.0,8.0,8.0,0.47616390476729875,0.14425859106602196,0.3798138900382949,0.0,8.0,8.0,8.0,0.59916732491336,0.21946187761478456,0.4684675843799489,0.0,8.0,8.0,8.0,0.49157526239879273,0.025544842859725587,0.15982754099255106,0.0,8.0,8.0,8.0,0.470405996237522,0.019080842354037113,0.13813342229177236,0.0,8.0,8.0,8.0,2.0973614991830276,0.4598771795727219,0.6781424478475904,0.0,8.0,8.0,8.0,0.43748239780406745,0.013764047111520288,0.11732027579033509,0.0,8.0,8.0,8.0,0.43748239780406745,0.013764047111520288,0.11732027579033509,0.0,8.0,8.0,8.0,2.524261882033793,1.3278778683794659,0.8308811039420313,0.26864979924397236,0.07217271463382666,0.3463249072250547
CPHL/H,long,top_k_15_mix,top_k_15_mix,,,,assembled_from_candidate_artifacts_no_independent_selected_method_latency,0.0,top_k_15,0.3,8.0,0.0,0.0,2654.0,0.0,8.0,120.0,89.0,74.16666666666667,51.89420105893925,0.4324516754911604,0.0,0.569038872519299,0.5646341915258909,0.7514214473422295,0.0,8.0,8.0,8.0,0.4725705638417548,0.14039016773608048,0.3746867594886167,0.0,8.0,8.0,8.0,0.5946846553895648,0.21538903316349345,0.46410024042602416,0.0,8.0,8.0,8.0,0.4938133523525916,0.028037954228311,0.16744537684961922,0.0,8.0,8.0,8.0,0.4665486776862019,0.0192186531767298,0.13863135711926722,0.0,8.0,8.0,8.0,2.0860334990254747,0.4558776931218312,0.675187154144561,0.0,8.0,8.0,8.0,0.43614895894471467,0.01454790299448293,0.12061468813740278,0.0,8.0,8.0,8.0,0.43614895894471467,0.01454790299448293,0.12061468813740278,0.0,8.0,8.0,8.0,2.524261882033793,1.3278778683794659,0.8263934553988358,0.26747904365634356,0.07154503879531215,0.34331296874326367
CPHL/H,long,top_k_20_mix,top_k_20_mix,,,,assembled_from_candidate_artifacts_no_independent_selected_method_latency,0.0,top_k_20,0.3,8.0,0.0,0.0,2654.0,0.0,8.0,160.0,118.0,73.75,68.32867662966969,0.42705422893543554,0.0,0.569051959185454,0.5697595612475878,0.7548241922776374,0.0,8.0,8.0,8.0,0.4725478353456331,0.140173240461431,0.374397169408946,0.0,8.0,8.0,8.0,0.5945239766448653,0.2155932003798296,0.4643201485826666,0.0,8.0,8.0,8.0,0.4954237267467757,0.02911533711908535,0.17063216906282752,0.0,8.0,8.0,8.0,0.4672283986168562,0.019596062946404043,0.1399859383881254,0.0,8.0,8.0,8.0,2.091720914421801,0.46594206403748256,0.6825994902118537,0.0,8.0,8.0,8.0,0.4373742729149768,0.015046639959100985,0.12266474619507019,0.0,8.0,8.0,8.0,0.4373742729149768,0.015046639959100985,0.12266474619507019,0.0,8.0,8.0,8.0,2.524261882033793,1.3278778683794659,0.8286465557751501,0.2704154806877187,0.07312453219556997,0.3508922583415864
Coastal_T_S/15T,short,vanilla_univariate,vanilla_univariate,8.955225348472595e-05,0.0,0.0,measured_candidate_query_loop_precomputed_vanilla_fallback_separate_retrieval,0.0,,,1800.0,0.0,0.0,21600.0,0.0,0.0,0.0,0.0,,0.0,,0.0,140.83035118314555,129929.17589020677,360.4568987968004,0.0,1800.0,1800.0,1800.0,4.624472714397642,84.60766163693826,9.198242312362632,0.0,1800.0,1800.0,1800.0,5.408111882554186,111.58267704892177,10.56327018725365,0.0,1800.0,1800.0,1800.0,0.12443942963932383,0.05613954884689406,0.23693785861886668,0.0,1800.0,1800.0,1800.0,0.11628839006196597,0.04087750336976478,0.20218185717260778,0.0,1800.0,1800.0,1800.0,1.142890894709768,1.4038067923478075,1.1848235279347754,0.0,1800.0,1800.0,1800.0,0.11329385086290975,0.038334123306545564,0.1957910194736867,0.0,1800.0,1800.0,1800.0,0.11329385086290975,0.038334123306545564,0.1957910194736867,0.0,1800.0,1800.0,1800.0,1.447975868226236,1.6108624064484944,0.7893024461172853,0.8182619295901519,0.6695525854165987,0.8714628802113601
Coastal_T_S/15T,short,top_k_1_mix,top_k_1_mix,,,,assembled_from_candidate_artifacts_no_independent_selected_method_latency,0.0,top_k_1,0.45394006659267483,1800.0,0.0,0.0,21600.0,0.0,1800.0,1800.0,538.0,29.88888888888889,884.9259778415236,0.4916255432452909,0.0,136.91421826772287,121597.11309976777,348.7077760815892,0.0,1800.0,1800.0,1800.0,4.637119308268582,84.75625229850742,9.20631589174016,0.0,1800.0,1800.0,1800.0,5.343499082389451,108.36123582422597,10.40967030333939,0.0,1800.0,1800.0,1800.0,0.13184936083837034,0.0655849360530882,0.256095560393163,0.0,1800.0,1800.0,1800.0,0.11672569141834448,0.041163181474982505,0.20288711510340549,0.0,1800.0,1800.0,1800.0,1.143559005837132,1.4066761171014257,1.186033775700096,0.0,1800.0,1800.0,1800.0,0.11408997079301005,0.03933167195638076,0.19832214187120095,0.0,1800.0,1800.0,1800.0,0.11408997079301005,0.03933167195638076,0.19832214187120095,0.0,1800.0,1800.0,1800.0,1.447975868226236,1.6108624064484944,0.7897638565192296,0.8190977499873545,0.6709211240343468,0.8732441153697025
Coastal_T_S/15T,short,top_k_5_mix,top_k_5_mix,,,,assembled_from_candidate_artifacts_no_independent_selected_method_latency,0.0,top_k_5,0.4755826859045505,1800.0,0.0,0.0,21600.0,0.0,1800.0,9000.0,2454.0,27.266666666666666,4436.877660530959,0.4929864067256621,0.0,138.00472379658055,126986.1207621237,356.3511200517317,0.0,1800.0,1800.0,1800.0,4.6552941034899815,86.14374678280342,9.281365566704256,0.0,1800.0,1800.0,1800.0,5.333632038147916,109.55709307822266,10.466952425525907,0.0,1800.0,1800.0,1800.0,0.12950899507468325,0.06310369009774934,0.25120447865782436,0.0,1800.0,1800.0,1800.0,0.11701978859026409,0.0416833182190793,0.20416492896449992,0.0,1800.0,1800.0,1800.0,1.137012371194377,1.3470442331648778,1.1606223473485584,0.0,1800.0,1800.0,1800.0,0.11401601918095029,0.03937820114632351,0.19843941429646356,0.0,1800.0,1800.0,1800.0,0.11401601918095029,0.03937820114632351,0.19843941429646356,0.0,1800.0,1800.0,1800.0,1.447975868226236,1.6108624064484944,0.785242624648995,0.8015481285405092,0.6424794023667927,0.8362255073881433
Coastal_T_S/15T,short,top_k_10_mix,top_k_10_mix,,,,assembled_from_candidate_artifacts_no_independent_selected_method_latency,0.0,top_k_10,0.46392896781354054,1800.0,0.0,0.0,21600.0,0.0,1800.0,18000.0,4848.0,26.933333333333334,8797.715319212097,0.4887619621784498,0.0,135.58780799043802,121379.6964501033,348.39589040358,0.0,1800.0,1800.0,1800.0,4.650534733666314,85.16533599095013,9.2285067042805,0.0,1800.0,1800.0,1800.0,5.291909303281125,107.5835039162847,10.372246811384922,0.0,1800.0,1800.0,1800.0,0.12820035149155182,0.05939282190959451,0.24370642566332654,0.0,1800.0,1800.0,1800.0,0.11727084444417156,0.041540882875755775,0.2038158062461196,0.0,1800.0,1800.0,1800.0,1.1432862530401007,1.3526484089977884,1.1630341392228296,0.0,1800.0,1800.0,1800.0,0.11404352130362394,0.038997116418326316,0.19747687565466068,0.0,1800.0,1800.0,1800.0,0.11404352130362394,0.038997116418326316,0.19747687565466068,0.0,1800.0,1800.0,1800.0,1.447975868226236,1.6108624064484944,0.7895754881886403,0.8032137584223287,0.6451523417189231,0.8397044983997135
Coastal_T_S/15T,short,top_k_15_mix,top_k_15_mix,,,,assembled_from_candidate_artifacts_no_independent_selected_method_latency,0.0,top_k_15,0.44561598224195337,1800.0,0.0,0.0,21600.0,0.0,1800.0,27000.0,7315.0,27.09259259259259,13136.912899466844,0.48655232960988315,0.0,135.319808193601,122584.39756347562,350.12054718835856,0.0,1800.0,1800.0,1800.0,4.660809837844637,85.75149685932482,9.26021041117991,0.0,1800.0,1800.0,1800.0,5.278146434690539,107.46097840756454,10.366338717578378,0.0,1800.0,1800.0,1800.0,0.12881313786431173,0.05934987599468402,0.24361829979433816,0.0,1800.0,1800.0,1800.0,0.11765223597251484,0.04193472512293922,0.2047796990009977,0.0,1800.0,1800.0,1800.0,1.14823088251984,1.328684500170797,1.1526857768580285,0.0,1800.0,1800.0,1800.0,0.1141751798788638,0.03909627690687903,0.19772778486312698,0.0,1800.0,1800.0,1800.0,0.1141751798788638,0.03909627690687903,0.19772778486312698,0.0,1800.0,1800.0,1800.0,1.447975868226236,1.6108624064484944,0.7929903444636944,0.7960669802253427,0.6337226370050965,0.8248280516398532
Coastal_T_S/15T,short,top_k_20_mix,top_k_20_mix,,,,assembled_from_candidate_artifacts_no_independent_selected_method_latency,0.0,top_k_20,0.43895671476137627,1800.0,0.0,0.0,21600.0,0.0,1800.0,36000.0,9852.0,27.366666666666667,17454.553877781414,0.4848487188272615,0.0,133.4779748800985,119385.02303608728,345.5213785514397,0.0,1800.0,1800.0,1800.0,4.642890847921372,84.60539189816294,9.198118932595019,0.0,1800.0,1800.0,1800.0,5.244641675469377,105.97170857602828,10.294256096291187,0.0,1800.0,1800.0,1800.0,0.12846010597797847,0.058605440887641955,0.2420856065271993,0.0,1800.0,1800.0,1800.0,0.11745598338451667,0.04154479428975829,0.20382540148312794,0.0,1800.0,1800.0,1800.0,1.1529151390707149,1.3162808206845926,1.1472928225542913,0.0,1800.0,1800.0,1800.0,0.11396347001231256,0.0388309853124647,0.1970557923849606,0.0,1800.0,1800.0,1800.0,0.11396347001231256,0.0388309853124647,0.1970557923849606,0.0,1800.0,1800.0,1800.0,1.447975868226236,1.6108624064484944,0.7962253821833584,0.7923425021991009,0.6278066407911321,0.8171280274561918
Coastal_T_S/15T,medium,vanilla_univariate,vanilla_univariate,2.5130808353424072e-05,0.0,0.0,measured_candidate_query_loop_precomputed_vanilla_fallback_separate_retrieval,0.0,,,225.0,0.0,0.0,21600.0,0.0,0.0,0.0,0.0,,0.0,,0.0,138.19568299366549,116737.87403737362,341.66924654901794,0.0,225.0,225.0,225.0,4.663161080590001,81.31540089245959,9.017505247709014,0.0,225.0,225.0,225.0,5.426646768191012,108.74718784694755,10.428191974016759,0.0,225.0,225.0,225.0,0.1277825628752345,0.05296291094646581,0.23013672229017648,0.0,225.0,225.0,225.0,0.1178133233206322,0.03968502178424148,0.19921099815080862,0.0,225.0,225.0,225.0,1.2690630394887432,1.19109488234911,1.091372934587032,0.0,225.0,225.0,225.0,0.11373703870497902,0.03587251188697116,0.18940040096834843,0.0,225.0,225.0,225.0,0.11373703870497902,0.03587251188697116,0.18940040096834843,0.0,225.0,225.0,225.0,1.4516859811322,1.2834579947320974,0.874199417768693,0.7517968408951966,0.5651984899799976,0.9280357341166692
Coastal_T_S/15T,medium,top_k_1_mix,top_k_1_mix,,,,assembled_from_candidate_artifacts_no_independent_selected_method_latency,0.0,top_k_1,0.3920704845814978,225.0,0.0,0.0,21600.0,0.0,225.0,225.0,69.0,30.666666666666668,111.50693288354887,0.4955863683713283,0.0,139.06826752938332,119628.24001471991,345.8731559614303,0.0,225.0,225.0,225.0,4.675631170007918,82.03574469505804,9.057358593710312,0.0,225.0,225.0,225.0,5.438182609620231,109.49443743380743,10.46395897515885,0.0,225.0,225.0,225.0,0.12798659576378557,0.054936474311877516,0.2343853116385016,0.0,225.0,225.0,225.0,0.11816782223538932,0.03998697018528894,0.1999674228100391,0.0,225.0,225.0,225.0,1.2758274229385604,1.194758705247651,1.0930501842311042,0.0,225.0,225.0,225.0,0.11398827413924818,0.03605261606845409,0.1898752644987074,0.0,225.0,225.0,225.0,0.11398827413924818,0.03605261606845409,0.1898752644987074,0.0,225.0,225.0,225.0,1.4516859811322,1.2834579947320974,0.8788590917875477,0.7529522213740824,0.5669370476721651,0.9308903837534931
Coastal_T_S/15T,medium,top_k_5_mix,top_k_5_mix,,,,assembled_from_candidate_artifacts_no_independent_selected_method_latency,0.0,top_k_5,0.41409691629955947,225.0,0.0,0.0,21600.0,0.0,225.0,1125.0,304.0,27.022222222222222,563.0110185962537,0.5004542387522255,0.0,138.00632642485996,117638.54740841968,342.9847626475842,0.0,225.0,225.0,225.0,4.69770103626781,82.77881587914331,9.098286425428874,0.0,225.0,225.0,225.0,5.410435754583522,108.73351137038418,10.42753620805913,0.0,225.0,225.0,225.0,0.12690330557817192,0.052852846711209024,0.22989746999740782,0.0,225.0,225.0,225.0,0.11876067503216277,0.04050518432652598,0.2012589981256142,0.0,225.0,225.0,225.0,1.2736059866583698,1.1641572117723524,1.0789611725045312,0.0,225.0,225.0,225.0,0.11447546284036683,0.036497972874882316,0.19104442644286254,0.0,225.0,225.0,225.0,0.11447546284036683,0.036497972874882316,0.19104442644286254,0.0,225.0,225.0,225.0,1.4516859811322,1.2834579947320974,0.8773288460532339,0.7432469463285902,0.5524160232267742,0.9070473802419632
Coastal_T_S/15T,medium,top_k_10_mix,top_k_10_mix,,,,assembled_from_candidate_artifacts_no_independent_selected_method_latency,0.0,top_k_10,0.3920704845814978,225.0,0.0,0.0,21600.0,0.0,225.0,2250.0,598.0,26.57777777777778,1105.3938048739114,0.4912861354995162,0.0,134.85773737872717,113315.69798523792,336.6239711981871,0.0,225.0,225.0,225.0,4.678214563175485,81.9340644481215,9.051743724173896,0.0,225.0,225.0,225.0,5.342900253816827,106.31115425649124,10.310730054486502,0.0,225.0,225.0,225.0,0.12869886061775732,0.05433246154282097,0.23309324645476318,0.0,225.0,225.0,225.0,0.11856422965490017,0.04032228378407131,0.20080409304611127,0.0,225.0,225.0,225.0,1.2727431972482728,1.1720564489518548,1.0826155591676367,0.0,225.0,225.0,225.0,0.11410860907175466,0.03622021268395765,0.1903160862459021,0.0,225.0,225.0,225.0,0.11410860907175466,0.03622021268395765,0.1903160862459021,0.0,225.0,225.0,225.0,1.4516859811322,1.2834579947320974,0.8767345099355675,0.7457642859671914,0.5561643702241547,0.913202032137019
Coastal_T_S/15T,medium,top_k_15_mix,top_k_15_mix,,,,assembled_from_candidate_artifacts_no_independent_selected_method_latency,0.0,top_k_15,0.43612334801762115,225.0,0.0,0.0,21600.0,0.0,225.0,3375.0,918.0,27.2,1650.6034655886951,0.4890676935077615,0.0,132.74834317330217,110851.95256205277,332.9443685693644,0.0,225.0,225.0,225.0,4.671327549351586,81.83238451302793,9.04612538676244,0.0,225.0,225.0,225.0,5.2970678022037925,104.68941587215805,10.231784588827017,0.0,225.0,225.0,225.0,0.13087188639856037,0.056850030463661466,0.23843244423454932,0.0,225.0,225.0,225.0,0.1184567660161037,0.04029280345985091,0.20073067393861585,0.0,225.0,225.0,225.0,1.274567368219339,1.1477287734625143,1.0713210412675158,0.0,225.0,225.0,225.0,0.11393523516563032,0.03614547726478357,0.19011963934529114,0.0,225.0,225.0,225.0,0.11393523516563032,0.03614547726478357,0.19011963934529114,0.0,225.0,225.0,225.0,1.4516859811322,1.2834579947320974,0.877991097789122,0.7379840097594456,0.5446203986606294,0.8942472431301388
Coastal_T_S/15T,medium,top_k_20_mix,top_k_20_mix,,,,assembled_from_candidate_artifacts_no_independent_selected_method_latency,0.0,top_k_20,0.4581497797356828,225.0,0.0,0.0,21600.0,0.0,225.0,4500.0,1232.0,27.377777777777776,2193.486736102111,0.48744149691158023,0.0,131.72477791907727,109891.35812217418,331.498654781847,0.0,225.0,225.0,225.0,4.677607207916401,81.93060443740099,9.051552598167952,0.0,225.0,225.0,225.0,5.275020447719339,103.89893719522013,10.193082811162682,0.0,225.0,225.0,225.0,0.13162148101039564,0.05656464080653628,0.23783322056965944,0.0,225.0,225.0,225.0,0.11877577747190417,0.0404405200395298,0.20109828452657122,0.0,225.0,225.0,225.0,1.2815686195006757,1.1472426542863796,1.0710941388535276,0.0,225.0,225.0,225.0,0.11413188547022535,0.036209979475164016,0.190289199575709,0.0,225.0,225.0,225.0,0.11413188547022535,0.036209979475164016,0.190289199575709,0.0,225.0,225.0,225.0,1.4516859811322,1.2834579947320974,0.8828139392109813,0.7378277070762639,0.5443897253294169,0.8938684857589354
Coastal_T_S/15T,long,vanilla_univariate,vanilla_univariate,1.993030309677124e-05,0.0,0.0,measured_candidate_query_loop_precomputed_vanilla_fallback_separate_retrieval,0.0,,,75.0,0.0,0.0,21600.0,0.0,0.0,0.0,0.0,,0.0,,0.0,140.77873713050084,125922.5850360816,354.8557242543533,0.0,75.0,75.0,75.0,4.698076296250026,80.724950528725,8.984706479831436,0.0,75.0,75.0,75.0,5.469875329681602,110.85920100824141,10.528969608097528,0.0,75.0,75.0,75.0,0.12832645293254616,0.050224026653774005,0.22410717671188937,0.0,75.0,75.0,75.0,0.11923560061631164,0.0393920640985954,0.19847434115924253,0.0,75.0,75.0,75.0,1.3953221482634197,1.1293924683571293,1.0627287840070623,0.0,75.0,75.0,75.0,0.11506551988796936,0.03577530067164002,0.189143598019177,0.0,75.0,75.0,75.0,0.11506551988796936,0.03577530067164002,0.189143598019177,0.0,75.0,75.0,75.0,1.5935046166703226,1.3306993853637727,0.8756310673131206,0.6669128993348429,0.44477281529920626,0.8487209664175112
Coastal_T_S/15T,long,top_k_1_mix,top_k_1_mix,,,,assembled_from_candidate_artifacts_no_independent_selected_method_latency,0.0,top_k_1,0.38961038961038963,75.0,0.0,0.0,21600.0,0.0,75.0,75.0,20.0,26.666666666666668,36.740387523776334,0.48987183365035114,0.0,144.03522678763824,134048.79880181167,366.126752371104,0.0,75.0,75.0,75.0,4.693007434120884,80.64630847053864,8.980328973402848,0.0,75.0,75.0,75.0,5.515445195059491,113.61509108793338,10.659038000116773,0.0,75.0,75.0,75.0,0.12085441477319274,0.04358016608407324,0.20875863116066182,0.0,75.0,75.0,75.0,0.11908525691286004,0.0392090942496369,0.19801286384888458,0.0,75.0,75.0,75.0,1.3964404115285858,1.1583210944369657,1.0762532668647125,0.0,75.0,75.0,75.0,0.11497616934472096,0.03563033743167172,0.1887599995541209,0.0,75.0,75.0,75.0,0.11497616934472096,0.03563033743167172,0.1887599995541209,0.0,75.0,75.0,75.0,1.5935046166703226,1.3306993853637727,0.8763328307429014,0.6754001561122409,0.4561653708764392,0.8704603813432408
Coastal_T_S/15T,long,top_k_5_mix,top_k_5_mix,,,,assembled_from_candidate_artifacts_no_independent_selected_method_latency,0.0,top_k_5,0.36363636363636365,75.0,0.0,0.0,21600.0,0.0,75.0,375.0,103.0,27.466666666666665,194.5879222918158,0.5189011261115088,0.0,138.85148927228607,123636.17947677583,351.6193673232119,0.0,75.0,75.0,75.0,4.689007069578877,79.99941850226863,8.944239403228686,0.0,75.0,75.0,75.0,5.424558749400906,109.42565164658411,10.460671663262552,0.0,75.0,75.0,75.0,0.12133657751620769,0.04253260371477243,0.20623434174446414,0.0,75.0,75.0,75.0,0.1195510968563481,0.0394914307247658,0.19872450962265775,0.0,75.0,75.0,75.0,1.4061969666869907,1.1499635923241278,1.0723635541756014,0.0,75.0,75.0,75.0,0.1149456737593343,0.035487370623278176,0.18838091894689912,0.0,75.0,75.0,75.0,0.1149456737593343,0.035487370623278176,0.18838091894689912,0.0,75.0,75.0,75.0,1.5935046166703226,1.3306993853637727,0.8824555335304161,0.6729591762440816,0.4528740528911128,0.864179847809701
Coastal_T_S/15T,long,top_k_10_mix,top_k_10_mix,,,,assembled_from_candidate_artifacts_no_independent_selected_method_latency,0.0,top_k_10,0.38961038961038963,75.0,0.0,0.0,21600.0,0.0,75.0,750.0,193.0,25.733333333333334,374.5380487348842,0.4993840649798456,0.0,136.58548987812455,120328.28468158183,346.8836760090936,0.0,75.0,75.0,75.0,4.685116742098773,79.99226383327921,8.943839434676766,0.0,75.0,75.0,75.0,5.38317828744747,107.60688140367864,10.373373675120291,0.0,75.0,75.0,75.0,0.12558789520185754,0.048481981983810825,0.22018624385690133,0.0,75.0,75.0,75.0,0.11947701705441145,0.039386657086462495,0.1984607192531119,0.0,75.0,75.0,75.0,1.4249443002999223,1.1646692587921224,1.0791984334644498,0.0,75.0,75.0,75.0,0.11489997568838445,0.035418327429793145,0.18819757551518337,0.0,75.0,75.0,75.0,0.11489997568838445,0.035418327429793145,0.18819757551518337,0.0,75.0,75.0,75.0,1.5935046166703226,1.3306993853637727,0.894220377771724,0.6772483883476086,0.45866537951943315,0.875230928639632
Coastal_T_S/15T,long,top_k_15_mix,top_k_15_mix,,,,assembled_from_candidate_artifacts_no_independent_selected_method_latency,0.0,top_k_15,0.35064935064935066,75.0,0.0,0.0,21600.0,0.0,75.0,1125.0,313.0,27.822222222222223,555.4151984843737,0.49370239865277665,0.0,136.16667155697985,119768.4013017828,346.07571613995515,0.0,75.0,75.0,75.0,4.698162865197217,80.86600660485968,8.992552841371557,0.0,75.0,75.0,75.0,5.368808801265854,107.34256361243017,10.360625638079496,0.0,75.0,75.0,75.0,0.12696286696661513,0.049916406432067024,0.22341979865729678,0.0,75.0,75.0,75.0,0.11972748959518183,0.03985236865910825,0.19963058047079923,0.0,75.0,75.0,75.0,1.4122278058610356,1.136540742198755,1.066086648541644,0.0,75.0,75.0,75.0,0.11504066378483853,0.035759555189656574,0.1891019703484249,0.0,75.0,75.0,75.0,0.11504066378483853,0.035759555189656574,0.1891019703484249,0.0,75.0,75.0,75.0,1.5935046166703226,1.3306993853637727,0.8862401721884744,0.669020119169322,0.44758791985333385,0.8540927836139786
Coastal_T_S/15T,long,top_k_20_mix,top_k_20_mix,,,,assembled_from_candidate_artifacts_no_independent_selected_method_latency,0.0,top_k_20,0.37662337662337664,75.0,0.0,0.0,21600.0,0.0,75.0,1500.0,418.0,27.866666666666667,738.5594369068233,0.4923729579378822,0.0,134.00526701106142,114584.57113933712,338.5034285488658,0.0,75.0,75.0,75.0,4.705350861505226,80.7439034532719,8.985761150468662,0.0,75.0,75.0,75.0,5.339645016698755,105.49345810670559,10.271000832767252,0.0,75.0,75.0,75.0,0.1302285756859521,0.052621769558183554,0.22939435380624248,0.0,75.0,75.0,75.0,0.1200620992476805,0.040022375496023804,0.20005593091939014,0.0,75.0,75.0,75.0,1.415455420839053,1.1430757174901236,1.0691471916860296,0.0,75.0,75.0,75.0,0.1152785646508734,0.035825474476125274,0.18927618570788368,0.0,75.0,75.0,75.0,0.1152785646508734,0.035825474476125274,0.18927618570788368,0.0,75.0,75.0,75.0,1.5935046166703226,1.3306993853637727,0.8882656542261491,0.6709407556785407,0.4501614976304912,0.8590037164386617
Coastal_T_S/20T,short,vanilla_univariate,vanilla_univariate,3.0299648642539978e-05,0.0,0.0,measured_candidate_query_loop_precomputed_vanilla_fallback_separate_retrieval,0.0,,,360.0,0.0,0.0,3240.0,0.0,0.0,0.0,0.0,,0.0,,0.0,0.010649626360981651,0.00029949951785299345,0.0173060543698728,0.0,360.0,360.0,360.0,0.07200890117221409,0.0029453237555909155,0.054270837063665374,0.0,360.0,360.0,360.0,0.08269696449847527,0.0038108384237195707,0.06173198865838983,0.0,360.0,360.0,360.0,0.0030132199655943568,5.920709678152731e-06,0.002433250845710884,0.0,360.0,360.0,360.0,0.0030108601076718833,5.8950628921551165e-06,0.00242797506003565,0.0,360.0,360.0,360.0,0.5645352327609865,0.23738519725503385,0.48722191787216823,0.0,360.0,360.0,360.0,0.003013949442135914,5.9344080251264155e-06,0.002436064043724306,0.0,360.0,360.0,360.0,0.003013949442135914,5.9344080251264155e-06,0.002436064043724306,0.0,360.0,360.0,360.0,1.2782414293270614,1.391596656960766,0.4416499260692792,0.38116580068029043,0.14528736760824687,0.1705847711458871
Coastal_T_S/20T,short,top_k_1_mix,top_k_1_mix,,,,assembled_from_candidate_artifacts_no_independent_selected_method_latency,0.0,top_k_1,0.4419889502762431,360.0,0.0,0.0,3240.0,0.0,360.0,360.0,360.0,100.0,117.82308181006029,0.3272863383612786,0.0,0.010414261595658135,0.00032372872157320875,0.01799246291015237,0.0,360.0,360.0,360.0,0.07069932737468203,0.002916881896414968,0.05400816509024323,0.0,360.0,360.0,360.0,0.08154879140230904,0.0037640562164808215,0.061351904750226144,0.0,360.0,360.0,360.0,0.0029579624493382647,5.86349974324687e-06,0.0024214664447906086,0.0,360.0,360.0,360.0,0.002955552731846534,5.834780513500426e-06,0.0024155290338765184,0.0,360.0,360.0,360.0,0.55695773099096,0.23094198631577414,0.4805642374498691,0.0,360.0,360.0,360.0,0.0029585801648985464,5.872296024281315e-06,0.0024232820769116655,0.0,360.0,360.0,360.0,0.0029585801648985464,5.872296024281315e-06,0.0024232820769116655,0.0,360.0,360.0,360.0,1.2782414293270614,1.391596656960766,0.43572185833796206,0.375957332022062,0.14134391550114692,0.16595468605116462
Coastal_T_S/20T,short,top_k_5_mix,top_k_5_mix,,,,assembled_from_candidate_artifacts_no_independent_selected_method_latency,0.0,top_k_5,0.2596685082872928,360.0,0.0,0.0,3240.0,0.0,360.0,1800.0,1800.0,100.0,667.2492218156641,0.3706940121198134,0.0,0.010572142826400342,0.0003135866718223826,0.017708378576887906,0.0,360.0,360.0,360.0,0.07155067655775282,0.0029592127561570707,0.054398646639021,0.0,360.0,360.0,360.0,0.08257481387213869,0.0037535429403819927,0.061266164727212954,0.0,360.0,360.0,360.0,0.0030018408926739434,6.0898509075110385e-06,0.002467762328003051,0.0,360.0,360.0,360.0,0.0030004237205882456,6.0698784562189655e-06,0.0024637123322780534,0.0,360.0,360.0,360.0,0.5606216885690485,0.24184051547208046,0.4917728291315823,0.0,360.0,360.0,360.0,0.0030021388836200093,6.099854715939714e-06,0.0024697883949722724,0.0,360.0,360.0,360.0,0.0030021388836200093,6.099854715939714e-06,0.0024697883949722724,0.0,360.0,360.0,360.0,1.2782414293270614,1.391596656960766,0.43858826330186423,0.38472609152597986,0.1480141655008566,0.1737863584698873
Coastal_T_S/20T,short,top_k_10_mix,top_k_10_mix,,,,assembled_from_candidate_artifacts_no_independent_selected_method_latency,0.0,top_k_10,0.15469613259668508,360.0,0.0,0.0,3240.0,0.0,360.0,3600.0,3600.0,100.0,1468.4540962041656,0.40790391561226824,0.0,0.011183686567796995,0.0003365252314862283,0.01834462404864783,0.0,360.0,360.0,360.0,0.07394211086226098,0.003203377251595134,0.05659838559177403,0.0,360.0,360.0,360.0,0.08461208537928347,0.004024481575565841,0.06343880181376255,0.0,360.0,360.0,360.0,0.0031270360000763228,6.97674039717001e-06,0.002641352001754028,0.0,360.0,360.0,360.0,0.003125937493626837,6.960417855526104e-06,0.0026382603843301943,0.0,360.0,360.0,360.0,0.5773228358322111,0.25808726191036835,0.5080228950651421,0.0,360.0,360.0,360.0,0.0031273085604989603,6.987141705641447e-06,0.0026433202049016774,0.0,360.0,360.0,360.0,0.0031273085604989603,6.987141705641447e-06,0.0026433202049016774,0.0,360.0,360.0,360.0,1.2782414293270614,1.391596656960766,0.4516539853790739,0.3974389214818315,0.15795769630864143,0.1854612546095278
Coastal_T_S/20T,short,top_k_15_mix,top_k_15_mix,,,,assembled_from_candidate_artifacts_no_independent_selected_method_latency,0.0,top_k_15,0.1132596685082873,360.0,0.0,0.0,3240.0,0.0,360.0,5400.0,5400.0,100.0,2332.9281077925075,0.4320237236652792,0.0,0.011463975228018149,0.00034560611114706793,0.01859048442475526,0.0,360.0,360.0,360.0,0.07538210492075224,0.0032516435087477542,0.057023183958349384,0.0,360.0,360.0,360.0,0.0860158742826754,0.004065244599405129,0.06375927069379894,0.0,360.0,360.0,360.0,0.003193768152003952,7.178181106359432e-06,0.0026792127773581985,0.0,360.0,360.0,360.0,0.003193437503090247,7.174353248210357e-06,0.002678498319620596,0.0,360.0,360.0,360.0,0.5907982278899024,0.26662503228868073,0.5163574656075777,0.0,360.0,360.0,360.0,0.0031942015612417556,7.192578238423047e-06,0.0026818982528095743,0.0,360.0,360.0,360.0,0.0031942015612417556,7.192578238423047e-06,0.0026818982528095743,0.0,360.0,360.0,360.0,1.2782414293270614,1.391596656960766,0.4621961190859946,0.4039592629065524,0.16318308608800505,0.19159648807362564
Coastal_T_S/20T,short,top_k_20_mix,top_k_20_mix,,,,assembled_from_candidate_artifacts_no_independent_selected_method_latency,0.0,top_k_20,0.09116022099447514,360.0,0.0,0.0,3240.0,0.0,360.0,7200.0,7200.0,100.0,3259.750718078789,0.45274315528872067,0.0,0.011524018753168353,0.0003447435631456612,0.018567271289709246,0.0,360.0,360.0,360.0,0.07572820804737233,0.003242514058570329,0.056943077354234456,0.0,360.0,360.0,360.0,0.08633706763472834,0.004069929505404695,0.06379599913321128,0.0,360.0,360.0,360.0,0.003209575040391829,7.146983877271613e-06,0.002673384348961371,0.0,360.0,360.0,360.0,0.0032094794601556288,7.145843318984571e-06,0.002673171023145465,0.0,360.0,360.0,360.0,0.5944614211270368,0.2695596840993636,0.519191375216657,0.0,360.0,360.0,360.0,0.003210221323261444,7.163415066090947e-06,0.0026764556910382335,0.0,360.0,360.0,360.0,0.003210221323261444,7.163415066090947e-06,0.0026764556910382335,0.0,360.0,360.0,360.0,1.2782414293270614,1.391596656960766,0.4650619260869951,0.4061763007399852,0.1649791872828189,0.19370532600162996
Coastal_T_S/20T,medium,vanilla_univariate,vanilla_univariate,1.667998731136322e-05,0.0,0.0,measured_candidate_query_loop_precomputed_vanilla_fallback_separate_retrieval,0.0,,,45.0,0.0,0.0,3240.0,0.0,0.0,0.0,0.0,,0.0,,0.0,0.04486280204623823,0.0016941104265611165,0.041159572720827854,0.0,45.0,45.0,45.0,0.15741695003744993,0.006325785985716014,0.07953480989928884,0.0,45.0,45.0,45.0,0.19066369402089084,0.008510157828546354,0.09225051668444115,0.0,45.0,45.0,45.0,0.006578557415893571,1.448048928312982e-05,0.0038053238079209266,0.0,45.0,45.0,45.0,0.006591861643990038,1.4700011524523479e-05,0.0038340594054505047,0.0,45.0,45.0,45.0,1.2496745099830937,0.6394040750273952,0.79962746015091,0.0,45.0,45.0,45.0,0.006570991716310329,1.454745835289264e-05,0.003814113049306829,0.0,45.0,45.0,45.0,0.006570991716310329,1.454745835289264e-05,0.003814113049306829,0.0,45.0,45.0,45.0,1.2827707713444634,0.8089647179022766,0.9741993954799253,0.6233595884889285,0.3885771765610862,0.7903979751866453
Coastal_T_S/20T,medium,top_k_1_mix,top_k_1_mix,,,,assembled_from_candidate_artifacts_no_independent_selected_method_latency,0.0,top_k_1,0.5106382978723404,45.0,0.0,0.0,3240.0,0.0,45.0,45.0,45.0,100.0,15.135371106267447,0.3363415801392766,0.0,0.04181916761393231,0.0017463671750462249,0.041789558205922984,0.0,45.0,45.0,45.0,0.1522070260695469,0.006003727133382954,0.07748372173161892,0.0,45.0,45.0,45.0,0.1837916395566913,0.008039800842995585,0.08966493653037169,0.0,45.0,45.0,45.0,0.006392305907147657,1.4418937768203773e-05,0.0037972276423996194,0.0,45.0,45.0,45.0,0.006407053159517238,1.46930088650211e-05,0.0038331460792697556,0.0,45.0,45.0,45.0,1.2062324335859187,0.567806696511724,0.7535294927948899,0.0,45.0,45.0,45.0,0.006381693043188755,1.4449824773411507e-05,0.003801292513528985,0.0,45.0,45.0,45.0,0.006381693043188755,1.4449824773411507e-05,0.003801292513528985,0.0,45.0,45.0,45.0,1.2827707713444634,0.8089647179022766,0.9403335814408015,0.5874233414323283,0.3450661820595218,0.701893029382173
Coastal_T_S/20T,medium,top_k_5_mix,top_k_5_mix,,,,assembled_from_candidate_artifacts_no_independent_selected_method_latency,0.0,top_k_5,0.5531914893617021,45.0,0.0,0.0,3240.0,0.0,45.0,225.0,225.0,100.0,84.1598000355287,0.37404355571346093,0.0,0.043029448880528946,0.0016066186842992455,0.040082648169741046,0.0,45.0,45.0,45.0,0.15839393698138957,0.0060803431251889,0.07797655497127903,0.0,45.0,45.0,45.0,0.18778083815597124,0.0077678057019698816,0.0881351558798751,0.0,45.0,45.0,45.0,0.006744586429684854,1.5508251419040417e-05,0.003938051728842629,0.0,45.0,45.0,45.0,0.006764020443419963,1.5847445505547227e-05,0.003980885015363697,0.0,45.0,45.0,45.0,1.2874160395632996,0.6834506511544174,0.8267107421307753,0.0,45.0,45.0,45.0,0.006738163549111153,1.5687523993493212e-05,0.003960747908349282,0.0,45.0,45.0,45.0,0.006738163549111153,1.5687523993493212e-05,0.003960747908349282,0.0,45.0,45.0,45.0,1.2827707713444634,0.8089647179022766,1.0036212769441009,0.6444726997203915,0.41534506068488997,0.8448460557422958
Coastal_T_S/20T,medium,top_k_10_mix,top_k_10_mix,,,,assembled_from_candidate_artifacts_no_independent_selected_method_latency,0.0,top_k_10,0.3404255319148936,45.0,0.0,0.0,3240.0,0.0,45.0,450.0,450.0,100.0,185.85733655990848,0.4130163034664633,0.0,0.054887658994294604,0.0030074961213025823,0.05484064296944906,0.0,45.0,45.0,45.0,0.17817144217314543,0.00908725778791137,0.09532710940709033,0.0,45.0,45.0,45.0,0.20912433906505595,0.011154669804898123,0.1056156702620313,0.0,45.0,45.0,45.0,0.007732595143356125,2.5724818288502367e-05,0.005071963947870919,0.0,45.0,45.0,45.0,0.007765704059831528,2.6427964538218995e-05,0.005140813606640392,0.0,45.0,45.0,45.0,1.478233284952167,1.1296150560341844,1.0628335034398306,0.0,45.0,45.0,45.0,0.0077276977469866144,2.600283109142948e-05,0.005099297117390737,0.0,45.0,45.0,45.0,0.0077276977469866144,2.600283109142948e-05,0.005099297117390737,0.0,45.0,45.0,45.0,1.2827707713444634,0.8089647179022766,1.1523752473739644,0.8285451517778831,0.6864870685346354,1.396371227367474
Coastal_T_S/20T,medium,top_k_15_mix,top_k_15_mix,,,,assembled_from_candidate_artifacts_no_independent_selected_method_latency,0.0,top_k_15,0.2553191489361702,45.0,0.0,0.0,3240.0,0.0,45.0,675.0,675.0,100.0,295.07873594064154,0.4371536828750245,0.0,0.057657699632370545,0.0032531623474711833,0.057036500133433705,0.0,45.0,45.0,45.0,0.18287577217007858,0.009450728593410049,0.09721485788401919,0.0,45.0,45.0,45.0,0.21459046230788884,0.011608633118857088,0.10774336693670329,0.0,45.0,45.0,45.0,0.007969623968290504,2.683245719387035e-05,0.005180005520640915,0.0,45.0,45.0,45.0,0.008006193878064597,2.758108225555271e-05,0.005251769440441261,0.0,45.0,45.0,45.0,1.525171446740734,1.2006157801335158,1.095726142853914,0.0,45.0,45.0,45.0,0.007965091624292615,2.7121703494734705e-05,0.0052078501797512096,0.0,45.0,45.0,45.0,0.007965091624292615,2.7121703494734705e-05,0.0052078501797512096,0.0,45.0,45.0,45.0,1.2827707713444634,0.8089647179022766,1.188966478509806,0.8541870202619997,0.7296354655840737,1.4841386200956057
Coastal_T_S/20T,medium,top_k_20_mix,top_k_20_mix,,,,assembled_from_candidate_artifacts_no_independent_selected_method_latency,0.0,top_k_20,0.23404255319148937,45.0,0.0,0.0,3240.0,0.0,45.0,900.0,900.0,100.0,411.58440464761264,0.45731600516401405,0.0,0.06208236112012663,0.003934956122666893,0.06272922861527068,0.0,45.0,45.0,45.0,0.1900796030774528,0.01069493415038083,0.10341631472055476,0.0,45.0,45.0,45.0,0.22185655673510465,0.012862029353769946,0.11341088728058672,0.0,45.0,45.0,45.0,0.008315854902075795,3.062966715313653e-05,0.005534407570204469,0.0,45.0,45.0,45.0,0.008357607560812292,3.152941775816361e-05,0.005615106210764282,0.0,45.0,45.0,45.0,1.5962464835161183,1.3687914535350652,1.1699536117022185,0.0,45.0,45.0,45.0,0.00831273543149011,3.095262819587309e-05,0.005563508622791295,0.0,45.0,45.0,45.0,0.00831273543149011,3.095262819587309e-05,0.005563508622791295,0.0,45.0,45.0,45.0,1.2827707713444634,0.8089647179022766,1.2443739124513284,0.9120519720573287,0.8318387997336621,1.6920286178666395
Coastal_T_S/20T,long,vanilla_univariate,vanilla_univariate,1.3550743460655212e-05,0.0,0.0,measured_candidate_query_loop_precomputed_vanilla_fallback_separate_retrieval,0.0,,,15.0,0.0,0.0,3240.0,0.0,0.0,0.0,0.0,,0.0,,0.0,0.10766945574948104,0.018739116698545798,0.13689089340984592,0.0,15.0,15.0,15.0,0.2287977660143817,0.01706806661572704,0.1306448109024122,0.0,15.0,15.0,15.0,0.29013889606468596,0.023488876739846405,0.15326081279911838,0.0,15.0,15.0,15.0,0.00949416013489945,2.509673382910863e-05,0.0050096640435371145,0.0,15.0,15.0,15.0,0.009494473608692858,2.5247917949967544e-05,0.00502473063456814,0.0,15.0,15.0,15.0,1.746738194256302,1.4959230610670826,1.2230793355572167,0.0,15.0,15.0,15.0,0.009470968022612486,2.5032608846515417e-05,0.00500325982200759,0.0,15.0,15.0,15.0,0.009470968022612486,2.5032608846515417e-05,0.00500325982200759,0.0,15.0,15.0,15.0,1.837785242009726,1.7356310305571765,0.9504582768039541,0.6655180962383329,0.44291433642069483,0.8618900185178515
Coastal_T_S/20T,long,top_k_1_mix,top_k_1_mix,,,,assembled_from_candidate_artifacts_no_independent_selected_method_latency,0.0,top_k_1,0.6470588235294118,15.0,0.0,0.0,3240.0,0.0,15.0,15.0,15.0,100.0,5.358830091576223,0.35725533943841487,0.0,0.08359974113502938,0.007964285000120724,0.08924284285095765,0.0,15.0,15.0,15.0,0.20960396484092433,0.009233882531286628,0.09609309304672542,0.0,15.0,15.0,15.0,0.26428684017838017,0.013752207243556738,0.11726980533605715,0.0,15.0,15.0,15.0,0.00875746637099294,1.5232278913279394e-05,0.0039028552257647725,0.0,15.0,15.0,15.0,0.008769844938297404,1.5518592998491236e-05,0.003939364542472712,0.0,15.0,15.0,15.0,1.632755007207954,0.9067519007176537,0.9522352129162488,0.0,15.0,15.0,15.0,0.008749528104818912,1.5459773124352043e-05,0.003931891799675067,0.0,15.0,15.0,15.0,0.008749528104818912,1.5459773124352043e-05,0.003931891799675067,0.0,15.0,15.0,15.0,1.837785242009726,1.7356310305571765,0.8884362382965055,0.5181428118744298,0.2684719734971407,0.5224335614848773
Coastal_T_S/20T,long,top_k_5_mix,top_k_5_mix,,,,assembled_from_candidate_artifacts_no_independent_selected_method_latency,0.0,top_k_5,0.7058823529411765,15.0,0.0,0.0,3240.0,0.0,15.0,75.0,75.0,100.0,30.002014022112533,0.4000268536281671,0.0,0.09204412584410566,0.008683123675604303,0.09318328002170938,0.0,15.0,15.0,15.0,0.22238021308993114,0.010806383677252293,0.10395375739843314,0.0,15.0,15.0,15.0,0.2753262593591116,0.016239576751424862,0.1274345979372355,0.0,15.0,15.0,15.0,0.009404247732890536,2.0789204002736155e-05,0.0045595179572775184,0.0,15.0,15.0,15.0,0.00943316387224016,2.1285845958521198e-05,0.004613658630471179,0.0,15.0,15.0,15.0,1.773344512894772,1.2633937154480628,1.1240078805097689,0.0,15.0,15.0,15.0,0.009399757880983075,2.1077954300597873e-05,0.004591073327730442,0.0,15.0,15.0,15.0,0.009399757880983075,2.1077954300597873e-05,0.004591073327730442,0.0,15.0,15.0,15.0,1.837785242009726,1.7356310305571765,0.9649356586167357,0.6116100264689253,0.3740668244773195,0.7279160681072204
Coastal_T_S/20T,long,top_k_10_mix,top_k_10_mix,,,,assembled_from_candidate_artifacts_no_independent_selected_method_latency,0.0,top_k_10,0.6470588235294118,15.0,0.0,0.0,3240.0,0.0,15.0,150.0,150.0,100.0,62.65632879879477,0.4177088586586318,0.0,0.159190043638717,0.03150409184200404,0.1774939205775906,0.0,15.0,15.0,15.0,0.2855550765991211,0.02310730692408419,0.1520108776505293,0.0,15.0,15.0,15.0,0.3546849378531246,0.033388638498842174,0.18272558249692947,0.0,15.0,15.0,15.0,0.01268926392471217,6.997607476916221e-05,0.008365170337127763,0.0,15.0,15.0,15.0,0.01281331771534213,7.408248170886583e-05,0.008607118083822588,0.0,15.0,15.0,15.0,2.4039973235685212,3.256066591775081,1.8044574230984451,0.0,15.0,15.0,15.0,0.012699122063903496,7.101134770478847e-05,0.008426823108668442,0.0,15.0,15.0,15.0,0.012699122063903496,7.101134770478847e-05,0.008426823108668442,0.0,15.0,15.0,15.0,1.837785242009726,1.7356310305571765,1.3080948027091615,0.9818652266056751,0.9640593232174137,1.876013124016232
Coastal_T_S/20T,long,top_k_15_mix,top_k_15_mix,,,,assembled_from_candidate_artifacts_no_independent_selected_method_latency,0.0,top_k_15,0.47058823529411764,15.0,0.0,0.0,3240.0,0.0,15.0,225.0,225.0,100.0,101.23189194333821,0.44991951974816985,0.0,0.140849115348038,0.02064281728125206,0.1436760845835244,0.0,15.0,15.0,15.0,0.2776517773851936,0.02118663071811405,0.14555628024277772,0.0,15.0,15.0,15.0,0.33647980984360853,0.027630452915647037,0.16622410449645092,0.0,15.0,15.0,15.0,0.012313299873954893,6.361757867488238e-05,0.007976062855499722,0.0,15.0,15.0,15.0,0.012410557615614498,6.673817681440903e-05,0.008169343719933017,0.0,15.0,15.0,15.0,2.3188926749198746,2.978851051316829,1.7259348340296135,0.0,15.0,15.0,15.0,0.012311372505090182,6.446377388837254e-05,0.00802893354614251,0.0,15.0,15.0,15.0,0.012311372505090182,6.446377388837254e-05,0.00802893354614251,0.0,15.0,15.0,15.0,1.837785242009726,1.7356310305571765,1.261786536267986,0.9391384774328705,0.88198107979493,1.7162928058278326
Coastal_T_S/20T,long,top_k_20_mix,top_k_20_mix,,,,assembled_from_candidate_artifacts_no_independent_selected_method_latency,0.0,top_k_20,0.29411764705882354,15.0,0.0,0.0,3240.0,0.0,15.0,300.0,300.0,100.0,139.97056597652875,0.46656855325509583,0.0,0.1205954299698937,0.011154471041539105,0.10561472928308392,0.0,15.0,15.0,15.0,0.2615369743771023,0.013417825279231443,0.11583533691940229,0.0,15.0,15.0,15.0,0.32008130997846446,0.01814338497236384,0.13469738294548947,0.0,15.0,15.0,15.0,0.011408610988477265,3.723052460793997e-05,0.006101682112986547,0.0,15.0,15.0,15.0,0.011464855559769789,3.856494457567108e-05,0.006210068000889449,0.0,15.0,15.0,15.0,2.134077274641574,1.867782269591465,1.3666683100121495,0.0,15.0,15.0,15.0,0.011401380630257748,3.7747228684446816e-05,0.006143877333121717,0.0,15.0,15.0,15.0,0.011401380630257748,3.7747228684446816e-05,0.006143877333121717,0.0,15.0,15.0,15.0,1.837785242009726,1.7356310305571765,1.1612223375500803,0.7436496271553565,0.5530147679683008,1.076140168450356
Coastal_T_S/H,short,vanilla_univariate,vanilla_univariate,9.603239595890045e-05,0.0,0.0,measured_candidate_query_loop_precomputed_vanilla_fallback_separate_retrieval,0.0,,,2016.0,0.0,0.0,48384.0,0.0,0.0,0.0,0.0,,0.0,,0.0,14.877551387890923,5178.338228269802,71.96067139952073,0.0,2016.0,2016.0,2016.0,1.1126075394663508,8.792297762275993,2.9651808987439523,0.0,2016.0,2016.0,2016.0,1.3756460198920217,12.985149415846164,3.603491281499952,0.0,2016.0,2016.0,2016.0,0.03032306291475089,0.004515638760858722,0.06719850266827916,0.0,2016.0,2016.0,2016.0,0.02849051393025896,0.00365925493935656,0.060491775799331265,0.0,2016.0,2016.0,2016.0,0.9437669634863203,2.2758210223031945,1.508582454592123,0.0,2016.0,2016.0,2016.0,0.028169316963809355,0.0034453687584112807,0.05869726363648718,0.0,2016.0,2016.0,2016.0,0.028169316963809355,0.0034453687584112807,0.05869726363648718,0.0,2016.0,2016.0,2016.0,1.204935864293014,2.6970812724109106,0.7832507865803029,1.252002284351683,1.5675097200218322,0.8438088409063205
Coastal_T_S/H,short,top_k_1_mix,top_k_1_mix,,,,assembled_from_candidate_artifacts_no_independent_selected_method_latency,0.0,top_k_1,0.4415262636273538,2016.0,0.0,0.0,48384.0,0.0,2016.0,2016.0,463.0,22.966269841269842,570.8962001650374,0.2831826389707527,0.0,15.057767812945857,5276.562066201157,72.63994814288593,0.0,2016.0,2016.0,2016.0,1.116413983797886,8.989554498529092,2.9982585776628894,0.0,2016.0,2016.0,2016.0,1.374765679313821,13.167787139926665,3.6287445680188988,0.0,2016.0,2016.0,2016.0,0.030328610734126245,0.00456460159465561,0.06756183534108298,0.0,2016.0,2016.0,2016.0,0.028566384518343944,0.0037377944195055063,0.06113750419755051,0.0,2016.0,2016.0,2016.0,0.9427218428243674,2.269663017818836,1.5065400817166585,0.0,2016.0,2016.0,2016.0,0.028232744082938143,0.003512449919778554,0.0592659254528144,0.0,2016.0,2016.0,2016.0,0.028232744082938143,0.003512449919778554,0.0592659254528144,0.0,2016.0,2016.0,2016.0,1.204935864293014,2.6970812724109106,0.7823834203636237,1.250307278886257,1.5632682916359564,0.8415256303307439
Coastal_T_S/H,short,top_k_5_mix,top_k_5_mix,,,,assembled_from_candidate_artifacts_no_independent_selected_method_latency,0.0,top_k_5,0.3419226957383548,2016.0,0.0,0.0,48384.0,0.0,2016.0,10080.0,2070.0,20.535714285714285,2874.3546701216014,0.2851542331469843,0.0,15.126760340264763,5285.574659008254,72.70195773848359,0.0,2016.0,2016.0,2016.0,1.1244989208262366,9.018702973590171,3.003115544495445,0.0,2016.0,2016.0,2016.0,1.3827976351484503,13.214631040492616,3.6351933979490854,0.0,2016.0,2016.0,2016.0,0.03055452237538477,0.0045971725330169145,0.06780245226403625,0.0,2016.0,2016.0,2016.0,0.028777876202049482,0.0037476369997971274,0.0612179467133383,0.0,2016.0,2016.0,2016.0,0.9681277989935196,2.303262749810662,1.5176504043456984,0.0,2016.0,2016.0,2016.0,0.028461996481849692,0.003539617624306269,0.05949468568121248,0.0,2016.0,2016.0,2016.0,0.028461996481849692,0.003539617624306269,0.05949468568121248,0.0,2016.0,2016.0,2016.0,1.204935864293014,2.6970812724109106,0.8034683236535254,1.259527954407903,1.5864106679349566,0.8539834425351908
Coastal_T_S/H,short,top_k_10_mix,top_k_10_mix,,,,assembled_from_candidate_artifacts_no_independent_selected_method_latency,0.0,top_k_10,0.26362735381565905,2016.0,0.0,0.0,48384.0,0.0,2016.0,20160.0,3685.0,18.278769841269842,5930.535090159589,0.29417336756743995,0.0,15.040314921932136,5294.847759616129,72.76570455658441,0.0,2016.0,2016.0,2016.0,1.1289966037711276,8.944853072790185,2.9907947226097256,0.0,2016.0,2016.0,2016.0,1.3876304040449816,13.114796783702099,3.6214357351335256,0.0,2016.0,2016.0,2016.0,0.030836452976617284,0.004622986207084074,0.06799254523169487,0.0,2016.0,2016.0,2016.0,0.029019661012510387,0.0037337779521353725,0.06110464754939163,0.0,2016.0,2016.0,2016.0,1.0063256546114,2.3998508822204587,1.5491452101789744,0.0,2016.0,2016.0,2016.0,0.028714732505579602,0.003545613217379523,0.05954505199745419,0.0,2016.0,2016.0,2016.0,0.028714732505579602,0.003545613217379523,0.05954505199745419,0.0,2016.0,2016.0,2016.0,1.204935864293014,2.6970812724109106,0.8351694761794256,1.2856661139287464,1.652937356504644,0.8897955381504842
Coastal_T_S/H,short,top_k_15_mix,top_k_15_mix,,,,assembled_from_candidate_artifacts_no_independent_selected_method_latency,0.0,top_k_15,0.22646184340931616,2016.0,0.0,0.0,48384.0,0.0,2016.0,30240.0,5163.0,17.0734126984127,9057.33498694648,0.2995150458646323,0.0,15.072828230137514,5342.657180089799,73.09348247340387,0.0,2016.0,2016.0,2016.0,1.135762007736414,8.970351609798048,2.9950545253464163,0.0,2016.0,2016.0,2016.0,1.3943423141068023,13.128637741228802,3.6233462077517244,0.0,2016.0,2016.0,2016.0,0.031102560650672493,0.004670259926649286,0.06833930001579827,0.0,2016.0,2016.0,2016.0,0.02924977202000633,0.003744116365648503,0.06118918503827701,0.0,2016.0,2016.0,2016.0,1.0362177693486507,2.459712114401983,1.568346936873976,0.0,2016.0,2016.0,2016.0,0.028966534892845928,0.003581055431494694,0.05984192035266493,0.0,2016.0,2016.0,2016.0,0.028966534892845928,0.003581055431494694,0.05984192035266493,0.0,2016.0,2016.0,2016.0,1.204935864293014,2.6970812724109106,0.8599775308013119,1.3016020050114372,1.6941677794497934,0.9119903577111178
Coastal_T_S/H,short,top_k_20_mix,top_k_20_mix,,,,assembled_from_candidate_artifacts_no_independent_selected_method_latency,0.0,top_k_20,0.2130822596630327,2016.0,0.0,0.0,48384.0,0.0,2016.0,40320.0,6445.0,15.984623015873016,12222.206846618119,0.30313013012445733,0.0,15.140547344074013,5301.282484307717,72.8099064984135,0.0,2016.0,2016.0,2016.0,1.1434712481220553,8.979147109794512,2.996522502801291,0.0,2016.0,2016.0,2016.0,1.4032534111045543,13.171427208297445,3.6292460936532596,0.0,2016.0,2016.0,2016.0,0.03138589870612598,0.00468279394870175,0.06843094291840315,0.0,2016.0,2016.0,2016.0,0.0294959243470036,0.0037495144087622335,0.06123327860536486,0.0,2016.0,2016.0,2016.0,1.0625754050939642,2.5253124914257317,1.5891231832132247,0.0,2016.0,2016.0,2016.0,0.029222591439469713,0.0035881812857311234,0.059901429746969506,0.0,2016.0,2016.0,2016.0,0.029222591439469713,0.0035881812857311234,0.059901429746969506,0.0,2016.0,2016.0,2016.0,1.204935864293014,2.6970812724109106,0.8818522517108589,1.3188446209505345,1.7393511342101589,0.9363130867644802
Coastal_T_S/H,medium,vanilla_univariate,vanilla_univariate,2.773292362689972e-05,0.0,0.0,measured_candidate_query_loop_precomputed_vanilla_fallback_separate_retrieval,0.0,,,288.0,0.0,0.0,48384.0,0.0,0.0,0.0,0.0,,0.0,,0.0,21.480710889117628,14004.48102178092,118.34052992014578,0.0,288.0,288.0,288.0,1.3720801511659932,13.49118755608679,3.6730351966849963,0.0,288.0,288.0,288.0,1.7067218075857522,18.567811560628847,4.309038356829612,0.0,288.0,288.0,288.0,0.041119953674851245,0.01443477777018962,0.12014481998900169,0.0,288.0,288.0,288.0,0.036453928651139375,0.005656376559770118,0.07520888617557182,0.0,288.0,288.0,288.0,1.6379611443059245,2.2673512039856916,1.5057726269213727,0.0,288.0,288.0,288.0,0.03893821048574864,0.011696551558778738,0.10815059666399783,0.0,288.0,288.0,288.0,0.03893821048574864,0.011696551558778738,0.10815059666399783,0.0,288.0,288.0,288.0,2.05499932278695,3.0797064254343613,0.797061646757408,0.7327363129634871,0.5369025043353254,0.7362231624613066
Coastal_T_S/H,medium,top_k_1_mix,top_k_1_mix,,,,assembled_from_candidate_artifacts_no_independent_selected_method_latency,0.0,top_k_1,0.38620689655172413,288.0,0.0,0.0,48384.0,0.0,288.0,288.0,75.0,26.041666666666668,78.13651482624455,0.2713073431466825,0.0,21.29627606867153,14341.960799969213,119.75792583361326,0.0,288.0,288.0,288.0,1.358551224345026,13.417274025387513,3.6629597357038355,0.0,288.0,288.0,288.0,1.691637356007974,18.434639124429886,4.293557863174769,0.0,288.0,288.0,288.0,0.040782765726531965,0.014652253251281508,0.12104649210646919,0.0,288.0,288.0,288.0,0.03607662250584101,0.005662542301421229,0.07524986579005459,0.0,288.0,288.0,288.0,1.6154598896045362,2.3216449114139266,1.5236944941207626,0.0,288.0,288.0,288.0,0.038533985237965904,0.011849340146178215,0.10885467443421167,0.0,288.0,288.0,288.0,0.038533985237965904,0.011849340146178215,0.10885467443421167,0.0,288.0,288.0,288.0,2.05499932278695,3.0797064254343613,0.7861121274792835,0.7414574190975196,0.5497591043347548,0.7538526699298885
Coastal_T_S/H,medium,top_k_5_mix,top_k_5_mix,,,,assembled_from_candidate_artifacts_no_independent_selected_method_latency,0.0,top_k_5,0.3689655172413793,288.0,0.0,0.0,48384.0,0.0,288.0,1440.0,313.0,21.73611111111111,414.11225253617914,0.2875779531501244,0.0,21.337122373602725,14684.680736923552,121.18036448585039,0.0,288.0,288.0,288.0,1.3718371228105513,13.494643535705588,3.6735056193921345,0.0,288.0,288.0,288.0,1.701891264746756,18.440688496581416,4.294262276175201,0.0,288.0,288.0,288.0,0.041221538889347174,0.014817946820072876,0.12172898923458157,0.0,288.0,288.0,288.0,0.03661621124831449,0.005711931283730634,0.07557731990306771,0.0,288.0,288.0,288.0,1.6537367050556884,2.267297137419022,1.5057546737164795,0.0,288.0,288.0,288.0,0.03911791913639795,0.012014975487153183,0.10961284362315021,0.0,288.0,288.0,288.0,0.03911791913639795,0.012014975487153183,0.10961284362315021,0.0,288.0,288.0,288.0,2.05499932278695,3.0797064254343613,0.8047383211849057,0.732727576607862,0.5368897015216304,0.7362056067078675
Coastal_T_S/H,medium,top_k_10_mix,top_k_10_mix,,,,assembled_from_candidate_artifacts_no_independent_selected_method_latency,0.0,top_k_10,0.2620689655172414,288.0,0.0,0.0,48384.0,0.0,288.0,2880.0,538.0,18.680555555555557,867.8416654490859,0.3013339116142659,0.0,21.52201138995713,14539.504900493444,120.57986938329898,0.0,288.0,288.0,288.0,1.388180941027939,13.5999764349586,3.6878145879312587,0.0,288.0,288.0,288.0,1.718969946686208,18.567153712346744,4.308962022615974,0.0,288.0,288.0,288.0,0.041824226665458326,0.014769386821051694,0.12152936608512238,0.0,288.0,288.0,288.0,0.037154655601257996,0.00575334137604545,0.07585078362182852,0.0,288.0,288.0,288.0,1.7011356698820834,2.4339249620931103,1.560104151040279,0.0,288.0,288.0,288.0,0.03967303063889276,0.012019146917088198,0.10963186998810245,0.0,288.0,288.0,288.0,0.03967303063889276,0.012019146917088198,0.10963186998810245,0.0,288.0,288.0,288.0,2.05499932278695,3.0797064254343613,0.8278035184824472,0.7591750195442869,0.5763467103000685,0.7903107068881833
Coastal_T_S/H,medium,top_k_15_mix,top_k_15_mix,,,,assembled_from_candidate_artifacts_no_independent_selected_method_latency,0.0,top_k_15,0.2482758620689655,288.0,0.0,0.0,48384.0,0.0,288.0,4320.0,749.0,17.337962962962962,1322.5930214926673,0.3061557920121915,0.0,21.383143167256094,14440.686682988171,120.16940826594833,0.0,288.0,288.0,288.0,1.3936268210148675,13.47552514458665,3.6709024972868254,0.0,288.0,288.0,288.0,1.7256177365274021,18.40538659463814,4.290149950134394,0.0,288.0,288.0,288.0,0.04202077009609431,0.014732418666919137,0.12137717523043258,0.0,288.0,288.0,288.0,0.037339467772344745,0.005721806806305125,0.0756426255910325,0.0,288.0,288.0,288.0,1.7350613630799905,2.644124945233164,1.6260765496227918,0.0,288.0,288.0,288.0,0.03984436548103373,0.011984712338220028,0.10947471095289554,0.0,288.0,288.0,288.0,0.03984436548103373,0.011984712338220028,0.10947471095289554,0.0,288.0,288.0,288.0,2.05499932278695,3.0797064254343613,0.8443123770605112,0.7912783870982197,0.6261214858887603,0.8585639603165217
Coastal_T_S/H,medium,top_k_20_mix,top_k_20_mix,,,,assembled_from_candidate_artifacts_no_independent_selected_method_latency,0.0,top_k_20,0.23448275862068965,288.0,0.0,0.0,48384.0,0.0,288.0,5760.0,941.0,16.336805555555557,1795.8421310501756,0.3117781477517666,0.0,21.330119197111554,14442.231203857486,120.17583452532163,0.0,288.0,288.0,288.0,1.3955214243910703,13.418256018045643,3.6630937768566127,0.0,288.0,288.0,288.0,1.72532262731257,18.353381028794804,4.284084619705218,0.0,288.0,288.0,288.0,0.04219298216047077,0.014734783845870684,0.1213869179354624,0.0,288.0,288.0,288.0,0.03752048566935019,0.005713025937258401,0.07558456150073506,0.0,288.0,288.0,288.0,1.7677572491394353,2.856948037873698,1.6902508801576464,0.0,288.0,288.0,288.0,0.040016444471550144,0.011983875122627195,0.10947088710075932,0.0,288.0,288.0,288.0,0.040016444471550144,0.011983875122627195,0.10947088710075932,0.0,288.0,288.0,288.0,2.05499932278695,3.0797064254343613,0.8602227891452721,0.8225067820778457,0.6765174065640527,0.9276689538584038
Coastal_T_S/H,long,vanilla_univariate,vanilla_univariate,2.1940097212791443e-05,0.0,0.0,measured_candidate_query_loop_precomputed_vanilla_fallback_separate_retrieval,0.0,,,144.0,0.0,0.0,48384.0,0.0,0.0,0.0,0.0,,0.0,,0.0,23.72234096742524,11459.84308396848,107.05065662558302,0.0,144.0,144.0,144.0,1.4988212693198066,12.936932754466259,3.5967947890401337,0.0,144.0,144.0,144.0,1.89772211139518,20.12099175534706,4.485642847502135,0.0,144.0,144.0,144.0,0.04733354162824391,0.011208778277713374,0.1058715177831761,0.0,144.0,144.0,144.0,0.04183002245571135,0.005205805980497086,0.07215127150991232,0.0,144.0,144.0,144.0,2.333693521642404,9.95569952361726,3.155265365007714,0.0,144.0,144.0,144.0,0.04229752870729101,0.005409426611902555,0.07354880428601511,0.0,144.0,144.0,144.0,0.04229752870729101,0.005409426611902555,0.07354880428601511,0.0,144.0,144.0,144.0,2.646814492501095,9.314770885075767,0.8816989359300323,1.1920991720225018,1.4211004359367343,1.0688077727782224
Coastal_T_S/H,long,top_k_1_mix,top_k_1_mix,,,,assembled_from_candidate_artifacts_no_independent_selected_method_latency,0.0,top_k_1,0.4931506849315068,144.0,0.0,0.0,48384.0,0.0,144.0,144.0,32.0,22.22222222222222,41.698047324041,0.28956977308361803,0.0,22.767756214207076,11873.136533233237,108.96392308114295,0.0,144.0,144.0,144.0,1.4647012477828112,12.272883259735416,3.503267511871655,0.0,144.0,144.0,144.0,1.8586884112227855,19.313033604193194,4.3946596687562955,0.0,144.0,144.0,144.0,0.047055924410464266,0.011380176881597424,0.10667791187306501,0.0,144.0,144.0,144.0,0.04160810310897662,0.0050643989236112425,0.0711645903775975,0.0,144.0,144.0,144.0,2.349843801425752,9.973710623422228,3.1581182092224207,0.0,144.0,144.0,144.0,0.04198011524838774,0.005272455077543413,0.07261167314931817,0.0,144.0,144.0,144.0,0.04198011524838774,0.005272455077543413,0.07261167314931817,0.0,144.0,144.0,144.0,2.646814492501095,9.314770885075767,0.8878007159486564,1.1931770126580241,1.4236713835355264,1.0707413790930942
Coastal_T_S/H,long,top_k_5_mix,top_k_5_mix,,,,assembled_from_candidate_artifacts_no_independent_selected_method_latency,0.0,top_k_5,0.4452054794520548,144.0,0.0,0.0,48384.0,0.0,144.0,720.0,152.0,21.11111111111111,204.16731379286762,0.283565713601205,0.0,24.183764261218432,12343.76075196667,111.10247860406477,0.0,144.0,144.0,144.0,1.5343801201180747,12.984965607955344,3.6034657772698973,0.0,144.0,144.0,144.0,1.9448166135667486,20.40145260081319,4.516796719004874,0.0,144.0,144.0,144.0,0.04831243922231533,0.011636717574198738,0.10787361852741725,0.0,144.0,144.0,144.0,0.042741172577345145,0.005259161893188962,0.07252007924146914,0.0,144.0,144.0,144.0,2.430526910506466,10.49922095043059,3.2402501370157504,0.0,144.0,144.0,144.0,0.04321066641444122,0.005489767740271604,0.07409296687453948,0.0,144.0,144.0,144.0,0.04321066641444122,0.005489767740271604,0.07409296687453948,0.0,144.0,144.0,144.0,2.646814492501095,9.314770885075767,0.918283815277795,1.2242074940257301,1.4986839884287584,1.1271582607847674
Coastal_T_S/H,long,top_k_10_mix,top_k_10_mix,,,,assembled_from_candidate_artifacts_no_independent_selected_method_latency,0.0,top_k_10,0.363013698630137,144.0,0.0,0.0,48384.0,0.0,144.0,1440.0,267.0,18.541666666666668,421.6306505681179,0.29279906289452634,0.0,24.66839429796533,11285.944046830331,106.23532391267196,0.0,144.0,144.0,144.0,1.5821879765132156,13.04843804556648,3.6122621784093245,0.0,144.0,144.0,144.0,2.0066197454512604,20.641871495130452,4.543332641919415,0.0,144.0,144.0,144.0,0.04966220696978483,0.01129123400780161,0.10626021836887788,0.0,144.0,144.0,144.0,0.0439724911604977,0.005278269334144641,0.07265169876984737,0.0,144.0,144.0,144.0,2.5469972493404915,11.197521974015517,3.346269859711783,0.0,144.0,144.0,144.0,0.04454499976851948,0.005493920786540786,0.07412098749032413,0.0,144.0,144.0,144.0,0.04454499976851948,0.005493920786540786,0.07412098749032413,0.0,144.0,144.0,144.0,2.646814492501095,9.314770885075767,0.9622877827503953,1.2642630865111144,1.5983611519146095,1.2021253246235306
Coastal_T_S/H,long,top_k_15_mix,top_k_15_mix,,,,assembled_from_candidate_artifacts_no_independent_selected_method_latency,0.0,top_k_15,0.3424657534246575,144.0,0.0,0.0,48384.0,0.0,144.0,2160.0,373.0,17.26851851851852,643.9893070837015,0.2981431977239359,0.0,23.61148116871783,10069.430745774527,100.34655323315559,0.0,144.0,144.0,144.0,1.5707696325283633,12.59809912228689,3.549380103945883,0.0,144.0,144.0,144.0,1.9839729785661255,19.675332389037283,4.435688490982802,0.0,144.0,144.0,144.0,0.04917277442457238,0.010627608028660359,0.10309029066144085,0.0,144.0,144.0,144.0,0.04395772611957547,0.0051836035673767005,0.07199724694303734,0.0,144.0,144.0,144.0,2.6031672904151844,11.598948730881672,3.405722938067874,0.0,144.0,144.0,144.0,0.044296550706502784,0.005299531433110143,0.07279788069106231,0.0,144.0,144.0,144.0,0.044296550706502784,0.005299531433110143,0.07279788069106231,0.0,144.0,144.0,144.0,2.646814492501095,9.314770885075767,0.9835095348731198,1.2867252116523105,1.655661770301683,1.2452210445096015
Coastal_T_S/H,long,top_k_20_mix,top_k_20_mix,,,,assembled_from_candidate_artifacts_no_independent_selected_method_latency,0.0,top_k_20,0.2876712328767123,144.0,0.0,0.0,48384.0,0.0,144.0,2880.0,464.0,16.11111111111111,861.4279543760119,0.29910692860278193,0.0,24.16579709361104,10243.501334825989,101.21018394818769,0.0,144.0,144.0,144.0,1.5843512196963525,12.87514512803289,3.588195246643205,0.0,144.0,144.0,144.0,2.001871806353304,20.1583063645388,4.489800258868851,0.0,144.0,144.0,144.0,0.04959644001473394,0.010714636172276781,0.10351152676043755,0.0,144.0,144.0,144.0,0.0442409876187627,0.005238995290620226,0.07238090418487618,0.0,144.0,144.0,144.0,2.5767447919236877,11.471414833566207,3.3869477163909996,0.0,144.0,144.0,144.0,0.04465803930173827,0.005367547341088682,0.07326354715060336,0.0,144.0,144.0,144.0,0.04465803930173827,0.005367547341088682,0.07326354715060336,0.0,144.0,144.0,144.0,2.646814492501095,9.314770885075767,0.9735267806731724,1.2796316953782882,1.637457275816712,1.231529468099515
SG_Weather/D,short,vanilla_univariate,vanilla_univariate,0.00013301149010658264,0.0,0.0,measured_candidate_query_loop_precomputed_vanilla_fallback_separate_retrieval,0.0,,,2862.0,0.0,0.0,8492.0,0.0,0.0,0.0,0.0,,0.0,,0.0,2291.7746368249764,61209710.17099471,7823.663475060434,0.0,2862.0,2862.0,2928.0,17.025524061937695,1400.6268450109965,37.42494949911084,0.0,2862.0,2862.0,2928.0,20.18401469003209,1884.3801878175452,43.40944813997922,0.0,2862.0,2862.0,2928.0,0.3486159086497994,0.6257043737519048,0.7910147746735865,0.0,2862.0,2862.0,2928.0,0.21912886802055914,0.0793457601984033,0.2816837947032156,0.0,2862.0,2862.0,2928.0,0.8538191570818253,0.3272084624063566,0.5720213828226673,0.0,2862.0,2862.0,2928.0,0.22882184560646282,0.1496241126280652,0.38681276171820544,0.0,2862.0,2862.0,2928.0,0.22882184560646282,0.1496241126280652,0.38681276171820544,0.0,2862.0,2862.0,2928.0,1.0689616504483799,0.6515856757834457,0.7987369394624099,0.5351187131762218,0.28635203719137564,0.5021725838477521
SG_Weather/D,short,top_k_1_mix,top_k_1_mix,,,,assembled_from_candidate_artifacts_no_independent_selected_method_latency,74.0,top_k_1,0.36907289455060155,2862.0,0.0,0.0,8492.0,0.0,2928.0,2805.0,521.0,18.57397504456328,1463.3657526857116,0.5216990205653161,0.02585604472396925,2214.114802584326,51237772.73749982,7158.0564916393205,0.0,2862.0,2862.0,2928.0,17.490684729889505,1364.4884060223444,36.93898220068258,0.0,2862.0,2862.0,2928.0,20.473181076156507,1794.9636592072331,42.36701145003307,0.0,2862.0,2862.0,2928.0,0.3746939689058604,0.8021481437258982,0.8956272348058081,0.0,2862.0,2862.0,2928.0,0.2236130253173828,0.080307741379306,0.28338620534406045,0.0,2862.0,2862.0,2928.0,0.8723777413417048,0.31161372608670784,0.5582237240450354,0.0,2862.0,2862.0,2928.0,0.2421380433961955,0.17807145072441818,0.4219851309281148,0.0,2862.0,2862.0,2928.0,0.2421380433961955,0.17807145072441818,0.4219851309281148,0.0,2862.0,2862.0,2928.0,1.0689616504483799,0.6515856757834457,0.8160982585070126,0.522211179241918,0.27270451572523463,0.4782390676591125
SG_Weather/D,short,top_k_5_mix,top_k_5_mix,,,,assembled_from_candidate_artifacts_no_independent_selected_method_latency,74.0,top_k_5,0.37898089171974525,2862.0,0.0,0.0,8492.0,0.0,2928.0,14025.0,2373.0,16.919786096256683,7397.664273993049,0.5274626933328378,0.02585604472396925,2234.792590834339,54827157.74908251,7404.536295345071,0.0,2862.0,2862.0,2928.0,17.370711156143443,1381.4694621477772,37.16812427534886,0.0,2862.0,2862.0,2928.0,20.357055846918485,1820.382868079781,42.66594506254117,0.0,2862.0,2862.0,2928.0,0.3646538867716448,0.8455859721909804,0.9195574871594382,0.0,2862.0,2862.0,2928.0,0.22275753235586954,0.07946079417211935,0.2818879106526552,0.0,2862.0,2862.0,2928.0,0.870959519558,0.3122943240667824,0.5588330019485092,0.0,2862.0,2862.0,2928.0,0.238920968381422,0.19416597941004127,0.44064268904639875,0.0,2862.0,2862.0,2928.0,0.238920968381422,0.19416597941004127,0.44064268904639875,0.0,2862.0,2862.0,2928.0,1.0689616504483799,0.6515856757834457,0.8147715301036972,0.5227811509553263,0.2733001317941756,0.47928359335292287
SG_Weather/D,short,top_k_10_mix,top_k_10_mix,,,,assembled_from_candidate_artifacts_no_independent_selected_method_latency,74.0,top_k_10,0.4005661712668082,2862.0,0.0,0.0,8492.0,0.0,2928.0,28050.0,4674.0,16.663101604278076,14766.656318476593,0.5264405104626236,0.02585604472396925,2221.827489282694,52960411.52684434,7277.390433860502,0.0,2862.0,2862.0,2928.0,17.42089721071756,1385.4491047645895,37.22162146877255,0.0,2862.0,2862.0,2928.0,20.328542509397987,1808.5778487262926,42.52737763754418,0.0,2862.0,2862.0,2928.0,0.36722184880684944,0.8086811797084144,0.8992670235855501,0.0,2862.0,2862.0,2928.0,0.22318089813716577,0.0799421998346924,0.28274051679002854,0.0,2862.0,2862.0,2928.0,0.872545178657634,0.31164077667821966,0.5582479526860977,0.0,2862.0,2862.0,2928.0,0.23827933431228757,0.1842053493540586,0.4291915066191998,0.0,2862.0,2862.0,2928.0,0.23827933431228757,0.1842053493540586,0.4291915066191998,0.0,2862.0,2862.0,2928.0,1.0689616504483799,0.6515856757834457,0.8162548939820636,0.522233844826836,0.2727281886826199,0.47828058267780793
SG_Weather/D,short,top_k_15_mix,top_k_15_mix,,,,assembled_from_candidate_artifacts_no_independent_selected_method_latency,74.0,top_k_15,0.4150743099787686,2862.0,0.0,0.0,8492.0,0.0,2928.0,42075.0,7026.0,16.698752228163993,22122.733604461246,0.525792836707338,0.02585604472396925,2185.401440079541,50718702.17596374,7121.706408998039,0.0,2862.0,2862.0,2928.0,17.37115623641064,1366.8862563090029,36.97142486176321,0.0,2862.0,2862.0,2928.0,20.23969126430097,1775.75633760532,42.13972398587015,0.0,2862.0,2862.0,2928.0,0.36972249241454824,0.7631532313463587,0.8735864189342453,0.0,2862.0,2862.0,2928.0,0.22334382833275032,0.0802584359331145,0.2832991986100817,0.0,2862.0,2862.0,2928.0,0.8742685043210707,0.30841505003076697,0.5553512852517467,0.0,2862.0,2862.0,2928.0,0.24043305953433514,0.19167410263853968,0.4378060102814255,0.0,2862.0,2862.0,2928.0,0.24043305953433514,0.19167410263853968,0.4378060102814255,0.0,2862.0,2862.0,2928.0,1.0689616504483799,0.6515856757834457,0.8178670431762969,0.5195240493602391,0.2699052378636601,0.473330003241613
SG_Weather/D,short,top_k_20_mix,top_k_20_mix,,,,assembled_from_candidate_artifacts_no_independent_selected_method_latency,74.0,top_k_20,0.40658174097664546,2862.0,0.0,0.0,8492.0,0.0,2928.0,56100.0,9386.0,16.73083778966132,29416.76104091866,0.5243629419058584,0.02585604472396925,2164.376663412603,49092726.644833356,7006.620201269179,0.0,2862.0,2862.0,2928.0,17.38603644164298,1356.0210521824406,36.824191127334224,0.0,2862.0,2862.0,2928.0,20.204718174609337,1756.1460268972148,41.90639601417921,0.0,2862.0,2862.0,2928.0,0.37226166773018077,0.7948284044786253,0.8915314938231994,0.0,2862.0,2862.0,2928.0,0.22332817648086406,0.08053170486474683,0.28378108616457653,0.0,2862.0,2862.0,2928.0,0.8750318817992618,0.3069026412726636,0.5539879432556846,0.0,2862.0,2862.0,2928.0,0.2422842677525755,0.20631670134163121,0.45422098293851554,0.0,2862.0,2862.0,2928.0,0.2422842677525755,0.20631670134163121,0.45422098293851554,0.0,2862.0,2862.0,2928.0,1.0689616504483799,0.6515856757834457,0.8185811730778428,0.5182486602988164,0.26858167390151805,0.4710088829126787
SG_Weather/D,medium,vanilla_univariate,vanilla_univariate,6.601959466934204e-05,0.0,0.0,measured_candidate_query_loop_precomputed_vanilla_fallback_separate_retrieval,0.0,,,1222.0,0.0,0.0,8444.0,0.0,0.0,0.0,0.0,,0.0,,0.0,2396.437239700725,47933362.861875884,6923.39243881754,0.0,1222.0,1222.0,1248.0,17.594940405724625,1234.0976460290049,35.1297259600613,0.0,1222.0,1222.0,1248.0,22.489225999728138,1890.6719536338774,43.481857752790155,0.0,1222.0,1222.0,1248.0,0.35817332224691956,0.5295946503985903,0.7277325404285494,0.0,1222.0,1222.0,1248.0,0.22430896105268247,0.0687464929227541,0.26219552422334386,0.0,1222.0,1222.0,1248.0,0.8958595179797237,0.23327273324785927,0.48298316041851735,0.0,1222.0,1222.0,1248.0,0.22044837403333334,0.08796289199322008,0.296585387356188,0.0,1222.0,1222.0,1248.0,0.22044837403333334,0.08796289199322008,0.296585387356188,0.0,1222.0,1222.0,1248.0,1.180304070490495,0.6201815357152103,0.7590073951091556,0.40920231700785853,0.16744653624459996,0.37613621143822473
SG_Weather/D,medium,top_k_1_mix,top_k_1_mix,,,,assembled_from_candidate_artifacts_no_independent_selected_method_latency,27.0,top_k_1,0.2553719008264463,1222.0,0.0,0.0,8444.0,0.0,1248.0,1208.0,215.0,17.79801324503311,620.359298070054,0.5135424652897799,0.0220949263502455,2369.1999266631346,44608761.002239846,6678.979038913047,0.0,1222.0,1222.0,1248.0,18.09894422709224,1256.894112914685,35.45270247688722,0.0,1222.0,1222.0,1248.0,22.623037425941675,1857.3981042875773,43.09754174297621,0.0,1222.0,1222.0,1248.0,0.3868731411054911,0.6372161393847472,0.7982581909286914,0.0,1222.0,1222.0,1248.0,0.23034051782932777,0.07175754543186065,0.26787598890505404,0.0,1222.0,1222.0,1248.0,0.9141135511013246,0.22904498587288805,0.4785864455590944,0.0,1222.0,1222.0,1248.0,0.23011813245538731,0.09506042003730085,0.3083186988122856,0.0,1222.0,1222.0,1248.0,0.23011813245538731,0.09506042003730085,0.3083186988122856,0.0,1222.0,1222.0,1248.0,1.180304070490495,0.6201815357152103,0.7744729294388094,0.40547724736746,0.16441179813269238,0.3693192600594713
SG_Weather/D,medium,top_k_5_mix,top_k_5_mix,,,,assembled_from_candidate_artifacts_no_independent_selected_method_latency,27.0,top_k_5,0.29256198347107437,1222.0,0.0,0.0,8444.0,0.0,1248.0,6040.0,1040.0,17.218543046357617,3135.0918413995064,0.5190549406290573,0.0220949263502455,2325.9951457091374,43103602.48759477,6565.333387391288,0.0,1222.0,1222.0,1248.0,17.913825892292905,1236.0467434894165,35.157456442260106,0.0,1222.0,1222.0,1248.0,22.39692886293098,1824.3727232179465,42.71267637619945,0.0,1222.0,1222.0,1248.0,0.3808813156226648,0.6096379448531408,0.7807931511310411,0.0,1222.0,1222.0,1248.0,0.22882105211738793,0.07059924532602387,0.2657051849814449,0.0,1222.0,1222.0,1248.0,0.9106910421386286,0.23101814362134626,0.4806434683019694,0.0,1222.0,1222.0,1248.0,0.22575802006708387,0.08762244604224129,0.296010888384602,0.0,1222.0,1222.0,1248.0,0.22575802006708387,0.08762244604224129,0.296010888384602,0.0,1222.0,1222.0,1248.0,1.180304070490495,0.6201815357152103,0.7715732453249744,0.407220037885856,0.16582815925575797,0.37250084099154906
SG_Weather/D,medium,top_k_10_mix,top_k_10_mix,,,,assembled_from_candidate_artifacts_no_independent_selected_method_latency,27.0,top_k_10,0.33884297520661155,1222.0,0.0,0.0,8444.0,0.0,1248.0,12080.0,2051.0,16.978476821192054,6296.3100785076185,0.5212177217307631,0.0220949263502455,2277.407525993571,40588606.283319935,6370.918794280769,0.0,1222.0,1222.0,1248.0,17.84295393013044,1216.6326325056928,34.88026135948085,0.0,1222.0,1222.0,1248.0,22.248556058577808,1782.4092793018922,42.21858926233671,0.0,1222.0,1222.0,1248.0,0.3762251720899922,0.5641693091875134,0.7511120483573096,0.0,1222.0,1222.0,1248.0,0.22842494274024047,0.0703289900013996,0.26519613496693273,0.0,1222.0,1222.0,1248.0,0.9093963385815409,0.22873604075407822,0.4782635682906218,0.0,1222.0,1222.0,1248.0,0.22509459307061563,0.08590527609375447,0.29309601855664036,0.0,1222.0,1222.0,1248.0,0.22509459307061563,0.08590527609375447,0.29309601855664036,0.0,1222.0,1222.0,1248.0,1.180304070490495,0.6201815357152103,0.7704763215834934,0.40520369305502046,0.16419003286542724,0.36882110733963336
SG_Weather/D,medium,top_k_15_mix,top_k_15_mix,,,,assembled_from_candidate_artifacts_no_independent_selected_method_latency,27.0,top_k_15,0.3776859504132231,1222.0,0.0,0.0,8444.0,0.0,1248.0,18120.0,3036.0,16.75496688741722,9440.574572653417,0.5210030117358397,0.0220949263502455,2265.0479658638615,39273593.7854735,6266.864749256481,0.0,1222.0,1222.0,1248.0,17.919685646203032,1214.1853160420035,34.84516201773215,0.0,1222.0,1222.0,1248.0,22.273577439357776,1768.9357139167932,42.05871745449204,0.0,1222.0,1222.0,1248.0,0.38071599654074534,0.5793953477611892,0.7611802334277928,0.0,1222.0,1222.0,1248.0,0.22923643220366888,0.07062088807896814,0.26574590886590926,0.0,1222.0,1222.0,1248.0,0.9142050672232002,0.2281078703864574,0.47760639692790696,0.0,1222.0,1222.0,1248.0,0.22632075357381776,0.08644631427907205,0.29401754076767606,0.0,1222.0,1222.0,1248.0,0.22632075357381776,0.08644631427907205,0.29401754076767606,0.0,1222.0,1222.0,1248.0,1.180304070490495,0.6201815357152103,0.7745504654942748,0.40464691164661465,0.16373912310514316,0.3678082258985624
SG_Weather/D,medium,top_k_20_mix,top_k_20_mix,,,,assembled_from_candidate_artifacts_no_independent_selected_method_latency,27.0,top_k_20,0.3776859504132231,1222.0,0.0,0.0,8444.0,0.0,1248.0,24160.0,4067.0,16.83360927152318,12530.328810038043,0.5186394375015746,0.0220949263502455,2261.0382818579483,39288976.27571289,6268.091916661154,0.0,1222.0,1222.0,1248.0,17.986448067818866,1220.1856751733958,34.93115622439938,0.0,1222.0,1222.0,1248.0,22.26380856360233,1765.3611101012161,42.01620056717666,0.0,1222.0,1222.0,1248.0,0.382436496086558,0.594880837992584,0.7712851859024547,0.0,1222.0,1222.0,1248.0,0.22972073298060852,0.07101018123944611,0.2664773559600254,0.0,1222.0,1222.0,1248.0,0.915150150968641,0.2274758730532476,0.4769443081254326,0.0,1222.0,1222.0,1248.0,0.22683627398099385,0.08693531538738974,0.294847952998473,0.0,1222.0,1222.0,1248.0,0.22683627398099385,0.08693531538738974,0.294847952998473,0.0,1222.0,1222.0,1248.0,1.180304070490495,0.6201815357152103,0.7753511775896318,0.4040859639899661,0.16328546629370022,0.3667891737391314
SG_Weather/D,long,vanilla_univariate,vanilla_univariate,4.0339305996894836e-05,0.0,0.0,measured_candidate_query_loop_precomputed_vanilla_fallback_separate_retrieval,0.0,,,622.0,0.0,0.0,8444.0,0.0,0.0,0.0,0.0,,0.0,,0.0,2325.132279341694,37754322.98898471,6144.454653505444,0.0,622.0,622.0,624.0,17.418595181014105,1080.5029178780949,32.871004211585856,0.0,622.0,622.0,624.0,23.060877541170434,1793.3282063728352,42.34770603436313,0.0,622.0,622.0,624.0,0.3528564978219596,0.36617686295003704,0.60512549355488,0.0,622.0,622.0,624.0,0.22581275577977844,0.0631317820732658,0.25126038699577335,0.0,622.0,622.0,624.0,0.9064737909955272,0.16379352803217198,0.4047141312484307,0.0,622.0,622.0,624.0,0.21461567148597402,0.05359404573470803,0.23150387844420237,0.0,622.0,622.0,624.0,0.21461567148597402,0.05359404573470803,0.23150387844420237,0.0,622.0,622.0,624.0,1.1878086823687262,0.5518559441190071,0.7631479753017452,0.3407233313376279,0.11609238851781097,0.29680486325766586
SG_Weather/D,long,top_k_1_mix,top_k_1_mix,,,,assembled_from_candidate_artifacts_no_independent_selected_method_latency,35.0,top_k_1,0.18561872909698995,622.0,0.0,0.0,8444.0,0.0,624.0,588.0,97.0,16.496598639455783,309.55580773674353,0.5264554553345978,0.05627009646302251,2263.3850179543483,33892960.109897904,5821.766064511516,0.0,622.0,622.0,624.0,17.661287941059648,1084.528303386317,32.93217732531994,0.0,622.0,622.0,624.0,22.981699995878632,1735.2264832537808,41.65604977975925,0.0,622.0,622.0,624.0,0.37528222406388934,0.4411905827892294,0.6642217873490973,0.0,622.0,622.0,624.0,0.22986438409488336,0.0649040208562674,0.25476267555563825,0.0,622.0,622.0,624.0,0.9241749772708251,0.15970260081683574,0.3996280781136828,0.0,622.0,622.0,624.0,0.22070590862686204,0.05848496527790345,0.2418366499890028,0.0,622.0,622.0,624.0,0.22070590862686204,0.05848496527790345,0.2418366499890028,0.0,622.0,622.0,624.0,1.1878086823687262,0.5518559441190071,0.7780503636560703,0.3364414522688495,0.11319285080477252,0.2893918286443175
SG_Weather/D,long,top_k_5_mix,top_k_5_mix,,,,assembled_from_candidate_artifacts_no_independent_selected_method_latency,35.0,top_k_5,0.24749163879598662,622.0,0.0,0.0,8444.0,0.0,624.0,2940.0,512.0,17.41496598639456,1522.0688438650013,0.5177104911105447,0.05627009646302251,2265.113436934573,33518892.32101076,5789.5502693223725,0.0,622.0,622.0,624.0,17.719380562448478,1090.937898702764,33.02934905054539,0.0,622.0,622.0,624.0,22.993978304987984,1736.3903986443152,41.670017982289316,0.0,622.0,622.0,624.0,0.3802124984031652,0.4853581469299022,0.6966765009169623,0.0,622.0,622.0,624.0,0.2290633695503956,0.06441778788304525,0.25380659542857675,0.0,622.0,622.0,624.0,0.9270301880002743,0.16246401949827166,0.40306825662444773,0.0,622.0,622.0,624.0,0.22024522393560722,0.0590569358215317,0.2430163283023009,0.0,622.0,622.0,624.0,0.22024522393560722,0.0590569358215317,0.2430163283023009,0.0,622.0,622.0,624.0,1.1878086823687262,0.5518559441190071,0.7804541267972483,0.33933769184162693,0.11515006910440298,0.29439570458488434
SG_Weather/D,long,top_k_10_mix,top_k_10_mix,,,,assembled_from_candidate_artifacts_no_independent_selected_method_latency,35.0,top_k_10,0.2826086956521739,622.0,0.0,0.0,8444.0,0.0,624.0,5880.0,1001.0,17.023809523809526,3048.830814411713,0.5185086419067539,0.05627009646302251,2270.207116479861,33689459.60234267,5804.262192763407,0.0,622.0,622.0,624.0,17.778491009046014,1095.1210232611868,33.09261282010211,0.0,622.0,622.0,624.0,23.03305901400829,1739.6853089370718,41.709534988262234,0.0,622.0,622.0,624.0,0.3822933975312093,0.48726443716796436,0.6980432917577278,0.0,622.0,622.0,624.0,0.23021526483758992,0.06514783327510171,0.2552407359241501,0.0,622.0,622.0,624.0,0.9291222472486295,0.16329741742353662,0.40410075157507025,0.0,622.0,622.0,624.0,0.22179373609883396,0.06025790613077906,0.24547485844945316,0.0,622.0,622.0,624.0,0.22179373609883396,0.06025790613077906,0.24547485844945316,0.0,622.0,622.0,624.0,1.1878086823687262,0.5518559441190071,0.7822154030696049,0.34020693531993146,0.11574075883978004,0.2959058775460462
SG_Weather/D,long,top_k_15_mix,top_k_15_mix,,,,assembled_from_candidate_artifacts_no_independent_selected_method_latency,35.0,top_k_15,0.3177257525083612,622.0,0.0,0.0,8444.0,0.0,624.0,8820.0,1506.0,17.07482993197279,4553.663329096739,0.5162883593080203,0.05627009646302251,2246.950282934746,32836695.05537032,5730.331147095281,0.0,622.0,622.0,624.0,17.800752681461212,1096.1664411969043,33.108404389171405,0.0,622.0,622.0,624.0,22.932925902643564,1721.0311924786063,41.485312973130696,0.0,622.0,622.0,624.0,0.383708764438255,0.4857036831719446,0.6969244458131345,0.0,622.0,622.0,624.0,0.23028783122559043,0.06547445472241345,0.2558797661449874,0.0,622.0,622.0,624.0,0.929593745846781,0.1607890249175896,0.4009850681977941,0.0,622.0,622.0,624.0,0.22173796153140343,0.060625957372480735,0.24622338916618122,0.0,622.0,622.0,624.0,0.22173796153140343,0.060625957372480735,0.24622338916618122,0.0,622.0,622.0,624.0,1.1878086823687262,0.5518559441190071,0.7826123513367377,0.33758388379360077,0.11396287859717136,0.2913605020133943
SG_Weather/D,long,top_k_20_mix,top_k_20_mix,,,,assembled_from_candidate_artifacts_no_independent_selected_method_latency,35.0,top_k_20,0.31438127090301005,622.0,0.0,0.0,8444.0,0.0,624.0,11760.0,2010.0,17.091836734693878,6056.291514610026,0.514990775051873,0.05627009646302251,2236.460528638487,32392250.22550242,5691.418999292041,0.0,622.0,622.0,624.0,17.787387741758454,1090.7050134513806,33.02582343335864,0.0,622.0,622.0,624.0,22.905597227633805,1711.794144283902,41.373834053467924,0.0,622.0,622.0,624.0,0.38314988155586305,0.4784344610145561,0.6916895698321294,0.0,622.0,622.0,624.0,0.23011928137039084,0.065340613005207,0.2556180999170579,0.0,622.0,622.0,624.0,0.9291633949856344,0.15912926007305228,0.39891009021213325,0.0,622.0,622.0,624.0,0.2216320110010564,0.060792563561355366,0.24656148028707844,0.0,622.0,622.0,624.0,0.2216320110010564,0.060792563561355366,0.24656148028707844,0.0,622.0,622.0,624.0,1.1878086823687262,0.5518559441190071,0.7822500447906293,0.33583698800435385,0.11278648251183651,0.28835289674570624
SG_PM25/H,short,vanilla_univariate,vanilla_univariate,3.566034138202667e-05,0.0,0.0,measured_candidate_query_loop_precomputed_vanilla_fallback_separate_retrieval,0.0,,,460.0,0.0,0.0,11040.0,0.0,0.0,0.0,0.0,,0.0,,0.0,40.41063927582504,2691.702810354817,51.88162305050621,0.0,460.0,460.0,460.0,4.611302260212276,5.132693494978939,2.2655448560950937,0.0,460.0,460.0,460.0,5.6813716685733695,8.132655239356888,2.851781064415164,0.0,460.0,460.0,460.0,0.497270099732301,0.11558423899017681,0.3399768212542979,0.0,460.0,460.0,460.0,0.393284742124365,0.015875195319349902,0.12599680678235423,0.0,460.0,460.0,460.0,0.8773276053246772,0.1863774222390783,0.4317145147421827,0.0,460.0,460.0,460.0,0.3910681679359832,0.02455745540583047,0.15670818550998053,0.0,460.0,460.0,460.0,0.3910681679359832,0.02455745540583047,0.15670818550998053,0.0,460.0,460.0,460.0,1.1720073818805468,0.2568254349370439,0.748568327203673,0.3683547743952554,0.13568523981977948,0.7256969010283788
SG_PM25/H,short,top_k_1_mix,top_k_1_mix,,,,assembled_from_candidate_artifacts_no_independent_selected_method_latency,0.0,top_k_1,0.37445887445887444,460.0,0.0,0.0,11040.0,0.0,460.0,460.0,460.0,100.0,211.05310284882907,0.4588110931496284,0.0,41.061866710321,2735.7757206103784,52.30464339435246,0.0,460.0,460.0,460.0,4.6618919799293295,5.188814030466992,2.277896843684321,0.0,460.0,460.0,460.0,5.732710536768035,8.19789661194975,2.8631969216157223,0.0,460.0,460.0,460.0,0.5069614211982199,0.12299924422623917,0.350712480853247,0.0,460.0,460.0,460.0,0.39684666432144305,0.016522506999338424,0.1285399043073334,0.0,460.0,460.0,460.0,0.8874512403942842,0.1894332937514726,0.4352393522551386,0.0,460.0,460.0,460.0,0.3972269835410839,0.027830557674134088,0.16682493121273598,0.0,460.0,460.0,460.0,0.3972269835410839,0.027830557674134088,0.16682493121273598,0.0,460.0,460.0,460.0,1.1720073818805468,0.2568254349370439,0.7572061866797483,0.37136229599234644,0.13790995488470711,0.7375955337052529
SG_PM25/H,short,top_k_5_mix,top_k_5_mix,,,,assembled_from_candidate_artifacts_no_independent_selected_method_latency,0.0,top_k_5,0.354978354978355,460.0,0.0,0.0,11040.0,0.0,460.0,2300.0,2300.0,100.0,1097.8556002990517,0.4773285218691529,0.0,40.21674038950403,2607.490935782311,51.06359697262142,0.0,460.0,460.0,460.0,4.613514477187308,4.933983231884084,2.221257128718799,0.0,460.0,460.0,460.0,5.682383000222426,7.927263828287219,2.8155397046192085,0.0,460.0,460.0,460.0,0.5001373652480267,0.1145445232579305,0.3384442690575961,0.0,460.0,460.0,460.0,0.39409753374486073,0.01578740499362001,0.12564794066605314,0.0,460.0,460.0,460.0,0.8783975497270362,0.18008076118725902,0.42435923601031594,0.0,460.0,460.0,460.0,0.39271116226865455,0.025731743974423526,0.16041117160105628,0.0,460.0,460.0,460.0,0.39271116226865455,0.025731743974423526,0.16041117160105628,0.0,460.0,460.0,460.0,1.1720073818805468,0.2568254349370439,0.7494812432986571,0.3620789788281107,0.1311011869092074,0.7011796212139291
SG_PM25/H,short,top_k_10_mix,top_k_10_mix,,,,assembled_from_candidate_artifacts_no_independent_selected_method_latency,0.0,top_k_10,0.3787878787878788,460.0,0.0,0.0,11040.0,0.0,460.0,4600.0,4600.0,100.0,2218.3206760000126,0.48224362521739406,0.0,40.28740270876932,2618.573620594603,51.17200035756471,0.0,460.0,460.0,460.0,4.617181166056273,4.996553914974192,2.235297276644472,0.0,460.0,460.0,460.0,5.684752171815673,7.970995453806309,2.8232951411084017,0.0,460.0,460.0,460.0,0.5012691749526427,0.11822634097207738,0.34384057493564857,0.0,460.0,460.0,460.0,0.3938979355096995,0.015806600157729285,0.1257243021763465,0.0,460.0,460.0,460.0,0.8787789538954041,0.18170948190819056,0.42627395171203053,0.0,460.0,460.0,460.0,0.3928433702732187,0.025584623023188414,0.15995193972937125,0.0,460.0,460.0,460.0,0.3928433702732187,0.025584623023188414,0.15995193972937125,0.0,460.0,460.0,460.0,1.1720073818805468,0.2568254349370439,0.7498066714267256,0.36371268500719833,0.1322869172351455,0.7075213635002052
SG_PM25/H,short,top_k_15_mix,top_k_15_mix,,,,assembled_from_candidate_artifacts_no_independent_selected_method_latency,0.0,top_k_15,0.3961038961038961,460.0,0.0,0.0,11040.0,0.0,460.0,6900.0,6900.0,100.0,3335.224081149294,0.4833658088622165,0.0,40.18711998083318,2647.10316658915,51.450006478028264,0.0,460.0,460.0,460.0,4.615185951452324,4.993976997068058,2.2347207872725527,0.0,460.0,460.0,460.0,5.675636522285631,7.974270047730658,2.8238750056846813,0.0,460.0,460.0,460.0,0.5004422760461551,0.11680911742711056,0.3417734884790079,0.0,460.0,460.0,460.0,0.3936302431547417,0.015615081385415458,0.12496031924341205,0.0,460.0,460.0,460.0,0.8781549064509266,0.1810150771381566,0.42545866677993127,0.0,460.0,460.0,460.0,0.3924405964876731,0.02521055537985221,0.15877832150470736,0.0,460.0,460.0,460.0,0.3924405964876731,0.02521055537985221,0.15877832150470736,0.0,460.0,460.0,460.0,1.1720073818805468,0.2568254349370439,0.7492742110906174,0.3630170537810613,0.13178138133588194,0.7048175628809084
SG_PM25/H,short,top_k_20_mix,top_k_20_mix,,,,assembled_from_candidate_artifacts_no_independent_selected_method_latency,0.0,top_k_20,0.38961038961038963,460.0,0.0,0.0,11040.0,0.0,460.0,9200.0,9200.0,100.0,4467.016723207615,0.4855452960008277,0.0,40.14880457053306,2630.620094866007,51.28957101464202,0.0,460.0,460.0,460.0,4.615450150033702,5.006604127401592,2.2375442179768408,0.0,460.0,460.0,460.0,5.674023386363194,7.954263181536611,2.8203303319888984,0.0,460.0,460.0,460.0,0.5016058920039828,0.11732401073938556,0.3425259271053588,0.0,460.0,460.0,460.0,0.39356631493465916,0.015799092923752485,0.12569444269239785,0.0,460.0,460.0,460.0,0.8782165842385875,0.18138137708524568,0.4258889257602805,0.0,460.0,460.0,460.0,0.3928997134945207,0.025913071920302778,0.16097537675154786,0.0,460.0,460.0,460.0,0.3928997134945207,0.025913071920302778,0.16097537675154786,0.0,460.0,460.0,460.0,1.1720073818805468,0.2568254349370439,0.7493268368578391,0.3633841666397353,0.1320480525644549,0.7062438232790612
SG_PM25/H,medium,vanilla_univariate,vanilla_univariate,2.1480023860931396e-05,0.0,0.0,measured_candidate_query_loop_precomputed_vanilla_fallback_separate_retrieval,0.0,,,150.0,0.0,0.0,10800.0,0.0,0.0,0.0,0.0,,0.0,,0.0,46.398989663363,2808.7271094142343,52.99742549798277,0.0,150.0,150.0,150.0,4.89496596565953,5.240718859147531,2.2892616406054445,0.0,150.0,150.0,150.0,6.231125805442396,7.572060860112847,2.751737789127599,0.0,150.0,150.0,150.0,0.5166780538325942,0.04572154117196553,0.21382596000477944,0.0,150.0,150.0,150.0,0.4148736161929918,0.01015459917717361,0.1007700311460387,0.0,150.0,150.0,150.0,0.9303932258723374,0.1819080236295503,0.4265067685624113,0.0,150.0,150.0,150.0,0.400578705277693,0.007490574667806235,0.08654810609023304,0.0,150.0,150.0,150.0,0.400578705277693,0.007490574667806235,0.08654810609023304,0.0,150.0,150.0,150.0,1.1852409592075988,0.20283745879242823,0.7849823435855258,0.359848151761103,0.12949069232588184,0.8968167157709471
SG_PM25/H,medium,top_k_1_mix,top_k_1_mix,,,,assembled_from_candidate_artifacts_no_independent_selected_method_latency,0.0,top_k_1,0.26973684210526316,150.0,0.0,0.0,10800.0,0.0,150.0,150.0,150.0,100.0,67.84277876404279,0.45228519176028525,0.0,46.77460099410216,2676.805122259204,51.73784999648907,0.0,150.0,150.0,150.0,4.9461853112114795,5.081503098753096,2.2542189553708165,0.0,150.0,150.0,150.0,6.280287837938373,7.332585666745499,2.707874750933931,0.0,150.0,150.0,150.0,0.5278737303584056,0.04977859940992222,0.22311118172319877,0.0,150.0,150.0,150.0,0.4180739584148433,0.009822986366079287,0.09911098004802135,0.0,150.0,150.0,150.0,0.9401024171033555,0.17628891233392138,0.4198677319512913,0.0,150.0,150.0,150.0,0.4061835217711284,0.00802662530478293,0.08959143544325501,0.0,150.0,150.0,150.0,0.4061835217711284,0.00802662530478293,0.08959143544325501,0.0,150.0,150.0,150.0,1.1852409592075988,0.20283745879242823,0.7931740881886732,0.3542467282197173,0.12549074445437425,0.8691141832649607
SG_PM25/H,medium,top_k_5_mix,top_k_5_mix,,,,assembled_from_candidate_artifacts_no_independent_selected_method_latency,0.0,top_k_5,0.23026315789473684,150.0,0.0,0.0,10800.0,0.0,150.0,750.0,750.0,100.0,357.7396345449038,0.4769861793932051,0.0,46.41061872610691,2668.147320464662,51.65411232868746,0.0,150.0,150.0,150.0,4.911893970657278,5.063021518598342,2.250115890037298,0.0,150.0,150.0,150.0,6.248535256738315,7.366425871405162,2.714116038677264,0.0,150.0,150.0,150.0,0.5216174467763881,0.047716891197121886,0.2184419629950296,0.0,150.0,150.0,150.0,0.41612371203358656,0.009900944417128302,0.09950348947212004,0.0,150.0,150.0,150.0,0.9337793626068545,0.17570400954180604,0.4191706210385051,0.0,150.0,150.0,150.0,0.40306021285444543,0.007893207156388339,0.08884372322448186,0.0,150.0,150.0,150.0,0.40306021285444543,0.007893207156388339,0.08884372322448186,0.0,150.0,150.0,150.0,1.1852409592075988,0.20283745879242823,0.7878392620106035,0.3536585685654541,0.12507438311976596,0.8662305798339303
SG_PM25/H,medium,top_k_10_mix,top_k_10_mix,,,,assembled_from_candidate_artifacts_no_independent_selected_method_latency,0.0,top_k_10,0.2894736842105263,150.0,0.0,0.0,10800.0,0.0,150.0,1500.0,1500.0,100.0,711.9840693055606,0.4746560462037071,0.0,46.41930274600519,2671.098095529929,51.68266726408312,0.0,150.0,150.0,150.0,4.909612324193671,5.106657245647293,2.259791416402694,0.0,150.0,150.0,150.0,6.246858054193157,7.396067196767282,2.7195711420676756,0.0,150.0,150.0,150.0,0.522231242447613,0.0496522669348978,0.22282788634930278,0.0,150.0,150.0,150.0,0.41583123000855293,0.010129692840070217,0.10064637519588183,0.0,150.0,150.0,150.0,0.9331001905635344,0.17651978228375137,0.4201425737577083,0.0,150.0,150.0,150.0,0.4028371761094794,0.008138880261598338,0.09021574287006863,0.0,150.0,150.0,150.0,0.4028371761094794,0.008138880261598338,0.09021574287006863,0.0,150.0,150.0,150.0,1.1852409592075988,0.20283745879242823,0.7872662375651995,0.354478615081441,0.12565508855005642,0.8702523850113464
SG_PM25/H,medium,top_k_15_mix,top_k_15_mix,,,,assembled_from_candidate_artifacts_no_independent_selected_method_latency,0.0,top_k_15,0.32894736842105265,150.0,0.0,0.0,10800.0,0.0,150.0,2250.0,2250.0,100.0,1070.2762006334428,0.4756783113926413,0.0,46.20074739477575,2619.2123111153696,51.178240601991874,0.0,150.0,150.0,150.0,4.901704087522296,5.044413442062025,2.2459771686421983,0.0,150.0,150.0,150.0,6.234375918913088,7.33330429645234,2.7080074402505505,0.0,150.0,150.0,150.0,0.5218512447339467,0.04954086653598958,0.22257777637488785,0.0,150.0,150.0,150.0,0.4152093946019684,0.009952798490638477,0.09976371329616032,0.0,150.0,150.0,150.0,0.9316065302215846,0.1747958941872461,0.4180859889870098,0.0,150.0,150.0,150.0,0.4023404725242986,0.008101379173228168,0.09000766174736553,0.0,150.0,150.0,150.0,0.4023404725242986,0.008101379173228168,0.09000766174736553,0.0,150.0,150.0,150.0,1.1852409592075988,0.20283745879242823,0.7860060209566304,0.35274345333671575,0.12442794387191175,0.8617535204191341
SG_PM25/H,medium,top_k_20_mix,top_k_20_mix,,,,assembled_from_candidate_artifacts_no_independent_selected_method_latency,0.0,top_k_20,0.3223684210526316,150.0,0.0,0.0,10800.0,0.0,150.0,3000.0,3000.0,100.0,1424.3661216179687,0.4747887072059896,0.0,46.18759509832083,2572.174798675846,50.71661264985908,0.0,150.0,150.0,150.0,4.904664348584635,4.983954820659534,2.232477283346806,0.0,150.0,150.0,150.0,6.238079696161712,7.273956802655824,2.6970274011688913,0.0,150.0,150.0,150.0,0.5220574071400127,0.04952371681787308,0.22253924781456658,0.0,150.0,150.0,150.0,0.4155700573598278,0.009834100423423581,0.0991670329465573,0.0,150.0,150.0,150.0,0.9323065930232141,0.1728391402183282,0.41573926951675877,0.0,150.0,150.0,150.0,0.40298283441010674,0.00820688055918273,0.09059183494765259,0.0,150.0,150.0,150.0,0.40298283441010674,0.00820688055918273,0.09059183494765259,0.0,150.0,150.0,150.0,1.1852409592075988,0.20283745879242823,0.7865966711499021,0.3507635019588795,0.12303503430645686,0.8521066140707346
SG_PM25/H,long,vanilla_univariate,vanilla_univariate,1.7819926142692566e-05,0.0,0.0,measured_candidate_query_loop_precomputed_vanilla_fallback_separate_retrieval,0.0,,,65.0,0.0,0.0,10920.0,0.0,0.0,0.0,0.0,,0.0,,0.0,48.43700964908974,1464.6699588755466,38.27100676589978,0.0,65.0,65.0,65.0,5.041115001095083,2.7880602037772153,1.6697485450741423,0.0,65.0,65.0,65.0,6.560384857325095,5.398360172869322,2.323437146313479,0.0,65.0,65.0,65.0,0.5431486616131889,0.021601156735465057,0.14697331980827355,0.0,65.0,65.0,65.0,0.42531358192587193,0.00559640287059565,0.07480910954286014,0.0,65.0,65.0,65.0,0.9583690716461833,0.09537112291267684,0.3088221541804876,0.0,65.0,65.0,65.0,0.4111735190040154,0.00387916857675209,0.06228297180411425,0.0,65.0,65.0,65.0,0.4111735190040154,0.00387916857675209,0.06228297180411425,0.0,65.0,65.0,65.0,1.2909773955323274,0.12490674689861864,0.7423592968883899,0.23921577190214588,0.05722418552673948,0.7635386020427337
SG_PM25/H,long,top_k_1_mix,top_k_1_mix,,,,assembled_from_candidate_artifacts_no_independent_selected_method_latency,0.0,top_k_1,0.19402985074626866,65.0,0.0,0.0,10920.0,0.0,65.0,65.0,65.0,100.0,32.28909592842613,0.4967553219757866,0.0,48.18535515351813,1353.572866866583,36.79093457451962,0.0,65.0,65.0,65.0,5.050581984576725,2.6920109580752323,1.6407348835431128,0.0,65.0,65.0,65.0,6.557005256569391,5.191037218839517,2.2783847828756927,0.0,65.0,65.0,65.0,0.5495309361271115,0.022865368225106906,0.15121298960442156,0.0,65.0,65.0,65.0,0.4260098870744213,0.005396866455723936,0.07346336812128842,0.0,65.0,65.0,65.0,0.9602654741023349,0.09242212041936528,0.30401006631255695,0.0,65.0,65.0,65.0,0.41255247974346426,0.0038974870042677626,0.06242985667345203,0.0,65.0,65.0,65.0,0.41255247974346426,0.0038974870042677626,0.06242985667345203,0.0,65.0,65.0,65.0,1.2909773955323274,0.12490674689861864,0.7438282633185647,0.23548829542999092,0.05545473728452268,0.7399289687240056
SG_PM25/H,long,top_k_5_mix,top_k_5_mix,,,,assembled_from_candidate_artifacts_no_independent_selected_method_latency,0.0,top_k_5,0.19402985074626866,65.0,0.0,0.0,10920.0,0.0,65.0,325.0,325.0,100.0,170.6930624032051,0.5252094227790925,0.0,48.305422962184466,1409.4666637726298,37.542864352265795,0.0,65.0,65.0,65.0,5.048808368745741,2.754609191849713,1.6597015369787764,0.0,65.0,65.0,65.0,6.557544665100893,5.304030927391281,2.303048181734651,0.0,65.0,65.0,65.0,0.5468876176619478,0.023393852967796447,0.15295049188478096,0.0,65.0,65.0,65.0,0.4258488838652577,0.005614783245050859,0.07493185734419545,0.0,65.0,65.0,65.0,0.9597390722951568,0.09417427556583445,0.30687827483520963,0.0,65.0,65.0,65.0,0.41223755845996557,0.004048530913550063,0.06362806702666728,0.0,65.0,65.0,65.0,0.41223755845996557,0.004048530913550063,0.06362806702666728,0.0,65.0,65.0,65.0,1.2909773955323274,0.12490674689861864,0.7434205088458684,0.2377100295460015,0.056506058146760914,0.7539566749126179
SG_PM25/H,long,top_k_10_mix,top_k_10_mix,,,,assembled_from_candidate_artifacts_no_independent_selected_method_latency,0.0,top_k_10,0.19402985074626866,65.0,0.0,0.0,10920.0,0.0,65.0,650.0,650.0,100.0,320.74240363616155,0.49344985174794087,0.0,48.31841719704475,1423.628252822335,37.7309985664617,0.0,65.0,65.0,65.0,5.045463060153709,2.779232697502349,1.6671030854456328,0.0,65.0,65.0,65.0,6.556757187464419,5.327352381678432,2.3081057994984615,0.0,65.0,65.0,65.0,0.5453391688616698,0.023146738299345215,0.1521405215560444,0.0,65.0,65.0,65.0,0.4255034944635013,0.005596390696258936,0.07480902817346938,0.0,65.0,65.0,65.0,0.9589911993819606,0.09463133729913496,0.30762206894033944,0.0,65.0,65.0,65.0,0.4116731027746308,0.0039769583541265545,0.06306312991064235,0.0,65.0,65.0,65.0,0.4116731027746308,0.0039769583541265545,0.06306312991064235,0.0,65.0,65.0,65.0,1.2909773955323274,0.12490674689861864,0.7428412013260123,0.23828617759298037,0.056780302431873396,0.7576158986507198
SG_PM25/H,long,top_k_15_mix,top_k_15_mix,,,,assembled_from_candidate_artifacts_no_independent_selected_method_latency,0.0,top_k_15,0.23880597014925373,65.0,0.0,0.0,10920.0,0.0,65.0,975.0,975.0,100.0,484.6065808987774,0.4970323906654127,0.0,48.31843060639224,1402.1914109604304,37.445846377941976,0.0,65.0,65.0,65.0,5.050180223049261,2.7496022210823985,1.6581924559840449,0.0,65.0,65.0,65.0,6.5614548943112965,5.265740276310575,2.2947200867013335,0.0,65.0,65.0,65.0,0.5464290042600916,0.023051268767792784,0.1518264429135873,0.0,65.0,65.0,65.0,0.4259761571629745,0.005497263925646049,0.07414353596670481,0.0,65.0,65.0,65.0,0.9599753951903798,0.09377772932237353,0.3062314962938553,0.0,65.0,65.0,65.0,0.41223306347305017,0.0039372154364933284,0.06274723449279122,0.0,65.0,65.0,65.0,0.41223306347305017,0.0039372154364933284,0.06274723449279122,0.0,65.0,65.0,65.0,1.2909773955323274,0.12490674689861864,0.7436035661914431,0.23720903042425653,0.056268124114815875,0.7507819365313295
SG_PM25/H,long,top_k_20_mix,top_k_20_mix,,,,assembled_from_candidate_artifacts_no_independent_selected_method_latency,0.0,top_k_20,0.208955223880597,65.0,0.0,0.0,10920.0,0.0,65.0,1300.0,1300.0,100.0,641.5973882095234,0.49353645246886413,0.0,48.1856181533784,1385.5929790705095,37.223554089722676,0.0,65.0,65.0,65.0,5.044464249750633,2.7122354426497077,1.6468865907067516,0.0,65.0,65.0,65.0,6.555526907619037,5.2106851168612005,2.2826925147424477,0.0,65.0,65.0,65.0,0.545771571995085,0.022772158847802034,0.15090446927709608,0.0,65.0,65.0,65.0,0.425636603725422,0.005419169640987657,0.07361500961752064,0.0,65.0,65.0,65.0,0.9589695461716776,0.09256712282308271,0.30424845574477893,0.0,65.0,65.0,65.0,0.41196403819269256,0.0038945692934955287,0.06240648438660464,0.0,65.0,65.0,65.0,0.41196403819269256,0.0038945692934955287,0.06240648438660464,0.0,65.0,65.0,65.0,1.2909773955323274,0.12490674689861864,0.7428244285998918,0.23567295352938675,0.0555417410252645,0.741089854002966
NE_China_Wind/H,short,vanilla_univariate,vanilla_univariate,1.8538907170295715e-05,0.0,0.0,measured_candidate_query_loop_precomputed_vanilla_fallback_separate_retrieval,0.0,,,120.0,0.0,0.0,2880.0,0.0,0.0,0.0,0.0,,0.0,,0.0,0.10410787321138033,0.030862055268205717,0.17567599513936363,0.0,120.0,120.0,120.0,0.21725422099391126,0.03178776926062228,0.1782912484128772,0.0,120.0,120.0,120.0,0.2529515460813385,0.04012338854644082,0.20030823384584273,0.0,120.0,120.0,120.0,0.8451229149615332,3.2610188597239267,1.80582913359042,0.0,120.0,120.0,120.0,0.5000625834600666,0.2668722426745397,0.5165967892607731,0.0,120.0,120.0,120.0,0.510068111026166,0.14762116468406516,0.3842149979946972,0.0,120.0,120.0,120.0,0.43790041931277357,0.2435834229665268,0.493541713502037,0.0,120.0,120.0,120.0,0.43790041931277357,0.2435834229665268,0.493541713502037,0.0,120.0,120.0,120.0,0.8322078490336116,0.39953287968674783,0.6129095172780149,0.46168153597789413,0.2131498406629075,0.3694843958770226
NE_China_Wind/H,short,top_k_1_mix,top_k_1_mix,,,,assembled_from_candidate_artifacts_no_independent_selected_method_latency,0.0,top_k_1,0.4344262295081967,120.0,0.0,0.0,2880.0,0.0,120.0,120.0,120.0,100.0,65.90241722294404,0.5491868101912003,0.0,0.11218833338203976,0.04281623336136295,0.20692083839324388,0.0,120.0,120.0,120.0,0.22182619396666675,0.036055505018774095,0.18988287184149627,0.0,120.0,120.0,120.0,0.25876467349785776,0.045229177131586855,0.21267152402610665,0.0,120.0,120.0,120.0,0.8429315028142699,2.7635825345170706,1.662402639109151,0.0,120.0,120.0,120.0,0.512750266458903,0.28310896715914624,0.5320798503600247,0.0,120.0,120.0,120.0,0.5219478631124291,0.17816868703362487,0.4221003281610012,0.0,120.0,120.0,120.0,0.45261435869272676,0.25103260524947435,0.5010315411722842,0.0,120.0,120.0,120.0,0.45261435869272676,0.25103260524947435,0.5010315411722842,0.0,120.0,120.0,120.0,0.8322078490336116,0.39953287968674783,0.6271844993033087,0.5072054158719587,0.25725733388984656,0.44594248957261623
NE_China_Wind/H,short,top_k_5_mix,top_k_5_mix,,,,assembled_from_candidate_artifacts_no_independent_selected_method_latency,0.0,top_k_5,0.36885245901639346,120.0,0.0,0.0,2880.0,0.0,120.0,600.0,600.0,100.0,334.86103360706903,0.5581017226784484,0.0,0.11281630691746974,0.03829118232293268,0.19568132849848674,0.0,120.0,120.0,120.0,0.22806735362553607,0.03432610269448696,0.18527304902356131,0.0,120.0,120.0,120.0,0.26527421173423243,0.04244589950625135,0.2060240265266441,0.0,120.0,120.0,120.0,0.7984511571957366,2.5162355341566385,1.5862646482086897,0.0,120.0,120.0,120.0,0.5161013026139812,0.2651781682258101,0.5149545302507883,0.0,120.0,120.0,120.0,0.5437800573105285,0.16304823278599379,0.4037923139263473,0.0,120.0,120.0,120.0,0.4335072367174398,0.18922697535957725,0.4350022705223241,0.0,120.0,120.0,120.0,0.4335072367174398,0.18922697535957725,0.4350022705223241,0.0,120.0,120.0,120.0,0.8322078490336116,0.39953287968674783,0.6534185635739733,0.4852060869111543,0.23542494677563458,0.4080971581458605
NE_China_Wind/H,short,top_k_10_mix,top_k_10_mix,,,,assembled_from_candidate_artifacts_no_independent_selected_method_latency,0.0,top_k_10,0.36885245901639346,120.0,0.0,0.0,2880.0,0.0,120.0,1200.0,1200.0,100.0,666.7898787740338,0.5556582323116949,0.0,0.11710657264625747,0.040704301104452334,0.20175306962832643,0.0,120.0,120.0,120.0,0.23405502257163685,0.03536752836956195,0.18806256504036617,0.0,120.0,120.0,120.0,0.2712744640547618,0.04351673779805921,0.20860665808659898,0.0,120.0,120.0,120.0,0.7952585864794395,2.5595547464548627,1.5998608522164866,0.0,120.0,120.0,120.0,0.5259248997951448,0.26836249879053525,0.5180371596618676,0.0,120.0,120.0,120.0,0.5557902445947689,0.16896761981563876,0.41105671119158094,0.0,120.0,120.0,120.0,0.438236674404082,0.19273349682979343,0.43901423306060755,0.0,120.0,120.0,120.0,0.438236674404082,0.19273349682979343,0.43901423306060755,0.0,120.0,120.0,120.0,0.8322078490336116,0.39953287968674783,0.6678502795187184,0.4939351529415568,0.24397193531139907,0.4229129275871291
NE_China_Wind/H,short,top_k_15_mix,top_k_15_mix,,,,assembled_from_candidate_artifacts_no_independent_selected_method_latency,0.0,top_k_15,0.4262295081967213,120.0,0.0,0.0,2880.0,0.0,120.0,1800.0,1800.0,100.0,992.8167206066536,0.5515648447814742,0.0,0.12843990497202062,0.04356261475099322,0.20871658954427466,0.0,120.0,120.0,120.0,0.2502669590185784,0.03838556125806811,0.19592233476065996,0.0,120.0,120.0,120.0,0.2869745228357211,0.04608552821523082,0.21467540197989807,0.0,120.0,120.0,120.0,0.7939190599023321,2.4747785333754297,1.5731428839668156,0.0,120.0,120.0,120.0,0.5432842420493027,0.2674884311755864,0.5171928375138102,0.0,120.0,120.0,120.0,0.5947194381749985,0.18830380133786193,0.4339398591255036,0.0,120.0,120.0,120.0,0.4482327860850724,0.18779170590440808,0.4333494039506782,0.0,120.0,120.0,120.0,0.4482327860850724,0.18779170590440808,0.4333494039506782,0.0,120.0,120.0,120.0,0.8322078490336116,0.39953287968674783,0.7146284895841912,0.521432067276714,0.2718914007844676,0.4713098994142879
NE_China_Wind/H,short,top_k_20_mix,top_k_20_mix,,,,assembled_from_candidate_artifacts_no_independent_selected_method_latency,0.0,top_k_20,0.4016393442622951,120.0,0.0,0.0,2880.0,0.0,120.0,2400.0,2400.0,100.0,1316.960497138532,0.5487335404743884,0.0,0.13083239558353044,0.04223794202073742,0.2055187145267735,0.0,120.0,120.0,120.0,0.25520586580160953,0.0385807125657208,0.19641973568285037,0.0,120.0,120.0,120.0,0.29126564533075044,0.04599671943359193,0.21446845789903915,0.0,120.0,120.0,120.0,0.8018511746933326,2.4759072684430943,1.5735015946744682,0.0,120.0,120.0,120.0,0.5461646961205683,0.2660401493473883,0.5157907999832765,0.0,120.0,120.0,120.0,0.6085077324304984,0.19191321219388086,0.438079002228914,0.0,120.0,120.0,120.0,0.4520108679294228,0.19229996170581828,0.4385201953226536,0.0,120.0,120.0,120.0,0.4520108679294228,0.19229996170581828,0.4385201953226536,0.0,120.0,120.0,120.0,0.8322078490336116,0.39953287968674783,0.7311968195651105,0.526405756371592,0.277103020341148,0.480343976556697
NE_China_Wind/H,medium,vanilla_univariate,vanilla_univariate,1.5700235962867737e-05,0.0,0.0,measured_candidate_query_loop_precomputed_vanilla_fallback_separate_retrieval,0.0,,,40.0,0.0,0.0,2880.0,0.0,0.0,0.0,0.0,,0.0,,0.0,0.24626782556365212,0.10942726863797177,0.3307979271972117,0.0,40.0,40.0,40.0,0.3567769143647942,0.060111216457375286,0.24517588881734534,0.0,40.0,40.0,40.0,0.41210452311539675,0.07643768759148356,0.27647366527661105,0.0,40.0,40.0,40.0,0.9195158746899506,1.2262586216491909,1.1073656223890964,0.0,40.0,40.0,40.0,0.7284767075575175,0.29896099890383077,0.546773260962742,0.0,40.0,40.0,40.0,0.889811358229547,0.39434735609168403,0.6279708242360341,0.0,40.0,40.0,40.0,0.5354172754109922,0.1431794859051836,0.3783906525076744,0.0,40.0,40.0,40.0,0.5354172754109922,0.1431794859051836,0.3783906525076744,0.0,40.0,40.0,40.0,1.092497259593467,0.5857512612541707,0.8144746821247477,0.5748031116066237,0.3303986171126566,0.6732334732789723
NE_China_Wind/H,medium,top_k_1_mix,top_k_1_mix,,,,assembled_from_candidate_artifacts_no_independent_selected_method_latency,0.0,top_k_1,0.40476190476190477,40.0,0.0,0.0,2880.0,0.0,40.0,40.0,40.0,100.0,22.3138260312942,0.557845650782355,0.0,0.2538692759839868,0.11244293408894201,0.33532511699683637,0.0,40.0,40.0,40.0,0.3613479200754631,0.058901549114625085,0.24269641347705384,0.0,40.0,40.0,40.0,0.42112160769017215,0.07652586752043147,0.2766330918751975,0.0,40.0,40.0,40.0,0.9925280585919486,1.2590099337501859,1.1220561188060898,0.0,40.0,40.0,40.0,0.7273628970972814,0.31637553184021155,0.5624726943063206,0.0,40.0,40.0,40.0,0.9029763347269892,0.39258413351417587,0.6265653465634498,0.0,40.0,40.0,40.0,0.560579360928845,0.17515901004288634,0.4185200234670814,0.0,40.0,40.0,40.0,0.560579360928845,0.17515901004288634,0.4185200234670814,0.0,40.0,40.0,40.0,1.092497259593467,0.5857512612541707,0.826525034088414,0.5735166299607957,0.3289213248415882,0.6702232832987871
NE_China_Wind/H,medium,top_k_5_mix,top_k_5_mix,,,,assembled_from_candidate_artifacts_no_independent_selected_method_latency,0.0,top_k_5,0.40476190476190477,40.0,0.0,0.0,2880.0,0.0,40.0,200.0,200.0,100.0,110.03177417182465,0.5501588708591233,0.0,0.2562226227924521,0.1197207882489281,0.3460069193656799,0.0,40.0,40.0,40.0,0.3635288727801809,0.06227339864106074,0.2495463857503465,0.0,40.0,40.0,40.0,0.4211441080163816,0.07886026307553853,0.28082069559692097,0.0,40.0,40.0,40.0,0.9845480574000908,1.251987766847336,1.1189225919818298,0.0,40.0,40.0,40.0,0.7424510616600577,0.3230572071637645,0.5683812164065281,0.0,40.0,40.0,40.0,0.9083395738278618,0.4278644640480115,0.6541134947759536,0.0,40.0,40.0,40.0,0.5559636486266342,0.16114950155469723,0.4014343054033838,0.0,40.0,40.0,40.0,0.5559636486266342,0.16114950155469723,0.4014343054033838,0.0,40.0,40.0,40.0,1.092497259593467,0.5857512612541707,0.8314341897442079,0.5987323895158859,0.35848047425540247,0.7304541916510726
NE_China_Wind/H,medium,top_k_10_mix,top_k_10_mix,,,,assembled_from_candidate_artifacts_no_independent_selected_method_latency,0.0,top_k_10,0.4523809523809524,40.0,0.0,0.0,2880.0,0.0,40.0,400.0,400.0,100.0,224.40255983874857,0.5610063995968715,0.0,0.25588317977867026,0.11247021244307136,0.3353657890171139,0.0,40.0,40.0,40.0,0.3667379733137447,0.060251311742184246,0.2454614261797243,0.0,40.0,40.0,40.0,0.42325197653364804,0.07674094413903047,0.2770215589787742,0.0,40.0,40.0,40.0,0.9732896863749321,1.1804056396976077,1.0864647438815527,0.0,40.0,40.0,40.0,0.7363670916348519,0.3032125599387056,0.5506474007372646,0.0,40.0,40.0,40.0,0.907439615314298,0.4163071682219394,0.6452186979791731,0.0,40.0,40.0,40.0,0.5533065391171148,0.14940671090849206,0.38653164282952573,0.0,40.0,40.0,40.0,0.5533065391171148,0.14940671090849206,0.38653164282952573,0.0,40.0,40.0,40.0,1.092497259593467,0.5857512612541707,0.8306104270247493,0.5905906786615353,0.34879734972189275,0.7107234687477597
NE_China_Wind/H,medium,top_k_15_mix,top_k_15_mix,,,,assembled_from_candidate_artifacts_no_independent_selected_method_latency,0.0,top_k_15,0.4523809523809524,40.0,0.0,0.0,2880.0,0.0,40.0,600.0,600.0,100.0,331.14471509319196,0.5519078584886533,0.0,0.2670480799933862,0.1244413232271191,0.35276241753780846,0.0,40.0,40.0,40.0,0.3754878162349794,0.06491304078268745,0.2547803775464026,0.0,40.0,40.0,40.0,0.4313924029317791,0.08094867468613184,0.2845148057415147,0.0,40.0,40.0,40.0,0.9747046861131882,1.2095858618501105,1.0998117392763684,0.0,40.0,40.0,40.0,0.7427033378801816,0.29143326737684855,0.5398455958668632,0.0,40.0,40.0,40.0,0.9253179172755654,0.4311807801479842,0.656643571618564,0.0,40.0,40.0,40.0,0.5577532090838213,0.1427236496638244,0.3777878368394414,0.0,40.0,40.0,40.0,0.5577532090838213,0.1427236496638244,0.3777878368394414,0.0,40.0,40.0,40.0,1.092497259593467,0.5857512612541707,0.8469750465277036,0.6010482551351296,0.3612590050009838,0.7361158373347235
NE_China_Wind/H,medium,top_k_20_mix,top_k_20_mix,,,,assembled_from_candidate_artifacts_no_independent_selected_method_latency,0.0,top_k_20,0.42857142857142855,40.0,0.0,0.0,2880.0,0.0,40.0,800.0,800.0,100.0,434.29902195144473,0.5428737774393059,0.0,0.27673914235949093,0.13334976032763057,0.3651708645656586,0.0,40.0,40.0,40.0,0.3829387983138278,0.06792720099215013,0.26062847310328574,0.0,40.0,40.0,40.0,0.43840072090717525,0.08454395026755995,0.2907644240060327,0.0,40.0,40.0,40.0,0.9751277387434069,1.191705591662977,1.0916526882039805,0.0,40.0,40.0,40.0,0.7516726689887865,0.2944142969982716,0.5425995733487741,0.0,40.0,40.0,40.0,0.9420963255011007,0.43953959634481005,0.6629778249269052,0.0,40.0,40.0,40.0,0.5620574262770505,0.1401725543405294,0.37439625310695807,0.0,40.0,40.0,40.0,0.5620574262770505,0.1401725543405294,0.37439625310695807,0.0,40.0,40.0,40.0,1.092497259593467,0.5857512612541707,0.8623328957838003,0.6068462132102813,0.36826232648765816,0.7503860860729482
NE_China_Wind/H,long,vanilla_univariate,vanilla_univariate,1.3850629329681396e-05,0.0,0.0,measured_candidate_query_loop_precomputed_vanilla_fallback_separate_retrieval,0.0,,,16.0,0.0,0.0,2688.0,0.0,0.0,0.0,0.0,,0.0,,0.0,0.3431547625786265,0.0678835150779688,0.26054465083353523,0.0,16.0,16.0,16.0,0.44734642355702126,0.02831282720458956,0.1682641590018194,0.0,16.0,16.0,16.0,0.5445548187168245,0.046614811990912816,0.21590463633491713,0.0,16.0,16.0,16.0,1.1506675425806392,1.4940590665345024,1.222317089193513,0.0,16.0,16.0,16.0,0.858143953846378,0.3233180894213182,0.568610665940517,0.0,16.0,16.0,16.0,1.184444580234607,0.352765888283691,0.5939409804717056,0.0,16.0,16.0,16.0,0.6219683829954499,0.11908922944883957,0.3450930736031072,0.0,16.0,16.0,16.0,0.6219683829954499,0.11908922944883957,0.3450930736031072,0.0,16.0,16.0,16.0,1.3310720643183538,0.6787319478156216,0.8898425652416986,0.4462124902124399,0.19910558642158677,0.5197425720404136
NE_China_Wind/H,long,top_k_1_mix,top_k_1_mix,,,,assembled_from_candidate_artifacts_no_independent_selected_method_latency,0.0,top_k_1,0.3888888888888889,16.0,0.0,0.0,2688.0,0.0,16.0,16.0,16.0,100.0,11.075553909295085,0.6922221193309428,0.0,0.34175172103784235,0.06794479220495347,0.2606622185990012,0.0,16.0,16.0,16.0,0.43661831066943013,0.029743603194443052,0.17246333869678812,0.0,16.0,16.0,16.0,0.537812908685682,0.052508996288888596,0.2291484154186727,0.0,16.0,16.0,16.0,1.154670237401172,0.9748737436020293,0.9873569484244435,0.0,16.0,16.0,16.0,0.8268802813783371,0.2749041364930412,0.5243130138505444,0.0,16.0,16.0,16.0,1.1377026346059929,0.3560072987317434,0.5966634719268001,0.0,16.0,16.0,16.0,0.6070048282876472,0.10798968758433186,0.32861784428775603,0.0,16.0,16.0,16.0,0.6070048282876472,0.10798968758433186,0.32861784428775603,0.0,16.0,16.0,16.0,1.3310720643183538,0.6787319478156216,0.854726550953959,0.448257827597301,0.2009350800022516,0.524518257726765
NE_China_Wind/H,long,top_k_5_mix,top_k_5_mix,,,,assembled_from_candidate_artifacts_no_independent_selected_method_latency,0.0,top_k_5,0.2777777777777778,16.0,0.0,0.0,2688.0,0.0,16.0,80.0,80.0,100.0,45.50899629651934,0.5688624537064918,0.0,0.3287650170469145,0.052903724898715775,0.23000809746336273,0.0,16.0,16.0,16.0,0.44173977917965945,0.023053424205483918,0.15183354110829372,0.0,16.0,16.0,16.0,0.5389776877159302,0.038268069191303676,0.19562226149215145,0.0,16.0,16.0,16.0,1.1687990796590029,1.166830402430276,1.0801992420059718,0.0,16.0,16.0,16.0,0.8357163196950568,0.3170600770110066,0.5630808796354273,0.0,16.0,16.0,16.0,1.1951476028794552,0.37920664608226773,0.6157975690779136,0.0,16.0,16.0,16.0,0.6100162020523805,0.10854079235863841,0.32945529644951593,0.0,16.0,16.0,16.0,0.6100162020523805,0.10854079235863841,0.32945529644951593,0.0,16.0,16.0,16.0,1.3310720643183538,0.6787319478156216,0.8978834692105826,0.46263277968594846,0.2140290888399473,0.5586986840720803
NE_China_Wind/H,long,top_k_10_mix,top_k_10_mix,,,,assembled_from_candidate_artifacts_no_independent_selected_method_latency,0.0,top_k_10,0.3333333333333333,16.0,0.0,0.0,2688.0,0.0,16.0,160.0,160.0,100.0,88.1752095130804,0.5510950594567525,0.0,0.3351848626308066,0.05281238552497583,0.2298094548206749,0.0,16.0,16.0,16.0,0.44657750990020195,0.024739972759957336,0.15728945533619645,0.0,16.0,16.0,16.0,0.5439982962683765,0.03925071628791037,0.19811793530094737,0.0,16.0,16.0,16.0,1.2093546607721746,1.1692952397597582,1.0813395580296497,0.0,16.0,16.0,16.0,0.8400853845755017,0.3143376994639066,0.5606582733393904,0.0,16.0,16.0,16.0,1.1992786581948427,0.36781749311134215,0.6064795900204245,0.0,16.0,16.0,16.0,0.6138964214580676,0.10632411335620741,0.3260737851410435,0.0,16.0,16.0,16.0,0.6138964214580676,0.10632411335620741,0.3260737851410435,0.0,16.0,16.0,16.0,1.3310720643183538,0.6787319478156216,0.900987024176634,0.45563242312579416,0.20760090500348274,0.5419186385657807
NE_China_Wind/H,long,top_k_15_mix,top_k_15_mix,,,,assembled_from_candidate_artifacts_no_independent_selected_method_latency,0.0,top_k_15,0.3333333333333333,16.0,0.0,0.0,2688.0,0.0,16.0,240.0,240.0,100.0,129.82795052761736,0.5409497938650724,0.0,0.3372839378006859,0.0545396329275122,0.23353721957647822,0.0,16.0,16.0,16.0,0.4485296526181628,0.02662956200920849,0.1631856672909986,0.0,16.0,16.0,16.0,0.5440121939468103,0.04133467063786393,0.20330929796215405,0.0,16.0,16.0,16.0,1.2328977730956439,1.2830213896127585,1.132705341036564,0.0,16.0,16.0,16.0,0.8383542381115426,0.3235328565238538,0.5687994870987964,0.0,16.0,16.0,16.0,1.2036003292022814,0.37103997236458386,0.6091305051994883,0.0,16.0,16.0,16.0,0.6148760719144185,0.10858221567582507,0.32951815682269325,0.0,16.0,16.0,16.0,0.6148760719144185,0.10858221567582507,0.32951815682269325,0.0,16.0,16.0,16.0,1.3310720643183538,0.6787319478156216,0.9042337837798804,0.4576239871065328,0.20941971357528008,0.5466664322472372
NE_China_Wind/H,long,top_k_20_mix,top_k_20_mix,,,,assembled_from_candidate_artifacts_no_independent_selected_method_latency,0.0,top_k_20,0.3333333333333333,16.0,0.0,0.0,2688.0,0.0,16.0,320.0,320.0,100.0,174.55958922508813,0.5454987163284004,0.0,0.3380686074333663,0.05685892369457666,0.238451092877715,0.0,16.0,16.0,16.0,0.4494086659466726,0.028018730376910835,0.16738796365602526,0.0,16.0,16.0,16.0,0.5434392391697505,0.04274240076396901,0.20674235358041423,0.0,16.0,16.0,16.0,1.2084606450306496,1.184631394264657,1.0884077334641908,0.0,16.0,16.0,16.0,0.8419051158248512,0.32452206563268454,0.5696683821599059,0.0,16.0,16.0,16.0,1.2021497098682976,0.37323276568069164,0.6109277908891456,0.0,16.0,16.0,16.0,0.6142374194708559,0.10659555558268383,0.32648974805142633,0.0,16.0,16.0,16.0,0.6142374194708559,0.10659555558268383,0.32648974805142633,0.0,16.0,16.0,16.0,1.3310720643183538,0.6787319478156216,0.9031439710095053,0.45897424133982084,0.2106573542134641,0.5498971528920586
Australia_Solar/H,short,vanilla_univariate,vanilla_univariate,2.72504985332489e-05,0.0,0.0,measured_candidate_query_loop_precomputed_vanilla_fallback_separate_retrieval,0.0,,,312.0,0.0,0.0,6271.0,0.0,0.0,0.0,0.0,,0.0,,0.0,26561679454.202316,4.465681838976602e+21,66825757301.93114,0.0,312.0,312.0,315.0,80553.00872252892,7612498050.338506,87249.63066018392,0.0,312.0,312.0,315.0,107351.28968163191,15037380057.892672,122626.99563266104,0.0,312.0,312.0,315.0,30.6508063169119,18322.428859429834,135.36036664928858,0.0,312.0,312.0,315.0,0.5142606673719609,0.08732168726104636,0.295502431903777,0.0,312.0,312.0,315.0,1.0643945028329198,0.6654625171250095,0.8157588596668807,0.0,312.0,312.0,315.0,0.31694208486683584,0.22129879560499108,0.4704240593390086,0.0,312.0,312.0,315.0,0.31694208486683584,0.22129879560499108,0.4704240593390086,0.0,312.0,312.0,315.0,1.235468758758717,0.9323109223171446,0.8615308928590987,0.6602828714879675,0.4359734703803958,0.713777454704793
Australia_Solar/H,short,top_k_1_mix,top_k_1_mix,,,,assembled_from_candidate_artifacts_no_independent_selected_method_latency,207.0,top_k_1,0.4392523364485981,312.0,0.0,0.0,6271.0,0.0,315.0,105.0,105.0,100.0,39.936752032750704,0.3803500193595305,0.6634615384615384,27924360786.44632,4.797069071219237e+21,69260876916.3316,0.0,312.0,312.0,315.0,82050.5499658058,8130525294.905417,90169.42549947526,0.0,312.0,312.0,315.0,109278.9255099279,15982477225.841948,126421.82258550913,0.0,312.0,312.0,315.0,30.517076942461735,17103.53240073815,130.78047408056813,0.0,312.0,312.0,315.0,0.5142932098091316,0.0875437429937911,0.2958779190710099,0.0,312.0,312.0,315.0,1.0761732872187566,0.6872713544767555,0.829018307684912,0.0,312.0,312.0,315.0,0.3192949775564893,0.22268289388586382,0.4718928839110247,0.0,312.0,312.0,315.0,0.3192949775564893,0.22268289388586382,0.4718928839110247,0.0,312.0,312.0,315.0,1.235468758758717,0.9323109223171446,0.871064751406579,0.6710151930655307,0.45026138932477144,0.7371696909531282
Australia_Solar/H,short,top_k_5_mix,top_k_5_mix,,,,assembled_from_candidate_artifacts_no_independent_selected_method_latency,207.0,top_k_5,0.411214953271028,312.0,0.0,0.0,6271.0,0.0,315.0,525.0,525.0,100.0,202.6673729306025,0.38603309129638574,0.6634615384615384,26470481721.576553,3.922510898121237e+21,62629952084.61553,0.0,312.0,312.0,315.0,81291.43213425006,7498062134.933525,86591.3513864608,0.0,312.0,312.0,315.0,108193.30933766946,14764689536.139923,121510.03882864956,0.0,312.0,312.0,315.0,35.74996420837623,23246.843161762834,152.46915478798599,0.0,312.0,312.0,315.0,0.5151634873132198,0.08688688257605251,0.2947658097134953,0.0,312.0,312.0,315.0,1.0703563233207471,0.6538981880618593,0.8086397146207075,0.0,312.0,312.0,315.0,0.31449742000286224,0.2112233529779551,0.45959041871861855,0.0,312.0,312.0,315.0,0.31449742000286224,0.2112233529779551,0.45959041871861855,0.0,312.0,312.0,315.0,1.235468758758717,0.9323109223171446,0.8663564462739962,0.654520568721748,0.42839717487984047,0.7013735143600758
Australia_Solar/H,short,top_k_10_mix,top_k_10_mix,,,,assembled_from_candidate_artifacts_no_independent_selected_method_latency,207.0,top_k_10,0.40186915887850466,312.0,0.0,0.0,6271.0,0.0,315.0,1050.0,1050.0,100.0,399.0383672298875,0.3800365402189405,0.6634615384615384,25315426185.068554,3.4960306368992966e+21,59127241072.95466,0.0,312.0,312.0,315.0,80686.018667841,7055599383.159346,83997.61534209971,0.0,312.0,312.0,315.0,107149.40008251126,13834432247.026493,117619.86331834641,0.0,312.0,312.0,315.0,41.31837262604673,33100.69092544838,181.93595281155504,0.0,312.0,312.0,315.0,0.5165194461004443,0.08729639566580628,0.2954596345794232,0.0,312.0,312.0,315.0,1.065523780210171,0.6304865086929411,0.7940318058446658,0.0,312.0,312.0,315.0,0.3130823472261679,0.20854499142314353,0.4566672655480613,0.0,312.0,312.0,315.0,0.3130823472261679,0.20854499142314353,0.4566672655480613,0.0,312.0,312.0,315.0,1.235468758758717,0.9323109223171446,0.8624449405590062,0.6426967903603118,0.41305916433944667,0.676262064082596
Australia_Solar/H,short,top_k_15_mix,top_k_15_mix,,,,assembled_from_candidate_artifacts_no_independent_selected_method_latency,207.0,top_k_15,0.34579439252336447,312.0,0.0,0.0,6271.0,0.0,315.0,1575.0,1575.0,100.0,587.2250080313104,0.3728412749405145,0.6634615384615384,25037420947.43002,3.3356548203315745e+21,57755128086.87705,0.0,312.0,312.0,315.0,80794.94361388554,7004769850.575715,83694.50310848207,0.0,312.0,312.0,315.0,106787.06202650299,13633944331.177826,116764.48231880201,0.0,312.0,312.0,315.0,51.41331732855167,63980.02665870808,252.94273395120106,0.0,312.0,312.0,315.0,0.5190953171206937,0.08887495531902719,0.2981190287771433,0.0,312.0,312.0,315.0,1.0663521043506843,0.6265157204142268,0.7915274603033219,0.0,312.0,312.0,315.0,0.31316621112137827,0.20747111323864714,0.45548997051378326,0.0,312.0,312.0,315.0,0.31316621112137827,0.20747111323864714,0.45548997051378326,0.0,312.0,312.0,315.0,1.235468758758717,0.9323109223171446,0.863115393886653,0.6406697495925144,0.4104577280429352,0.6720029824997638
Australia_Solar/H,short,top_k_20_mix,top_k_20_mix,,,,assembled_from_candidate_artifacts_no_independent_selected_method_latency,207.0,top_k_20,0.34579439252336447,312.0,0.0,0.0,6271.0,0.0,315.0,2100.0,2100.0,100.0,775.3274410769909,0.36920354336999567,0.6634615384615384,24948749061.0313,3.2099244095856894e+21,56656194803.26656,0.0,312.0,312.0,315.0,81169.31082665383,7015183233.768989,83756.69068061959,0.0,312.0,312.0,315.0,106761.39266664618,13550754096.909489,116407.70634674274,0.0,312.0,312.0,315.0,62.68592294597385,113289.2722076679,336.58471772745105,0.0,312.0,312.0,315.0,0.5211562832312178,0.09003510632885846,0.3000585048434029,0.0,312.0,312.0,315.0,1.0692936006023546,0.6245947889718401,0.7903130955335613,0.0,312.0,312.0,315.0,0.3133110163859578,0.20550570654888525,0.4533273723799229,0.0,312.0,312.0,315.0,0.3133110163859578,0.20550570654888525,0.4533273723799229,0.0,312.0,312.0,315.0,1.235468758758717,0.9323109223171446,0.8654962685391416,0.6396868313591302,0.40919924221428433,0.6699425846256163
Australia_Solar/H,medium,vanilla_univariate,vanilla_univariate,1.8669292330741882e-05,0.0,0.0,measured_candidate_query_loop_precomputed_vanilla_fallback_separate_retrieval,0.0,,,105.0,0.0,0.0,6271.0,0.0,0.0,0.0,0.0,,0.0,,0.0,27598332271.404453,2.101736322109261e+21,45844697862.558334,0.0,105.0,105.0,105.0,83721.75593530074,4836217664.242019,69542.91958382262,0.0,105.0,105.0,105.0,124198.3509595276,12173101890.338467,110331.78096241567,0.0,105.0,105.0,105.0,26.707340576128537,6316.660697954084,79.47742256738125,0.0,105.0,105.0,105.0,0.5281660900542376,0.070223933249222,0.26499798725503937,0.0,105.0,105.0,105.0,1.1419134558402046,0.3487655846228276,0.5905637853973333,0.0,105.0,105.0,105.0,0.2818454554851677,0.05223002477510419,0.2285388911653861,0.0,105.0,105.0,105.0,0.2818454554851677,0.05223002477510419,0.2285388911653861,0.0,105.0,105.0,105.0,1.3589947306642882,0.6875907422688505,0.8402633432449201,0.4345592900928032,0.18884177660596108,0.5072284473639102
Australia_Solar/H,medium,top_k_1_mix,top_k_1_mix,,,,assembled_from_candidate_artifacts_no_independent_selected_method_latency,70.0,top_k_1,0.43243243243243246,105.0,0.0,0.0,6271.0,0.0,105.0,35.0,35.0,100.0,12.97877358365097,0.3708221023900277,0.6666666666666666,28480752689.818638,2.37716956428437e+21,48756225902.794914,0.0,105.0,105.0,105.0,84234.64765486633,5151268071.421696,71772.33500048396,0.0,105.0,105.0,105.0,125058.42880271054,12841142075.216019,113318.76312074721,0.0,105.0,105.0,105.0,29.38743170716059,7888.08262086919,88.81487837558069,0.0,105.0,105.0,105.0,0.5277401321438261,0.06981058107426026,0.2642169204919705,0.0,105.0,105.0,105.0,1.1460413192483978,0.36428107041701246,0.6035570150507842,0.0,105.0,105.0,105.0,0.28221816121235704,0.05283507578089871,0.22985881706147082,0.0,105.0,105.0,105.0,0.28221816121235704,0.05283507578089871,0.22985881706147082,0.0,105.0,105.0,105.0,1.3589947306642882,0.6875907422688505,0.843300782106935,0.44412020255277984,0.19724275431552218,0.5297934483745234
Australia_Solar/H,medium,top_k_5_mix,top_k_5_mix,,,,assembled_from_candidate_artifacts_no_independent_selected_method_latency,70.0,top_k_5,0.32432432432432434,105.0,0.0,0.0,6271.0,0.0,105.0,175.0,175.0,100.0,65.45556455351674,0.37403179744866705,0.6666666666666666,26572810050.339455,1.948147725752679e+21,44137826472.90959,0.0,105.0,105.0,105.0,82748.84265551224,4629398986.166556,68039.68684647627,0.0,105.0,105.0,105.0,122485.68801388732,11570066282.104113,107564.2425813714,0.0,105.0,105.0,105.0,33.30953263189847,10520.611264985037,102.57003102751328,0.0,105.0,105.0,105.0,0.5273358601662536,0.06918195652056079,0.26302463101496937,0.0,105.0,105.0,105.0,1.1344167414149453,0.3436782871194619,0.5862408098379555,0.0,105.0,105.0,105.0,0.27926660298619604,0.051435213258799524,0.22679332719196021,0.0,105.0,105.0,105.0,0.27926660298619604,0.051435213258799524,0.22679332719196021,0.0,105.0,105.0,105.0,1.3589947306642882,0.6875907422688505,0.8347469757005112,0.43137828029060565,0.18608722070648037,0.4998297184534844
Australia_Solar/H,medium,top_k_10_mix,top_k_10_mix,,,,assembled_from_candidate_artifacts_no_independent_selected_method_latency,70.0,top_k_10,0.2972972972972973,105.0,0.0,0.0,6271.0,0.0,105.0,350.0,350.0,100.0,133.63192256503277,0.38180549304295075,0.6666666666666666,26331777141.879517,1.8879770850826007e+21,43450858277.859146,0.0,105.0,105.0,105.0,83143.00762140163,4659514079.771509,68260.63345568594,0.0,105.0,105.0,105.0,122194.7780899459,11400213349.428385,106771.78161587632,0.0,105.0,105.0,105.0,38.95245947712202,16418.96881955017,128.13652414339234,0.0,105.0,105.0,105.0,0.5289262170509054,0.07008867837944377,0.2647426644487884,0.0,105.0,105.0,105.0,1.1374600886677677,0.3424578128963381,0.5851989515509559,0.0,105.0,105.0,105.0,0.27978713424475987,0.05112034844036199,0.2260980947296151,0.0,105.0,105.0,105.0,0.27978713424475987,0.05112034844036199,0.2260980947296151,0.0,105.0,105.0,105.0,1.3589947306642882,0.6875907422688505,0.8369863863355581,0.4306116413452947,0.1854263856620888,0.4980547175000152
Australia_Solar/H,medium,top_k_15_mix,top_k_15_mix,,,,assembled_from_candidate_artifacts_no_independent_selected_method_latency,70.0,top_k_15,0.24324324324324326,105.0,0.0,0.0,6271.0,0.0,105.0,525.0,525.0,100.0,198.15570691100152,0.37743944173524097,0.6666666666666666,26194919244.243637,1.7879305919176673e+21,42283928293.35594,0.0,105.0,105.0,105.0,83176.01176631448,4587390246.745758,67730.27570256715,0.0,105.0,105.0,105.0,122191.68578872649,11264111168.35278,106132.51701694811,0.0,105.0,105.0,105.0,43.29894044194151,22128.8088811393,148.75755066933343,0.0,105.0,105.0,105.0,0.5304461008137745,0.07101891570400946,0.2664937442117722,0.0,105.0,105.0,105.0,1.13769346616029,0.3376489921539652,0.5810757198110804,0.0,105.0,105.0,105.0,0.27983740410366664,0.050787821503992796,0.22536153510302684,0.0,105.0,105.0,105.0,0.27983740410366664,0.050787821503992796,0.22536153510302684,0.0,105.0,105.0,105.0,1.3589947306642882,0.6875907422688505,0.837158114368976,0.42757761064095196,0.18282261312142553,0.49106099224056043
Australia_Solar/H,medium,top_k_20_mix,top_k_20_mix,,,,assembled_from_candidate_artifacts_no_independent_selected_method_latency,70.0,top_k_20,0.21621621621621623,105.0,0.0,0.0,6271.0,0.0,105.0,700.0,700.0,100.0,259.07251510406246,0.37010359300580353,0.6666666666666666,26145240566.369114,1.7619386058354904e+21,41975452419.66417,0.0,105.0,105.0,105.0,83309.63464208096,4584040784.732918,67705.54471188395,0.0,105.0,105.0,105.0,122153.90314192006,11223664513.563526,105941.79776444954,0.0,105.0,105.0,105.0,47.24837232499959,27551.505733115784,165.98646249955382,0.0,105.0,105.0,105.0,0.5314136117719198,0.07162815749612636,0.267634372785198,0.0,105.0,105.0,105.0,1.1387091277878794,0.33632670104259366,0.5799368078011549,0.0,105.0,105.0,105.0,0.28010365140263876,0.050723787951013274,0.22521942178909277,0.0,105.0,105.0,105.0,0.28010365140263876,0.050723787951013274,0.22521942178909277,0.0,105.0,105.0,105.0,1.3589947306642882,0.6875907422688505,0.8379054768161379,0.42673955587574414,0.18210664854902736,0.489137913539692
Australia_Solar/H,long,vanilla_univariate,vanilla_univariate,1.6011297702789307e-05,0.0,0.0,measured_candidate_query_loop_precomputed_vanilla_fallback_separate_retrieval,0.0,,,45.0,0.0,0.0,6271.0,0.0,0.0,0.0,0.0,,0.0,,0.0,25644661678.995594,1.251869007747499e+21,35381760947.52067,0.0,45.0,45.0,45.0,79150.5956334568,3266182964.4508133,57150.52899537163,0.0,45.0,45.0,45.0,126181.93300052361,9722781463.24696,98604.16554713578,0.0,45.0,45.0,45.0,19.743920354345832,3446.830349220715,58.709712562920245,0.0,45.0,45.0,45.0,0.5106662096431952,0.05903583213291732,0.2429729041126136,0.0,45.0,45.0,45.0,1.111845003542755,0.24644150921961835,0.49642875543185283,0.0,45.0,45.0,45.0,0.2548743007314358,0.022884587696231983,0.1512765272480565,0.0,45.0,45.0,45.0,0.2548743007314358,0.022884587696231983,0.1512765272480565,0.0,45.0,45.0,45.0,1.2762842341465261,0.42093784470046247,0.8711578297339584,0.38896410544773635,0.15129307532675776,0.5854581913274751
Australia_Solar/H,long,top_k_1_mix,top_k_1_mix,,,,assembled_from_candidate_artifacts_no_independent_selected_method_latency,30.0,top_k_1,0.23529411764705882,45.0,0.0,0.0,6271.0,0.0,45.0,15.0,15.0,100.0,6.146920372126216,0.4097946914750811,0.6666666666666666,25110107212.352154,1.1991082096091162e+21,34628141873.46928,0.0,45.0,45.0,45.0,78367.48595241983,3189242492.5824585,56473.37861844693,0.0,45.0,45.0,45.0,124927.52406273302,9503220943.907415,97484.46514141325,0.0,45.0,45.0,45.0,23.50659299829385,5134.422624692666,71.6548855605301,0.0,45.0,45.0,45.0,0.5109377763721067,0.05905986458761376,0.2430223540903465,0.0,45.0,45.0,45.0,1.105820213023335,0.24795156085203496,0.4979473474696245,0.0,45.0,45.0,45.0,0.25318788534971776,0.022807416011216237,0.1510212435759163,0.0,45.0,45.0,45.0,0.25318788534971776,0.022807416011216237,0.1510212435759163,0.0,45.0,45.0,45.0,1.2762842341465261,0.42093784470046247,0.8664372585960968,0.3901539595547936,0.15222011215628353,0.5890455419338126
Australia_Solar/H,long,top_k_5_mix,top_k_5_mix,,,,assembled_from_candidate_artifacts_no_independent_selected_method_latency,30.0,top_k_5,0.35294117647058826,45.0,0.0,0.0,6271.0,0.0,45.0,75.0,75.0,100.0,31.13353088898576,0.4151137451864768,0.6666666666666666,25238893018.841743,1.198039342620916e+21,34612704930.71751,0.0,45.0,45.0,45.0,79173.54344183665,3236821550.7803397,56893.071201863764,0.0,45.0,45.0,45.0,125483.2486770308,9492847320.300201,97431.24406626553,0.0,45.0,45.0,45.0,27.433008145559477,7458.260617506659,86.36122172310128,0.0,45.0,45.0,45.0,0.5124726452071661,0.06013717795266364,0.2452288277357775,0.0,45.0,45.0,45.0,1.111982896832686,0.2443369437971932,0.494304505135441,0.0,45.0,45.0,45.0,0.25466616586574664,0.022637029132473296,0.15045607044075454,0.0,45.0,45.0,45.0,0.25466616586574664,0.022637029132473296,0.15045607044075454,0.0,45.0,45.0,45.0,1.2762842341465261,0.42093784470046247,0.8712658725086333,0.3872997032404707,0.15000106013015665,0.5804584854352126
Australia_Solar/H,long,top_k_10_mix,top_k_10_mix,,,,assembled_from_candidate_artifacts_no_independent_selected_method_latency,30.0,top_k_10,0.29411764705882354,45.0,0.0,0.0,6271.0,0.0,45.0,150.0,150.0,100.0,55.745965339327334,0.37163976892884887,0.6666666666666666,24818176390.06223,1.1149719004284149e+21,33391194953.586414,0.0,45.0,45.0,45.0,79191.79848332719,3199871069.7248025,56567.402890046156,0.0,45.0,45.0,45.0,124922.06943469719,9212652958.214909,95982.56590764236,0.0,45.0,45.0,45.0,32.663127953114476,12487.632500428184,111.7480760479937,0.0,45.0,45.0,45.0,0.5133737523239726,0.06061180557088306,0.2461946497608814,0.0,45.0,45.0,45.0,1.112127560222297,0.24195042650135656,0.49188456623618165,0.0,45.0,45.0,45.0,0.25468609537352555,0.02252314901902323,0.15007714355964813,0.0,45.0,45.0,45.0,0.25468609537352555,0.02252314901902323,0.15007714355964813,0.0,45.0,45.0,45.0,1.2762842341465261,0.42093784470046247,0.8713792198224531,0.3854036217607229,0.14853595166628233,0.5747889612385112
Australia_Solar/H,long,top_k_15_mix,top_k_15_mix,,,,assembled_from_candidate_artifacts_no_independent_selected_method_latency,30.0,top_k_15,0.17647058823529413,45.0,0.0,0.0,6271.0,0.0,45.0,225.0,225.0,100.0,81.63081763999446,0.36280363395553095,0.6666666666666666,24902589387.528183,1.149078405049141e+21,33898059015.9546,0.0,45.0,45.0,45.0,79138.59802653156,3232385222.8717136,56854.06953659266,0.0,45.0,45.0,45.0,124942.9814700863,9291840768.893854,96394.19468460667,0.0,45.0,45.0,45.0,31.977845684860526,11770.471861703205,108.49180550485463,0.0,45.0,45.0,45.0,0.5138053581467251,0.06086958847084346,0.2467176290232286,0.0,45.0,45.0,45.0,1.111735487897895,0.24441962869320402,0.49438813567196777,0.0,45.0,45.0,45.0,0.25460065494855244,0.022651038690601692,0.15050262021174812,0.0,45.0,45.0,45.0,0.25460065494855244,0.022651038690601692,0.15050262021174812,0.0,45.0,45.0,45.0,1.2762842341465261,0.42093784470046247,0.8710720215401956,0.3873652298169881,0.15005182127116803,0.5806549156138051
Australia_Solar/H,long,top_k_20_mix,top_k_20_mix,,,,assembled_from_candidate_artifacts_no_independent_selected_method_latency,30.0,top_k_20,0.17647058823529413,45.0,0.0,0.0,6271.0,0.0,45.0,300.0,300.0,100.0,108.74025749470486,0.3624675249823495,0.6666666666666666,25067147463.151947,1.1595599562616785e+21,34052312054.56802,0.0,45.0,45.0,45.0,79599.6538014423,3301680715.5793333,57460.253354639266,0.0,45.0,45.0,45.0,125292.76240782115,9368871151.369223,96792.9292426323,0.0,45.0,45.0,45.0,37.41500978732758,17359.159391709043,131.7541627111229,0.0,45.0,45.0,45.0,0.5152121038701386,0.06172889044173337,0.24845299443100574,0.0,45.0,45.0,45.0,1.1153583538359222,0.24517975720786217,0.49515629573687353,0.0,45.0,45.0,45.0,0.2553582695333214,0.022652363681553878,0.15050702203403626,0.0,45.0,45.0,45.0,0.2553582695333214,0.022652363681553878,0.15050702203403626,0.0,45.0,45.0,45.0,1.2762842341465261,0.42093784470046247,0.8739106258581828,0.38796710206797574,0.1505184722870231,0.5824607131305359
epf_electricity_price/H,short,vanilla_univariate,vanilla_univariate,3.800913691520691e-05,0.0,0.0,measured_candidate_query_loop_precomputed_vanilla_fallback_separate_retrieval,0.0,,,525.0,0.0,0.0,12600.0,0.0,0.0,0.0,0.0,,0.0,,0.0,125.81121661519045,151490.25748590735,389.2174938076491,0.0,525.0,525.0,525.0,6.0488837914467455,37.094393984701945,6.090516725590855,0.0,525.0,525.0,525.0,7.673653244521493,66.92626249803521,8.180847297073527,0.0,525.0,525.0,525.0,1.344466356791688,290.97497980164894,17.05798873846647,0.0,525.0,525.0,525.0,0.15480622614527356,0.03550115458665505,0.18841750074410565,0.0,525.0,525.0,525.0,0.9572336223044459,0.7053185003910996,0.8398324239936795,0.0,525.0,525.0,525.0,0.1586107085997249,0.06309014703006001,0.2511775209489496,0.0,525.0,525.0,525.0,0.1586107085997249,0.06309014703006001,0.2511775209489496,0.0,525.0,525.0,525.0,1.4287668259022852,1.4925386582068707,0.6699718981086645,0.5878022982954648,0.3455115418814307,0.4725629694834612
epf_electricity_price/H,short,top_k_1_mix,top_k_1_mix,,,,assembled_from_candidate_artifacts_no_independent_selected_method_latency,0.0,top_k_1,0.40417457305502846,525.0,0.0,0.0,12600.0,0.0,525.0,525.0,320.0,60.95238095238095,225.92617300717953,0.4303355676327229,0.0,122.2887141076249,134537.92398832666,366.7941166217455,0.0,525.0,525.0,525.0,6.0212385250684175,36.192103793890915,6.0159873498779,0.0,525.0,525.0,525.0,7.629587658062516,64.07810627556503,8.004880153729038,0.0,525.0,525.0,525.0,1.3635116006961354,299.4991700917273,17.306044322482457,0.0,525.0,525.0,525.0,0.15545586247471258,0.03857061087591847,0.1963940194504875,0.0,525.0,525.0,525.0,0.9532660013949005,0.7156113262081368,0.8459381337947456,0.0,525.0,525.0,525.0,0.16036241290601208,0.0700669424314746,0.2647016101792254,0.0,525.0,525.0,525.0,0.16036241290601208,0.0700669424314746,0.2647016101792254,0.0,525.0,525.0,525.0,1.4287668259022852,1.4925386582068707,0.6671949432986732,0.592075710646854,0.3505536471379773,0.4794591565674212
epf_electricity_price/H,short,top_k_5_mix,top_k_5_mix,,,,assembled_from_candidate_artifacts_no_independent_selected_method_latency,0.0,top_k_5,0.4079696394686907,525.0,0.0,0.0,12600.0,0.0,525.0,2625.0,1403.0,53.44761904761905,1145.8569194190493,0.43651692168344736,0.0,119.31402261666139,129586.99761742276,359.98194068233863,0.0,525.0,525.0,525.0,5.931006650700869,34.92649194881599,5.909863953494699,0.0,525.0,525.0,525.0,7.506248610579792,62.97025441283033,7.935379916099186,0.0,525.0,525.0,525.0,1.2664798349478816,235.6732723148263,15.351653732247426,0.0,525.0,525.0,525.0,0.1528523503772951,0.03582597896891405,0.18927751839274004,0.0,525.0,525.0,525.0,0.9331187404441255,0.6590731366577762,0.8118331950947659,0.0,525.0,525.0,525.0,0.155993174924631,0.061959404500031685,0.2489164608860404,0.0,525.0,525.0,525.0,0.155993174924631,0.061959404500031685,0.2489164608860404,0.0,525.0,525.0,525.0,1.4287668259022852,1.4925386582068707,0.6530937893626195,0.5682055184771543,0.3228575112278917,0.44157860369900487
epf_electricity_price/H,short,top_k_10_mix,top_k_10_mix,,,,assembled_from_candidate_artifacts_no_independent_selected_method_latency,0.0,top_k_10,0.3889943074003795,525.0,0.0,0.0,12600.0,0.0,525.0,5250.0,2612.0,49.75238095238095,2316.5453357547785,0.44124673061995784,0.0,123.09612610007878,149997.48123542452,387.2950828960065,0.0,525.0,525.0,525.0,5.945840868376017,37.05562401888564,6.087333079344816,0.0,525.0,525.0,525.0,7.5181481603605445,66.57357433894613,8.159263100240494,0.0,525.0,525.0,525.0,1.2488659299067435,227.79445419065254,15.092861033967434,0.0,525.0,525.0,525.0,0.15243106188251113,0.034322215796584205,0.18526255907922734,0.0,525.0,525.0,525.0,0.9362723667038385,0.6980333546981172,0.8354839045117011,0.0,525.0,525.0,525.0,0.15514110633301165,0.06081822044699716,0.24661350418620057,0.0,525.0,525.0,525.0,0.15514110633301165,0.06081822044699716,0.24661350418620057,0.0,525.0,525.0,525.0,1.4287668259022852,1.4925386582068707,0.6553010258427369,0.5847587509487995,0.34194279681120004,0.46768192626697613
epf_electricity_price/H,short,top_k_15_mix,top_k_15_mix,,,,assembled_from_candidate_artifacts_no_independent_selected_method_latency,0.0,top_k_15,0.34345351043643263,525.0,0.0,0.0,12600.0,0.0,525.0,7875.0,3735.0,47.42857142857143,3513.9649657919067,0.4462177734338929,0.0,126.16355942654617,162579.32610198192,403.21126733014535,0.0,525.0,525.0,525.0,5.984823712724602,38.1819767759906,6.1791566395415645,0.0,525.0,525.0,525.0,7.572278634601058,68.82415570651054,8.296032528052825,0.0,525.0,525.0,525.0,1.2633710814865924,227.14900734446954,15.071463344495436,0.0,525.0,525.0,525.0,0.15270121239817366,0.03430981239489844,0.18522908085637751,0.0,525.0,525.0,525.0,0.9414406351669875,0.7009103683101384,0.8372038988861307,0.0,525.0,525.0,525.0,0.1560754017496046,0.06247771985088194,0.24995543572981552,0.0,525.0,525.0,525.0,0.1560754017496046,0.06247771985088194,0.24995543572981552,0.0,525.0,525.0,525.0,1.4287668259022852,1.4925386582068707,0.6589183190003416,0.58596258235309,0.34335214791790164,0.4696095236502678
epf_electricity_price/H,short,top_k_20_mix,top_k_20_mix,,,,assembled_from_candidate_artifacts_no_independent_selected_method_latency,0.0,top_k_20,0.32827324478178366,525.0,0.0,0.0,12600.0,0.0,525.0,10500.0,4845.0,46.142857142857146,4717.125484653598,0.4492500461574855,0.0,129.19845494285042,173967.23005152302,417.09379047346533,0.0,525.0,525.0,525.0,6.0199965387006245,39.60038933789489,6.292884023871319,0.0,525.0,525.0,525.0,7.616874587481589,71.18167646142757,8.436923400234683,0.0,525.0,525.0,525.0,1.2396893284967299,222.69225688128583,14.922876963953225,0.0,525.0,525.0,525.0,0.15274361910167078,0.03388409863559525,0.18407633915198132,0.0,525.0,525.0,525.0,0.9447800823783504,0.7100273488294503,0.8426312057059424,0.0,525.0,525.0,525.0,0.15644552420501112,0.06279473030600623,0.2505887673181027,0.0,525.0,525.0,525.0,0.15644552420501112,0.06279473030600623,0.2505887673181027,0.0,525.0,525.0,525.0,1.4287668259022852,1.4925386582068707,0.6612556123576773,0.5897611775622027,0.34781824655955607,0.47571789509457263
epf_electricity_price/H,medium,vanilla_univariate,vanilla_univariate,2.230145037174225e-05,0.0,0.0,measured_candidate_query_loop_precomputed_vanilla_fallback_separate_retrieval,0.0,,,175.0,0.0,0.0,12600.0,0.0,0.0,0.0,0.0,,0.0,,0.0,183.6914648907359,209070.96625565802,457.2427869913948,0.0,175.0,175.0,175.0,7.468587565496564,41.80857857849985,6.4659553492503985,0.0,175.0,175.0,175.0,9.930553847407397,85.07556517447799,9.223641643867024,0.0,175.0,175.0,175.0,1.7993270563666381,121.95084667517297,11.043135726557605,0.0,175.0,175.0,175.0,0.18479734617279023,0.03352661598695757,0.18310274707649135,0.0,175.0,175.0,175.0,1.1992278750561916,0.7746094269777135,0.8801189845570391,0.0,175.0,175.0,175.0,0.182393226356949,0.04312053010486434,0.20765483405127927,0.0,175.0,175.0,175.0,0.182393226356949,0.04312053010486434,0.20765483405127927,0.0,175.0,175.0,175.0,1.8635230783637327,2.1638735496972785,0.6435272463108824,0.47228767637792174,0.22305564925845653,0.3579735179470537
epf_electricity_price/H,medium,top_k_1_mix,top_k_1_mix,,,,assembled_from_candidate_artifacts_no_independent_selected_method_latency,0.0,top_k_1,0.423728813559322,175.0,0.0,0.0,12600.0,0.0,175.0,175.0,104.0,59.42857142857143,76.3015733733978,0.4360089907051303,0.0,181.59464452545586,193416.35130828738,439.79125879022126,0.0,175.0,175.0,175.0,7.496053784172686,40.27353012487671,6.346142932906311,0.0,175.0,175.0,175.0,9.951301517168238,82.56624263986097,9.086596867907202,0.0,175.0,175.0,175.0,1.8377343123747973,128.50735617211788,11.336108510953743,0.0,175.0,175.0,175.0,0.1874503721433192,0.034803254588395074,0.18655630407036658,0.0,175.0,175.0,175.0,1.2130668519254975,0.824397163277085,0.9079631948912275,0.0,175.0,175.0,175.0,0.18472974298994002,0.04646177237287292,0.21554993011567625,0.0,175.0,175.0,175.0,0.18472974298994002,0.04646177237287292,0.21554993011567625,0.0,175.0,175.0,175.0,1.8635230783637327,2.1638735496972785,0.6509534901980562,0.4872293804316419,0.2373924691558016,0.380982134280636
epf_electricity_price/H,medium,top_k_5_mix,top_k_5_mix,,,,assembled_from_candidate_artifacts_no_independent_selected_method_latency,0.0,top_k_5,0.3898305084745763,175.0,0.0,0.0,12600.0,0.0,175.0,875.0,474.0,54.17142857142857,390.95695111603527,0.4468079441326117,0.0,176.62779214223892,198761.85428070146,445.8271574059856,0.0,175.0,175.0,175.0,7.3423432958421735,40.454649456375506,6.360396957452853,0.0,175.0,175.0,175.0,9.739195255148157,81.7758679243385,9.043001046352837,0.0,175.0,175.0,175.0,1.637568973588967,88.64471530803617,9.415132251223886,0.0,175.0,175.0,175.0,0.18312540192837104,0.032905748924085466,0.18139941820216918,0.0,175.0,175.0,175.0,1.1800155195589423,0.7679450841165992,0.876324759502206,0.0,175.0,175.0,175.0,0.179229480943206,0.041629312280639555,0.20403262552993714,0.0,175.0,175.0,175.0,0.179229480943206,0.041629312280639555,0.20403262552993714,0.0,175.0,175.0,175.0,1.8635230783637327,2.1638735496972785,0.6332175508097574,0.470251626972961,0.2211365926707169,0.35489369710352675
epf_electricity_price/H,medium,top_k_10_mix,top_k_10_mix,,,,assembled_from_candidate_artifacts_no_independent_selected_method_latency,0.0,top_k_10,0.4067796610169492,175.0,0.0,0.0,12600.0,0.0,175.0,1750.0,868.0,49.6,778.8424028357528,0.44505280162043015,0.0,179.43929397600104,207382.59169018792,455.3927883598816,0.0,175.0,175.0,175.0,7.337591771742418,41.78189990148028,6.463892008804005,0.0,175.0,175.0,175.0,9.742917466339009,84.5148532201073,9.193196028591325,0.0,175.0,175.0,175.0,1.6865973243622534,98.513619087215,9.925402716626415,0.0,175.0,175.0,175.0,0.18336647712936893,0.0340921167531211,0.1846405068047667,0.0,175.0,175.0,175.0,1.1779689056747173,0.7936643012944462,0.8908783874886887,0.0,175.0,175.0,175.0,0.17935169802494375,0.04383701645185601,0.20937291241193548,0.0,175.0,175.0,175.0,0.17935169802494375,0.04383701645185601,0.20937291241193548,0.0,175.0,175.0,175.0,1.8635230783637327,2.1638735496972785,0.6321193009903765,0.47806136550287587,0.22854266918647426,0.3667794272939277
epf_electricity_price/H,medium,top_k_15_mix,top_k_15_mix,,,,assembled_from_candidate_artifacts_no_independent_selected_method_latency,0.0,top_k_15,0.3728813559322034,175.0,0.0,0.0,12600.0,0.0,175.0,2625.0,1235.0,47.04761904761905,1187.1208773731787,0.4522365247135919,0.0,183.4228453737482,219379.88554528164,468.3800652731515,0.0,175.0,175.0,175.0,7.374582069273742,43.15380397824856,6.569155499624633,0.0,175.0,175.0,175.0,9.78964130384842,87.58576851573319,9.35872686404156,0.0,175.0,175.0,175.0,1.6954450664593106,98.3750789400381,9.918421191905399,0.0,175.0,175.0,175.0,0.1837231414549137,0.03384142006548182,0.18396037634632578,0.0,175.0,175.0,175.0,1.1818363906002447,0.8000277341742815,0.8944426947402956,0.0,175.0,175.0,175.0,0.17943720133327987,0.04361853872347959,0.2088505176519311,0.0,175.0,175.0,175.0,0.17943720133327987,0.04361853872347959,0.2088505176519311,0.0,175.0,175.0,175.0,1.8635230783637327,2.1638735496972785,0.6341946629595576,0.4799740368794689,0.23037507607837374,0.3697201873400614
epf_electricity_price/H,medium,top_k_20_mix,top_k_20_mix,,,,assembled_from_candidate_artifacts_no_independent_selected_method_latency,0.0,top_k_20,0.3615819209039548,175.0,0.0,0.0,12600.0,0.0,175.0,3500.0,1614.0,46.114285714285714,1584.9857478194137,0.45285307080554676,0.0,185.44193185976246,225899.11448495026,475.28845397816076,0.0,175.0,175.0,175.0,7.39123809556521,43.7746316565788,6.616239993877096,0.0,175.0,175.0,175.0,9.813955175999363,89.12821566323775,9.440774102966227,0.0,175.0,175.0,175.0,1.6950797623622367,98.26410159054136,9.912825106423565,0.0,175.0,175.0,175.0,0.18375053902726457,0.03357671438024031,0.18323950005454695,0.0,175.0,175.0,175.0,1.182489846337968,0.8045668929846894,0.8969765286698919,0.0,175.0,175.0,175.0,0.17952209078680723,0.04342146853928411,0.20837818633264882,0.0,175.0,175.0,175.0,0.17952209078680723,0.04342146853928411,0.20837818633264882,0.0,175.0,175.0,175.0,1.8635230783637327,2.1638735496972785,0.6345453190610625,0.4813337377380282,0.23168216708486095,0.3718178879247573
epf_electricity_price/H,long,vanilla_univariate,vanilla_univariate,1.7948448657989502e-05,0.0,0.0,measured_candidate_query_loop_precomputed_vanilla_fallback_separate_retrieval,0.0,,,75.0,0.0,0.0,12600.0,0.0,0.0,0.0,0.0,,0.0,,0.0,211.95651958097105,91362.85936020779,302.26289775658506,0.0,75.0,75.0,75.0,8.524111221261204,25.39598435896642,5.039442861960677,0.0,75.0,75.0,75.0,11.94377884783682,69.30266641493685,8.324822305306993,0.0,75.0,75.0,75.0,1.865773808371772,48.68961106136511,6.977794140082173,0.0,75.0,75.0,75.0,0.20656363890233465,0.02325971801878801,0.15251137012953497,0.0,75.0,75.0,75.0,1.406930503128837,0.6870085716254155,0.8288598021531841,0.0,75.0,75.0,75.0,0.20284190023481205,0.021945043853638952,0.1481385967722084,0.0,75.0,75.0,75.0,0.20284190023481205,0.021945043853638952,0.1481385967722084,0.0,75.0,75.0,75.0,1.9954916176600113,2.061898174629208,0.7050545793716021,0.4153662159328619,0.17252909333838484,0.33319228858086575
epf_electricity_price/H,long,top_k_1_mix,top_k_1_mix,,,,assembled_from_candidate_artifacts_no_independent_selected_method_latency,0.0,top_k_1,0.33766233766233766,75.0,0.0,0.0,12600.0,0.0,75.0,75.0,43.0,57.333333333333336,32.19956876754399,0.42932758356725315,0.0,212.44827038555303,90957.81050090451,301.59212605919356,0.0,75.0,75.0,75.0,8.585645424135858,27.230285324766317,5.218264589378955,0.0,75.0,75.0,75.0,11.952835621326896,69.57799099509185,8.341342277780708,0.0,75.0,75.0,75.0,1.8861911637295505,50.610387424574974,7.114097794139112,0.0,75.0,75.0,75.0,0.2084324647711212,0.025570972088969968,0.15990926204873177,0.0,75.0,75.0,75.0,1.4250618664660142,0.7785844216957254,0.8823743092904085,0.0,75.0,75.0,75.0,0.20585939866152952,0.026682385273439694,0.16334743730294546,0.0,75.0,75.0,75.0,0.20585939866152952,0.026682385273439694,0.16334743730294546,0.0,75.0,75.0,75.0,1.9954916176600113,2.061898174629208,0.7141407429899883,0.4421839217370975,0.19552662064279955,0.37760566029684683
epf_electricity_price/H,long,top_k_5_mix,top_k_5_mix,,,,assembled_from_candidate_artifacts_no_independent_selected_method_latency,0.0,top_k_5,0.38961038961038963,75.0,0.0,0.0,12600.0,0.0,75.0,375.0,207.0,55.2,163.92884985844506,0.43714359962252014,0.0,201.5490855266604,88258.73753182181,297.08372141842744,0.0,75.0,75.0,75.0,8.311545104373778,24.01550334466168,4.900561533606295,0.0,75.0,75.0,75.0,11.620262054638754,66.51859530818312,8.155893286954111,0.0,75.0,75.0,75.0,1.7096871881059603,34.57266745749303,5.879852673111209,0.0,75.0,75.0,75.0,0.20444242867970333,0.02369543851656615,0.1539332274610201,0.0,75.0,75.0,75.0,1.3782364485223104,0.697125284517739,0.8349402879953386,0.0,75.0,75.0,75.0,0.19796500948828616,0.020968392707308978,0.14480467087531734,0.0,75.0,75.0,75.0,0.19796500948828616,0.020968392707308978,0.14480467087531734,0.0,75.0,75.0,75.0,1.9954916176600113,2.061898174629208,0.6906751380587017,0.41841332762621225,0.17506971273524008,0.3380987931875459
epf_electricity_price/H,long,top_k_10_mix,top_k_10_mix,,,,assembled_from_candidate_artifacts_no_independent_selected_method_latency,0.0,top_k_10,0.4675324675324675,75.0,0.0,0.0,12600.0,0.0,75.0,750.0,386.0,51.46666666666667,330.10057330661874,0.44013409774215834,0.0,203.98650150415864,94372.7683172451,307.20151092930047,0.0,75.0,75.0,75.0,8.292675818251002,24.434662121826094,4.9431429396514615,0.0,75.0,75.0,75.0,11.6307065179305,68.71316739792765,8.289340588848287,0.0,75.0,75.0,75.0,1.6729596559385682,33.42873116469495,5.781758483774201,0.0,75.0,75.0,75.0,0.2046265924880991,0.023902475610771374,0.15460425482751558,0.0,75.0,75.0,75.0,1.3694649413189448,0.6951555659761776,0.833759897078396,0.0,75.0,75.0,75.0,0.19671873393206554,0.02013115750568556,0.14188431028723916,0.0,75.0,75.0,75.0,0.19671873393206554,0.02013115750568556,0.14188431028723916,0.0,75.0,75.0,75.0,1.9954916176600113,2.061898174629208,0.6862794757939555,0.41782179874856823,0.17457505550948904,0.33714349938797905
epf_electricity_price/H,long,top_k_15_mix,top_k_15_mix,,,,assembled_from_candidate_artifacts_no_independent_selected_method_latency,0.0,top_k_15,0.38961038961038963,75.0,0.0,0.0,12600.0,0.0,75.0,1125.0,541.0,48.08888888888889,493.9585198263495,0.43907423984564403,0.0,207.14932549469276,96223.95843935972,310.1998685353682,0.0,75.0,75.0,75.0,8.332941584051365,24.67611492923079,4.96750590631061,0.0,75.0,75.0,75.0,11.711109723043792,69.9992345495219,8.366554520800179,0.0,75.0,75.0,75.0,1.687817547793218,35.186776750726416,5.931844295893683,0.0,75.0,75.0,75.0,0.20455087574407171,0.02289434604809495,0.15130877716806435,0.0,75.0,75.0,75.0,1.3716180541101768,0.6715998819741931,0.8195119779321063,0.0,75.0,75.0,75.0,0.19701940517169436,0.019312502553778487,0.13896943028514755,0.0,75.0,75.0,75.0,0.19701940517169436,0.019312502553778487,0.13896943028514755,0.0,75.0,75.0,75.0,1.9954916176600113,2.061898174629208,0.6873584644362415,0.4106817441273429,0.16865949495947635,0.3257192281548855
epf_electricity_price/H,long,top_k_20_mix,top_k_20_mix,,,,assembled_from_candidate_artifacts_no_independent_selected_method_latency,0.0,top_k_20,0.42857142857142855,75.0,0.0,0.0,12600.0,0.0,75.0,1500.0,689.0,45.93333333333333,664.9684250407788,0.4433122833605192,0.0,209.09272134054012,99472.69988969549,315.39292935907025,0.0,75.0,75.0,75.0,8.342309877909129,24.886596189303805,4.988646729254719,0.0,75.0,75.0,75.0,11.738288284977376,71.30530947930298,8.444247123296604,0.0,75.0,75.0,75.0,1.6594525378614904,33.24127392477811,5.765524601003634,0.0,75.0,75.0,75.0,0.20469556890655213,0.02235869250379793,0.14952823313273628,0.0,75.0,75.0,75.0,1.3676782224945496,0.6578435921463026,0.81107557733315,0.0,75.0,75.0,75.0,0.19653550412887594,0.018652247160057835,0.136573230027183,0.0,75.0,75.0,75.0,0.19653550412887594,0.018652247160057835,0.136573230027183,0.0,75.0,75.0,75.0,1.9954916176600113,2.061898174629208,0.6853840980291066,0.4064540137153008,0.16520486526527794,0.3190475651226583
OpenElectricity_NEM/5T,short,vanilla_univariate,vanilla_univariate,8.767098188400269e-05,0.0,0.0,measured_candidate_query_loop_precomputed_vanilla_fallback_separate_retrieval,0.0,,,1680.0,0.0,0.0,40320.0,0.0,0.0,0.0,0.0,,0.0,,0.0,13372.587473548652,2048424631.5050952,45259.52531241457,0.0,1680.0,1680.0,1680.0,58.64631215019165,6617.602673039663,81.3486488704002,0.0,1680.0,1680.0,1680.0,69.05275845365564,8604.30402348974,92.7593877916933,0.0,1680.0,1680.0,1680.0,4.24276494363279,1529.417725902721,39.10777065881819,0.0,1680.0,1680.0,1680.0,0.17073433232829735,0.09265356610382085,0.3043904829389724,0.0,1680.0,1680.0,1680.0,0.4241598137214453,0.18216273170190275,0.42680526203633284,0.0,1680.0,1680.0,1680.0,0.17064704737241232,0.10687578619286422,0.3269186231967586,0.0,1680.0,1680.0,1680.0,0.17064704737241232,0.10687578619286422,0.3269186231967586,0.0,1680.0,1680.0,1680.0,1.021668339182264,0.8538266760641295,0.4151639014877761,0.41775324307098005,0.17451777209632136,0.21334860670038472
OpenElectricity_NEM/5T,short,top_k_1_mix,top_k_1_mix,,,,assembled_from_candidate_artifacts_no_independent_selected_method_latency,0.0,top_k_1,0.46076099881093935,1680.0,0.0,0.0,40320.0,0.0,1680.0,1680.0,1680.0,100.0,384.6808915969437,0.22897672118865697,0.0,12774.89926342149,1994417462.0251315,44658.90126307555,0.0,1680.0,1680.0,1680.0,57.34179761866016,6274.606822989912,79.21241583861656,0.0,1680.0,1680.0,1680.0,67.66321856954296,8196.588116231747,90.53501044475418,0.0,1680.0,1680.0,1680.0,4.042291048824941,1387.688738807892,37.25169444210413,0.0,1680.0,1680.0,1680.0,0.16867340355676227,0.09184654580548339,0.30306195044162737,0.0,1680.0,1680.0,1680.0,0.41560822923783913,0.17490541000531173,0.41821694131791426,0.0,1680.0,1680.0,1680.0,0.1666363728794036,0.09885723117908218,0.31441569804811303,0.0,1680.0,1680.0,1680.0,0.1666363728794036,0.09885723117908218,0.31441569804811303,0.0,1680.0,1680.0,1680.0,1.021668339182264,0.8538266760641295,0.40679368567933594,0.4093470701584548,0.16756502384731092,0.20484884685445792
OpenElectricity_NEM/5T,short,top_k_5_mix,top_k_5_mix,,,,assembled_from_candidate_artifacts_no_independent_selected_method_latency,0.0,top_k_5,0.33531510107015455,1680.0,0.0,0.0,40320.0,0.0,1680.0,8400.0,8400.0,100.0,2536.489616344556,0.3019630495648281,0.0,13737.291809340666,2161452874.5400662,46491.42796839076,0.0,1680.0,1680.0,1680.0,58.82382498250116,6826.409704095782,82.62208968608687,0.0,1680.0,1680.0,1680.0,69.44476707853022,8914.716134749351,94.41777446407721,0.0,1680.0,1680.0,1680.0,4.3760099291695,1486.3993493628677,38.55384999403909,0.0,1680.0,1680.0,1680.0,0.1737071464407981,0.09502962782467954,0.3082687590799294,0.0,1680.0,1680.0,1680.0,0.4197674928936872,0.1718111721961861,0.4145011124185146,0.0,1680.0,1680.0,1680.0,0.1728937905375433,0.1056794324428377,0.3250837314336688,0.0,1680.0,1680.0,1680.0,0.1728937905375433,0.1056794324428377,0.3250837314336688,0.0,1680.0,1680.0,1680.0,1.021668339182264,0.8538266760641295,0.41086473642676064,0.4057100494572224,0.16460064423058185,0.20122488206644137
OpenElectricity_NEM/5T,short,top_k_10_mix,top_k_10_mix,,,,assembled_from_candidate_artifacts_no_independent_selected_method_latency,0.0,top_k_10,0.2812128418549346,1680.0,0.0,0.0,40320.0,0.0,1680.0,16800.0,16800.0,100.0,5762.231342640785,0.3429899608714753,0.0,14517.321838703674,2259494829.826417,47534.14383184383,0.0,1680.0,1680.0,1680.0,60.73670886618895,7271.0903739575515,85.27068883243264,0.0,1680.0,1680.0,1680.0,71.42651269358807,9415.575123136377,97.03388646826622,0.0,1680.0,1680.0,1680.0,4.557753428450319,1655.5514939246639,40.68846880781659,0.0,1680.0,1680.0,1680.0,0.1793743303255451,0.10234970388529502,0.3199214026683664,0.0,1680.0,1680.0,1680.0,0.42603358748808673,0.1710522515836962,0.4135846365421426,0.0,1680.0,1680.0,1680.0,0.180096170249448,0.11924496645148935,0.34531864480721186,0.0,1680.0,1680.0,1680.0,0.180096170249448,0.11924496645148935,0.34531864480721186,0.0,1680.0,1680.0,1680.0,1.021668339182264,0.8538266760641295,0.4169979347985677,0.40481301091621646,0.16387357380705278,0.20033603584768853
OpenElectricity_NEM/5T,short,top_k_15_mix,top_k_15_mix,,,,assembled_from_candidate_artifacts_no_independent_selected_method_latency,0.0,top_k_15,0.2497027348394768,1680.0,0.0,0.0,40320.0,0.0,1680.0,25200.0,25200.0,100.0,9147.167307118314,0.36298282964755213,0.0,14896.101537210343,2274413980.759774,47690.81652435586,0.0,1680.0,1680.0,1680.0,61.77603897702528,7516.080145477663,86.69532943289195,0.0,1680.0,1680.0,1680.0,72.45883861022173,9645.81824446818,98.2131266403233,0.0,1680.0,1680.0,1680.0,4.642794204861274,1725.617975524711,41.540558199483925,0.0,1680.0,1680.0,1680.0,0.18220798851306677,0.10586291629688153,0.3253658191895417,0.0,1680.0,1680.0,1680.0,0.43045922000181647,0.17132951428906032,0.4139196954592283,0.0,1680.0,1680.0,1680.0,0.18377985641053088,0.12724751082812943,0.3567176906576536,0.0,1680.0,1680.0,1680.0,0.18377985641053088,0.12724751082812943,0.3567176906576536,0.0,1680.0,1680.0,1680.0,1.021668339182264,0.8538266760641295,0.42132970504533096,0.40514096364239555,0.1641392004210889,0.20066076534272165
OpenElectricity_NEM/5T,short,top_k_20_mix,top_k_20_mix,,,,assembled_from_candidate_artifacts_no_independent_selected_method_latency,0.0,top_k_20,0.2235434007134364,1680.0,0.0,0.0,40320.0,0.0,1680.0,33600.0,33600.0,100.0,12763.858360263652,0.3798767369126087,0.0,15142.649909863592,2319127392.3846736,48157.31919848398,0.0,1680.0,1680.0,1680.0,62.625947713483654,7689.030029845304,87.68711438886163,0.0,1680.0,1680.0,1680.0,73.2303723656298,9779.962473054795,98.8936927870266,0.0,1680.0,1680.0,1680.0,4.709068359129178,1720.9450021527032,41.484274154825265,0.0,1680.0,1680.0,1680.0,0.1836066817227546,0.10821648049105313,0.3289627341980443,0.0,1680.0,1680.0,1680.0,0.43379108152442886,0.17077032702337272,0.41324366543647434,0.0,1680.0,1680.0,1680.0,0.18730772300002335,0.14057939847330372,0.3749391930344222,0.0,1680.0,1680.0,1680.0,0.18730772300002335,0.14057939847330372,0.3749391930344222,0.0,1680.0,1680.0,1680.0,1.021668339182264,0.8538266760641295,0.42459090184945153,0.4044792713917626,0.16360348098561112,0.20000584639797134
OpenElectricity_NEM/5T,medium,vanilla_univariate,vanilla_univariate,3.477931022644043e-05,0.0,0.0,measured_candidate_query_loop_precomputed_vanilla_fallback_separate_retrieval,0.0,,,420.0,0.0,0.0,40320.0,0.0,0.0,0.0,0.0,,0.0,,0.0,38726.79885264575,9447454850.431393,97198.01875774728,0.0,420.0,420.0,420.0,99.3839341623412,16118.853683329919,126.96004758714419,0.0,420.0,420.0,420.0,123.49415660157717,23475.992137910886,153.2187721459446,0.0,420.0,420.0,420.0,6.250862035774474,1021.5030781373778,31.96096178367256,0.0,420.0,420.0,420.0,0.23299248438937498,0.11017706348678936,0.33192930495331285,0.0,420.0,420.0,420.0,0.6449028965535343,0.18389659551251558,0.428831663374471,0.0,420.0,420.0,420.0,0.25021428923741024,0.22609533727414327,0.47549483411930277,0.0,420.0,420.0,420.0,0.25021428923741024,0.22609533727414327,0.47549483411930277,0.0,420.0,420.0,420.0,1.0220753966761364,0.5621339027558641,0.630973897474497,0.4195695002238218,0.17603856551806757,0.32714019668794514
OpenElectricity_NEM/5T,medium,top_k_1_mix,top_k_1_mix,,,,assembled_from_candidate_artifacts_no_independent_selected_method_latency,0.0,top_k_1,0.4786729857819905,420.0,0.0,0.0,40320.0,0.0,420.0,420.0,420.0,100.0,97.26763737064479,0.23158961278724952,0.0,37373.143670651276,11716487938.657204,108242.72695501165,0.0,420.0,420.0,420.0,94.92428322490352,16228.460170623144,127.39097366227776,0.0,420.0,420.0,420.0,118.27472153468022,23384.23391654512,152.91904366868476,0.0,420.0,420.0,420.0,6.074336268070055,939.976948088747,30.659043495985763,0.0,420.0,420.0,420.0,0.22624058731795124,0.10827931183871256,0.3290582195276583,0.0,420.0,420.0,420.0,0.6188560115873126,0.17619787953647356,0.4197593114351051,0.0,420.0,420.0,420.0,0.24228371789674724,0.21352829611724097,0.4620912205584964,0.0,420.0,420.0,420.0,0.24228371789674724,0.21352829611724097,0.4620912205584964,0.0,420.0,420.0,420.0,1.0220753966761364,0.5621339027558641,0.6054895887327661,0.4106930983762968,0.1686688210539226,0.31344467692246036
OpenElectricity_NEM/5T,medium,top_k_5_mix,top_k_5_mix,,,,assembled_from_candidate_artifacts_no_independent_selected_method_latency,0.0,top_k_5,0.43601895734597157,420.0,0.0,0.0,40320.0,0.0,420.0,2100.0,2100.0,100.0,640.6611841201474,0.3050767543429273,0.0,35418.454387516555,9747331070.202211,98728.57271429691,0.0,420.0,420.0,420.0,93.86363750455287,15717.556720667242,125.36968022878276,0.0,420.0,420.0,420.0,116.07493139340218,21945.064689533534,148.13866709786993,0.0,420.0,420.0,420.0,5.500881530749588,760.2390698423889,27.57243315056524,0.0,420.0,420.0,420.0,0.22320255874434863,0.10439769306418073,0.3231063185147897,0.0,420.0,420.0,420.0,0.6070233812705418,0.17162406673539693,0.41427535134907184,0.0,420.0,420.0,420.0,0.23408580801865295,0.19634336856083615,0.44310649798985813,0.0,420.0,420.0,420.0,0.23408580801865295,0.19634336856083615,0.44310649798985813,0.0,420.0,420.0,420.0,1.0220753966761364,0.5621339027558641,0.5939125266537342,0.4053275841452846,0.16429045046905277,0.305308158597105
OpenElectricity_NEM/5T,medium,top_k_10_mix,top_k_10_mix,,,,assembled_from_candidate_artifacts_no_independent_selected_method_latency,0.0,top_k_10,0.36492890995260663,420.0,0.0,0.0,40320.0,0.0,420.0,4200.0,4200.0,100.0,1441.0532447664257,0.34310791542057756,0.0,35924.6262916491,9650504039.985487,98236.97898442057,0.0,420.0,420.0,420.0,94.75698783185882,15939.063958426512,126.25000577594645,0.0,420.0,420.0,420.0,117.21260580237082,22185.831332667127,148.94908973426837,0.0,420.0,420.0,420.0,5.433478637473447,742.6615270914466,27.251816950277767,0.0,420.0,420.0,420.0,0.22718474798203023,0.10928160117152157,0.3305776779692204,0.0,420.0,420.0,420.0,0.6106056262491636,0.16714773615907533,0.4088370533098429,0.0,420.0,420.0,420.0,0.23739528304613933,0.20219042392980432,0.4496558950239664,0.0,420.0,420.0,420.0,0.23739528304613933,0.20219042392980432,0.4496558950239664,0.0,420.0,420.0,420.0,1.0220753966761364,0.5621339027558641,0.5974174001594182,0.4000067457248367,0.16000539662537414,0.2973450548697255
OpenElectricity_NEM/5T,medium,top_k_15_mix,top_k_15_mix,,,,assembled_from_candidate_artifacts_no_independent_selected_method_latency,0.0,top_k_15,0.35071090047393366,420.0,0.0,0.0,40320.0,0.0,420.0,6300.0,6300.0,100.0,2294.747891744428,0.3642456971022902,0.0,36745.489505798505,9225891442.208155,96051.5041121593,0.0,420.0,420.0,420.0,96.55761117512604,16124.216224520404,126.98116484156382,0.0,420.0,420.0,420.0,119.21969214642803,22532.15451030942,150.1071434353123,0.0,420.0,420.0,420.0,5.482338337156283,737.9893761807203,27.16595987961258,0.0,420.0,420.0,420.0,0.23000419211637121,0.11367053879655974,0.3371506173753205,0.0,420.0,420.0,420.0,0.617874800729807,0.17039022311276641,0.4127835063477784,0.0,420.0,420.0,420.0,0.24132852151182815,0.21655832354384438,0.46535827439065097,0.0,420.0,420.0,420.0,0.24132852151182815,0.21655832354384438,0.46535827439065097,0.0,420.0,420.0,420.0,1.0220753966761364,0.5621339027558641,0.6045295706551403,0.40386796090599614,0.16310932984636725,0.3031132302773904
OpenElectricity_NEM/5T,medium,top_k_20_mix,top_k_20_mix,,,,assembled_from_candidate_artifacts_no_independent_selected_method_latency,0.0,top_k_20,0.3033175355450237,420.0,0.0,0.0,40320.0,0.0,420.0,8400.0,8400.0,100.0,3194.353518633428,0.3802801807896938,0.0,37129.23642934528,9305081316.155848,96462.84940927179,0.0,420.0,420.0,420.0,97.33198540736495,16190.846179126775,127.24325592787531,0.0,420.0,420.0,420.0,120.1710412409967,22688.157276399947,150.62588514727454,0.0,420.0,420.0,420.0,5.823146481148189,846.0794594708226,29.087445048866403,0.0,420.0,420.0,420.0,0.23157357036840856,0.11497745312777671,0.33908325397721534,0.0,420.0,420.0,420.0,0.6226136242087307,0.17076610541982057,0.41323855751831845,0.0,420.0,420.0,420.0,0.24400868127251094,0.21974994998413672,0.4687749459859568,0.0,420.0,420.0,420.0,0.24400868127251094,0.21974994998413672,0.4687749459859568,0.0,420.0,420.0,420.0,1.0220753966761364,0.5621339027558641,0.609166042185846,0.4043131836087634,0.1634691504398536,0.30378190068707644
OpenElectricity_NEM/5T,long,vanilla_univariate,vanilla_univariate,2.1949410438537598e-05,0.0,0.0,measured_candidate_query_loop_precomputed_vanilla_fallback_separate_retrieval,0.0,,,140.0,0.0,0.0,40320.0,0.0,0.0,0.0,0.0,,0.0,,0.0,50546.43119276824,9986025579.283148,99930.10346879036,0.0,140.0,140.0,140.0,119.92539686438347,17651.64475898059,132.85949254374182,0.0,140.0,140.0,140.0,154.33904540416282,26725.890256500006,163.48055008624115,0.0,140.0,140.0,140.0,9.108265314696014,1476.5598906347336,38.42603141927011,0.0,140.0,140.0,140.0,0.2663964972786412,0.10000805185655795,0.31624049686363376,0.0,140.0,140.0,140.0,0.7907008535945231,0.1639751763238874,0.4049384846169692,0.0,140.0,140.0,140.0,0.29393479598980615,0.3224773730292477,0.5678709122936724,0.0,140.0,140.0,140.0,0.29393479598980615,0.3224773730292477,0.5678709122936724,0.0,140.0,140.0,140.0,1.0224745372877215,0.21617743752963614,0.773320825858397,0.3960377201090345,0.15684587574916192,0.7585212323622245
OpenElectricity_NEM/5T,long,top_k_1_mix,top_k_1_mix,,,,assembled_from_candidate_artifacts_no_independent_selected_method_latency,0.0,top_k_1,0.44366197183098594,140.0,0.0,0.0,40320.0,0.0,140.0,140.0,140.0,100.0,33.30836836017557,0.23791691685839694,0.0,47396.662788299735,8817511452.751936,93901.60516600308,0.0,140.0,140.0,140.0,114.20401196285734,16306.962925780444,127.69871935841974,0.0,140.0,140.0,140.0,148.32910712235088,25395.138768585886,159.358522735955,0.0,140.0,140.0,140.0,8.95182087646545,1609.4820286125287,40.118350272818155,0.0,140.0,140.0,140.0,0.2589467167057203,0.0961047802571233,0.3100077099962569,0.0,140.0,140.0,140.0,0.7545992114845171,0.14776959932288505,0.38440811557885335,0.0,140.0,140.0,140.0,0.2827538012819742,0.26776853538713186,0.5174635594775074,0.0,140.0,140.0,140.0,0.2827538012819742,0.26776853538713186,0.5174635594775074,0.0,140.0,140.0,140.0,1.0224745372877215,0.21617743752963614,0.7380127171540263,0.37595861956480386,0.1413448836250729,0.6835569937895442
OpenElectricity_NEM/5T,long,top_k_5_mix,top_k_5_mix,,,,assembled_from_candidate_artifacts_no_independent_selected_method_latency,0.0,top_k_5,0.4788732394366197,140.0,0.0,0.0,40320.0,0.0,140.0,700.0,700.0,100.0,215.48435614851667,0.3078347944978809,0.0,46507.54888698447,8367493844.617749,91474.0063877042,0.0,140.0,140.0,140.0,114.52605766114105,16139.523972732195,127.04142620709275,0.0,140.0,140.0,140.0,146.98207042558627,24903.819860392457,157.8094416072513,0.0,140.0,140.0,140.0,8.027765013880686,968.738811629179,31.12456926013883,0.0,140.0,140.0,140.0,0.25920346639849584,0.09720949720087853,0.31178437613337606,0.0,140.0,140.0,140.0,0.7415703523167347,0.13037562799112215,0.3610756541102185,0.0,140.0,140.0,140.0,0.2709030265416699,0.24591480717721775,0.49589798061417606,0.0,140.0,140.0,140.0,0.2709030265416699,0.24591480717721775,0.49589798061417606,0.0,140.0,140.0,140.0,1.0224745372877215,0.21617743752963614,0.7252702392803537,0.3531390180806163,0.12470716609094186,0.6030954454867601
OpenElectricity_NEM/5T,long,top_k_10_mix,top_k_10_mix,,,,assembled_from_candidate_artifacts_no_independent_selected_method_latency,0.0,top_k_10,0.352112676056338,140.0,0.0,0.0,40320.0,0.0,140.0,1400.0,1400.0,100.0,486.47387792491605,0.34748134137494,0.0,46678.59374098373,8997760036.516853,94856.52342626126,0.0,140.0,140.0,140.0,114.07364705200918,16383.574501407153,127.99833788533019,0.0,140.0,140.0,140.0,146.61715480893645,25182.003656716086,158.6883853869466,0.0,140.0,140.0,140.0,8.285071262013386,1037.594326597497,32.21171101629805,0.0,140.0,140.0,140.0,0.2590383987356934,0.0973146015659256,0.31195288356725537,0.0,140.0,140.0,140.0,0.7448911564861539,0.13894059010363158,0.37274735425436833,0.0,140.0,140.0,140.0,0.2739716380789712,0.27214490764331034,0.521675097779557,0.0,140.0,140.0,140.0,0.2739716380789712,0.27214490764331034,0.521675097779557,0.0,140.0,140.0,140.0,1.0224745372877215,0.21617743752963614,0.7285180503977123,0.3645541680119886,0.13289974141491323,0.6427155011705787
OpenElectricity_NEM/5T,long,top_k_15_mix,top_k_15_mix,,,,assembled_from_candidate_artifacts_no_independent_selected_method_latency,0.0,top_k_15,0.323943661971831,140.0,0.0,0.0,40320.0,0.0,140.0,2100.0,2100.0,100.0,772.0285938502476,0.36763266373821313,0.0,47986.61662584989,9535842938.120152,97651.64073439909,0.0,140.0,140.0,140.0,115.39892308997361,16833.737782606655,129.7448950155907,0.0,140.0,140.0,140.0,148.7646437527678,25855.69739496197,160.79706898747244,0.0,140.0,140.0,140.0,8.416384972328286,1114.9707252355422,33.39117735623502,0.0,140.0,140.0,140.0,0.26043789552145774,0.09964987030537219,0.31567367692820414,0.0,140.0,140.0,140.0,0.7520886138889489,0.14125644566368475,0.37584098454490666,0.0,140.0,140.0,140.0,0.27817599418324607,0.29008956863372776,0.5385996366817636,0.0,140.0,140.0,140.0,0.27817599418324607,0.29008956863372776,0.5385996366817636,0.0,140.0,140.0,140.0,1.0224745372877215,0.21617743752963614,0.7355573038366169,0.3675797986538476,0.13511490837840312,0.6534282544834017
OpenElectricity_NEM/5T,long,top_k_20_mix,top_k_20_mix,,,,assembled_from_candidate_artifacts_no_independent_selected_method_latency,0.0,top_k_20,0.3028169014084507,140.0,0.0,0.0,40320.0,0.0,140.0,2800.0,2800.0,100.0,1074.4718314880597,0.3837399398171642,0.0,48588.35444179038,9729031638.424818,98635.85371671306,0.0,140.0,140.0,140.0,116.63335065492078,17101.351129004797,130.77213437504489,0.0,140.0,140.0,140.0,150.04157251413534,26075.88095927586,161.4802804037566,0.0,140.0,140.0,140.0,8.99984878387125,1369.3198011345878,37.00432138459761,0.0,140.0,140.0,140.0,0.26153791468191273,0.10033408853566048,0.3167555659110988,0.0,140.0,140.0,140.0,0.7595658845710832,0.14346382431482893,0.37876618686840163,0.0,140.0,140.0,140.0,0.2834783952369699,0.30912506768738596,0.5559901686967009,0.0,140.0,140.0,140.0,0.2834783952369699,0.30912506768738596,0.5559901686967009,0.0,140.0,140.0,140.0,1.0224745372877215,0.21617743752963614,0.7428702201092988,0.370440703465477,0.13722631478399744,0.6636392120947461
EWELD_Load/15T,short,vanilla_univariate,vanilla_univariate,4.668906331062317e-05,0.0,0.0,measured_candidate_query_loop_precomputed_vanilla_fallback_separate_retrieval,0.0,,,560.0,0.0,0.0,13440.0,0.0,0.0,0.0,0.0,,0.0,,0.0,1182.3065841267958,9063784.17304711,3010.6119266765536,0.0,560.0,560.0,560.0,13.28969883485032,589.8502422562183,24.28683269296798,0.0,560.0,560.0,560.0,16.732718910858026,902.32270197701,30.038686755199702,0.0,560.0,560.0,560.0,0.3259245784458103,0.5685169929878715,0.7540006584797334,0.0,560.0,560.0,560.0,0.27151968973509977,0.12346898462767919,0.3513815371183853,0.0,560.0,560.0,560.0,0.5592457058390135,0.23417762986113877,0.48391903234026534,0.0,560.0,560.0,560.0,0.29982846283160136,0.4476153937858382,0.6690406518185859,0.0,560.0,560.0,560.0,0.29982846283160136,0.4476153937858382,0.6690406518185859,0.0,560.0,560.0,560.0,0.9109076791493171,0.6284262662910528,0.6139433431511792,0.5312492620461713,0.2822257784246016,0.3726413780303073
EWELD_Load/15T,short,top_k_1_mix,top_k_1_mix,,,,assembled_from_candidate_artifacts_no_independent_selected_method_latency,0.0,top_k_1,0.4608540925266904,560.0,0.0,0.0,13440.0,0.0,560.0,560.0,560.0,100.0,211.6809244788052,0.37800165085500925,0.0,1185.7267933697394,9132467.427077359,3021.9972579533155,0.0,560.0,560.0,560.0,13.190116654581756,589.0777698558164,24.270924371680128,0.0,560.0,560.0,560.0,16.671354543326146,907.7927310604581,30.12959891967462,0.0,560.0,560.0,560.0,0.32328547241211947,0.5338407924320503,0.7306440942292289,0.0,560.0,560.0,560.0,0.26923295575010925,0.11997695267386665,0.34637689396648075,0.0,560.0,560.0,560.0,0.5536595727084731,0.22709581953029104,0.476545716096883,0.0,560.0,560.0,560.0,0.31098331192855233,0.5607856905688744,0.7488562549440809,0.0,560.0,560.0,560.0,0.31098331192855233,0.5607856905688744,0.7488562549440809,0.0,560.0,560.0,560.0,0.9109076791493171,0.6284262662910528,0.6078108521661902,0.5231547905512465,0.2736909348767186,0.3613722591046387
EWELD_Load/15T,short,top_k_5_mix,top_k_5_mix,,,,assembled_from_candidate_artifacts_no_independent_selected_method_latency,0.0,top_k_5,0.4128113879003559,560.0,0.0,0.0,13440.0,0.0,560.0,2800.0,2800.0,100.0,1233.193903502955,0.4404263941081982,0.0,1152.9154773205796,8647861.347857337,2940.7246297226366,0.0,560.0,560.0,560.0,13.110200490715146,572.1581938269647,23.919828465667656,0.0,560.0,560.0,560.0,16.51977410571945,880.0125408165808,29.665005323049932,0.0,560.0,560.0,560.0,0.3238514340698868,0.5424241551757643,0.7364945045115844,0.0,560.0,560.0,560.0,0.27003957671603557,0.11677004215010664,0.34171631823795984,0.0,560.0,560.0,560.0,0.5525671480162822,0.22526201315090164,0.47461775477841284,0.0,560.0,560.0,560.0,0.3450210692978234,0.9212996980189065,0.9598435799748345,0.0,560.0,560.0,560.0,0.3450210692978234,0.9212996980189065,0.9598435799748345,0.0,560.0,560.0,560.0,0.9109076791493171,0.6284262662910528,0.6066115816833559,0.5210382628694613,0.2714808713740259,0.3584541659602951
EWELD_Load/15T,short,top_k_10_mix,top_k_10_mix,,,,assembled_from_candidate_artifacts_no_independent_selected_method_latency,0.0,top_k_10,0.3469750889679715,560.0,0.0,0.0,13440.0,0.0,560.0,5600.0,5600.0,100.0,2661.799387345344,0.4753213191688114,0.0,1138.349742513357,8477554.491939953,2911.6240299770766,0.0,560.0,560.0,560.0,13.15942723001582,569.8361224950713,23.871240489238748,0.0,560.0,560.0,560.0,16.476298828905627,866.8813194139599,29.44284835769053,0.0,560.0,560.0,560.0,0.3363147829936314,0.5646913670865029,0.751459491314404,0.0,560.0,560.0,560.0,0.2736115369661783,0.11476809577490601,0.33877440247885615,0.0,560.0,560.0,560.0,0.5591568776585545,0.22711614010123146,0.47656703631412806,0.0,560.0,560.0,560.0,0.38654308028284107,1.4660013497909274,1.2107854268163816,0.0,560.0,560.0,560.0,0.38654308028284107,1.4660013497909274,1.2107854268163816,0.0,560.0,560.0,560.0,0.9109076791493171,0.6284262662910528,0.6138458270334735,0.5231781960156344,0.2737154247861736,0.36140459475327474
EWELD_Load/15T,short,top_k_15_mix,top_k_15_mix,,,,assembled_from_candidate_artifacts_no_independent_selected_method_latency,0.0,top_k_15,0.304270462633452,560.0,0.0,0.0,13440.0,0.0,560.0,8400.0,8400.0,100.0,4240.929248306387,0.5048725295602842,0.0,1141.9350034899792,8447053.611811908,2906.381532389013,0.0,560.0,560.0,560.0,13.356016757964278,578.999858337585,24.06241588738722,0.0,560.0,560.0,560.0,16.575021030315593,867.2036813345749,29.448322215952725,0.0,560.0,560.0,560.0,0.3567251061330194,0.5933391641359953,0.7702851187294191,0.0,560.0,560.0,560.0,0.2827910854383465,0.11716833436391456,0.3422986040928513,0.0,560.0,560.0,560.0,0.5659708938255954,0.22787292201075066,0.4773603691245752,0.0,560.0,560.0,560.0,0.4449427854087513,2.6404870665422924,1.6249575583818465,0.0,560.0,560.0,560.0,0.4449427854087513,2.6404870665422924,1.6249575583818465,0.0,560.0,560.0,560.0,0.9109076791493171,0.6284262662910528,0.6213262954969784,0.5240491216084322,0.2746274818585693,0.3626088440822942
EWELD_Load/15T,short,top_k_20_mix,top_k_20_mix,,,,assembled_from_candidate_artifacts_no_independent_selected_method_latency,0.0,top_k_20,0.2775800711743772,560.0,0.0,0.0,13440.0,0.0,560.0,11200.0,11200.0,100.0,5786.99550127143,0.5166960268992348,0.0,1141.2736952599403,8357916.207122847,2891.00608908436,0.0,560.0,560.0,560.0,13.445957515773589,581.6480429404332,24.117380515728346,0.0,560.0,560.0,560.0,16.62784657883593,864.7884134106346,29.40728503977602,0.0,560.0,560.0,560.0,0.3728258946106001,0.6235064941312036,0.7896242740260735,0.0,560.0,560.0,560.0,0.28770939983329574,0.11863035624797895,0.34442757765309523,0.0,560.0,560.0,560.0,0.5696915591721303,0.2272525954554273,0.4767101797270825,0.0,560.0,560.0,560.0,0.4726085291243726,3.1294034864184774,1.7690120085568886,0.0,560.0,560.0,560.0,0.4726085291243726,3.1294034864184774,1.7690120085568886,0.0,560.0,560.0,560.0,0.9109076791493171,0.6284262662910528,0.6254108645830679,0.5233353397264967,0.2738798778066477,0.36162173296266437
EWELD_Load/15T,medium,vanilla_univariate,vanilla_univariate,2.0930543541908264e-05,0.0,0.0,measured_candidate_query_loop_precomputed_vanilla_fallback_separate_retrieval,0.0,,,140.0,0.0,0.0,13440.0,0.0,0.0,0.0,0.0,,0.0,,0.0,1263.009173315335,7715603.440467228,2777.697507013179,0.0,140.0,140.0,140.0,14.472853343421592,552.9544526051397,23.51498357654412,0.0,140.0,140.0,140.0,19.35041737031393,888.5705209099879,29.80890002851477,0.0,140.0,140.0,140.0,0.3673451698357326,0.2845959303908601,0.5334753325045687,0.0,140.0,140.0,140.0,0.29814372067764505,0.07898883140158469,0.28104951770388203,0.0,140.0,140.0,140.0,0.6499942144093132,0.1297236411934557,0.3601716829422542,0.0,140.0,140.0,140.0,0.218886389380296,0.026329505811401907,0.1622636922154858,0.0,140.0,140.0,140.0,0.218886389380296,0.026329505811401907,0.1622636922154858,0.0,140.0,140.0,140.0,0.9107484734313388,0.24043824963022473,0.7136923457696206,0.39546778660552706,0.1563947702426747,0.5395299682681959
EWELD_Load/15T,medium,top_k_1_mix,top_k_1_mix,,,,assembled_from_candidate_artifacts_no_independent_selected_method_latency,0.0,top_k_1,0.38028169014084506,140.0,0.0,0.0,13440.0,0.0,140.0,140.0,140.0,100.0,53.26764342761228,0.3804831673400877,0.0,1255.1786022788092,7688035.266761768,2772.7306516792733,0.0,140.0,140.0,140.0,14.334620315792113,548.0725895380183,23.410950205790844,0.0,140.0,140.0,140.0,19.265649890280827,884.0133365839318,29.73236177272051,0.0,140.0,140.0,140.0,0.37002779693150417,0.2818675267688089,0.5309119764789724,0.0,140.0,140.0,140.0,0.29833908574010093,0.07910831190403254,0.2812619986845584,0.0,140.0,140.0,140.0,0.6466583271385646,0.12678705581921837,0.3560717003908319,0.0,140.0,140.0,140.0,0.21828681611205095,0.02610578912650486,0.16157286011736272,0.0,140.0,140.0,140.0,0.21828681611205095,0.02610578912650486,0.16157286011736272,0.0,140.0,140.0,140.0,0.9107484734313388,0.24043824963022473,0.71002954822665,0.3909660139745226,0.1528544240831266,0.5273164981620311
EWELD_Load/15T,medium,top_k_5_mix,top_k_5_mix,,,,assembled_from_candidate_artifacts_no_independent_selected_method_latency,0.0,top_k_5,0.4507042253521127,140.0,0.0,0.0,13440.0,0.0,140.0,700.0,700.0,100.0,307.55618679970854,0.4393659811424408,0.0,1214.7107080136084,7363600.238345256,2713.595444856373,0.0,140.0,140.0,140.0,14.081453004983736,528.9936950044383,22.99986293447068,0.0,140.0,140.0,140.0,18.871217788698907,858.5878471851026,29.301669699611022,0.0,140.0,140.0,140.0,0.37302648254935616,0.27033796803907373,0.5199403504625062,0.0,140.0,140.0,140.0,0.2970807336445439,0.07610925237317254,0.27587905388625017,0.0,140.0,140.0,140.0,0.6387282953290241,0.12635479236992714,0.3554641928098063,0.0,140.0,140.0,140.0,0.21468626232989516,0.02446182803894152,0.15640277503593572,0.0,140.0,140.0,140.0,0.21468626232989516,0.02446182803894152,0.15640277503593572,0.0,140.0,140.0,140.0,0.9107484734313388,0.24043824963022473,0.7013223891801316,0.39029897186712625,0.15233328744053581,0.5255186833386575
EWELD_Load/15T,medium,top_k_10_mix,top_k_10_mix,,,,assembled_from_candidate_artifacts_no_independent_selected_method_latency,0.0,top_k_10,0.44366197183098594,140.0,0.0,0.0,13440.0,0.0,140.0,1400.0,1400.0,100.0,663.8455877347835,0.47417541981055966,0.0,1213.5189189848834,7488127.384368251,2736.4442958642976,0.0,140.0,140.0,140.0,14.108738680999627,534.3946993373764,23.11697859447416,0.0,140.0,140.0,140.0,18.814217723467852,859.5441304388316,29.317983055435988,0.0,140.0,140.0,140.0,0.377667786813277,0.26771046083926675,0.5174074418089353,0.0,140.0,140.0,140.0,0.29986731547068834,0.07373234306031165,0.2715370012729603,0.0,140.0,140.0,140.0,0.6370805075721662,0.12491656749077261,0.35343537951197335,0.0,140.0,140.0,140.0,0.2142808077134677,0.024702071202445948,0.15716892568967297,0.0,140.0,140.0,140.0,0.2142808077134677,0.024702071202445948,0.15716892568967297,0.0,140.0,140.0,140.0,0.9107484734313388,0.24043824963022473,0.6995131215228939,0.38807133892892415,0.1505993640980879,0.5195370024648097
EWELD_Load/15T,medium,top_k_15_mix,top_k_15_mix,,,,assembled_from_candidate_artifacts_no_independent_selected_method_latency,0.0,top_k_15,0.39436619718309857,140.0,0.0,0.0,13440.0,0.0,140.0,2100.0,2100.0,100.0,1062.2707574108515,0.5058432178146912,0.0,1202.7568225439284,7331540.511963788,2707.681759728013,0.0,140.0,140.0,140.0,14.215868059171285,535.6707777896352,23.144562596636714,0.0,140.0,140.0,140.0,18.78037123304557,850.0544788929226,29.155693764562052,0.0,140.0,140.0,140.0,0.38849890569929724,0.2685761266487866,0.5182433083492604,0.0,140.0,140.0,140.0,0.3053456376783025,0.07301593770123799,0.2702146141518589,0.0,140.0,140.0,140.0,0.6425735919760868,0.12374046097406816,0.3517676235443907,0.0,140.0,140.0,140.0,0.21637224094613053,0.02531861041396358,0.15911822778664794,0.0,140.0,140.0,140.0,0.21637224094613053,0.02531861041396358,0.15911822778664794,0.0,140.0,140.0,140.0,0.9107484734313388,0.24043824963022473,0.7055445171981727,0.3862401462162982,0.1491814505491874,0.5146454907418904
EWELD_Load/15T,medium,top_k_20_mix,top_k_20_mix,,,,assembled_from_candidate_artifacts_no_independent_selected_method_latency,0.0,top_k_20,0.3732394366197183,140.0,0.0,0.0,13440.0,0.0,140.0,2800.0,2800.0,100.0,1450.0947677791637,0.5178909884925584,0.0,1203.042882606373,7308036.72121236,2703.3380700926696,0.0,140.0,140.0,140.0,14.319430852620975,538.7953100327692,23.211964803367447,0.0,140.0,140.0,140.0,18.802648611926582,849.5032877827884,29.146239685125565,0.0,140.0,140.0,140.0,0.39837048971130967,0.2695094602861059,0.5191430056218671,0.0,140.0,140.0,140.0,0.3095462294273449,0.07178739213672079,0.26793169304268727,0.0,140.0,140.0,140.0,0.646591777155308,0.12449197907504694,0.35283420904873575,0.0,140.0,140.0,140.0,0.21706989330069335,0.024983058922966414,0.15806030154016035,0.0,140.0,140.0,140.0,0.21706989330069335,0.024983058922966414,0.15806030154016035,0.0,140.0,140.0,140.0,0.9107484734313388,0.24043824963022473,0.7099564764783045,0.3874112549641686,0.15008748047291207,0.5177711086589005
EWELD_Load/15T,long,vanilla_univariate,vanilla_univariate,1.4640390872955322e-05,0.0,0.0,measured_candidate_query_loop_precomputed_vanilla_fallback_separate_retrieval,0.0,,,20.0,0.0,0.0,13440.0,0.0,0.0,0.0,0.0,,0.0,,0.0,1392.134127799461,9047091.503778672,3007.8383440236066,0.0,20.0,20.0,20.0,15.80352517183471,584.2745424395042,24.1717716032463,0.0,20.0,20.0,20.0,21.413524069788664,933.5951147120426,30.554788736171005,0.0,20.0,20.0,20.0,0.4381455133382383,0.11666683159134521,0.34156526695691003,0.0,20.0,20.0,20.0,0.3345793397937493,0.07222469480405101,0.2687465251943753,0.0,20.0,20.0,20.0,0.7579333755376296,0.10620297428577079,0.32588797812403386,0.0,20.0,20.0,20.0,0.23646178094478348,0.012015247395384496,0.10961408392804502,0.0,20.0,20.0,20.0,0.23646178094478348,0.012015247395384496,0.10961408392804502,0.0,20.0,20.0,20.0,0.9730884442803625,0.237943187485963,0.778894642098182,0.33490067633578874,0.11215846301016874,0.44633752875163124
EWELD_Load/15T,long,top_k_1_mix,top_k_1_mix,,,,assembled_from_candidate_artifacts_no_independent_selected_method_latency,0.0,top_k_1,0.3181818181818182,20.0,0.0,0.0,13440.0,0.0,20.0,20.0,20.0,100.0,8.105820105820104,0.4052910052910052,0.0,1394.6112565085632,9453020.015727406,3074.5763961442567,0.0,20.0,20.0,20.0,15.650038356879046,591.4112503426372,24.318948380689434,0.0,20.0,20.0,20.0,21.18260921535183,945.908323338255,30.75562262966326,0.0,20.0,20.0,20.0,0.4354271758620801,0.1229370607431377,0.35062381656575714,0.0,20.0,20.0,20.0,0.32969191445389756,0.06916979122375447,0.2630015042233684,0.0,20.0,20.0,20.0,0.7489540624884041,0.1155035774211441,0.3398581725089807,0.0,20.0,20.0,20.0,0.23253529830908284,0.012903229349947804,0.113592382446834,0.0,20.0,20.0,20.0,0.23253529830908284,0.012903229349947804,0.113592382446834,0.0,20.0,20.0,20.0,0.9730884442803625,0.237943187485963,0.7696669988125133,0.34925722785693886,0.12198061121031373,0.48542502368536194
EWELD_Load/15T,long,top_k_5_mix,top_k_5_mix,,,,assembled_from_candidate_artifacts_no_independent_selected_method_latency,0.0,top_k_5,0.45454545454545453,20.0,0.0,0.0,13440.0,0.0,20.0,100.0,100.0,100.0,45.98677248677249,0.45986772486772487,0.0,1362.3961042574601,9191231.38047594,3031.7043689113125,0.0,20.0,20.0,20.0,15.44434566512906,576.9846342844261,24.02050445524461,0.0,20.0,20.0,20.0,20.94198741935225,923.8292671851523,30.394559828777787,0.0,20.0,20.0,20.0,0.4243786760739078,0.10301464741232695,0.32095894973084477,0.0,20.0,20.0,20.0,0.33445762027871023,0.07043887320172383,0.26540322756463197,0.0,20.0,20.0,20.0,0.7516054847904239,0.12004319429166485,0.3464725014942237,0.0,20.0,20.0,20.0,0.23439516524812581,0.013515507122820103,0.11625621326544273,0.0,20.0,20.0,20.0,0.23439516524812581,0.013515507122820103,0.11625621326544273,0.0,20.0,20.0,20.0,0.9730884442803625,0.237943187485963,0.7723917483639074,0.3560544815126788,0.12677479380526255,0.5045035983589427
EWELD_Load/15T,long,top_k_10_mix,top_k_10_mix,,,,assembled_from_candidate_artifacts_no_independent_selected_method_latency,0.0,top_k_10,0.4090909090909091,20.0,0.0,0.0,13440.0,0.0,20.0,200.0,200.0,100.0,95.4973544973545,0.47748677248677246,0.0,1336.6618466546756,8566396.838902807,2926.8407607696745,0.0,20.0,20.0,20.0,15.604300835673902,564.2317396105171,23.75356267195549,0.0,20.0,20.0,20.0,20.897866759248416,899.9410115673758,29.99901684334631,0.0,20.0,20.0,20.0,0.4176295140101313,0.09519171462037726,0.3085315455838791,0.0,20.0,20.0,20.0,0.332390943031437,0.0680348795708714,0.260834966158434,0.0,20.0,20.0,20.0,0.7496546255552404,0.1147055815259523,0.3386821246035171,0.0,20.0,20.0,20.0,0.23131820584553378,0.012146358035600286,0.11021051690106659,0.0,20.0,20.0,20.0,0.23131820584553378,0.012146358035600286,0.11021051690106659,0.0,20.0,20.0,20.0,0.9730884442803625,0.237943187485963,0.7703869365231645,0.34804865538608465,0.12113786651606152,0.48207129919497754
EWELD_Load/15T,long,top_k_15_mix,top_k_15_mix,,,,assembled_from_candidate_artifacts_no_independent_selected_method_latency,0.0,top_k_15,0.45454545454545453,20.0,0.0,0.0,13440.0,0.0,20.0,300.0,300.0,100.0,152.61507936507934,0.5087169312169312,0.0,1366.154109664715,9291120.78683934,3048.1339843975593,0.0,20.0,20.0,20.0,15.830670980502607,591.5248923723892,24.32128475990504,0.0,20.0,20.0,20.0,20.970720699424934,926.3829830114257,30.43654026021068,0.0,20.0,20.0,20.0,0.4323992277834134,0.09337117698814426,0.30556697627221474,0.0,20.0,20.0,20.0,0.3388560478925865,0.0678232900173539,0.26042904987223275,0.0,20.0,20.0,20.0,0.7528292551231267,0.11204734096367504,0.33473473223386163,0.0,20.0,20.0,20.0,0.2324484128504385,0.012751187420852997,0.11292115577186145,0.0,20.0,20.0,20.0,0.2324484128504385,0.012751187420852997,0.11292115577186145,0.0,20.0,20.0,20.0,0.9730884442803625,0.237943187485963,0.7736493630647046,0.34399209465632,0.11833056118604263,0.4708995544168923
EWELD_Load/15T,long,top_k_20_mix,top_k_20_mix,,,,assembled_from_candidate_artifacts_no_independent_selected_method_latency,0.0,top_k_20,0.4090909090909091,20.0,0.0,0.0,13440.0,0.0,20.0,400.0,400.0,100.0,209.51984126984127,0.5237996031746032,0.0,1347.7206420243908,8959872.730508177,2993.3046504671347,0.0,20.0,20.0,20.0,15.813933326980134,582.0350897260395,24.125403410638327,0.0,20.0,20.0,20.0,20.925173864021893,909.8577407848461,30.163848242305658,0.0,20.0,20.0,20.0,0.44041108358622083,0.09175389175939816,0.30290904865883117,0.0,20.0,20.0,20.0,0.3411873744062924,0.06554878942974966,0.25602497813641084,0.0,20.0,20.0,20.0,0.7561028187422423,0.1148500822439513,0.33889538539784114,0.0,20.0,20.0,20.0,0.23245537047688472,0.012248555067976886,0.11067319037588501,0.0,20.0,20.0,20.0,0.23245537047688472,0.012248555067976886,0.11067319037588501,0.0,20.0,20.0,20.0,0.9730884442803625,0.237943187485963,0.7770134597594676,0.3482678140818615,0.12129047032535809,0.48267859003413016
SG_Carpark/15T,short,vanilla_univariate,vanilla_univariate,0.0006302371621131897,0.0,0.0,measured_candidate_query_loop_precomputed_vanilla_fallback_separate_retrieval,0.0,,,14868.0,0.0,0.0,235056.0,0.0,0.0,0.0,0.0,,0.0,,0.0,234.49700787380172,3860045.7727989187,1964.6999192749306,0.0,14868.0,14868.0,14868.0,5.884189152767167,78.2045380474055,8.84333297164624,0.0,14868.0,14868.0,14868.0,7.525828684602401,177.85891048381743,13.33637546276414,0.0,14868.0,14868.0,14868.0,0.03730525752930124,0.030919721940278963,0.17584004646348045,0.0,14811.0,14868.0,14868.0,0.04671275347118722,0.026370135859076025,0.1623888415473059,0.0,14868.0,14868.0,14868.0,0.40559594179022385,0.22936929834210823,0.4789251489973232,0.0,14868.0,14868.0,14868.0,0.036627414630825306,0.014089749731403187,0.11870025160631795,0.0,14811.0,14868.0,14868.0,0.036627414630825306,0.014089749731403187,0.11870025160631795,0.0,14811.0,14868.0,14868.0,0.9420673883040124,1.3572945477146132,0.4305381407166755,0.5083767413491765,0.25844691114480756,0.16899006831517588
SG_Carpark/15T,short,top_k_1_mix,top_k_1_mix,,,,assembled_from_candidate_artifacts_no_independent_selected_method_latency,2478.0,top_k_1,0.4491607488702389,14868.0,0.0,0.0,235056.0,0.0,14868.0,12390.0,4432.0,35.770782889426954,7011.2684058865025,0.5658812272709042,0.16666666666666666,227.0370987771665,3730279.3584671896,1931.393113394368,0.0,14868.0,14868.0,14868.0,5.760406706674234,74.06760312165773,8.606253721664132,0.0,14868.0,14868.0,14868.0,7.384454484420569,172.50693074468742,13.134189382854483,0.0,14868.0,14868.0,14868.0,0.036247370396539504,0.028507492577444397,0.1688416198022407,0.0,14811.0,14868.0,14868.0,0.046084551482454696,0.026216332452756595,0.16191458381738377,0.0,14868.0,14868.0,14868.0,0.3978342036914287,0.21526681738100584,0.46396855214659305,0.0,14868.0,14868.0,14868.0,0.035791843219492206,0.012324409730973224,0.11101535808604693,0.0,14811.0,14868.0,14868.0,0.035791843219492206,0.012324409730973224,0.11101535808604693,0.0,14811.0,14868.0,14868.0,0.9420673883040124,1.3572945477146132,0.42229909306980973,0.4925003857546408,0.24255662996846997,0.1585999278811427
SG_Carpark/15T,short,top_k_5_mix,top_k_5_mix,,,,assembled_from_candidate_artifacts_no_independent_selected_method_latency,2478.0,top_k_5,0.3974338282763073,14868.0,0.0,0.0,235056.0,0.0,14868.0,61950.0,19404.0,31.322033898305083,34732.43316587894,0.5606526741869078,0.16666666666666666,225.77343860497294,3635352.123620024,1906.6599391658765,0.0,14868.0,14868.0,14868.0,5.818633290356873,74.23781564120733,8.616136932593825,0.0,14868.0,14868.0,14868.0,7.43423434234381,170.50559834808885,13.057779227268657,0.0,14868.0,14868.0,14868.0,0.03694959793325761,0.03328114305316104,0.1824312008762784,0.0,14811.0,14868.0,14868.0,0.04610725801257672,0.025979878795648604,0.16118274968385607,0.0,14868.0,14868.0,14868.0,0.40146365872225204,0.21536615741954304,0.4640755945097124,0.0,14868.0,14868.0,14868.0,0.03629346777207992,0.01550879414464591,0.12453430910655067,0.0,14811.0,14868.0,14868.0,0.03629346777207992,0.01550879414464591,0.12453430910655067,0.0,14811.0,14868.0,14868.0,0.9420673883040124,1.3572945477146132,0.42615174212218526,0.4926140107080659,0.24266856354588648,0.15867311762371145
SG_Carpark/15T,short,top_k_10_mix,top_k_10_mix,,,,assembled_from_candidate_artifacts_no_independent_selected_method_latency,2478.0,top_k_10,0.3489347966429955,14868.0,0.0,0.0,235056.0,0.0,14868.0,123900.0,33651.0,27.159806295399516,69689.59967249275,0.562466502602847,0.16666666666666666,230.61681661715437,3677683.274365926,1917.728675899155,0.0,14868.0,14868.0,14868.0,5.986347243679628,77.14376981148378,8.783152612330255,0.0,14868.0,14868.0,14868.0,7.5966866659235395,172.90716831693388,13.149417033349193,0.0,14868.0,14868.0,14868.0,0.03760997019211941,0.03119645430279217,0.1766251802625893,0.0,14811.0,14868.0,14868.0,0.04669970205733665,0.025942376142617986,0.1610663718552634,0.0,14868.0,14868.0,14868.0,0.4113257950230184,0.2223155349709842,0.4715034835194584,0.0,14868.0,14868.0,14868.0,0.0370262052643508,0.015918129902607898,0.12616707138793345,0.0,14811.0,14868.0,14868.0,0.0370262052643508,0.015918129902607898,0.12616707138793345,0.0,14811.0,14868.0,14868.0,0.9420673883040124,1.3572945477146132,0.4366203523545392,0.5004986791531951,0.250498927834093,0.16379313933391604
SG_Carpark/15T,short,top_k_15_mix,top_k_15_mix,,,,assembled_from_candidate_artifacts_no_independent_selected_method_latency,2478.0,top_k_15,0.31108779857972885,14868.0,0.0,0.0,235056.0,0.0,14868.0,185850.0,43571.0,23.444175410277104,105061.21073213864,0.5653011069794923,0.16666666666666666,234.11540444114723,3646920.476414668,1909.6911992295163,0.0,14868.0,14868.0,14868.0,6.1324085480919255,78.87686017508297,8.881264559457902,0.0,14868.0,14868.0,14868.0,7.735450419562973,174.27821124763028,13.201447316397937,0.0,14868.0,14868.0,14868.0,0.03812655194669187,0.030950675307444966,0.17592804013983945,0.0,14811.0,14868.0,14868.0,0.04717139071838981,0.025878193204380364,0.16086700471004103,0.0,14868.0,14868.0,14868.0,0.4196367066843066,0.22586570058645133,0.4752533014997911,0.0,14868.0,14868.0,14868.0,0.037582245361235056,0.017104395934160663,0.13078377550048273,0.0,14811.0,14868.0,14868.0,0.037582245361235056,0.017104395934160663,0.13078377550048273,0.0,14811.0,14868.0,14868.0,0.9420673883040124,1.3572945477146132,0.44544234509568503,0.5044790928973578,0.25449915517054095,0.1664087584870651
SG_Carpark/15T,short,top_k_20_mix,top_k_20_mix,,,,assembled_from_candidate_artifacts_no_independent_selected_method_latency,2478.0,top_k_20,0.2779212395093609,14868.0,0.0,0.0,235056.0,0.0,14868.0,247800.0,49273.0,19.884180790960453,140503.11667294998,0.5670020850401533,0.16666666666666666,235.6058789837542,3624280.0286906674,1903.7541933481505,0.0,14868.0,14868.0,14868.0,6.217097956028496,79.24817025722517,8.902144138196435,0.0,14868.0,14868.0,14868.0,7.8132240568821505,174.5594088207122,13.212093279291976,0.0,14868.0,14868.0,14868.0,0.03867852698048013,0.03225098085032911,0.17958558085305487,0.0,14811.0,14868.0,14868.0,0.04751559422167928,0.0259400965415709,0.16105929511074765,0.0,14868.0,14868.0,14868.0,0.42458521555206363,0.22625982221663699,0.4756677645338572,0.0,14868.0,14868.0,14868.0,0.038128256411089634,0.01927602093365632,0.1388381105232145,0.0,14811.0,14868.0,14868.0,0.038128256411089634,0.01927602093365632,0.1388381105232145,0.0,14811.0,14868.0,14868.0,0.9420673883040124,1.3572945477146132,0.4506951634494397,0.504919043413862,0.2549432404019694,0.16669913144321472
SG_Carpark/15T,medium,vanilla_univariate,vanilla_univariate,0.00011749193072319031,0.0,0.0,measured_candidate_query_loop_precomputed_vanilla_fallback_separate_retrieval,0.0,,,2478.0,0.0,0.0,235056.0,0.0,0.0,0.0,0.0,,0.0,,0.0,515.6485424432852,6590404.026778986,2567.178222636478,0.0,2478.0,2478.0,2478.0,9.515588783083349,176.5507926814015,13.287241725858738,0.0,2478.0,2478.0,2478.0,13.086211943344635,344.3995994171495,18.55800634273923,0.0,2478.0,2478.0,2478.0,0.06033483028518588,0.12784169805212944,0.35754957425807327,0.0,2472.0,2478.0,2478.0,0.06190096181731398,0.022866550895176346,0.15121690016389155,0.0,2478.0,2478.0,2478.0,0.6267502229170061,0.35094359813423737,0.5924049275067159,0.0,2478.0,2478.0,2478.0,0.052091055112527034,0.017304097469911364,0.13154503970090003,0.0,2472.0,2478.0,2478.0,0.052091055112527034,0.017304097469911364,0.13154503970090003,0.0,2472.0,2478.0,2478.0,0.9472441633805834,0.6915537435383057,0.661656463187085,0.6253983401623766,0.3911230838778557,0.5074711855923868
SG_Carpark/15T,medium,top_k_1_mix,top_k_1_mix,,,,assembled_from_candidate_artifacts_no_independent_selected_method_latency,0.0,top_k_1,0.0,2478.0,0.0,0.0,235056.0,0.0,0.0,0.0,0.0,,0.0,,0.0,515.6485424432852,6590404.026778986,2567.178222636478,0.0,2478.0,2478.0,2478.0,9.515588783083349,176.5507926814015,13.287241725858738,0.0,2478.0,2478.0,2478.0,13.086211943344635,344.3995994171495,18.55800634273923,0.0,2478.0,2478.0,2478.0,0.06033483028518588,0.12784169805212944,0.35754957425807327,0.0,2472.0,2478.0,2478.0,0.06190096181731398,0.022866550895176346,0.15121690016389155,0.0,2478.0,2478.0,2478.0,0.6267502229170061,0.35094359813423737,0.5924049275067159,0.0,2478.0,2478.0,2478.0,0.052091055112527034,0.017304097469911364,0.13154503970090003,0.0,2472.0,2478.0,2478.0,0.052091055112527034,0.017304097469911364,0.13154503970090003,0.0,2472.0,2478.0,2478.0,0.9472441633805834,0.6915537435383057,0.661656463187085,0.6253983401623766,0.3911230838778557,0.5074711855923868
SG_Carpark/15T,medium,top_k_5_mix,top_k_5_mix,,,,assembled_from_candidate_artifacts_no_independent_selected_method_latency,0.0,top_k_5,0.0,2478.0,0.0,0.0,235056.0,0.0,0.0,0.0,0.0,,0.0,,0.0,515.6485424432852,6590404.026778986,2567.178222636478,0.0,2478.0,2478.0,2478.0,9.515588783083349,176.5507926814015,13.287241725858738,0.0,2478.0,2478.0,2478.0,13.086211943344635,344.3995994171495,18.55800634273923,0.0,2478.0,2478.0,2478.0,0.06033483028518588,0.12784169805212944,0.35754957425807327,0.0,2472.0,2478.0,2478.0,0.06190096181731398,0.022866550895176346,0.15121690016389155,0.0,2478.0,2478.0,2478.0,0.6267502229170061,0.35094359813423737,0.5924049275067159,0.0,2478.0,2478.0,2478.0,0.052091055112527034,0.017304097469911364,0.13154503970090003,0.0,2472.0,2478.0,2478.0,0.052091055112527034,0.017304097469911364,0.13154503970090003,0.0,2472.0,2478.0,2478.0,0.9472441633805834,0.6915537435383057,0.661656463187085,0.6253983401623766,0.3911230838778557,0.5074711855923868
SG_Carpark/15T,medium,top_k_10_mix,top_k_10_mix,,,,assembled_from_candidate_artifacts_no_independent_selected_method_latency,0.0,top_k_10,0.0,2478.0,0.0,0.0,235056.0,0.0,0.0,0.0,0.0,,0.0,,0.0,515.6485424432852,6590404.026778986,2567.178222636478,0.0,2478.0,2478.0,2478.0,9.515588783083349,176.5507926814015,13.287241725858738,0.0,2478.0,2478.0,2478.0,13.086211943344635,344.3995994171495,18.55800634273923,0.0,2478.0,2478.0,2478.0,0.06033483028518588,0.12784169805212944,0.35754957425807327,0.0,2472.0,2478.0,2478.0,0.06190096181731398,0.022866550895176346,0.15121690016389155,0.0,2478.0,2478.0,2478.0,0.6267502229170061,0.35094359813423737,0.5924049275067159,0.0,2478.0,2478.0,2478.0,0.052091055112527034,0.017304097469911364,0.13154503970090003,0.0,2472.0,2478.0,2478.0,0.052091055112527034,0.017304097469911364,0.13154503970090003,0.0,2472.0,2478.0,2478.0,0.9472441633805834,0.6915537435383057,0.661656463187085,0.6253983401623766,0.3911230838778557,0.5074711855923868
SG_Carpark/15T,medium,top_k_15_mix,top_k_15_mix,,,,assembled_from_candidate_artifacts_no_independent_selected_method_latency,0.0,top_k_15,0.0,2478.0,0.0,0.0,235056.0,0.0,0.0,0.0,0.0,,0.0,,0.0,515.6485424432852,6590404.026778986,2567.178222636478,0.0,2478.0,2478.0,2478.0,9.515588783083349,176.5507926814015,13.287241725858738,0.0,2478.0,2478.0,2478.0,13.086211943344635,344.3995994171495,18.55800634273923,0.0,2478.0,2478.0,2478.0,0.06033483028518588,0.12784169805212944,0.35754957425807327,0.0,2472.0,2478.0,2478.0,0.06190096181731398,0.022866550895176346,0.15121690016389155,0.0,2478.0,2478.0,2478.0,0.6267502229170061,0.35094359813423737,0.5924049275067159,0.0,2478.0,2478.0,2478.0,0.052091055112527034,0.017304097469911364,0.13154503970090003,0.0,2472.0,2478.0,2478.0,0.052091055112527034,0.017304097469911364,0.13154503970090003,0.0,2472.0,2478.0,2478.0,0.9472441633805834,0.6915537435383057,0.661656463187085,0.6253983401623766,0.3911230838778557,0.5074711855923868
SG_Carpark/15T,medium,top_k_20_mix,top_k_20_mix,,,,assembled_from_candidate_artifacts_no_independent_selected_method_latency,0.0,top_k_20,0.0,2478.0,0.0,0.0,235056.0,0.0,0.0,0.0,0.0,,0.0,,0.0,515.6485424432852,6590404.026778986,2567.178222636478,0.0,2478.0,2478.0,2478.0,9.515588783083349,176.5507926814015,13.287241725858738,0.0,2478.0,2478.0,2478.0,13.086211943344635,344.3995994171495,18.55800634273923,0.0,2478.0,2478.0,2478.0,0.06033483028518588,0.12784169805212944,0.35754957425807327,0.0,2472.0,2478.0,2478.0,0.06190096181731398,0.022866550895176346,0.15121690016389155,0.0,2478.0,2478.0,2478.0,0.6267502229170061,0.35094359813423737,0.5924049275067159,0.0,2478.0,2478.0,2478.0,0.052091055112527034,0.017304097469911364,0.13154503970090003,0.0,2472.0,2478.0,2478.0,0.052091055112527034,0.017304097469911364,0.13154503970090003,0.0,2472.0,2478.0,2478.0,0.9472441633805834,0.6915537435383057,0.661656463187085,0.6253983401623766,0.3911230838778557,0.5074711855923868
SG_Carpark/15T,long,vanilla_univariate,vanilla_univariate,3.194063901901245e-05,0.0,0.0,measured_candidate_query_loop_precomputed_vanilla_fallback_separate_retrieval,0.0,,,354.0,0.0,0.0,235056.0,0.0,0.0,0.0,0.0,,0.0,,0.0,896.3040741528105,10683538.21710907,3268.568221271979,0.0,354.0,354.0,354.0,12.995594430708,273.4661004354212,16.536810467421496,0.0,354.0,354.0,354.0,18.788550684656364,543.2944373229092,23.308677296725982,0.0,354.0,354.0,354.0,0.07665686965346336,0.018422642514842824,0.13573003541899936,0.0,354.0,354.0,354.0,0.07540018238905051,0.020110224613486063,0.1418105236344823,0.0,354.0,354.0,354.0,0.8407709166409469,0.7031747188231142,0.8385551376165519,0.0,354.0,354.0,354.0,0.0716559235766503,0.03307677481788053,0.18187021421299457,0.0,354.0,354.0,354.0,0.0716559235766503,0.03307677481788053,0.18187021421299457,0.0,354.0,354.0,354.0,1.307891992764626,0.6407367954972765,0.642844303116898,0.6411501425618575,0.41107350530709025,1.097447069942939
SG_Carpark/15T,long,top_k_1_mix,top_k_1_mix,,,,assembled_from_candidate_artifacts_no_independent_selected_method_latency,0.0,top_k_1,0.0,354.0,0.0,0.0,235056.0,0.0,0.0,0.0,0.0,,0.0,,0.0,896.3040741528105,10683538.21710907,3268.568221271979,0.0,354.0,354.0,354.0,12.995594430708,273.4661004354212,16.536810467421496,0.0,354.0,354.0,354.0,18.788550684656364,543.2944373229092,23.308677296725982,0.0,354.0,354.0,354.0,0.07665686965346336,0.018422642514842824,0.13573003541899936,0.0,354.0,354.0,354.0,0.07540018238905051,0.020110224613486063,0.1418105236344823,0.0,354.0,354.0,354.0,0.8407709166409469,0.7031747188231142,0.8385551376165519,0.0,354.0,354.0,354.0,0.0716559235766503,0.03307677481788053,0.18187021421299457,0.0,354.0,354.0,354.0,0.0716559235766503,0.03307677481788053,0.18187021421299457,0.0,354.0,354.0,354.0,1.307891992764626,0.6407367954972765,0.642844303116898,0.6411501425618575,0.41107350530709025,1.097447069942939
SG_Carpark/15T,long,top_k_5_mix,top_k_5_mix,,,,assembled_from_candidate_artifacts_no_independent_selected_method_latency,0.0,top_k_5,0.0,354.0,0.0,0.0,235056.0,0.0,0.0,0.0,0.0,,0.0,,0.0,896.3040741528105,10683538.21710907,3268.568221271979,0.0,354.0,354.0,354.0,12.995594430708,273.4661004354212,16.536810467421496,0.0,354.0,354.0,354.0,18.788550684656364,543.2944373229092,23.308677296725982,0.0,354.0,354.0,354.0,0.07665686965346336,0.018422642514842824,0.13573003541899936,0.0,354.0,354.0,354.0,0.07540018238905051,0.020110224613486063,0.1418105236344823,0.0,354.0,354.0,354.0,0.8407709166409469,0.7031747188231142,0.8385551376165519,0.0,354.0,354.0,354.0,0.0716559235766503,0.03307677481788053,0.18187021421299457,0.0,354.0,354.0,354.0,0.0716559235766503,0.03307677481788053,0.18187021421299457,0.0,354.0,354.0,354.0,1.307891992764626,0.6407367954972765,0.642844303116898,0.6411501425618575,0.41107350530709025,1.097447069942939
SG_Carpark/15T,long,top_k_10_mix,top_k_10_mix,,,,assembled_from_candidate_artifacts_no_independent_selected_method_latency,0.0,top_k_10,0.0,354.0,0.0,0.0,235056.0,0.0,0.0,0.0,0.0,,0.0,,0.0,896.3040741528105,10683538.21710907,3268.568221271979,0.0,354.0,354.0,354.0,12.995594430708,273.4661004354212,16.536810467421496,0.0,354.0,354.0,354.0,18.788550684656364,543.2944373229092,23.308677296725982,0.0,354.0,354.0,354.0,0.07665686965346336,0.018422642514842824,0.13573003541899936,0.0,354.0,354.0,354.0,0.07540018238905051,0.020110224613486063,0.1418105236344823,0.0,354.0,354.0,354.0,0.8407709166409469,0.7031747188231142,0.8385551376165519,0.0,354.0,354.0,354.0,0.0716559235766503,0.03307677481788053,0.18187021421299457,0.0,354.0,354.0,354.0,0.0716559235766503,0.03307677481788053,0.18187021421299457,0.0,354.0,354.0,354.0,1.307891992764626,0.6407367954972765,0.642844303116898,0.6411501425618575,0.41107350530709025,1.097447069942939
SG_Carpark/15T,long,top_k_15_mix,top_k_15_mix,,,,assembled_from_candidate_artifacts_no_independent_selected_method_latency,0.0,top_k_15,0.0,354.0,0.0,0.0,235056.0,0.0,0.0,0.0,0.0,,0.0,,0.0,896.3040741528105,10683538.21710907,3268.568221271979,0.0,354.0,354.0,354.0,12.995594430708,273.4661004354212,16.536810467421496,0.0,354.0,354.0,354.0,18.788550684656364,543.2944373229092,23.308677296725982,0.0,354.0,354.0,354.0,0.07665686965346336,0.018422642514842824,0.13573003541899936,0.0,354.0,354.0,354.0,0.07540018238905051,0.020110224613486063,0.1418105236344823,0.0,354.0,354.0,354.0,0.8407709166409469,0.7031747188231142,0.8385551376165519,0.0,354.0,354.0,354.0,0.0716559235766503,0.03307677481788053,0.18187021421299457,0.0,354.0,354.0,354.0,0.0716559235766503,0.03307677481788053,0.18187021421299457,0.0,354.0,354.0,354.0,1.307891992764626,0.6407367954972765,0.642844303116898,0.6411501425618575,0.41107350530709025,1.097447069942939
SG_Carpark/15T,long,top_k_20_mix,top_k_20_mix,,,,assembled_from_candidate_artifacts_no_independent_selected_method_latency,0.0,top_k_20,0.0,354.0,0.0,0.0,235056.0,0.0,0.0,0.0,0.0,,0.0,,0.0,896.3040741528105,10683538.21710907,3268.568221271979,0.0,354.0,354.0,354.0,12.995594430708,273.4661004354212,16.536810467421496,0.0,354.0,354.0,354.0,18.788550684656364,543.2944373229092,23.308677296725982,0.0,354.0,354.0,354.0,0.07665686965346336,0.018422642514842824,0.13573003541899936,0.0,354.0,354.0,354.0,0.07540018238905051,0.020110224613486063,0.1418105236344823,0.0,354.0,354.0,354.0,0.8407709166409469,0.7031747188231142,0.8385551376165519,0.0,354.0,354.0,354.0,0.0716559235766503,0.03307677481788053,0.18187021421299457,0.0,354.0,354.0,354.0,0.0716559235766503,0.03307677481788053,0.18187021421299457,0.0,354.0,354.0,354.0,1.307891992764626,0.6407367954972765,0.642844303116898,0.6411501425618575,0.41107350530709025,1.097447069942939
Finland_Traffic/15T,short,vanilla_univariate,vanilla_univariate,2.177990972995758e-05,0.0,0.0,measured_candidate_query_loop_precomputed_vanilla_fallback_separate_retrieval,0.0,,,186.0,0.0,0.0,2976.0,0.0,0.0,0.0,0.0,,0.0,,0.0,862.8356384439476,3266432.1148399,1807.32734025685,0.0,186.0,186.0,186.0,17.94879835395403,270.66786988878073,16.45198680672887,0.0,186.0,186.0,186.0,21.84066623043469,385.8209370546971,19.64232514379846,0.0,186.0,186.0,186.0,0.2560042026652899,0.188098337311345,0.4337030519968069,0.0,186.0,186.0,186.0,0.19346409371212422,0.02654883828865958,0.1629381425224296,0.0,186.0,186.0,186.0,0.4363837318757116,0.16030584516313906,0.40038212393055095,0.0,186.0,186.0,186.0,0.22713617746098932,0.20020116866884644,0.4474384523807117,0.0,186.0,186.0,186.0,0.22713617746098932,0.20020116866884644,0.4474384523807117,0.0,186.0,186.0,186.0,0.7821655158923493,0.5444992622161519,0.5579173755542706,0.5118892559124995,0.2620306103186524,0.29440966459841017
Finland_Traffic/15T,short,top_k_1_mix,top_k_1_mix,,,,assembled_from_candidate_artifacts_no_independent_selected_method_latency,0.0,top_k_1,0.5531914893617021,186.0,0.0,0.0,2976.0,0.0,186.0,186.0,186.0,100.0,104.93724982207365,0.5641787624842669,0.0,800.9831703370409,2889687.4603582383,1699.9080740905488,0.0,186.0,186.0,186.0,17.187643313920628,248.01501344989893,15.74849241832052,0.0,186.0,186.0,186.0,21.001937162794853,359.90180574705755,18.97107813876316,0.0,186.0,186.0,186.0,0.25293641052304566,0.190552355444218,0.4365230296836789,0.0,186.0,186.0,186.0,0.18957492951774468,0.026655204696112673,0.16326421743943978,0.0,186.0,186.0,186.0,0.41796515511599003,0.14714352378711945,0.3835929141513428,0.0,186.0,186.0,186.0,0.22344818174641298,0.20493941899222085,0.4527023514321754,0.0,186.0,186.0,186.0,0.22344818174641298,0.20493941899222085,0.4527023514321754,0.0,186.0,186.0,186.0,0.7821655158923493,0.5444992622161519,0.5343691924836984,0.49042422141778147,0.2405159169532372,0.27023640617663014
Finland_Traffic/15T,short,top_k_5_mix,top_k_5_mix,,,,assembled_from_candidate_artifacts_no_independent_selected_method_latency,0.0,top_k_5,0.5585106382978723,186.0,0.0,0.0,2976.0,0.0,186.0,930.0,930.0,100.0,502.1864328265727,0.539985411641476,0.0,825.5246441435073,2633782.782978739,1622.8933369074934,0.0,186.0,186.0,186.0,17.451329601067368,255.4366220194994,15.98238474131753,0.0,186.0,186.0,186.0,21.366415044284427,369.0009522988835,19.2093974996324,0.0,186.0,186.0,186.0,0.25671672765944653,0.17087019501493456,0.4133644820433107,0.0,186.0,186.0,186.0,0.19346304094635272,0.026566113893573832,0.16299114667236939,0.0,186.0,186.0,186.0,0.42434371255521325,0.1513763143493248,0.3890710916392078,0.0,186.0,186.0,186.0,0.22427858820003507,0.17835234419726487,0.4223178236793527,0.0,186.0,186.0,186.0,0.22427858820003507,0.17835234419726487,0.4223178236793527,0.0,186.0,186.0,186.0,0.7821655158923493,0.5444992622161519,0.5425241894883236,0.49742808105689523,0.24743469582394512,0.27801013675062136
Finland_Traffic/15T,short,top_k_10_mix,top_k_10_mix,,,,assembled_from_candidate_artifacts_no_independent_selected_method_latency,0.0,top_k_10,0.46808510638297873,186.0,0.0,0.0,2976.0,0.0,186.0,1860.0,1860.0,100.0,1023.1650454775811,0.5500887341277317,0.0,849.5154762775892,2715256.28329963,1647.8034722926245,0.0,186.0,186.0,186.0,17.804893408251065,264.3581549900383,16.259094531677903,0.0,186.0,186.0,186.0,21.782985333314606,375.01702624619,19.365356341833476,0.0,186.0,186.0,186.0,0.2615588726820647,0.17145787647441957,0.41407472329812595,0.0,186.0,186.0,186.0,0.19589217990520752,0.026729995279458914,0.1634931046847509,0.0,186.0,186.0,186.0,0.4329497931203796,0.15667648512873825,0.3958238056619867,0.0,186.0,186.0,186.0,0.2285939065627915,0.17107783506984978,0.41361556434671287,0.0,186.0,186.0,186.0,0.2285939065627915,0.17107783506984978,0.41361556434671287,0.0,186.0,186.0,186.0,0.7821655158923493,0.5444992622161519,0.5535270787621468,0.5060614379175271,0.25609817894715525,0.2877441642272452
Finland_Traffic/15T,short,top_k_15_mix,top_k_15_mix,,,,assembled_from_candidate_artifacts_no_independent_selected_method_latency,0.0,top_k_15,0.42021276595744683,186.0,0.0,0.0,2976.0,0.0,186.0,2790.0,2790.0,100.0,1573.2048983435193,0.5638727234206162,0.0,910.916754458354,3155441.9676567316,1776.3563740580694,0.0,186.0,186.0,186.0,18.36338672442462,286.00527294855505,16.911690422561403,0.0,186.0,186.0,186.0,22.428810149581707,407.8652297323745,20.195673539953415,0.0,186.0,186.0,186.0,0.2730428802336652,0.1830109019319126,0.4277977348372857,0.0,186.0,186.0,186.0,0.20202204828491355,0.028422363573121102,0.1685893341024903,0.0,186.0,186.0,186.0,0.44652099735555895,0.16948268775255346,0.41168275134204185,0.0,186.0,186.0,186.0,0.23624363148292432,0.17304298914976465,0.4159843616649124,0.0,186.0,186.0,186.0,0.23624363148292432,0.17304298914976465,0.4159843616649124,0.0,186.0,186.0,186.0,0.7821655158923493,0.5444992622161519,0.5708778874585598,0.5263371281107494,0.27703077242787144,0.3112633928331629
Finland_Traffic/15T,short,top_k_20_mix,top_k_20_mix,,,,assembled_from_candidate_artifacts_no_independent_selected_method_latency,0.0,top_k_20,0.35638297872340424,186.0,0.0,0.0,2976.0,0.0,186.0,3720.0,3720.0,100.0,1978.7534324850849,0.531922965721797,0.0,912.1411166494175,3157756.1506859,1777.0076394562573,0.0,186.0,186.0,186.0,18.451982556812226,289.0759362489717,17.00223327239606,0.0,186.0,186.0,186.0,22.44421818887135,408.3981865397542,20.20886405861928,0.0,186.0,186.0,186.0,0.2760617768874748,0.18410351794701046,0.42907285855319544,0.0,186.0,186.0,186.0,0.20360461362078558,0.028681531034619262,0.16935622526089575,0.0,186.0,186.0,186.0,0.4486918137229848,0.17132071804750668,0.413909069781645,0.0,186.0,186.0,186.0,0.23557172624459904,0.1691995051193535,0.411338674475612,0.0,186.0,186.0,186.0,0.23557172624459904,0.1691995051193535,0.411338674475612,0.0,186.0,186.0,186.0,0.7821655158923493,0.5444992622161519,0.5736532800363688,0.5291834801863241,0.28003515570210974,0.31463902696620527
Finland_Traffic/15T,medium,vanilla_univariate,vanilla_univariate,1.3679265975952148e-05,0.0,0.0,measured_candidate_query_loop_precomputed_vanilla_fallback_separate_retrieval,0.0,,,31.0,0.0,0.0,2976.0,0.0,0.0,0.0,0.0,,0.0,,0.0,1261.830034881884,2897114.0650704894,1702.0910860087627,0.0,31.0,31.0,31.0,21.338017307302003,166.77045241491683,12.913963466531754,0.0,31.0,31.0,31.0,30.317638652758216,342.67082140266507,18.51137005741782,0.0,31.0,31.0,31.0,0.2862334837168911,0.06513778355383323,0.2552210484145719,0.0,31.0,31.0,31.0,0.21351076895898818,0.011937361917432547,0.10925823500968954,0.0,31.0,31.0,31.0,0.5187531956915099,0.09889292023745344,0.31447244750129294,0.0,31.0,31.0,31.0,0.17110501604390727,0.014085334719622805,0.11868165283489612,0.0,31.0,31.0,31.0,0.17110501604390727,0.014085334719622805,0.11868165283489612,0.0,31.0,31.0,31.0,0.7819762468379376,0.17085736839439175,0.6633874082354576,0.4021508949573841,0.161725342315025,0.578803953067906
Finland_Traffic/15T,medium,top_k_1_mix,top_k_1_mix,,,,assembled_from_candidate_artifacts_no_independent_selected_method_latency,0.0,top_k_1,0.48484848484848486,31.0,0.0,0.0,2976.0,0.0,31.0,31.0,31.0,100.0,17.298765029513348,0.5580246783713984,0.0,1332.554900939344,3670887.451972243,1915.956015145505,0.0,31.0,31.0,31.0,21.521593843736955,203.85351826191655,14.277728049725438,0.0,31.0,31.0,31.0,30.32268305177938,413.08979348067527,20.32461053699862,0.0,31.0,31.0,31.0,0.29550261500149383,0.08004141866372035,0.2829159215451127,0.0,31.0,31.0,31.0,0.2122553328305348,0.013137607340545369,0.11461940211214404,0.0,31.0,31.0,31.0,0.5231421074459723,0.12072300877805382,0.34745216761167835,0.0,31.0,31.0,31.0,0.17289100377382505,0.017009051785576403,0.13041875549772894,0.0,31.0,31.0,31.0,0.17289100377382505,0.017009051785576403,0.13041875549772894,0.0,31.0,31.0,31.0,0.7819762468379376,0.17085736839439175,0.6689999978405892,0.44432573114166063,0.1974253553545713,0.7065718611525592
Finland_Traffic/15T,medium,top_k_5_mix,top_k_5_mix,,,,assembled_from_candidate_artifacts_no_independent_selected_method_latency,0.0,top_k_5,0.8181818181818182,31.0,0.0,0.0,2976.0,0.0,31.0,155.0,155.0,100.0,85.54057048651809,0.5518746483001167,0.0,1364.421741916216,3524767.848214222,1877.4365097691646,0.0,31.0,31.0,31.0,21.628517569233015,191.50299491474883,13.838460713343403,0.0,31.0,31.0,31.0,30.930562745131258,407.72203018571423,20.192127926142756,0.0,31.0,31.0,31.0,0.2949987163720652,0.08197139947831465,0.2863064782332294,0.0,31.0,31.0,31.0,0.21545124879145106,0.012910046690847037,0.11362238639831078,0.0,31.0,31.0,31.0,0.5258213145939609,0.11374815580156744,0.33726570504806364,0.0,31.0,31.0,31.0,0.1738266234296996,0.01622845021579735,0.1273909345903285,0.0,31.0,31.0,31.0,0.1738266234296996,0.01622845021579735,0.1273909345903285,0.0,31.0,31.0,31.0,0.7819762468379376,0.17085736839439175,0.672426198008206,0.43129916850014116,0.18601897274891313,0.6657491969500633
Finland_Traffic/15T,medium,top_k_10_mix,top_k_10_mix,,,,assembled_from_candidate_artifacts_no_independent_selected_method_latency,0.0,top_k_10,0.7575757575757576,31.0,0.0,0.0,2976.0,0.0,31.0,310.0,310.0,100.0,172.22261432448096,0.5555568204015515,0.0,1316.7281557499416,3099436.5833457285,1760.5216793171644,0.0,31.0,31.0,31.0,21.269752201213628,184.1889933893177,13.571624567063358,0.0,31.0,31.0,31.0,30.477921846449537,387.8244356716557,19.69325863516893,0.0,31.0,31.0,31.0,0.29971224423153525,0.07274944679527529,0.2697210536744866,0.0,31.0,31.0,31.0,0.21877145430511943,0.01270161999564788,0.11270146403506869,0.0,31.0,31.0,31.0,0.5170743005613991,0.10930827084962406,0.33061801349839376,0.0,31.0,31.0,31.0,0.17025245264047248,0.015164376838441676,0.12314372431610827,0.0,31.0,31.0,31.0,0.17025245264047248,0.015164376838441676,0.12314372431610827,0.0,31.0,31.0,31.0,0.7819762468379376,0.17085736839439175,0.661240418302068,0.4227980259442758,0.17875817074237646,0.6397632825369679
Finland_Traffic/15T,medium,top_k_15_mix,top_k_15_mix,,,,assembled_from_candidate_artifacts_no_independent_selected_method_latency,0.0,top_k_15,0.6666666666666666,31.0,0.0,0.0,2976.0,0.0,31.0,465.0,465.0,100.0,266.0210939518764,0.5720883740900569,0.0,1313.4234214496337,2860236.8674853556,1691.2234824189723,0.0,31.0,31.0,31.0,21.559951128818657,185.6847485130427,13.626619115284711,0.0,31.0,31.0,31.0,30.63837666091784,374.713297033359,19.357512676822893,0.0,31.0,31.0,31.0,0.3276324949444796,0.08565164284737953,0.29266301926854293,0.0,31.0,31.0,31.0,0.22847779597051804,0.013648868872674306,0.11682837357711656,0.0,31.0,31.0,31.0,0.524141856217595,0.11030029583990682,0.33211488349651963,0.0,31.0,31.0,31.0,0.1721556055317916,0.015085027886154304,0.12282112149852037,0.0,31.0,31.0,31.0,0.1721556055317916,0.015085027886154304,0.12282112149852037,0.0,31.0,31.0,31.0,0.7819762468379376,0.17085736839439175,0.6702784877891846,0.424712240096149,0.18038048688748892,0.6455694412037271
Finland_Traffic/15T,medium,top_k_20_mix,top_k_20_mix,,,,assembled_from_candidate_artifacts_no_independent_selected_method_latency,0.0,top_k_20,0.48484848484848486,31.0,0.0,0.0,2976.0,0.0,31.0,620.0,620.0,100.0,331.19737940384397,0.5341893216191032,0.0,1281.0395392376765,2651232.702350002,1628.2606371063578,0.0,31.0,31.0,31.0,21.574899853557667,181.9895403199922,13.490349896129166,0.0,31.0,31.0,31.0,30.40519203888166,356.56383631640415,18.882897985118813,0.0,31.0,31.0,31.0,0.33162520096280707,0.07989173455192826,0.28265125959727877,0.0,31.0,31.0,31.0,0.2309099848380727,0.013668801510793421,0.11691364980528758,0.0,31.0,31.0,31.0,0.5245018904928453,0.10808468353564878,0.32876235115300045,0.0,31.0,31.0,31.0,0.17206359440604388,0.014641929226148698,0.12100383971655072,0.0,31.0,31.0,31.0,0.17206359440604388,0.014641929226148698,0.12100383971655072,0.0,31.0,31.0,31.0,0.7819762468379376,0.17085736839439175,0.6707389036607744,0.42042498411225465,0.17675716726578958,0.6326018277781023
Finland_Traffic/15T,long,vanilla_univariate,vanilla_univariate,1.2969598174095154e-05,0.0,0.0,measured_candidate_query_loop_precomputed_vanilla_fallback_separate_retrieval,0.0,,,4.0,0.0,0.0,2688.0,0.0,0.0,0.0,0.0,,0.0,,0.0,1803.799863232105,1960511.1011473222,1400.1825242257962,0.0,4.0,4.0,4.0,24.9324684937795,105.41014203648146,10.266944143048674,0.0,4.0,4.0,4.0,39.65945528167431,230.92746999298012,15.196297904192985,0.0,4.0,4.0,4.0,0.3711178812807212,0.059165859330182924,0.2432403324495815,0.0,4.0,4.0,4.0,0.23736453176089334,0.007586595950733868,0.08710106744887727,0.0,4.0,4.0,4.0,0.6049253900009155,0.06352179811148706,0.2520353112392925,0.0,4.0,4.0,4.0,0.19278512039295115,0.0075988639286041024,0.08717146281096871,0.0,4.0,4.0,4.0,0.19278512039295115,0.0075988639286041024,0.08717146281096871,0.0,4.0,4.0,4.0,0.9356216079721509,0.018781384922048106,0.6465491870287388,0.26937739476277084,0.07256418080917769,3.3821679484837492
Finland_Traffic/15T,long,top_k_1_mix,top_k_1_mix,,,,assembled_from_candidate_artifacts_no_independent_selected_method_latency,0.0,top_k_1,0.6666666666666666,4.0,0.0,0.0,2688.0,0.0,4.0,4.0,4.0,100.0,2.681551945477543,0.6703879863693858,0.0,1852.7612956983285,2211014.662166425,1486.9481033870768,0.0,4.0,4.0,4.0,25.130676811649685,117.22194635565367,10.826908439423217,0.0,4.0,4.0,4.0,39.73270795192391,274.07321450545066,16.55515673454802,0.0,4.0,4.0,4.0,0.37067418583715456,0.06898088305710073,0.26264211973158597,0.0,4.0,4.0,4.0,0.2382185539775335,0.00866932226056729,0.09310919535989606,0.0,4.0,4.0,4.0,0.6097158845773591,0.0705260479320509,0.2655674075108821,0.0,4.0,4.0,4.0,0.19423372755587692,0.008333970598174714,0.09129058329408743,0.0,4.0,4.0,4.0,0.19423372755587692,0.008333970598174714,0.09129058329408743,0.0,4.0,4.0,4.0,0.9356216079721509,0.018781384922048106,0.6516693066749989,0.2838406095456346,0.08056549162723739,3.7551036957481223
Finland_Traffic/15T,long,top_k_5_mix,top_k_5_mix,,,,assembled_from_candidate_artifacts_no_independent_selected_method_latency,0.0,top_k_5,0.8333333333333334,4.0,0.0,0.0,2688.0,0.0,4.0,20.0,20.0,100.0,12.784706620853708,0.6392353310426854,0.0,1854.8147000697622,2682049.9063483225,1637.6965244966243,0.0,4.0,4.0,4.0,24.2833014347014,138.5140330534941,11.769198488150929,0.0,4.0,4.0,4.0,39.31966142119728,308.77892579217263,17.572106469976006,0.0,4.0,4.0,4.0,0.36273030508205856,0.0775446277661572,0.2784683604400277,0.0,4.0,4.0,4.0,0.23431293339296227,0.010361193590057466,0.10178994837437273,0.0,4.0,4.0,4.0,0.5893927015056404,0.08336331928030336,0.2887270671071615,0.0,4.0,4.0,4.0,0.18817494431933307,0.009820082838415362,0.09909633110471529,0.0,4.0,4.0,4.0,0.18817494431933307,0.009820082838415362,0.09909633110471529,0.0,4.0,4.0,4.0,0.9356216079721509,0.018781384922048106,0.6299477229721953,0.3085938424754247,0.09523015961374726,4.438614065272701
Finland_Traffic/15T,long,top_k_10_mix,top_k_10_mix,,,,assembled_from_candidate_artifacts_no_independent_selected_method_latency,0.0,top_k_10,0.8333333333333334,4.0,0.0,0.0,2688.0,0.0,4.0,40.0,40.0,100.0,24.486761517743084,0.6121690379435771,0.0,1820.4063074820087,2457362.5419051605,1567.5976977225887,0.0,4.0,4.0,4.0,24.294073820468924,133.68494673587304,11.56222066628522,0.0,4.0,4.0,4.0,38.97321236327711,301.4950255689126,17.36361211179611,0.0,4.0,4.0,4.0,0.3718443423839486,0.07797395376823288,0.27923816674701346,0.0,4.0,4.0,4.0,0.23735529764008167,0.010876739500292344,0.10429160800511393,0.0,4.0,4.0,4.0,0.5895818573220417,0.08041656689143487,0.2835781495310153,0.0,4.0,4.0,4.0,0.1881064785781255,0.00945213632540767,0.09722209792741396,0.0,4.0,4.0,4.0,0.1881064785781255,0.00945213632540767,0.09722209792741396,0.0,4.0,4.0,4.0,0.9356216079721509,0.018781384922048106,0.6301498942504017,0.3030906374059032,0.09186393448311668,4.281716562713707
Finland_Traffic/15T,long,top_k_15_mix,top_k_15_mix,,,,assembled_from_candidate_artifacts_no_independent_selected_method_latency,0.0,top_k_15,0.6666666666666666,4.0,0.0,0.0,2688.0,0.0,4.0,60.0,60.0,100.0,35.52743585870981,0.5921239309784968,0.0,1757.2497202311208,2223729.490789274,1491.2174525498533,0.0,4.0,4.0,4.0,24.35181275684209,125.36059591784695,11.196454613753719,0.0,4.0,4.0,4.0,38.52849761954219,272.80459141205233,16.516797250437275,0.0,4.0,4.0,4.0,0.38616399407066504,0.07785035738420101,0.27901676900179495,0.0,4.0,4.0,4.0,0.24238177618177592,0.010994456824228045,0.10485445543336747,0.0,4.0,4.0,4.0,0.5909379439437663,0.075438901826064,0.27466143126777737,0.0,4.0,4.0,4.0,0.18848744716149482,0.008905762808758865,0.09437034920333222,0.0,4.0,4.0,4.0,0.18848744716149482,0.008905762808758865,0.09437034920333222,0.0,4.0,4.0,4.0,0.9356216079721509,0.018781384922048106,0.6315992906839276,0.2935603762541072,0.08617769450645298,4.016684719426825
Finland_Traffic/15T,long,top_k_20_mix,top_k_20_mix,,,,assembled_from_candidate_artifacts_no_independent_selected_method_latency,0.0,top_k_20,0.6666666666666666,4.0,0.0,0.0,2688.0,0.0,4.0,80.0,80.0,100.0,43.988283634452856,0.5498535454306607,0.0,1767.7743753300192,2131880.848356437,1460.0961777761206,0.0,4.0,4.0,4.0,24.82495362098728,123.6237300473547,11.118620869845087,0.0,4.0,4.0,4.0,38.862227571890436,257.50164348061844,16.046857744761695,0.0,4.0,4.0,4.0,0.4076008063508375,0.07975113723066989,0.28240243842904383,0.0,4.0,4.0,4.0,0.25302080393918636,0.011400989754169238,0.1067754173682746,0.0,4.0,4.0,4.0,0.6023995420963175,0.07442869399130861,0.2728162275072885,0.0,4.0,4.0,4.0,0.1920985579511902,0.008816070960424298,0.09389393463064746,0.0,4.0,4.0,4.0,0.1920985579511902,0.008816070960424298,0.09389393463064746,0.0,4.0,4.0,4.0,0.9356216079721509,0.018781384922048106,0.6438495402024192,0.2915882074363218,0.08502368271592745,3.962897001484392
Port_Activity/D,short,vanilla_univariate,vanilla_univariate,0.00011435337364673615,0.0,0.0,measured_candidate_query_loop_precomputed_vanilla_fallback_separate_retrieval,0.0,,,2376.0,0.0,0.0,71280.0,0.0,0.0,0.0,0.0,,0.0,,0.0,941257987.9868555,5.568570595322025e+18,2359781895.7102847,0.0,2376.0,2376.0,2376.0,15490.395176850965,299289563.37665033,17299.98738082344,0.0,2376.0,2376.0,2376.0,21063.92043806804,497569243.7655949,22306.260192277747,0.0,2376.0,2376.0,2376.0,3.0723520549370646,113.85807810345035,10.670430080528636,0.0,2376.0,2376.0,2376.0,0.9234837284969141,0.13425564859169747,0.36640912733131725,0.0,2376.0,2376.0,2376.0,0.6636159462695193,0.05222208638875625,0.22852152281296448,0.0,2376.0,2376.0,2376.0,0.7555266216129,0.10849000252717536,0.3293782059080038,0.0,2376.0,2376.0,2376.0,0.7555266216129,0.10849000252717536,0.3293782059080038,0.0,2376.0,2376.0,2376.0,0.9536286637709488,0.36546784286960077,0.6958850666729881,0.2396336556299789,0.057424288910587325,0.1428910570591272
Port_Activity/D,short,top_k_1_mix,top_k_1_mix,,,,assembled_from_candidate_artifacts_no_independent_selected_method_latency,0.0,top_k_1,0.1047098402018503,2376.0,0.0,0.0,71280.0,0.0,2376.0,2376.0,44.0,1.8518518518518519,1321.0361813523728,0.5559916588183387,0.0,941143140.1647617,5.597223479917541e+18,2365845193.565619,0.0,2376.0,2376.0,2376.0,15562.182064489885,300965223.22770935,17348.3492940311,0.0,2376.0,2376.0,2376.0,21049.78163889001,498049833.1198106,22317.030114238107,0.0,2376.0,2376.0,2376.0,3.256724690822473,137.36807426116178,11.720412717185422,0.0,2376.0,2376.0,2376.0,0.9217877084798316,0.13147218328097868,0.36259093105175516,0.0,2376.0,2376.0,2376.0,0.6675335506711779,0.052192688615069524,0.2284571920843586,0.0,2376.0,2376.0,2376.0,0.7628459654191541,0.11263042895710736,0.33560457231257645,0.0,2376.0,2376.0,2376.0,0.7628459654191541,0.11263042895710736,0.33560457231257645,0.0,2376.0,2376.0,2376.0,0.9536286637709488,0.36546784286960077,0.6999931692819924,0.23956619674262594,0.057391962621726564,0.14281061831667613
Port_Activity/D,short,top_k_5_mix,top_k_5_mix,,,,assembled_from_candidate_artifacts_no_independent_selected_method_latency,0.0,top_k_5,0.1564339781328848,2376.0,0.0,0.0,71280.0,0.0,2376.0,11880.0,223.0,1.8771043771043772,6548.071794054224,0.5511844944490087,0.0,940647625.4038558,5.583349486178881e+18,2362911231.125469,0.0,2376.0,2376.0,2376.0,15600.085672532976,303170788.40710765,17411.80026324411,0.0,2376.0,2376.0,2376.0,21027.696561042652,498483602.74057066,22326.746353657774,0.0,2376.0,2376.0,2376.0,3.3574436865317274,140.62144999932525,11.858391543515724,0.0,2376.0,2376.0,2376.0,0.9195720750977316,0.1298879140765582,0.3603996588185929,0.0,2376.0,2376.0,2376.0,0.6685042246227951,0.051793571866294706,0.2275820112976742,0.0,2376.0,2376.0,2376.0,0.7649746931469316,0.11418529623608012,0.33791314895410646,0.0,2376.0,2376.0,2376.0,0.7649746931469316,0.11418529623608012,0.33791314895410646,0.0,2376.0,2376.0,2376.0,0.9536286637709488,0.36546784286960077,0.7010110434173805,0.23864845924171688,0.0569530870984454,0.14171854754612348
Port_Activity/D,short,top_k_10_mix,top_k_10_mix,,,,assembled_from_candidate_artifacts_no_independent_selected_method_latency,0.0,top_k_10,0.21909167367535745,2376.0,0.0,0.0,71280.0,0.0,2376.0,23760.0,433.0,1.8223905723905724,13132.205364547044,0.5527022459826197,0.0,940511199.0769855,5.609683371356902e+18,2368477015.16331,0.0,2376.0,2376.0,2376.0,15642.790857584689,304233333.1719541,17442.28577830194,0.0,2376.0,2376.0,2376.0,21017.13076116968,498791413.6448807,22333.63861185366,0.0,2376.0,2376.0,2376.0,3.395913031015438,131.9489465333375,11.48690326125094,0.0,2376.0,2376.0,2376.0,0.91916001001778,0.1291153901844673,0.3593263004352274,0.0,2376.0,2376.0,2376.0,0.6706137438634181,0.05144629267608297,0.22681775211848604,0.0,2376.0,2376.0,2376.0,0.7691615766726003,0.12213806810057631,0.34948257195542143,0.0,2376.0,2376.0,2376.0,0.7691615766726003,0.12213806810057631,0.34948257195542143,0.0,2376.0,2376.0,2376.0,0.9536286637709488,0.36546784286960077,0.7032231405582962,0.23784703704435334,0.056571213030777986,0.14076831568034578
Port_Activity/D,short,top_k_15_mix,top_k_15_mix,,,,assembled_from_candidate_artifacts_no_independent_selected_method_latency,0.0,top_k_15,0.27586206896551724,2376.0,0.0,0.0,71280.0,0.0,2376.0,35640.0,645.0,1.8097643097643097,19717.04467860125,0.5532279651683852,0.0,940466967.0912777,5.60921756244554e+18,2368378678.008553,0.0,2376.0,2376.0,2376.0,15689.447102534443,305244142.5415174,17471.237578990145,0.0,2376.0,2376.0,2376.0,21008.07090342934,499127924.00776327,22341.171052739453,0.0,2376.0,2376.0,2376.0,3.5019708667347924,145.0460966774966,12.043508487043823,0.0,2376.0,2376.0,2376.0,0.9178550983546813,0.1276267492790043,0.35724886183024335,0.0,2376.0,2376.0,2376.0,0.6727409168786713,0.05096247244702962,0.2257486931236361,0.0,2376.0,2376.0,2376.0,0.7746295052529267,0.13846895256762512,0.3721141660399737,0.0,2376.0,2376.0,2376.0,0.7746295052529267,0.13846895256762512,0.3721141660399737,0.0,2376.0,2376.0,2376.0,0.9536286637709488,0.36546784286960077,0.7054537499097828,0.23672599377513937,0.05603919612882732,0.1394444776505633
Port_Activity/D,short,top_k_20_mix,top_k_20_mix,,,,assembled_from_candidate_artifacts_no_independent_selected_method_latency,0.0,top_k_20,0.3301093355761144,2376.0,0.0,0.0,71280.0,0.0,2376.0,47520.0,848.0,1.7845117845117846,26296.587426323997,0.5533793650320706,0.0,939533934.5975223,5.622393429334557e+18,2371158668.106071,0.0,2376.0,2376.0,2376.0,15719.164106815015,304904945.5079891,17461.52758231619,0.0,2376.0,2376.0,2376.0,20988.565613439867,499014048.0878516,22338.622340866314,0.0,2376.0,2376.0,2376.0,3.528652372793424,140.72159477457754,11.86261331977813,0.0,2376.0,2376.0,2376.0,0.9161861100793,0.12606150859893936,0.3550514168383776,0.0,2376.0,2376.0,2376.0,0.6746105384050143,0.05064417164636562,0.2250425996258611,0.0,2376.0,2376.0,2376.0,0.7794935743211769,0.1705688937858274,0.4129998714113933,0.0,2376.0,2376.0,2376.0,0.7794935743211769,0.1705688937858274,0.4129998714113933,0.0,2376.0,2376.0,2376.0,0.9536286637709488,0.36546784286960077,0.7074142840226627,0.23598556563513057,0.055689187188132525,0.13857353700045097
Port_Activity/W,short,vanilla_univariate,vanilla_univariate,5.416758358478546e-05,0.0,0.0,measured_candidate_query_loop_precomputed_vanilla_fallback_separate_retrieval,0.0,,,792.0,0.0,0.0,10296.0,0.0,0.0,0.0,0.0,,0.0,,0.0,6154894922.786239,2.298666502255326e+20,15161353838.80782,0.0,792.0,792.0,792.0,44470.84963009945,2168795159.5604835,46570.32488141438,0.0,792.0,792.0,792.0,54264.40002646988,3210269812.553494,56659.24295782193,0.0,792.0,792.0,792.0,0.6757512108260324,2.0358260467443006,1.4268237616273078,0.0,792.0,792.0,792.0,0.3424276415013087,0.03419519108660244,0.1849194178192286,0.0,792.0,792.0,792.0,0.7878643592183598,0.09768029416326265,0.3125384682935249,0.0,792.0,792.0,792.0,0.34415428001225484,0.0531621043876985,0.23056908810093885,0.0,792.0,792.0,792.0,0.34415428001225484,0.0531621043876985,0.23056908810093885,0.0,792.0,792.0,792.0,0.9755398949343401,0.21474218187417846,0.8076187999173401,0.32037487130606856,0.10264005816438,0.454872411702026
Port_Activity/W,short,top_k_1_mix,top_k_1_mix,,,,assembled_from_candidate_artifacts_no_independent_selected_method_latency,0.0,top_k_1,0.20277078085642317,792.0,0.0,0.0,10296.0,0.0,792.0,792.0,6.0,0.7575757575757576,432.96026011973066,0.5466669951006701,0.0,6050471280.30265,2.159126993917209e+20,14693968129.532639,0.0,792.0,792.0,792.0,44419.72936331475,2116828257.6796026,46009.00192005476,0.0,792.0,792.0,792.0,54170.64602859672,3116012389.147128,55821.25391951643,0.0,792.0,792.0,792.0,0.6773413918530415,2.011522744513431,1.4182816167861132,0.0,792.0,792.0,792.0,0.34314177502275844,0.03393336156204743,0.18421010168296262,0.0,792.0,792.0,792.0,0.7902056116440187,0.09436995068934156,0.3071969249347095,0.0,792.0,792.0,792.0,0.3457079424605481,0.05239931045088493,0.22890895668558917,0.0,792.0,792.0,792.0,0.3457079424605481,0.05239931045088493,0.22890895668558917,0.0,792.0,792.0,792.0,0.9755398949343401,0.21474218187417846,0.810018755508922,0.3148993972772234,0.09916163040555856,0.43945697983377446
Port_Activity/W,short,top_k_5_mix,top_k_5_mix,,,,assembled_from_candidate_artifacts_no_independent_selected_method_latency,0.0,top_k_5,0.23299748110831234,792.0,0.0,0.0,10296.0,0.0,792.0,3960.0,40.0,1.0101010101010102,2181.967678460059,0.5510019390050653,0.0,6048702373.200776,2.1448145586674614e+20,14645185415.9224,0.0,792.0,792.0,792.0,44275.44109862891,2107632830.7883072,45908.96242334722,0.0,792.0,792.0,792.0,54050.527892387574,3127242807.7550087,55921.75612187987,0.0,792.0,792.0,792.0,0.671194564668759,1.9053128216996036,1.3803306928774726,0.0,792.0,792.0,792.0,0.3423672054282164,0.03410749332338191,0.18468214132227811,0.0,792.0,792.0,792.0,0.7878422223615921,0.0956186797802733,0.30922270256285084,0.0,792.0,792.0,792.0,0.3443168959188171,0.05282848203920053,0.22984447358855625,0.0,792.0,792.0,792.0,0.3443168959188171,0.05282848203920053,0.22984447358855625,0.0,792.0,792.0,792.0,0.9755398949343401,0.21474218187417846,0.8075961080142383,0.3169759680445088,0.10047376431775343,0.44527199521656213
Port_Activity/W,short,top_k_10_mix,top_k_10_mix,,,,assembled_from_candidate_artifacts_no_independent_selected_method_latency,0.0,top_k_10,0.29848866498740556,792.0,0.0,0.0,10296.0,0.0,792.0,7920.0,88.0,1.1111111111111112,4401.851448248072,0.5557893242737465,0.0,5995151834.578366,2.1044482923897795e+20,14506716693.96552,0.0,792.0,792.0,792.0,44141.97483788929,2082321223.2671902,45632.45800159345,0.0,792.0,792.0,792.0,53882.45444178765,3091832937.907044,55604.25287607994,0.0,792.0,792.0,792.0,0.6761374010734931,1.9986443111502878,1.4137341727320196,0.0,792.0,792.0,792.0,0.3421380800306785,0.03393534999877387,0.18421549880174,0.0,792.0,792.0,792.0,0.7871460023952657,0.094437465733608,0.3073067941546493,0.0,792.0,792.0,792.0,0.3442144396016749,0.0519233014159853,0.22786685019103875,0.0,792.0,792.0,792.0,0.3442144396016749,0.0519233014159853,0.22786685019103875,0.0,792.0,792.0,792.0,0.9755398949343401,0.21474218187417846,0.8068824314440215,0.31501202129240746,0.09923257355872818,0.4397713803100907
Port_Activity/W,short,top_k_15_mix,top_k_15_mix,,,,assembled_from_candidate_artifacts_no_independent_selected_method_latency,0.0,top_k_15,0.35516372795969775,792.0,0.0,0.0,10296.0,0.0,792.0,11880.0,133.0,1.1195286195286196,6642.209304472423,0.5591085273124935,0.0,5987987595.842618,2.0817788517203483e+20,14428370842.615421,0.0,792.0,792.0,792.0,44171.36142429866,2086364191.7064862,45676.735782085896,0.0,792.0,792.0,792.0,53891.621832204175,3083680692.1373115,55530.898535295746,0.0,792.0,792.0,792.0,0.6816320674099475,2.0900446296601416,1.4456986648884136,0.0,792.0,792.0,792.0,0.3423212141681339,0.0341256742638488,0.1847313570129576,0.0,792.0,792.0,792.0,0.7873783449071708,0.09384301567907094,0.3063380741583895,0.0,792.0,792.0,792.0,0.344821418749709,0.05291525182529603,0.23003315375244507,0.0,792.0,792.0,792.0,0.344821418749709,0.05291525182529603,0.23003315375244507,0.0,792.0,792.0,792.0,0.9755398949343401,0.21474218187417846,0.8071205995733944,0.31401901218915085,0.09860794001625006,0.4370031768330237
Port_Activity/W,short,top_k_20_mix,top_k_20_mix,,,,assembled_from_candidate_artifacts_no_independent_selected_method_latency,0.0,top_k_20,0.3778337531486146,792.0,0.0,0.0,10296.0,0.0,792.0,15840.0,169.0,1.0669191919191918,8861.180327661546,0.559417949978633,0.0,6011839056.4216,2.123002797096321e+20,14570527777.31926,0.0,792.0,792.0,792.0,44125.048648277,2095827006.574522,45780.20321683295,0.0,792.0,792.0,792.0,53879.362886608964,3108853311.354705,55757.09202742468,0.0,792.0,792.0,792.0,0.6829054814733867,2.177896926199279,1.475769943520764,0.0,792.0,792.0,792.0,0.3418573606124508,0.03425906407328433,0.18509204216628097,0.0,792.0,792.0,792.0,0.7855684880720315,0.09355037566768515,0.305860058961096,0.0,792.0,792.0,792.0,0.34412897518778535,0.052878905311126094,0.2299541374081495,0.0,792.0,792.0,792.0,0.34412897518778535,0.052878905311126094,0.2299541374081495,0.0,792.0,792.0,792.0,0.9755398949343401,0.21474218187417846,0.8052653634682004,0.3135290115241082,0.09830044106728437,0.4356404263532076
ECDC_COVID/D,short,vanilla_univariate,vanilla_univariate,1.673959195613861e-05,0.0,0.0,measured_candidate_query_loop_precomputed_vanilla_fallback_separate_retrieval,0.0,,,45.0,0.0,0.0,1220.0,0.0,0.0,0.0,0.0,,0.0,,0.0,54432.13884298352,12281416788.02762,110821.5538062322,0.0,45.0,45.0,45.0,128.80281942155628,23240.7814836882,152.44927511696537,0.0,45.0,45.0,45.0,150.45870376734698,31794.31730363327,178.30961079996015,0.0,45.0,45.0,45.0,0.5665468343389737,0.857850312693159,0.9262020906331183,0.0,45.0,45.0,45.0,0.3210262516393048,0.059853979426088194,0.2446507294615902,0.0,45.0,45.0,45.0,3.2760216772323703,7.394691080132613,2.719318127790975,0.0,45.0,45.0,45.0,0.4229880048148761,0.4422584043203712,0.6650251155560752,0.0,45.0,45.0,45.0,0.4229880048148761,0.4422584043203712,0.6650251155560752,0.0,45.0,45.0,45.0,3.5426548068444346,9.46457225161981,0.9247363505196929,0.7675933095533984,0.5891994888711394,0.7813021955500474
ECDC_COVID/D,short,top_k_1_mix,top_k_1_mix,,,,assembled_from_candidate_artifacts_no_independent_selected_method_latency,5.0,top_k_1,0.4523809523809524,45.0,0.0,0.0,1220.0,0.0,45.0,40.0,14.0,35.0,18.382883022341915,0.45957207555854784,0.1111111111111111,83200.59765325613,38861035860.81069,197132.02647162814,0.0,45.0,45.0,45.0,143.7988224781884,33921.64929241748,184.17830841990454,0.0,45.0,45.0,45.0,173.78198789661803,53000.41833595584,230.21819723027073,0.0,45.0,45.0,45.0,0.6009569594081666,1.1123269043019062,1.0546690970640535,0.0,45.0,45.0,45.0,0.32107519555972525,0.05371974408909268,0.23177520162668974,0.0,45.0,45.0,45.0,3.4651915677775658,9.247218507186936,3.0409239561664374,0.0,45.0,45.0,45.0,0.4435487391842267,0.5455864666657442,0.7386382515587344,0.0,45.0,45.0,45.0,0.4435487391842267,0.5455864666657442,0.7386382515587344,0.0,45.0,45.0,45.0,3.5426548068444346,9.46457225161981,0.9781341272886059,0.8583743328001787,0.7368064952101518,0.9770350166225764
ECDC_COVID/D,short,top_k_5_mix,top_k_5_mix,,,,assembled_from_candidate_artifacts_no_independent_selected_method_latency,5.0,top_k_5,0.3333333333333333,45.0,0.0,0.0,1220.0,0.0,45.0,200.0,48.0,24.0,90.35115894427422,0.45175579472137106,0.1111111111111111,56563.13851544472,14540395478.982124,120583.56222546307,0.0,45.0,45.0,45.0,128.15061261830505,23840.195577322396,154.40270586140127,0.0,45.0,45.0,45.0,152.43923301418883,33325.41875349054,182.55250957872516,0.0,45.0,45.0,45.0,0.6348450592647669,1.8400556546289029,1.3564865110383157,0.0,45.0,45.0,45.0,0.3185408180081678,0.06558855514643205,0.25610262619979524,0.0,45.0,45.0,45.0,3.298054381671443,7.5696043933465935,2.7512914046582915,0.0,45.0,45.0,45.0,0.4684747121816853,0.9033919877123385,0.9504693512745892,0.0,45.0,45.0,45.0,0.4684747121816853,0.9033919877123385,0.9504693512745892,0.0,45.0,45.0,45.0,3.5426548068444346,9.46457225161981,0.9309556142189124,0.7766185402378963,0.603136357041241,0.7997830427097323
ECDC_COVID/D,short,top_k_10_mix,top_k_10_mix,,,,assembled_from_candidate_artifacts_no_independent_selected_method_latency,5.0,top_k_10,0.38095238095238093,45.0,0.0,0.0,1220.0,0.0,45.0,400.0,85.0,21.25,188.02461290890938,0.47006153227227343,0.1111111111111111,62199.08907384183,15275121503.629374,123592.56249317502,0.0,45.0,45.0,45.0,138.5835676074911,25265.94193816874,158.95264055110485,0.0,45.0,45.0,45.0,165.1837241857865,34913.426337955854,186.85134823692297,0.0,45.0,45.0,45.0,0.7795823778050308,3.71862259187111,1.9283730427153118,0.0,45.0,45.0,45.0,0.34246143467156004,0.07719601573279584,0.2778417098507635,0.0,45.0,45.0,45.0,3.47210500325897,7.7717400468413,2.7877840746444655,0.0,45.0,45.0,45.0,0.5761304160605593,1.8545004359533892,1.3618004391075034,0.0,45.0,45.0,45.0,0.5761304160605593,1.8545004359533892,1.3618004391075034,0.0,45.0,45.0,45.0,3.5426548068444346,9.46457225161981,0.9800856116579121,0.7869194789338342,0.6192422663254973,0.8211401255361761
ECDC_COVID/D,short,top_k_15_mix,top_k_15_mix,,,,assembled_from_candidate_artifacts_no_independent_selected_method_latency,5.0,top_k_15,0.3333333333333333,45.0,0.0,0.0,1220.0,0.0,45.0,600.0,113.0,18.833333333333332,291.613231644351,0.486022052740585,0.1111111111111111,66581.18302428797,14088055513.102829,118693.11485129553,0.0,45.0,45.0,45.0,148.36257686950543,27352.27734521714,165.3852391999272,0.0,45.0,45.0,45.0,173.2601446415229,36562.10530308651,191.2121996711677,0.0,45.0,45.0,45.0,0.7695713146411451,3.092485412635058,1.7585463919484916,0.0,45.0,45.0,45.0,0.34979451243477905,0.07437263002409915,0.2727134577245853,0.0,45.0,45.0,45.0,3.5281872194834856,7.519501580818969,2.7421709612675444,0.0,45.0,45.0,45.0,0.56461071737011,1.4812728553624752,1.2170755339593657,0.0,45.0,45.0,45.0,0.56461071737011,1.4812728553624752,1.2170755339593657,0.0,45.0,45.0,45.0,3.5426548068444346,9.46457225161981,0.9959161735619859,0.7740440745086568,0.599144229281963,0.7944893209021725
ECDC_COVID/D,short,top_k_20_mix,top_k_20_mix,,,,assembled_from_candidate_artifacts_no_independent_selected_method_latency,5.0,top_k_20,0.2857142857142857,45.0,0.0,0.0,1220.0,0.0,45.0,800.0,145.0,18.125,386.2513718452676,0.48281421480658454,0.1111111111111111,62542.88396724015,12189171990.374437,110404.58319460491,0.0,45.0,45.0,45.0,144.5118013496752,25430.86079592714,159.47056404216778,0.0,45.0,45.0,45.0,168.40717815792817,34181.90631212399,184.88349388770212,0.0,45.0,45.0,45.0,0.8163466734397384,4.092891892778064,2.023089689751313,0.0,45.0,45.0,45.0,0.35067893676202133,0.08583120040696643,0.29296962369325324,0.0,45.0,45.0,45.0,3.4728393869363257,7.19942039323866,2.683173567482853,0.0,45.0,45.0,45.0,0.6099449830677066,2.213082179517135,1.4876431626963285,0.0,45.0,45.0,45.0,0.6099449830677066,2.213082179517135,1.4876431626963285,0.0,45.0,45.0,45.0,3.5426548068444346,9.46457225161981,0.9802929092122594,0.7573906332332867,0.573640571309519,0.7606704457252697
ECDC_COVID/W,short,vanilla_univariate,vanilla_univariate,1.5208497643470764e-05,0.0,0.0,measured_candidate_query_loop_precomputed_vanilla_fallback_separate_retrieval,0.0,,,64.0,0.0,0.0,820.0,0.0,0.0,0.0,0.0,,0.0,,0.0,2753977.899006317,95040526119313.38,9748873.069196941,0.0,64.0,64.0,64.0,674.2486532528069,1756930.6416692343,1325.4926034004243,0.0,64.0,64.0,64.0,772.746657464411,2156840.502383897,1468.6185693991129,0.0,64.0,64.0,64.0,1.6959818520246532,24.19315958010163,4.918654244821608,0.0,64.0,64.0,64.0,0.5688406789493762,0.0964290531955905,0.310530277421688,0.0,64.0,64.0,64.0,1.8728634975946643,2.163970762996737,1.471044106407669,0.0,64.0,64.0,64.0,0.8897971614006914,1.368496638020441,1.169827610385582,0.0,64.0,64.0,64.0,0.8897971614006914,1.368496638020441,1.169827610385582,0.0,64.0,64.0,64.0,1.5433643330513203,2.5262185251337717,1.2134940904665752,0.9531411831316134,0.9084781149815319,0.8566047400361564
ECDC_COVID/W,short,top_k_1_mix,top_k_1_mix,,,,assembled_from_candidate_artifacts_no_independent_selected_method_latency,1.0,top_k_1,0.5238095238095238,64.0,0.0,0.0,820.0,0.0,64.0,63.0,6.0,9.523809523809524,33.26108538501796,0.5279537362701263,0.015625,3162468.322940537,139669529069773.66,11818186.369734302,0.0,64.0,64.0,64.0,702.2150323821165,1992906.4124126816,1411.7033726717102,0.0,64.0,64.0,64.0,816.7773310085843,2495343.1144910306,1579.6655071536602,0.0,64.0,64.0,64.0,2.1250501410647047,57.04400797273052,7.552748372131202,0.0,64.0,64.0,64.0,0.5753599119413617,0.1043467527108083,0.3230274798075363,0.0,64.0,64.0,64.0,1.9744907435749635,2.5107818371976514,1.5845446781954908,0.0,64.0,64.0,64.0,0.9778841313165468,2.2460534593021446,1.4986839090689352,0.0,64.0,64.0,64.0,0.9778841313165468,2.2460534593021446,1.4986839090689352,0.0,64.0,64.0,64.0,1.5433643330513203,2.5262185251337717,1.2793419552927476,1.0266821930909564,1.054076325610056,0.9938894090980103
ECDC_COVID/W,short,top_k_5_mix,top_k_5_mix,,,,assembled_from_candidate_artifacts_no_independent_selected_method_latency,1.0,top_k_5,0.6190476190476191,64.0,0.0,0.0,820.0,0.0,64.0,315.0,26.0,8.253968253968255,171.7643351444805,0.5452836036332714,0.015625,3149240.77973673,106515607041547.53,10320639.856207924,0.0,64.0,64.0,64.0,727.8343809538304,1891940.7602344418,1375.4783750515462,0.0,64.0,64.0,64.0,856.2641951432315,2416052.407852444,1554.3655965867374,0.0,64.0,64.0,64.0,2.0069797545907386,32.718558751642455,5.72001387687499,0.0,64.0,64.0,64.0,0.5905325824874165,0.09920321256484542,0.314965414870975,0.0,64.0,64.0,64.0,1.995056963216383,1.7755385828765786,1.3324933706689046,0.0,64.0,64.0,64.0,1.0010324795450785,1.6228536863855343,1.2739127467709608,0.0,64.0,64.0,64.0,1.0010324795450785,1.6228536863855343,1.2739127467709608,0.0,64.0,64.0,64.0,1.5433643330513203,2.5262185251337717,1.292667531892512,0.8633692914455839,0.7454065334112496,0.7028444155608264
ECDC_COVID/W,short,top_k_10_mix,top_k_10_mix,,,,assembled_from_candidate_artifacts_no_independent_selected_method_latency,1.0,top_k_10,0.6507936507936508,64.0,0.0,0.0,820.0,0.0,64.0,630.0,52.0,8.253968253968255,355.5370775903925,0.5643445676037977,0.015625,2919530.490772344,82436300033571.25,9079443.817413667,0.0,64.0,64.0,64.0,717.3376812401875,1651658.488762121,1285.1686616013171,0.0,64.0,64.0,64.0,849.6061183862628,2197699.9343729718,1482.4641426938365,0.0,64.0,64.0,64.0,2.0190539469040933,30.447798671754157,5.517952398467584,0.0,64.0,64.0,64.0,0.6077795156776122,0.10413315137822468,0.32269668634528104,0.0,64.0,64.0,64.0,2.0204380483537183,1.4515636529643037,1.2048085544866884,0.0,64.0,64.0,64.0,1.079938183364603,1.7506837747845423,1.323134072868106,0.0,64.0,64.0,64.0,1.079938183364603,1.7506837747845423,1.323134072868106,0.0,64.0,64.0,64.0,1.5433643330513203,2.5262185251337717,1.3091128290876048,0.7806378109728067,0.6093953919204156,0.5745994016441782
ECDC_COVID/W,short,top_k_15_mix,top_k_15_mix,,,,assembled_from_candidate_artifacts_no_independent_selected_method_latency,1.0,top_k_15,0.6031746031746031,64.0,0.0,0.0,820.0,0.0,64.0,945.0,78.0,8.253968253968255,534.9758362957376,0.5661119960801456,0.015625,2903182.019233626,73968109344682.95,8600471.460605107,0.0,64.0,64.0,64.0,733.0441609234626,1630066.9077199511,1276.7407362969002,0.0,64.0,64.0,64.0,862.5888393443516,2159122.51347219,1469.3952883659965,0.0,64.0,64.0,64.0,1.9628519220087424,22.48356836013691,4.7416841269887335,0.0,64.0,64.0,64.0,0.61758495380308,0.10655299373295861,0.32642456055413266,0.0,64.0,64.0,64.0,2.0463477011808155,1.4715189537639022,1.2130618095397705,0.0,64.0,64.0,64.0,1.0905541024296093,1.4427845079121373,1.2011596513004161,0.0,64.0,64.0,64.0,1.0905541024296093,1.4427845079121373,1.2011596513004161,0.0,64.0,64.0,64.0,1.5433643330513203,2.5262185251337717,1.3259006038678296,0.7859853850201899,0.6177730254653361,0.5824986790032269
ECDC_COVID/W,short,top_k_20_mix,top_k_20_mix,,,,assembled_from_candidate_artifacts_no_independent_selected_method_latency,1.0,top_k_20,0.5873015873015873,64.0,0.0,0.0,820.0,0.0,64.0,1260.0,98.0,7.777777777777778,708.5981402203287,0.5623794763653402,0.015625,2574238.27200985,57337439873686.31,7572148.960083017,0.0,64.0,64.0,64.0,699.2398011515395,1412802.5088742608,1188.6136920270862,0.0,64.0,64.0,64.0,823.9391204757208,1895362.597759546,1376.721684931107,0.0,64.0,64.0,64.0,1.9661697987778204,23.117389806468893,4.80805468006229,0.0,64.0,64.0,64.0,0.6142350119146791,0.11086767399608473,0.33296797743339335,0.0,64.0,64.0,64.0,2.010715212977927,1.48926164661186,1.2203530827641071,0.0,64.0,64.0,64.0,1.0871005047507245,1.571571942629529,1.2536235250782146,0.0,64.0,64.0,64.0,1.0871005047507245,1.571571942629529,1.2536235250782146,0.0,64.0,64.0,64.0,1.5433643330513203,2.5262185251337717,1.3028130622939997,0.7907096572274667,0.625221762032778,0.5895220986604864
Global_Influenza/W,short,vanilla_univariate,vanilla_univariate,2.3711472749710083e-05,0.0,0.0,measured_candidate_query_loop_precomputed_vanilla_fallback_separate_retrieval,0.0,,,237.0,0.0,0.0,3060.0,0.0,0.0,0.0,0.0,,0.0,,0.0,3247863.6701644436,252329470750542.8,15884881.829920636,0.0,237.0,237.0,240.0,509.41047529205,1778590.8641442994,1333.638205865556,0.0,237.0,237.0,240.0,629.7399467045668,2851291.2696889723,1688.5766993799755,0.0,237.0,237.0,240.0,0.6949977645695604,1.0549403680435978,1.0271029004163106,0.0,237.0,237.0,240.0,0.48558332194077014,0.13935730437604124,0.37330591259185975,0.0,237.0,237.0,240.0,2.968530838215052,15.159263492958546,3.8934898860737452,0.0,237.0,237.0,240.0,0.5066409068963035,0.22022238651993997,0.4692785809302828,0.0,237.0,237.0,240.0,0.5066409068963035,0.22022238651993997,0.4692785809302828,0.0,237.0,237.0,240.0,4.230835072275004,30.38882579215142,0.7016418242507416,0.9202651059569994,0.8468878652420473,0.49884334447939604
Global_Influenza/W,short,top_k_1_mix,top_k_1_mix,,,,assembled_from_candidate_artifacts_no_independent_selected_method_latency,4.0,top_k_1,0.29707112970711297,237.0,0.0,0.0,3060.0,0.0,240.0,233.0,27.0,11.587982832618026,140.23380684671707,0.6018618319601591,0.016877637130801686,3334756.7909086742,228525531373160.4,15117060.937006254,0.0,237.0,237.0,240.0,523.3661465081253,1857709.3362091742,1362.9781128870611,0.0,237.0,237.0,240.0,645.4539713737239,2918145.9617465623,1708.258166011965,0.0,237.0,237.0,240.0,0.7235958010135466,1.1056176566938767,1.0514835503677062,0.0,237.0,237.0,240.0,0.4926579064159023,0.1416392731373472,0.3763499344192147,0.0,237.0,237.0,240.0,2.984486068567958,14.247268879566029,3.7745554545623023,0.0,237.0,237.0,240.0,0.5263630773032786,0.2633099297612185,0.5131373400574338,0.0,237.0,237.0,240.0,0.5263630773032786,0.2633099297612185,0.5131373400574338,0.0,237.0,237.0,240.0,4.230835072275004,30.38882579215142,0.7054130018268807,0.8921537687198592,0.795938347041048,0.46883249050200876
Global_Influenza/W,short,top_k_5_mix,top_k_5_mix,,,,assembled_from_candidate_artifacts_no_independent_selected_method_latency,4.0,top_k_5,0.29707112970711297,237.0,0.0,0.0,3060.0,0.0,240.0,1165.0,135.0,11.587982832618026,678.5023394667643,0.5824054416023727,0.016877637130801686,3076677.3983740564,209871901781754.6,14486956.263541166,0.0,237.0,237.0,240.0,494.4516216103971,1669858.3717071128,1292.2299995384385,0.0,237.0,237.0,240.0,613.8978910008151,2699806.777798808,1643.1088758201047,0.0,237.0,237.0,240.0,0.7307119688814437,1.0677605005708701,1.0333249733606897,0.0,237.0,237.0,240.0,0.4891271264101351,0.14451149040919933,0.38014666960161486,0.0,237.0,237.0,240.0,2.856072257177557,13.459525232656814,3.6687225614179133,0.0,237.0,237.0,240.0,0.532091813829271,0.297307576827615,0.5452591831666983,0.0,237.0,237.0,240.0,0.532091813829271,0.297307576827615,0.5452591831666983,0.0,237.0,237.0,240.0,4.230835072275004,30.38882579215142,0.6750611187596568,0.8671391105409288,0.7519302370297133,0.4429103422657756
Global_Influenza/W,short,top_k_10_mix,top_k_10_mix,,,,assembled_from_candidate_artifacts_no_independent_selected_method_latency,4.0,top_k_10,0.25523012552301255,237.0,0.0,0.0,3060.0,0.0,240.0,2330.0,226.0,9.699570815450643,1371.490876923616,0.5886226939586335,0.016877637130801686,2995901.5542059555,201181868034228.6,14183859.419573665,0.0,237.0,237.0,240.0,491.721527236808,1612172.6792546427,1269.7136209612947,0.0,237.0,237.0,240.0,610.9616222346094,2622627.45036241,1619.4528243707532,0.0,237.0,237.0,240.0,0.7617319652351592,1.293593146559989,1.137362363787368,0.0,237.0,237.0,240.0,0.49366148349564515,0.14899216132511375,0.3859950275911773,0.0,237.0,237.0,240.0,2.873700453789742,13.441498099914636,3.6662648703980234,0.0,237.0,237.0,240.0,0.5430247088942997,0.32003466915793854,0.5657160676151408,0.0,237.0,237.0,240.0,0.5430247088942997,0.32003466915793854,0.5657160676151408,0.0,237.0,237.0,240.0,4.230835072275004,30.38882579215142,0.6792277185705792,0.8665582107946836,0.7509231326956836,0.4423171264283004
Global_Influenza/W,short,top_k_15_mix,top_k_15_mix,,,,assembled_from_candidate_artifacts_no_independent_selected_method_latency,4.0,top_k_15,0.3054393305439331,237.0,0.0,0.0,3060.0,0.0,240.0,3495.0,326.0,9.327610872675251,2058.734631815926,0.5890513967999789,0.016877637130801686,3130449.428404168,224605049809543.7,14986829.211328981,0.0,237.0,237.0,240.0,493.52410369300463,1670739.5031501162,1292.5708890231576,0.0,237.0,237.0,240.0,616.4974388113371,2750380.3363432297,1658.4270669351818,0.0,237.0,237.0,240.0,0.8000642335066954,1.6484959923892575,1.2839376902284851,0.0,237.0,237.0,240.0,0.4983431507312117,0.1535861472526563,0.39190068544550455,0.0,237.0,237.0,240.0,2.8391333145870967,12.980295217220036,3.602817677488001,0.0,237.0,237.0,240.0,0.5635789741674558,0.41675576406422543,0.6455662352262744,0.0,237.0,237.0,240.0,0.5635789741674558,0.41675576406422543,0.6455662352262744,0.0,237.0,237.0,240.0,4.230835072275004,30.38882579215142,0.6710574310003624,0.8515618349430707,0.7251575587316097,0.4271404004222
Global_Influenza/W,short,top_k_20_mix,top_k_20_mix,,,,assembled_from_candidate_artifacts_no_independent_selected_method_latency,4.0,top_k_20,0.3179916317991632,237.0,0.0,0.0,3060.0,0.0,240.0,4660.0,432.0,9.270386266094421,2746.2214941039847,0.5893179171896963,0.016877637130801686,3264394.744460082,251690020846625.2,15864741.436488185,0.0,237.0,237.0,240.0,499.3646486659976,1731250.6749700645,1315.7699931865236,0.0,237.0,237.0,240.0,625.1386295513598,2873596.4383027307,1695.168557490001,0.0,237.0,237.0,240.0,0.8639684863769144,2.811727232439655,1.676820572523982,0.0,237.0,237.0,240.0,0.5040022815590763,0.15742968658500398,0.39677410019430953,0.0,237.0,237.0,240.0,2.834097633857957,12.808167372196149,3.5788500069430333,0.0,237.0,237.0,240.0,0.5928957109993347,0.5941920137094774,0.7708385133797334,0.0,237.0,237.0,240.0,0.5928957109993347,0.5941920137094774,0.7708385133797334,0.0,237.0,237.0,240.0,4.230835072275004,30.38882579215142,0.6698671977147072,0.8458968373396354,0.7155414594211976,0.42147621825862513
Crypto/D,short,vanilla_univariate,vanilla_univariate,1.5927478671073914e-05,0.0,0.0,measured_candidate_query_loop_precomputed_vanilla_fallback_separate_retrieval,0.0,,,36.0,0.0,0.0,1080.0,0.0,0.0,0.0,0.0,,0.0,,0.0,13951502.907524575,1243160762933155.0,35258484.977848314,0.0,36.0,36.0,36.0,1490.4351169232968,8146204.918984784,2854.1557278790488,0.0,36.0,36.0,36.0,1754.565997956505,10873001.066339467,3297.423398100321,0.0,36.0,36.0,36.0,0.09128559415318618,0.0054392432208651455,0.07375122521602706,0.0,36.0,36.0,36.0,0.09221019243547658,0.005110174563932164,0.07148548498773835,0.0,36.0,36.0,36.0,6.398672126021581,34.00547078851163,5.831420992220647,0.0,36.0,36.0,36.0,0.09268943637907945,0.005523898605960389,0.07432293458926652,0.0,36.0,36.0,36.0,0.09268943637907945,0.005523898605960389,0.07432293458926652,0.0,36.0,36.0,36.0,6.169569272851417,27.688250742146593,1.0371343351598803,0.945190941915709,0.8933859166795052,1.2281552599763579
Crypto/D,short,top_k_1_mix,top_k_1_mix,,,,assembled_from_candidate_artifacts_no_independent_selected_method_latency,0.0,top_k_1,0.2631578947368421,36.0,0.0,0.0,1080.0,0.0,36.0,36.0,36.0,100.0,16.851814237133656,0.46810595103149044,0.0,14152760.035525255,1420532457091398.5,37689951.67271243,0.0,36.0,36.0,36.0,1494.8587460270633,8430249.09888138,2903.489124980733,0.0,36.0,36.0,36.0,1750.9072684712946,11087083.772739645,3329.72728203672,0.0,36.0,36.0,36.0,0.09016814989009009,0.005611346280553695,0.07490891989979362,0.0,36.0,36.0,36.0,0.09086130600272253,0.0053610939038417176,0.07321949128368564,0.0,36.0,36.0,36.0,6.374794297874883,36.10039970272763,6.008360816622752,0.0,36.0,36.0,36.0,0.09138885987851032,0.005696178473300978,0.07547303143044526,0.0,36.0,36.0,36.0,0.09138885987851032,0.005696178473300978,0.07547303143044526,0.0,36.0,36.0,36.0,6.169569272851417,27.688250742146593,1.0332640766230696,0.9738703872022239,0.9484235310694095,1.3038165552212442
Crypto/D,short,top_k_5_mix,top_k_5_mix,,,,assembled_from_candidate_artifacts_no_independent_selected_method_latency,0.0,top_k_5,0.2631578947368421,36.0,0.0,0.0,1080.0,0.0,36.0,180.0,180.0,100.0,92.25831726169439,0.5125462070094132,0.0,15515109.458532525,1310917763776205.0,36206598.34582925,0.0,36.0,36.0,36.0,1609.3255365089135,8804510.6024063,2967.239559322149,0.0,36.0,36.0,36.0,1906.0520683185541,11882074.971391087,3447.038579910455,0.0,36.0,36.0,36.0,0.09095863317687652,0.00540972202517114,0.07355081253916329,0.0,36.0,36.0,36.0,0.09194994800904094,0.005182085991741666,0.07198670704888276,0.0,36.0,36.0,36.0,6.594131338880756,35.495845519769034,5.957838997469556,0.0,36.0,36.0,36.0,0.09227872378425554,0.005516175939009814,0.07427096296002775,0.0,36.0,36.0,36.0,0.09227872378425554,0.005516175939009814,0.07427096296002775,0.0,36.0,36.0,36.0,6.169569272851417,27.688250742146593,1.0688155116269757,0.9656815142163069,0.9325407868990991,1.2819822331982083
Crypto/D,short,top_k_10_mix,top_k_10_mix,,,,assembled_from_candidate_artifacts_no_independent_selected_method_latency,0.0,top_k_10,0.23684210526315788,36.0,0.0,0.0,1080.0,0.0,36.0,360.0,360.0,100.0,186.68582268596643,0.5185717296832401,0.0,23199500.943671424,2461663299386595.0,49615151.913368106,0.0,36.0,36.0,36.0,2034.9456129215384,13287142.882522479,3645.1533414278306,0.0,36.0,36.0,36.0,2373.0132940435665,17568308.849963926,4191.456650135359,0.0,36.0,36.0,36.0,0.09543891564287985,0.005127878151009582,0.07160920437352716,0.0,36.0,36.0,36.0,0.09741936036957613,0.005002403430936456,0.07072767089998408,0.0,36.0,36.0,36.0,7.355701560854296,44.36732789282334,6.660880414241299,0.0,36.0,36.0,36.0,0.09700206838801234,0.005253107511888258,0.07247832442798507,0.0,36.0,36.0,36.0,0.09700206838801234,0.005253107511888258,0.07247832442798507,0.0,36.0,36.0,36.0,6.169569272851417,27.688250742146593,1.1922552832370872,1.0796345935447793,1.1656108555786007,1.6023882586879399
Crypto/D,short,top_k_15_mix,top_k_15_mix,,,,assembled_from_candidate_artifacts_no_independent_selected_method_latency,0.0,top_k_15,0.21052631578947367,36.0,0.0,0.0,1080.0,0.0,36.0,540.0,540.0,100.0,281.52918417277556,0.5213503410606954,0.0,27574050.195833053,3313338146403943.0,57561603.05623831,0.0,36.0,36.0,36.0,2269.7507287272706,16287667.440141572,4035.7982407624854,0.0,36.0,36.0,36.0,2608.6385277909067,20769055.22715794,4557.307892512633,0.0,36.0,36.0,36.0,0.09784771766905577,0.005117930241280512,0.07153971093931336,0.0,36.0,36.0,36.0,0.10034604358840685,0.005023432887515085,0.07087617997264727,0.0,36.0,36.0,36.0,7.771153144453369,50.96270380144576,7.138816694764319,0.0,36.0,36.0,36.0,0.09950072142003238,0.005260496186130926,0.07252927813049656,0.0,36.0,36.0,36.0,0.09950072142003238,0.005260496186130926,0.07252927813049656,0.0,36.0,36.0,36.0,6.169569272851417,27.688250742146593,1.259594114397834,1.157101311136578,1.338883444233988,1.8405895076596943
Crypto/D,short,top_k_20_mix,top_k_20_mix,,,,assembled_from_candidate_artifacts_no_independent_selected_method_latency,0.0,top_k_20,0.21052631578947367,36.0,0.0,0.0,1080.0,0.0,36.0,720.0,720.0,100.0,375.56927394477464,0.5216239915899648,0.0,33793952.89704548,5097891356010897.0,71399519.29817803,0.0,36.0,36.0,36.0,2565.0745731212473,21077673.292208716,4591.042723849204,0.0,36.0,36.0,36.0,2878.91047836632,25505827.354598086,5050.329430304333,0.0,36.0,36.0,36.0,0.10152938958594446,0.005130988671606227,0.07163091980148116,0.0,36.0,36.0,36.0,0.10465455537734364,0.00512634661464683,0.07159850986331232,0.0,36.0,36.0,36.0,8.357904194454882,62.66101557647356,7.915871119243514,0.0,36.0,36.0,36.0,0.10323233398443488,0.005295663770650775,0.0727713114534208,0.0,36.0,36.0,36.0,0.10323233398443488,0.005295663770650775,0.0727713114534208,0.0,36.0,36.0,36.0,6.169569272851417,27.688250742146593,1.3546981685144566,1.2830508531732558,1.6462194918286195,2.263090440780067
US_Term_Structure/B,short,vanilla_univariate,vanilla_univariate,7.392093539237976e-05,0.0,0.0,measured_candidate_query_loop_precomputed_vanilla_fallback_separate_retrieval,0.0,,,1400.0,0.0,0.0,26800.0,0.0,0.0,0.0,0.0,,0.0,,0.0,0.024318398151340608,0.001756807253016984,0.0419142845938826,0.0,1400.0,1400.0,1400.0,0.10468843969895941,0.006129553894443501,0.07829146757114405,0.0,1400.0,1400.0,1400.0,0.12560199977128048,0.008542535804795868,0.09242583948656279,0.0,1400.0,1400.0,1400.0,0.9669786763161611,51.92401722580377,7.205832167474051,0.0,1400.0,1400.0,1400.0,0.2743468778055642,0.18888995687250956,0.4346147223375084,0.0,1400.0,1400.0,1400.0,1.5298372792725325,0.9556551829104446,0.9775761775485553,0.0,1400.0,1400.0,1400.0,0.2634702257273984,0.2380380043677683,0.48789138583066655,0.0,1400.0,1400.0,1400.0,0.2634702257273984,0.2380380043677683,0.48789138583066655,0.0,1400.0,1400.0,1400.0,1.7649879489699798,1.0333743744905457,0.8667692491415153,0.5538713044012873,0.30677342183918344,0.9247908662159184
US_Term_Structure/B,short,top_k_1_mix,top_k_1_mix,,,,assembled_from_candidate_artifacts_no_independent_selected_method_latency,0.0,top_k_1,0.37660485021398005,1400.0,0.0,0.0,26800.0,0.0,1400.0,1400.0,1400.0,100.0,804.6741400786946,0.5747672429133532,0.0,0.02713824290315008,0.002063127023343008,0.0454216580866772,0.0,1400.0,1400.0,1400.0,0.11160450667750493,0.006828010666851793,0.08263177758496905,0.0,1400.0,1400.0,1400.0,0.1335188645852841,0.009310955703006642,0.0964932935649242,0.0,1400.0,1400.0,1400.0,0.9935358088696646,52.09086693843138,7.217400289469289,0.0,1400.0,1400.0,1400.0,0.27369910828699295,0.1821504381874112,0.42679086000922184,0.0,1400.0,1400.0,1400.0,1.618599276553521,1.0209236074961532,1.0104076442189822,0.0,1400.0,1400.0,1400.0,0.2681826429900486,0.2409948768689884,0.490912290403274,0.0,1400.0,1400.0,1400.0,0.2681826429900486,0.2409948768689884,0.490912290403274,0.0,1400.0,1400.0,1400.0,1.7649879489699798,1.0333743744905457,0.9170596759587571,0.572472828955371,0.32772513989216534,0.9879513491898512
US_Term_Structure/B,short,top_k_5_mix,top_k_5_mix,,,,assembled_from_candidate_artifacts_no_independent_selected_method_latency,0.0,top_k_5,0.231811697574893,1400.0,0.0,0.0,26800.0,0.0,1400.0,7000.0,7000.0,100.0,3946.7225487249484,0.5638175069607069,0.0,0.029823802685516085,0.0021825129509011215,0.046717373116444826,0.0,1400.0,1400.0,1400.0,0.11547290656774534,0.007822015896700762,0.08844216130726772,0.0,1400.0,1400.0,1400.0,0.13837556736193943,0.010676005042777444,0.10332475522728057,0.0,1400.0,1400.0,1400.0,0.954559299021302,49.30657198985855,7.021863854409209,0.0,1400.0,1400.0,1400.0,0.27605968892228144,0.18680148517360562,0.43220537383702856,0.0,1400.0,1400.0,1400.0,1.6603930652959138,1.1489089819568563,1.0718717189835993,0.0,1400.0,1400.0,1400.0,0.26341837650965505,0.22534868951688122,0.4747090577573607,0.0,1400.0,1400.0,1400.0,0.26341837650965505,0.22534868951688122,0.4747090577573607,0.0,1400.0,1400.0,1400.0,1.7649879489699798,1.0333743744905457,0.9407390380568287,0.6072969051200193,0.36880953096835384,1.1118032441275403
US_Term_Structure/B,short,top_k_10_mix,top_k_10_mix,,,,assembled_from_candidate_artifacts_no_independent_selected_method_latency,0.0,top_k_10,0.21754636233951496,1400.0,0.0,0.0,26800.0,0.0,1400.0,14000.0,14000.0,100.0,7711.216523933271,0.5508011802809479,0.0,0.040766968767442215,0.004217202390854311,0.06493999069028507,0.0,1400.0,1400.0,1400.0,0.1344570248605889,0.012446997508967201,0.11156611272679173,0.0,1400.0,1400.0,1400.0,0.15783562851151237,0.015854883139818088,0.12591617505236605,0.0,1400.0,1400.0,1400.0,0.938092052036909,48.478524006848325,6.962652081416127,0.0,1400.0,1400.0,1400.0,0.2810148649402681,0.18349803401000822,0.42836670506705843,0.0,1400.0,1400.0,1400.0,1.8829794271413656,1.7658745681968322,1.3288621328779116,0.0,1400.0,1400.0,1400.0,0.26438419129759017,0.21342192409518804,0.46197610771033176,0.0,1400.0,1400.0,1400.0,0.26438419129759017,0.21342192409518804,0.46197610771033176,0.0,1400.0,1400.0,1400.0,1.7649879489699798,1.0333743744905457,1.0668511522927075,0.7529015332107029,0.5668607187110271,1.7088430019056835
US_Term_Structure/B,short,top_k_15_mix,top_k_15_mix,,,,assembled_from_candidate_artifacts_no_independent_selected_method_latency,0.0,top_k_15,0.19828815977175462,1400.0,0.0,0.0,26800.0,0.0,1400.0,21000.0,21000.0,100.0,11441.835991066304,0.5448493329079193,0.0,0.04757959068575313,0.005893084010337708,0.07676642501991159,0.0,1400.0,1400.0,1400.0,0.14622256263668965,0.015836365963164914,0.12584262379323197,0.0,1400.0,1400.0,1400.0,0.1688266611920471,0.019077149156498885,0.13812005341911393,0.0,1400.0,1400.0,1400.0,0.9188187022732568,47.253253065056974,6.874100164025614,0.0,1400.0,1400.0,1400.0,0.28499971430517984,0.1830343266129576,0.4278251121813183,0.0,1400.0,1400.0,1400.0,2.021724467740357,2.2235290761772504,1.4911502527167577,0.0,1400.0,1400.0,1400.0,0.26608220137488164,0.20701435810094074,0.4549883054551411,0.0,1400.0,1400.0,1400.0,0.26608220137488164,0.20701435810094074,0.4549883054551411,0.0,1400.0,1400.0,1400.0,1.7649879489699798,1.0333743744905457,1.1454607771799261,0.8448501042667007,0.7137716986794551,2.151716871509855
US_Term_Structure/B,short,top_k_20_mix,top_k_20_mix,,,,assembled_from_candidate_artifacts_no_independent_selected_method_latency,0.0,top_k_20,0.18544935805991442,1400.0,0.0,0.0,26800.0,0.0,1400.0,28000.0,28000.0,100.0,15117.97882116086,0.5399278150414593,0.0,0.052101338953981634,0.00712312038665304,0.08439858047771324,0.0,1400.0,1400.0,1400.0,0.15365768751095077,0.01825130057378126,0.13509737441483183,0.0,1400.0,1400.0,1400.0,0.17556644973211205,0.021277760682443393,0.14586898464870246,0.0,1400.0,1400.0,1400.0,0.9124047146568548,46.5519664333058,6.822900148273152,0.0,1400.0,1400.0,1400.0,0.2869921995071247,0.18161652753362828,0.42616490650173,0.0,1400.0,1400.0,1400.0,2.1103648010135614,2.5791336394549744,1.6059681315191079,0.0,1400.0,1400.0,1400.0,0.267898285187015,0.20661485389305861,0.45454906654074057,0.0,1400.0,1400.0,1400.0,0.267898285187015,0.20661485389305861,0.45454906654074057,0.0,1400.0,1400.0,1400.0,1.7649879489699798,1.0333743744905457,1.1956822720773466,0.9099031709855733,0.8279237805696015,2.495836652352144
Oil_Price/B,short,vanilla_univariate,vanilla_univariate,3.316253423690796e-05,0.0,0.0,measured_candidate_query_loop_precomputed_vanilla_fallback_separate_retrieval,0.0,,,420.0,0.0,0.0,7776.0,0.0,0.0,0.0,0.0,,0.0,,0.0,3.205174747222645,137.52859503518997,11.727258632570102,0.0,420.0,420.0,420.0,0.6757667691486936,2.0853141778816586,1.444061694624457,0.0,420.0,420.0,420.0,0.7789115815197898,2.5984714953969843,1.611977510822339,0.0,420.0,420.0,420.0,0.05639941773324654,0.002112657395741223,0.04596365298517104,0.0,420.0,420.0,420.0,0.05566107247665147,0.001955028636050138,0.044215705762207826,0.0,420.0,420.0,420.0,1.343467022681446,1.0105177149292806,1.0052451019175774,0.0,420.0,420.0,420.0,0.05602719755911242,0.002082980170276159,0.04563967758733796,0.0,420.0,420.0,420.0,0.05602719755911242,0.002082980170276159,0.04563967758733796,0.0,420.0,420.0,420.0,1.5496690109476723,1.308977194348269,0.866938044957015,0.6486837478300207,0.4207906046988018,0.7719903137291941
Oil_Price/B,short,top_k_1_mix,top_k_1_mix,,,,assembled_from_candidate_artifacts_no_independent_selected_method_latency,12.0,top_k_1,0.4194312796208531,420.0,0.0,0.0,7776.0,0.0,420.0,408.0,408.0,100.0,225.1855571979526,0.5519253852890995,0.02857142857142857,3.274696049037125,122.91012512753863,11.086483893802336,0.0,420.0,420.0,420.0,0.6872036366149479,2.069394688360406,1.4385390812766978,0.0,420.0,420.0,420.0,0.7972956257364083,2.639015734218714,1.6245047658344107,0.0,420.0,420.0,420.0,0.0586003894146873,0.0022635545627722976,0.047576828002424645,0.0,420.0,420.0,420.0,0.057757857819616475,0.0020524834042490356,0.04530434200216394,0.0,420.0,420.0,420.0,1.3859965976092445,0.9686621906437161,0.9842063760430106,0.0,420.0,420.0,420.0,0.05819726168231602,0.0022073666810688603,0.04698262105362855,0.0,420.0,420.0,420.0,0.05819726168231602,0.0022073666810688603,0.04698262105362855,0.0,420.0,420.0,420.0,1.5496690109476723,1.308977194348269,0.8943823408855954,0.6351074772032363,0.4033615075994594,0.7400145662018248
Oil_Price/B,short,top_k_5_mix,top_k_5_mix,,,,assembled_from_candidate_artifacts_no_independent_selected_method_latency,12.0,top_k_5,0.3459715639810427,420.0,0.0,0.0,7776.0,0.0,420.0,2040.0,2040.0,100.0,1132.0374771083898,0.5549203319158773,0.02857142857142857,3.2041953638900376,146.20123953619523,12.091370457321835,0.0,420.0,420.0,420.0,0.6718309528968787,2.0737474003066256,1.4400511797525204,0.0,420.0,420.0,420.0,0.7790161014783323,2.597329277527538,1.6116231809972013,0.0,420.0,420.0,420.0,0.05718693689563713,0.002176726428868441,0.04665540085422524,0.0,420.0,420.0,420.0,0.056458581905137924,0.001977143305352833,0.04446507961707516,0.0,420.0,420.0,420.0,1.3562133247400208,0.9800278788757383,0.9899635745196579,0.0,420.0,420.0,420.0,0.05686085636428585,0.0021278562459420437,0.046128692220157766,0.0,420.0,420.0,420.0,0.05686085636428585,0.0021278562459420437,0.046128692220157766,0.0,420.0,420.0,420.0,1.5496690109476723,1.308977194348269,0.8751632220551747,0.6388225921316343,0.4080943042177803,0.7486974433986893
Oil_Price/B,short,top_k_10_mix,top_k_10_mix,,,,assembled_from_candidate_artifacts_no_independent_selected_method_latency,12.0,top_k_10,0.3033175355450237,420.0,0.0,0.0,7776.0,0.0,420.0,4080.0,4080.0,100.0,2262.9883215700497,0.5546540003848162,0.02857142857142857,3.2537729142412815,154.43388784859033,12.427143189349286,0.0,420.0,420.0,420.0,0.6715959823694415,2.1112160525082473,1.4530024268762414,0.0,420.0,420.0,420.0,0.779207993873302,2.646607816525226,1.6268398250981029,0.0,420.0,420.0,420.0,0.05657498733059468,0.0019490988447253665,0.044148599578303346,0.0,420.0,420.0,420.0,0.0560789220862299,0.0018275628099993883,0.04275000362572369,0.0,420.0,420.0,420.0,1.3488607968944561,0.8734263036716701,0.9345727920668727,0.0,420.0,420.0,420.0,0.0563113154180709,0.0019237417537665978,0.0438604805464623,0.0,420.0,420.0,420.0,0.0563113154180709,0.0019237417537665978,0.0438604805464623,0.0,420.0,420.0,420.0,1.5496690109476723,1.308977194348269,0.8704186425394056,0.6030789707121725,0.3637042449152535,0.6672586103431261
Oil_Price/B,short,top_k_15_mix,top_k_15_mix,,,,assembled_from_candidate_artifacts_no_independent_selected_method_latency,12.0,top_k_15,0.26303317535545023,420.0,0.0,0.0,7776.0,0.0,420.0,6120.0,6120.0,100.0,3381.13600560767,0.5524732035306651,0.02857142857142857,3.148122146680446,129.30314091940542,11.371153895687343,0.0,420.0,420.0,420.0,0.6678589006521547,2.03697677206063,1.427226951840747,0.0,420.0,420.0,420.0,0.7725439801117533,2.5512979454735367,1.5972782930577678,0.0,420.0,420.0,420.0,0.05654302729394759,0.0020497141028265973,0.04527376837448587,0.0,420.0,420.0,420.0,0.05600289750746511,0.0018882180353144264,0.04345363086457133,0.0,420.0,420.0,420.0,1.3436748155393703,0.8726147842150069,0.934138525174402,0.0,420.0,420.0,420.0,0.05626804420631973,0.002010706878131097,0.044840906303631925,0.0,420.0,420.0,420.0,0.05626804420631973,0.002010706878131097,0.044840906303631925,0.0,420.0,420.0,420.0,1.5496690109476723,1.308977194348269,0.867072133498798,0.6027987386823631,0.3633663193570479,0.6666386457935778
Oil_Price/B,short,top_k_20_mix,top_k_20_mix,,,,assembled_from_candidate_artifacts_no_independent_selected_method_latency,12.0,top_k_20,0.27014218009478674,420.0,0.0,0.0,7776.0,0.0,420.0,8160.0,8160.0,100.0,4504.045339795977,0.5519663406612717,0.02857142857142857,3.220940750837273,137.05865675788868,11.707205335086964,0.0,420.0,420.0,420.0,0.6724584219864018,2.0895376298757222,1.445523306583371,0.0,420.0,420.0,420.0,0.7771517286350651,2.6169759415168024,1.6177070011336423,0.0,420.0,420.0,420.0,0.05653538769398508,0.002024015427636346,0.044989058977004025,0.0,420.0,420.0,420.0,0.05601559964432105,0.001858166823549458,0.043106459185944024,0.0,420.0,420.0,420.0,1.3444872288516703,0.8539078842932681,0.9240713632037669,0.0,420.0,420.0,420.0,0.05626704149273265,0.0019793349195700357,0.0444897170093274,0.0,420.0,420.0,420.0,0.05626704149273265,0.0019793349195700357,0.0444897170093274,0.0,420.0,420.0,420.0,1.5496690109476723,1.308977194348269,0.8675963830685839,0.5963024082404975,0.355576562073417,0.6523474113836056
Job_Claims/W,short,vanilla_univariate,vanilla_univariate,1.377984881401062e-05,0.0,0.0,measured_candidate_query_loop_precomputed_vanilla_fallback_separate_retrieval,0.0,,,8.0,0.0,0.0,104.0,0.0,0.0,0.0,0.0,,0.0,,0.0,584168288.0829186,7.941460163319419e+17,891148706.0709575,0.0,8.0,8.0,8.0,15750.981670673078,128098571.9441076,11318.063966249158,0.0,8.0,8.0,8.0,19132.316897396562,218122738.2205125,14768.978915974947,0.0,8.0,8.0,8.0,0.022302369800503617,0.000138436314063955,0.011765896228675273,0.0,8.0,8.0,8.0,0.022583347741491462,0.00014759555995581542,0.012148891305621901,0.0,8.0,8.0,8.0,2.8235117450947285,1.2519974815879118,1.1189269330871932,0.0,8.0,8.0,8.0,0.022521908730630036,0.00014529739844200163,0.01205393705151979,0.0,8.0,8.0,8.0,0.022521908730630036,0.00014529739844200163,0.01205393705151979,0.0,8.0,8.0,8.0,2.721408984092651,1.8094438105119042,1.0375183449451717,0.4111572129097884,0.16905025372774504,0.6919239350315681
Job_Claims/W,short,top_k_1_mix,top_k_1_mix,,,,assembled_from_candidate_artifacts_no_independent_selected_method_latency,0.0,top_k_1,0.7,8.0,0.0,0.0,104.0,0.0,8.0,8.0,8.0,100.0,4.721650430078515,0.5902063037598144,0.0,631055127.2401944,4.2996208787832557e+17,655714944.0712218,0.0,8.0,8.0,8.0,17126.725811298078,104362452.37316224,10215.79426051456,0.0,8.0,8.0,8.0,21193.165900501153,181904846.3540296,13487.210473408859,0.0,8.0,8.0,8.0,0.02273072384707025,0.00012098884520035064,0.010999492951966042,0.0,8.0,8.0,8.0,0.02305239940753028,0.00013353049789027383,0.011555539705711448,0.0,8.0,8.0,8.0,2.975382364814389,0.6355114089543253,0.7971896944606882,0.0,8.0,8.0,8.0,0.022970141794515994,0.0001297735251402016,0.01139181834213492,0.0,8.0,8.0,8.0,0.022970141794515994,0.0001297735251402016,0.01139181834213492,0.0,8.0,8.0,8.0,2.721408984092651,1.8094438105119042,1.0933242236673277,0.2929327047571574,0.08580956951634393,0.3512192007634295
Job_Claims/W,short,top_k_5_mix,top_k_5_mix,,,,assembled_from_candidate_artifacts_no_independent_selected_method_latency,0.0,top_k_5,0.3,8.0,0.0,0.0,104.0,0.0,8.0,40.0,40.0,100.0,26.187990930963398,0.6546997732740849,0.0,664934922.6026284,8.912104134275173e+17,944039413.0689234,0.0,8.0,8.0,8.0,16223.003305288463,166675633.06100583,12910.291749647095,0.0,8.0,8.0,8.0,20123.591385168824,259975992.36538723,16123.77103426451,0.0,8.0,8.0,8.0,0.02204874481812051,0.00012547350689493114,0.011201495743646522,0.0,8.0,8.0,8.0,0.022349108425148416,0.00013326227171041595,0.011543927915160245,0.0,8.0,8.0,8.0,2.836385263582317,1.6298479426322339,1.2766549818303432,0.0,8.0,8.0,8.0,0.022277147312896862,0.00013181005240145248,0.011480855908923013,0.0,8.0,8.0,8.0,0.022277147312896862,0.00013181005240145248,0.011480855908923013,0.0,8.0,8.0,8.0,2.721408984092651,1.8094438105119042,1.042248805733255,0.4691154432474965,0.22006929909329512,0.9007452639113113
Job_Claims/W,short,top_k_10_mix,top_k_10_mix,,,,assembled_from_candidate_artifacts_no_independent_selected_method_latency,0.0,top_k_10,0.4,8.0,0.0,0.0,104.0,0.0,8.0,80.0,80.0,100.0,49.9607320097777,0.6245091501222213,0.0,964903158.0970483,1.872572673049545e+18,1368419772.2371395,0.0,8.0,8.0,8.0,19623.007962740383,288170240.53864825,16975.577767447216,0.0,8.0,8.0,8.0,23635.74266973886,406254826.5469341,20155.76410228434,0.0,8.0,8.0,8.0,0.023811636195826963,0.0001157951784785943,0.010760816812797917,0.0,8.0,8.0,8.0,0.024185038149172274,0.00012443707633832447,0.011155136769144718,0.0,8.0,8.0,8.0,3.2605223067098406,2.868142118969357,1.6935590095917403,0.0,8.0,8.0,8.0,0.02406573886922768,0.00012254554429292497,0.011070029100816536,0.0,8.0,8.0,8.0,0.02406573886922768,0.00012254554429292497,0.011070029100816536,0.0,8.0,8.0,8.0,2.721408984092651,1.8094438105119042,1.1981008094587944,0.6223096269215824,0.38726927175927917,1.5850959849136954
Job_Claims/W,short,top_k_15_mix,top_k_15_mix,,,,assembled_from_candidate_artifacts_no_independent_selected_method_latency,0.0,top_k_15,0.4,8.0,0.0,0.0,104.0,0.0,8.0,120.0,120.0,100.0,76.10249692063337,0.6341874743386114,0.0,1253077968.1928546,1.8475010851740134e+18,1359228121.0944738,0.0,8.0,8.0,8.0,23811.952073317305,324690031.5687077,18019.157349019064,0.0,8.0,8.0,8.0,28380.30210648128,447636420.53770924,21157.41998774211,0.0,8.0,8.0,8.0,0.025798788123557216,6.009785112706574e-05,0.00775228038238206,0.0,8.0,8.0,8.0,0.02620532778621327,6.589450522330876e-05,0.008117543053369583,0.0,8.0,8.0,8.0,3.786220771472564,2.6120631546357327,1.6161878463333812,0.0,8.0,8.0,8.0,0.0260440955487469,6.530105410633705e-05,0.0080809067626311,0.0,8.0,8.0,8.0,0.0260440955487469,6.530105410633705e-05,0.0080809067626311,0.0,8.0,8.0,8.0,2.721408984092651,1.8094438105119042,1.3912722393451395,0.5938790735903434,0.35269235404852445,1.4435724057641568
Job_Claims/W,short,top_k_20_mix,top_k_20_mix,,,,assembled_from_candidate_artifacts_no_independent_selected_method_latency,0.0,top_k_20,0.4,8.0,0.0,0.0,104.0,0.0,8.0,160.0,160.0,100.0,103.32579842272236,0.6457862401420147,0.0,1236903963.5253859,1.9021943394722317e+18,1379200616.107835,0.0,8.0,8.0,8.0,24453.764423076922,344648918.2377926,18564.72241208558,0.0,8.0,8.0,8.0,28170.643272991612,443318821.11123824,21055.137641707268,0.0,8.0,8.0,8.0,0.02646997827321198,6.994276254844163e-05,0.008363178973837737,0.0,8.0,8.0,8.0,0.02690075140399204,7.732864207906344e-05,0.008793670569168681,0.0,8.0,8.0,8.0,3.8867114416808946,2.817430028734157,1.6785201901479043,0.0,8.0,8.0,8.0,0.026729393601653065,7.588004632250715e-05,0.008710915355030558,0.0,8.0,8.0,8.0,0.026729393601653065,7.588004632250715e-05,0.008710915355030558,0.0,8.0,8.0,8.0,2.721408984092651,1.8094438105119042,1.4281982107061972,0.6167835117614789,0.3804219003808226,1.5570696433712892
Uncertainty_1M/M,short,vanilla_univariate,vanilla_univariate,1.376122236251831e-05,0.0,0.0,measured_candidate_query_loop_precomputed_vanilla_fallback_separate_retrieval,0.0,,,21.0,0.0,0.0,126.0,0.0,0.0,0.0,0.0,,0.0,,0.0,0.0013098354742705823,1.406913203107159e-06,0.0011861337205843019,0.0,21.0,21.0,21.0,0.027682029538684424,0.00028195763934343724,0.016791594306182996,0.0,21.0,21.0,21.0,0.0311872996442579,0.00033718781516985335,0.01836267451026275,0.0,21.0,21.0,21.0,0.03419419235597905,0.00045178806970296514,0.021255306859769518,0.0,21.0,21.0,21.0,0.033681581238780775,0.00041900521507151785,0.020469616876520134,0.0,21.0,21.0,21.0,0.34658902070398,0.0657998081347549,0.25651473278304093,0.0,21.0,21.0,21.0,0.033993780819157965,0.00043627213427285263,0.020887128435303225,0.0,21.0,21.0,21.0,0.033993780819157965,0.00043627213427285263,0.020887128435303225,0.0,21.0,21.0,21.0,0.9687122092330922,0.4634703206443205,0.35778326875674127,0.2647997313733848,0.07011889773541675,0.14197199950857572
Uncertainty_1M/M,short,top_k_1_mix,top_k_1_mix,,,,assembled_from_candidate_artifacts_no_independent_selected_method_latency,0.0,top_k_1,0.30434782608695654,21.0,0.0,0.0,126.0,0.0,21.0,21.0,21.0,100.0,11.30422332791779,0.5382963489484661,0.0,0.0014396081687182395,1.6358724198391417e-06,0.001279012282911756,0.0,21.0,21.0,21.0,0.028879371427354354,0.0003372254479792177,0.018363699191045843,0.0,21.0,21.0,21.0,0.03244624770800105,0.000386849178389275,0.019668481852681843,0.0,21.0,21.0,21.0,0.035405828789361965,0.0005056547704959108,0.02248676878735384,0.0,21.0,21.0,21.0,0.03474589758670784,0.0004667911236011145,0.021605349420944678,0.0,21.0,21.0,21.0,0.3547708822866186,0.06824207495577209,0.2612318413895444,0.0,21.0,21.0,21.0,0.035136223970218754,0.0004872819557373867,0.02207446388335143,0.0,21.0,21.0,21.0,0.035136223970218754,0.0004872819557373867,0.02207446388335143,0.0,21.0,21.0,21.0,0.9687122092330922,0.4634703206443205,0.36622939083990985,0.2696691947305545,0.07272147458662573,0.14724152101239485
Uncertainty_1M/M,short,top_k_5_mix,top_k_5_mix,,,,assembled_from_candidate_artifacts_no_independent_selected_method_latency,0.0,top_k_5,0.391304347826087,21.0,0.0,0.0,126.0,0.0,21.0,105.0,105.0,100.0,58.068935098154896,0.5530374771252847,0.0,0.0013203317591119973,1.4439029020145645e-06,0.0012016251087650276,0.0,21.0,21.0,21.0,0.02722109168294876,0.0002842893681372521,0.016860882780484896,0.0,21.0,21.0,21.0,0.031139203994278226,0.00035068173371472405,0.018726498170099075,0.0,21.0,21.0,21.0,0.03382541958341328,0.00044321569658571034,0.021052688583307128,0.0,21.0,21.0,21.0,0.03334049023634683,0.00041884850395240865,0.02046578862278238,0.0,21.0,21.0,21.0,0.34007648120919737,0.0599912683840106,0.24493115029332346,0.0,21.0,21.0,21.0,0.033571483170560884,0.00042832566581888745,0.020696030194674715,0.0,21.0,21.0,21.0,0.033571483170560884,0.00042832566581888745,0.020696030194674715,0.0,21.0,21.0,21.0,0.9687122092330922,0.4634703206443205,0.3510603850842639,0.2528420184641112,0.06392908630100595,0.12943928815249747
Uncertainty_1M/M,short,top_k_10_mix,top_k_10_mix,,,,assembled_from_candidate_artifacts_no_independent_selected_method_latency,0.0,top_k_10,0.391304347826087,21.0,0.0,0.0,126.0,0.0,21.0,210.0,210.0,100.0,114.2438292211394,0.5440182343863781,0.0,0.0011125026381275942,1.1639423093379615e-06,0.0010788615802492744,0.0,21.0,21.0,21.0,0.025133629639943447,0.00023147876679893194,0.01521442627242092,0.0,21.0,21.0,21.0,0.02890967293576359,0.00027673344887477246,0.016635307297275047,0.0,21.0,21.0,21.0,0.03142180547482085,0.00035531166110385024,0.018849712493930783,0.0,21.0,21.0,21.0,0.031128703530779376,0.00034717249652676895,0.018632565484301106,0.0,21.0,21.0,21.0,0.3172951353071937,0.04873313591308083,0.22075582871824886,0.0,21.0,21.0,21.0,0.03121730437830956,0.0003445588554312434,0.018562296609828305,0.0,21.0,21.0,21.0,0.03121730437830956,0.0003445588554312434,0.018562296609828305,0.0,21.0,21.0,21.0,0.9687122092330922,0.4634703206443205,0.3275432396566873,0.22788587427117937,0.051931971692339776,0.10514834228291382
Uncertainty_1M/M,short,top_k_15_mix,top_k_15_mix,,,,assembled_from_candidate_artifacts_no_independent_selected_method_latency,0.0,top_k_15,0.30434782608695654,21.0,0.0,0.0,126.0,0.0,21.0,315.0,315.0,100.0,172.80810154262193,0.5485971477543553,0.0,0.001062965457822914,1.057161482753365e-06,0.001028183584168394,0.0,21.0,21.0,21.0,0.024445140172564796,0.00022210539959771576,0.014903200984946682,0.0,21.0,21.0,21.0,0.028196628365498907,0.0002679156066408565,0.01636812776834469,0.0,21.0,21.0,21.0,0.03066002130000565,0.0003484384084999549,0.018666504988881956,0.0,21.0,21.0,21.0,0.030403923299499154,0.00034209244820379613,0.018495741353181713,0.0,21.0,21.0,21.0,0.3116394082599735,0.04938051369602078,0.222217266871908,0.0,21.0,21.0,21.0,0.030477497945263714,0.00033843091887825774,0.018396492026423347,0.0,21.0,21.0,21.0,0.030477497945263714,0.00033843091887825774,0.018396492026423347,0.0,21.0,21.0,21.0,0.9687122092330922,0.4634703206443205,0.3217048420466296,0.229394514442873,0.05262184325648147,0.10654514754552472
Uncertainty_1M/M,short,top_k_20_mix,top_k_20_mix,,,,assembled_from_candidate_artifacts_no_independent_selected_method_latency,0.0,top_k_20,0.21739130434782608,21.0,0.0,0.0,126.0,0.0,21.0,420.0,420.0,100.0,229.31719895722352,0.5459933308505323,0.0,0.0010809540154614774,1.1418822136663748e-06,0.0010685888889869549,0.0,21.0,21.0,21.0,0.024504771781346153,0.0002360852413026908,0.015365065613354562,0.0,21.0,21.0,21.0,0.028266546751323673,0.0002819563502167108,0.016791555920066217,0.0,21.0,21.0,21.0,0.030747097507317,0.0003722811178860463,0.01929458778740936,0.0,21.0,21.0,21.0,0.030484675946078923,0.0003646486929733469,0.01909577683607941,0.0,21.0,21.0,21.0,0.3136277356347516,0.053518364076704864,0.23134036413195355,0.0,21.0,21.0,21.0,0.030567495679443765,0.00036222821671576553,0.01903229404763823,0.0,21.0,21.0,21.0,0.030567495679443765,0.00036222821671576553,0.01903229404763823,0.0,21.0,21.0,21.0,0.9687122092330922,0.4634703206443205,0.32375738908364093,0.2388122725480053,0.05703130151954276,0.1154731202686359
Housing_Inventory/M,short,vanilla_univariate,vanilla_univariate,1.3148412108421326e-05,0.0,0.0,measured_candidate_query_loop_precomputed_vanilla_fallback_separate_retrieval,0.0,,,12.0,0.0,0.0,144.0,0.0,0.0,0.0,0.0,,0.0,,0.0,4081737329.3868794,6.576025086799099e+19,8109269441.077352,0.0,12.0,12.0,12.0,30245.817404270172,2428025839.9594984,49275.00218122266,0.0,12.0,12.0,12.0,33557.254889487005,2955647973.668881,54365.8714054036,0.0,12.0,12.0,12.0,0.06482986100817427,0.0036063562826905825,0.060052945662062096,0.0,12.0,12.0,12.0,0.0647671541415867,0.0031567495576542326,0.05618495846447012,0.0,12.0,12.0,12.0,0.519415995523202,0.0382078532027121,0.19546829206475433,0.0,12.0,12.0,12.0,0.06546962005498251,0.003701641652868005,0.06084111810994276,0.0,12.0,12.0,12.0,0.06546962005498251,0.003701641652868005,0.06084111810994276,0.0,12.0,12.0,12.0,0.6840076077319015,0.15831152058175027,0.7593716643672015,0.2857691783764028,0.08166402330992432,0.2413460060411838
Housing_Inventory/M,short,top_k_1_mix,top_k_1_mix,,,,assembled_from_candidate_artifacts_no_independent_selected_method_latency,0.0,top_k_1,0.0,12.0,0.0,0.0,144.0,0.0,0.0,0.0,0.0,,0.0,,0.0,4081737329.3868794,6.576025086799099e+19,8109269441.077352,0.0,12.0,12.0,12.0,30245.817404270172,2428025839.9594984,49275.00218122266,0.0,12.0,12.0,12.0,33557.254889487005,2955647973.668881,54365.8714054036,0.0,12.0,12.0,12.0,0.06482986100817427,0.0036063562826905825,0.060052945662062096,0.0,12.0,12.0,12.0,0.0647671541415867,0.0031567495576542326,0.05618495846447012,0.0,12.0,12.0,12.0,0.519415995523202,0.0382078532027121,0.19546829206475433,0.0,12.0,12.0,12.0,0.06546962005498251,0.003701641652868005,0.06084111810994276,0.0,12.0,12.0,12.0,0.06546962005498251,0.003701641652868005,0.06084111810994276,0.0,12.0,12.0,12.0,0.6840076077319015,0.15831152058175027,0.7593716643672015,0.2857691783764028,0.08166402330992432,0.2413460060411838
Housing_Inventory/M,short,top_k_5_mix,top_k_5_mix,,,,assembled_from_candidate_artifacts_no_independent_selected_method_latency,0.0,top_k_5,0.0,12.0,0.0,0.0,144.0,0.0,0.0,0.0,0.0,,0.0,,0.0,4081737329.3868794,6.576025086799099e+19,8109269441.077352,0.0,12.0,12.0,12.0,30245.817404270172,2428025839.9594984,49275.00218122266,0.0,12.0,12.0,12.0,33557.254889487005,2955647973.668881,54365.8714054036,0.0,12.0,12.0,12.0,0.06482986100817427,0.0036063562826905825,0.060052945662062096,0.0,12.0,12.0,12.0,0.0647671541415867,0.0031567495576542326,0.05618495846447012,0.0,12.0,12.0,12.0,0.519415995523202,0.0382078532027121,0.19546829206475433,0.0,12.0,12.0,12.0,0.06546962005498251,0.003701641652868005,0.06084111810994276,0.0,12.0,12.0,12.0,0.06546962005498251,0.003701641652868005,0.06084111810994276,0.0,12.0,12.0,12.0,0.6840076077319015,0.15831152058175027,0.7593716643672015,0.2857691783764028,0.08166402330992432,0.2413460060411838
Housing_Inventory/M,short,top_k_10_mix,top_k_10_mix,,,,assembled_from_candidate_artifacts_no_independent_selected_method_latency,0.0,top_k_10,0.0,12.0,0.0,0.0,144.0,0.0,0.0,0.0,0.0,,0.0,,0.0,4081737329.3868794,6.576025086799099e+19,8109269441.077352,0.0,12.0,12.0,12.0,30245.817404270172,2428025839.9594984,49275.00218122266,0.0,12.0,12.0,12.0,33557.254889487005,2955647973.668881,54365.8714054036,0.0,12.0,12.0,12.0,0.06482986100817427,0.0036063562826905825,0.060052945662062096,0.0,12.0,12.0,12.0,0.0647671541415867,0.0031567495576542326,0.05618495846447012,0.0,12.0,12.0,12.0,0.519415995523202,0.0382078532027121,0.19546829206475433,0.0,12.0,12.0,12.0,0.06546962005498251,0.003701641652868005,0.06084111810994276,0.0,12.0,12.0,12.0,0.06546962005498251,0.003701641652868005,0.06084111810994276,0.0,12.0,12.0,12.0,0.6840076077319015,0.15831152058175027,0.7593716643672015,0.2857691783764028,0.08166402330992432,0.2413460060411838
Housing_Inventory/M,short,top_k_15_mix,top_k_15_mix,,,,assembled_from_candidate_artifacts_no_independent_selected_method_latency,0.0,top_k_15,0.0,12.0,0.0,0.0,144.0,0.0,0.0,0.0,0.0,,0.0,,0.0,4081737329.3868794,6.576025086799099e+19,8109269441.077352,0.0,12.0,12.0,12.0,30245.817404270172,2428025839.9594984,49275.00218122266,0.0,12.0,12.0,12.0,33557.254889487005,2955647973.668881,54365.8714054036,0.0,12.0,12.0,12.0,0.06482986100817427,0.0036063562826905825,0.060052945662062096,0.0,12.0,12.0,12.0,0.0647671541415867,0.0031567495576542326,0.05618495846447012,0.0,12.0,12.0,12.0,0.519415995523202,0.0382078532027121,0.19546829206475433,0.0,12.0,12.0,12.0,0.06546962005498251,0.003701641652868005,0.06084111810994276,0.0,12.0,12.0,12.0,0.06546962005498251,0.003701641652868005,0.06084111810994276,0.0,12.0,12.0,12.0,0.6840076077319015,0.15831152058175027,0.7593716643672015,0.2857691783764028,0.08166402330992432,0.2413460060411838
Housing_Inventory/M,short,top_k_20_mix,top_k_20_mix,,,,assembled_from_candidate_artifacts_no_independent_selected_method_latency,0.0,top_k_20,0.0,12.0,0.0,0.0,144.0,0.0,0.0,0.0,0.0,,0.0,,0.0,4081737329.3868794,6.576025086799099e+19,8109269441.077352,0.0,12.0,12.0,12.0,30245.817404270172,2428025839.9594984,49275.00218122266,0.0,12.0,12.0,12.0,33557.254889487005,2955647973.668881,54365.8714054036,0.0,12.0,12.0,12.0,0.06482986100817427,0.0036063562826905825,0.060052945662062096,0.0,12.0,12.0,12.0,0.0647671541415867,0.0031567495576542326,0.05618495846447012,0.0,12.0,12.0,12.0,0.519415995523202,0.0382078532027121,0.19546829206475433,0.0,12.0,12.0,12.0,0.06546962005498251,0.003701641652868005,0.06084111810994276,0.0,12.0,12.0,12.0,0.06546962005498251,0.003701641652868005,0.06084111810994276,0.0,12.0,12.0,12.0,0.6840076077319015,0.15831152058175027,0.7593716643672015,0.2857691783764028,0.08166402330992432,0.2413460060411838
JOLTS/M,short,vanilla_univariate,vanilla_univariate,1.3519078493118286e-05,0.0,0.0,measured_candidate_query_loop_precomputed_vanilla_fallback_separate_retrieval,0.0,,,30.0,0.0,0.0,360.0,0.0,0.0,0.0,0.0,,0.0,,0.0,353319.65934235696,1156812085989.2205,1075551.9912999186,0.0,30.0,30.0,30.0,326.4235405815972,113977.04408031965,337.6048638279959,0.0,30.0,30.0,30.0,393.90184616499084,198160.9949301689,445.1527770666706,0.0,30.0,30.0,30.0,0.07994765168033391,0.0018193076072559602,0.04265334227532422,0.0,30.0,30.0,30.0,0.08028978025122482,0.0019455614972391762,0.04410851955392718,0.0,30.0,30.0,30.0,1.0651837489836085,0.3826198186826959,0.618562703921515,0.0,30.0,30.0,30.0,0.0802799305697785,0.001956042070578832,0.044227164396769006,0.0,30.0,30.0,30.0,0.0802799305697785,0.001956042070578832,0.044227164396769006,0.0,30.0,30.0,30.0,1.68559441428069,0.8877843622848538,0.6319336015586908,0.36697007220772043,0.13466703389613957,0.43098283202236537
JOLTS/M,short,top_k_1_mix,top_k_1_mix,,,,assembled_from_candidate_artifacts_no_independent_selected_method_latency,0.0,top_k_1,0.28125,30.0,0.0,0.0,360.0,0.0,30.0,30.0,30.0,100.0,16.151902483481432,0.5383967494493811,0.0,374668.3623464332,1375702328123.7,1172903.3754421973,0.0,30.0,30.0,30.0,333.89257202148434,120283.52203125125,346.8191488820236,0.0,30.0,30.0,30.0,404.43677334612056,211099.25871181177,459.4553936040057,0.0,30.0,30.0,30.0,0.08153565237027481,0.0018420393126920033,0.04291898545739407,0.0,30.0,30.0,30.0,0.08203965939273855,0.0020026642445122003,0.04475113679575302,0.0,30.0,30.0,30.0,1.0858404690321533,0.4003911864395819,0.6327647164938812,0.0,30.0,30.0,30.0,0.08188872121606085,0.0020012679295783723,0.04473553318759454,0.0,30.0,30.0,30.0,0.08188872121606085,0.0020012679295783723,0.04473553318759454,0.0,30.0,30.0,30.0,1.68559441428069,0.8877843622848538,0.6441884594732266,0.37539559406045314,0.14092185204000054,0.4510004945447695
JOLTS/M,short,top_k_5_mix,top_k_5_mix,,,,assembled_from_candidate_artifacts_no_independent_selected_method_latency,0.0,top_k_5,0.25,30.0,0.0,0.0,360.0,0.0,30.0,150.0,150.0,100.0,81.96912356649199,0.5464608237766132,0.0,392187.1277180251,1530596260668.4763,1237172.688297182,0.0,30.0,30.0,30.0,339.69648149278424,133800.48750100468,365.787489535939,0.0,30.0,30.0,30.0,408.0818374192241,225656.34168657515,475.0329901033981,0.0,30.0,30.0,30.0,0.08270688537906694,0.00206099061715552,0.04539813451184443,0.0,30.0,30.0,30.0,0.08373684665681928,0.0023907975241508057,0.04889578227363589,0.0,30.0,30.0,30.0,1.1121512080580689,0.49865816300291216,0.7061573217087763,0.0,30.0,30.0,30.0,0.08323868394542533,0.002296815768638993,0.04792510582814599,0.0,30.0,30.0,30.0,0.08323868394542533,0.002296815768638993,0.04792510582814599,0.0,30.0,30.0,30.0,1.68559441428069,0.8877843622848538,0.6597976349682364,0.4189366764187586,0.17550793884879562,0.5616883831108901
JOLTS/M,short,top_k_10_mix,top_k_10_mix,,,,assembled_from_candidate_artifacts_no_independent_selected_method_latency,0.0,top_k_10,0.15625,30.0,0.0,0.0,360.0,0.0,30.0,300.0,300.0,100.0,162.32069947596264,0.5410689982532088,0.0,380157.96731093584,1484908810412.5872,1218568.3445800596,0.0,30.0,30.0,30.0,331.1388851589627,127583.48448761659,357.18830396251303,0.0,30.0,30.0,30.0,399.77880166943237,220334.8770466886,469.398420370892,0.0,30.0,30.0,30.0,0.08120470896500298,0.0020707715984872627,0.04550573149051955,0.0,30.0,30.0,30.0,0.08211813686431353,0.0023387524944405184,0.04836065026899988,0.0,30.0,30.0,30.0,1.0867747849055613,0.4678709016044748,0.6840108928989909,0.0,30.0,30.0,30.0,0.08165150381249367,0.002269270349842583,0.04763685915173862,0.0,30.0,30.0,30.0,0.08165150381249367,0.002269270349842583,0.04763685915173862,0.0,30.0,30.0,30.0,1.68559441428069,0.8877843622848538,0.6447427540683511,0.4057980301215494,0.16467204125052995,0.5270096224722126
JOLTS/M,short,top_k_15_mix,top_k_15_mix,,,,assembled_from_candidate_artifacts_no_independent_selected_method_latency,0.0,top_k_15,0.125,30.0,0.0,0.0,360.0,0.0,30.0,450.0,450.0,100.0,247.2599718994456,0.5494666042209903,0.0,380315.63998348586,1540947341689.6284,1241349.0007607162,0.0,30.0,30.0,30.0,327.1129228379992,130575.40229222552,361.3521859519125,0.0,30.0,30.0,30.0,395.7480656457803,223699.108521109,472.96840118670616,0.0,30.0,30.0,30.0,0.08022279546983703,0.0021080613167036664,0.04591362887753119,0.0,30.0,30.0,30.0,0.08126203199314878,0.0023984453666589115,0.048973925375233214,0.0,30.0,30.0,30.0,1.0734110856726546,0.47471720588658733,0.6889972466465939,0.0,30.0,30.0,30.0,0.0807211255569724,0.002319410372021635,0.04816025718392329,0.0,30.0,30.0,30.0,0.0807211255569724,0.002319410372021635,0.04816025718392329,0.0,30.0,30.0,30.0,1.68559441428069,0.8877843622848538,0.636814572104952,0.40875624694130014,0.16708166941353714,0.5347212972582974
JOLTS/M,short,top_k_20_mix,top_k_20_mix,,,,assembled_from_candidate_artifacts_no_independent_selected_method_latency,0.0,top_k_20,0.1875,30.0,0.0,0.0,360.0,0.0,30.0,600.0,600.0,100.0,335.95437077542346,0.5599239512923724,0.0,405580.63528577477,1828907628211.1826,1352371.113345439,0.0,30.0,30.0,30.0,332.67755957709414,148238.60795163974,385.0176722588714,0.0,30.0,30.0,30.0,402.0757185844974,243915.7518105348,493.8782763095931,0.0,30.0,30.0,30.0,0.08069261959972214,0.0023507733288383142,0.048484774196012444,0.0,30.0,30.0,30.0,0.08216810010106154,0.002773998720229119,0.052668764179816474,0.0,30.0,30.0,30.0,1.0856666800287955,0.5461641309582992,0.7390291813983391,0.0,30.0,30.0,30.0,0.08125170657214036,0.0026013506738101558,0.05100343786265937,0.0,30.0,30.0,30.0,0.08125170657214036,0.0026013506738101558,0.05100343786265937,0.0,30.0,30.0,30.0,1.68559441428069,0.8877843622848538,0.6440853569701064,0.4384383189319669,0.19222815950788913,0.6151990890588106
US_Labor/M,short,vanilla_univariate,vanilla_univariate,1.7220154404640198e-05,0.0,0.0,measured_candidate_query_loop_precomputed_vanilla_fallback_separate_retrieval,0.0,,,70.0,0.0,0.0,840.0,0.0,0.0,0.0,0.0,,0.0,,0.0,848823.4032622407,7615756356107.385,2759665.9863301185,0.0,70.0,70.0,70.0,406.7475582412311,518916.02881981776,720.3582642128969,0.0,70.0,70.0,70.0,460.16669382374687,637070.0171575627,798.166660013786,0.0,70.0,70.0,70.0,0.06555920479459855,0.012192367074114911,0.11041905213374598,0.0,70.0,70.0,70.0,0.060498827965720016,0.007337569347099521,0.08565961327895148,0.0,70.0,70.0,70.0,0.8894946186201814,1.0338752251780896,1.016796550534122,0.0,70.0,70.0,70.0,0.06420224270483296,0.01076931500241234,0.10377531017738438,0.0,70.0,70.0,70.0,0.06420224270483296,0.01076931500241234,0.10377531017738438,0.0,70.0,70.0,70.0,1.7726043654315742,2.936809552255237,0.5018009861459509,0.5736173115463155,0.3290368201056228,0.3520402691363338
US_Labor/M,short,top_k_1_mix,top_k_1_mix,,,,assembled_from_candidate_artifacts_no_independent_selected_method_latency,0.0,top_k_1,0.3055555555555556,70.0,0.0,0.0,840.0,0.0,70.0,70.0,70.0,100.0,31.154070284759925,0.4450581469251418,0.0,1097784.2728802566,15340105160421.885,3916644.630346476,0.0,70.0,70.0,70.0,441.9831826224213,627829.0989585862,792.3566740796635,0.0,70.0,70.0,70.0,512.4301404349346,835199.62405409,913.8925670198275,0.0,70.0,70.0,70.0,0.07244324582400834,0.016539830171644083,0.12860727106833456,0.0,70.0,70.0,70.0,0.06644114921774213,0.00920967787189841,0.0959670666004667,0.0,70.0,70.0,70.0,1.0053085280283736,1.4632694571964486,1.2096567518087304,0.0,70.0,70.0,70.0,0.07119535284667562,0.014639861615610601,0.1209952958408326,0.0,70.0,70.0,70.0,0.07119535284667562,0.014639861615610601,0.1209952958408326,0.0,70.0,70.0,70.0,1.7726043654315742,2.936809552255237,0.5671364392604393,0.6824177889882476,0.46569403872760845,0.49825139531869667
US_Labor/M,short,top_k_5_mix,top_k_5_mix,,,,assembled_from_candidate_artifacts_no_independent_selected_method_latency,0.0,top_k_5,0.2916666666666667,70.0,0.0,0.0,840.0,0.0,70.0,350.0,350.0,100.0,176.4065712320885,0.5040187749488243,0.0,2606482.344885325,100847141684081.45,10042267.756044023,0.0,70.0,70.0,70.0,591.1273501660143,1312613.0929221094,1145.693280473491,0.0,70.0,70.0,70.0,723.1491387346358,2083537.6680326785,1443.4464548547267,0.0,70.0,70.0,70.0,0.07120622122045031,0.010855862598591988,0.10419147085338601,0.0,70.0,70.0,70.0,0.06671576930552371,0.0071259102331907714,0.08441510666457025,0.0,70.0,70.0,70.0,1.0271950607641533,0.875689681123122,0.9357829241459378,0.0,70.0,70.0,70.0,0.07040867309199451,0.009764820582185136,0.09881710672846648,0.0,70.0,70.0,70.0,0.07040867309199451,0.009764820582185136,0.09881710672846648,0.0,70.0,70.0,70.0,1.7726043654315742,2.936809552255237,0.5794835445494704,0.5279141484671361,0.27869334815178154,0.29817721086158333
US_Labor/M,short,top_k_10_mix,top_k_10_mix,,,,assembled_from_candidate_artifacts_no_independent_selected_method_latency,0.0,top_k_10,0.3194444444444444,70.0,0.0,0.0,840.0,0.0,70.0,700.0,700.0,100.0,355.0602993558167,0.5072289990797382,0.0,2823097.314205343,84631841775832.02,9199556.607567128,0.0,70.0,70.0,70.0,654.4781856800828,1515386.649806218,1231.0104182362625,0.0,70.0,70.0,70.0,783.7967554105242,2208759.9604132776,1486.1897457637358,0.0,70.0,70.0,70.0,0.06861944577420635,0.008672521021004536,0.09312637124362001,0.0,70.0,70.0,70.0,0.06556621637083773,0.0064274067717068435,0.08017110933314346,0.0,70.0,70.0,70.0,1.0782137535091285,0.7049150131240091,0.8395921707138586,0.0,70.0,70.0,70.0,0.06788595183626012,0.00789740779115026,0.08886736066267671,0.0,70.0,70.0,70.0,0.06788595183626012,0.00789740779115026,0.08886736066267671,0.0,70.0,70.0,70.0,1.7726043654315742,2.936809552255237,0.6082653154510408,0.4736489354799958,0.22434331408133323,0.24002748580775018
US_Labor/M,short,top_k_15_mix,top_k_15_mix,,,,assembled_from_candidate_artifacts_no_independent_selected_method_latency,0.0,top_k_15,0.2638888888888889,70.0,0.0,0.0,840.0,0.0,70.0,1050.0,1050.0,100.0,541.7643553253898,0.5159660526908475,0.0,2569276.445790966,56516713152438.4,7517759.849345974,0.0,70.0,70.0,70.0,667.1553583962576,1452643.8598644186,1205.2567609702169,0.0,70.0,70.0,70.0,775.2663143596593,1968238.5876101563,1402.9392672564825,0.0,70.0,70.0,70.0,0.06906831302610926,0.009443522193894974,0.097177786524982,0.0,70.0,70.0,70.0,0.0661145034823423,0.0070512066180380825,0.08397146311716905,0.0,70.0,70.0,70.0,1.074472774628305,0.799392346479977,0.8940874378269594,0.0,70.0,70.0,70.0,0.06824277377719262,0.00860655090410537,0.09277149833922793,0.0,70.0,70.0,70.0,0.06824277377719262,0.00860655090410537,0.09277149833922793,0.0,70.0,70.0,70.0,1.7726043654315742,2.936809552255237,0.6061548733502663,0.5043919868770473,0.25441127642577555,0.27219754371409854
US_Labor/M,short,top_k_20_mix,top_k_20_mix,,,,assembled_from_candidate_artifacts_no_independent_selected_method_latency,0.0,top_k_20,0.2777777777777778,70.0,0.0,0.0,840.0,0.0,70.0,1400.0,1400.0,100.0,716.7938756262896,0.5119956254473497,0.0,3134802.7437372156,78125031682694.3,8838836.5570755,0.0,70.0,70.0,70.0,751.6364252547423,1788913.3649146075,1337.502659778517,0.0,70.0,70.0,70.0,865.7510917971803,2385277.7907892056,1544.4344566180869,0.0,70.0,70.0,70.0,0.06978505306142001,0.009008360521251358,0.09491238339253397,0.0,70.0,70.0,70.0,0.06667255637747446,0.006659533210969317,0.08160596308462585,0.0,70.0,70.0,70.0,1.124404415246555,0.8051787522217358,0.8973175314356316,0.0,70.0,70.0,70.0,0.06886203738603001,0.008149061064893581,0.09027214999596266,0.0,70.0,70.0,70.0,0.06886203738603001,0.008149061064893581,0.09027214999596266,0.0,70.0,70.0,70.0,1.7726043654315742,2.936809552255237,0.6343233928416946,0.5062142173034548,0.25625283380014946,0.27416784707861713
Vehicle_Supply/M,short,vanilla_univariate,vanilla_univariate,1.3792887330055237e-05,0.0,0.0,measured_candidate_query_loop_precomputed_vanilla_fallback_separate_retrieval,0.0,,,30.0,0.0,0.0,360.0,0.0,0.0,0.0,0.0,,0.0,,0.0,2393.941713084479,110685517.71739483,10520.718498153767,0.0,30.0,30.0,30.0,19.636024042053354,1269.1981193214465,35.62580692870614,0.0,30.0,30.0,30.0,23.25763624536685,1853.024069362676,43.04676607322176,0.0,30.0,30.0,30.0,0.25313840571552043,0.08560537606560738,0.2925839641292861,0.0,30.0,30.0,30.0,0.20251651847833518,0.023641308426782696,0.15375730365346127,0.0,30.0,30.0,30.0,0.7929232236339933,0.4630843898504414,0.680503041764283,0.0,30.0,30.0,30.0,0.22940539818031608,0.06787352905172139,0.26052548637651823,0.0,30.0,30.0,30.0,0.22940539818031608,0.06787352905172139,0.26052548637651823,0.0,30.0,30.0,30.0,1.1123545370322176,0.6181637851735725,0.7128331815407766,0.6117681180856939,0.37426023030611133,0.7491289541014009
Vehicle_Supply/M,short,top_k_1_mix,top_k_1_mix,,,,assembled_from_candidate_artifacts_no_independent_selected_method_latency,0.0,top_k_1,0.46875,30.0,0.0,0.0,360.0,0.0,30.0,30.0,30.0,100.0,17.61961391099322,0.587320463699774,0.0,1925.5116243706457,51778323.93616556,7195.715665322356,0.0,30.0,30.0,30.0,20.19087881603174,934.7310307731894,30.57337126934466,0.0,30.0,30.0,30.0,23.882581576875342,1355.1339215945402,36.812143670187695,0.0,30.0,30.0,30.0,0.2617069617738917,0.08569207600081305,0.29273208912043286,0.0,30.0,30.0,30.0,0.2191607996736899,0.02512347452184794,0.15850386279787612,0.0,30.0,30.0,30.0,0.8432434506623854,0.5175381232577523,0.7194012255047612,0.0,30.0,30.0,30.0,0.24208268087550228,0.07258086352132362,0.2694083582989281,0.0,30.0,30.0,30.0,0.24208268087550228,0.07258086352132362,0.2694083582989281,0.0,30.0,30.0,30.0,1.1123545370322176,0.6181637851735725,0.7580707612450382,0.6467373499676972,0.4182691998432397,0.8372184454520158
Vehicle_Supply/M,short,top_k_5_mix,top_k_5_mix,,,,assembled_from_candidate_artifacts_no_independent_selected_method_latency,0.0,top_k_5,0.375,30.0,0.0,0.0,360.0,0.0,30.0,150.0,150.0,100.0,83.75211991074062,0.5583474660716041,0.0,2757.018245503245,130141815.4670164,11407.971575482488,0.0,30.0,30.0,30.0,21.74290509695808,1542.777882766875,39.278211297955956,0.0,30.0,30.0,30.0,25.266679681923375,2118.613143354326,46.02839496826199,0.0,30.0,30.0,30.0,0.2797643963216948,0.12732388043842166,0.3568247194890254,0.0,30.0,30.0,30.0,0.21701722854413816,0.03412074748419756,0.18471802154689065,0.0,30.0,30.0,30.0,0.8043728686165756,0.4779294072251633,0.6913243863955353,0.0,30.0,30.0,30.0,0.25741671967806756,0.10652876659677255,0.32638744858951385,0.0,30.0,30.0,30.0,0.25741671967806756,0.10652876659677255,0.32638744858951385,0.0,30.0,30.0,30.0,1.1123545370322176,0.6181637851735725,0.7231263431195752,0.6214964414493256,0.38625782673417486,0.7731436533296218
Vehicle_Supply/M,short,top_k_10_mix,top_k_10_mix,,,,assembled_from_candidate_artifacts_no_independent_selected_method_latency,0.0,top_k_10,0.46875,30.0,0.0,0.0,360.0,0.0,30.0,300.0,300.0,100.0,167.52664238698722,0.5584221412899574,0.0,3426.374855785115,196955655.56844303,14034.089053744921,0.0,30.0,30.0,30.0,22.798103960603477,2098.3048376487286,45.80725747792296,0.0,30.0,30.0,30.0,26.767206695310605,2709.891501515634,52.05661822972785,0.0,30.0,30.0,30.0,0.29972158187671066,0.1822374001996434,0.4268927268057438,0.0,30.0,30.0,30.0,0.22079555243561602,0.042777006586955886,0.2068260297616233,0.0,30.0,30.0,30.0,0.8195908024438464,0.5278381107361038,0.726524680059875,0.0,30.0,30.0,30.0,0.27554882969371963,0.1538245849339936,0.3922047742366143,0.0,30.0,30.0,30.0,0.27554882969371963,0.1538245849339936,0.3922047742366143,0.0,30.0,30.0,30.0,1.1123545370322176,0.6181637851735725,0.7368071735748296,0.6531412925219474,0.42659354799724003,0.8538806759569287
Vehicle_Supply/M,short,top_k_15_mix,top_k_15_mix,,,,assembled_from_candidate_artifacts_no_independent_selected_method_latency,0.0,top_k_15,0.4375,30.0,0.0,0.0,360.0,0.0,30.0,450.0,450.0,100.0,248.2085708671915,0.5515746019270922,0.0,3012.470819048443,152278491.89807206,12340.117175216452,0.0,30.0,30.0,30.0,21.60605839267373,1700.7228174750303,41.23982077404108,0.0,30.0,30.0,30.0,25.364882009023155,2369.0935797167763,48.67333540776486,0.0,30.0,30.0,30.0,0.2912610580612723,0.16166411314929657,0.4020747606469431,0.0,30.0,30.0,30.0,0.214028571909384,0.03956265721135065,0.19890363800431266,0.0,30.0,30.0,30.0,0.8043260016520729,0.5118866478572085,0.7154625411977964,0.0,30.0,30.0,30.0,0.2658641007091479,0.13677469958399271,0.36983063635128,0.0,30.0,30.0,30.0,0.2658641007091479,0.13677469958399271,0.36983063635128,0.0,30.0,30.0,30.0,1.1123545370322176,0.6181637851735725,0.7230842100019922,0.6431964966014015,0.4137017332403168,0.8280760862001602
Vehicle_Supply/M,short,top_k_20_mix,top_k_20_mix,,,,assembled_from_candidate_artifacts_no_independent_selected_method_latency,0.0,top_k_20,0.34375,30.0,0.0,0.0,360.0,0.0,30.0,600.0,600.0,100.0,339.70171010343415,0.5661695168390569,0.0,3141.5012077492897,169822410.6534323,13031.592790347322,0.0,30.0,30.0,30.0,21.937287066794106,1854.163282542227,43.05999631377396,0.0,30.0,30.0,30.0,25.52230484190915,2490.1131633059517,49.90103368975388,0.0,30.0,30.0,30.0,0.2892715933247981,0.15511262229227063,0.3938433981829207,0.0,30.0,30.0,30.0,0.21295263864862612,0.03966229936405148,0.19915395894646806,0.0,30.0,30.0,30.0,0.8086657631108987,0.517464644834927,0.7193501545387525,0.0,30.0,30.0,30.0,0.26322744964459255,0.13040183578751352,0.3611119435680763,0.0,30.0,30.0,30.0,0.26322744964459255,0.13040183578751352,0.3611119435680763,0.0,30.0,30.0,30.0,1.1123545370322176,0.6181637851735725,0.7269856293016378,0.646691437478191,0.418209815307609,0.8370995798300115
Auto_Production_SF/M,short,vanilla_univariate,vanilla_univariate,1.3180077075958252e-05,0.0,0.0,measured_candidate_query_loop_precomputed_vanilla_fallback_separate_retrieval,0.0,,,5.0,0.0,0.0,60.0,0.0,0.0,0.0,0.0,,0.0,,0.0,20.06991830769305,109.78363661423535,10.477768684898296,0.0,5.0,5.0,5.0,3.5013982137044275,0.9064300205057952,0.9520661849397841,0.0,5.0,5.0,5.0,4.311374700008409,1.4819665038204555,1.2173604658524342,0.0,5.0,5.0,5.0,0.03617810125856795,9.658674725071912e-05,0.009827855679176364,0.0,5.0,5.0,5.0,0.03579091359633434,9.243656892691508e-05,0.009614393840846914,0.0,5.0,5.0,5.0,0.8833127368059295,0.059042484823327926,0.24298659391688243,0.0,5.0,5.0,5.0,0.035102306873108474,9.078498108152397e-05,0.00952811529535217,0.0,5.0,5.0,5.0,0.035102306873108474,9.078498108152397e-05,0.00952811529535217,0.0,5.0,5.0,5.0,0.9634651517903213,0.1698127796753019,0.916808184670248,0.25220070852107324,0.06360519737853135,0.3476916456831031
Auto_Production_SF/M,short,top_k_1_mix,top_k_1_mix,,,,assembled_from_candidate_artifacts_no_independent_selected_method_latency,0.0,top_k_1,0.0,5.0,0.0,0.0,60.0,0.0,0.0,0.0,0.0,,0.0,,0.0,20.06991830769305,109.78363661423535,10.477768684898296,0.0,5.0,5.0,5.0,3.5013982137044275,0.9064300205057952,0.9520661849397841,0.0,5.0,5.0,5.0,4.311374700008409,1.4819665038204555,1.2173604658524342,0.0,5.0,5.0,5.0,0.03617810125856795,9.658674725071912e-05,0.009827855679176364,0.0,5.0,5.0,5.0,0.03579091359633434,9.243656892691508e-05,0.009614393840846914,0.0,5.0,5.0,5.0,0.8833127368059295,0.059042484823327926,0.24298659391688243,0.0,5.0,5.0,5.0,0.035102306873108474,9.078498108152397e-05,0.00952811529535217,0.0,5.0,5.0,5.0,0.035102306873108474,9.078498108152397e-05,0.00952811529535217,0.0,5.0,5.0,5.0,0.9634651517903213,0.1698127796753019,0.916808184670248,0.25220070852107324,0.06360519737853135,0.3476916456831031
Auto_Production_SF/M,short,top_k_5_mix,top_k_5_mix,,,,assembled_from_candidate_artifacts_no_independent_selected_method_latency,0.0,top_k_5,0.0,5.0,0.0,0.0,60.0,0.0,0.0,0.0,0.0,,0.0,,0.0,20.06991830769305,109.78363661423535,10.477768684898296,0.0,5.0,5.0,5.0,3.5013982137044275,0.9064300205057952,0.9520661849397841,0.0,5.0,5.0,5.0,4.311374700008409,1.4819665038204555,1.2173604658524342,0.0,5.0,5.0,5.0,0.03617810125856795,9.658674725071912e-05,0.009827855679176364,0.0,5.0,5.0,5.0,0.03579091359633434,9.243656892691508e-05,0.009614393840846914,0.0,5.0,5.0,5.0,0.8833127368059295,0.059042484823327926,0.24298659391688243,0.0,5.0,5.0,5.0,0.035102306873108474,9.078498108152397e-05,0.00952811529535217,0.0,5.0,5.0,5.0,0.035102306873108474,9.078498108152397e-05,0.00952811529535217,0.0,5.0,5.0,5.0,0.9634651517903213,0.1698127796753019,0.916808184670248,0.25220070852107324,0.06360519737853135,0.3476916456831031
Auto_Production_SF/M,short,top_k_10_mix,top_k_10_mix,,,,assembled_from_candidate_artifacts_no_independent_selected_method_latency,0.0,top_k_10,0.0,5.0,0.0,0.0,60.0,0.0,0.0,0.0,0.0,,0.0,,0.0,20.06991830769305,109.78363661423535,10.477768684898296,0.0,5.0,5.0,5.0,3.5013982137044275,0.9064300205057952,0.9520661849397841,0.0,5.0,5.0,5.0,4.311374700008409,1.4819665038204555,1.2173604658524342,0.0,5.0,5.0,5.0,0.03617810125856795,9.658674725071912e-05,0.009827855679176364,0.0,5.0,5.0,5.0,0.03579091359633434,9.243656892691508e-05,0.009614393840846914,0.0,5.0,5.0,5.0,0.8833127368059295,0.059042484823327926,0.24298659391688243,0.0,5.0,5.0,5.0,0.035102306873108474,9.078498108152397e-05,0.00952811529535217,0.0,5.0,5.0,5.0,0.035102306873108474,9.078498108152397e-05,0.00952811529535217,0.0,5.0,5.0,5.0,0.9634651517903213,0.1698127796753019,0.916808184670248,0.25220070852107324,0.06360519737853135,0.3476916456831031
Auto_Production_SF/M,short,top_k_15_mix,top_k_15_mix,,,,assembled_from_candidate_artifacts_no_independent_selected_method_latency,0.0,top_k_15,0.0,5.0,0.0,0.0,60.0,0.0,0.0,0.0,0.0,,0.0,,0.0,20.06991830769305,109.78363661423535,10.477768684898296,0.0,5.0,5.0,5.0,3.5013982137044275,0.9064300205057952,0.9520661849397841,0.0,5.0,5.0,5.0,4.311374700008409,1.4819665038204555,1.2173604658524342,0.0,5.0,5.0,5.0,0.03617810125856795,9.658674725071912e-05,0.009827855679176364,0.0,5.0,5.0,5.0,0.03579091359633434,9.243656892691508e-05,0.009614393840846914,0.0,5.0,5.0,5.0,0.8833127368059295,0.059042484823327926,0.24298659391688243,0.0,5.0,5.0,5.0,0.035102306873108474,9.078498108152397e-05,0.00952811529535217,0.0,5.0,5.0,5.0,0.035102306873108474,9.078498108152397e-05,0.00952811529535217,0.0,5.0,5.0,5.0,0.9634651517903213,0.1698127796753019,0.916808184670248,0.25220070852107324,0.06360519737853135,0.3476916456831031
Auto_Production_SF/M,short,top_k_20_mix,top_k_20_mix,,,,assembled_from_candidate_artifacts_no_independent_selected_method_latency,0.0,top_k_20,0.0,5.0,0.0,0.0,60.0,0.0,0.0,0.0,0.0,,0.0,,0.0,20.06991830769305,109.78363661423535,10.477768684898296,0.0,5.0,5.0,5.0,3.5013982137044275,0.9064300205057952,0.9520661849397841,0.0,5.0,5.0,5.0,4.311374700008409,1.4819665038204555,1.2173604658524342,0.0,5.0,5.0,5.0,0.03617810125856795,9.658674725071912e-05,0.009827855679176364,0.0,5.0,5.0,5.0,0.03579091359633434,9.243656892691508e-05,0.009614393840846914,0.0,5.0,5.0,5.0,0.8833127368059295,0.059042484823327926,0.24298659391688243,0.0,5.0,5.0,5.0,0.035102306873108474,9.078498108152397e-05,0.00952811529535217,0.0,5.0,5.0,5.0,0.035102306873108474,9.078498108152397e-05,0.00952811529535217,0.0,5.0,5.0,5.0,0.9634651517903213,0.1698127796753019,0.916808184670248,0.25220070852107324,0.06360519737853135,0.3476916456831031
Commodity_Production/M,short,vanilla_univariate,vanilla_univariate,1.9941478967666626e-05,0.0,0.0,measured_candidate_query_loop_precomputed_vanilla_fallback_separate_retrieval,0.0,,,160.0,0.0,0.0,1920.0,0.0,0.0,0.0,0.0,,0.0,,0.0,54963.74422320728,92725219429.45271,304508.1598733484,0.0,160.0,160.0,160.0,66.82837511669204,35812.78202032929,189.2426538080918,0.0,160.0,160.0,160.0,79.10901772487152,48705.50753781324,220.69324307239955,0.0,160.0,160.0,160.0,0.21753959392023173,0.2648900406903822,0.5146746940450659,0.0,160.0,160.0,160.0,0.1640101444726209,0.021099133420528954,0.1452554075431581,0.0,160.0,160.0,160.0,0.9422205607088643,0.3223153610114702,0.5677282457403984,0.0,160.0,160.0,160.0,0.16119636289717676,0.022733455022100186,0.150776175246954,0.0,160.0,160.0,160.0,0.16119636289717676,0.022733455022100186,0.150776175246954,0.0,160.0,160.0,160.0,1.220088634016739,0.5329512558073002,0.7722558299776257,0.4653172154151954,0.21652011096175133,0.6047745595856333
Commodity_Production/M,short,top_k_1_mix,top_k_1_mix,,,,assembled_from_candidate_artifacts_no_independent_selected_method_latency,0.0,top_k_1,0.4177215189873418,160.0,0.0,0.0,1920.0,0.0,160.0,160.0,41.0,25.625,51.717392576135396,0.32323370360084624,0.0,54125.516941602385,87189022608.52779,295277.8735505385,0.0,160.0,160.0,160.0,66.57956940550261,35214.918566402936,187.65638429428117,0.0,160.0,160.0,160.0,78.48602339480075,47965.46107327319,219.01018486196753,0.0,160.0,160.0,160.0,0.2095799760199232,0.2408555781769778,0.49077039252279453,0.0,160.0,160.0,160.0,0.15950157139266757,0.018675363024292152,0.13665783191713585,0.0,160.0,160.0,160.0,0.9363849423236182,0.3120097537109555,0.5585783326543874,0.0,160.0,160.0,160.0,0.15689890372311543,0.020501960841007597,0.14318505802285236,0.0,160.0,160.0,160.0,0.15689890372311543,0.020501960841007597,0.14318505802285236,0.0,160.0,160.0,160.0,1.220088634016739,0.5329512558073002,0.76747288370426,0.45781783149266186,0.20959716683264337,0.5854376930556839
Commodity_Production/M,short,top_k_5_mix,top_k_5_mix,,,,assembled_from_candidate_artifacts_no_independent_selected_method_latency,0.0,top_k_5,0.41139240506329117,160.0,0.0,0.0,1920.0,0.0,160.0,800.0,183.0,22.875,280.13018758116664,0.3501627344764583,0.0,59115.524793025455,107190412842.4469,327399.4698261543,0.0,160.0,160.0,160.0,68.40847906957593,39377.17252692689,198.43682250763564,0.0,160.0,160.0,160.0,80.49036608171889,52636.82576105633,229.4271687509052,0.0,160.0,160.0,160.0,0.21279934860086502,0.2534093392795899,0.5033977942736638,0.0,160.0,160.0,160.0,0.16179282467800377,0.019015155464188235,0.13789545120919774,0.0,160.0,160.0,160.0,0.9516024744263362,0.327620799160165,0.5723816900986308,0.0,160.0,160.0,160.0,0.15917251759322398,0.02081131867613825,0.14426128613088907,0.0,160.0,160.0,160.0,0.15917251759322398,0.02081131867613825,0.14426128613088907,0.0,160.0,160.0,160.0,1.220088634016739,0.5329512558073002,0.779945364537574,0.46913123697763914,0.2200841175081698,0.614729387707125
Commodity_Production/M,short,top_k_10_mix,top_k_10_mix,,,,assembled_from_candidate_artifacts_no_independent_selected_method_latency,0.0,top_k_10,0.35443037974683544,160.0,0.0,0.0,1920.0,0.0,160.0,1600.0,356.0,22.25,569.4172382197133,0.35588577388732084,0.0,60130.10203206731,124303334630.20163,352566.78038380423,0.0,160.0,160.0,160.0,69.86293110676634,42229.89268202247,205.49913061135436,0.0,160.0,160.0,160.0,80.79288668220529,53602.61149362366,231.52237795432143,0.0,160.0,160.0,160.0,0.2164474837936413,0.24267748536546185,0.49262306621336954,0.0,160.0,160.0,160.0,0.1644431055176762,0.01925797914649518,0.1387731211239957,0.0,160.0,160.0,160.0,0.9784175446698669,0.35764358553401154,0.5980330973566693,0.0,160.0,160.0,160.0,0.16325661701766733,0.023367619148060226,0.1528647086415312,0.0,160.0,160.0,160.0,0.16325661701766733,0.023367619148060226,0.1528647086415312,0.0,160.0,160.0,160.0,1.220088634016739,0.5329512558073002,0.8019233335931917,0.49015545320493875,0.24025236830653893,0.6710624689161538
Commodity_Production/M,short,top_k_15_mix,top_k_15_mix,,,,assembled_from_candidate_artifacts_no_independent_selected_method_latency,0.0,top_k_15,0.36075949367088606,160.0,0.0,0.0,1920.0,0.0,160.0,2400.0,494.0,20.583333333333332,865.8717365407607,0.360779890225317,0.0,62955.9078895556,139262296146.7484,373178.6383848202,0.0,160.0,160.0,160.0,71.09056264726192,44681.81188447714,211.38072732507365,0.0,160.0,160.0,160.0,82.10220893138997,56215.135178141994,237.09731162149856,0.0,160.0,160.0,160.0,0.21497043143233435,0.22300498484219305,0.47223403609036174,0.0,160.0,160.0,160.0,0.16630744268487763,0.018228743795753212,0.1350138651981833,0.0,160.0,160.0,160.0,1.0151120540305671,0.40148463327942324,0.6336281506368094,0.0,160.0,160.0,160.0,0.1636526335669808,0.020070437133726592,0.14167017023257433,0.0,160.0,160.0,160.0,0.1636526335669808,0.020070437133726592,0.14167017023257433,0.0,160.0,160.0,160.0,1.220088634016739,0.5329512558073002,0.8319986152880106,0.519329606858805,0.26970324056012096,0.7533233647630029
Commodity_Production/M,short,top_k_20_mix,top_k_20_mix,,,,assembled_from_candidate_artifacts_no_independent_selected_method_latency,0.0,top_k_20,0.34810126582278483,160.0,0.0,0.0,1920.0,0.0,160.0,3200.0,611.0,19.09375,1162.1758530241837,0.3631799540700574,0.0,65866.21949153069,150761990784.00232,388280.8143393159,0.0,160.0,160.0,160.0,72.5004834511036,46761.12608607045,216.24321049704764,0.0,160.0,160.0,160.0,83.86192105083117,58833.39768919485,242.55596815826826,0.0,160.0,160.0,160.0,0.21609622171473925,0.215418287283042,0.46413175638286375,0.0,160.0,160.0,160.0,0.16788406830127695,0.017807613178342546,0.13344516918323626,0.0,160.0,160.0,160.0,1.0381896655471483,0.43296768812091885,0.6580028025175264,0.0,160.0,160.0,160.0,0.16527679724494818,0.01959404363418741,0.1399787256485335,0.0,160.0,160.0,160.0,0.16527679724494818,0.01959404363418741,0.1399787256485335,0.0,160.0,160.0,160.0,1.220088634016739,0.5329512558073002,0.850913316132822,0.5393073783101064,0.29085244829972023,0.812396412248004
Commodity_Import/M,short,vanilla_univariate,vanilla_univariate,1.5389174222946167e-05,0.0,0.0,measured_candidate_query_loop_precomputed_vanilla_fallback_separate_retrieval,0.0,,,40.0,0.0,0.0,480.0,0.0,0.0,0.0,0.0,,0.0,,0.0,1722639.4124392555,37172046622386.086,6096888.273733256,0.0,40.0,40.0,40.0,519.2990051756303,1006744.8166440515,1003.3667408500501,0.0,40.0,40.0,40.0,622.3142544468726,1335364.3811514883,1155.579673216645,0.0,40.0,40.0,40.0,0.36678723827732873,0.3882090484725421,0.6230642410478571,0.0,40.0,40.0,40.0,0.23354038345826797,0.050196836784285194,0.22404650585154234,0.0,40.0,40.0,40.0,1.426445685398948,2.5333680827637606,1.5916557676720682,0.0,40.0,40.0,40.0,0.2787964292378297,0.1472089786340146,0.3836782227779088,0.0,40.0,40.0,40.0,0.2787964292378297,0.1472089786340146,0.3836782227779088,0.0,40.0,40.0,40.0,1.8336477254740147,4.658598925947419,0.7779278787206516,0.8680270182543436,0.7534709044195266,0.5438047196236259
Commodity_Import/M,short,top_k_1_mix,top_k_1_mix,,,,assembled_from_candidate_artifacts_no_independent_selected_method_latency,0.0,top_k_1,0.30952380952380953,40.0,0.0,0.0,480.0,0.0,40.0,40.0,12.0,30.0,16.221322683735643,0.4055330670933911,0.0,1693740.087634065,32478646071609.29,5699003.95434231,0.0,40.0,40.0,40.0,524.7065312176943,941688.1935000693,970.4062002584636,0.0,40.0,40.0,40.0,628.1495959240516,1299168.1727745156,1139.810586358328,0.0,40.0,40.0,40.0,0.3617400450194763,0.354353544610926,0.5952760238838164,0.0,40.0,40.0,40.0,0.2326463799685053,0.047975446454610174,0.21903298028975038,0.0,40.0,40.0,40.0,1.4266961841173333,2.564911479671758,1.6015341019384375,0.0,40.0,40.0,40.0,0.27473270086569646,0.1299169030896335,0.36043987444459236,0.0,40.0,40.0,40.0,0.27473270086569646,0.1299169030896335,0.36043987444459236,0.0,40.0,40.0,40.0,1.8336477254740147,4.658598925947419,0.7780644909580543,0.8734142767386938,0.7628524988109757,0.5505757246853209
Commodity_Import/M,short,top_k_5_mix,top_k_5_mix,,,,assembled_from_candidate_artifacts_no_independent_selected_method_latency,0.0,top_k_5,0.30952380952380953,40.0,0.0,0.0,480.0,0.0,40.0,200.0,68.0,34.0,82.42292251377137,0.41211461256885684,0.0,1629848.4875275905,29179555029627.688,5401810.3474323945,0.0,40.0,40.0,40.0,516.4485202948251,905760.9579105387,951.714746082322,0.0,40.0,40.0,40.0,616.2600449667889,1250072.0445051217,1118.0662075678351,0.0,40.0,40.0,40.0,0.35612391416778055,0.32903624301626394,0.5736168085196458,0.0,40.0,40.0,40.0,0.2328260967763236,0.04692894579837288,0.21663089760782714,0.0,40.0,40.0,40.0,1.4490174154677824,2.832701637375059,1.683063170940134,0.0,40.0,40.0,40.0,0.27013562124122215,0.1169691872221819,0.34200758357408084,0.0,40.0,40.0,40.0,0.27013562124122215,0.1169691872221819,0.34200758357408084,0.0,40.0,40.0,40.0,1.8336477254740147,4.658598925947419,0.7902376205294276,0.9178770532409909,0.8424982848663649,0.6080587065775303
Commodity_Import/M,short,top_k_10_mix,top_k_10_mix,,,,assembled_from_candidate_artifacts_no_independent_selected_method_latency,0.0,top_k_10,0.35714285714285715,40.0,0.0,0.0,480.0,0.0,40.0,400.0,137.0,34.25,161.92871905652575,0.4048217976413144,0.0,1846137.6216694682,44242846464408.21,6651529.633430811,0.0,40.0,40.0,40.0,540.9603901336591,1114099.352773646,1055.5090491197343,0.0,40.0,40.0,40.0,636.3866133533213,1441149.7000141586,1200.4789460936659,0.0,40.0,40.0,40.0,0.3796299008281293,0.4408217022297296,0.6639440505266461,0.0,40.0,40.0,40.0,0.24124968657920096,0.050681460806639544,0.22512543349572822,0.0,40.0,40.0,40.0,1.6607229912172863,5.094737897407157,2.257152608355748,0.0,40.0,40.0,40.0,0.2858863679897419,0.14907175664793945,0.3860981179026122,0.0,40.0,40.0,40.0,0.2858863679897419,0.14907175664793945,0.3860981179026122,0.0,40.0,40.0,40.0,1.8336477254740147,4.658598925947419,0.9056935899658558,1.2309630563156582,1.5152700460139863,1.0936202017800964
Commodity_Import/M,short,top_k_15_mix,top_k_15_mix,,,,assembled_from_candidate_artifacts_no_independent_selected_method_latency,0.0,top_k_15,0.3333333333333333,40.0,0.0,0.0,480.0,0.0,40.0,600.0,198.0,33.0,242.53488520538176,0.40422480867563626,0.0,1925554.4955066466,49510047749552.88,7036337.665970337,0.0,40.0,40.0,40.0,557.6638758132856,1182572.9416004422,1087.4616966130081,0.0,40.0,40.0,40.0,648.4479149104966,1505069.7971548757,1226.8128615053217,0.0,40.0,40.0,40.0,0.3910210200462376,0.4795646213899257,0.6925060442984781,0.0,40.0,40.0,40.0,0.24852317850732106,0.05254555527342645,0.2292281729487596,0.0,40.0,40.0,40.0,1.8407536314841964,6.790892574991891,2.605934107952826,0.0,40.0,40.0,40.0,0.2960310242785096,0.16361158076016707,0.4044892838632033,0.0,40.0,40.0,40.0,0.2960310242785096,0.16361158076016707,0.4044892838632033,0.0,40.0,40.0,40.0,1.8336477254740147,4.658598925947419,1.0038752841734335,1.4211748918561597,2.019738073242367,1.4577113597755849
Commodity_Import/M,short,top_k_20_mix,top_k_20_mix,,,,assembled_from_candidate_artifacts_no_independent_selected_method_latency,0.0,top_k_20,0.38095238095238093,40.0,0.0,0.0,480.0,0.0,40.0,800.0,261.0,32.625,323.66526190279865,0.4045815773784983,0.0,2005982.0171555993,54911047647455.92,7410198.893920184,0.0,40.0,40.0,40.0,575.4140064915022,1241911.573273369,1114.4108637631675,0.0,40.0,40.0,40.0,663.4878694404308,1565765.8642609972,1251.3056638012142,0.0,40.0,40.0,40.0,0.4054554293872565,0.5030256376890255,0.7092430032711112,0.0,40.0,40.0,40.0,0.25959697733980436,0.055247322800184975,0.23504749052092638,0.0,40.0,40.0,40.0,2.127665088155537,10.571309172500232,3.251354974852828,0.0,40.0,40.0,40.0,0.30943362869499075,0.17656261155716677,0.4201935405942918,0.0,40.0,40.0,40.0,0.30943362869499075,0.17656261155716677,0.4201935405942918,0.0,40.0,40.0,40.0,1.8336477254740147,4.658598925947419,1.160345609790188,1.7731622763103654,3.1441044581301565,2.269203539635116
WUI_Global/Q,short,vanilla_univariate,vanilla_univariate,1.759268343448639e-05,0.0,0.0,measured_candidate_query_loop_precomputed_vanilla_fallback_separate_retrieval,0.0,,,75.0,0.0,0.0,300.0,0.0,0.0,0.0,0.0,,0.0,,0.0,0.046326518784117025,0.0059487038385086415,0.07712784087804249,0.0,75.0,75.0,75.0,0.1451679386322697,0.011598523225272737,0.10769644016991804,0.0,75.0,75.0,75.0,0.17172585699773704,0.01683674882250981,0.12975649818991652,0.0,75.0,75.0,75.0,0.5729472237605531,0.18507529650355672,0.4302037848549879,0.0,75.0,75.0,75.0,0.620758364165222,0.11522981292637463,0.33945517071680414,0.0,75.0,75.0,75.0,0.9638907561105797,0.48046440365931176,0.6931553964727619,0.0,75.0,75.0,75.0,0.666228796264153,0.7965477211435206,0.8924952219163532,0.0,75.0,75.0,75.0,0.666228796264153,0.7965477211435206,0.8924952219163532,0.0,75.0,75.0,75.0,1.2752554228759418,0.6093761678421035,0.7558413309365304,0.5435424025953683,0.2954383434191455,0.7884528949675067
WUI_Global/Q,short,top_k_1_mix,top_k_1_mix,,,,assembled_from_candidate_artifacts_no_independent_selected_method_latency,0.0,top_k_1,0.4025974025974026,75.0,0.0,0.0,300.0,0.0,75.0,75.0,75.0,100.0,33.82116594286489,0.4509488792381985,0.0,0.05045448605929925,0.0064881635630807954,0.08054913756882066,0.0,75.0,75.0,75.0,0.15184492778033018,0.012446869324223295,0.11156553824646433,0.0,75.0,75.0,75.0,0.18044038106431975,0.01789575494066233,0.13377501613030113,0.0,75.0,75.0,75.0,0.6306288370936324,0.26332089432898037,0.5131480237991571,0.0,75.0,75.0,75.0,0.6356145529614847,0.11634762645635457,0.3410976787613111,0.0,75.0,75.0,75.0,1.0115872654958626,0.5167413223914281,0.7188472176974938,0.0,75.0,75.0,75.0,0.7273913401919184,1.152057888692975,1.0733395961637562,0.0,75.0,75.0,75.0,0.7273913401919184,1.152057888692975,1.0733395961637562,0.0,75.0,75.0,75.0,1.2752554228759418,0.6093761678421035,0.7932428651936585,0.5636888146504467,0.3177450797620257,0.8479841346951427
WUI_Global/Q,short,top_k_5_mix,top_k_5_mix,,,,assembled_from_candidate_artifacts_no_independent_selected_method_latency,0.0,top_k_5,0.4675324675324675,75.0,0.0,0.0,300.0,0.0,75.0,375.0,375.0,100.0,181.065141881304,0.482840378350144,0.0,0.05147025041276588,0.007147186545119964,0.08454103468209957,0.0,75.0,75.0,75.0,0.1525153976554672,0.013549161366976691,0.11640086497520837,0.0,75.0,75.0,75.0,0.18055512676206528,0.018870096612700414,0.13736847022770696,0.0,75.0,75.0,75.0,0.6312347412086868,0.27488337937083884,0.5242932188869496,0.0,75.0,75.0,75.0,0.6370067697205778,0.12281903653026807,0.35045547011035233,0.0,75.0,75.0,75.0,1.0128417867087958,0.5438809132342061,0.7374828223316161,0.0,75.0,75.0,75.0,0.7244076228428931,1.1628380510841891,1.0783496886836799,0.0,75.0,75.0,75.0,0.7244076228428931,1.1628380510841891,1.0783496886836799,0.0,75.0,75.0,75.0,1.2752554228759418,0.6093761678421035,0.7942266063253793,0.5783020476544637,0.3344332583213456,0.8925208138023737
WUI_Global/Q,short,top_k_10_mix,top_k_10_mix,,,,assembled_from_candidate_artifacts_no_independent_selected_method_latency,0.0,top_k_10,0.4025974025974026,75.0,0.0,0.0,300.0,0.0,75.0,750.0,750.0,100.0,363.97343133632256,0.48529790844843007,0.0,0.04910652764129092,0.006626852868286842,0.08140548426418727,0.0,75.0,75.0,75.0,0.149972741852204,0.012413001724869699,0.11141365142956988,0.0,75.0,75.0,75.0,0.17731045880208549,0.017667528840684867,0.13291925684672204,0.0,75.0,75.0,75.0,0.6006568081494412,0.2016146899913804,0.4490152447204665,0.0,75.0,75.0,75.0,0.6387021292118532,0.11768586326080474,0.34305373232309355,0.0,75.0,75.0,75.0,0.9953450284155541,0.5102020074399715,0.7142842623493615,0.0,75.0,75.0,75.0,0.685352222783552,0.7287557598741641,0.8536719275425215,0.0,75.0,75.0,75.0,0.685352222783552,0.7287557598741641,0.8536719275425215,0.0,75.0,75.0,75.0,1.2752554228759418,0.6093761678421035,0.7805064072347664,0.5601107429431789,0.3137240443603598,0.837252971750892
WUI_Global/Q,short,top_k_15_mix,top_k_15_mix,,,,assembled_from_candidate_artifacts_no_independent_selected_method_latency,0.0,top_k_15,0.37662337662337664,75.0,0.0,0.0,300.0,0.0,75.0,1125.0,1125.0,100.0,553.985170869218,0.49243126299486045,0.0,0.04818265565174125,0.00658388750323309,0.08114115788693854,0.0,75.0,75.0,75.0,0.1480094671373566,0.012264579999076179,0.11074556424108452,0.0,75.0,75.0,75.0,0.17499315024464102,0.01756005301919775,0.13251435023874866,0.0,75.0,75.0,75.0,0.5740318472063111,0.16322895277813848,0.40401603034797823,0.0,75.0,75.0,75.0,0.6346926633745249,0.11655655351919701,0.34140379833738965,0.0,75.0,75.0,75.0,0.9817168576711943,0.5058907923761008,0.7112600033574928,0.0,75.0,75.0,75.0,0.6688305806989805,0.7490551696344585,0.8654797338092085,0.0,75.0,75.0,75.0,0.6688305806989805,0.7490551696344585,0.8654797338092085,0.0,75.0,75.0,75.0,1.2752554228759418,0.6093761678421035,0.7698197867351447,0.5577392501915163,0.31107307120419486,0.8301781708456689
WUI_Global/Q,short,top_k_20_mix,top_k_20_mix,,,,assembled_from_candidate_artifacts_no_independent_selected_method_latency,0.0,top_k_20,0.35064935064935066,75.0,0.0,0.0,300.0,0.0,75.0,1500.0,1500.0,100.0,739.9517606779486,0.4933011737852991,0.0,0.04713732742195096,0.0064403683652209665,0.08025190567968443,0.0,75.0,75.0,75.0,0.14612469501793385,0.012010283152680911,0.10959143740585262,0.0,75.0,75.0,75.0,0.17275706054255724,0.01729232545464618,0.1315002868994824,0.0,75.0,75.0,75.0,0.5628589843299107,0.15342775619821813,0.39169855271396925,0.0,75.0,75.0,75.0,0.6296890517347029,0.11746583916942266,0.3427328977052286,0.0,75.0,75.0,75.0,0.9710517686647665,0.5014380998256474,0.7081229411801649,0.0,75.0,75.0,75.0,0.6612086125446938,0.7362610598458883,0.8580565598175264,0.0,75.0,75.0,75.0,0.6612086125446938,0.7362610598458883,0.8580565598175264,0.0,75.0,75.0,75.0,1.2752554228759418,0.6093761678421035,0.7614566864376561,0.5552793020736301,0.3083351033113777,0.8228712022022756
Global_Price/Q,short,vanilla_univariate,vanilla_univariate,2.745911478996277e-05,0.0,0.0,measured_candidate_query_loop_precomputed_vanilla_fallback_separate_retrieval,0.0,,,300.0,0.0,0.0,1200.0,0.0,0.0,0.0,0.0,,0.0,,0.0,1409198.0046913698,87062074300044.4,9330705.991512347,0.0,300.0,300.0,300.0,275.87984213819107,955903.0164878307,977.7029285462075,0.0,300.0,300.0,300.0,320.1379291380242,1306709.7110185875,1143.1140411256383,0.0,300.0,300.0,300.0,0.17901559283407736,0.023579234938841804,0.15355531556687252,0.0,300.0,300.0,300.0,0.18987893292946284,0.030803738874228954,0.17550993953115293,0.0,300.0,300.0,300.0,1.5345163921503744,2.3998188474433806,1.5491348706434118,0.0,300.0,300.0,300.0,0.18006748188823526,0.022609936552589614,0.15036600863423094,0.0,300.0,300.0,300.0,0.18006748188823526,0.022609936552589614,0.15036600863423094,0.0,300.0,300.0,300.0,1.8604859355497676,3.4498076767502495,0.8247933310481758,0.8326506753116881,0.6933071470970104,0.6956384448955809
Global_Price/Q,short,top_k_1_mix,top_k_1_mix,,,,assembled_from_candidate_artifacts_no_independent_selected_method_latency,0.0,top_k_1,0.48013245033112584,300.0,0.0,0.0,1200.0,0.0,300.0,300.0,300.0,100.0,162.47277109245962,0.5415759036415321,0.0,1885903.4970558954,185142614524392.3,13606712.112938683,0.0,300.0,300.0,300.0,304.5370073753595,1431313.8551564415,1196.3752986234886,0.0,300.0,300.0,300.0,345.2382806204674,1766714.026650119,1329.177951461022,0.0,300.0,300.0,300.0,0.1806327946550924,0.02233351607644489,0.1494440232208866,0.0,300.0,300.0,300.0,0.19423155679240242,0.031172241287055313,0.17655662345846818,0.0,300.0,300.0,300.0,1.5765292173216325,2.5343608279140533,1.5919675963769029,0.0,300.0,300.0,300.0,0.1829619948937209,0.02258121680699228,0.15027047882732084,0.0,300.0,300.0,300.0,0.1829619948937209,0.02258121680699228,0.15027047882732084,0.0,300.0,300.0,300.0,1.8604859355497676,3.4498076767502495,0.8473749718810818,0.8556730077652974,0.7321762962181106,0.7346382944748515
Global_Price/Q,short,top_k_5_mix,top_k_5_mix,,,,assembled_from_candidate_artifacts_no_independent_selected_method_latency,0.0,top_k_5,0.4470198675496689,300.0,0.0,0.0,1200.0,0.0,300.0,1500.0,1500.0,100.0,809.5148925995217,0.5396765950663478,0.0,1652339.288178119,131017219023718.03,11446275.334086545,0.0,300.0,300.0,300.0,291.3135774832964,1181756.396710131,1087.0861956211802,0.0,300.0,300.0,300.0,333.60110461071474,1541049.5911806303,1241.39018490587,0.0,300.0,300.0,300.0,0.17555225384922585,0.020130031912676868,0.14188034364448399,0.0,300.0,300.0,300.0,0.19227415645683577,0.030191833063527813,0.1737579726617683,0.0,300.0,300.0,300.0,1.5557302053483517,2.536110427394611,1.5925170100801471,0.0,300.0,300.0,300.0,0.17869841497191752,0.020835780350803617,0.14434604376568003,0.0,300.0,300.0,300.0,0.17869841497191752,0.020835780350803617,0.14434604376568003,0.0,300.0,300.0,300.0,1.8604859355497676,3.4498076767502495,0.8361956280463031,0.855968314326205,0.7326817551304449,0.7351454530310659
Global_Price/Q,short,top_k_10_mix,top_k_10_mix,,,,assembled_from_candidate_artifacts_no_independent_selected_method_latency,0.0,top_k_10,0.4205298013245033,300.0,0.0,0.0,1200.0,0.0,300.0,3000.0,3000.0,100.0,1626.9080440809655,0.5423026813603219,0.0,1602329.5346996384,122994422111726.45,11090285.032934295,0.0,300.0,300.0,300.0,287.58137534956137,1168951.1175494008,1081.1804278423656,0.0,300.0,300.0,300.0,326.36708177912567,1495814.0626306161,1223.0347757241477,0.0,300.0,300.0,300.0,0.1714730560755731,0.019228116901794656,0.1386654856184287,0.0,300.0,300.0,300.0,0.19172734234018637,0.03224091468823733,0.17955755257921435,0.0,300.0,300.0,300.0,1.518572157354096,2.49052583472994,1.578139992120452,0.0,300.0,300.0,300.0,0.17515536701487813,0.020316333413816227,0.14253537600826058,0.0,300.0,300.0,300.0,0.17515536701487813,0.020316333413816227,0.14253537600826058,0.0,300.0,300.0,300.0,1.8604859355497676,3.4498076767502495,0.8162234007457642,0.8482407536470393,0.7195123761476974,0.721931791013938
Global_Price/Q,short,top_k_15_mix,top_k_15_mix,,,,assembled_from_candidate_artifacts_no_independent_selected_method_latency,0.0,top_k_15,0.3675496688741722,300.0,0.0,0.0,1200.0,0.0,300.0,4500.0,4500.0,100.0,2446.281547468568,0.5436181216596818,0.0,1543547.6458895009,118881854010176.95,10903295.557315547,0.0,300.0,300.0,300.0,281.55233267168205,1125388.131363193,1060.843122880661,0.0,300.0,300.0,300.0,319.41632044776594,1441520.8601211107,1200.6335244865982,0.0,300.0,300.0,300.0,0.1694656965273668,0.018876486083880397,0.13739172494688462,0.0,300.0,300.0,300.0,0.1902448481421751,0.0320673382520345,0.17907355542355913,0.0,300.0,300.0,300.0,1.5039417124913015,2.4672727152796288,1.5707554600508726,0.0,300.0,300.0,300.0,0.17333929853642932,0.02009279546050809,0.14174905805862728,0.0,300.0,300.0,300.0,0.17333929853642932,0.02009279546050809,0.14174905805862728,0.0,300.0,300.0,300.0,1.8604859355497676,3.4498076767502495,0.8083596246304822,0.8442716120757556,0.7127945549569953,0.7151913806406224
Global_Price/Q,short,top_k_20_mix,top_k_20_mix,,,,assembled_from_candidate_artifacts_no_independent_selected_method_latency,0.0,top_k_20,0.3708609271523179,300.0,0.0,0.0,1200.0,0.0,300.0,6000.0,6000.0,100.0,3267.2859755789254,0.5445476625964876,0.0,1576070.3793935403,133264446520254.9,11544022.111909475,0.0,300.0,300.0,300.0,281.12221526483694,1160176.8147986182,1077.1150425087462,0.0,300.0,300.0,300.0,318.63689368044425,1474540.9093792175,1214.306760822494,0.0,300.0,300.0,300.0,0.16951798124936515,0.01847455875726499,0.13592114904335156,0.0,300.0,300.0,300.0,0.1914978322711541,0.0320694042703532,0.17907932396106815,0.0,300.0,300.0,300.0,1.5143620521027161,2.522509597916384,1.588241038985073,0.0,300.0,300.0,300.0,0.17370991312142475,0.01983368047779429,0.1408321003102428,0.0,300.0,300.0,300.0,0.17370991312142475,0.01983368047779429,0.1408321003102428,0.0,300.0,300.0,300.0,1.8604859355497676,3.4498076767502495,0.8139604944958786,0.8536700055815003,0.7287524784295187,0.731202963839599
Vehicle_Sales/M,short,vanilla_univariate,vanilla_univariate,1.5560537576675415e-05,0.0,0.0,measured_candidate_query_loop_precomputed_vanilla_fallback_separate_retrieval,0.0,,,50.0,0.0,0.0,600.0,0.0,0.0,0.0,0.0,,0.0,,0.0,1517.8760901851274,26300941.945377212,5128.444398194954,0.0,50.0,50.0,50.0,10.500447643299895,993.4328455009912,31.51876973330322,0.0,50.0,50.0,50.0,12.409314870152723,1363.8849946385342,36.93081362004545,0.0,50.0,50.0,50.0,0.0870634455800526,0.003626055304476205,0.06021673608288816,0.0,50.0,50.0,50.0,0.0850518440374133,0.0027868384408273068,0.052790514686137574,0.0,50.0,50.0,50.0,0.7954957586106187,0.31001107138997114,0.5567863785959307,0.0,50.0,50.0,50.0,0.08694337515641616,0.003448619426734895,0.05872494722632703,0.0,50.0,50.0,50.0,0.08694337515641616,0.003448619426734895,0.05872494722632703,0.0,50.0,50.0,50.0,1.3003774304433904,0.8704781233070326,0.6117422065218235,0.42817290239041056,0.18333203434142809,0.35613884265374574
Vehicle_Sales/M,short,top_k_1_mix,top_k_1_mix,,,,assembled_from_candidate_artifacts_no_independent_selected_method_latency,0.0,top_k_1,0.4807692307692308,50.0,0.0,0.0,600.0,0.0,50.0,50.0,50.0,100.0,22.01576852143404,0.4403153704286808,0.0,3339.684926642937,328324819.7626267,18119.735642735704,0.0,50.0,50.0,50.0,11.930610461880764,1554.7913864379886,39.43084308555916,0.0,50.0,50.0,50.0,15.61474524338346,3095.864657627171,55.64049476439953,0.0,50.0,50.0,50.0,0.0963116186878238,0.004469458047612737,0.06685400547171977,0.0,50.0,50.0,50.0,0.09842775689821527,0.004415728816585482,0.06645095045659981,0.0,50.0,50.0,50.0,0.9504150921199914,0.5607411118518426,0.7488264898171288,0.0,50.0,50.0,50.0,0.09735095259230934,0.004437050440582607,0.06661118855404553,0.0,50.0,50.0,50.0,0.09735095259230934,0.004437050440582607,0.06661118855404553,0.0,50.0,50.0,50.0,1.3003774304433904,0.8704781233070326,0.7308763362617943,0.5758531886867654,0.3316068949207155,0.6441759957407449
Vehicle_Sales/M,short,top_k_5_mix,top_k_5_mix,,,,assembled_from_candidate_artifacts_no_independent_selected_method_latency,0.0,top_k_5,0.40384615384615385,50.0,0.0,0.0,600.0,0.0,50.0,250.0,250.0,100.0,117.67486741650094,0.4706994696660038,0.0,1354.377019092057,20681307.190465078,4547.670523516967,0.0,50.0,50.0,50.0,10.253487325857082,888.5134634497991,29.807942959046994,0.0,50.0,50.0,50.0,11.937244001462426,1211.8792247416065,34.81205573851689,0.0,50.0,50.0,50.0,0.09563080724820326,0.004312296972040193,0.06566808183615686,0.0,50.0,50.0,50.0,0.09807499274811655,0.004102443252564061,0.06405031813007693,0.0,50.0,50.0,50.0,0.9310548680712979,0.45715479623140753,0.6761322328002175,0.0,50.0,50.0,50.0,0.0965603294013074,0.004246881106166747,0.06516809883805685,0.0,50.0,50.0,50.0,0.0965603294013074,0.004246881106166747,0.06516809883805685,0.0,50.0,50.0,50.0,1.3003774304433904,0.8704781233070326,0.7159881787196473,0.5199507596572761,0.27034879246817844,0.5251766632510317
Vehicle_Sales/M,short,top_k_10_mix,top_k_10_mix,,,,assembled_from_candidate_artifacts_no_independent_selected_method_latency,0.0,top_k_10,0.28846153846153844,50.0,0.0,0.0,600.0,0.0,50.0,500.0,500.0,100.0,233.89388928329836,0.4677877785665967,0.0,1356.2509413767475,20375737.915115483,4513.949259253529,0.0,50.0,50.0,50.0,10.206530185490847,900.9991146785145,30.01664729243615,0.0,50.0,50.0,50.0,11.905573873081906,1214.508252129337,34.849795582317796,0.0,50.0,50.0,50.0,0.09139778341600101,0.003055322717820314,0.05527497370257461,0.0,50.0,50.0,50.0,0.09263958525914352,0.002846571559072297,0.05335327130619356,0.0,50.0,50.0,50.0,0.9152141124469888,0.4750783765387531,0.6892592955766017,0.0,50.0,50.0,50.0,0.09210759827104383,0.002978233090101519,0.05457319021370767,0.0,50.0,50.0,50.0,0.09210759827104383,0.002978233090101519,0.05457319021370767,0.0,50.0,50.0,50.0,1.3003774304433904,0.8704781233070326,0.703806518800413,0.5300455694171688,0.2809483056587707,0.5457671638362184
Vehicle_Sales/M,short,top_k_15_mix,top_k_15_mix,,,,assembled_from_candidate_artifacts_no_independent_selected_method_latency,0.0,top_k_15,0.28846153846153844,50.0,0.0,0.0,600.0,0.0,50.0,750.0,750.0,100.0,366.18136272042113,0.4882418169605615,0.0,1412.835575569367,23097180.272731643,4805.952587441083,0.0,50.0,50.0,50.0,10.447096944600343,955.9396508484037,30.91827373655269,0.0,50.0,50.0,50.0,12.10558150506181,1266.2904719936723,35.58497536873775,0.0,50.0,50.0,50.0,0.09370595283367136,0.002727767966160505,0.052228038122836905,0.0,50.0,50.0,50.0,0.09482828652750323,0.0024426470545433534,0.04942314290434546,0.0,50.0,50.0,50.0,0.9598528199127395,0.5286590987502214,0.7270894709389082,0.0,50.0,50.0,50.0,0.09438462749378973,0.002647142371928747,0.051450387480841644,0.0,50.0,50.0,50.0,0.09438462749378973,0.002647142371928747,0.051450387480841644,0.0,50.0,50.0,50.0,1.3003774304433904,0.8704781233070326,0.738134019740298,0.5591372580889782,0.31263447338326056,0.6073203732470532
Vehicle_Sales/M,short,top_k_20_mix,top_k_20_mix,,,,assembled_from_candidate_artifacts_no_independent_selected_method_latency,0.0,top_k_20,0.2692307692307692,50.0,0.0,0.0,600.0,0.0,50.0,1000.0,1000.0,100.0,489.52674435989087,0.48952674435989085,0.0,1524.203378032269,26245881.898770794,5123.073481687608,0.0,50.0,50.0,50.0,10.792165958086649,1015.771243506293,31.87116633426353,0.0,50.0,50.0,50.0,12.577401067800364,1366.0123604119635,36.95960444068583,0.0,50.0,50.0,50.0,0.09417146293556365,0.0029544666331611565,0.0543550055943439,0.0,50.0,50.0,50.0,0.09484634527801253,0.002566190517298845,0.05065758104468516,0.0,50.0,50.0,50.0,0.9661307274227157,0.5424774479329771,0.7365306836330562,0.0,50.0,50.0,50.0,0.09473475504774434,0.0028561768785817713,0.05344321171656669,0.0,50.0,50.0,50.0,0.09473475504774434,0.0028561768785817713,0.05344321171656669,0.0,50.0,50.0,50.0,1.3003774304433904,0.8704781233070326,0.7429617777150235,0.5663976214828036,0.32080626562137726,0.6231948091607996
Online_Retail_2_UCI/D,short,vanilla_univariate,vanilla_univariate,1.3211742043495178e-05,0.0,0.0,measured_candidate_query_loop_precomputed_vanilla_fallback_separate_retrieval,0.0,,,6.0,0.0,0.0,180.0,0.0,0.0,0.0,0.0,,0.0,,0.0,359078391.6317868,1.4173753673574296e+17,376480459.9653785,0.0,6.0,6.0,6.0,10657.60656467014,16081218.300330909,4010.1394365197466,0.0,6.0,6.0,6.0,16811.275327359366,76459413.499505,8744.107358644735,0.0,6.0,6.0,6.0,0.3064474113753594,0.002862204595132027,0.05349957565375661,0.0,6.0,6.0,6.0,0.5687063654912713,0.0027920194866355975,0.052839563649178606,0.0,6.0,6.0,6.0,0.644110333658554,0.05519623734300213,0.23493879488709848,0.0,6.0,6.0,6.0,0.30618435334467486,0.002029033463633371,0.045044793968153196,0.0,6.0,6.0,6.0,0.30618435334467486,0.002029033463633371,0.045044793968153196,0.0,6.0,6.0,6.0,1.6232577008686375,0.7074258093720319,0.3968010336953139,0.14473290024213534,0.0209476124124999,0.07802406501396769
Online_Retail_2_UCI/D,short,top_k_1_mix,top_k_1_mix,,,,assembled_from_candidate_artifacts_no_independent_selected_method_latency,0.0,top_k_1,0.375,6.0,0.0,0.0,180.0,0.0,6.0,6.0,6.0,100.0,3.2902804816034745,0.5483800802672457,0.0,355798876.93762213,1.3220717716453195e+17,363603048.8933391,0.0,6.0,6.0,6.0,10654.19225124783,12397170.380835539,3520.9615704854746,0.0,6.0,6.0,6.0,16918.489850772126,69563578.10694267,8340.47829005883,0.0,6.0,6.0,6.0,0.29947956338351694,0.002366673973021024,0.048648473491169526,0.0,6.0,6.0,6.0,0.5563126087387817,0.002814968652360611,0.053056278161595645,0.0,6.0,6.0,6.0,0.6441910226506681,0.042468664630284196,0.20607926783226932,0.0,6.0,6.0,6.0,0.30925756236646756,0.0016154580315447355,0.04019276093458542,0.0,6.0,6.0,6.0,0.30925756236646756,0.0016154580315447355,0.04019276093458542,0.0,6.0,6.0,6.0,1.6232577008686375,0.7074258093720319,0.39685074175588303,0.126954129169997,0.01611735091331228,0.060032676314118086
Online_Retail_2_UCI/D,short,top_k_5_mix,top_k_5_mix,,,,assembled_from_candidate_artifacts_no_independent_selected_method_latency,0.0,top_k_5,0.25,6.0,0.0,0.0,180.0,0.0,6.0,30.0,30.0,100.0,16.038663958089245,0.5346221319363081,0.0,364650834.0560041,1.543089775855517e+17,392821814.03984135,0.0,6.0,6.0,6.0,10803.74622938368,15870342.2871901,3983.759817959675,0.0,6.0,6.0,6.0,16879.14973221868,79745138.37334616,8930.013346761927,0.0,6.0,6.0,6.0,0.3134347829011031,0.0034308877182478346,0.05857378012599011,0.0,6.0,6.0,6.0,0.565257062889685,0.0018562797716341875,0.043084565352736096,0.0,6.0,6.0,6.0,0.652824226701073,0.05426110156209845,0.2329401244141903,0.0,6.0,6.0,6.0,0.30985801268363616,0.0014952421686735458,0.0386683613393889,0.0,6.0,6.0,6.0,0.30985801268363616,0.0014952421686735458,0.0386683613393889,0.0,6.0,6.0,6.0,1.6232577008686375,0.7074258093720319,0.4021691850602241,0.14350162903249397,0.02059271753497952,0.07670217971021578
Online_Retail_2_UCI/D,short,top_k_10_mix,top_k_10_mix,,,,assembled_from_candidate_artifacts_no_independent_selected_method_latency,0.0,top_k_10,0.375,6.0,0.0,0.0,180.0,0.0,6.0,60.0,60.0,100.0,34.70609422112955,0.5784349036854924,0.0,361266807.05445784,1.4748817508727133e+17,384041892.3597676,0.0,6.0,6.0,6.0,10934.290662977432,14494881.615027333,3807.214416739269,0.0,6.0,6.0,6.0,16836.029998987793,77814900.92764093,8821.275470567787,0.0,6.0,6.0,6.0,0.31926716563789664,0.003581442634717524,0.05984515548244088,0.0,6.0,6.0,6.0,0.5661442582813822,0.0019464991539143329,0.044119147248267765,0.0,6.0,6.0,6.0,0.6609401510599556,0.04973488928342786,0.22301320428043686,0.0,6.0,6.0,6.0,0.31535134005014687,0.0014726346305075648,0.03837492189578456,0.0,6.0,6.0,6.0,0.31535134005014687,0.0014726346305075648,0.03837492189578456,0.0,6.0,6.0,6.0,1.6232577008686375,0.7074258093720319,0.4071689607301868,0.13738619823648338,0.018874967465874307,0.07030403559572777
Online_Retail_2_UCI/D,short,top_k_15_mix,top_k_15_mix,,,,assembled_from_candidate_artifacts_no_independent_selected_method_latency,0.0,top_k_15,0.5,6.0,0.0,0.0,180.0,0.0,6.0,90.0,90.0,100.0,52.35486679560583,0.5817207421733981,0.0,383368521.0486424,1.7240286441704733e+17,415214239.179062,0.0,6.0,6.0,6.0,11400.468462456598,16950759.972482637,4117.130065043201,0.0,6.0,6.0,6.0,17332.43408642913,82955249.68823199,9107.97725558381,0.0,6.0,6.0,6.0,0.3332512474097687,0.004174794652643602,0.06461265087150969,0.0,6.0,6.0,6.0,0.5720173757248371,0.0013509309397659848,0.03675501244410053,0.0,6.0,6.0,6.0,0.6887140699649028,0.05754199246113653,0.23987912051934934,0.0,6.0,6.0,6.0,0.3269304680196456,0.001071863254447859,0.03273932275487474,0.0,6.0,6.0,6.0,0.3269304680196456,0.001071863254447859,0.03273932275487474,0.0,6.0,6.0,6.0,1.6232577008686375,0.7074258093720319,0.42427894818940837,0.1477763637843734,0.021837853693331466,0.08133996766702001
Online_Retail_2_UCI/D,short,top_k_20_mix,top_k_20_mix,,,,assembled_from_candidate_artifacts_no_independent_selected_method_latency,0.0,top_k_20,0.5,6.0,0.0,0.0,180.0,0.0,6.0,120.0,120.0,100.0,69.61203698046145,0.5801003081705122,0.0,376608431.85819703,1.7724676963225072e+17,421006852.2390707,0.0,6.0,6.0,6.0,11199.812714301215,19142441.83023026,4375.207632813585,0.0,6.0,6.0,6.0,17008.301599459195,87326108.56003074,9344.843955895183,0.0,6.0,6.0,6.0,0.3188088640107483,0.0024981731370506237,0.04998172803185804,0.0,6.0,6.0,6.0,0.56510968423444,0.0016689516716555603,0.04085280494232385,0.0,6.0,6.0,6.0,0.6764682991106793,0.06516812716681965,0.2552804872426008,0.0,6.0,6.0,6.0,0.31937657754953014,0.0014892529693961638,0.03859084048574433,0.0,6.0,6.0,6.0,0.31937657754953014,0.0014892529693961638,0.03859084048574433,0.0,6.0,6.0,6.0,1.6232577008686375,0.7074258093720319,0.416735000701791,0.15726430073671918,0.024732060286209254,0.09212008708682558
Supply_Chain_Customer/D,short,vanilla_univariate,vanilla_univariate,3.300979733467102e-05,0.0,0.0,measured_candidate_query_loop_precomputed_vanilla_fallback_separate_retrieval,0.0,,,432.0,0.0,0.0,12960.0,0.0,0.0,0.0,0.0,,0.0,,0.0,34709178.65823752,3.5216902308613612e+16,187661669.7906464,0.0,432.0,432.0,432.0,1688.5847911856793,14102003.511931201,3755.2634410825563,0.0,432.0,432.0,432.0,2404.3762409812884,28928153.55004221,5378.489894946555,0.0,432.0,432.0,432.0,0.42008904184924817,0.07011830000040521,0.2647986027161118,0.0,432.0,432.0,432.0,0.4144071327028367,0.045193752245398885,0.21258822226407295,0.0,432.0,432.0,432.0,0.6099946202120283,0.06604231622539349,0.25698699621847304,0.0,432.0,432.0,432.0,0.36376197580343955,0.026287448538341824,0.16213404497002418,0.0,432.0,432.0,432.0,0.36376197580343955,0.026287448538341824,0.16213404497002418,0.0,432.0,432.0,432.0,1.5244040426120686,0.7613944839464535,0.4001528486941045,0.16858194352340172,0.028419871682127413,0.08673863236187832
Supply_Chain_Customer/D,short,top_k_1_mix,top_k_1_mix,,,,assembled_from_candidate_artifacts_no_independent_selected_method_latency,0.0,top_k_1,0.2672811059907834,432.0,0.0,0.0,12960.0,0.0,432.0,432.0,432.0,100.0,230.71150255943863,0.5340544040727746,0.0,33435180.6878851,3.06080398950724e+16,174951535.84656638,0.0,432.0,432.0,432.0,1686.7283220135137,13669876.994332211,3697.279674886958,0.0,432.0,432.0,432.0,2392.8599554333578,27709401.92156857,5263.972066944179,0.0,432.0,432.0,432.0,0.4290505945187301,0.07420884630066091,0.2724130068492709,0.0,432.0,432.0,432.0,0.4113327655304333,0.0415795736310428,0.20391070013867052,0.0,432.0,432.0,432.0,0.607268875779282,0.060096140703406506,0.2451451421166785,0.0,432.0,432.0,432.0,0.3621260985366355,0.024357496293063413,0.15606888316722015,0.0,432.0,432.0,432.0,0.3621260985366355,0.024357496293063413,0.15606888316722015,0.0,432.0,432.0,432.0,1.5244040426120686,0.7613944839464535,0.398364776531769,0.16081375754988286,0.025861064617312506,0.07892904659870491
Supply_Chain_Customer/D,short,top_k_5_mix,top_k_5_mix,,,,assembled_from_candidate_artifacts_no_independent_selected_method_latency,0.0,top_k_5,0.27419354838709675,432.0,0.0,0.0,12960.0,0.0,432.0,2160.0,2160.0,100.0,1193.2771644168458,0.5524431316744657,0.0,34409375.200815454,3.4896620918661996e+16,186806372.79991814,0.0,432.0,432.0,432.0,1698.1906598436979,14250678.215152904,3775.007048358043,0.0,432.0,432.0,432.0,2396.478160357416,28666267.627745397,5354.088869989496,0.0,432.0,432.0,432.0,0.4256327731270406,0.07148939983633096,0.2673750172254898,0.0,432.0,432.0,432.0,0.41229089759953075,0.041691137958353455,0.20418407861131938,0.0,432.0,432.0,432.0,0.6092208329269708,0.06218770126118377,0.24937462032288643,0.0,432.0,432.0,432.0,0.36191458786863095,0.02409441047883365,0.15522374328315128,0.0,432.0,432.0,432.0,0.36191458786863095,0.02409441047883365,0.15522374328315128,0.0,432.0,432.0,432.0,1.5244040426120686,0.7613944839464535,0.3996452488298772,0.16358827013839627,0.026761122126872913,0.08167605961479127
Supply_Chain_Customer/D,short,top_k_10_mix,top_k_10_mix,,,,assembled_from_candidate_artifacts_no_independent_selected_method_latency,0.0,top_k_10,0.2995391705069124,432.0,0.0,0.0,12960.0,0.0,432.0,4320.0,4320.0,100.0,2401.5509769202918,0.5559145779908082,0.0,34484669.93753977,3.5030672609425788e+16,187164827.38331416,0.0,432.0,432.0,432.0,1699.8971818174846,14276437.257926567,3778.4172953667476,0.0,432.0,432.0,432.0,2398.620738671932,28731288.489552684,5360.157506039602,0.0,432.0,432.0,432.0,0.422824645763666,0.07000679205691308,0.2645879665761712,0.0,432.0,432.0,432.0,0.413252587763601,0.041673743049814464,0.20414147802397842,0.0,432.0,432.0,432.0,0.611175045737122,0.06321671634481169,0.2514293466260685,0.0,432.0,432.0,432.0,0.36197352393673904,0.023741676838503964,0.15408334380621405,0.0,432.0,432.0,432.0,0.36197352393673904,0.023741676838503964,0.15408334380621405,0.0,432.0,432.0,432.0,1.5244040426120686,0.7613944839464535,0.40092720082916644,0.16493615839226186,0.027203936345197292,0.08302754705700957
Supply_Chain_Customer/D,short,top_k_15_mix,top_k_15_mix,,,,assembled_from_candidate_artifacts_no_independent_selected_method_latency,0.0,top_k_15,0.2926267281105991,432.0,0.0,0.0,12960.0,0.0,432.0,6480.0,6480.0,100.0,3616.3919219621735,0.5580851731423108,0.0,35400104.98178371,3.826996599343621e+16,195627109.5565137,0.0,432.0,432.0,432.0,1716.9048137536754,14629752.944650175,3824.886004137924,0.0,432.0,432.0,432.0,2417.5365274973574,29555622.119999725,5436.508265421816,0.0,432.0,432.0,432.0,0.4230587757668669,0.06973317279576206,0.2640703936373066,0.0,432.0,432.0,432.0,0.4155199661424313,0.04190990173034423,0.20471908003492062,0.0,432.0,432.0,432.0,0.6162279880149941,0.0644065265299909,0.25378440954871695,0.0,432.0,432.0,432.0,0.3641274669239391,0.023703907966181766,0.1539607351443275,0.0,432.0,432.0,432.0,0.3641274669239391,0.023703907966181766,0.1539607351443275,0.0,432.0,432.0,432.0,1.5244040426120686,0.7613944839464535,0.404241900958939,0.16648106568509027,0.027715945231643342,0.08459021950902447
Supply_Chain_Customer/D,short,top_k_20_mix,top_k_20_mix,,,,assembled_from_candidate_artifacts_no_independent_selected_method_latency,0.0,top_k_20,0.2834101382488479,432.0,0.0,0.0,12960.0,0.0,432.0,8640.0,8640.0,100.0,4807.035343160455,0.556369831384312,0.0,36248378.57591893,4.086436168613151e+16,202149354.89912283,0.0,432.0,432.0,432.0,1723.8788719257454,14787123.91530066,3845.402958767866,0.0,432.0,432.0,432.0,2434.9737532061913,30319281.39711588,5506.294706707577,0.0,432.0,432.0,432.0,0.4225737798704181,0.06915647366483973,0.2629761845963237,0.0,432.0,432.0,432.0,0.416305552144408,0.04192798791959481,0.20476324845927507,0.0,432.0,432.0,432.0,0.6194217058323617,0.06550856732800374,0.25594641495438797,0.0,432.0,432.0,432.0,0.3651996856648567,0.02365938258957884,0.15381606739732634,0.0,432.0,432.0,432.0,0.3651996856648567,0.02365938258957884,0.15381606739732634,0.0,432.0,432.0,432.0,1.5244040426120686,0.7613944839464535,0.4063369608827471,0.16789932839316235,0.028190184474874966,0.0860376174364441
Supply_Chain_Location/D,short,vanilla_univariate,vanilla_univariate,4.318170249462128e-05,0.0,0.0,measured_candidate_query_loop_precomputed_vanilla_fallback_separate_retrieval,0.0,,,612.0,0.0,0.0,18360.0,0.0,0.0,0.0,0.0,,0.0,,0.0,23491889.96003634,4224635590730832.5,64997196.791329645,0.0,612.0,612.0,612.0,1830.0066994046854,9289668.564394617,3047.895760093284,0.0,612.0,612.0,612.0,2506.7225170977135,17208232.182311643,4148.280629647859,0.0,612.0,612.0,612.0,0.4833206375512517,0.05355423775620847,0.23141788555815748,0.0,612.0,612.0,612.0,0.4193667252705164,0.01604354499584574,0.12666311616191092,0.0,612.0,612.0,612.0,0.6594302215265823,0.06497672180170905,0.2549053192887686,0.0,612.0,612.0,612.0,0.38503223538244113,0.011671532147023687,0.10803486542326828,0.0,612.0,612.0,612.0,0.38503223538244113,0.011671532147023687,0.10803486542326828,0.0,612.0,612.0,612.0,1.4264456517338167,0.5773547972858538,0.4622890614339619,0.17869963638568084,0.03193356004437455,0.11254210081420431
Supply_Chain_Location/D,short,top_k_1_mix,top_k_1_mix,,,,assembled_from_candidate_artifacts_no_independent_selected_method_latency,0.0,top_k_1,0.21661237785016288,612.0,0.0,0.0,18360.0,0.0,612.0,612.0,612.0,100.0,342.97181441615305,0.5604114614643023,0.0,23425816.58130958,4278383756687661.0,65409355.268857844,0.0,612.0,612.0,612.0,1836.2691688137118,9472628.333131013,3077.7635278122025,0.0,612.0,612.0,612.0,2496.919629879681,17191208.9432311,4146.228279199193,0.0,612.0,612.0,612.0,0.4937072762309884,0.059123993838926865,0.24315425934769652,0.0,612.0,612.0,612.0,0.4189295818131646,0.015726229192805762,0.12540426305674685,0.0,612.0,612.0,612.0,0.6606636991259601,0.06561256307064856,0.2561494935982669,0.0,612.0,612.0,612.0,0.3855768155982375,0.011852329853239531,0.10886840612978373,0.0,612.0,612.0,612.0,0.3855768155982375,0.011852329853239531,0.10886840612978373,0.0,612.0,612.0,612.0,1.4264456517338167,0.5773547972858538,0.4631537824963302,0.17957185630375908,0.032246051576377895,0.11364340156017298
Supply_Chain_Location/D,short,top_k_5_mix,top_k_5_mix,,,,assembled_from_candidate_artifacts_no_independent_selected_method_latency,0.0,top_k_5,0.24267100977198697,612.0,0.0,0.0,18360.0,0.0,612.0,3060.0,3060.0,100.0,1701.316507954161,0.5559857869131245,0.0,22828825.912183277,4054762314910614.0,63677015.59362384,0.0,612.0,612.0,612.0,1822.8740275987611,9266032.123349857,3044.0157889455595,0.0,612.0,612.0,612.0,2468.1899977161474,16736864.047357239,4091.071259139498,0.0,612.0,612.0,612.0,0.49251876828299535,0.06074820334793522,0.24647150615828844,0.0,612.0,612.0,612.0,0.4182830753853813,0.015605955654775648,0.12492379939297255,0.0,612.0,612.0,612.0,0.6582749546577442,0.06538422772066069,0.25570339794508146,0.0,612.0,612.0,612.0,0.3838530718983036,0.011730892698975768,0.10830924567633074,0.0,612.0,612.0,612.0,0.3838530718983036,0.011730892698975768,0.10830924567633074,0.0,612.0,612.0,612.0,1.4264456517338167,0.5773547972858538,0.46147916947107237,0.17925912398714877,0.032133833532639974,0.11324791623457896
Supply_Chain_Location/D,short,top_k_10_mix,top_k_10_mix,,,,assembled_from_candidate_artifacts_no_independent_selected_method_latency,0.0,top_k_10,0.26384364820846906,612.0,0.0,0.0,18360.0,0.0,612.0,6120.0,6120.0,100.0,3410.5945472075814,0.557286690720193,0.0,22899890.144874737,4048206192830474.0,63625515.26573654,0.0,612.0,612.0,612.0,1819.7615900108235,9170809.996349107,3028.3345251720634,0.0,612.0,612.0,612.0,2474.664427804513,16775926.114633698,4095.8425402636876,0.0,612.0,612.0,612.0,0.4876543865394264,0.05755555478792861,0.2399073879394476,0.0,612.0,612.0,612.0,0.4185481642308653,0.015525382005874121,0.12460089087110943,0.0,612.0,612.0,612.0,0.6584312048628275,0.0653887944467785,0.25571232752211714,0.0,612.0,612.0,612.0,0.38347735989090453,0.011318284900363991,0.10638742830035883,0.0,612.0,612.0,612.0,0.38347735989090453,0.011318284900363991,0.10638742830035883,0.0,612.0,612.0,612.0,1.4264456517338167,0.5773547972858538,0.46158870761218085,0.17926538400625627,0.03213607790291052,0.11325582597420403
Supply_Chain_Location/D,short,top_k_15_mix,top_k_15_mix,,,,assembled_from_candidate_artifacts_no_independent_selected_method_latency,0.0,top_k_15,0.26221498371335505,612.0,0.0,0.0,18360.0,0.0,612.0,9180.0,9180.0,100.0,5119.092014801258,0.5576352957299846,0.0,23051739.856431026,4109037688659646.0,64101776.017982885,0.0,612.0,612.0,612.0,1821.3574267987854,9201867.552025206,3033.4580188334908,0.0,612.0,612.0,612.0,2481.283165847829,16894973.7073112,4110.349584562267,0.0,612.0,612.0,612.0,0.48622654405189597,0.056745005171752974,0.23821210122861722,0.0,612.0,612.0,612.0,0.41877419301616825,0.015536086930005846,0.12464384032115605,0.0,612.0,612.0,612.0,0.6595592472978513,0.06618320026262708,0.25726095751712325,0.0,612.0,612.0,612.0,0.38377225485173055,0.011259240167836219,0.1061095668063734,0.0,612.0,612.0,612.0,0.38377225485173055,0.011259240167836219,0.1061095668063734,0.0,612.0,612.0,612.0,1.4264456517338167,0.5773547972858538,0.46237951407133526,0.18035104050717082,0.03252649781201917,0.11463176641772868
Supply_Chain_Location/D,short,top_k_20_mix,top_k_20_mix,,,,assembled_from_candidate_artifacts_no_independent_selected_method_latency,0.0,top_k_20,0.255700325732899,612.0,0.0,0.0,18360.0,0.0,612.0,12240.0,12240.0,100.0,6832.750739573796,0.5582312695730225,0.0,23354116.52255992,4280366062919645.0,65424506.592863545,0.0,612.0,612.0,612.0,1827.1841052258976,9301506.805336291,3049.8371768565435,0.0,612.0,612.0,612.0,2494.1094838572244,17133534.405093364,4139.267375405141,0.0,612.0,612.0,612.0,0.48617299328375835,0.05653553012192951,0.2377720129071744,0.0,612.0,612.0,612.0,0.4195444218222552,0.015563162067524183,0.12475240305310428,0.0,612.0,612.0,612.0,0.6613251767219032,0.0667602550303416,0.2583800592738178,0.0,612.0,612.0,612.0,0.3846275142088605,0.011206655577171367,0.1058614924189687,0.0,612.0,612.0,612.0,0.3846275142088605,0.011206655577171367,0.1058614924189687,0.0,612.0,612.0,612.0,1.4264456517338167,0.5773547972858538,0.4636175068556418,0.18113557916473152,0.03281009803934272,0.11563124675534299
azure2019_U/5T,short,vanilla_univariate,vanilla_univariate,7.627904415130615e-05,0.0,0.0,measured_candidate_query_loop_precomputed_vanilla_fallback_separate_retrieval,0.0,,,1404.0,0.0,0.0,67392.0,0.0,0.0,0.0,0.0,,0.0,,0.0,60.06085736585958,66760.80123874036,258.3811162580198,0.0,1404.0,1404.0,1404.0,2.3184835513645643,31.862522705101842,5.644689779350309,0.0,1404.0,1404.0,1404.0,3.2622285318963247,49.41872237154112,7.029845117180116,0.0,1404.0,1404.0,1404.0,0.3670012296474505,8.42679937890661,2.9028949996351248,0.0,1404.0,1404.0,1404.0,0.17606802368911384,0.03810346920215805,0.19520109938767774,0.0,1404.0,1404.0,1404.0,0.6951977394287573,0.9164650358188643,0.9573218036892632,0.0,1404.0,1404.0,1404.0,0.19485552858871374,0.0603536063075705,0.24566970978850955,0.0,1404.0,1404.0,1404.0,0.19485552858871374,0.0603536063075705,0.24566970978850955,0.0,1404.0,1404.0,1404.0,1.1130542641708217,1.2257899723905192,0.6245856664918761,0.8600854733730592,0.7397470215073593,0.7476525803450541
azure2019_U/5T,short,top_k_1_mix,top_k_1_mix,,,,assembled_from_candidate_artifacts_no_independent_selected_method_latency,0.0,top_k_1,0.0,1404.0,0.0,0.0,67392.0,0.0,0.0,0.0,0.0,,0.0,,0.0,60.06085736585958,66760.80123874036,258.3811162580198,0.0,1404.0,1404.0,1404.0,2.3184835513645643,31.862522705101842,5.644689779350309,0.0,1404.0,1404.0,1404.0,3.2622285318963247,49.41872237154112,7.029845117180116,0.0,1404.0,1404.0,1404.0,0.3670012296474505,8.42679937890661,2.9028949996351248,0.0,1404.0,1404.0,1404.0,0.17606802368911384,0.03810346920215805,0.19520109938767774,0.0,1404.0,1404.0,1404.0,0.6951977394287573,0.9164650358188643,0.9573218036892632,0.0,1404.0,1404.0,1404.0,0.19485552858871374,0.0603536063075705,0.24566970978850955,0.0,1404.0,1404.0,1404.0,0.19485552858871374,0.0603536063075705,0.24566970978850955,0.0,1404.0,1404.0,1404.0,1.1130542641708217,1.2257899723905192,0.6245856664918761,0.8600854733730592,0.7397470215073593,0.7476525803450541
azure2019_U/5T,short,top_k_5_mix,top_k_5_mix,,,,assembled_from_candidate_artifacts_no_independent_selected_method_latency,0.0,top_k_5,0.0,1404.0,0.0,0.0,67392.0,0.0,0.0,0.0,0.0,,0.0,,0.0,60.06085736585958,66760.80123874036,258.3811162580198,0.0,1404.0,1404.0,1404.0,2.3184835513645643,31.862522705101842,5.644689779350309,0.0,1404.0,1404.0,1404.0,3.2622285318963247,49.41872237154112,7.029845117180116,0.0,1404.0,1404.0,1404.0,0.3670012296474505,8.42679937890661,2.9028949996351248,0.0,1404.0,1404.0,1404.0,0.17606802368911384,0.03810346920215805,0.19520109938767774,0.0,1404.0,1404.0,1404.0,0.6951977394287573,0.9164650358188643,0.9573218036892632,0.0,1404.0,1404.0,1404.0,0.19485552858871374,0.0603536063075705,0.24566970978850955,0.0,1404.0,1404.0,1404.0,0.19485552858871374,0.0603536063075705,0.24566970978850955,0.0,1404.0,1404.0,1404.0,1.1130542641708217,1.2257899723905192,0.6245856664918761,0.8600854733730592,0.7397470215073593,0.7476525803450541
azure2019_U/5T,short,top_k_10_mix,top_k_10_mix,,,,assembled_from_candidate_artifacts_no_independent_selected_method_latency,0.0,top_k_10,0.0,1404.0,0.0,0.0,67392.0,0.0,0.0,0.0,0.0,,0.0,,0.0,60.06085736585958,66760.80123874036,258.3811162580198,0.0,1404.0,1404.0,1404.0,2.3184835513645643,31.862522705101842,5.644689779350309,0.0,1404.0,1404.0,1404.0,3.2622285318963247,49.41872237154112,7.029845117180116,0.0,1404.0,1404.0,1404.0,0.3670012296474505,8.42679937890661,2.9028949996351248,0.0,1404.0,1404.0,1404.0,0.17606802368911384,0.03810346920215805,0.19520109938767774,0.0,1404.0,1404.0,1404.0,0.6951977394287573,0.9164650358188643,0.9573218036892632,0.0,1404.0,1404.0,1404.0,0.19485552858871374,0.0603536063075705,0.24566970978850955,0.0,1404.0,1404.0,1404.0,0.19485552858871374,0.0603536063075705,0.24566970978850955,0.0,1404.0,1404.0,1404.0,1.1130542641708217,1.2257899723905192,0.6245856664918761,0.8600854733730592,0.7397470215073593,0.7476525803450541
azure2019_U/5T,short,top_k_15_mix,top_k_15_mix,,,,assembled_from_candidate_artifacts_no_independent_selected_method_latency,0.0,top_k_15,0.0,1404.0,0.0,0.0,67392.0,0.0,0.0,0.0,0.0,,0.0,,0.0,60.06085736585958,66760.80123874036,258.3811162580198,0.0,1404.0,1404.0,1404.0,2.3184835513645643,31.862522705101842,5.644689779350309,0.0,1404.0,1404.0,1404.0,3.2622285318963247,49.41872237154112,7.029845117180116,0.0,1404.0,1404.0,1404.0,0.3670012296474505,8.42679937890661,2.9028949996351248,0.0,1404.0,1404.0,1404.0,0.17606802368911384,0.03810346920215805,0.19520109938767774,0.0,1404.0,1404.0,1404.0,0.6951977394287573,0.9164650358188643,0.9573218036892632,0.0,1404.0,1404.0,1404.0,0.19485552858871374,0.0603536063075705,0.24566970978850955,0.0,1404.0,1404.0,1404.0,0.19485552858871374,0.0603536063075705,0.24566970978850955,0.0,1404.0,1404.0,1404.0,1.1130542641708217,1.2257899723905192,0.6245856664918761,0.8600854733730592,0.7397470215073593,0.7476525803450541
azure2019_U/5T,short,top_k_20_mix,top_k_20_mix,,,,assembled_from_candidate_artifacts_no_independent_selected_method_latency,0.0,top_k_20,0.0,1404.0,0.0,0.0,67392.0,0.0,0.0,0.0,0.0,,0.0,,0.0,60.06085736585958,66760.80123874036,258.3811162580198,0.0,1404.0,1404.0,1404.0,2.3184835513645643,31.862522705101842,5.644689779350309,0.0,1404.0,1404.0,1404.0,3.2622285318963247,49.41872237154112,7.029845117180116,0.0,1404.0,1404.0,1404.0,0.3670012296474505,8.42679937890661,2.9028949996351248,0.0,1404.0,1404.0,1404.0,0.17606802368911384,0.03810346920215805,0.19520109938767774,0.0,1404.0,1404.0,1404.0,0.6951977394287573,0.9164650358188643,0.9573218036892632,0.0,1404.0,1404.0,1404.0,0.19485552858871374,0.0603536063075705,0.24566970978850955,0.0,1404.0,1404.0,1404.0,0.19485552858871374,0.0603536063075705,0.24566970978850955,0.0,1404.0,1404.0,1404.0,1.1130542641708217,1.2257899723905192,0.6245856664918761,0.8600854733730592,0.7397470215073593,0.7476525803450541
Smart_Manufacturing/H,short,vanilla_univariate,vanilla_univariate,0.00011457130312919617,0.0,0.0,measured_candidate_query_loop_precomputed_vanilla_fallback_separate_retrieval,0.0,,,2380.0,0.0,0.0,40650.0,0.0,0.0,0.0,0.0,,0.0,,0.0,78.45772288910601,6149.711579970127,78.42009678628385,0.0,2380.0,2380.0,2380.0,5.720456769875436,18.83081540339536,4.339448744183454,0.0,2380.0,2380.0,2380.0,7.068558367752167,28.493205490786828,5.337902723990653,0.0,2380.0,2380.0,2380.0,0.335633131440681,7.77422714983082,2.7882301106312624,0.0,2380.0,2380.0,2380.0,0.2253923281460034,0.010444925608269625,0.1022004188262926,0.0,2380.0,2380.0,2380.0,0.7122914326225457,0.016407604580351707,0.12809217220561023,0.0,2380.0,2380.0,2380.0,0.2168055586480045,0.009127608179071756,0.09553851673054044,0.0,2380.0,2380.0,2380.0,0.2168055586480045,0.009127608179071756,0.09553851673054044,0.0,2380.0,2380.0,2380.0,0.9987212256449988,0.03817606606400739,0.7132034589157052,0.12825618292320276,0.016449648458030052,0.4297877249280247
Smart_Manufacturing/H,short,top_k_1_mix,top_k_1_mix,,,,assembled_from_candidate_artifacts_no_independent_selected_method_latency,0.0,top_k_1,0.0,2380.0,0.0,0.0,40650.0,0.0,0.0,0.0,0.0,,0.0,,0.0,78.45772288910601,6149.711579970127,78.42009678628385,0.0,2380.0,2380.0,2380.0,5.720456769875436,18.83081540339536,4.339448744183454,0.0,2380.0,2380.0,2380.0,7.068558367752167,28.493205490786828,5.337902723990653,0.0,2380.0,2380.0,2380.0,0.335633131440681,7.77422714983082,2.7882301106312624,0.0,2380.0,2380.0,2380.0,0.2253923281460034,0.010444925608269625,0.1022004188262926,0.0,2380.0,2380.0,2380.0,0.7122914326225457,0.016407604580351707,0.12809217220561023,0.0,2380.0,2380.0,2380.0,0.2168055586480045,0.009127608179071756,0.09553851673054044,0.0,2380.0,2380.0,2380.0,0.2168055586480045,0.009127608179071756,0.09553851673054044,0.0,2380.0,2380.0,2380.0,0.9987212256449988,0.03817606606400739,0.7132034589157052,0.12825618292320276,0.016449648458030052,0.4297877249280247
Smart_Manufacturing/H,short,top_k_5_mix,top_k_5_mix,,,,assembled_from_candidate_artifacts_no_independent_selected_method_latency,0.0,top_k_5,0.0,2380.0,0.0,0.0,40650.0,0.0,0.0,0.0,0.0,,0.0,,0.0,78.45772288910601,6149.711579970127,78.42009678628385,0.0,2380.0,2380.0,2380.0,5.720456769875436,18.83081540339536,4.339448744183454,0.0,2380.0,2380.0,2380.0,7.068558367752167,28.493205490786828,5.337902723990653,0.0,2380.0,2380.0,2380.0,0.335633131440681,7.77422714983082,2.7882301106312624,0.0,2380.0,2380.0,2380.0,0.2253923281460034,0.010444925608269625,0.1022004188262926,0.0,2380.0,2380.0,2380.0,0.7122914326225457,0.016407604580351707,0.12809217220561023,0.0,2380.0,2380.0,2380.0,0.2168055586480045,0.009127608179071756,0.09553851673054044,0.0,2380.0,2380.0,2380.0,0.2168055586480045,0.009127608179071756,0.09553851673054044,0.0,2380.0,2380.0,2380.0,0.9987212256449988,0.03817606606400739,0.7132034589157052,0.12825618292320276,0.016449648458030052,0.4297877249280247
Smart_Manufacturing/H,short,top_k_10_mix,top_k_10_mix,,,,assembled_from_candidate_artifacts_no_independent_selected_method_latency,0.0,top_k_10,0.0,2380.0,0.0,0.0,40650.0,0.0,0.0,0.0,0.0,,0.0,,0.0,78.45772288910601,6149.711579970127,78.42009678628385,0.0,2380.0,2380.0,2380.0,5.720456769875436,18.83081540339536,4.339448744183454,0.0,2380.0,2380.0,2380.0,7.068558367752167,28.493205490786828,5.337902723990653,0.0,2380.0,2380.0,2380.0,0.335633131440681,7.77422714983082,2.7882301106312624,0.0,2380.0,2380.0,2380.0,0.2253923281460034,0.010444925608269625,0.1022004188262926,0.0,2380.0,2380.0,2380.0,0.7122914326225457,0.016407604580351707,0.12809217220561023,0.0,2380.0,2380.0,2380.0,0.2168055586480045,0.009127608179071756,0.09553851673054044,0.0,2380.0,2380.0,2380.0,0.2168055586480045,0.009127608179071756,0.09553851673054044,0.0,2380.0,2380.0,2380.0,0.9987212256449988,0.03817606606400739,0.7132034589157052,0.12825618292320276,0.016449648458030052,0.4297877249280247
Smart_Manufacturing/H,short,top_k_15_mix,top_k_15_mix,,,,assembled_from_candidate_artifacts_no_independent_selected_method_latency,0.0,top_k_15,0.0,2380.0,0.0,0.0,40650.0,0.0,0.0,0.0,0.0,,0.0,,0.0,78.45772288910601,6149.711579970127,78.42009678628385,0.0,2380.0,2380.0,2380.0,5.720456769875436,18.83081540339536,4.339448744183454,0.0,2380.0,2380.0,2380.0,7.068558367752167,28.493205490786828,5.337902723990653,0.0,2380.0,2380.0,2380.0,0.335633131440681,7.77422714983082,2.7882301106312624,0.0,2380.0,2380.0,2380.0,0.2253923281460034,0.010444925608269625,0.1022004188262926,0.0,2380.0,2380.0,2380.0,0.7122914326225457,0.016407604580351707,0.12809217220561023,0.0,2380.0,2380.0,2380.0,0.2168055586480045,0.009127608179071756,0.09553851673054044,0.0,2380.0,2380.0,2380.0,0.2168055586480045,0.009127608179071756,0.09553851673054044,0.0,2380.0,2380.0,2380.0,0.9987212256449988,0.03817606606400739,0.7132034589157052,0.12825618292320276,0.016449648458030052,0.4297877249280247
Smart_Manufacturing/H,short,top_k_20_mix,top_k_20_mix,,,,assembled_from_candidate_artifacts_no_independent_selected_method_latency,0.0,top_k_20,0.0,2380.0,0.0,0.0,40650.0,0.0,0.0,0.0,0.0,,0.0,,0.0,78.45772288910601,6149.711579970127,78.42009678628385,0.0,2380.0,2380.0,2380.0,5.720456769875436,18.83081540339536,4.339448744183454,0.0,2380.0,2380.0,2380.0,7.068558367752167,28.493205490786828,5.337902723990653,0.0,2380.0,2380.0,2380.0,0.335633131440681,7.77422714983082,2.7882301106312624,0.0,2380.0,2380.0,2380.0,0.2253923281460034,0.010444925608269625,0.1022004188262926,0.0,2380.0,2380.0,2380.0,0.7122914326225457,0.016407604580351707,0.12809217220561023,0.0,2380.0,2380.0,2380.0,0.2168055586480045,0.009127608179071756,0.09553851673054044,0.0,2380.0,2380.0,2380.0,0.2168055586480045,0.009127608179071756,0.09553851673054044,0.0,2380.0,2380.0,2380.0,0.9987212256449988,0.03817606606400739,0.7132034589157052,0.12825618292320276,0.016449648458030052,0.4297877249280247
Smart_Manufacturing/H,medium,vanilla_univariate,vanilla_univariate,3.127008676528931e-05,0.0,0.0,measured_candidate_query_loop_precomputed_vanilla_fallback_separate_retrieval,0.0,,,340.0,0.0,0.0,40650.0,0.0,0.0,0.0,0.0,,0.0,,0.0,78.53957680722016,5110.529985997117,71.48797091816998,0.0,340.0,340.0,340.0,5.724333792129006,17.511376862134604,4.184659706850081,0.0,340.0,340.0,340.0,7.15548161638794,27.33865964475439,5.228638412125512,0.0,340.0,340.0,340.0,0.34226976842763335,1.3505662346717224,1.1621386469228714,0.0,340.0,340.0,340.0,0.22544589056752315,0.008392073217142212,0.09160825954651804,0.0,340.0,340.0,340.0,0.7121692492493292,0.0028308702155762657,0.053205922749034865,0.0,340.0,340.0,340.0,0.2156100428223523,0.007022345104753577,0.08379943379733289,0.0,340.0,340.0,340.0,0.2156100428223523,0.007022345104753577,0.08379943379733289,0.0,340.0,340.0,340.0,1.0059162251273246,0.01326920601468509,0.7079806761832337,0.05289299587776337,0.002797669012925092,0.2133413417836251
Smart_Manufacturing/H,medium,top_k_1_mix,top_k_1_mix,,,,assembled_from_candidate_artifacts_no_independent_selected_method_latency,0.0,top_k_1,0.0,340.0,0.0,0.0,40650.0,0.0,0.0,0.0,0.0,,0.0,,0.0,78.53957680722016,5110.529985997117,71.48797091816998,0.0,340.0,340.0,340.0,5.724333792129006,17.511376862134604,4.184659706850081,0.0,340.0,340.0,340.0,7.15548161638794,27.33865964475439,5.228638412125512,0.0,340.0,340.0,340.0,0.34226976842763335,1.3505662346717224,1.1621386469228714,0.0,340.0,340.0,340.0,0.22544589056752315,0.008392073217142212,0.09160825954651804,0.0,340.0,340.0,340.0,0.7121692492493292,0.0028308702155762657,0.053205922749034865,0.0,340.0,340.0,340.0,0.2156100428223523,0.007022345104753577,0.08379943379733289,0.0,340.0,340.0,340.0,0.2156100428223523,0.007022345104753577,0.08379943379733289,0.0,340.0,340.0,340.0,1.0059162251273246,0.01326920601468509,0.7079806761832337,0.05289299587776337,0.002797669012925092,0.2133413417836251
Smart_Manufacturing/H,medium,top_k_5_mix,top_k_5_mix,,,,assembled_from_candidate_artifacts_no_independent_selected_method_latency,0.0,top_k_5,0.0,340.0,0.0,0.0,40650.0,0.0,0.0,0.0,0.0,,0.0,,0.0,78.53957680722016,5110.529985997117,71.48797091816998,0.0,340.0,340.0,340.0,5.724333792129006,17.511376862134604,4.184659706850081,0.0,340.0,340.0,340.0,7.15548161638794,27.33865964475439,5.228638412125512,0.0,340.0,340.0,340.0,0.34226976842763335,1.3505662346717224,1.1621386469228714,0.0,340.0,340.0,340.0,0.22544589056752315,0.008392073217142212,0.09160825954651804,0.0,340.0,340.0,340.0,0.7121692492493292,0.0028308702155762657,0.053205922749034865,0.0,340.0,340.0,340.0,0.2156100428223523,0.007022345104753577,0.08379943379733289,0.0,340.0,340.0,340.0,0.2156100428223523,0.007022345104753577,0.08379943379733289,0.0,340.0,340.0,340.0,1.0059162251273246,0.01326920601468509,0.7079806761832337,0.05289299587776337,0.002797669012925092,0.2133413417836251
Smart_Manufacturing/H,medium,top_k_10_mix,top_k_10_mix,,,,assembled_from_candidate_artifacts_no_independent_selected_method_latency,0.0,top_k_10,0.0,340.0,0.0,0.0,40650.0,0.0,0.0,0.0,0.0,,0.0,,0.0,78.53957680722016,5110.529985997117,71.48797091816998,0.0,340.0,340.0,340.0,5.724333792129006,17.511376862134604,4.184659706850081,0.0,340.0,340.0,340.0,7.15548161638794,27.33865964475439,5.228638412125512,0.0,340.0,340.0,340.0,0.34226976842763335,1.3505662346717224,1.1621386469228714,0.0,340.0,340.0,340.0,0.22544589056752315,0.008392073217142212,0.09160825954651804,0.0,340.0,340.0,340.0,0.7121692492493292,0.0028308702155762657,0.053205922749034865,0.0,340.0,340.0,340.0,0.2156100428223523,0.007022345104753577,0.08379943379733289,0.0,340.0,340.0,340.0,0.2156100428223523,0.007022345104753577,0.08379943379733289,0.0,340.0,340.0,340.0,1.0059162251273246,0.01326920601468509,0.7079806761832337,0.05289299587776337,0.002797669012925092,0.2133413417836251
Smart_Manufacturing/H,medium,top_k_15_mix,top_k_15_mix,,,,assembled_from_candidate_artifacts_no_independent_selected_method_latency,0.0,top_k_15,0.0,340.0,0.0,0.0,40650.0,0.0,0.0,0.0,0.0,,0.0,,0.0,78.53957680722016,5110.529985997117,71.48797091816998,0.0,340.0,340.0,340.0,5.724333792129006,17.511376862134604,4.184659706850081,0.0,340.0,340.0,340.0,7.15548161638794,27.33865964475439,5.228638412125512,0.0,340.0,340.0,340.0,0.34226976842763335,1.3505662346717224,1.1621386469228714,0.0,340.0,340.0,340.0,0.22544589056752315,0.008392073217142212,0.09160825954651804,0.0,340.0,340.0,340.0,0.7121692492493292,0.0028308702155762657,0.053205922749034865,0.0,340.0,340.0,340.0,0.2156100428223523,0.007022345104753577,0.08379943379733289,0.0,340.0,340.0,340.0,0.2156100428223523,0.007022345104753577,0.08379943379733289,0.0,340.0,340.0,340.0,1.0059162251273246,0.01326920601468509,0.7079806761832337,0.05289299587776337,0.002797669012925092,0.2133413417836251
Smart_Manufacturing/H,medium,top_k_20_mix,top_k_20_mix,,,,assembled_from_candidate_artifacts_no_independent_selected_method_latency,0.0,top_k_20,0.0,340.0,0.0,0.0,40650.0,0.0,0.0,0.0,0.0,,0.0,,0.0,78.53957680722016,5110.529985997117,71.48797091816998,0.0,340.0,340.0,340.0,5.724333792129006,17.511376862134604,4.184659706850081,0.0,340.0,340.0,340.0,7.15548161638794,27.33865964475439,5.228638412125512,0.0,340.0,340.0,340.0,0.34226976842763335,1.3505662346717224,1.1621386469228714,0.0,340.0,340.0,340.0,0.22544589056752315,0.008392073217142212,0.09160825954651804,0.0,340.0,340.0,340.0,0.7121692492493292,0.0028308702155762657,0.053205922749034865,0.0,340.0,340.0,340.0,0.2156100428223523,0.007022345104753577,0.08379943379733289,0.0,340.0,340.0,340.0,0.2156100428223523,0.007022345104753577,0.08379943379733289,0.0,340.0,340.0,340.0,1.0059162251273246,0.01326920601468509,0.7079806761832337,0.05289299587776337,0.002797669012925092,0.2133413417836251
Smart_Manufacturing/H,long,vanilla_univariate,vanilla_univariate,2.2348016500473022e-05,0.0,0.0,measured_candidate_query_loop_precomputed_vanilla_fallback_separate_retrieval,0.0,,,170.0,0.0,0.0,40650.0,0.0,0.0,0.0,0.0,,0.0,,0.0,78.51306103327592,5007.748150180437,70.76544460526223,0.0,170.0,170.0,170.0,5.722854806980847,17.368171721237367,4.167513853754702,0.0,170.0,170.0,170.0,7.163461185635798,27.197884875165283,5.215159141882948,0.0,170.0,170.0,170.0,0.34459200409053836,0.7331775334633921,0.8562578662198626,0.0,170.0,170.0,170.0,0.2253827361702697,0.008219495182554847,0.09066143161540549,0.0,170.0,170.0,170.0,0.7116831869990798,0.0015805029251668682,0.039755539553210296,0.0,170.0,170.0,170.0,0.21545867352234568,0.006857834154625517,0.08281204112099591,0.0,170.0,170.0,170.0,0.21545867352234568,0.006857834154625517,0.08281204112099591,0.0,170.0,170.0,170.0,1.0022363197581337,0.0120211297863795,0.710095187102008,0.03966683183343861,0.0015734575477022988,0.1314770702299256
Smart_Manufacturing/H,long,top_k_1_mix,top_k_1_mix,,,,assembled_from_candidate_artifacts_no_independent_selected_method_latency,0.0,top_k_1,0.0,170.0,0.0,0.0,40650.0,0.0,0.0,0.0,0.0,,0.0,,0.0,78.51306103327592,5007.748150180437,70.76544460526223,0.0,170.0,170.0,170.0,5.722854806980847,17.368171721237367,4.167513853754702,0.0,170.0,170.0,170.0,7.163461185635798,27.197884875165283,5.215159141882948,0.0,170.0,170.0,170.0,0.34459200409053836,0.7331775334633921,0.8562578662198626,0.0,170.0,170.0,170.0,0.2253827361702697,0.008219495182554847,0.09066143161540549,0.0,170.0,170.0,170.0,0.7116831869990798,0.0015805029251668682,0.039755539553210296,0.0,170.0,170.0,170.0,0.21545867352234568,0.006857834154625517,0.08281204112099591,0.0,170.0,170.0,170.0,0.21545867352234568,0.006857834154625517,0.08281204112099591,0.0,170.0,170.0,170.0,1.0022363197581337,0.0120211297863795,0.710095187102008,0.03966683183343861,0.0015734575477022988,0.1314770702299256
Smart_Manufacturing/H,long,top_k_5_mix,top_k_5_mix,,,,assembled_from_candidate_artifacts_no_independent_selected_method_latency,0.0,top_k_5,0.0,170.0,0.0,0.0,40650.0,0.0,0.0,0.0,0.0,,0.0,,0.0,78.51306103327592,5007.748150180437,70.76544460526223,0.0,170.0,170.0,170.0,5.722854806980847,17.368171721237367,4.167513853754702,0.0,170.0,170.0,170.0,7.163461185635798,27.197884875165283,5.215159141882948,0.0,170.0,170.0,170.0,0.34459200409053836,0.7331775334633921,0.8562578662198626,0.0,170.0,170.0,170.0,0.2253827361702697,0.008219495182554847,0.09066143161540549,0.0,170.0,170.0,170.0,0.7116831869990798,0.0015805029251668682,0.039755539553210296,0.0,170.0,170.0,170.0,0.21545867352234568,0.006857834154625517,0.08281204112099591,0.0,170.0,170.0,170.0,0.21545867352234568,0.006857834154625517,0.08281204112099591,0.0,170.0,170.0,170.0,1.0022363197581337,0.0120211297863795,0.710095187102008,0.03966683183343861,0.0015734575477022988,0.1314770702299256
Smart_Manufacturing/H,long,top_k_10_mix,top_k_10_mix,,,,assembled_from_candidate_artifacts_no_independent_selected_method_latency,0.0,top_k_10,0.0,170.0,0.0,0.0,40650.0,0.0,0.0,0.0,0.0,,0.0,,0.0,78.51306103327592,5007.748150180437,70.76544460526223,0.0,170.0,170.0,170.0,5.722854806980847,17.368171721237367,4.167513853754702,0.0,170.0,170.0,170.0,7.163461185635798,27.197884875165283,5.215159141882948,0.0,170.0,170.0,170.0,0.34459200409053836,0.7331775334633921,0.8562578662198626,0.0,170.0,170.0,170.0,0.2253827361702697,0.008219495182554847,0.09066143161540549,0.0,170.0,170.0,170.0,0.7116831869990798,0.0015805029251668682,0.039755539553210296,0.0,170.0,170.0,170.0,0.21545867352234568,0.006857834154625517,0.08281204112099591,0.0,170.0,170.0,170.0,0.21545867352234568,0.006857834154625517,0.08281204112099591,0.0,170.0,170.0,170.0,1.0022363197581337,0.0120211297863795,0.710095187102008,0.03966683183343861,0.0015734575477022988,0.1314770702299256
Smart_Manufacturing/H,long,top_k_15_mix,top_k_15_mix,,,,assembled_from_candidate_artifacts_no_independent_selected_method_latency,0.0,top_k_15,0.0,170.0,0.0,0.0,40650.0,0.0,0.0,0.0,0.0,,0.0,,0.0,78.51306103327592,5007.748150180437,70.76544460526223,0.0,170.0,170.0,170.0,5.722854806980847,17.368171721237367,4.167513853754702,0.0,170.0,170.0,170.0,7.163461185635798,27.197884875165283,5.215159141882948,0.0,170.0,170.0,170.0,0.34459200409053836,0.7331775334633921,0.8562578662198626,0.0,170.0,170.0,170.0,0.2253827361702697,0.008219495182554847,0.09066143161540549,0.0,170.0,170.0,170.0,0.7116831869990798,0.0015805029251668682,0.039755539553210296,0.0,170.0,170.0,170.0,0.21545867352234568,0.006857834154625517,0.08281204112099591,0.0,170.0,170.0,170.0,0.21545867352234568,0.006857834154625517,0.08281204112099591,0.0,170.0,170.0,170.0,1.0022363197581337,0.0120211297863795,0.710095187102008,0.03966683183343861,0.0015734575477022988,0.1314770702299256
Smart_Manufacturing/H,long,top_k_20_mix,top_k_20_mix,,,,assembled_from_candidate_artifacts_no_independent_selected_method_latency,0.0,top_k_20,0.0,170.0,0.0,0.0,40650.0,0.0,0.0,0.0,0.0,,0.0,,0.0,78.51306103327592,5007.748150180437,70.76544460526223,0.0,170.0,170.0,170.0,5.722854806980847,17.368171721237367,4.167513853754702,0.0,170.0,170.0,170.0,7.163461185635798,27.197884875165283,5.215159141882948,0.0,170.0,170.0,170.0,0.34459200409053836,0.7331775334633921,0.8562578662198626,0.0,170.0,170.0,170.0,0.2253827361702697,0.008219495182554847,0.09066143161540549,0.0,170.0,170.0,170.0,0.7116831869990798,0.0015805029251668682,0.039755539553210296,0.0,170.0,170.0,170.0,0.21545867352234568,0.006857834154625517,0.08281204112099591,0.0,170.0,170.0,170.0,0.21545867352234568,0.006857834154625517,0.08281204112099591,0.0,170.0,170.0,170.0,1.0022363197581337,0.0120211297863795,0.710095187102008,0.03966683183343861,0.0015734575477022988,0.1314770702299256
MetroPT-3/5T,short,vanilla_univariate,vanilla_univariate,2.204813063144684e-05,0.0,0.0,measured_candidate_query_loop_precomputed_vanilla_fallback_separate_retrieval,0.0,,,210.0,0.0,0.0,8922.0,0.0,0.0,0.0,0.0,,0.0,,0.0,3.510119106936726,18.886457321629656,4.345855188755103,0.0,210.0,210.0,216.0,1.1695852536649385,0.7783311066224525,0.882230755881052,0.0,210.0,210.0,216.0,1.528116224018728,1.17497991282747,1.08396490387257,0.0,210.0,210.0,216.0,3.549536890452948,39.06121981916235,6.249897584693876,0.0,210.0,210.0,216.0,0.5156017427115619,0.4921449130367062,0.7015304077776716,0.0,210.0,210.0,216.0,0.6435365645174245,0.03629836958224777,0.19052131004758435,0.0,210.0,210.0,216.0,0.33364624796314724,0.15174595136844782,0.3895458270453527,0.0,210.0,210.0,216.0,0.33364624796314724,0.15174595136844782,0.3895458270453527,0.0,210.0,210.0,216.0,0.8726224746907574,0.07601067700804957,0.7374742035443024,0.21833188529220712,0.04766881213524949,0.477543037518318
MetroPT-3/5T,short,top_k_1_mix,top_k_1_mix,,,,assembled_from_candidate_artifacts_no_independent_selected_method_latency,162.0,top_k_1,0.5,210.0,0.0,0.0,8922.0,0.0,216.0,48.0,48.0,100.0,27.69140981697718,0.5769043711870246,0.7714285714285715,3.5111936633743257,18.97569176744484,4.356109705625518,0.0,210.0,210.0,216.0,1.1693999554149803,0.7796383861269475,0.8829713393575963,0.0,210.0,210.0,216.0,1.5278117458871254,1.176984932503659,1.08488936417667,0.0,210.0,210.0,216.0,3.5720392055651122,39.2701848019216,6.266592758582737,0.0,210.0,210.0,216.0,0.5150593206681706,0.4911549344028386,0.7008244676114259,0.0,210.0,210.0,216.0,0.6430782997824062,0.036585068697590054,0.19127223713228758,0.0,210.0,210.0,216.0,0.333377712838047,0.15164190556873317,0.38941225657230305,0.0,210.0,210.0,216.0,0.333377712838047,0.15164190556873317,0.38941225657230305,0.0,210.0,210.0,216.0,0.8726224746907574,0.07601067700804957,0.7369490454738772,0.21919242591141286,0.04804531957693022,0.4813148644066895
MetroPT-3/5T,short,top_k_5_mix,top_k_5_mix,,,,assembled_from_candidate_artifacts_no_independent_selected_method_latency,162.0,top_k_5,0.53125,210.0,0.0,0.0,8922.0,0.0,216.0,240.0,240.0,100.0,147.45122570234125,0.6143801070930885,0.7714285714285715,3.5213449432309805,19.074316785623406,4.367415343841642,0.0,210.0,210.0,216.0,1.1713828704142488,0.7828738343839063,0.8848015791034204,0.0,210.0,210.0,216.0,1.5294914189203188,1.182000942680091,1.0871986675304983,0.0,210.0,210.0,216.0,3.5736356261620186,39.18867850448933,6.260086141938411,0.0,210.0,210.0,216.0,0.5154119416055929,0.49096219946478686,0.7006869482620515,0.0,210.0,210.0,216.0,0.6456151706191823,0.035418669508006456,0.18819848434035397,0.0,210.0,210.0,216.0,0.33371912964267925,0.15154290040278784,0.38928511454047127,0.0,210.0,210.0,216.0,0.33371912964267925,0.15154290040278784,0.38928511454047127,0.0,210.0,210.0,216.0,0.8726224746907574,0.07601067700804957,0.7398562257383725,0.21566999452661167,0.046513546539108705,0.4659696624496003
MetroPT-3/5T,short,top_k_10_mix,top_k_10_mix,,,,assembled_from_candidate_artifacts_no_independent_selected_method_latency,162.0,top_k_10,0.5,210.0,0.0,0.0,8922.0,0.0,216.0,480.0,480.0,100.0,284.76305455517155,0.5932563636566074,0.7714285714285715,3.5114208961217312,18.913334046056548,4.348946314460153,0.0,210.0,210.0,216.0,1.1716097480965262,0.7806794217877122,0.8835606497506056,0.0,210.0,210.0,216.0,1.528178547697902,1.1760912224776627,1.084477396019697,0.0,210.0,210.0,216.0,3.6255793971470838,39.53913061289923,6.288014838794453,0.0,210.0,210.0,216.0,0.514896112393544,0.489254077309033,0.6994669951534761,0.0,210.0,210.0,216.0,0.6451535387344371,0.03580738062864315,0.18922838219633742,0.0,210.0,210.0,216.0,0.3341032959686924,0.1519197837522735,0.38976888504891394,0.0,210.0,210.0,216.0,0.3341032959686924,0.1519197837522735,0.38976888504891394,0.0,210.0,210.0,216.0,0.8726224746907574,0.07601067700804957,0.7393272090122004,0.21685022754358552,0.04702402118570481,0.47108356402155355
MetroPT-3/5T,short,top_k_15_mix,top_k_15_mix,,,,assembled_from_candidate_artifacts_no_independent_selected_method_latency,162.0,top_k_15,0.5,210.0,0.0,0.0,8922.0,0.0,216.0,720.0,720.0,100.0,415.2411552696773,0.5767238267634407,0.7714285714285715,3.5076467599707275,18.870071631896312,4.343969570783883,0.0,210.0,210.0,216.0,1.1712278480882816,0.7797690561276546,0.8830453307320381,0.0,210.0,210.0,216.0,1.527543772719997,1.1742567823950862,1.0836312944886217,0.0,210.0,210.0,216.0,3.6326165856572126,39.565026546484226,6.29007365191253,0.0,210.0,210.0,216.0,0.5149183340449278,0.4890652073163811,0.699331972182297,0.0,210.0,210.0,216.0,0.645589124352471,0.03555723023322749,0.18856624892389276,0.0,210.0,210.0,216.0,0.3341938380319258,0.1519235785619237,0.3897737530438956,0.0,210.0,210.0,216.0,0.3341938380319258,0.1519235785619237,0.3897737530438956,0.0,210.0,210.0,216.0,0.8726224746907574,0.07601067700804957,0.7398263774735538,0.2160914420531255,0.04669551132859929,0.4677925737914682
MetroPT-3/5T,short,top_k_20_mix,top_k_20_mix,,,,assembled_from_candidate_artifacts_no_independent_selected_method_latency,162.0,top_k_20,0.5,210.0,0.0,0.0,8922.0,0.0,216.0,960.0,960.0,100.0,545.1881514665818,0.567904324444356,0.7714285714285715,3.507387964936354,18.870786895942306,4.3440518983942065,0.0,210.0,210.0,216.0,1.171513009233567,0.7793846504094553,0.8828276447922636,0.0,210.0,210.0,216.0,1.5274630434087462,1.174244615956846,1.0836256807389006,0.0,210.0,210.0,216.0,3.619236347514924,39.199811997898934,6.260975323214342,0.0,210.0,210.0,216.0,0.5153701110578569,0.48925348547939423,0.6994665720957609,0.0,210.0,210.0,216.0,0.6458543352259355,0.03546384193759806,0.18831845883396045,0.0,210.0,210.0,216.0,0.33427461877117415,0.15197846967085749,0.38984416074998157,0.0,210.0,210.0,216.0,0.33427461877117415,0.15197846967085749,0.38984416074998157,0.0,210.0,210.0,216.0,0.8726224746907574,0.07601067700804957,0.7401303014282498,0.21580748181015774,0.04657286920524156,0.4665639530331037
MetroPT-3/5T,medium,vanilla_univariate,vanilla_univariate,1.6361474990844727e-05,0.0,0.0,measured_candidate_query_loop_precomputed_vanilla_fallback_separate_retrieval,0.0,,,36.0,0.0,0.0,8922.0,0.0,0.0,0.0,0.0,,0.0,,0.0,3.4076325643728813,10.629246961400245,3.260252591656089,0.0,36.0,36.0,36.0,1.158825899570055,0.6523754353959392,0.8076976138357345,0.0,36.0,36.0,36.0,1.532028018307786,1.0605227154927988,1.0298168358950046,0.0,36.0,36.0,36.0,3.5139750904799296,29.57054959985436,5.437880984340716,0.0,36.0,36.0,36.0,0.5156382267634647,0.47844620975201413,0.6916980625619925,0.0,36.0,36.0,36.0,0.679845185530925,0.012776276093130253,0.1130321905172604,0.0,36.0,36.0,36.0,0.33432127468497735,0.14308705836977184,0.3782685003668318,0.0,36.0,36.0,36.0,0.33432127468497735,0.14308705836977184,0.3782685003668318,0.0,36.0,36.0,36.0,0.8535683382965379,0.019695959012921885,0.7964742306253869,0.13242312940383683,0.017535885201105314,0.6486749939288637
MetroPT-3/5T,medium,top_k_1_mix,top_k_1_mix,,,,assembled_from_candidate_artifacts_no_independent_selected_method_latency,0.0,top_k_1,0.0,36.0,0.0,0.0,8922.0,0.0,0.0,0.0,0.0,,0.0,,0.0,3.4076325643728813,10.629246961400245,3.260252591656089,0.0,36.0,36.0,36.0,1.158825899570055,0.6523754353959392,0.8076976138357345,0.0,36.0,36.0,36.0,1.532028018307786,1.0605227154927988,1.0298168358950046,0.0,36.0,36.0,36.0,3.5139750904799296,29.57054959985436,5.437880984340716,0.0,36.0,36.0,36.0,0.5156382267634647,0.47844620975201413,0.6916980625619925,0.0,36.0,36.0,36.0,0.679845185530925,0.012776276093130253,0.1130321905172604,0.0,36.0,36.0,36.0,0.33432127468497735,0.14308705836977184,0.3782685003668318,0.0,36.0,36.0,36.0,0.33432127468497735,0.14308705836977184,0.3782685003668318,0.0,36.0,36.0,36.0,0.8535683382965379,0.019695959012921885,0.7964742306253869,0.13242312940383683,0.017535885201105314,0.6486749939288637
MetroPT-3/5T,medium,top_k_5_mix,top_k_5_mix,,,,assembled_from_candidate_artifacts_no_independent_selected_method_latency,0.0,top_k_5,0.0,36.0,0.0,0.0,8922.0,0.0,0.0,0.0,0.0,,0.0,,0.0,3.4076325643728813,10.629246961400245,3.260252591656089,0.0,36.0,36.0,36.0,1.158825899570055,0.6523754353959392,0.8076976138357345,0.0,36.0,36.0,36.0,1.532028018307786,1.0605227154927988,1.0298168358950046,0.0,36.0,36.0,36.0,3.5139750904799296,29.57054959985436,5.437880984340716,0.0,36.0,36.0,36.0,0.5156382267634647,0.47844620975201413,0.6916980625619925,0.0,36.0,36.0,36.0,0.679845185530925,0.012776276093130253,0.1130321905172604,0.0,36.0,36.0,36.0,0.33432127468497735,0.14308705836977184,0.3782685003668318,0.0,36.0,36.0,36.0,0.33432127468497735,0.14308705836977184,0.3782685003668318,0.0,36.0,36.0,36.0,0.8535683382965379,0.019695959012921885,0.7964742306253869,0.13242312940383683,0.017535885201105314,0.6486749939288637
MetroPT-3/5T,medium,top_k_10_mix,top_k_10_mix,,,,assembled_from_candidate_artifacts_no_independent_selected_method_latency,0.0,top_k_10,0.0,36.0,0.0,0.0,8922.0,0.0,0.0,0.0,0.0,,0.0,,0.0,3.4076325643728813,10.629246961400245,3.260252591656089,0.0,36.0,36.0,36.0,1.158825899570055,0.6523754353959392,0.8076976138357345,0.0,36.0,36.0,36.0,1.532028018307786,1.0605227154927988,1.0298168358950046,0.0,36.0,36.0,36.0,3.5139750904799296,29.57054959985436,5.437880984340716,0.0,36.0,36.0,36.0,0.5156382267634647,0.47844620975201413,0.6916980625619925,0.0,36.0,36.0,36.0,0.679845185530925,0.012776276093130253,0.1130321905172604,0.0,36.0,36.0,36.0,0.33432127468497735,0.14308705836977184,0.3782685003668318,0.0,36.0,36.0,36.0,0.33432127468497735,0.14308705836977184,0.3782685003668318,0.0,36.0,36.0,36.0,0.8535683382965379,0.019695959012921885,0.7964742306253869,0.13242312940383683,0.017535885201105314,0.6486749939288637
MetroPT-3/5T,medium,top_k_15_mix,top_k_15_mix,,,,assembled_from_candidate_artifacts_no_independent_selected_method_latency,0.0,top_k_15,0.0,36.0,0.0,0.0,8922.0,0.0,0.0,0.0,0.0,,0.0,,0.0,3.4076325643728813,10.629246961400245,3.260252591656089,0.0,36.0,36.0,36.0,1.158825899570055,0.6523754353959392,0.8076976138357345,0.0,36.0,36.0,36.0,1.532028018307786,1.0605227154927988,1.0298168358950046,0.0,36.0,36.0,36.0,3.5139750904799296,29.57054959985436,5.437880984340716,0.0,36.0,36.0,36.0,0.5156382267634647,0.47844620975201413,0.6916980625619925,0.0,36.0,36.0,36.0,0.679845185530925,0.012776276093130253,0.1130321905172604,0.0,36.0,36.0,36.0,0.33432127468497735,0.14308705836977184,0.3782685003668318,0.0,36.0,36.0,36.0,0.33432127468497735,0.14308705836977184,0.3782685003668318,0.0,36.0,36.0,36.0,0.8535683382965379,0.019695959012921885,0.7964742306253869,0.13242312940383683,0.017535885201105314,0.6486749939288637
MetroPT-3/5T,medium,top_k_20_mix,top_k_20_mix,,,,assembled_from_candidate_artifacts_no_independent_selected_method_latency,0.0,top_k_20,0.0,36.0,0.0,0.0,8922.0,0.0,0.0,0.0,0.0,,0.0,,0.0,3.4076325643728813,10.629246961400245,3.260252591656089,0.0,36.0,36.0,36.0,1.158825899570055,0.6523754353959392,0.8076976138357345,0.0,36.0,36.0,36.0,1.532028018307786,1.0605227154927988,1.0298168358950046,0.0,36.0,36.0,36.0,3.5139750904799296,29.57054959985436,5.437880984340716,0.0,36.0,36.0,36.0,0.5156382267634647,0.47844620975201413,0.6916980625619925,0.0,36.0,36.0,36.0,0.679845185530925,0.012776276093130253,0.1130321905172604,0.0,36.0,36.0,36.0,0.33432127468497735,0.14308705836977184,0.3782685003668318,0.0,36.0,36.0,36.0,0.33432127468497735,0.14308705836977184,0.3782685003668318,0.0,36.0,36.0,36.0,0.8535683382965379,0.019695959012921885,0.7964742306253869,0.13242312940383683,0.017535885201105314,0.6486749939288637
MetroPT-3/5T,long,vanilla_univariate,vanilla_univariate,1.376122236251831e-05,0.0,0.0,measured_candidate_query_loop_precomputed_vanilla_fallback_separate_retrieval,0.0,,,18.0,0.0,0.0,8922.0,0.0,0.0,0.0,0.0,,0.0,,0.0,3.399553254153527,10.033375942447076,3.167550464072684,0.0,18.0,18.0,18.0,1.1592822436059909,0.6461303971656635,0.8038223666741697,0.0,18.0,18.0,18.0,1.5330416712583896,1.0493364883388114,1.0243712648931595,0.0,18.0,18.0,18.0,3.5785947320871503,31.803468843701758,5.639456431581129,0.0,18.0,18.0,18.0,0.516943578533708,0.47623859559619564,0.6901004242834485,0.0,18.0,18.0,18.0,0.6979776681435321,0.012491627350837465,0.11176594897748358,0.0,18.0,18.0,18.0,0.3366397268546453,0.14213349957084861,0.37700596755336463,0.0,18.0,18.0,18.0,0.3366397268546453,0.14213349957084861,0.37700596755336463,0.0,18.0,18.0,18.0,0.8686901704875118,0.022228105801810265,0.803482866338668,0.12866031270361925,0.01655347606499309,0.5619744418267139
MetroPT-3/5T,long,top_k_1_mix,top_k_1_mix,,,,assembled_from_candidate_artifacts_no_independent_selected_method_latency,0.0,top_k_1,0.0,18.0,0.0,0.0,8922.0,0.0,0.0,0.0,0.0,,0.0,,0.0,3.399553254153527,10.033375942447076,3.167550464072684,0.0,18.0,18.0,18.0,1.1592822436059909,0.6461303971656635,0.8038223666741697,0.0,18.0,18.0,18.0,1.5330416712583896,1.0493364883388114,1.0243712648931595,0.0,18.0,18.0,18.0,3.5785947320871503,31.803468843701758,5.639456431581129,0.0,18.0,18.0,18.0,0.516943578533708,0.47623859559619564,0.6901004242834485,0.0,18.0,18.0,18.0,0.6979776681435321,0.012491627350837465,0.11176594897748358,0.0,18.0,18.0,18.0,0.3366397268546453,0.14213349957084861,0.37700596755336463,0.0,18.0,18.0,18.0,0.3366397268546453,0.14213349957084861,0.37700596755336463,0.0,18.0,18.0,18.0,0.8686901704875118,0.022228105801810265,0.803482866338668,0.12866031270361925,0.01655347606499309,0.5619744418267139
MetroPT-3/5T,long,top_k_5_mix,top_k_5_mix,,,,assembled_from_candidate_artifacts_no_independent_selected_method_latency,0.0,top_k_5,0.0,18.0,0.0,0.0,8922.0,0.0,0.0,0.0,0.0,,0.0,,0.0,3.399553254153527,10.033375942447076,3.167550464072684,0.0,18.0,18.0,18.0,1.1592822436059909,0.6461303971656635,0.8038223666741697,0.0,18.0,18.0,18.0,1.5330416712583896,1.0493364883388114,1.0243712648931595,0.0,18.0,18.0,18.0,3.5785947320871503,31.803468843701758,5.639456431581129,0.0,18.0,18.0,18.0,0.516943578533708,0.47623859559619564,0.6901004242834485,0.0,18.0,18.0,18.0,0.6979776681435321,0.012491627350837465,0.11176594897748358,0.0,18.0,18.0,18.0,0.3366397268546453,0.14213349957084861,0.37700596755336463,0.0,18.0,18.0,18.0,0.3366397268546453,0.14213349957084861,0.37700596755336463,0.0,18.0,18.0,18.0,0.8686901704875118,0.022228105801810265,0.803482866338668,0.12866031270361925,0.01655347606499309,0.5619744418267139
MetroPT-3/5T,long,top_k_10_mix,top_k_10_mix,,,,assembled_from_candidate_artifacts_no_independent_selected_method_latency,0.0,top_k_10,0.0,18.0,0.0,0.0,8922.0,0.0,0.0,0.0,0.0,,0.0,,0.0,3.399553254153527,10.033375942447076,3.167550464072684,0.0,18.0,18.0,18.0,1.1592822436059909,0.6461303971656635,0.8038223666741697,0.0,18.0,18.0,18.0,1.5330416712583896,1.0493364883388114,1.0243712648931595,0.0,18.0,18.0,18.0,3.5785947320871503,31.803468843701758,5.639456431581129,0.0,18.0,18.0,18.0,0.516943578533708,0.47623859559619564,0.6901004242834485,0.0,18.0,18.0,18.0,0.6979776681435321,0.012491627350837465,0.11176594897748358,0.0,18.0,18.0,18.0,0.3366397268546453,0.14213349957084861,0.37700596755336463,0.0,18.0,18.0,18.0,0.3366397268546453,0.14213349957084861,0.37700596755336463,0.0,18.0,18.0,18.0,0.8686901704875118,0.022228105801810265,0.803482866338668,0.12866031270361925,0.01655347606499309,0.5619744418267139
MetroPT-3/5T,long,top_k_15_mix,top_k_15_mix,,,,assembled_from_candidate_artifacts_no_independent_selected_method_latency,0.0,top_k_15,0.0,18.0,0.0,0.0,8922.0,0.0,0.0,0.0,0.0,,0.0,,0.0,3.399553254153527,10.033375942447076,3.167550464072684,0.0,18.0,18.0,18.0,1.1592822436059909,0.6461303971656635,0.8038223666741697,0.0,18.0,18.0,18.0,1.5330416712583896,1.0493364883388114,1.0243712648931595,0.0,18.0,18.0,18.0,3.5785947320871503,31.803468843701758,5.639456431581129,0.0,18.0,18.0,18.0,0.516943578533708,0.47623859559619564,0.6901004242834485,0.0,18.0,18.0,18.0,0.6979776681435321,0.012491627350837465,0.11176594897748358,0.0,18.0,18.0,18.0,0.3366397268546453,0.14213349957084861,0.37700596755336463,0.0,18.0,18.0,18.0,0.3366397268546453,0.14213349957084861,0.37700596755336463,0.0,18.0,18.0,18.0,0.8686901704875118,0.022228105801810265,0.803482866338668,0.12866031270361925,0.01655347606499309,0.5619744418267139
MetroPT-3/5T,long,top_k_20_mix,top_k_20_mix,,,,assembled_from_candidate_artifacts_no_independent_selected_method_latency,0.0,top_k_20,0.0,18.0,0.0,0.0,8922.0,0.0,0.0,0.0,0.0,,0.0,,0.0,3.399553254153527,10.033375942447076,3.167550464072684,0.0,18.0,18.0,18.0,1.1592822436059909,0.6461303971656635,0.8038223666741697,0.0,18.0,18.0,18.0,1.5330416712583896,1.0493364883388114,1.0243712648931595,0.0,18.0,18.0,18.0,3.5785947320871503,31.803468843701758,5.639456431581129,0.0,18.0,18.0,18.0,0.516943578533708,0.47623859559619564,0.6901004242834485,0.0,18.0,18.0,18.0,0.6979776681435321,0.012491627350837465,0.11176594897748358,0.0,18.0,18.0,18.0,0.3366397268546453,0.14213349957084861,0.37700596755336463,0.0,18.0,18.0,18.0,0.3366397268546453,0.14213349957084861,0.37700596755336463,0.0,18.0,18.0,18.0,0.8686901704875118,0.022228105801810265,0.803482866338668,0.12866031270361925,0.01655347606499309,0.5619744418267139
