[2026-09-27 14:14:30 UTC] resources allocation {"CUDA_VISIBLE_DEVICES": "0", "SLURM_CPUS_PER_TASK": "8", "SLURM_JOB_GPUS": "0,1,2,3", "SLURM_JOB_ID": "3584837", "SLURM_MEM_PER_CPU": "unset", "SLURM_MEM_PER_NODE": "80000", "SLURM_STEP_GPUS": "0", "SLURM_STEP_ID": "0", "TIME_DEVICE": "unset", "cpu_count": 8, "host": "sean0003"}
[2026-09-27 14:14:30 UTC] resources RAM {"MemAvailable_MiB": 368475.9453125, "MemTotal_MiB": 386622.86328125, "cgroup_reason": "memory.max is unlimited", "cgroup_status": "unlimited"}
[2026-09-27 14:14:30 UTC] resources nvidia_inventory {"columns": "index,uuid,name,driver,total_MiB,free_MiB,used_MiB", "devices": ["0, GPU-278171c2-c035-6646-8ac7-af452a78b698, NVIDIA H100 NVL, 560.35.05, 95830, 95350, 1"]}
[2026-09-27 14:14:32 UTC] resources torch {"cuda_available": true, "note": "visibility probe; CPU-only stages need not use an allocated GPU", "version": "2.9.1+cu128", "visible_gpu_count": 1}
[2026-09-27 14:14:32 UTC] resources cuda_device {"capability": "9.0", "free_MiB": 94825.125, "logical_index": 0, "name": "NVIDIA H100 NVL", "total_MiB": 95350.1875}
[2026-09-27 14:14:32 UTC] Slurm=3584837 launch=selena_3584837 stage=prepare prediction_group=all
[2026-09-27 14:14:34 UTC] dataset_config=/fssmall/home/h61084/codes/selectime/src/timebench/config/datasets.yaml applied_keys=datasets,selectime_tasks tasks=90
[2026-09-27 14:14:34 UTC] resources selected_device {"component": "selectime", "device": "cpu", "stage": "prepare"}
[2026-09-27 14:14:34 UTC] stage=prepare tasks=90 seed=0 Slurm=3584837
[2026-09-27 16:14:35,152][datasets][INFO] - PyTorch version 2.9.1 available.
TIME run allocation action=new run=/fslarge/scratch/users/h61084/codes/selectime/outputs/selectime/chronos2/data/validation/shared/Water_Quality_Darwin/15T/short/run_0 launch_id=selena_3584837 slurm_job_id=3584837 launched_at=2026-09-27T14:14:35.671986+00:00
[2026-09-27 14:14:35 UTC] prepare_validation Water_Quality_Darwin/15T/short
TIME run allocation action=new run=/fslarge/scratch/users/h61084/codes/selectime/outputs/selectime/chronos2/data/test/shared/Water_Quality_Darwin/15T/short/run_0 launch_id=selena_3584837 slurm_job_id=3584837 launched_at=2026-09-27T14:14:35.791254+00:00
[2026-09-27 14:14:35 UTC] prepare_test Water_Quality_Darwin/15T/short
TIME run allocation action=new run=/fslarge/scratch/users/h61084/codes/selectime/outputs/selectime/chronos2/data/validation/shared/Water_Quality_Darwin/15T/medium/run_0 launch_id=selena_3584837 slurm_job_id=3584837 launched_at=2026-09-27T14:14:35.930908+00:00
[2026-09-27 14:14:35 UTC] prepare_validation Water_Quality_Darwin/15T/medium
TIME run allocation action=new run=/fslarge/scratch/users/h61084/codes/selectime/outputs/selectime/chronos2/data/test/shared/Water_Quality_Darwin/15T/medium/run_0 launch_id=selena_3584837 slurm_job_id=3584837 launched_at=2026-09-27T14:14:35.955995+00:00
[2026-09-27 14:14:35 UTC] prepare_test Water_Quality_Darwin/15T/medium
TIME run allocation action=new run=/fslarge/scratch/users/h61084/codes/selectime/outputs/selectime/chronos2/data/validation/shared/Water_Quality_Darwin/15T/long/run_0 launch_id=selena_3584837 slurm_job_id=3584837 launched_at=2026-09-27T14:14:36.023798+00:00
[2026-09-27 14:14:36 UTC] prepare_validation Water_Quality_Darwin/15T/long
TIME run allocation action=new run=/fslarge/scratch/users/h61084/codes/selectime/outputs/selectime/chronos2/data/test/shared/Water_Quality_Darwin/15T/long/run_0 launch_id=selena_3584837 slurm_job_id=3584837 launched_at=2026-09-27T14:14:36.048227+00:00
[2026-09-27 14:14:36 UTC] prepare_test Water_Quality_Darwin/15T/long
TIME run allocation action=new run=/fslarge/scratch/users/h61084/codes/selectime/outputs/selectime/chronos2/data/validation/shared/current_velocity/5T/short/run_0 launch_id=selena_3584837 slurm_job_id=3584837 launched_at=2026-09-27T14:14:36.085928+00:00
[2026-09-27 14:14:36 UTC] prepare_validation current_velocity/5T/short
TIME run allocation action=new run=/fslarge/scratch/users/h61084/codes/selectime/outputs/selectime/chronos2/data/test/shared/current_velocity/5T/short/run_0 launch_id=selena_3584837 slurm_job_id=3584837 launched_at=2026-09-27T14:14:36.099587+00:00
[2026-09-27 14:14:36 UTC] prepare_test current_velocity/5T/short
TIME run allocation action=new run=/fslarge/scratch/users/h61084/codes/selectime/outputs/selectime/chronos2/data/validation/shared/current_velocity/5T/medium/run_0 launch_id=selena_3584837 slurm_job_id=3584837 launched_at=2026-09-27T14:14:36.124881+00:00
[2026-09-27 14:14:36 UTC] prepare_validation current_velocity/5T/medium
TIME run allocation action=new run=/fslarge/scratch/users/h61084/codes/selectime/outputs/selectime/chronos2/data/test/shared/current_velocity/5T/medium/run_0 launch_id=selena_3584837 slurm_job_id=3584837 launched_at=2026-09-27T14:14:36.137292+00:00
[2026-09-27 14:14:36 UTC] prepare_test current_velocity/5T/medium
TIME run allocation action=new run=/fslarge/scratch/users/h61084/codes/selectime/outputs/selectime/chronos2/data/validation/shared/current_velocity/5T/long/run_0 launch_id=selena_3584837 slurm_job_id=3584837 launched_at=2026-09-27T14:14:36.161297+00:00
[2026-09-27 14:14:36 UTC] prepare_validation current_velocity/5T/long
TIME run allocation action=new run=/fslarge/scratch/users/h61084/codes/selectime/outputs/selectime/chronos2/data/test/shared/current_velocity/5T/long/run_0 launch_id=selena_3584837 slurm_job_id=3584837 launched_at=2026-09-27T14:14:36.173594+00:00
[2026-09-27 14:14:36 UTC] prepare_test current_velocity/5T/long
TIME run allocation action=new run=/fslarge/scratch/users/h61084/codes/selectime/outputs/selectime/chronos2/data/validation/shared/current_velocity/10T/short/run_0 launch_id=selena_3584837 slurm_job_id=3584837 launched_at=2026-09-27T14:14:36.270229+00:00
[2026-09-27 14:14:36 UTC] prepare_validation current_velocity/10T/short
TIME run allocation action=new run=/fslarge/scratch/users/h61084/codes/selectime/outputs/selectime/chronos2/data/test/shared/current_velocity/10T/short/run_0 launch_id=selena_3584837 slurm_job_id=3584837 launched_at=2026-09-27T14:14:36.427476+00:00
[2026-09-27 14:14:36 UTC] prepare_test current_velocity/10T/short
TIME run allocation action=new run=/fslarge/scratch/users/h61084/codes/selectime/outputs/selectime/chronos2/data/validation/shared/current_velocity/10T/medium/run_0 launch_id=selena_3584837 slurm_job_id=3584837 launched_at=2026-09-27T14:14:36.682566+00:00
[2026-09-27 14:14:36 UTC] prepare_validation current_velocity/10T/medium
TIME run allocation action=new run=/fslarge/scratch/users/h61084/codes/selectime/outputs/selectime/chronos2/data/test/shared/current_velocity/10T/medium/run_0 launch_id=selena_3584837 slurm_job_id=3584837 launched_at=2026-09-27T14:14:36.716042+00:00
[2026-09-27 14:14:36 UTC] prepare_test current_velocity/10T/medium
TIME run allocation action=new run=/fslarge/scratch/users/h61084/codes/selectime/outputs/selectime/chronos2/data/validation/shared/current_velocity/10T/long/run_0 launch_id=selena_3584837 slurm_job_id=3584837 launched_at=2026-09-27T14:14:36.830576+00:00
[2026-09-27 14:14:36 UTC] prepare_validation current_velocity/10T/long
TIME run allocation action=new run=/fslarge/scratch/users/h61084/codes/selectime/outputs/selectime/chronos2/data/test/shared/current_velocity/10T/long/run_0 launch_id=selena_3584837 slurm_job_id=3584837 launched_at=2026-09-27T14:14:36.863479+00:00
[2026-09-27 14:14:36 UTC] prepare_test current_velocity/10T/long
TIME run allocation action=new run=/fslarge/scratch/users/h61084/codes/selectime/outputs/selectime/chronos2/data/validation/shared/current_velocity/15T/short/run_0 launch_id=selena_3584837 slurm_job_id=3584837 launched_at=2026-09-27T14:14:36.918253+00:00
[2026-09-27 14:14:36 UTC] prepare_validation current_velocity/15T/short
TIME run allocation action=new run=/fslarge/scratch/users/h61084/codes/selectime/outputs/selectime/chronos2/data/test/shared/current_velocity/15T/short/run_0 launch_id=selena_3584837 slurm_job_id=3584837 launched_at=2026-09-27T14:14:36.951872+00:00
[2026-09-27 14:14:36 UTC] prepare_test current_velocity/15T/short
TIME run allocation action=new run=/fslarge/scratch/users/h61084/codes/selectime/outputs/selectime/chronos2/data/validation/shared/current_velocity/15T/medium/run_0 launch_id=selena_3584837 slurm_job_id=3584837 launched_at=2026-09-27T14:14:37.010941+00:00
[2026-09-27 14:14:37 UTC] prepare_validation current_velocity/15T/medium
TIME run allocation action=new run=/fslarge/scratch/users/h61084/codes/selectime/outputs/selectime/chronos2/data/test/shared/current_velocity/15T/medium/run_0 launch_id=selena_3584837 slurm_job_id=3584837 launched_at=2026-09-27T14:14:37.026078+00:00
[2026-09-27 14:14:37 UTC] prepare_test current_velocity/15T/medium
TIME run allocation action=new run=/fslarge/scratch/users/h61084/codes/selectime/outputs/selectime/chronos2/data/validation/shared/current_velocity/15T/long/run_0 launch_id=selena_3584837 slurm_job_id=3584837 launched_at=2026-09-27T14:14:37.059315+00:00
[2026-09-27 14:14:37 UTC] prepare_validation current_velocity/15T/long
TIME run allocation action=new run=/fslarge/scratch/users/h61084/codes/selectime/outputs/selectime/chronos2/data/test/shared/current_velocity/15T/long/run_0 launch_id=selena_3584837 slurm_job_id=3584837 launched_at=2026-09-27T14:14:37.073892+00:00
[2026-09-27 14:14:37 UTC] prepare_test current_velocity/15T/long
TIME run allocation action=new run=/fslarge/scratch/users/h61084/codes/selectime/outputs/selectime/chronos2/data/validation/shared/current_velocity/H/short/run_0 launch_id=selena_3584837 slurm_job_id=3584837 launched_at=2026-09-27T14:14:37.119806+00:00
[2026-09-27 14:14:37 UTC] prepare_validation current_velocity/H/short
TIME run allocation action=new run=/fslarge/scratch/users/h61084/codes/selectime/outputs/selectime/chronos2/data/test/shared/current_velocity/H/short/run_0 launch_id=selena_3584837 slurm_job_id=3584837 launched_at=2026-09-27T14:14:37.171682+00:00
[2026-09-27 14:14:37 UTC] prepare_test current_velocity/H/short
TIME run allocation action=new run=/fslarge/scratch/users/h61084/codes/selectime/outputs/selectime/chronos2/data/validation/shared/current_velocity/H/medium/run_0 launch_id=selena_3584837 slurm_job_id=3584837 launched_at=2026-09-27T14:14:37.267119+00:00
[2026-09-27 14:14:37 UTC] prepare_validation current_velocity/H/medium
TIME run allocation action=new run=/fslarge/scratch/users/h61084/codes/selectime/outputs/selectime/chronos2/data/test/shared/current_velocity/H/medium/run_0 launch_id=selena_3584837 slurm_job_id=3584837 launched_at=2026-09-27T14:14:37.327324+00:00
[2026-09-27 14:14:37 UTC] prepare_test current_velocity/H/medium
TIME run allocation action=new run=/fslarge/scratch/users/h61084/codes/selectime/outputs/selectime/chronos2/data/validation/shared/current_velocity/H/long/run_0 launch_id=selena_3584837 slurm_job_id=3584837 launched_at=2026-09-27T14:14:37.418573+00:00
[2026-09-27 14:14:37 UTC] prepare_validation current_velocity/H/long
TIME run allocation action=new run=/fslarge/scratch/users/h61084/codes/selectime/outputs/selectime/chronos2/data/test/shared/current_velocity/H/long/run_0 launch_id=selena_3584837 slurm_job_id=3584837 launched_at=2026-09-27T14:14:37.459124+00:00
[2026-09-27 14:14:37 UTC] prepare_test current_velocity/H/long
TIME run allocation action=new run=/fslarge/scratch/users/h61084/codes/selectime/outputs/selectime/chronos2/data/validation/shared/CPHL/15T/short/run_0 launch_id=selena_3584837 slurm_job_id=3584837 launched_at=2026-09-27T14:14:37.517734+00:00
[2026-09-27 14:14:37 UTC] prepare_validation CPHL/15T/short
TIME run allocation action=new run=/fslarge/scratch/users/h61084/codes/selectime/outputs/selectime/chronos2/data/test/shared/CPHL/15T/short/run_0 launch_id=selena_3584837 slurm_job_id=3584837 launched_at=2026-09-27T14:14:37.531003+00:00
[2026-09-27 14:14:37 UTC] prepare_test CPHL/15T/short
TIME run allocation action=new run=/fslarge/scratch/users/h61084/codes/selectime/outputs/selectime/chronos2/data/validation/shared/CPHL/15T/medium/run_0 launch_id=selena_3584837 slurm_job_id=3584837 launched_at=2026-09-27T14:14:37.548039+00:00
[2026-09-27 14:14:37 UTC] prepare_validation CPHL/15T/medium
TIME run allocation action=new run=/fslarge/scratch/users/h61084/codes/selectime/outputs/selectime/chronos2/data/test/shared/CPHL/15T/medium/run_0 launch_id=selena_3584837 slurm_job_id=3584837 launched_at=2026-09-27T14:14:37.560124+00:00
[2026-09-27 14:14:37 UTC] prepare_test CPHL/15T/medium
TIME run allocation action=new run=/fslarge/scratch/users/h61084/codes/selectime/outputs/selectime/chronos2/data/validation/shared/CPHL/15T/long/run_0 launch_id=selena_3584837 slurm_job_id=3584837 launched_at=2026-09-27T14:14:37.575670+00:00
[2026-09-27 14:14:37 UTC] prepare_validation CPHL/15T/long
TIME run allocation action=new run=/fslarge/scratch/users/h61084/codes/selectime/outputs/selectime/chronos2/data/test/shared/CPHL/15T/long/run_0 launch_id=selena_3584837 slurm_job_id=3584837 launched_at=2026-09-27T14:14:37.587585+00:00
[2026-09-27 14:14:37 UTC] prepare_test CPHL/15T/long
TIME run allocation action=new run=/fslarge/scratch/users/h61084/codes/selectime/outputs/selectime/chronos2/data/validation/shared/CPHL/30T/short/run_0 launch_id=selena_3584837 slurm_job_id=3584837 launched_at=2026-09-27T14:14:37.604301+00:00
[2026-09-27 14:14:37 UTC] prepare_validation CPHL/30T/short
TIME run allocation action=new run=/fslarge/scratch/users/h61084/codes/selectime/outputs/selectime/chronos2/data/test/shared/CPHL/30T/short/run_0 launch_id=selena_3584837 slurm_job_id=3584837 launched_at=2026-09-27T14:14:37.617653+00:00
[2026-09-27 14:14:37 UTC] prepare_test CPHL/30T/short
TIME run allocation action=new run=/fslarge/scratch/users/h61084/codes/selectime/outputs/selectime/chronos2/data/validation/shared/CPHL/30T/medium/run_0 launch_id=selena_3584837 slurm_job_id=3584837 launched_at=2026-09-27T14:14:37.634888+00:00
[2026-09-27 14:14:37 UTC] prepare_validation CPHL/30T/medium
TIME run allocation action=new run=/fslarge/scratch/users/h61084/codes/selectime/outputs/selectime/chronos2/data/test/shared/CPHL/30T/medium/run_0 launch_id=selena_3584837 slurm_job_id=3584837 launched_at=2026-09-27T14:14:37.647023+00:00
[2026-09-27 14:14:37 UTC] prepare_test CPHL/30T/medium
TIME run allocation action=new run=/fslarge/scratch/users/h61084/codes/selectime/outputs/selectime/chronos2/data/validation/shared/CPHL/30T/long/run_0 launch_id=selena_3584837 slurm_job_id=3584837 launched_at=2026-09-27T14:14:37.663536+00:00
[2026-09-27 14:14:37 UTC] prepare_validation CPHL/30T/long
TIME run allocation action=new run=/fslarge/scratch/users/h61084/codes/selectime/outputs/selectime/chronos2/data/test/shared/CPHL/30T/long/run_0 launch_id=selena_3584837 slurm_job_id=3584837 launched_at=2026-09-27T14:14:37.675766+00:00
[2026-09-27 14:14:37 UTC] prepare_test CPHL/30T/long
TIME run allocation action=new run=/fslarge/scratch/users/h61084/codes/selectime/outputs/selectime/chronos2/data/validation/shared/CPHL/H/short/run_0 launch_id=selena_3584837 slurm_job_id=3584837 launched_at=2026-09-27T14:14:37.692498+00:00
[2026-09-27 14:14:37 UTC] prepare_validation CPHL/H/short
TIME run allocation action=new run=/fslarge/scratch/users/h61084/codes/selectime/outputs/selectime/chronos2/data/test/shared/CPHL/H/short/run_0 launch_id=selena_3584837 slurm_job_id=3584837 launched_at=2026-09-27T14:14:37.705310+00:00
[2026-09-27 14:14:37 UTC] prepare_test CPHL/H/short
TIME run allocation action=new run=/fslarge/scratch/users/h61084/codes/selectime/outputs/selectime/chronos2/data/validation/shared/CPHL/H/medium/run_0 launch_id=selena_3584837 slurm_job_id=3584837 launched_at=2026-09-27T14:14:37.722255+00:00
[2026-09-27 14:14:37 UTC] prepare_validation CPHL/H/medium
TIME run allocation action=new run=/fslarge/scratch/users/h61084/codes/selectime/outputs/selectime/chronos2/data/test/shared/CPHL/H/medium/run_0 launch_id=selena_3584837 slurm_job_id=3584837 launched_at=2026-09-27T14:14:37.734602+00:00
[2026-09-27 14:14:37 UTC] prepare_test CPHL/H/medium
TIME run allocation action=new run=/fslarge/scratch/users/h61084/codes/selectime/outputs/selectime/chronos2/data/validation/shared/CPHL/H/long/run_0 launch_id=selena_3584837 slurm_job_id=3584837 launched_at=2026-09-27T14:14:37.751490+00:00
[2026-09-27 14:14:37 UTC] prepare_validation CPHL/H/long
TIME run allocation action=new run=/fslarge/scratch/users/h61084/codes/selectime/outputs/selectime/chronos2/data/test/shared/CPHL/H/long/run_0 launch_id=selena_3584837 slurm_job_id=3584837 launched_at=2026-09-27T14:14:37.763811+00:00
[2026-09-27 14:14:37 UTC] prepare_test CPHL/H/long
TIME run allocation action=new run=/fslarge/scratch/users/h61084/codes/selectime/outputs/selectime/chronos2/data/validation/shared/Coastal_T_S/15T/short/run_0 launch_id=selena_3584837 slurm_job_id=3584837 launched_at=2026-09-27T14:14:37.798604+00:00
[2026-09-27 14:14:37 UTC] prepare_validation Coastal_T_S/15T/short
TIME run allocation action=new run=/fslarge/scratch/users/h61084/codes/selectime/outputs/selectime/chronos2/data/test/shared/Coastal_T_S/15T/short/run_0 launch_id=selena_3584837 slurm_job_id=3584837 launched_at=2026-09-27T14:14:37.825927+00:00
[2026-09-27 14:14:37 UTC] prepare_test Coastal_T_S/15T/short
TIME run allocation action=new run=/fslarge/scratch/users/h61084/codes/selectime/outputs/selectime/chronos2/data/validation/shared/Coastal_T_S/15T/medium/run_0 launch_id=selena_3584837 slurm_job_id=3584837 launched_at=2026-09-27T14:14:37.875685+00:00
[2026-09-27 14:14:37 UTC] prepare_validation Coastal_T_S/15T/medium
TIME run allocation action=new run=/fslarge/scratch/users/h61084/codes/selectime/outputs/selectime/chronos2/data/test/shared/Coastal_T_S/15T/medium/run_0 launch_id=selena_3584837 slurm_job_id=3584837 launched_at=2026-09-27T14:14:37.889986+00:00
[2026-09-27 14:14:37 UTC] prepare_test Coastal_T_S/15T/medium
TIME run allocation action=new run=/fslarge/scratch/users/h61084/codes/selectime/outputs/selectime/chronos2/data/validation/shared/Coastal_T_S/15T/long/run_0 launch_id=selena_3584837 slurm_job_id=3584837 launched_at=2026-09-27T14:14:37.925650+00:00
[2026-09-27 14:14:37 UTC] prepare_validation Coastal_T_S/15T/long
TIME run allocation action=new run=/fslarge/scratch/users/h61084/codes/selectime/outputs/selectime/chronos2/data/test/shared/Coastal_T_S/15T/long/run_0 launch_id=selena_3584837 slurm_job_id=3584837 launched_at=2026-09-27T14:14:37.939574+00:00
[2026-09-27 14:14:37 UTC] prepare_test Coastal_T_S/15T/long
TIME run allocation action=new run=/fslarge/scratch/users/h61084/codes/selectime/outputs/selectime/chronos2/data/validation/shared/Coastal_T_S/20T/short/run_0 launch_id=selena_3584837 slurm_job_id=3584837 launched_at=2026-09-27T14:14:37.958728+00:00
[2026-09-27 14:14:37 UTC] prepare_validation Coastal_T_S/20T/short
TIME run allocation action=new run=/fslarge/scratch/users/h61084/codes/selectime/outputs/selectime/chronos2/data/test/shared/Coastal_T_S/20T/short/run_0 launch_id=selena_3584837 slurm_job_id=3584837 launched_at=2026-09-27T14:14:37.971569+00:00
[2026-09-27 14:14:37 UTC] prepare_test Coastal_T_S/20T/short
TIME run allocation action=new run=/fslarge/scratch/users/h61084/codes/selectime/outputs/selectime/chronos2/data/validation/shared/Coastal_T_S/20T/medium/run_0 launch_id=selena_3584837 slurm_job_id=3584837 launched_at=2026-09-27T14:14:37.987969+00:00
[2026-09-27 14:14:37 UTC] prepare_validation Coastal_T_S/20T/medium
TIME run allocation action=new run=/fslarge/scratch/users/h61084/codes/selectime/outputs/selectime/chronos2/data/test/shared/Coastal_T_S/20T/medium/run_0 launch_id=selena_3584837 slurm_job_id=3584837 launched_at=2026-09-27T14:14:37.999884+00:00
[2026-09-27 14:14:38 UTC] prepare_test Coastal_T_S/20T/medium
TIME run allocation action=new run=/fslarge/scratch/users/h61084/codes/selectime/outputs/selectime/chronos2/data/validation/shared/Coastal_T_S/20T/long/run_0 launch_id=selena_3584837 slurm_job_id=3584837 launched_at=2026-09-27T14:14:38.015466+00:00
[2026-09-27 14:14:38 UTC] prepare_validation Coastal_T_S/20T/long
TIME run allocation action=new run=/fslarge/scratch/users/h61084/codes/selectime/outputs/selectime/chronos2/data/test/shared/Coastal_T_S/20T/long/run_0 launch_id=selena_3584837 slurm_job_id=3584837 launched_at=2026-09-27T14:14:38.027068+00:00
[2026-09-27 14:14:38 UTC] prepare_test Coastal_T_S/20T/long
TIME run allocation action=new run=/fslarge/scratch/users/h61084/codes/selectime/outputs/selectime/chronos2/data/validation/shared/Coastal_T_S/H/short/run_0 launch_id=selena_3584837 slurm_job_id=3584837 launched_at=2026-09-27T14:14:38.068012+00:00
[2026-09-27 14:14:38 UTC] prepare_validation Coastal_T_S/H/short
TIME run allocation action=new run=/fslarge/scratch/users/h61084/codes/selectime/outputs/selectime/chronos2/data/test/shared/Coastal_T_S/H/short/run_0 launch_id=selena_3584837 slurm_job_id=3584837 launched_at=2026-09-27T14:14:38.104903+00:00
[2026-09-27 14:14:38 UTC] prepare_test Coastal_T_S/H/short
TIME run allocation action=new run=/fslarge/scratch/users/h61084/codes/selectime/outputs/selectime/chronos2/data/validation/shared/Coastal_T_S/H/medium/run_0 launch_id=selena_3584837 slurm_job_id=3584837 launched_at=2026-09-27T14:14:38.173569+00:00
[2026-09-27 14:14:38 UTC] prepare_validation Coastal_T_S/H/medium
TIME run allocation action=new run=/fslarge/scratch/users/h61084/codes/selectime/outputs/selectime/chronos2/data/test/shared/Coastal_T_S/H/medium/run_0 launch_id=selena_3584837 slurm_job_id=3584837 launched_at=2026-09-27T14:14:38.208752+00:00
[2026-09-27 14:14:38 UTC] prepare_test Coastal_T_S/H/medium
TIME run allocation action=new run=/fslarge/scratch/users/h61084/codes/selectime/outputs/selectime/chronos2/data/validation/shared/Coastal_T_S/H/long/run_0 launch_id=selena_3584837 slurm_job_id=3584837 launched_at=2026-09-27T14:14:38.276078+00:00
[2026-09-27 14:14:38 UTC] prepare_validation Coastal_T_S/H/long
TIME run allocation action=new run=/fslarge/scratch/users/h61084/codes/selectime/outputs/selectime/chronos2/data/test/shared/Coastal_T_S/H/long/run_0 launch_id=selena_3584837 slurm_job_id=3584837 launched_at=2026-09-27T14:14:38.307941+00:00
[2026-09-27 14:14:38 UTC] prepare_test Coastal_T_S/H/long
TIME run allocation action=new run=/fslarge/scratch/users/h61084/codes/selectime/outputs/selectime/chronos2/data/validation/shared/SG_Weather/D/short/run_0 launch_id=selena_3584837 slurm_job_id=3584837 launched_at=2026-09-27T14:14:38.353302+00:00
[2026-09-27 14:14:38 UTC] prepare_validation SG_Weather/D/short
TIME run allocation action=new run=/fslarge/scratch/users/h61084/codes/selectime/outputs/selectime/chronos2/data/test/shared/SG_Weather/D/short/run_0 launch_id=selena_3584837 slurm_job_id=3584837 launched_at=2026-09-27T14:14:38.383203+00:00
[2026-09-27 14:14:38 UTC] prepare_test SG_Weather/D/short
TIME run allocation action=new run=/fslarge/scratch/users/h61084/codes/selectime/outputs/selectime/chronos2/data/validation/shared/SG_Weather/D/medium/run_0 launch_id=selena_3584837 slurm_job_id=3584837 launched_at=2026-09-27T14:14:38.423234+00:00
[2026-09-27 14:14:38 UTC] prepare_validation SG_Weather/D/medium
TIME run allocation action=new run=/fslarge/scratch/users/h61084/codes/selectime/outputs/selectime/chronos2/data/test/shared/SG_Weather/D/medium/run_0 launch_id=selena_3584837 slurm_job_id=3584837 launched_at=2026-09-27T14:14:38.452759+00:00
[2026-09-27 14:14:38 UTC] prepare_test SG_Weather/D/medium
TIME run allocation action=new run=/fslarge/scratch/users/h61084/codes/selectime/outputs/selectime/chronos2/data/validation/shared/SG_Weather/D/long/run_0 launch_id=selena_3584837 slurm_job_id=3584837 launched_at=2026-09-27T14:14:38.491646+00:00
[2026-09-27 14:14:38 UTC] prepare_validation SG_Weather/D/long
TIME run allocation action=new run=/fslarge/scratch/users/h61084/codes/selectime/outputs/selectime/chronos2/data/test/shared/SG_Weather/D/long/run_0 launch_id=selena_3584837 slurm_job_id=3584837 launched_at=2026-09-27T14:14:38.520273+00:00
[2026-09-27 14:14:38 UTC] prepare_test SG_Weather/D/long
TIME run allocation action=new run=/fslarge/scratch/users/h61084/codes/selectime/outputs/selectime/chronos2/data/validation/shared/SG_PM25/H/short/run_0 launch_id=selena_3584837 slurm_job_id=3584837 launched_at=2026-09-27T14:14:38.566163+00:00
[2026-09-27 14:14:38 UTC] prepare_validation SG_PM25/H/short
TIME run allocation action=new run=/fslarge/scratch/users/h61084/codes/selectime/outputs/selectime/chronos2/data/test/shared/SG_PM25/H/short/run_0 launch_id=selena_3584837 slurm_job_id=3584837 launched_at=2026-09-27T14:14:38.581050+00:00
[2026-09-27 14:14:38 UTC] prepare_test SG_PM25/H/short
TIME run allocation action=new run=/fslarge/scratch/users/h61084/codes/selectime/outputs/selectime/chronos2/data/validation/shared/SG_PM25/H/medium/run_0 launch_id=selena_3584837 slurm_job_id=3584837 launched_at=2026-09-27T14:14:38.609787+00:00
[2026-09-27 14:14:38 UTC] prepare_validation SG_PM25/H/medium
TIME run allocation action=new run=/fslarge/scratch/users/h61084/codes/selectime/outputs/selectime/chronos2/data/test/shared/SG_PM25/H/medium/run_0 launch_id=selena_3584837 slurm_job_id=3584837 launched_at=2026-09-27T14:14:38.624701+00:00
[2026-09-27 14:14:38 UTC] prepare_test SG_PM25/H/medium
TIME run allocation action=new run=/fslarge/scratch/users/h61084/codes/selectime/outputs/selectime/chronos2/data/validation/shared/SG_PM25/H/long/run_0 launch_id=selena_3584837 slurm_job_id=3584837 launched_at=2026-09-27T14:14:38.652578+00:00
[2026-09-27 14:14:38 UTC] prepare_validation SG_PM25/H/long
TIME run allocation action=new run=/fslarge/scratch/users/h61084/codes/selectime/outputs/selectime/chronos2/data/test/shared/SG_PM25/H/long/run_0 launch_id=selena_3584837 slurm_job_id=3584837 launched_at=2026-09-27T14:14:38.667118+00:00
[2026-09-27 14:14:38 UTC] prepare_test SG_PM25/H/long
TIME run allocation action=new run=/fslarge/scratch/users/h61084/codes/selectime/outputs/selectime/chronos2/data/validation/shared/NE_China_Wind/H/short/run_0 launch_id=selena_3584837 slurm_job_id=3584837 launched_at=2026-09-27T14:14:38.687187+00:00
[2026-09-27 14:14:38 UTC] prepare_validation NE_China_Wind/H/short
TIME run allocation action=new run=/fslarge/scratch/users/h61084/codes/selectime/outputs/selectime/chronos2/data/test/shared/NE_China_Wind/H/short/run_0 launch_id=selena_3584837 slurm_job_id=3584837 launched_at=2026-09-27T14:14:38.699879+00:00
[2026-09-27 14:14:38 UTC] prepare_test NE_China_Wind/H/short
TIME run allocation action=new run=/fslarge/scratch/users/h61084/codes/selectime/outputs/selectime/chronos2/data/validation/shared/NE_China_Wind/H/medium/run_0 launch_id=selena_3584837 slurm_job_id=3584837 launched_at=2026-09-27T14:14:38.717032+00:00
[2026-09-27 14:14:38 UTC] prepare_validation NE_China_Wind/H/medium
TIME run allocation action=new run=/fslarge/scratch/users/h61084/codes/selectime/outputs/selectime/chronos2/data/test/shared/NE_China_Wind/H/medium/run_0 launch_id=selena_3584837 slurm_job_id=3584837 launched_at=2026-09-27T14:14:38.729395+00:00
[2026-09-27 14:14:38 UTC] prepare_test NE_China_Wind/H/medium
TIME run allocation action=new run=/fslarge/scratch/users/h61084/codes/selectime/outputs/selectime/chronos2/data/validation/shared/NE_China_Wind/H/long/run_0 launch_id=selena_3584837 slurm_job_id=3584837 launched_at=2026-09-27T14:14:38.746512+00:00
[2026-09-27 14:14:38 UTC] prepare_validation NE_China_Wind/H/long
TIME run allocation action=new run=/fslarge/scratch/users/h61084/codes/selectime/outputs/selectime/chronos2/data/test/shared/NE_China_Wind/H/long/run_0 launch_id=selena_3584837 slurm_job_id=3584837 launched_at=2026-09-27T14:14:38.758270+00:00
[2026-09-27 14:14:38 UTC] prepare_test NE_China_Wind/H/long
TIME run allocation action=new run=/fslarge/scratch/users/h61084/codes/selectime/outputs/selectime/chronos2/data/validation/shared/Australia_Solar/H/short/run_0 launch_id=selena_3584837 slurm_job_id=3584837 launched_at=2026-09-27T14:14:38.779914+00:00
[2026-09-27 14:14:38 UTC] prepare_validation Australia_Solar/H/short
TIME run allocation action=new run=/fslarge/scratch/users/h61084/codes/selectime/outputs/selectime/chronos2/data/test/shared/Australia_Solar/H/short/run_0 launch_id=selena_3584837 slurm_job_id=3584837 launched_at=2026-09-27T14:14:38.793605+00:00
[2026-09-27 14:14:38 UTC] prepare_test Australia_Solar/H/short
TIME run allocation action=new run=/fslarge/scratch/users/h61084/codes/selectime/outputs/selectime/chronos2/data/validation/shared/Australia_Solar/H/medium/run_0 launch_id=selena_3584837 slurm_job_id=3584837 launched_at=2026-09-27T14:14:38.815644+00:00
[2026-09-27 14:14:38 UTC] prepare_validation Australia_Solar/H/medium
TIME run allocation action=new run=/fslarge/scratch/users/h61084/codes/selectime/outputs/selectime/chronos2/data/test/shared/Australia_Solar/H/medium/run_0 launch_id=selena_3584837 slurm_job_id=3584837 launched_at=2026-09-27T14:14:38.829102+00:00
[2026-09-27 14:14:38 UTC] prepare_test Australia_Solar/H/medium
TIME run allocation action=new run=/fslarge/scratch/users/h61084/codes/selectime/outputs/selectime/chronos2/data/validation/shared/Australia_Solar/H/long/run_0 launch_id=selena_3584837 slurm_job_id=3584837 launched_at=2026-09-27T14:14:38.850676+00:00
[2026-09-27 14:14:38 UTC] prepare_validation Australia_Solar/H/long
TIME run allocation action=new run=/fslarge/scratch/users/h61084/codes/selectime/outputs/selectime/chronos2/data/test/shared/Australia_Solar/H/long/run_0 launch_id=selena_3584837 slurm_job_id=3584837 launched_at=2026-09-27T14:14:38.863583+00:00
[2026-09-27 14:14:38 UTC] prepare_test Australia_Solar/H/long
TIME run allocation action=new run=/fslarge/scratch/users/h61084/codes/selectime/outputs/selectime/chronos2/data/validation/shared/epf_electricity_price/H/short/run_0 launch_id=selena_3584837 slurm_job_id=3584837 launched_at=2026-09-27T14:14:38.896180+00:00
[2026-09-27 14:14:38 UTC] prepare_validation epf_electricity_price/H/short
TIME run allocation action=new run=/fslarge/scratch/users/h61084/codes/selectime/outputs/selectime/chronos2/data/test/shared/epf_electricity_price/H/short/run_0 launch_id=selena_3584837 slurm_job_id=3584837 launched_at=2026-09-27T14:14:38.912204+00:00
[2026-09-27 14:14:38 UTC] prepare_test epf_electricity_price/H/short
TIME run allocation action=new run=/fslarge/scratch/users/h61084/codes/selectime/outputs/selectime/chronos2/data/validation/shared/epf_electricity_price/H/medium/run_0 launch_id=selena_3584837 slurm_job_id=3584837 launched_at=2026-09-27T14:14:38.946354+00:00
[2026-09-27 14:14:38 UTC] prepare_validation epf_electricity_price/H/medium
TIME run allocation action=new run=/fslarge/scratch/users/h61084/codes/selectime/outputs/selectime/chronos2/data/test/shared/epf_electricity_price/H/medium/run_0 launch_id=selena_3584837 slurm_job_id=3584837 launched_at=2026-09-27T14:14:38.962345+00:00
[2026-09-27 14:14:38 UTC] prepare_test epf_electricity_price/H/medium
TIME run allocation action=new run=/fslarge/scratch/users/h61084/codes/selectime/outputs/selectime/chronos2/data/validation/shared/epf_electricity_price/H/long/run_0 launch_id=selena_3584837 slurm_job_id=3584837 launched_at=2026-09-27T14:14:38.996639+00:00
[2026-09-27 14:14:38 UTC] prepare_validation epf_electricity_price/H/long
TIME run allocation action=new run=/fslarge/scratch/users/h61084/codes/selectime/outputs/selectime/chronos2/data/test/shared/epf_electricity_price/H/long/run_0 launch_id=selena_3584837 slurm_job_id=3584837 launched_at=2026-09-27T14:14:39.009983+00:00
[2026-09-27 14:14:39 UTC] prepare_test epf_electricity_price/H/long
TIME run allocation action=new run=/fslarge/scratch/users/h61084/codes/selectime/outputs/selectime/chronos2/data/validation/shared/OpenElectricity_NEM/5T/short/run_0 launch_id=selena_3584837 slurm_job_id=3584837 launched_at=2026-09-27T14:14:39.058166+00:00
[2026-09-27 14:14:39 UTC] prepare_validation OpenElectricity_NEM/5T/short
TIME run allocation action=new run=/fslarge/scratch/users/h61084/codes/selectime/outputs/selectime/chronos2/data/test/shared/OpenElectricity_NEM/5T/short/run_0 launch_id=selena_3584837 slurm_job_id=3584837 launched_at=2026-09-27T14:14:39.076001+00:00
[2026-09-27 14:14:39 UTC] prepare_test OpenElectricity_NEM/5T/short
TIME run allocation action=new run=/fslarge/scratch/users/h61084/codes/selectime/outputs/selectime/chronos2/data/validation/shared/OpenElectricity_NEM/5T/medium/run_0 launch_id=selena_3584837 slurm_job_id=3584837 launched_at=2026-09-27T14:14:39.129047+00:00
[2026-09-27 14:14:39 UTC] prepare_validation OpenElectricity_NEM/5T/medium
TIME run allocation action=new run=/fslarge/scratch/users/h61084/codes/selectime/outputs/selectime/chronos2/data/test/shared/OpenElectricity_NEM/5T/medium/run_0 launch_id=selena_3584837 slurm_job_id=3584837 launched_at=2026-09-27T14:14:39.142887+00:00
[2026-09-27 14:14:39 UTC] prepare_test OpenElectricity_NEM/5T/medium
TIME run allocation action=new run=/fslarge/scratch/users/h61084/codes/selectime/outputs/selectime/chronos2/data/validation/shared/OpenElectricity_NEM/5T/long/run_0 launch_id=selena_3584837 slurm_job_id=3584837 launched_at=2026-09-27T14:14:39.187817+00:00
[2026-09-27 14:14:39 UTC] prepare_validation OpenElectricity_NEM/5T/long
TIME run allocation action=new run=/fslarge/scratch/users/h61084/codes/selectime/outputs/selectime/chronos2/data/test/shared/OpenElectricity_NEM/5T/long/run_0 launch_id=selena_3584837 slurm_job_id=3584837 launched_at=2026-09-27T14:14:39.201175+00:00
[2026-09-27 14:14:39 UTC] prepare_test OpenElectricity_NEM/5T/long
TIME run allocation action=new run=/fslarge/scratch/users/h61084/codes/selectime/outputs/selectime/chronos2/data/validation/shared/EWELD_Load/15T/short/run_0 launch_id=selena_3584837 slurm_job_id=3584837 launched_at=2026-09-27T14:14:39.229333+00:00
[2026-09-27 14:14:39 UTC] prepare_validation EWELD_Load/15T/short
TIME run allocation action=new run=/fslarge/scratch/users/h61084/codes/selectime/outputs/selectime/chronos2/data/test/shared/EWELD_Load/15T/short/run_0 launch_id=selena_3584837 slurm_job_id=3584837 launched_at=2026-09-27T14:14:39.244447+00:00
[2026-09-27 14:14:39 UTC] prepare_test EWELD_Load/15T/short
TIME run allocation action=new run=/fslarge/scratch/users/h61084/codes/selectime/outputs/selectime/chronos2/data/validation/shared/EWELD_Load/15T/medium/run_0 launch_id=selena_3584837 slurm_job_id=3584837 launched_at=2026-09-27T14:14:39.274041+00:00
[2026-09-27 14:14:39 UTC] prepare_validation EWELD_Load/15T/medium
TIME run allocation action=new run=/fslarge/scratch/users/h61084/codes/selectime/outputs/selectime/chronos2/data/test/shared/EWELD_Load/15T/medium/run_0 launch_id=selena_3584837 slurm_job_id=3584837 launched_at=2026-09-27T14:14:39.286733+00:00
[2026-09-27 14:14:39 UTC] prepare_test EWELD_Load/15T/medium
TIME run allocation action=new run=/fslarge/scratch/users/h61084/codes/selectime/outputs/selectime/chronos2/data/validation/shared/EWELD_Load/15T/long/run_0 launch_id=selena_3584837 slurm_job_id=3584837 launched_at=2026-09-27T14:14:39.314005+00:00
[2026-09-27 14:14:39 UTC] prepare_validation EWELD_Load/15T/long
TIME run allocation action=new run=/fslarge/scratch/users/h61084/codes/selectime/outputs/selectime/chronos2/data/test/shared/EWELD_Load/15T/long/run_0 launch_id=selena_3584837 slurm_job_id=3584837 launched_at=2026-09-27T14:14:39.326163+00:00
[2026-09-27 14:14:39 UTC] prepare_test EWELD_Load/15T/long
TIME run allocation action=new run=/fslarge/scratch/users/h61084/codes/selectime/outputs/selectime/chronos2/data/validation/shared/SG_Carpark/15T/short/run_0 launch_id=selena_3584837 slurm_job_id=3584837 launched_at=2026-09-27T14:14:39.675498+00:00
[2026-09-27 14:14:39 UTC] prepare_validation SG_Carpark/15T/short
TIME run allocation action=new run=/fslarge/scratch/users/h61084/codes/selectime/outputs/selectime/chronos2/data/test/shared/SG_Carpark/15T/short/run_0 launch_id=selena_3584837 slurm_job_id=3584837 launched_at=2026-09-27T14:14:39.809222+00:00
[2026-09-27 14:14:39 UTC] prepare_test SG_Carpark/15T/short
TIME run allocation action=new run=/fslarge/scratch/users/h61084/codes/selectime/outputs/selectime/chronos2/data/validation/shared/SG_Carpark/15T/medium/run_0 launch_id=selena_3584837 slurm_job_id=3584837 launched_at=2026-09-27T14:14:40.291244+00:00
[2026-09-27 14:14:40 UTC] prepare_validation SG_Carpark/15T/medium
TIME run allocation action=new run=/fslarge/scratch/users/h61084/codes/selectime/outputs/selectime/chronos2/data/test/shared/SG_Carpark/15T/medium/run_0 launch_id=selena_3584837 slurm_job_id=3584837 launched_at=2026-09-27T14:14:40.326792+00:00
[2026-09-27 14:14:40 UTC] prepare_test SG_Carpark/15T/medium
TIME run allocation action=new run=/fslarge/scratch/users/h61084/codes/selectime/outputs/selectime/chronos2/data/validation/shared/SG_Carpark/15T/long/run_0 launch_id=selena_3584837 slurm_job_id=3584837 launched_at=2026-09-27T14:14:40.698893+00:00
[2026-09-27 14:14:40 UTC] prepare_validation SG_Carpark/15T/long
TIME run allocation action=new run=/fslarge/scratch/users/h61084/codes/selectime/outputs/selectime/chronos2/data/test/shared/SG_Carpark/15T/long/run_0 launch_id=selena_3584837 slurm_job_id=3584837 launched_at=2026-09-27T14:14:40.718379+00:00
[2026-09-27 14:14:40 UTC] prepare_test SG_Carpark/15T/long
TIME run allocation action=new run=/fslarge/scratch/users/h61084/codes/selectime/outputs/selectime/chronos2/data/validation/shared/Finland_Traffic/15T/short/run_0 launch_id=selena_3584837 slurm_job_id=3584837 launched_at=2026-09-27T14:14:40.742628+00:00
[2026-09-27 14:14:40 UTC] prepare_validation Finland_Traffic/15T/short
TIME run allocation action=new run=/fslarge/scratch/users/h61084/codes/selectime/outputs/selectime/chronos2/data/test/shared/Finland_Traffic/15T/short/run_0 launch_id=selena_3584837 slurm_job_id=3584837 launched_at=2026-09-27T14:14:40.755786+00:00
[2026-09-27 14:14:40 UTC] prepare_test Finland_Traffic/15T/short
TIME run allocation action=new run=/fslarge/scratch/users/h61084/codes/selectime/outputs/selectime/chronos2/data/validation/shared/Finland_Traffic/15T/medium/run_0 launch_id=selena_3584837 slurm_job_id=3584837 launched_at=2026-09-27T14:14:40.773544+00:00
[2026-09-27 14:14:40 UTC] prepare_validation Finland_Traffic/15T/medium
TIME run allocation action=new run=/fslarge/scratch/users/h61084/codes/selectime/outputs/selectime/chronos2/data/test/shared/Finland_Traffic/15T/medium/run_0 launch_id=selena_3584837 slurm_job_id=3584837 launched_at=2026-09-27T14:14:40.785494+00:00
[2026-09-27 14:14:40 UTC] prepare_test Finland_Traffic/15T/medium
TIME run allocation action=new run=/fslarge/scratch/users/h61084/codes/selectime/outputs/selectime/chronos2/data/validation/shared/Finland_Traffic/15T/long/run_0 launch_id=selena_3584837 slurm_job_id=3584837 launched_at=2026-09-27T14:14:40.802067+00:00
[2026-09-27 14:14:40 UTC] prepare_validation Finland_Traffic/15T/long
TIME run allocation action=new run=/fslarge/scratch/users/h61084/codes/selectime/outputs/selectime/chronos2/data/test/shared/Finland_Traffic/15T/long/run_0 launch_id=selena_3584837 slurm_job_id=3584837 launched_at=2026-09-27T14:14:40.813564+00:00
[2026-09-27 14:14:40 UTC] prepare_test Finland_Traffic/15T/long
TIME run allocation action=new run=/fslarge/scratch/users/h61084/codes/selectime/outputs/selectime/chronos2/data/validation/shared/Port_Activity/D/short/run_0 launch_id=selena_3584837 slurm_job_id=3584837 launched_at=2026-09-27T14:14:40.861350+00:00
[2026-09-27 14:14:40 UTC] prepare_validation Port_Activity/D/short
TIME run allocation action=new run=/fslarge/scratch/users/h61084/codes/selectime/outputs/selectime/chronos2/data/test/shared/Port_Activity/D/short/run_0 launch_id=selena_3584837 slurm_job_id=3584837 launched_at=2026-09-27T14:14:40.965926+00:00
[2026-09-27 14:14:40 UTC] prepare_test Port_Activity/D/short
TIME run allocation action=new run=/fslarge/scratch/users/h61084/codes/selectime/outputs/selectime/chronos2/data/validation/shared/Port_Activity/W/short/run_0 launch_id=selena_3584837 slurm_job_id=3584837 launched_at=2026-09-27T14:14:41.104177+00:00
[2026-09-27 14:14:41 UTC] prepare_validation Port_Activity/W/short
TIME run allocation action=new run=/fslarge/scratch/users/h61084/codes/selectime/outputs/selectime/chronos2/data/test/shared/Port_Activity/W/short/run_0 launch_id=selena_3584837 slurm_job_id=3584837 launched_at=2026-09-27T14:14:41.129817+00:00
[2026-09-27 14:14:41 UTC] prepare_test Port_Activity/W/short
TIME run allocation action=new run=/fslarge/scratch/users/h61084/codes/selectime/outputs/selectime/chronos2/data/validation/shared/ECDC_COVID/D/short/run_0 launch_id=selena_3584837 slurm_job_id=3584837 launched_at=2026-09-27T14:14:41.162026+00:00
[2026-09-27 14:14:41 UTC] prepare_validation ECDC_COVID/D/short
TIME run allocation action=new run=/fslarge/scratch/users/h61084/codes/selectime/outputs/selectime/chronos2/data/test/shared/ECDC_COVID/D/short/run_0 launch_id=selena_3584837 slurm_job_id=3584837 launched_at=2026-09-27T14:14:41.176787+00:00
[2026-09-27 14:14:41 UTC] prepare_test ECDC_COVID/D/short
TIME run allocation action=new run=/fslarge/scratch/users/h61084/codes/selectime/outputs/selectime/chronos2/data/validation/shared/ECDC_COVID/W/short/run_0 launch_id=selena_3584837 slurm_job_id=3584837 launched_at=2026-09-27T14:14:41.195381+00:00
[2026-09-27 14:14:41 UTC] prepare_validation ECDC_COVID/W/short
TIME run allocation action=new run=/fslarge/scratch/users/h61084/codes/selectime/outputs/selectime/chronos2/data/test/shared/ECDC_COVID/W/short/run_0 launch_id=selena_3584837 slurm_job_id=3584837 launched_at=2026-09-27T14:14:41.207722+00:00
[2026-09-27 14:14:41 UTC] prepare_test ECDC_COVID/W/short
TIME run allocation action=new run=/fslarge/scratch/users/h61084/codes/selectime/outputs/selectime/chronos2/data/validation/shared/Global_Influenza/W/short/run_0 launch_id=selena_3584837 slurm_job_id=3584837 launched_at=2026-09-27T14:14:41.224868+00:00
[2026-09-27 14:14:41 UTC] prepare_validation Global_Influenza/W/short
TIME run allocation action=new run=/fslarge/scratch/users/h61084/codes/selectime/outputs/selectime/chronos2/data/test/shared/Global_Influenza/W/short/run_0 launch_id=selena_3584837 slurm_job_id=3584837 launched_at=2026-09-27T14:14:41.238757+00:00
[2026-09-27 14:14:41 UTC] prepare_test Global_Influenza/W/short
TIME run allocation action=new run=/fslarge/scratch/users/h61084/codes/selectime/outputs/selectime/chronos2/data/validation/shared/Crypto/D/short/run_0 launch_id=selena_3584837 slurm_job_id=3584837 launched_at=2026-09-27T14:14:41.257188+00:00
[2026-09-27 14:14:41 UTC] prepare_validation Crypto/D/short
TIME run allocation action=new run=/fslarge/scratch/users/h61084/codes/selectime/outputs/selectime/chronos2/data/test/shared/Crypto/D/short/run_0 launch_id=selena_3584837 slurm_job_id=3584837 launched_at=2026-09-27T14:14:41.272168+00:00
[2026-09-27 14:14:41 UTC] prepare_test Crypto/D/short
TIME run allocation action=new run=/fslarge/scratch/users/h61084/codes/selectime/outputs/selectime/chronos2/data/validation/shared/US_Term_Structure/B/short/run_0 launch_id=selena_3584837 slurm_job_id=3584837 launched_at=2026-09-27T14:14:41.316242+00:00
[2026-09-27 14:14:41 UTC] prepare_validation US_Term_Structure/B/short
TIME run allocation action=new run=/fslarge/scratch/users/h61084/codes/selectime/outputs/selectime/chronos2/data/test/shared/US_Term_Structure/B/short/run_0 launch_id=selena_3584837 slurm_job_id=3584837 launched_at=2026-09-27T14:14:41.431479+00:00
[2026-09-27 14:14:41 UTC] prepare_test US_Term_Structure/B/short
TIME run allocation action=new run=/fslarge/scratch/users/h61084/codes/selectime/outputs/selectime/chronos2/data/validation/shared/Oil_Price/B/short/run_0 launch_id=selena_3584837 slurm_job_id=3584837 launched_at=2026-09-27T14:14:41.562679+00:00
[2026-09-27 14:14:41 UTC] prepare_validation Oil_Price/B/short
TIME run allocation action=new run=/fslarge/scratch/users/h61084/codes/selectime/outputs/selectime/chronos2/data/test/shared/Oil_Price/B/short/run_0 launch_id=selena_3584837 slurm_job_id=3584837 launched_at=2026-09-27T14:14:41.589503+00:00
[2026-09-27 14:14:41 UTC] prepare_test Oil_Price/B/short
TIME run allocation action=new run=/fslarge/scratch/users/h61084/codes/selectime/outputs/selectime/chronos2/data/validation/shared/Job_Claims/W/short/run_0 launch_id=selena_3584837 slurm_job_id=3584837 launched_at=2026-09-27T14:14:41.622547+00:00
[2026-09-27 14:14:41 UTC] prepare_validation Job_Claims/W/short
TIME run allocation action=new run=/fslarge/scratch/users/h61084/codes/selectime/outputs/selectime/chronos2/data/test/shared/Job_Claims/W/short/run_0 launch_id=selena_3584837 slurm_job_id=3584837 launched_at=2026-09-27T14:14:41.635397+00:00
[2026-09-27 14:14:41 UTC] prepare_test Job_Claims/W/short
TIME run allocation action=new run=/fslarge/scratch/users/h61084/codes/selectime/outputs/selectime/chronos2/data/validation/shared/Uncertainty_1M/M/short/run_0 launch_id=selena_3584837 slurm_job_id=3584837 launched_at=2026-09-27T14:14:41.651471+00:00
[2026-09-27 14:14:41 UTC] prepare_validation Uncertainty_1M/M/short
TIME run allocation action=new run=/fslarge/scratch/users/h61084/codes/selectime/outputs/selectime/chronos2/data/test/shared/Uncertainty_1M/M/short/run_0 launch_id=selena_3584837 slurm_job_id=3584837 launched_at=2026-09-27T14:14:41.664140+00:00
[2026-09-27 14:14:41 UTC] prepare_test Uncertainty_1M/M/short
TIME run allocation action=new run=/fslarge/scratch/users/h61084/codes/selectime/outputs/selectime/chronos2/data/validation/shared/Housing_Inventory/M/short/run_0 launch_id=selena_3584837 slurm_job_id=3584837 launched_at=2026-09-27T14:14:41.680040+00:00
[2026-09-27 14:14:41 UTC] prepare_validation Housing_Inventory/M/short
TIME run allocation action=new run=/fslarge/scratch/users/h61084/codes/selectime/outputs/selectime/chronos2/data/test/shared/Housing_Inventory/M/short/run_0 launch_id=selena_3584837 slurm_job_id=3584837 launched_at=2026-09-27T14:14:41.692650+00:00
[2026-09-27 14:14:41 UTC] prepare_test Housing_Inventory/M/short
TIME run allocation action=new run=/fslarge/scratch/users/h61084/codes/selectime/outputs/selectime/chronos2/data/validation/shared/JOLTS/M/short/run_0 launch_id=selena_3584837 slurm_job_id=3584837 launched_at=2026-09-27T14:14:41.708002+00:00
[2026-09-27 14:14:41 UTC] prepare_validation JOLTS/M/short
TIME run allocation action=new run=/fslarge/scratch/users/h61084/codes/selectime/outputs/selectime/chronos2/data/test/shared/JOLTS/M/short/run_0 launch_id=selena_3584837 slurm_job_id=3584837 launched_at=2026-09-27T14:14:41.720572+00:00
[2026-09-27 14:14:41 UTC] prepare_test JOLTS/M/short
TIME run allocation action=new run=/fslarge/scratch/users/h61084/codes/selectime/outputs/selectime/chronos2/data/validation/shared/US_Labor/M/short/run_0 launch_id=selena_3584837 slurm_job_id=3584837 launched_at=2026-09-27T14:14:41.736504+00:00
[2026-09-27 14:14:41 UTC] prepare_validation US_Labor/M/short
TIME run allocation action=new run=/fslarge/scratch/users/h61084/codes/selectime/outputs/selectime/chronos2/data/test/shared/US_Labor/M/short/run_0 launch_id=selena_3584837 slurm_job_id=3584837 launched_at=2026-09-27T14:14:41.749026+00:00
[2026-09-27 14:14:41 UTC] prepare_test US_Labor/M/short
TIME run allocation action=new run=/fslarge/scratch/users/h61084/codes/selectime/outputs/selectime/chronos2/data/validation/shared/Vehicle_Supply/M/short/run_0 launch_id=selena_3584837 slurm_job_id=3584837 launched_at=2026-09-27T14:14:41.764899+00:00
[2026-09-27 14:14:41 UTC] prepare_validation Vehicle_Supply/M/short
TIME run allocation action=new run=/fslarge/scratch/users/h61084/codes/selectime/outputs/selectime/chronos2/data/test/shared/Vehicle_Supply/M/short/run_0 launch_id=selena_3584837 slurm_job_id=3584837 launched_at=2026-09-27T14:14:41.777295+00:00
[2026-09-27 14:14:41 UTC] prepare_test Vehicle_Supply/M/short
TIME run allocation action=new run=/fslarge/scratch/users/h61084/codes/selectime/outputs/selectime/chronos2/data/validation/shared/Auto_Production_SF/M/short/run_0 launch_id=selena_3584837 slurm_job_id=3584837 launched_at=2026-09-27T14:14:41.792893+00:00
[2026-09-27 14:14:41 UTC] prepare_validation Auto_Production_SF/M/short
TIME run allocation action=new run=/fslarge/scratch/users/h61084/codes/selectime/outputs/selectime/chronos2/data/test/shared/Auto_Production_SF/M/short/run_0 launch_id=selena_3584837 slurm_job_id=3584837 launched_at=2026-09-27T14:14:41.805490+00:00
[2026-09-27 14:14:41 UTC] prepare_test Auto_Production_SF/M/short
TIME run allocation action=new run=/fslarge/scratch/users/h61084/codes/selectime/outputs/selectime/chronos2/data/validation/shared/Commodity_Production/M/short/run_0 launch_id=selena_3584837 slurm_job_id=3584837 launched_at=2026-09-27T14:14:41.822664+00:00
[2026-09-27 14:14:41 UTC] prepare_validation Commodity_Production/M/short
TIME run allocation action=new run=/fslarge/scratch/users/h61084/codes/selectime/outputs/selectime/chronos2/data/test/shared/Commodity_Production/M/short/run_0 launch_id=selena_3584837 slurm_job_id=3584837 launched_at=2026-09-27T14:14:41.837641+00:00
[2026-09-27 14:14:41 UTC] prepare_test Commodity_Production/M/short
TIME run allocation action=new run=/fslarge/scratch/users/h61084/codes/selectime/outputs/selectime/chronos2/data/validation/shared/Commodity_Import/M/short/run_0 launch_id=selena_3584837 slurm_job_id=3584837 launched_at=2026-09-27T14:14:41.856178+00:00
[2026-09-27 14:14:41 UTC] prepare_validation Commodity_Import/M/short
TIME run allocation action=new run=/fslarge/scratch/users/h61084/codes/selectime/outputs/selectime/chronos2/data/test/shared/Commodity_Import/M/short/run_0 launch_id=selena_3584837 slurm_job_id=3584837 launched_at=2026-09-27T14:14:41.869513+00:00
[2026-09-27 14:14:41 UTC] prepare_test Commodity_Import/M/short
TIME run allocation action=new run=/fslarge/scratch/users/h61084/codes/selectime/outputs/selectime/chronos2/data/validation/shared/WUI_Global/Q/short/run_0 launch_id=selena_3584837 slurm_job_id=3584837 launched_at=2026-09-27T14:14:41.886440+00:00
[2026-09-27 14:14:41 UTC] prepare_validation WUI_Global/Q/short
TIME run allocation action=new run=/fslarge/scratch/users/h61084/codes/selectime/outputs/selectime/chronos2/data/test/shared/WUI_Global/Q/short/run_0 launch_id=selena_3584837 slurm_job_id=3584837 launched_at=2026-09-27T14:14:41.899324+00:00
[2026-09-27 14:14:41 UTC] prepare_test WUI_Global/Q/short
TIME run allocation action=new run=/fslarge/scratch/users/h61084/codes/selectime/outputs/selectime/chronos2/data/validation/shared/Global_Price/Q/short/run_0 launch_id=selena_3584837 slurm_job_id=3584837 launched_at=2026-09-27T14:14:41.916395+00:00
[2026-09-27 14:14:41 UTC] prepare_validation Global_Price/Q/short
TIME run allocation action=new run=/fslarge/scratch/users/h61084/codes/selectime/outputs/selectime/chronos2/data/test/shared/Global_Price/Q/short/run_0 launch_id=selena_3584837 slurm_job_id=3584837 launched_at=2026-09-27T14:14:41.929412+00:00
[2026-09-27 14:14:41 UTC] prepare_test Global_Price/Q/short
TIME run allocation action=new run=/fslarge/scratch/users/h61084/codes/selectime/outputs/selectime/chronos2/data/validation/shared/Vehicle_Sales/M/short/run_0 launch_id=selena_3584837 slurm_job_id=3584837 launched_at=2026-09-27T14:14:41.946463+00:00
[2026-09-27 14:14:41 UTC] prepare_validation Vehicle_Sales/M/short
TIME run allocation action=new run=/fslarge/scratch/users/h61084/codes/selectime/outputs/selectime/chronos2/data/test/shared/Vehicle_Sales/M/short/run_0 launch_id=selena_3584837 slurm_job_id=3584837 launched_at=2026-09-27T14:14:41.958927+00:00
[2026-09-27 14:14:41 UTC] prepare_test Vehicle_Sales/M/short
TIME run allocation action=new run=/fslarge/scratch/users/h61084/codes/selectime/outputs/selectime/chronos2/data/validation/shared/Online_Retail_2_UCI/D/short/run_0 launch_id=selena_3584837 slurm_job_id=3584837 launched_at=2026-09-27T14:14:41.974436+00:00
[2026-09-27 14:14:41 UTC] prepare_validation Online_Retail_2_UCI/D/short
TIME run allocation action=new run=/fslarge/scratch/users/h61084/codes/selectime/outputs/selectime/chronos2/data/test/shared/Online_Retail_2_UCI/D/short/run_0 launch_id=selena_3584837 slurm_job_id=3584837 launched_at=2026-09-27T14:14:41.987126+00:00
[2026-09-27 14:14:41 UTC] prepare_test Online_Retail_2_UCI/D/short
TIME run allocation action=new run=/fslarge/scratch/users/h61084/codes/selectime/outputs/selectime/chronos2/data/validation/shared/Supply_Chain_Customer/D/short/run_0 launch_id=selena_3584837 slurm_job_id=3584837 launched_at=2026-09-27T14:14:42.006945+00:00
[2026-09-27 14:14:42 UTC] prepare_validation Supply_Chain_Customer/D/short
TIME run allocation action=new run=/fslarge/scratch/users/h61084/codes/selectime/outputs/selectime/chronos2/data/test/shared/Supply_Chain_Customer/D/short/run_0 launch_id=selena_3584837 slurm_job_id=3584837 launched_at=2026-09-27T14:14:42.033974+00:00
[2026-09-27 14:14:42 UTC] prepare_test Supply_Chain_Customer/D/short
TIME run allocation action=new run=/fslarge/scratch/users/h61084/codes/selectime/outputs/selectime/chronos2/data/validation/shared/Supply_Chain_Location/D/short/run_0 launch_id=selena_3584837 slurm_job_id=3584837 launched_at=2026-09-27T14:14:42.073497+00:00
[2026-09-27 14:14:42 UTC] prepare_validation Supply_Chain_Location/D/short
TIME run allocation action=new run=/fslarge/scratch/users/h61084/codes/selectime/outputs/selectime/chronos2/data/test/shared/Supply_Chain_Location/D/short/run_0 launch_id=selena_3584837 slurm_job_id=3584837 launched_at=2026-09-27T14:14:42.105789+00:00
[2026-09-27 14:14:42 UTC] prepare_test Supply_Chain_Location/D/short
TIME run allocation action=new run=/fslarge/scratch/users/h61084/codes/selectime/outputs/selectime/chronos2/data/validation/shared/azure2019_U/5T/short/run_0 launch_id=selena_3584837 slurm_job_id=3584837 launched_at=2026-09-27T14:14:42.173886+00:00
[2026-09-27 14:14:42 UTC] prepare_validation azure2019_U/5T/short
TIME run allocation action=new run=/fslarge/scratch/users/h61084/codes/selectime/outputs/selectime/chronos2/data/test/shared/azure2019_U/5T/short/run_0 launch_id=selena_3584837 slurm_job_id=3584837 launched_at=2026-09-27T14:14:42.214569+00:00
[2026-09-27 14:14:42 UTC] prepare_test azure2019_U/5T/short
TIME run allocation action=new run=/fslarge/scratch/users/h61084/codes/selectime/outputs/selectime/chronos2/data/validation/shared/Smart_Manufacturing/H/short/run_0 launch_id=selena_3584837 slurm_job_id=3584837 launched_at=2026-09-27T14:14:42.278186+00:00
[2026-09-27 14:14:42 UTC] prepare_validation Smart_Manufacturing/H/short
TIME run allocation action=new run=/fslarge/scratch/users/h61084/codes/selectime/outputs/selectime/chronos2/data/test/shared/Smart_Manufacturing/H/short/run_0 launch_id=selena_3584837 slurm_job_id=3584837 launched_at=2026-09-27T14:14:42.303557+00:00
[2026-09-27 14:14:42 UTC] prepare_test Smart_Manufacturing/H/short
TIME run allocation action=new run=/fslarge/scratch/users/h61084/codes/selectime/outputs/selectime/chronos2/data/validation/shared/Smart_Manufacturing/H/medium/run_0 launch_id=selena_3584837 slurm_job_id=3584837 launched_at=2026-09-27T14:14:42.354275+00:00
[2026-09-27 14:14:42 UTC] prepare_validation Smart_Manufacturing/H/medium
TIME run allocation action=new run=/fslarge/scratch/users/h61084/codes/selectime/outputs/selectime/chronos2/data/test/shared/Smart_Manufacturing/H/medium/run_0 launch_id=selena_3584837 slurm_job_id=3584837 launched_at=2026-09-27T14:14:42.368729+00:00
[2026-09-27 14:14:42 UTC] prepare_test Smart_Manufacturing/H/medium
TIME run allocation action=new run=/fslarge/scratch/users/h61084/codes/selectime/outputs/selectime/chronos2/data/validation/shared/Smart_Manufacturing/H/long/run_0 launch_id=selena_3584837 slurm_job_id=3584837 launched_at=2026-09-27T14:14:42.406185+00:00
[2026-09-27 14:14:42 UTC] prepare_validation Smart_Manufacturing/H/long
TIME run allocation action=new run=/fslarge/scratch/users/h61084/codes/selectime/outputs/selectime/chronos2/data/test/shared/Smart_Manufacturing/H/long/run_0 launch_id=selena_3584837 slurm_job_id=3584837 launched_at=2026-09-27T14:14:42.419852+00:00
[2026-09-27 14:14:42 UTC] prepare_test Smart_Manufacturing/H/long
TIME run allocation action=new run=/fslarge/scratch/users/h61084/codes/selectime/outputs/selectime/chronos2/data/validation/shared/MetroPT-3/5T/short/run_0 launch_id=selena_3584837 slurm_job_id=3584837 launched_at=2026-09-27T14:14:42.443975+00:00
[2026-09-27 14:14:42 UTC] prepare_validation MetroPT-3/5T/short
TIME run allocation action=new run=/fslarge/scratch/users/h61084/codes/selectime/outputs/selectime/chronos2/data/test/shared/MetroPT-3/5T/short/run_0 launch_id=selena_3584837 slurm_job_id=3584837 launched_at=2026-09-27T14:14:42.456764+00:00
[2026-09-27 14:14:42 UTC] prepare_test MetroPT-3/5T/short
TIME run allocation action=new run=/fslarge/scratch/users/h61084/codes/selectime/outputs/selectime/chronos2/data/validation/shared/MetroPT-3/5T/medium/run_0 launch_id=selena_3584837 slurm_job_id=3584837 launched_at=2026-09-27T14:14:42.478369+00:00
[2026-09-27 14:14:42 UTC] prepare_validation MetroPT-3/5T/medium
TIME run allocation action=new run=/fslarge/scratch/users/h61084/codes/selectime/outputs/selectime/chronos2/data/test/shared/MetroPT-3/5T/medium/run_0 launch_id=selena_3584837 slurm_job_id=3584837 launched_at=2026-09-27T14:14:42.490517+00:00
[2026-09-27 14:14:42 UTC] prepare_test MetroPT-3/5T/medium
TIME run allocation action=new run=/fslarge/scratch/users/h61084/codes/selectime/outputs/selectime/chronos2/data/validation/shared/MetroPT-3/5T/long/run_0 launch_id=selena_3584837 slurm_job_id=3584837 launched_at=2026-09-27T14:14:42.511241+00:00
[2026-09-27 14:14:42 UTC] prepare_validation MetroPT-3/5T/long
TIME run allocation action=new run=/fslarge/scratch/users/h61084/codes/selectime/outputs/selectime/chronos2/data/test/shared/MetroPT-3/5T/long/run_0 launch_id=selena_3584837 slurm_job_id=3584837 launched_at=2026-09-27T14:14:42.523082+00:00
[2026-09-27 14:14:42 UTC] prepare_test MetroPT-3/5T/long
[2026-09-27 14:14:59 UTC] Slurm=3584837 launch=selena_3584837 stage=extract_validation prediction_group=all
[2026-09-27 14:15:01 UTC] dataset_config=/fssmall/home/h61084/codes/selectime/src/timebench/config/datasets.yaml applied_keys=datasets,selectime_tasks tasks=90
[2026-09-27 14:15:01 UTC] resources selected_device {"component": "selectime", "device": "cpu", "stage": "extract_validation"}
[2026-09-27 14:15:01 UTC] stage=extract_validation tasks=90 seed=0 Slurm=3584837
TIME run allocation action=new run=/fslarge/scratch/users/h61084/codes/selectime/outputs/selectime/chronos2/retrieval/validation/covariate/Water_Quality_Darwin/15T/short/run_0 launch_id=selena_3584837 slurm_job_id=3584837 launched_at=2026-09-27T14:15:01.022976+00:00
[2026-09-27 14:15:01 UTC] extract_validation kind=covariate Water_Quality_Darwin/15T/short
[2026-09-27 16:15:01,372][datasets][INFO] - PyTorch version 2.9.1 available.
TIME run allocation action=new run=/fslarge/scratch/users/h61084/codes/selectime/outputs/selectime/chronos2/retrieval/validation/covariate/Water_Quality_Darwin/15T/medium/run_0 launch_id=selena_3584837 slurm_job_id=3584837 launched_at=2026-09-27T14:15:29.994949+00:00
[2026-09-27 14:15:29 UTC] extract_validation kind=covariate Water_Quality_Darwin/15T/medium
TIME run allocation action=new run=/fslarge/scratch/users/h61084/codes/selectime/outputs/selectime/chronos2/retrieval/validation/covariate/Water_Quality_Darwin/15T/long/run_0 launch_id=selena_3584837 slurm_job_id=3584837 launched_at=2026-09-27T14:15:31.766145+00:00
[2026-09-27 14:15:31 UTC] extract_validation kind=covariate Water_Quality_Darwin/15T/long
TIME run allocation action=new run=/fslarge/scratch/users/h61084/codes/selectime/outputs/selectime/chronos2/retrieval/validation/covariate/current_velocity/5T/short/run_0 launch_id=selena_3584837 slurm_job_id=3584837 launched_at=2026-09-27T14:15:32.919354+00:00
[2026-09-27 14:15:32 UTC] extract_validation kind=covariate current_velocity/5T/short
TIME run allocation action=new run=/fslarge/scratch/users/h61084/codes/selectime/outputs/selectime/chronos2/retrieval/validation/covariate/current_velocity/5T/medium/run_0 launch_id=selena_3584837 slurm_job_id=3584837 launched_at=2026-09-27T14:15:33.319796+00:00
[2026-09-27 14:15:33 UTC] extract_validation kind=covariate current_velocity/5T/medium
TIME run allocation action=new run=/fslarge/scratch/users/h61084/codes/selectime/outputs/selectime/chronos2/retrieval/validation/covariate/current_velocity/5T/long/run_0 launch_id=selena_3584837 slurm_job_id=3584837 launched_at=2026-09-27T14:15:33.405062+00:00
[2026-09-27 14:15:33 UTC] extract_validation kind=covariate current_velocity/5T/long
TIME run allocation action=new run=/fslarge/scratch/users/h61084/codes/selectime/outputs/selectime/chronos2/retrieval/validation/covariate/current_velocity/10T/short/run_0 launch_id=selena_3584837 slurm_job_id=3584837 launched_at=2026-09-27T14:15:33.478217+00:00
[2026-09-27 14:15:33 UTC] extract_validation kind=covariate current_velocity/10T/short
TIME run allocation action=new run=/fslarge/scratch/users/h61084/codes/selectime/outputs/selectime/chronos2/retrieval/validation/covariate/current_velocity/10T/medium/run_0 launch_id=selena_3584837 slurm_job_id=3584837 launched_at=2026-09-27T14:17:43.898655+00:00
[2026-09-27 14:17:43 UTC] extract_validation kind=covariate current_velocity/10T/medium
TIME run allocation action=new run=/fslarge/scratch/users/h61084/codes/selectime/outputs/selectime/chronos2/retrieval/validation/covariate/current_velocity/10T/long/run_0 launch_id=selena_3584837 slurm_job_id=3584837 launched_at=2026-09-27T14:17:48.289583+00:00
[2026-09-27 14:17:48 UTC] extract_validation kind=covariate current_velocity/10T/long
TIME run allocation action=new run=/fslarge/scratch/users/h61084/codes/selectime/outputs/selectime/chronos2/retrieval/validation/covariate/current_velocity/15T/short/run_0 launch_id=selena_3584837 slurm_job_id=3584837 launched_at=2026-09-27T14:17:51.136638+00:00
[2026-09-27 14:17:51 UTC] extract_validation kind=covariate current_velocity/15T/short
TIME run allocation action=new run=/fslarge/scratch/users/h61084/codes/selectime/outputs/selectime/chronos2/retrieval/validation/covariate/current_velocity/15T/medium/run_0 launch_id=selena_3584837 slurm_job_id=3584837 launched_at=2026-09-27T14:17:59.268789+00:00
[2026-09-27 14:17:59 UTC] extract_validation kind=covariate current_velocity/15T/medium
TIME run allocation action=new run=/fslarge/scratch/users/h61084/codes/selectime/outputs/selectime/chronos2/retrieval/validation/covariate/current_velocity/15T/long/run_0 launch_id=selena_3584837 slurm_job_id=3584837 launched_at=2026-09-27T14:17:59.654925+00:00
[2026-09-27 14:17:59 UTC] extract_validation kind=covariate current_velocity/15T/long
TIME run allocation action=new run=/fslarge/scratch/users/h61084/codes/selectime/outputs/selectime/chronos2/retrieval/validation/covariate/current_velocity/H/short/run_0 launch_id=selena_3584837 slurm_job_id=3584837 launched_at=2026-09-27T14:17:59.923816+00:00
[2026-09-27 14:17:59 UTC] extract_validation kind=covariate current_velocity/H/short
TIME run allocation action=new run=/fslarge/scratch/users/h61084/codes/selectime/outputs/selectime/chronos2/retrieval/validation/covariate/current_velocity/H/medium/run_0 launch_id=selena_3584837 slurm_job_id=3584837 launched_at=2026-09-27T14:18:08.875035+00:00
[2026-09-27 14:18:08 UTC] extract_validation kind=covariate current_velocity/H/medium
TIME run allocation action=new run=/fslarge/scratch/users/h61084/codes/selectime/outputs/selectime/chronos2/retrieval/validation/covariate/current_velocity/H/long/run_0 launch_id=selena_3584837 slurm_job_id=3584837 launched_at=2026-09-27T14:18:11.026308+00:00
[2026-09-27 14:18:11 UTC] extract_validation kind=covariate current_velocity/H/long
TIME run allocation action=new run=/fslarge/scratch/users/h61084/codes/selectime/outputs/selectime/chronos2/retrieval/validation/covariate/CPHL/15T/short/run_0 launch_id=selena_3584837 slurm_job_id=3584837 launched_at=2026-09-27T14:18:12.725664+00:00
[2026-09-27 14:18:12 UTC] extract_validation kind=covariate CPHL/15T/short
TIME run allocation action=new run=/fslarge/scratch/users/h61084/codes/selectime/outputs/selectime/chronos2/retrieval/validation/covariate/CPHL/15T/medium/run_0 launch_id=selena_3584837 slurm_job_id=3584837 launched_at=2026-09-27T14:18:12.853533+00:00
[2026-09-27 14:18:12 UTC] extract_validation kind=covariate CPHL/15T/medium
TIME run allocation action=new run=/fslarge/scratch/users/h61084/codes/selectime/outputs/selectime/chronos2/retrieval/validation/covariate/CPHL/15T/long/run_0 launch_id=selena_3584837 slurm_job_id=3584837 launched_at=2026-09-27T14:18:12.896662+00:00
[2026-09-27 14:18:12 UTC] extract_validation kind=covariate CPHL/15T/long
TIME run allocation action=new run=/fslarge/scratch/users/h61084/codes/selectime/outputs/selectime/chronos2/retrieval/validation/covariate/CPHL/30T/short/run_0 launch_id=selena_3584837 slurm_job_id=3584837 launched_at=2026-09-27T14:18:12.942242+00:00
[2026-09-27 14:18:12 UTC] extract_validation kind=covariate CPHL/30T/short
TIME run allocation action=new run=/fslarge/scratch/users/h61084/codes/selectime/outputs/selectime/chronos2/retrieval/validation/covariate/CPHL/30T/medium/run_0 launch_id=selena_3584837 slurm_job_id=3584837 launched_at=2026-09-27T14:18:13.065925+00:00
[2026-09-27 14:18:13 UTC] extract_validation kind=covariate CPHL/30T/medium
TIME run allocation action=new run=/fslarge/scratch/users/h61084/codes/selectime/outputs/selectime/chronos2/retrieval/validation/covariate/CPHL/30T/long/run_0 launch_id=selena_3584837 slurm_job_id=3584837 launched_at=2026-09-27T14:18:13.123911+00:00
[2026-09-27 14:18:13 UTC] extract_validation kind=covariate CPHL/30T/long
TIME run allocation action=new run=/fslarge/scratch/users/h61084/codes/selectime/outputs/selectime/chronos2/retrieval/validation/covariate/CPHL/H/short/run_0 launch_id=selena_3584837 slurm_job_id=3584837 launched_at=2026-09-27T14:18:13.176380+00:00
[2026-09-27 14:18:13 UTC] extract_validation kind=covariate CPHL/H/short
TIME run allocation action=new run=/fslarge/scratch/users/h61084/codes/selectime/outputs/selectime/chronos2/retrieval/validation/covariate/CPHL/H/medium/run_0 launch_id=selena_3584837 slurm_job_id=3584837 launched_at=2026-09-27T14:18:13.246653+00:00
[2026-09-27 14:18:13 UTC] extract_validation kind=covariate CPHL/H/medium
TIME run allocation action=new run=/fslarge/scratch/users/h61084/codes/selectime/outputs/selectime/chronos2/retrieval/validation/covariate/CPHL/H/long/run_0 launch_id=selena_3584837 slurm_job_id=3584837 launched_at=2026-09-27T14:18:13.305249+00:00
[2026-09-27 14:18:13 UTC] extract_validation kind=covariate CPHL/H/long
TIME run allocation action=new run=/fslarge/scratch/users/h61084/codes/selectime/outputs/selectime/chronos2/retrieval/validation/covariate/Coastal_T_S/15T/short/run_0 launch_id=selena_3584837 slurm_job_id=3584837 launched_at=2026-09-27T14:18:13.371396+00:00
[2026-09-27 14:18:13 UTC] extract_validation kind=covariate Coastal_T_S/15T/short
TIME run allocation action=new run=/fslarge/scratch/users/h61084/codes/selectime/outputs/selectime/chronos2/retrieval/validation/covariate/Coastal_T_S/15T/medium/run_0 launch_id=selena_3584837 slurm_job_id=3584837 launched_at=2026-09-27T14:18:16.877182+00:00
[2026-09-27 14:18:16 UTC] extract_validation kind=covariate Coastal_T_S/15T/medium
TIME run allocation action=new run=/fslarge/scratch/users/h61084/codes/selectime/outputs/selectime/chronos2/retrieval/validation/covariate/Coastal_T_S/15T/long/run_0 launch_id=selena_3584837 slurm_job_id=3584837 launched_at=2026-09-27T14:18:17.146027+00:00
[2026-09-27 14:18:17 UTC] extract_validation kind=covariate Coastal_T_S/15T/long
TIME run allocation action=new run=/fslarge/scratch/users/h61084/codes/selectime/outputs/selectime/chronos2/retrieval/validation/covariate/Coastal_T_S/20T/short/run_0 launch_id=selena_3584837 slurm_job_id=3584837 launched_at=2026-09-27T14:18:17.366753+00:00
[2026-09-27 14:18:17 UTC] extract_validation kind=covariate Coastal_T_S/20T/short
TIME run allocation action=new run=/fslarge/scratch/users/h61084/codes/selectime/outputs/selectime/chronos2/retrieval/validation/covariate/Coastal_T_S/20T/medium/run_0 launch_id=selena_3584837 slurm_job_id=3584837 launched_at=2026-09-27T14:18:17.480664+00:00
[2026-09-27 14:18:17 UTC] extract_validation kind=covariate Coastal_T_S/20T/medium
TIME run allocation action=new run=/fslarge/scratch/users/h61084/codes/selectime/outputs/selectime/chronos2/retrieval/validation/covariate/Coastal_T_S/20T/long/run_0 launch_id=selena_3584837 slurm_job_id=3584837 launched_at=2026-09-27T14:18:17.523764+00:00
[2026-09-27 14:18:17 UTC] extract_validation kind=covariate Coastal_T_S/20T/long
TIME run allocation action=new run=/fslarge/scratch/users/h61084/codes/selectime/outputs/selectime/chronos2/retrieval/validation/covariate/Coastal_T_S/H/short/run_0 launch_id=selena_3584837 slurm_job_id=3584837 launched_at=2026-09-27T14:18:17.564869+00:00
[2026-09-27 14:18:17 UTC] extract_validation kind=covariate Coastal_T_S/H/short
TIME run allocation action=new run=/fslarge/scratch/users/h61084/codes/selectime/outputs/selectime/chronos2/retrieval/validation/covariate/Coastal_T_S/H/medium/run_0 launch_id=selena_3584837 slurm_job_id=3584837 launched_at=2026-09-27T14:18:21.260529+00:00
[2026-09-27 14:18:21 UTC] extract_validation kind=covariate Coastal_T_S/H/medium
TIME run allocation action=new run=/fslarge/scratch/users/h61084/codes/selectime/outputs/selectime/chronos2/retrieval/validation/covariate/Coastal_T_S/H/long/run_0 launch_id=selena_3584837 slurm_job_id=3584837 launched_at=2026-09-27T14:18:22.380787+00:00
[2026-09-27 14:18:22 UTC] extract_validation kind=covariate Coastal_T_S/H/long
TIME run allocation action=new run=/fslarge/scratch/users/h61084/codes/selectime/outputs/selectime/chronos2/retrieval/validation/covariate/SG_Weather/D/short/run_0 launch_id=selena_3584837 slurm_job_id=3584837 launched_at=2026-09-27T14:18:23.580788+00:00
[2026-09-27 14:18:23 UTC] extract_validation kind=covariate SG_Weather/D/short
TIME run allocation action=new run=/fslarge/scratch/users/h61084/codes/selectime/outputs/selectime/chronos2/retrieval/validation/covariate/SG_Weather/D/medium/run_0 launch_id=selena_3584837 slurm_job_id=3584837 launched_at=2026-09-27T14:18:27.128363+00:00
[2026-09-27 14:18:27 UTC] extract_validation kind=covariate SG_Weather/D/medium
TIME run allocation action=new run=/fslarge/scratch/users/h61084/codes/selectime/outputs/selectime/chronos2/retrieval/validation/covariate/SG_Weather/D/long/run_0 launch_id=selena_3584837 slurm_job_id=3584837 launched_at=2026-09-27T14:18:28.766787+00:00
[2026-09-27 14:18:28 UTC] extract_validation kind=covariate SG_Weather/D/long
TIME run allocation action=new run=/fslarge/scratch/users/h61084/codes/selectime/outputs/selectime/chronos2/retrieval/validation/covariate/SG_PM25/H/short/run_0 launch_id=selena_3584837 slurm_job_id=3584837 launched_at=2026-09-27T14:18:29.688470+00:00
[2026-09-27 14:18:29 UTC] extract_validation kind=covariate SG_PM25/H/short
TIME run allocation action=new run=/fslarge/scratch/users/h61084/codes/selectime/outputs/selectime/chronos2/retrieval/validation/covariate/SG_PM25/H/medium/run_0 launch_id=selena_3584837 slurm_job_id=3584837 launched_at=2026-09-27T14:18:29.907556+00:00
[2026-09-27 14:18:29 UTC] extract_validation kind=covariate SG_PM25/H/medium
TIME run allocation action=new run=/fslarge/scratch/users/h61084/codes/selectime/outputs/selectime/chronos2/retrieval/validation/covariate/SG_PM25/H/long/run_0 launch_id=selena_3584837 slurm_job_id=3584837 launched_at=2026-09-27T14:18:30.053953+00:00
[2026-09-27 14:18:30 UTC] extract_validation kind=covariate SG_PM25/H/long
TIME run allocation action=new run=/fslarge/scratch/users/h61084/codes/selectime/outputs/selectime/chronos2/retrieval/validation/covariate/NE_China_Wind/H/short/run_0 launch_id=selena_3584837 slurm_job_id=3584837 launched_at=2026-09-27T14:18:30.176230+00:00
[2026-09-27 14:18:30 UTC] extract_validation kind=covariate NE_China_Wind/H/short
TIME run allocation action=new run=/fslarge/scratch/users/h61084/codes/selectime/outputs/selectime/chronos2/retrieval/validation/covariate/NE_China_Wind/H/medium/run_0 launch_id=selena_3584837 slurm_job_id=3584837 launched_at=2026-09-27T14:18:30.231496+00:00
[2026-09-27 14:18:30 UTC] extract_validation kind=covariate NE_China_Wind/H/medium
TIME run allocation action=new run=/fslarge/scratch/users/h61084/codes/selectime/outputs/selectime/chronos2/retrieval/validation/covariate/NE_China_Wind/H/long/run_0 launch_id=selena_3584837 slurm_job_id=3584837 launched_at=2026-09-27T14:18:30.280231+00:00
[2026-09-27 14:18:30 UTC] extract_validation kind=covariate NE_China_Wind/H/long
TIME run allocation action=new run=/fslarge/scratch/users/h61084/codes/selectime/outputs/selectime/chronos2/retrieval/validation/covariate/Australia_Solar/H/short/run_0 launch_id=selena_3584837 slurm_job_id=3584837 launched_at=2026-09-27T14:18:30.326425+00:00
[2026-09-27 14:18:30 UTC] extract_validation kind=covariate Australia_Solar/H/short
TIME run allocation action=new run=/fslarge/scratch/users/h61084/codes/selectime/outputs/selectime/chronos2/retrieval/validation/covariate/Australia_Solar/H/medium/run_0 launch_id=selena_3584837 slurm_job_id=3584837 launched_at=2026-09-27T14:18:30.440002+00:00
[2026-09-27 14:18:30 UTC] extract_validation kind=covariate Australia_Solar/H/medium
TIME run allocation action=new run=/fslarge/scratch/users/h61084/codes/selectime/outputs/selectime/chronos2/retrieval/validation/covariate/Australia_Solar/H/long/run_0 launch_id=selena_3584837 slurm_job_id=3584837 launched_at=2026-09-27T14:18:30.524106+00:00
[2026-09-27 14:18:30 UTC] extract_validation kind=covariate Australia_Solar/H/long
TIME run allocation action=new run=/fslarge/scratch/users/h61084/codes/selectime/outputs/selectime/chronos2/retrieval/validation/covariate/epf_electricity_price/H/short/run_0 launch_id=selena_3584837 slurm_job_id=3584837 launched_at=2026-09-27T14:18:30.602368+00:00
[2026-09-27 14:18:30 UTC] extract_validation kind=covariate epf_electricity_price/H/short
TIME run allocation action=new run=/fslarge/scratch/users/h61084/codes/selectime/outputs/selectime/chronos2/retrieval/validation/covariate/epf_electricity_price/H/medium/run_0 launch_id=selena_3584837 slurm_job_id=3584837 launched_at=2026-09-27T14:18:30.883669+00:00
[2026-09-27 14:18:30 UTC] extract_validation kind=covariate epf_electricity_price/H/medium
TIME run allocation action=new run=/fslarge/scratch/users/h61084/codes/selectime/outputs/selectime/chronos2/retrieval/validation/covariate/epf_electricity_price/H/long/run_0 launch_id=selena_3584837 slurm_job_id=3584837 launched_at=2026-09-27T14:18:31.087797+00:00
[2026-09-27 14:18:31 UTC] extract_validation kind=covariate epf_electricity_price/H/long
TIME run allocation action=new run=/fslarge/scratch/users/h61084/codes/selectime/outputs/selectime/chronos2/retrieval/validation/covariate/OpenElectricity_NEM/5T/short/run_0 launch_id=selena_3584837 slurm_job_id=3584837 launched_at=2026-09-27T14:18:31.202759+00:00
[2026-09-27 14:18:31 UTC] extract_validation kind=covariate OpenElectricity_NEM/5T/short
TIME run allocation action=new run=/fslarge/scratch/users/h61084/codes/selectime/outputs/selectime/chronos2/retrieval/validation/covariate/OpenElectricity_NEM/5T/medium/run_0 launch_id=selena_3584837 slurm_job_id=3584837 launched_at=2026-09-27T14:18:33.558271+00:00
[2026-09-27 14:18:33 UTC] extract_validation kind=covariate OpenElectricity_NEM/5T/medium
TIME run allocation action=new run=/fslarge/scratch/users/h61084/codes/selectime/outputs/selectime/chronos2/retrieval/validation/covariate/OpenElectricity_NEM/5T/long/run_0 launch_id=selena_3584837 slurm_job_id=3584837 launched_at=2026-09-27T14:18:33.955286+00:00
[2026-09-27 14:18:33 UTC] extract_validation kind=covariate OpenElectricity_NEM/5T/long
TIME run allocation action=new run=/fslarge/scratch/users/h61084/codes/selectime/outputs/selectime/chronos2/retrieval/validation/covariate/EWELD_Load/15T/short/run_0 launch_id=selena_3584837 slurm_job_id=3584837 launched_at=2026-09-27T14:18:34.150509+00:00
[2026-09-27 14:18:34 UTC] extract_validation kind=covariate EWELD_Load/15T/short
TIME run allocation action=new run=/fslarge/scratch/users/h61084/codes/selectime/outputs/selectime/chronos2/retrieval/validation/covariate/EWELD_Load/15T/medium/run_0 launch_id=selena_3584837 slurm_job_id=3584837 launched_at=2026-09-27T14:18:34.528319+00:00
[2026-09-27 14:18:34 UTC] extract_validation kind=covariate EWELD_Load/15T/medium
TIME run allocation action=new run=/fslarge/scratch/users/h61084/codes/selectime/outputs/selectime/chronos2/retrieval/validation/covariate/EWELD_Load/15T/long/run_0 launch_id=selena_3584837 slurm_job_id=3584837 launched_at=2026-09-27T14:18:34.641195+00:00
[2026-09-27 14:18:34 UTC] extract_validation kind=covariate EWELD_Load/15T/long
TIME run allocation action=new run=/fslarge/scratch/users/h61084/codes/selectime/outputs/selectime/chronos2/retrieval/validation/covariate/SG_Carpark/15T/short/run_0 launch_id=selena_3584837 slurm_job_id=3584837 launched_at=2026-09-27T14:18:34.702259+00:00
[2026-09-27 14:18:34 UTC] extract_validation kind=covariate SG_Carpark/15T/short
TIME run allocation action=new run=/fslarge/scratch/users/h61084/codes/selectime/outputs/selectime/chronos2/retrieval/validation/covariate/SG_Carpark/15T/medium/run_0 launch_id=selena_3584837 slurm_job_id=3584837 launched_at=2026-09-27T14:20:54.233199+00:00
[2026-09-27 14:20:54 UTC] extract_validation kind=covariate SG_Carpark/15T/medium
TIME run allocation action=new run=/fslarge/scratch/users/h61084/codes/selectime/outputs/selectime/chronos2/retrieval/validation/covariate/SG_Carpark/15T/long/run_0 launch_id=selena_3584837 slurm_job_id=3584837 launched_at=2026-09-27T14:20:59.832820+00:00
[2026-09-27 14:20:59 UTC] extract_validation kind=covariate SG_Carpark/15T/long
TIME run allocation action=new run=/fslarge/scratch/users/h61084/codes/selectime/outputs/selectime/chronos2/retrieval/validation/covariate/Finland_Traffic/15T/short/run_0 launch_id=selena_3584837 slurm_job_id=3584837 launched_at=2026-09-27T14:21:00.912976+00:00
[2026-09-27 14:21:00 UTC] extract_validation kind=covariate Finland_Traffic/15T/short
TIME run allocation action=new run=/fslarge/scratch/users/h61084/codes/selectime/outputs/selectime/chronos2/retrieval/validation/covariate/Finland_Traffic/15T/medium/run_0 launch_id=selena_3584837 slurm_job_id=3584837 launched_at=2026-09-27T14:21:01.069075+00:00
[2026-09-27 14:21:01 UTC] extract_validation kind=covariate Finland_Traffic/15T/medium
TIME run allocation action=new run=/fslarge/scratch/users/h61084/codes/selectime/outputs/selectime/chronos2/retrieval/validation/covariate/Finland_Traffic/15T/long/run_0 launch_id=selena_3584837 slurm_job_id=3584837 launched_at=2026-09-27T14:21:01.128255+00:00
[2026-09-27 14:21:01 UTC] extract_validation kind=covariate Finland_Traffic/15T/long
TIME run allocation action=new run=/fslarge/scratch/users/h61084/codes/selectime/outputs/selectime/chronos2/retrieval/validation/covariate/Port_Activity/D/short/run_0 launch_id=selena_3584837 slurm_job_id=3584837 launched_at=2026-09-27T14:21:01.170687+00:00
[2026-09-27 14:21:01 UTC] extract_validation kind=covariate Port_Activity/D/short
TIME run allocation action=new run=/fslarge/scratch/users/h61084/codes/selectime/outputs/selectime/chronos2/retrieval/validation/covariate/Port_Activity/W/short/run_0 launch_id=selena_3584837 slurm_job_id=3584837 launched_at=2026-09-27T14:21:13.543367+00:00
[2026-09-27 14:21:13 UTC] extract_validation kind=covariate Port_Activity/W/short
TIME run allocation action=new run=/fslarge/scratch/users/h61084/codes/selectime/outputs/selectime/chronos2/retrieval/validation/covariate/ECDC_COVID/D/short/run_0 launch_id=selena_3584837 slurm_job_id=3584837 launched_at=2026-09-27T14:21:14.333058+00:00
[2026-09-27 14:21:14 UTC] extract_validation kind=covariate ECDC_COVID/D/short
TIME run allocation action=new run=/fslarge/scratch/users/h61084/codes/selectime/outputs/selectime/chronos2/retrieval/validation/covariate/ECDC_COVID/W/short/run_0 launch_id=selena_3584837 slurm_job_id=3584837 launched_at=2026-09-27T14:21:14.408731+00:00
[2026-09-27 14:21:14 UTC] extract_validation kind=covariate ECDC_COVID/W/short
TIME run allocation action=new run=/fslarge/scratch/users/h61084/codes/selectime/outputs/selectime/chronos2/retrieval/validation/covariate/Global_Influenza/W/short/run_0 launch_id=selena_3584837 slurm_job_id=3584837 launched_at=2026-09-27T14:21:14.459699+00:00
[2026-09-27 14:21:14 UTC] extract_validation kind=covariate Global_Influenza/W/short
TIME run allocation action=new run=/fslarge/scratch/users/h61084/codes/selectime/outputs/selectime/chronos2/retrieval/validation/covariate/Crypto/D/short/run_0 launch_id=selena_3584837 slurm_job_id=3584837 launched_at=2026-09-27T14:21:14.547532+00:00
[2026-09-27 14:21:14 UTC] extract_validation kind=covariate Crypto/D/short
TIME run allocation action=new run=/fslarge/scratch/users/h61084/codes/selectime/outputs/selectime/chronos2/retrieval/validation/covariate/US_Term_Structure/B/short/run_0 launch_id=selena_3584837 slurm_job_id=3584837 launched_at=2026-09-27T14:21:14.628745+00:00
[2026-09-27 14:21:14 UTC] extract_validation kind=covariate US_Term_Structure/B/short
TIME run allocation action=new run=/fslarge/scratch/users/h61084/codes/selectime/outputs/selectime/chronos2/retrieval/validation/covariate/Oil_Price/B/short/run_0 launch_id=selena_3584837 slurm_job_id=3584837 launched_at=2026-09-27T14:21:23.981118+00:00
[2026-09-27 14:21:23 UTC] extract_validation kind=covariate Oil_Price/B/short
TIME run allocation action=new run=/fslarge/scratch/users/h61084/codes/selectime/outputs/selectime/chronos2/retrieval/validation/covariate/Job_Claims/W/short/run_0 launch_id=selena_3584837 slurm_job_id=3584837 launched_at=2026-09-27T14:21:24.568210+00:00
[2026-09-27 14:21:24 UTC] extract_validation kind=covariate Job_Claims/W/short
TIME run allocation action=new run=/fslarge/scratch/users/h61084/codes/selectime/outputs/selectime/chronos2/retrieval/validation/covariate/Uncertainty_1M/M/short/run_0 launch_id=selena_3584837 slurm_job_id=3584837 launched_at=2026-09-27T14:21:24.606924+00:00
[2026-09-27 14:21:24 UTC] extract_validation kind=covariate Uncertainty_1M/M/short
TIME run allocation action=new run=/fslarge/scratch/users/h61084/codes/selectime/outputs/selectime/chronos2/retrieval/validation/covariate/Housing_Inventory/M/short/run_0 launch_id=selena_3584837 slurm_job_id=3584837 launched_at=2026-09-27T14:21:24.641697+00:00
[2026-09-27 14:21:24 UTC] extract_validation kind=covariate Housing_Inventory/M/short
TIME run allocation action=new run=/fslarge/scratch/users/h61084/codes/selectime/outputs/selectime/chronos2/retrieval/validation/covariate/JOLTS/M/short/run_0 launch_id=selena_3584837 slurm_job_id=3584837 launched_at=2026-09-27T14:21:24.675648+00:00
[2026-09-27 14:21:24 UTC] extract_validation kind=covariate JOLTS/M/short
TIME run allocation action=new run=/fslarge/scratch/users/h61084/codes/selectime/outputs/selectime/chronos2/retrieval/validation/covariate/US_Labor/M/short/run_0 launch_id=selena_3584837 slurm_job_id=3584837 launched_at=2026-09-27T14:21:24.711408+00:00
[2026-09-27 14:21:24 UTC] extract_validation kind=covariate US_Labor/M/short
TIME run allocation action=new run=/fslarge/scratch/users/h61084/codes/selectime/outputs/selectime/chronos2/retrieval/validation/covariate/Vehicle_Supply/M/short/run_0 launch_id=selena_3584837 slurm_job_id=3584837 launched_at=2026-09-27T14:21:24.754850+00:00
[2026-09-27 14:21:24 UTC] extract_validation kind=covariate Vehicle_Supply/M/short
TIME run allocation action=new run=/fslarge/scratch/users/h61084/codes/selectime/outputs/selectime/chronos2/retrieval/validation/covariate/Auto_Production_SF/M/short/run_0 launch_id=selena_3584837 slurm_job_id=3584837 launched_at=2026-09-27T14:21:24.790064+00:00
[2026-09-27 14:21:24 UTC] extract_validation kind=covariate Auto_Production_SF/M/short
TIME run allocation action=new run=/fslarge/scratch/users/h61084/codes/selectime/outputs/selectime/chronos2/retrieval/validation/covariate/Commodity_Production/M/short/run_0 launch_id=selena_3584837 slurm_job_id=3584837 launched_at=2026-09-27T14:21:24.822696+00:00
[2026-09-27 14:21:24 UTC] extract_validation kind=covariate Commodity_Production/M/short
TIME run allocation action=new run=/fslarge/scratch/users/h61084/codes/selectime/outputs/selectime/chronos2/retrieval/validation/covariate/Commodity_Import/M/short/run_0 launch_id=selena_3584837 slurm_job_id=3584837 launched_at=2026-09-27T14:21:24.895715+00:00
[2026-09-27 14:21:24 UTC] extract_validation kind=covariate Commodity_Import/M/short
TIME run allocation action=new run=/fslarge/scratch/users/h61084/codes/selectime/outputs/selectime/chronos2/retrieval/validation/covariate/WUI_Global/Q/short/run_0 launch_id=selena_3584837 slurm_job_id=3584837 launched_at=2026-09-27T14:21:24.944118+00:00
[2026-09-27 14:21:24 UTC] extract_validation kind=covariate WUI_Global/Q/short
TIME run allocation action=new run=/fslarge/scratch/users/h61084/codes/selectime/outputs/selectime/chronos2/retrieval/validation/covariate/Global_Price/Q/short/run_0 launch_id=selena_3584837 slurm_job_id=3584837 launched_at=2026-09-27T14:21:24.984699+00:00
[2026-09-27 14:21:24 UTC] extract_validation kind=covariate Global_Price/Q/short
TIME run allocation action=new run=/fslarge/scratch/users/h61084/codes/selectime/outputs/selectime/chronos2/retrieval/validation/covariate/Vehicle_Sales/M/short/run_0 launch_id=selena_3584837 slurm_job_id=3584837 launched_at=2026-09-27T14:21:25.047075+00:00
[2026-09-27 14:21:25 UTC] extract_validation kind=covariate Vehicle_Sales/M/short
TIME run allocation action=new run=/fslarge/scratch/users/h61084/codes/selectime/outputs/selectime/chronos2/retrieval/validation/covariate/Online_Retail_2_UCI/D/short/run_0 launch_id=selena_3584837 slurm_job_id=3584837 launched_at=2026-09-27T14:21:25.086841+00:00
[2026-09-27 14:21:25 UTC] extract_validation kind=covariate Online_Retail_2_UCI/D/short
TIME run allocation action=new run=/fslarge/scratch/users/h61084/codes/selectime/outputs/selectime/chronos2/retrieval/validation/covariate/Supply_Chain_Customer/D/short/run_0 launch_id=selena_3584837 slurm_job_id=3584837 launched_at=2026-09-27T14:21:25.119079+00:00
[2026-09-27 14:21:25 UTC] extract_validation kind=covariate Supply_Chain_Customer/D/short
TIME run allocation action=new run=/fslarge/scratch/users/h61084/codes/selectime/outputs/selectime/chronos2/retrieval/validation/covariate/Supply_Chain_Location/D/short/run_0 launch_id=selena_3584837 slurm_job_id=3584837 launched_at=2026-09-27T14:21:25.692128+00:00
[2026-09-27 14:21:25 UTC] extract_validation kind=covariate Supply_Chain_Location/D/short
TIME run allocation action=new run=/fslarge/scratch/users/h61084/codes/selectime/outputs/selectime/chronos2/retrieval/validation/covariate/azure2019_U/5T/short/run_0 launch_id=selena_3584837 slurm_job_id=3584837 launched_at=2026-09-27T14:21:26.684979+00:00
[2026-09-27 14:21:26 UTC] extract_validation kind=covariate azure2019_U/5T/short
TIME run allocation action=new run=/fslarge/scratch/users/h61084/codes/selectime/outputs/selectime/chronos2/retrieval/validation/covariate/Smart_Manufacturing/H/short/run_0 launch_id=selena_3584837 slurm_job_id=3584837 launched_at=2026-09-27T14:21:26.858329+00:00
[2026-09-27 14:21:26 UTC] extract_validation kind=covariate Smart_Manufacturing/H/short
TIME run allocation action=new run=/fslarge/scratch/users/h61084/codes/selectime/outputs/selectime/chronos2/retrieval/validation/covariate/Smart_Manufacturing/H/medium/run_0 launch_id=selena_3584837 slurm_job_id=3584837 launched_at=2026-09-27T14:21:28.661550+00:00
[2026-09-27 14:21:28 UTC] extract_validation kind=covariate Smart_Manufacturing/H/medium
TIME run allocation action=new run=/fslarge/scratch/users/h61084/codes/selectime/outputs/selectime/chronos2/retrieval/validation/covariate/Smart_Manufacturing/H/long/run_0 launch_id=selena_3584837 slurm_job_id=3584837 launched_at=2026-09-27T14:21:28.823513+00:00
[2026-09-27 14:21:28 UTC] extract_validation kind=covariate Smart_Manufacturing/H/long
TIME run allocation action=new run=/fslarge/scratch/users/h61084/codes/selectime/outputs/selectime/chronos2/retrieval/validation/covariate/MetroPT-3/5T/short/run_0 launch_id=selena_3584837 slurm_job_id=3584837 launched_at=2026-09-27T14:21:28.950424+00:00
[2026-09-27 14:21:28 UTC] extract_validation kind=covariate MetroPT-3/5T/short
TIME run allocation action=new run=/fslarge/scratch/users/h61084/codes/selectime/outputs/selectime/chronos2/retrieval/validation/covariate/MetroPT-3/5T/medium/run_0 launch_id=selena_3584837 slurm_job_id=3584837 launched_at=2026-09-27T14:21:29.151933+00:00
[2026-09-27 14:21:29 UTC] extract_validation kind=covariate MetroPT-3/5T/medium
TIME run allocation action=new run=/fslarge/scratch/users/h61084/codes/selectime/outputs/selectime/chronos2/retrieval/validation/covariate/MetroPT-3/5T/long/run_0 launch_id=selena_3584837 slurm_job_id=3584837 launched_at=2026-09-27T14:21:29.290221+00:00
[2026-09-27 14:21:29 UTC] extract_validation kind=covariate MetroPT-3/5T/long
[2026-09-27 14:21:45 UTC] Slurm=3584837 launch=selena_3584837 stage=predict_validation prediction_group=vanilla
[2026-09-27 14:21:47 UTC] dataset_config=/fssmall/home/h61084/codes/selectime/src/timebench/config/datasets.yaml applied_keys=datasets,selectime_tasks tasks=90
[2026-09-27 14:21:47 UTC] resources selected_device {"component": "selectime", "device": "cuda", "stage": "predict_validation"}
[2026-09-27 14:21:47 UTC] stage=predict_validation tasks=90 seed=0 Slurm=3584837
[2026-09-27 16:21:48,179][datasets][INFO] - PyTorch version 2.9.1 available.
TIME run allocation action=new run=/fslarge/scratch/users/h61084/codes/selectime/outputs/selectime/chronos2/predictions/validation/vanilla_univariate/Water_Quality_Darwin/15T/short/run_1 launch_id=selena_3584837 slurm_job_id=3584837 launched_at=2026-09-27T14:21:48.942057+00:00
[2026-09-27 14:21:48 UTC] predict_validation method=vanilla_univariate Water_Quality_Darwin/15T/short
[2026-09-27 14:22:06 UTC] resources selected_device {"device": "cuda", "model": "chronos2", "stage": "forecast"}
TIME run allocation action=new run=/fslarge/scratch/users/h61084/codes/selectime/outputs/selectime/chronos2/predictions/validation/vanilla_univariate/Water_Quality_Darwin/15T/medium/run_1 launch_id=selena_3584837 slurm_job_id=3584837 launched_at=2026-09-27T14:22:23.715891+00:00
[2026-09-27 14:22:23 UTC] predict_validation method=vanilla_univariate Water_Quality_Darwin/15T/medium
TIME run allocation action=new run=/fslarge/scratch/users/h61084/codes/selectime/outputs/selectime/chronos2/predictions/validation/vanilla_univariate/Water_Quality_Darwin/15T/long/run_1 launch_id=selena_3584837 slurm_job_id=3584837 launched_at=2026-09-27T14:22:26.486204+00:00
[2026-09-27 14:22:26 UTC] predict_validation method=vanilla_univariate Water_Quality_Darwin/15T/long
TIME run allocation action=new run=/fslarge/scratch/users/h61084/codes/selectime/outputs/selectime/chronos2/predictions/validation/vanilla_univariate/current_velocity/5T/short/run_1 launch_id=selena_3584837 slurm_job_id=3584837 launched_at=2026-09-27T14:22:27.391364+00:00
[2026-09-27 14:22:27 UTC] predict_validation method=vanilla_univariate current_velocity/5T/short
TIME run allocation action=new run=/fslarge/scratch/users/h61084/codes/selectime/outputs/selectime/chronos2/predictions/validation/vanilla_univariate/current_velocity/5T/medium/run_1 launch_id=selena_3584837 slurm_job_id=3584837 launched_at=2026-09-27T14:22:30.600530+00:00
[2026-09-27 14:22:30 UTC] predict_validation method=vanilla_univariate current_velocity/5T/medium
TIME run allocation action=new run=/fslarge/scratch/users/h61084/codes/selectime/outputs/selectime/chronos2/predictions/validation/vanilla_univariate/current_velocity/5T/long/run_1 launch_id=selena_3584837 slurm_job_id=3584837 launched_at=2026-09-27T14:22:31.037264+00:00
[2026-09-27 14:22:31 UTC] predict_validation method=vanilla_univariate current_velocity/5T/long
TIME run allocation action=new run=/fslarge/scratch/users/h61084/codes/selectime/outputs/selectime/chronos2/predictions/validation/vanilla_univariate/current_velocity/10T/short/run_1 launch_id=selena_3584837 slurm_job_id=3584837 launched_at=2026-09-27T14:22:31.462614+00:00
[2026-09-27 14:22:31 UTC] predict_validation method=vanilla_univariate current_velocity/10T/short
TIME run allocation action=new run=/fslarge/scratch/users/h61084/codes/selectime/outputs/selectime/chronos2/predictions/validation/vanilla_univariate/current_velocity/10T/medium/run_1 launch_id=selena_3584837 slurm_job_id=3584837 launched_at=2026-09-27T14:23:00.953270+00:00
[2026-09-27 14:23:00 UTC] predict_validation method=vanilla_univariate current_velocity/10T/medium
TIME run allocation action=new run=/fslarge/scratch/users/h61084/codes/selectime/outputs/selectime/chronos2/predictions/validation/vanilla_univariate/current_velocity/10T/long/run_1 launch_id=selena_3584837 slurm_job_id=3584837 launched_at=2026-09-27T14:23:04.822258+00:00
[2026-09-27 14:23:04 UTC] predict_validation method=vanilla_univariate current_velocity/10T/long
TIME run allocation action=new run=/fslarge/scratch/users/h61084/codes/selectime/outputs/selectime/chronos2/predictions/validation/vanilla_univariate/current_velocity/15T/short/run_1 launch_id=selena_3584837 slurm_job_id=3584837 launched_at=2026-09-27T14:23:06.166031+00:00
[2026-09-27 14:23:06 UTC] predict_validation method=vanilla_univariate current_velocity/15T/short
TIME run allocation action=new run=/fslarge/scratch/users/h61084/codes/selectime/outputs/selectime/chronos2/predictions/validation/vanilla_univariate/current_velocity/15T/medium/run_1 launch_id=selena_3584837 slurm_job_id=3584837 launched_at=2026-09-27T14:23:16.189299+00:00
[2026-09-27 14:23:16 UTC] predict_validation method=vanilla_univariate current_velocity/15T/medium
TIME run allocation action=new run=/fslarge/scratch/users/h61084/codes/selectime/outputs/selectime/chronos2/predictions/validation/vanilla_univariate/current_velocity/15T/long/run_1 launch_id=selena_3584837 slurm_job_id=3584837 launched_at=2026-09-27T14:23:17.581299+00:00
[2026-09-27 14:23:17 UTC] predict_validation method=vanilla_univariate current_velocity/15T/long
TIME run allocation action=new run=/fslarge/scratch/users/h61084/codes/selectime/outputs/selectime/chronos2/predictions/validation/vanilla_univariate/current_velocity/H/short/run_1 launch_id=selena_3584837 slurm_job_id=3584837 launched_at=2026-09-27T14:23:18.164575+00:00
[2026-09-27 14:23:18 UTC] predict_validation method=vanilla_univariate current_velocity/H/short
TIME run allocation action=new run=/fslarge/scratch/users/h61084/codes/selectime/outputs/selectime/chronos2/predictions/validation/vanilla_univariate/current_velocity/H/medium/run_1 launch_id=selena_3584837 slurm_job_id=3584837 launched_at=2026-09-27T14:23:24.026959+00:00
[2026-09-27 14:23:24 UTC] predict_validation method=vanilla_univariate current_velocity/H/medium
TIME run allocation action=new run=/fslarge/scratch/users/h61084/codes/selectime/outputs/selectime/chronos2/predictions/validation/vanilla_univariate/current_velocity/H/long/run_1 launch_id=selena_3584837 slurm_job_id=3584837 launched_at=2026-09-27T14:23:24.828953+00:00
[2026-09-27 14:23:24 UTC] predict_validation method=vanilla_univariate current_velocity/H/long
TIME run allocation action=new run=/fslarge/scratch/users/h61084/codes/selectime/outputs/selectime/chronos2/predictions/validation/vanilla_univariate/CPHL/15T/short/run_1 launch_id=selena_3584837 slurm_job_id=3584837 launched_at=2026-09-27T14:23:25.176027+00:00
[2026-09-27 14:23:25 UTC] predict_validation method=vanilla_univariate CPHL/15T/short
TIME run allocation action=new run=/fslarge/scratch/users/h61084/codes/selectime/outputs/selectime/chronos2/predictions/validation/vanilla_univariate/CPHL/15T/medium/run_1 launch_id=selena_3584837 slurm_job_id=3584837 launched_at=2026-09-27T14:23:26.242955+00:00
[2026-09-27 14:23:26 UTC] predict_validation method=vanilla_univariate CPHL/15T/medium
TIME run allocation action=new run=/fslarge/scratch/users/h61084/codes/selectime/outputs/selectime/chronos2/predictions/validation/vanilla_univariate/CPHL/15T/long/run_1 launch_id=selena_3584837 slurm_job_id=3584837 launched_at=2026-09-27T14:23:26.403800+00:00
[2026-09-27 14:23:26 UTC] predict_validation method=vanilla_univariate CPHL/15T/long
TIME run allocation action=new run=/fslarge/scratch/users/h61084/codes/selectime/outputs/selectime/chronos2/predictions/validation/vanilla_univariate/CPHL/30T/short/run_1 launch_id=selena_3584837 slurm_job_id=3584837 launched_at=2026-09-27T14:23:26.490005+00:00
[2026-09-27 14:23:26 UTC] predict_validation method=vanilla_univariate CPHL/30T/short
TIME run allocation action=new run=/fslarge/scratch/users/h61084/codes/selectime/outputs/selectime/chronos2/predictions/validation/vanilla_univariate/CPHL/30T/medium/run_1 launch_id=selena_3584837 slurm_job_id=3584837 launched_at=2026-09-27T14:23:27.567030+00:00
[2026-09-27 14:23:27 UTC] predict_validation method=vanilla_univariate CPHL/30T/medium
TIME run allocation action=new run=/fslarge/scratch/users/h61084/codes/selectime/outputs/selectime/chronos2/predictions/validation/vanilla_univariate/CPHL/30T/long/run_1 launch_id=selena_3584837 slurm_job_id=3584837 launched_at=2026-09-27T14:23:27.861422+00:00
[2026-09-27 14:23:27 UTC] predict_validation method=vanilla_univariate CPHL/30T/long
TIME run allocation action=new run=/fslarge/scratch/users/h61084/codes/selectime/outputs/selectime/chronos2/predictions/validation/vanilla_univariate/CPHL/H/short/run_1 launch_id=selena_3584837 slurm_job_id=3584837 launched_at=2026-09-27T14:23:27.985364+00:00
[2026-09-27 14:23:27 UTC] predict_validation method=vanilla_univariate CPHL/H/short
TIME run allocation action=new run=/fslarge/scratch/users/h61084/codes/selectime/outputs/selectime/chronos2/predictions/validation/vanilla_univariate/CPHL/H/medium/run_1 launch_id=selena_3584837 slurm_job_id=3584837 launched_at=2026-09-27T14:23:28.385625+00:00
[2026-09-27 14:23:28 UTC] predict_validation method=vanilla_univariate CPHL/H/medium
TIME run allocation action=new run=/fslarge/scratch/users/h61084/codes/selectime/outputs/selectime/chronos2/predictions/validation/vanilla_univariate/CPHL/H/long/run_1 launch_id=selena_3584837 slurm_job_id=3584837 launched_at=2026-09-27T14:23:28.482771+00:00
[2026-09-27 14:23:28 UTC] predict_validation method=vanilla_univariate CPHL/H/long
TIME run allocation action=new run=/fslarge/scratch/users/h61084/codes/selectime/outputs/selectime/chronos2/predictions/validation/vanilla_univariate/Coastal_T_S/15T/short/run_1 launch_id=selena_3584837 slurm_job_id=3584837 launched_at=2026-09-27T14:23:28.606255+00:00
[2026-09-27 14:23:28 UTC] predict_validation method=vanilla_univariate Coastal_T_S/15T/short
TIME run allocation action=new run=/fslarge/scratch/users/h61084/codes/selectime/outputs/selectime/chronos2/predictions/validation/vanilla_univariate/Coastal_T_S/15T/medium/run_1 launch_id=selena_3584837 slurm_job_id=3584837 launched_at=2026-09-27T14:23:36.597338+00:00
[2026-09-27 14:23:36 UTC] predict_validation method=vanilla_univariate Coastal_T_S/15T/medium
TIME run allocation action=new run=/fslarge/scratch/users/h61084/codes/selectime/outputs/selectime/chronos2/predictions/validation/vanilla_univariate/Coastal_T_S/15T/long/run_1 launch_id=selena_3584837 slurm_job_id=3584837 launched_at=2026-09-27T14:23:37.621804+00:00
[2026-09-27 14:23:37 UTC] predict_validation method=vanilla_univariate Coastal_T_S/15T/long
TIME run allocation action=new run=/fslarge/scratch/users/h61084/codes/selectime/outputs/selectime/chronos2/predictions/validation/vanilla_univariate/Coastal_T_S/20T/short/run_1 launch_id=selena_3584837 slurm_job_id=3584837 launched_at=2026-09-27T14:23:37.984254+00:00
[2026-09-27 14:23:37 UTC] predict_validation method=vanilla_univariate Coastal_T_S/20T/short
TIME run allocation action=new run=/fslarge/scratch/users/h61084/codes/selectime/outputs/selectime/chronos2/predictions/validation/vanilla_univariate/Coastal_T_S/20T/medium/run_1 launch_id=selena_3584837 slurm_job_id=3584837 launched_at=2026-09-27T14:23:39.415990+00:00
[2026-09-27 14:23:39 UTC] predict_validation method=vanilla_univariate Coastal_T_S/20T/medium
TIME run allocation action=new run=/fslarge/scratch/users/h61084/codes/selectime/outputs/selectime/chronos2/predictions/validation/vanilla_univariate/Coastal_T_S/20T/long/run_1 launch_id=selena_3584837 slurm_job_id=3584837 launched_at=2026-09-27T14:23:39.616532+00:00
[2026-09-27 14:23:39 UTC] predict_validation method=vanilla_univariate Coastal_T_S/20T/long
TIME run allocation action=new run=/fslarge/scratch/users/h61084/codes/selectime/outputs/selectime/chronos2/predictions/validation/vanilla_univariate/Coastal_T_S/H/short/run_1 launch_id=selena_3584837 slurm_job_id=3584837 launched_at=2026-09-27T14:23:39.776613+00:00
[2026-09-27 14:23:39 UTC] predict_validation method=vanilla_univariate Coastal_T_S/H/short
TIME run allocation action=new run=/fslarge/scratch/users/h61084/codes/selectime/outputs/selectime/chronos2/predictions/validation/vanilla_univariate/Coastal_T_S/H/medium/run_1 launch_id=selena_3584837 slurm_job_id=3584837 launched_at=2026-09-27T14:23:45.425671+00:00
[2026-09-27 14:23:45 UTC] predict_validation method=vanilla_univariate Coastal_T_S/H/medium
TIME run allocation action=new run=/fslarge/scratch/users/h61084/codes/selectime/outputs/selectime/chronos2/predictions/validation/vanilla_univariate/Coastal_T_S/H/long/run_1 launch_id=selena_3584837 slurm_job_id=3584837 launched_at=2026-09-27T14:23:46.352447+00:00
[2026-09-27 14:23:46 UTC] predict_validation method=vanilla_univariate Coastal_T_S/H/long
TIME run allocation action=new run=/fslarge/scratch/users/h61084/codes/selectime/outputs/selectime/chronos2/predictions/validation/vanilla_univariate/SG_Weather/D/short/run_1 launch_id=selena_3584837 slurm_job_id=3584837 launched_at=2026-09-27T14:23:46.766371+00:00
[2026-09-27 14:23:46 UTC] predict_validation method=vanilla_univariate SG_Weather/D/short
TIME run allocation action=new run=/fslarge/scratch/users/h61084/codes/selectime/outputs/selectime/chronos2/predictions/validation/vanilla_univariate/SG_Weather/D/medium/run_1 launch_id=selena_3584837 slurm_job_id=3584837 launched_at=2026-09-27T14:23:50.732411+00:00
[2026-09-27 14:23:50 UTC] predict_validation method=vanilla_univariate SG_Weather/D/medium
TIME run allocation action=new run=/fslarge/scratch/users/h61084/codes/selectime/outputs/selectime/chronos2/predictions/validation/vanilla_univariate/SG_Weather/D/long/run_1 launch_id=selena_3584837 slurm_job_id=3584837 launched_at=2026-09-27T14:23:52.441700+00:00
[2026-09-27 14:23:52 UTC] predict_validation method=vanilla_univariate SG_Weather/D/long
TIME run allocation action=new run=/fslarge/scratch/users/h61084/codes/selectime/outputs/selectime/chronos2/predictions/validation/vanilla_univariate/SG_PM25/H/short/run_1 launch_id=selena_3584837 slurm_job_id=3584837 launched_at=2026-09-27T14:23:53.340494+00:00
[2026-09-27 14:23:53 UTC] predict_validation method=vanilla_univariate SG_PM25/H/short
TIME run allocation action=new run=/fslarge/scratch/users/h61084/codes/selectime/outputs/selectime/chronos2/predictions/validation/vanilla_univariate/SG_PM25/H/medium/run_1 launch_id=selena_3584837 slurm_job_id=3584837 launched_at=2026-09-27T14:23:55.418123+00:00
[2026-09-27 14:23:55 UTC] predict_validation method=vanilla_univariate SG_PM25/H/medium
TIME run allocation action=new run=/fslarge/scratch/users/h61084/codes/selectime/outputs/selectime/chronos2/predictions/validation/vanilla_univariate/SG_PM25/H/long/run_1 launch_id=selena_3584837 slurm_job_id=3584837 launched_at=2026-09-27T14:23:56.097186+00:00
[2026-09-27 14:23:56 UTC] predict_validation method=vanilla_univariate SG_PM25/H/long
TIME run allocation action=new run=/fslarge/scratch/users/h61084/codes/selectime/outputs/selectime/chronos2/predictions/validation/vanilla_univariate/NE_China_Wind/H/short/run_1 launch_id=selena_3584837 slurm_job_id=3584837 launched_at=2026-09-27T14:23:56.408353+00:00
[2026-09-27 14:23:56 UTC] predict_validation method=vanilla_univariate NE_China_Wind/H/short
TIME run allocation action=new run=/fslarge/scratch/users/h61084/codes/selectime/outputs/selectime/chronos2/predictions/validation/vanilla_univariate/NE_China_Wind/H/medium/run_1 launch_id=selena_3584837 slurm_job_id=3584837 launched_at=2026-09-27T14:23:56.945341+00:00
[2026-09-27 14:23:56 UTC] predict_validation method=vanilla_univariate NE_China_Wind/H/medium
TIME run allocation action=new run=/fslarge/scratch/users/h61084/codes/selectime/outputs/selectime/chronos2/predictions/validation/vanilla_univariate/NE_China_Wind/H/long/run_1 launch_id=selena_3584837 slurm_job_id=3584837 launched_at=2026-09-27T14:23:57.142279+00:00
[2026-09-27 14:23:57 UTC] predict_validation method=vanilla_univariate NE_China_Wind/H/long
TIME run allocation action=new run=/fslarge/scratch/users/h61084/codes/selectime/outputs/selectime/chronos2/predictions/validation/vanilla_univariate/Australia_Solar/H/short/run_1 launch_id=selena_3584837 slurm_job_id=3584837 launched_at=2026-09-27T14:23:57.251100+00:00
[2026-09-27 14:23:57 UTC] predict_validation method=vanilla_univariate Australia_Solar/H/short
TIME run allocation action=new run=/fslarge/scratch/users/h61084/codes/selectime/outputs/selectime/chronos2/predictions/validation/vanilla_univariate/Australia_Solar/H/medium/run_1 launch_id=selena_3584837 slurm_job_id=3584837 launched_at=2026-09-27T14:23:58.677407+00:00
[2026-09-27 14:23:58 UTC] predict_validation method=vanilla_univariate Australia_Solar/H/medium
TIME run allocation action=new run=/fslarge/scratch/users/h61084/codes/selectime/outputs/selectime/chronos2/predictions/validation/vanilla_univariate/Australia_Solar/H/long/run_1 launch_id=selena_3584837 slurm_job_id=3584837 launched_at=2026-09-27T14:23:59.165682+00:00
[2026-09-27 14:23:59 UTC] predict_validation method=vanilla_univariate Australia_Solar/H/long
TIME run allocation action=new run=/fslarge/scratch/users/h61084/codes/selectime/outputs/selectime/chronos2/predictions/validation/vanilla_univariate/epf_electricity_price/H/short/run_1 launch_id=selena_3584837 slurm_job_id=3584837 launched_at=2026-09-27T14:23:59.440646+00:00
[2026-09-27 14:23:59 UTC] predict_validation method=vanilla_univariate epf_electricity_price/H/short
TIME run allocation action=new run=/fslarge/scratch/users/h61084/codes/selectime/outputs/selectime/chronos2/predictions/validation/vanilla_univariate/epf_electricity_price/H/medium/run_1 launch_id=selena_3584837 slurm_job_id=3584837 launched_at=2026-09-27T14:24:01.825783+00:00
[2026-09-27 14:24:01 UTC] predict_validation method=vanilla_univariate epf_electricity_price/H/medium
TIME run allocation action=new run=/fslarge/scratch/users/h61084/codes/selectime/outputs/selectime/chronos2/predictions/validation/vanilla_univariate/epf_electricity_price/H/long/run_1 launch_id=selena_3584837 slurm_job_id=3584837 launched_at=2026-09-27T14:24:02.654487+00:00
[2026-09-27 14:24:02 UTC] predict_validation method=vanilla_univariate epf_electricity_price/H/long
TIME run allocation action=new run=/fslarge/scratch/users/h61084/codes/selectime/outputs/selectime/chronos2/predictions/validation/vanilla_univariate/OpenElectricity_NEM/5T/short/run_1 launch_id=selena_3584837 slurm_job_id=3584837 launched_at=2026-09-27T14:24:03.104054+00:00
[2026-09-27 14:24:03 UTC] predict_validation method=vanilla_univariate OpenElectricity_NEM/5T/short
TIME run allocation action=new run=/fslarge/scratch/users/h61084/codes/selectime/outputs/selectime/chronos2/predictions/validation/vanilla_univariate/OpenElectricity_NEM/5T/medium/run_1 launch_id=selena_3584837 slurm_job_id=3584837 launched_at=2026-09-27T14:24:10.577050+00:00
[2026-09-27 14:24:10 UTC] predict_validation method=vanilla_univariate OpenElectricity_NEM/5T/medium
TIME run allocation action=new run=/fslarge/scratch/users/h61084/codes/selectime/outputs/selectime/chronos2/predictions/validation/vanilla_univariate/OpenElectricity_NEM/5T/long/run_1 launch_id=selena_3584837 slurm_job_id=3584837 launched_at=2026-09-27T14:24:12.491236+00:00
[2026-09-27 14:24:12 UTC] predict_validation method=vanilla_univariate OpenElectricity_NEM/5T/long
TIME run allocation action=new run=/fslarge/scratch/users/h61084/codes/selectime/outputs/selectime/chronos2/predictions/validation/vanilla_univariate/EWELD_Load/15T/short/run_1 launch_id=selena_3584837 slurm_job_id=3584837 launched_at=2026-09-27T14:24:13.145652+00:00
[2026-09-27 14:24:13 UTC] predict_validation method=vanilla_univariate EWELD_Load/15T/short
TIME run allocation action=new run=/fslarge/scratch/users/h61084/codes/selectime/outputs/selectime/chronos2/predictions/validation/vanilla_univariate/EWELD_Load/15T/medium/run_1 launch_id=selena_3584837 slurm_job_id=3584837 launched_at=2026-09-27T14:24:15.658393+00:00
[2026-09-27 14:24:15 UTC] predict_validation method=vanilla_univariate EWELD_Load/15T/medium
TIME run allocation action=new run=/fslarge/scratch/users/h61084/codes/selectime/outputs/selectime/chronos2/predictions/validation/vanilla_univariate/EWELD_Load/15T/long/run_1 launch_id=selena_3584837 slurm_job_id=3584837 launched_at=2026-09-27T14:24:16.293322+00:00
[2026-09-27 14:24:16 UTC] predict_validation method=vanilla_univariate EWELD_Load/15T/long
TIME run allocation action=new run=/fslarge/scratch/users/h61084/codes/selectime/outputs/selectime/chronos2/predictions/validation/vanilla_univariate/SG_Carpark/15T/short/run_1 launch_id=selena_3584837 slurm_job_id=3584837 launched_at=2026-09-27T14:24:17.361823+00:00
[2026-09-27 14:24:17 UTC] predict_validation method=vanilla_univariate SG_Carpark/15T/short
TIME run allocation action=new run=/fslarge/scratch/users/h61084/codes/selectime/outputs/selectime/chronos2/predictions/validation/vanilla_univariate/SG_Carpark/15T/medium/run_1 launch_id=selena_3584837 slurm_job_id=3584837 launched_at=2026-09-27T14:25:23.331942+00:00
[2026-09-27 14:25:23 UTC] predict_validation method=vanilla_univariate SG_Carpark/15T/medium
TIME run allocation action=new run=/fslarge/scratch/users/h61084/codes/selectime/outputs/selectime/chronos2/predictions/validation/vanilla_univariate/SG_Carpark/15T/long/run_1 launch_id=selena_3584837 slurm_job_id=3584837 launched_at=2026-09-27T14:25:34.705049+00:00
[2026-09-27 14:25:34 UTC] predict_validation method=vanilla_univariate SG_Carpark/15T/long
TIME run allocation action=new run=/fslarge/scratch/users/h61084/codes/selectime/outputs/selectime/chronos2/predictions/validation/vanilla_univariate/Finland_Traffic/15T/short/run_1 launch_id=selena_3584837 slurm_job_id=3584837 launched_at=2026-09-27T14:25:34.786272+00:00
[2026-09-27 14:25:34 UTC] predict_validation method=vanilla_univariate Finland_Traffic/15T/short
TIME run allocation action=new run=/fslarge/scratch/users/h61084/codes/selectime/outputs/selectime/chronos2/predictions/validation/vanilla_univariate/Finland_Traffic/15T/medium/run_1 launch_id=selena_3584837 slurm_job_id=3584837 launched_at=2026-09-27T14:25:35.613615+00:00
[2026-09-27 14:25:35 UTC] predict_validation method=vanilla_univariate Finland_Traffic/15T/medium
TIME run allocation action=new run=/fslarge/scratch/users/h61084/codes/selectime/outputs/selectime/chronos2/predictions/validation/vanilla_univariate/Finland_Traffic/15T/long/run_1 launch_id=selena_3584837 slurm_job_id=3584837 launched_at=2026-09-27T14:25:35.793586+00:00
[2026-09-27 14:25:35 UTC] predict_validation method=vanilla_univariate Finland_Traffic/15T/long
TIME run allocation action=new run=/fslarge/scratch/users/h61084/codes/selectime/outputs/selectime/chronos2/predictions/validation/vanilla_univariate/Port_Activity/D/short/run_1 launch_id=selena_3584837 slurm_job_id=3584837 launched_at=2026-09-27T14:25:35.959751+00:00
[2026-09-27 14:25:35 UTC] predict_validation method=vanilla_univariate Port_Activity/D/short
TIME run allocation action=new run=/fslarge/scratch/users/h61084/codes/selectime/outputs/selectime/chronos2/predictions/validation/vanilla_univariate/Port_Activity/W/short/run_1 launch_id=selena_3584837 slurm_job_id=3584837 launched_at=2026-09-27T14:25:38.321363+00:00
[2026-09-27 14:25:38 UTC] predict_validation method=vanilla_univariate Port_Activity/W/short
TIME run allocation action=new run=/fslarge/scratch/users/h61084/codes/selectime/outputs/selectime/chronos2/predictions/validation/vanilla_univariate/ECDC_COVID/D/short/run_1 launch_id=selena_3584837 slurm_job_id=3584837 launched_at=2026-09-27T14:25:38.750050+00:00
[2026-09-27 14:25:38 UTC] predict_validation method=vanilla_univariate ECDC_COVID/D/short
TIME run allocation action=new run=/fslarge/scratch/users/h61084/codes/selectime/outputs/selectime/chronos2/predictions/validation/vanilla_univariate/ECDC_COVID/W/short/run_1 launch_id=selena_3584837 slurm_job_id=3584837 launched_at=2026-09-27T14:25:38.824291+00:00
[2026-09-27 14:25:38 UTC] predict_validation method=vanilla_univariate ECDC_COVID/W/short
TIME run allocation action=new run=/fslarge/scratch/users/h61084/codes/selectime/outputs/selectime/chronos2/predictions/validation/vanilla_univariate/Global_Influenza/W/short/run_1 launch_id=selena_3584837 slurm_job_id=3584837 launched_at=2026-09-27T14:25:38.901499+00:00
[2026-09-27 14:25:38 UTC] predict_validation method=vanilla_univariate Global_Influenza/W/short
TIME run allocation action=new run=/fslarge/scratch/users/h61084/codes/selectime/outputs/selectime/chronos2/predictions/validation/vanilla_univariate/Crypto/D/short/run_1 launch_id=selena_3584837 slurm_job_id=3584837 launched_at=2026-09-27T14:25:39.063473+00:00
[2026-09-27 14:25:39 UTC] predict_validation method=vanilla_univariate Crypto/D/short
TIME run allocation action=new run=/fslarge/scratch/users/h61084/codes/selectime/outputs/selectime/chronos2/predictions/validation/vanilla_univariate/US_Term_Structure/B/short/run_1 launch_id=selena_3584837 slurm_job_id=3584837 launched_at=2026-09-27T14:25:39.219408+00:00
[2026-09-27 14:25:39 UTC] predict_validation method=vanilla_univariate US_Term_Structure/B/short
TIME run allocation action=new run=/fslarge/scratch/users/h61084/codes/selectime/outputs/selectime/chronos2/predictions/validation/vanilla_univariate/Oil_Price/B/short/run_1 launch_id=selena_3584837 slurm_job_id=3584837 launched_at=2026-09-27T14:25:45.188799+00:00
[2026-09-27 14:25:45 UTC] predict_validation method=vanilla_univariate Oil_Price/B/short
TIME run allocation action=new run=/fslarge/scratch/users/h61084/codes/selectime/outputs/selectime/chronos2/predictions/validation/vanilla_univariate/Job_Claims/W/short/run_1 launch_id=selena_3584837 slurm_job_id=3584837 launched_at=2026-09-27T14:25:46.186445+00:00
[2026-09-27 14:25:46 UTC] predict_validation method=vanilla_univariate Job_Claims/W/short
TIME run allocation action=new run=/fslarge/scratch/users/h61084/codes/selectime/outputs/selectime/chronos2/predictions/validation/vanilla_univariate/Uncertainty_1M/M/short/run_1 launch_id=selena_3584837 slurm_job_id=3584837 launched_at=2026-09-27T14:25:46.238085+00:00
[2026-09-27 14:25:46 UTC] predict_validation method=vanilla_univariate Uncertainty_1M/M/short
TIME run allocation action=new run=/fslarge/scratch/users/h61084/codes/selectime/outputs/selectime/chronos2/predictions/validation/vanilla_univariate/Housing_Inventory/M/short/run_1 launch_id=selena_3584837 slurm_job_id=3584837 launched_at=2026-09-27T14:25:46.288505+00:00
[2026-09-27 14:25:46 UTC] predict_validation method=vanilla_univariate Housing_Inventory/M/short
TIME run allocation action=new run=/fslarge/scratch/users/h61084/codes/selectime/outputs/selectime/chronos2/predictions/validation/vanilla_univariate/JOLTS/M/short/run_1 launch_id=selena_3584837 slurm_job_id=3584837 launched_at=2026-09-27T14:25:46.338349+00:00
[2026-09-27 14:25:46 UTC] predict_validation method=vanilla_univariate JOLTS/M/short
TIME run allocation action=new run=/fslarge/scratch/users/h61084/codes/selectime/outputs/selectime/chronos2/predictions/validation/vanilla_univariate/US_Labor/M/short/run_1 launch_id=selena_3584837 slurm_job_id=3584837 launched_at=2026-09-27T14:25:46.390943+00:00
[2026-09-27 14:25:46 UTC] predict_validation method=vanilla_univariate US_Labor/M/short
TIME run allocation action=new run=/fslarge/scratch/users/h61084/codes/selectime/outputs/selectime/chronos2/predictions/validation/vanilla_univariate/Vehicle_Supply/M/short/run_1 launch_id=selena_3584837 slurm_job_id=3584837 launched_at=2026-09-27T14:25:46.472149+00:00
[2026-09-27 14:25:46 UTC] predict_validation method=vanilla_univariate Vehicle_Supply/M/short
TIME run allocation action=new run=/fslarge/scratch/users/h61084/codes/selectime/outputs/selectime/chronos2/predictions/validation/vanilla_univariate/Auto_Production_SF/M/short/run_1 launch_id=selena_3584837 slurm_job_id=3584837 launched_at=2026-09-27T14:25:46.521952+00:00
[2026-09-27 14:25:46 UTC] predict_validation method=vanilla_univariate Auto_Production_SF/M/short
TIME run allocation action=new run=/fslarge/scratch/users/h61084/codes/selectime/outputs/selectime/chronos2/predictions/validation/vanilla_univariate/Commodity_Production/M/short/run_1 launch_id=selena_3584837 slurm_job_id=3584837 launched_at=2026-09-27T14:25:46.576430+00:00
[2026-09-27 14:25:46 UTC] predict_validation method=vanilla_univariate Commodity_Production/M/short
TIME run allocation action=new run=/fslarge/scratch/users/h61084/codes/selectime/outputs/selectime/chronos2/predictions/validation/vanilla_univariate/Commodity_Import/M/short/run_1 launch_id=selena_3584837 slurm_job_id=3584837 launched_at=2026-09-27T14:25:46.693785+00:00
[2026-09-27 14:25:46 UTC] predict_validation method=vanilla_univariate Commodity_Import/M/short
TIME run allocation action=new run=/fslarge/scratch/users/h61084/codes/selectime/outputs/selectime/chronos2/predictions/validation/vanilla_univariate/WUI_Global/Q/short/run_1 launch_id=selena_3584837 slurm_job_id=3584837 launched_at=2026-09-27T14:25:46.760413+00:00
[2026-09-27 14:25:46 UTC] predict_validation method=vanilla_univariate WUI_Global/Q/short
TIME run allocation action=new run=/fslarge/scratch/users/h61084/codes/selectime/outputs/selectime/chronos2/predictions/validation/vanilla_univariate/Global_Price/Q/short/run_1 launch_id=selena_3584837 slurm_job_id=3584837 launched_at=2026-09-27T14:25:46.845661+00:00
[2026-09-27 14:25:46 UTC] predict_validation method=vanilla_univariate Global_Price/Q/short
TIME run allocation action=new run=/fslarge/scratch/users/h61084/codes/selectime/outputs/selectime/chronos2/predictions/validation/vanilla_univariate/Vehicle_Sales/M/short/run_1 launch_id=selena_3584837 slurm_job_id=3584837 launched_at=2026-09-27T14:25:47.029902+00:00
[2026-09-27 14:25:47 UTC] predict_validation method=vanilla_univariate Vehicle_Sales/M/short
TIME run allocation action=new run=/fslarge/scratch/users/h61084/codes/selectime/outputs/selectime/chronos2/predictions/validation/vanilla_univariate/Online_Retail_2_UCI/D/short/run_1 launch_id=selena_3584837 slurm_job_id=3584837 launched_at=2026-09-27T14:25:47.095880+00:00
[2026-09-27 14:25:47 UTC] predict_validation method=vanilla_univariate Online_Retail_2_UCI/D/short
TIME run allocation action=new run=/fslarge/scratch/users/h61084/codes/selectime/outputs/selectime/chronos2/predictions/validation/vanilla_univariate/Supply_Chain_Customer/D/short/run_1 launch_id=selena_3584837 slurm_job_id=3584837 launched_at=2026-09-27T14:25:47.156971+00:00
[2026-09-27 14:25:47 UTC] predict_validation method=vanilla_univariate Supply_Chain_Customer/D/short
TIME run allocation action=new run=/fslarge/scratch/users/h61084/codes/selectime/outputs/selectime/chronos2/predictions/validation/vanilla_univariate/Supply_Chain_Location/D/short/run_1 launch_id=selena_3584837 slurm_job_id=3584837 launched_at=2026-09-27T14:25:47.551173+00:00
[2026-09-27 14:25:47 UTC] predict_validation method=vanilla_univariate Supply_Chain_Location/D/short
TIME run allocation action=new run=/fslarge/scratch/users/h61084/codes/selectime/outputs/selectime/chronos2/predictions/validation/vanilla_univariate/azure2019_U/5T/short/run_1 launch_id=selena_3584837 slurm_job_id=3584837 launched_at=2026-09-27T14:25:48.156915+00:00
[2026-09-27 14:25:48 UTC] predict_validation method=vanilla_univariate azure2019_U/5T/short
TIME run allocation action=new run=/fslarge/scratch/users/h61084/codes/selectime/outputs/selectime/chronos2/predictions/validation/vanilla_univariate/Smart_Manufacturing/H/short/run_1 launch_id=selena_3584837 slurm_job_id=3584837 launched_at=2026-09-27T14:25:49.337594+00:00
[2026-09-27 14:25:49 UTC] predict_validation method=vanilla_univariate Smart_Manufacturing/H/short
TIME run allocation action=new run=/fslarge/scratch/users/h61084/codes/selectime/outputs/selectime/chronos2/predictions/validation/vanilla_univariate/Smart_Manufacturing/H/medium/run_1 launch_id=selena_3584837 slurm_job_id=3584837 launched_at=2026-09-27T14:25:51.318254+00:00
[2026-09-27 14:25:51 UTC] predict_validation method=vanilla_univariate Smart_Manufacturing/H/medium
TIME run allocation action=new run=/fslarge/scratch/users/h61084/codes/selectime/outputs/selectime/chronos2/predictions/validation/vanilla_univariate/Smart_Manufacturing/H/long/run_1 launch_id=selena_3584837 slurm_job_id=3584837 launched_at=2026-09-27T14:25:51.615181+00:00
[2026-09-27 14:25:51 UTC] predict_validation method=vanilla_univariate Smart_Manufacturing/H/long
TIME run allocation action=new run=/fslarge/scratch/users/h61084/codes/selectime/outputs/selectime/chronos2/predictions/validation/vanilla_univariate/MetroPT-3/5T/short/run_1 launch_id=selena_3584837 slurm_job_id=3584837 launched_at=2026-09-27T14:25:51.671528+00:00
[2026-09-27 14:25:51 UTC] predict_validation method=vanilla_univariate MetroPT-3/5T/short
TIME run allocation action=new run=/fslarge/scratch/users/h61084/codes/selectime/outputs/selectime/chronos2/predictions/validation/vanilla_univariate/MetroPT-3/5T/medium/run_1 launch_id=selena_3584837 slurm_job_id=3584837 launched_at=2026-09-27T14:25:52.544812+00:00
[2026-09-27 14:25:52 UTC] predict_validation method=vanilla_univariate MetroPT-3/5T/medium
TIME run allocation action=new run=/fslarge/scratch/users/h61084/codes/selectime/outputs/selectime/chronos2/predictions/validation/vanilla_univariate/MetroPT-3/5T/long/run_1 launch_id=selena_3584837 slurm_job_id=3584837 launched_at=2026-09-27T14:25:52.749108+00:00
[2026-09-27 14:25:52 UTC] predict_validation method=vanilla_univariate MetroPT-3/5T/long
[2026-09-27 14:26:02 UTC] Slurm=3584837 launch=selena_3584837 stage=predict_validation prediction_group=remaining
[2026-09-27 14:26:03 UTC] dataset_config=/fssmall/home/h61084/codes/selectime/src/timebench/config/datasets.yaml applied_keys=datasets,selectime_tasks tasks=90
[2026-09-27 14:26:03 UTC] resources selected_device {"component": "selectime", "device": "cuda", "stage": "predict_validation"}
[2026-09-27 14:26:03 UTC] stage=predict_validation tasks=90 seed=0 Slurm=3584837
[2026-09-27 16:26:03,969][datasets][INFO] - PyTorch version 2.9.1 available.
TIME run allocation action=new run=/fslarge/scratch/users/h61084/codes/selectime/outputs/selectime/chronos2/predictions/validation/vanilla_multivariate/Water_Quality_Darwin/15T/short/run_1 launch_id=selena_3584837 slurm_job_id=3584837 launched_at=2026-09-27T14:26:04.385828+00:00
[2026-09-27 14:26:04 UTC] predict_validation method=vanilla_multivariate Water_Quality_Darwin/15T/short
[2026-09-27 14:26:11 UTC] resources selected_device {"device": "cuda", "model": "chronos2", "stage": "forecast"}
TIME run allocation action=new run=/fslarge/scratch/users/h61084/codes/selectime/outputs/selectime/chronos2/predictions/validation/top_k_1/Water_Quality_Darwin/15T/short/run_1 launch_id=selena_3584837 slurm_job_id=3584837 launched_at=2026-09-27T14:26:29.425025+00:00
[2026-09-27 14:26:29 UTC] predict_validation method=top_k_1 Water_Quality_Darwin/15T/short
TIME run allocation action=new run=/fslarge/scratch/users/h61084/codes/selectime/outputs/selectime/chronos2/predictions/validation/top_k_5/Water_Quality_Darwin/15T/short/run_1 launch_id=selena_3584837 slurm_job_id=3584837 launched_at=2026-09-27T14:27:03.996598+00:00
[2026-09-27 14:27:03 UTC] predict_validation method=top_k_5 Water_Quality_Darwin/15T/short
TIME run allocation action=new run=/fslarge/scratch/users/h61084/codes/selectime/outputs/selectime/chronos2/predictions/validation/top_k_10/Water_Quality_Darwin/15T/short/run_1 launch_id=selena_3584837 slurm_job_id=3584837 launched_at=2026-09-27T14:29:04.490909+00:00
[2026-09-27 14:29:04 UTC] predict_validation method=top_k_10 Water_Quality_Darwin/15T/short
TIME run allocation action=new run=/fslarge/scratch/users/h61084/codes/selectime/outputs/selectime/chronos2/predictions/validation/top_k_15/Water_Quality_Darwin/15T/short/run_1 launch_id=selena_3584837 slurm_job_id=3584837 launched_at=2026-09-27T14:33:01.503635+00:00
[2026-09-27 14:33:01 UTC] predict_validation method=top_k_15 Water_Quality_Darwin/15T/short
TIME run allocation action=new run=/fslarge/scratch/users/h61084/codes/selectime/outputs/selectime/chronos2/predictions/validation/top_k_20/Water_Quality_Darwin/15T/short/run_1 launch_id=selena_3584837 slurm_job_id=3584837 launched_at=2026-09-27T14:38:53.202435+00:00
[2026-09-27 14:38:53 UTC] predict_validation method=top_k_20 Water_Quality_Darwin/15T/short
TIME run allocation action=new run=/fslarge/scratch/users/h61084/codes/selectime/outputs/selectime/chronos2/predictions/validation/vanilla_multivariate/Water_Quality_Darwin/15T/medium/run_1 launch_id=selena_3584837 slurm_job_id=3584837 launched_at=2026-09-27T14:46:42.492578+00:00
[2026-09-27 14:46:42 UTC] predict_validation method=vanilla_multivariate Water_Quality_Darwin/15T/medium
TIME run allocation action=new run=/fslarge/scratch/users/h61084/codes/selectime/outputs/selectime/chronos2/predictions/validation/top_k_1/Water_Quality_Darwin/15T/medium/run_1 launch_id=selena_3584837 slurm_job_id=3584837 launched_at=2026-09-27T14:46:45.565618+00:00
[2026-09-27 14:46:45 UTC] predict_validation method=top_k_1 Water_Quality_Darwin/15T/medium
TIME run allocation action=new run=/fslarge/scratch/users/h61084/codes/selectime/outputs/selectime/chronos2/predictions/validation/top_k_5/Water_Quality_Darwin/15T/medium/run_1 launch_id=selena_3584837 slurm_job_id=3584837 launched_at=2026-09-27T14:46:51.886300+00:00
[2026-09-27 14:46:51 UTC] predict_validation method=top_k_5 Water_Quality_Darwin/15T/medium
TIME run allocation action=new run=/fslarge/scratch/users/h61084/codes/selectime/outputs/selectime/chronos2/predictions/validation/top_k_10/Water_Quality_Darwin/15T/medium/run_1 launch_id=selena_3584837 slurm_job_id=3584837 launched_at=2026-09-27T14:47:12.638614+00:00
[2026-09-27 14:47:12 UTC] predict_validation method=top_k_10 Water_Quality_Darwin/15T/medium
TIME run allocation action=new run=/fslarge/scratch/users/h61084/codes/selectime/outputs/selectime/chronos2/predictions/validation/top_k_15/Water_Quality_Darwin/15T/medium/run_1 launch_id=selena_3584837 slurm_job_id=3584837 launched_at=2026-09-27T14:47:53.029949+00:00
[2026-09-27 14:47:53 UTC] predict_validation method=top_k_15 Water_Quality_Darwin/15T/medium
TIME run allocation action=new run=/fslarge/scratch/users/h61084/codes/selectime/outputs/selectime/chronos2/predictions/validation/top_k_20/Water_Quality_Darwin/15T/medium/run_1 launch_id=selena_3584837 slurm_job_id=3584837 launched_at=2026-09-27T14:48:53.012355+00:00
[2026-09-27 14:48:53 UTC] predict_validation method=top_k_20 Water_Quality_Darwin/15T/medium
TIME run allocation action=new run=/fslarge/scratch/users/h61084/codes/selectime/outputs/selectime/chronos2/predictions/validation/vanilla_multivariate/Water_Quality_Darwin/15T/long/run_1 launch_id=selena_3584837 slurm_job_id=3584837 launched_at=2026-09-27T14:50:12.889475+00:00
[2026-09-27 14:50:12 UTC] predict_validation method=vanilla_multivariate Water_Quality_Darwin/15T/long
TIME run allocation action=new run=/fslarge/scratch/users/h61084/codes/selectime/outputs/selectime/chronos2/predictions/validation/top_k_1/Water_Quality_Darwin/15T/long/run_1 launch_id=selena_3584837 slurm_job_id=3584837 launched_at=2026-09-27T14:50:13.986209+00:00
[2026-09-27 14:50:13 UTC] predict_validation method=top_k_1 Water_Quality_Darwin/15T/long
TIME run allocation action=new run=/fslarge/scratch/users/h61084/codes/selectime/outputs/selectime/chronos2/predictions/validation/top_k_5/Water_Quality_Darwin/15T/long/run_1 launch_id=selena_3584837 slurm_job_id=3584837 launched_at=2026-09-27T14:50:16.323362+00:00
[2026-09-27 14:50:16 UTC] predict_validation method=top_k_5 Water_Quality_Darwin/15T/long
TIME run allocation action=new run=/fslarge/scratch/users/h61084/codes/selectime/outputs/selectime/chronos2/predictions/validation/top_k_10/Water_Quality_Darwin/15T/long/run_1 launch_id=selena_3584837 slurm_job_id=3584837 launched_at=2026-09-27T14:50:23.649776+00:00
[2026-09-27 14:50:23 UTC] predict_validation method=top_k_10 Water_Quality_Darwin/15T/long
TIME run allocation action=new run=/fslarge/scratch/users/h61084/codes/selectime/outputs/selectime/chronos2/predictions/validation/top_k_15/Water_Quality_Darwin/15T/long/run_1 launch_id=selena_3584837 slurm_job_id=3584837 launched_at=2026-09-27T14:50:37.492794+00:00
[2026-09-27 14:50:37 UTC] predict_validation method=top_k_15 Water_Quality_Darwin/15T/long
TIME run allocation action=new run=/fslarge/scratch/users/h61084/codes/selectime/outputs/selectime/chronos2/predictions/validation/top_k_20/Water_Quality_Darwin/15T/long/run_1 launch_id=selena_3584837 slurm_job_id=3584837 launched_at=2026-09-27T14:50:58.089670+00:00
[2026-09-27 14:50:58 UTC] predict_validation method=top_k_20 Water_Quality_Darwin/15T/long
TIME run allocation action=new run=/fslarge/scratch/users/h61084/codes/selectime/outputs/selectime/chronos2/predictions/validation/vanilla_multivariate/current_velocity/5T/short/run_1 launch_id=selena_3584837 slurm_job_id=3584837 launched_at=2026-09-27T14:51:25.409406+00:00
[2026-09-27 14:51:25 UTC] predict_validation method=vanilla_multivariate current_velocity/5T/short
TIME run allocation action=new run=/fslarge/scratch/users/h61084/codes/selectime/outputs/selectime/chronos2/predictions/validation/top_k_1/current_velocity/5T/short/run_1 launch_id=selena_3584837 slurm_job_id=3584837 launched_at=2026-09-27T14:51:28.904142+00:00
[2026-09-27 14:51:28 UTC] predict_validation method=top_k_1 current_velocity/5T/short
TIME run allocation action=new run=/fslarge/scratch/users/h61084/codes/selectime/outputs/selectime/chronos2/predictions/validation/top_k_5/current_velocity/5T/short/run_1 launch_id=selena_3584837 slurm_job_id=3584837 launched_at=2026-09-27T14:51:35.603391+00:00
[2026-09-27 14:51:35 UTC] predict_validation method=top_k_5 current_velocity/5T/short
TIME run allocation action=new run=/fslarge/scratch/users/h61084/codes/selectime/outputs/selectime/chronos2/predictions/validation/top_k_10/current_velocity/5T/short/run_1 launch_id=selena_3584837 slurm_job_id=3584837 launched_at=2026-09-27T14:51:56.600455+00:00
[2026-09-27 14:51:56 UTC] predict_validation method=top_k_10 current_velocity/5T/short
TIME run allocation action=new run=/fslarge/scratch/users/h61084/codes/selectime/outputs/selectime/chronos2/predictions/validation/top_k_15/current_velocity/5T/short/run_1 launch_id=selena_3584837 slurm_job_id=3584837 launched_at=2026-09-27T14:52:36.322201+00:00
[2026-09-27 14:52:36 UTC] predict_validation method=top_k_15 current_velocity/5T/short
TIME run allocation action=new run=/fslarge/scratch/users/h61084/codes/selectime/outputs/selectime/chronos2/predictions/validation/top_k_20/current_velocity/5T/short/run_1 launch_id=selena_3584837 slurm_job_id=3584837 launched_at=2026-09-27T14:53:33.888443+00:00
[2026-09-27 14:53:33 UTC] predict_validation method=top_k_20 current_velocity/5T/short
TIME run allocation action=new run=/fslarge/scratch/users/h61084/codes/selectime/outputs/selectime/chronos2/predictions/validation/vanilla_multivariate/current_velocity/5T/medium/run_1 launch_id=selena_3584837 slurm_job_id=3584837 launched_at=2026-09-27T14:54:50.269662+00:00
[2026-09-27 14:54:50 UTC] predict_validation method=vanilla_multivariate current_velocity/5T/medium
TIME run allocation action=new run=/fslarge/scratch/users/h61084/codes/selectime/outputs/selectime/chronos2/predictions/validation/top_k_1/current_velocity/5T/medium/run_1 launch_id=selena_3584837 slurm_job_id=3584837 launched_at=2026-09-27T14:54:50.721529+00:00
[2026-09-27 14:54:50 UTC] predict_validation method=top_k_1 current_velocity/5T/medium
TIME run allocation action=new run=/fslarge/scratch/users/h61084/codes/selectime/outputs/selectime/chronos2/predictions/validation/top_k_5/current_velocity/5T/medium/run_1 launch_id=selena_3584837 slurm_job_id=3584837 launched_at=2026-09-27T14:54:51.630731+00:00
[2026-09-27 14:54:51 UTC] predict_validation method=top_k_5 current_velocity/5T/medium
TIME run allocation action=new run=/fslarge/scratch/users/h61084/codes/selectime/outputs/selectime/chronos2/predictions/validation/top_k_10/current_velocity/5T/medium/run_1 launch_id=selena_3584837 slurm_job_id=3584837 launched_at=2026-09-27T14:54:54.359573+00:00
[2026-09-27 14:54:54 UTC] predict_validation method=top_k_10 current_velocity/5T/medium
TIME run allocation action=new run=/fslarge/scratch/users/h61084/codes/selectime/outputs/selectime/chronos2/predictions/validation/top_k_15/current_velocity/5T/medium/run_1 launch_id=selena_3584837 slurm_job_id=3584837 launched_at=2026-09-27T14:54:59.491276+00:00
[2026-09-27 14:54:59 UTC] predict_validation method=top_k_15 current_velocity/5T/medium
TIME run allocation action=new run=/fslarge/scratch/users/h61084/codes/selectime/outputs/selectime/chronos2/predictions/validation/top_k_20/current_velocity/5T/medium/run_1 launch_id=selena_3584837 slurm_job_id=3584837 launched_at=2026-09-27T14:55:06.900077+00:00
[2026-09-27 14:55:06 UTC] predict_validation method=top_k_20 current_velocity/5T/medium
TIME run allocation action=new run=/fslarge/scratch/users/h61084/codes/selectime/outputs/selectime/chronos2/predictions/validation/vanilla_multivariate/current_velocity/5T/long/run_1 launch_id=selena_3584837 slurm_job_id=3584837 launched_at=2026-09-27T14:55:16.739427+00:00
[2026-09-27 14:55:16 UTC] predict_validation method=vanilla_multivariate current_velocity/5T/long
TIME run allocation action=new run=/fslarge/scratch/users/h61084/codes/selectime/outputs/selectime/chronos2/predictions/validation/top_k_1/current_velocity/5T/long/run_1 launch_id=selena_3584837 slurm_job_id=3584837 launched_at=2026-09-27T14:55:16.943278+00:00
[2026-09-27 14:55:16 UTC] predict_validation method=top_k_1 current_velocity/5T/long
TIME run allocation action=new run=/fslarge/scratch/users/h61084/codes/selectime/outputs/selectime/chronos2/predictions/validation/top_k_5/current_velocity/5T/long/run_1 launch_id=selena_3584837 slurm_job_id=3584837 launched_at=2026-09-27T14:55:17.283027+00:00
[2026-09-27 14:55:17 UTC] predict_validation method=top_k_5 current_velocity/5T/long
TIME run allocation action=new run=/fslarge/scratch/users/h61084/codes/selectime/outputs/selectime/chronos2/predictions/validation/top_k_10/current_velocity/5T/long/run_1 launch_id=selena_3584837 slurm_job_id=3584837 launched_at=2026-09-27T14:55:18.278204+00:00
[2026-09-27 14:55:18 UTC] predict_validation method=top_k_10 current_velocity/5T/long
TIME run allocation action=new run=/fslarge/scratch/users/h61084/codes/selectime/outputs/selectime/chronos2/predictions/validation/top_k_15/current_velocity/5T/long/run_1 launch_id=selena_3584837 slurm_job_id=3584837 launched_at=2026-09-27T14:55:20.106958+00:00
[2026-09-27 14:55:20 UTC] predict_validation method=top_k_15 current_velocity/5T/long
TIME run allocation action=new run=/fslarge/scratch/users/h61084/codes/selectime/outputs/selectime/chronos2/predictions/validation/top_k_20/current_velocity/5T/long/run_1 launch_id=selena_3584837 slurm_job_id=3584837 launched_at=2026-09-27T14:55:22.756820+00:00
[2026-09-27 14:55:22 UTC] predict_validation method=top_k_20 current_velocity/5T/long
TIME run allocation action=new run=/fslarge/scratch/users/h61084/codes/selectime/outputs/selectime/chronos2/predictions/validation/vanilla_multivariate/current_velocity/10T/short/run_1 launch_id=selena_3584837 slurm_job_id=3584837 launched_at=2026-09-27T14:55:26.557632+00:00
[2026-09-27 14:55:26 UTC] predict_validation method=vanilla_multivariate current_velocity/10T/short
TIME run allocation action=new run=/fslarge/scratch/users/h61084/codes/selectime/outputs/selectime/chronos2/predictions/validation/top_k_1/current_velocity/10T/short/run_1 launch_id=selena_3584837 slurm_job_id=3584837 launched_at=2026-09-27T14:55:59.165243+00:00
[2026-09-27 14:55:59 UTC] predict_validation method=top_k_1 current_velocity/10T/short
TIME run allocation action=new run=/fslarge/scratch/users/h61084/codes/selectime/outputs/selectime/chronos2/predictions/validation/top_k_5/current_velocity/10T/short/run_1 launch_id=selena_3584837 slurm_job_id=3584837 launched_at=2026-09-27T14:57:03.110697+00:00
[2026-09-27 14:57:03 UTC] predict_validation method=top_k_5 current_velocity/10T/short
TIME run allocation action=new run=/fslarge/scratch/users/h61084/codes/selectime/outputs/selectime/chronos2/predictions/validation/top_k_10/current_velocity/10T/short/run_1 launch_id=selena_3584837 slurm_job_id=3584837 launched_at=2026-09-27T15:00:42.193124+00:00
[2026-09-27 15:00:42 UTC] predict_validation method=top_k_10 current_velocity/10T/short
TIME run allocation action=new run=/fslarge/scratch/users/h61084/codes/selectime/outputs/selectime/chronos2/predictions/validation/top_k_15/current_velocity/10T/short/run_1 launch_id=selena_3584837 slurm_job_id=3584837 launched_at=2026-09-27T15:07:59.641915+00:00
[2026-09-27 15:07:59 UTC] predict_validation method=top_k_15 current_velocity/10T/short
TIME run allocation action=new run=/fslarge/scratch/users/h61084/codes/selectime/outputs/selectime/chronos2/predictions/validation/top_k_20/current_velocity/10T/short/run_1 launch_id=selena_3584837 slurm_job_id=3584837 launched_at=2026-09-27T15:18:55.019757+00:00
[2026-09-27 15:18:55 UTC] predict_validation method=top_k_20 current_velocity/10T/short
TIME run allocation action=new run=/fslarge/scratch/users/h61084/codes/selectime/outputs/selectime/chronos2/predictions/validation/vanilla_multivariate/current_velocity/10T/medium/run_1 launch_id=selena_3584837 slurm_job_id=3584837 launched_at=2026-09-27T15:33:40.071078+00:00
[2026-09-27 15:33:40 UTC] predict_validation method=vanilla_multivariate current_velocity/10T/medium
TIME run allocation action=new run=/fslarge/scratch/users/h61084/codes/selectime/outputs/selectime/chronos2/predictions/validation/top_k_1/current_velocity/10T/medium/run_1 launch_id=selena_3584837 slurm_job_id=3584837 launched_at=2026-09-27T15:33:44.505014+00:00
[2026-09-27 15:33:44 UTC] predict_validation method=top_k_1 current_velocity/10T/medium
TIME run allocation action=new run=/fslarge/scratch/users/h61084/codes/selectime/outputs/selectime/chronos2/predictions/validation/top_k_5/current_velocity/10T/medium/run_1 launch_id=selena_3584837 slurm_job_id=3584837 launched_at=2026-09-27T15:33:53.177860+00:00
[2026-09-27 15:33:53 UTC] predict_validation method=top_k_5 current_velocity/10T/medium
TIME run allocation action=new run=/fslarge/scratch/users/h61084/codes/selectime/outputs/selectime/chronos2/predictions/validation/top_k_10/current_velocity/10T/medium/run_1 launch_id=selena_3584837 slurm_job_id=3584837 launched_at=2026-09-27T15:34:21.885186+00:00
[2026-09-27 15:34:21 UTC] predict_validation method=top_k_10 current_velocity/10T/medium
TIME run allocation action=new run=/fslarge/scratch/users/h61084/codes/selectime/outputs/selectime/chronos2/predictions/validation/top_k_15/current_velocity/10T/medium/run_1 launch_id=selena_3584837 slurm_job_id=3584837 launched_at=2026-09-27T15:35:18.316539+00:00
[2026-09-27 15:35:18 UTC] predict_validation method=top_k_15 current_velocity/10T/medium
TIME run allocation action=new run=/fslarge/scratch/users/h61084/codes/selectime/outputs/selectime/chronos2/predictions/validation/top_k_20/current_velocity/10T/medium/run_1 launch_id=selena_3584837 slurm_job_id=3584837 launched_at=2026-09-27T15:36:42.678891+00:00
[2026-09-27 15:36:42 UTC] predict_validation method=top_k_20 current_velocity/10T/medium
TIME run allocation action=new run=/fslarge/scratch/users/h61084/codes/selectime/outputs/selectime/chronos2/predictions/validation/vanilla_multivariate/current_velocity/10T/long/run_1 launch_id=selena_3584837 slurm_job_id=3584837 launched_at=2026-09-27T15:38:36.816954+00:00
[2026-09-27 15:38:36 UTC] predict_validation method=vanilla_multivariate current_velocity/10T/long
TIME run allocation action=new run=/fslarge/scratch/users/h61084/codes/selectime/outputs/selectime/chronos2/predictions/validation/top_k_1/current_velocity/10T/long/run_1 launch_id=selena_3584837 slurm_job_id=3584837 launched_at=2026-09-27T15:38:38.388860+00:00
[2026-09-27 15:38:38 UTC] predict_validation method=top_k_1 current_velocity/10T/long
TIME run allocation action=new run=/fslarge/scratch/users/h61084/codes/selectime/outputs/selectime/chronos2/predictions/validation/top_k_5/current_velocity/10T/long/run_1 launch_id=selena_3584837 slurm_job_id=3584837 launched_at=2026-09-27T15:38:41.751417+00:00
[2026-09-27 15:38:41 UTC] predict_validation method=top_k_5 current_velocity/10T/long
TIME run allocation action=new run=/fslarge/scratch/users/h61084/codes/selectime/outputs/selectime/chronos2/predictions/validation/top_k_10/current_velocity/10T/long/run_1 launch_id=selena_3584837 slurm_job_id=3584837 launched_at=2026-09-27T15:38:52.145910+00:00
[2026-09-27 15:38:52 UTC] predict_validation method=top_k_10 current_velocity/10T/long
TIME run allocation action=new run=/fslarge/scratch/users/h61084/codes/selectime/outputs/selectime/chronos2/predictions/validation/top_k_15/current_velocity/10T/long/run_1 launch_id=selena_3584837 slurm_job_id=3584837 launched_at=2026-09-27T15:39:12.009141+00:00
[2026-09-27 15:39:12 UTC] predict_validation method=top_k_15 current_velocity/10T/long
TIME run allocation action=new run=/fslarge/scratch/users/h61084/codes/selectime/outputs/selectime/chronos2/predictions/validation/top_k_20/current_velocity/10T/long/run_1 launch_id=selena_3584837 slurm_job_id=3584837 launched_at=2026-09-27T15:39:41.069492+00:00
[2026-09-27 15:39:41 UTC] predict_validation method=top_k_20 current_velocity/10T/long
TIME run allocation action=new run=/fslarge/scratch/users/h61084/codes/selectime/outputs/selectime/chronos2/predictions/validation/vanilla_multivariate/current_velocity/15T/short/run_1 launch_id=selena_3584837 slurm_job_id=3584837 launched_at=2026-09-27T15:40:21.115931+00:00
[2026-09-27 15:40:21 UTC] predict_validation method=vanilla_multivariate current_velocity/15T/short
TIME run allocation action=new run=/fslarge/scratch/users/h61084/codes/selectime/outputs/selectime/chronos2/predictions/validation/top_k_1/current_velocity/15T/short/run_1 launch_id=selena_3584837 slurm_job_id=3584837 launched_at=2026-09-27T15:40:31.620812+00:00
[2026-09-27 15:40:31 UTC] predict_validation method=top_k_1 current_velocity/15T/short
TIME run allocation action=new run=/fslarge/scratch/users/h61084/codes/selectime/outputs/selectime/chronos2/predictions/validation/top_k_5/current_velocity/15T/short/run_1 launch_id=selena_3584837 slurm_job_id=3584837 launched_at=2026-09-27T15:40:52.292916+00:00
[2026-09-27 15:40:52 UTC] predict_validation method=top_k_5 current_velocity/15T/short
TIME run allocation action=new run=/fslarge/scratch/users/h61084/codes/selectime/outputs/selectime/chronos2/predictions/validation/top_k_10/current_velocity/15T/short/run_1 launch_id=selena_3584837 slurm_job_id=3584837 launched_at=2026-09-27T15:41:58.558122+00:00
[2026-09-27 15:41:58 UTC] predict_validation method=top_k_10 current_velocity/15T/short
TIME run allocation action=new run=/fslarge/scratch/users/h61084/codes/selectime/outputs/selectime/chronos2/predictions/validation/top_k_15/current_velocity/15T/short/run_1 launch_id=selena_3584837 slurm_job_id=3584837 launched_at=2026-09-27T15:44:03.105573+00:00
[2026-09-27 15:44:03 UTC] predict_validation method=top_k_15 current_velocity/15T/short
TIME run allocation action=new run=/fslarge/scratch/users/h61084/codes/selectime/outputs/selectime/chronos2/predictions/validation/top_k_20/current_velocity/15T/short/run_1 launch_id=selena_3584837 slurm_job_id=3584837 launched_at=2026-09-27T15:47:03.024272+00:00
[2026-09-27 15:47:03 UTC] predict_validation method=top_k_20 current_velocity/15T/short
TIME run allocation action=new run=/fslarge/scratch/users/h61084/codes/selectime/outputs/selectime/chronos2/predictions/validation/vanilla_multivariate/current_velocity/15T/medium/run_1 launch_id=selena_3584837 slurm_job_id=3584837 launched_at=2026-09-27T15:51:01.558703+00:00
[2026-09-27 15:51:01 UTC] predict_validation method=vanilla_multivariate current_velocity/15T/medium
TIME run allocation action=new run=/fslarge/scratch/users/h61084/codes/selectime/outputs/selectime/chronos2/predictions/validation/top_k_1/current_velocity/15T/medium/run_1 launch_id=selena_3584837 slurm_job_id=3584837 launched_at=2026-09-27T15:51:03.686164+00:00
[2026-09-27 15:51:03 UTC] predict_validation method=top_k_1 current_velocity/15T/medium
TIME run allocation action=new run=/fslarge/scratch/users/h61084/codes/selectime/outputs/selectime/chronos2/predictions/validation/top_k_5/current_velocity/15T/medium/run_1 launch_id=selena_3584837 slurm_job_id=3584837 launched_at=2026-09-27T15:51:06.595392+00:00
[2026-09-27 15:51:06 UTC] predict_validation method=top_k_5 current_velocity/15T/medium
TIME run allocation action=new run=/fslarge/scratch/users/h61084/codes/selectime/outputs/selectime/chronos2/predictions/validation/top_k_10/current_velocity/15T/medium/run_1 launch_id=selena_3584837 slurm_job_id=3584837 launched_at=2026-09-27T15:51:15.618424+00:00
[2026-09-27 15:51:15 UTC] predict_validation method=top_k_10 current_velocity/15T/medium
TIME run allocation action=new run=/fslarge/scratch/users/h61084/codes/selectime/outputs/selectime/chronos2/predictions/validation/top_k_15/current_velocity/15T/medium/run_1 launch_id=selena_3584837 slurm_job_id=3584837 launched_at=2026-09-27T15:51:32.675946+00:00
[2026-09-27 15:51:32 UTC] predict_validation method=top_k_15 current_velocity/15T/medium
TIME run allocation action=new run=/fslarge/scratch/users/h61084/codes/selectime/outputs/selectime/chronos2/predictions/validation/top_k_20/current_velocity/15T/medium/run_1 launch_id=selena_3584837 slurm_job_id=3584837 launched_at=2026-09-27T15:51:57.594334+00:00
[2026-09-27 15:51:57 UTC] predict_validation method=top_k_20 current_velocity/15T/medium
TIME run allocation action=new run=/fslarge/scratch/users/h61084/codes/selectime/outputs/selectime/chronos2/predictions/validation/vanilla_multivariate/current_velocity/15T/long/run_1 launch_id=selena_3584837 slurm_job_id=3584837 launched_at=2026-09-27T15:52:30.015579+00:00
[2026-09-27 15:52:30 UTC] predict_validation method=vanilla_multivariate current_velocity/15T/long
TIME run allocation action=new run=/fslarge/scratch/users/h61084/codes/selectime/outputs/selectime/chronos2/predictions/validation/top_k_1/current_velocity/15T/long/run_1 launch_id=selena_3584837 slurm_job_id=3584837 launched_at=2026-09-27T15:52:30.772903+00:00
[2026-09-27 15:52:30 UTC] predict_validation method=top_k_1 current_velocity/15T/long
TIME run allocation action=new run=/fslarge/scratch/users/h61084/codes/selectime/outputs/selectime/chronos2/predictions/validation/top_k_5/current_velocity/15T/long/run_1 launch_id=selena_3584837 slurm_job_id=3584837 launched_at=2026-09-27T15:52:31.974795+00:00
[2026-09-27 15:52:31 UTC] predict_validation method=top_k_5 current_velocity/15T/long
TIME run allocation action=new run=/fslarge/scratch/users/h61084/codes/selectime/outputs/selectime/chronos2/predictions/validation/top_k_10/current_velocity/15T/long/run_1 launch_id=selena_3584837 slurm_job_id=3584837 launched_at=2026-09-27T15:52:35.527572+00:00
[2026-09-27 15:52:35 UTC] predict_validation method=top_k_10 current_velocity/15T/long
TIME run allocation action=new run=/fslarge/scratch/users/h61084/codes/selectime/outputs/selectime/chronos2/predictions/validation/top_k_15/current_velocity/15T/long/run_1 launch_id=selena_3584837 slurm_job_id=3584837 launched_at=2026-09-27T15:52:41.212123+00:00
[2026-09-27 15:52:41 UTC] predict_validation method=top_k_15 current_velocity/15T/long
TIME run allocation action=new run=/fslarge/scratch/users/h61084/codes/selectime/outputs/selectime/chronos2/predictions/validation/top_k_20/current_velocity/15T/long/run_1 launch_id=selena_3584837 slurm_job_id=3584837 launched_at=2026-09-27T15:52:49.963214+00:00
[2026-09-27 15:52:49 UTC] predict_validation method=top_k_20 current_velocity/15T/long
TIME run allocation action=new run=/fslarge/scratch/users/h61084/codes/selectime/outputs/selectime/chronos2/predictions/validation/vanilla_multivariate/current_velocity/H/short/run_1 launch_id=selena_3584837 slurm_job_id=3584837 launched_at=2026-09-27T15:53:01.548403+00:00
[2026-09-27 15:53:01 UTC] predict_validation method=vanilla_multivariate current_velocity/H/short
TIME run allocation action=new run=/fslarge/scratch/users/h61084/codes/selectime/outputs/selectime/chronos2/predictions/validation/top_k_1/current_velocity/H/short/run_1 launch_id=selena_3584837 slurm_job_id=3584837 launched_at=2026-09-27T15:53:08.099036+00:00
[2026-09-27 15:53:08 UTC] predict_validation method=top_k_1 current_velocity/H/short
TIME run allocation action=new run=/fslarge/scratch/users/h61084/codes/selectime/outputs/selectime/chronos2/predictions/validation/top_k_5/current_velocity/H/short/run_1 launch_id=selena_3584837 slurm_job_id=3584837 launched_at=2026-09-27T15:53:20.974128+00:00
[2026-09-27 15:53:20 UTC] predict_validation method=top_k_5 current_velocity/H/short
TIME run allocation action=new run=/fslarge/scratch/users/h61084/codes/selectime/outputs/selectime/chronos2/predictions/validation/top_k_10/current_velocity/H/short/run_1 launch_id=selena_3584837 slurm_job_id=3584837 launched_at=2026-09-27T15:54:01.279755+00:00
[2026-09-27 15:54:01 UTC] predict_validation method=top_k_10 current_velocity/H/short
TIME run allocation action=new run=/fslarge/scratch/users/h61084/codes/selectime/outputs/selectime/chronos2/predictions/validation/top_k_15/current_velocity/H/short/run_1 launch_id=selena_3584837 slurm_job_id=3584837 launched_at=2026-09-27T15:55:17.022669+00:00
[2026-09-27 15:55:17 UTC] predict_validation method=top_k_15 current_velocity/H/short
TIME run allocation action=new run=/fslarge/scratch/users/h61084/codes/selectime/outputs/selectime/chronos2/predictions/validation/top_k_20/current_velocity/H/short/run_1 launch_id=selena_3584837 slurm_job_id=3584837 launched_at=2026-09-27T15:57:07.135606+00:00
[2026-09-27 15:57:07 UTC] predict_validation method=top_k_20 current_velocity/H/short
TIME run allocation action=new run=/fslarge/scratch/users/h61084/codes/selectime/outputs/selectime/chronos2/predictions/validation/vanilla_multivariate/current_velocity/H/medium/run_1 launch_id=selena_3584837 slurm_job_id=3584837 launched_at=2026-09-27T15:59:34.107646+00:00
[2026-09-27 15:59:34 UTC] predict_validation method=vanilla_multivariate current_velocity/H/medium
TIME run allocation action=new run=/fslarge/scratch/users/h61084/codes/selectime/outputs/selectime/chronos2/predictions/validation/top_k_1/current_velocity/H/medium/run_1 launch_id=selena_3584837 slurm_job_id=3584837 launched_at=2026-09-27T15:59:35.325487+00:00
[2026-09-27 15:59:35 UTC] predict_validation method=top_k_1 current_velocity/H/medium
TIME run allocation action=new run=/fslarge/scratch/users/h61084/codes/selectime/outputs/selectime/chronos2/predictions/validation/top_k_5/current_velocity/H/medium/run_1 launch_id=selena_3584837 slurm_job_id=3584837 launched_at=2026-09-27T15:59:37.507036+00:00
[2026-09-27 15:59:37 UTC] predict_validation method=top_k_5 current_velocity/H/medium
TIME run allocation action=new run=/fslarge/scratch/users/h61084/codes/selectime/outputs/selectime/chronos2/predictions/validation/top_k_10/current_velocity/H/medium/run_1 launch_id=selena_3584837 slurm_job_id=3584837 launched_at=2026-09-27T15:59:43.946699+00:00
[2026-09-27 15:59:43 UTC] predict_validation method=top_k_10 current_velocity/H/medium
TIME run allocation action=new run=/fslarge/scratch/users/h61084/codes/selectime/outputs/selectime/chronos2/predictions/validation/top_k_15/current_velocity/H/medium/run_1 launch_id=selena_3584837 slurm_job_id=3584837 launched_at=2026-09-27T15:59:55.710463+00:00
[2026-09-27 15:59:55 UTC] predict_validation method=top_k_15 current_velocity/H/medium
TIME run allocation action=new run=/fslarge/scratch/users/h61084/codes/selectime/outputs/selectime/chronos2/predictions/validation/top_k_20/current_velocity/H/medium/run_1 launch_id=selena_3584837 slurm_job_id=3584837 launched_at=2026-09-27T16:00:12.503276+00:00
[2026-09-27 16:00:12 UTC] predict_validation method=top_k_20 current_velocity/H/medium
TIME run allocation action=new run=/fslarge/scratch/users/h61084/codes/selectime/outputs/selectime/chronos2/predictions/validation/vanilla_multivariate/current_velocity/H/long/run_1 launch_id=selena_3584837 slurm_job_id=3584837 launched_at=2026-09-27T16:00:35.536981+00:00
[2026-09-27 16:00:35 UTC] predict_validation method=vanilla_multivariate current_velocity/H/long
TIME run allocation action=new run=/fslarge/scratch/users/h61084/codes/selectime/outputs/selectime/chronos2/predictions/validation/top_k_1/current_velocity/H/long/run_1 launch_id=selena_3584837 slurm_job_id=3584837 launched_at=2026-09-27T16:00:36.234430+00:00
[2026-09-27 16:00:36 UTC] predict_validation method=top_k_1 current_velocity/H/long
TIME run allocation action=new run=/fslarge/scratch/users/h61084/codes/selectime/outputs/selectime/chronos2/predictions/validation/top_k_5/current_velocity/H/long/run_1 launch_id=selena_3584837 slurm_job_id=3584837 launched_at=2026-09-27T16:00:37.523143+00:00
[2026-09-27 16:00:37 UTC] predict_validation method=top_k_5 current_velocity/H/long
TIME run allocation action=new run=/fslarge/scratch/users/h61084/codes/selectime/outputs/selectime/chronos2/predictions/validation/top_k_10/current_velocity/H/long/run_1 launch_id=selena_3584837 slurm_job_id=3584837 launched_at=2026-09-27T16:00:41.105406+00:00
[2026-09-27 16:00:41 UTC] predict_validation method=top_k_10 current_velocity/H/long
TIME run allocation action=new run=/fslarge/scratch/users/h61084/codes/selectime/outputs/selectime/chronos2/predictions/validation/top_k_15/current_velocity/H/long/run_1 launch_id=selena_3584837 slurm_job_id=3584837 launched_at=2026-09-27T16:00:47.481206+00:00
[2026-09-27 16:00:47 UTC] predict_validation method=top_k_15 current_velocity/H/long
TIME run allocation action=new run=/fslarge/scratch/users/h61084/codes/selectime/outputs/selectime/chronos2/predictions/validation/top_k_20/current_velocity/H/long/run_1 launch_id=selena_3584837 slurm_job_id=3584837 launched_at=2026-09-27T16:00:56.413778+00:00
[2026-09-27 16:00:56 UTC] predict_validation method=top_k_20 current_velocity/H/long
TIME run allocation action=new run=/fslarge/scratch/users/h61084/codes/selectime/outputs/selectime/chronos2/predictions/validation/vanilla_multivariate/CPHL/15T/short/run_1 launch_id=selena_3584837 slurm_job_id=3584837 launched_at=2026-09-27T16:01:08.500441+00:00
[2026-09-27 16:01:08 UTC] predict_validation method=vanilla_multivariate CPHL/15T/short
TIME run allocation action=new run=/fslarge/scratch/users/h61084/codes/selectime/outputs/selectime/chronos2/predictions/validation/top_k_1/CPHL/15T/short/run_1 launch_id=selena_3584837 slurm_job_id=3584837 launched_at=2026-09-27T16:01:09.585772+00:00
[2026-09-27 16:01:09 UTC] predict_validation method=top_k_1 CPHL/15T/short
TIME run allocation action=new run=/fslarge/scratch/users/h61084/codes/selectime/outputs/selectime/chronos2/predictions/validation/top_k_5/CPHL/15T/short/run_1 launch_id=selena_3584837 slurm_job_id=3584837 launched_at=2026-09-27T16:01:11.794203+00:00
[2026-09-27 16:01:11 UTC] predict_validation method=top_k_5 CPHL/15T/short
TIME run allocation action=new run=/fslarge/scratch/users/h61084/codes/selectime/outputs/selectime/chronos2/predictions/validation/top_k_10/CPHL/15T/short/run_1 launch_id=selena_3584837 slurm_job_id=3584837 launched_at=2026-09-27T16:01:18.622468+00:00
[2026-09-27 16:01:18 UTC] predict_validation method=top_k_10 CPHL/15T/short
TIME run allocation action=new run=/fslarge/scratch/users/h61084/codes/selectime/outputs/selectime/chronos2/predictions/validation/top_k_15/CPHL/15T/short/run_1 launch_id=selena_3584837 slurm_job_id=3584837 launched_at=2026-09-27T16:01:31.431088+00:00
[2026-09-27 16:01:31 UTC] predict_validation method=top_k_15 CPHL/15T/short
TIME run allocation action=new run=/fslarge/scratch/users/h61084/codes/selectime/outputs/selectime/chronos2/predictions/validation/top_k_20/CPHL/15T/short/run_1 launch_id=selena_3584837 slurm_job_id=3584837 launched_at=2026-09-27T16:01:49.995347+00:00
[2026-09-27 16:01:49 UTC] predict_validation method=top_k_20 CPHL/15T/short
TIME run allocation action=new run=/fslarge/scratch/users/h61084/codes/selectime/outputs/selectime/chronos2/predictions/validation/vanilla_multivariate/CPHL/15T/medium/run_1 launch_id=selena_3584837 slurm_job_id=3584837 launched_at=2026-09-27T16:02:14.464292+00:00
[2026-09-27 16:02:14 UTC] predict_validation method=vanilla_multivariate CPHL/15T/medium
TIME run allocation action=new run=/fslarge/scratch/users/h61084/codes/selectime/outputs/selectime/chronos2/predictions/validation/top_k_1/CPHL/15T/medium/run_1 launch_id=selena_3584837 slurm_job_id=3584837 launched_at=2026-09-27T16:02:14.636779+00:00
[2026-09-27 16:02:14 UTC] predict_validation method=top_k_1 CPHL/15T/medium
TIME run allocation action=new run=/fslarge/scratch/users/h61084/codes/selectime/outputs/selectime/chronos2/predictions/validation/top_k_5/CPHL/15T/medium/run_1 launch_id=selena_3584837 slurm_job_id=3584837 launched_at=2026-09-27T16:02:14.945305+00:00
[2026-09-27 16:02:14 UTC] predict_validation method=top_k_5 CPHL/15T/medium
TIME run allocation action=new run=/fslarge/scratch/users/h61084/codes/selectime/outputs/selectime/chronos2/predictions/validation/top_k_10/CPHL/15T/medium/run_1 launch_id=selena_3584837 slurm_job_id=3584837 launched_at=2026-09-27T16:02:15.843658+00:00
[2026-09-27 16:02:15 UTC] predict_validation method=top_k_10 CPHL/15T/medium
TIME run allocation action=new run=/fslarge/scratch/users/h61084/codes/selectime/outputs/selectime/chronos2/predictions/validation/top_k_15/CPHL/15T/medium/run_1 launch_id=selena_3584837 slurm_job_id=3584837 launched_at=2026-09-27T16:02:17.528023+00:00
[2026-09-27 16:02:17 UTC] predict_validation method=top_k_15 CPHL/15T/medium
TIME run allocation action=new run=/fslarge/scratch/users/h61084/codes/selectime/outputs/selectime/chronos2/predictions/validation/top_k_20/CPHL/15T/medium/run_1 launch_id=selena_3584837 slurm_job_id=3584837 launched_at=2026-09-27T16:02:19.945566+00:00
[2026-09-27 16:02:19 UTC] predict_validation method=top_k_20 CPHL/15T/medium
TIME run allocation action=new run=/fslarge/scratch/users/h61084/codes/selectime/outputs/selectime/chronos2/predictions/validation/vanilla_multivariate/CPHL/15T/long/run_1 launch_id=selena_3584837 slurm_job_id=3584837 launched_at=2026-09-27T16:02:23.172875+00:00
[2026-09-27 16:02:23 UTC] predict_validation method=vanilla_multivariate CPHL/15T/long
TIME run allocation action=new run=/fslarge/scratch/users/h61084/codes/selectime/outputs/selectime/chronos2/predictions/validation/top_k_1/CPHL/15T/long/run_1 launch_id=selena_3584837 slurm_job_id=3584837 launched_at=2026-09-27T16:02:23.256997+00:00
[2026-09-27 16:02:23 UTC] predict_validation method=top_k_1 CPHL/15T/long
TIME run allocation action=new run=/fslarge/scratch/users/h61084/codes/selectime/outputs/selectime/chronos2/predictions/validation/top_k_5/CPHL/15T/long/run_1 launch_id=selena_3584837 slurm_job_id=3584837 launched_at=2026-09-27T16:02:23.387272+00:00
[2026-09-27 16:02:23 UTC] predict_validation method=top_k_5 CPHL/15T/long
TIME run allocation action=new run=/fslarge/scratch/users/h61084/codes/selectime/outputs/selectime/chronos2/predictions/validation/top_k_10/CPHL/15T/long/run_1 launch_id=selena_3584837 slurm_job_id=3584837 launched_at=2026-09-27T16:02:23.691242+00:00
[2026-09-27 16:02:23 UTC] predict_validation method=top_k_10 CPHL/15T/long
TIME run allocation action=new run=/fslarge/scratch/users/h61084/codes/selectime/outputs/selectime/chronos2/predictions/validation/top_k_15/CPHL/15T/long/run_1 launch_id=selena_3584837 slurm_job_id=3584837 launched_at=2026-09-27T16:02:24.245188+00:00
[2026-09-27 16:02:24 UTC] predict_validation method=top_k_15 CPHL/15T/long
TIME run allocation action=new run=/fslarge/scratch/users/h61084/codes/selectime/outputs/selectime/chronos2/predictions/validation/top_k_20/CPHL/15T/long/run_1 launch_id=selena_3584837 slurm_job_id=3584837 launched_at=2026-09-27T16:02:25.058826+00:00
[2026-09-27 16:02:25 UTC] predict_validation method=top_k_20 CPHL/15T/long
TIME run allocation action=new run=/fslarge/scratch/users/h61084/codes/selectime/outputs/selectime/chronos2/predictions/validation/vanilla_multivariate/CPHL/30T/short/run_1 launch_id=selena_3584837 slurm_job_id=3584837 launched_at=2026-09-27T16:02:26.170987+00:00
[2026-09-27 16:02:26 UTC] predict_validation method=vanilla_multivariate CPHL/30T/short
TIME run allocation action=new run=/fslarge/scratch/users/h61084/codes/selectime/outputs/selectime/chronos2/predictions/validation/top_k_1/CPHL/30T/short/run_1 launch_id=selena_3584837 slurm_job_id=3584837 launched_at=2026-09-27T16:02:27.265376+00:00
[2026-09-27 16:02:27 UTC] predict_validation method=top_k_1 CPHL/30T/short
TIME run allocation action=new run=/fslarge/scratch/users/h61084/codes/selectime/outputs/selectime/chronos2/predictions/validation/top_k_5/CPHL/30T/short/run_1 launch_id=selena_3584837 slurm_job_id=3584837 launched_at=2026-09-27T16:02:29.162587+00:00
[2026-09-27 16:02:29 UTC] predict_validation method=top_k_5 CPHL/30T/short
TIME run allocation action=new run=/fslarge/scratch/users/h61084/codes/selectime/outputs/selectime/chronos2/predictions/validation/top_k_10/CPHL/30T/short/run_1 launch_id=selena_3584837 slurm_job_id=3584837 launched_at=2026-09-27T16:02:35.038874+00:00
[2026-09-27 16:02:35 UTC] predict_validation method=top_k_10 CPHL/30T/short
TIME run allocation action=new run=/fslarge/scratch/users/h61084/codes/selectime/outputs/selectime/chronos2/predictions/validation/top_k_15/CPHL/30T/short/run_1 launch_id=selena_3584837 slurm_job_id=3584837 launched_at=2026-09-27T16:02:46.159271+00:00
[2026-09-27 16:02:46 UTC] predict_validation method=top_k_15 CPHL/30T/short
TIME run allocation action=new run=/fslarge/scratch/users/h61084/codes/selectime/outputs/selectime/chronos2/predictions/validation/top_k_20/CPHL/30T/short/run_1 launch_id=selena_3584837 slurm_job_id=3584837 launched_at=2026-09-27T16:03:02.156224+00:00
[2026-09-27 16:03:02 UTC] predict_validation method=top_k_20 CPHL/30T/short
TIME run allocation action=new run=/fslarge/scratch/users/h61084/codes/selectime/outputs/selectime/chronos2/predictions/validation/vanilla_multivariate/CPHL/30T/medium/run_1 launch_id=selena_3584837 slurm_job_id=3584837 launched_at=2026-09-27T16:03:23.360756+00:00
[2026-09-27 16:03:23 UTC] predict_validation method=vanilla_multivariate CPHL/30T/medium
TIME run allocation action=new run=/fslarge/scratch/users/h61084/codes/selectime/outputs/selectime/chronos2/predictions/validation/top_k_1/CPHL/30T/medium/run_1 launch_id=selena_3584837 slurm_job_id=3584837 launched_at=2026-09-27T16:03:23.669036+00:00
[2026-09-27 16:03:23 UTC] predict_validation method=top_k_1 CPHL/30T/medium
TIME run allocation action=new run=/fslarge/scratch/users/h61084/codes/selectime/outputs/selectime/chronos2/predictions/validation/top_k_5/CPHL/30T/medium/run_1 launch_id=selena_3584837 slurm_job_id=3584837 launched_at=2026-09-27T16:03:24.163369+00:00
[2026-09-27 16:03:24 UTC] predict_validation method=top_k_5 CPHL/30T/medium
TIME run allocation action=new run=/fslarge/scratch/users/h61084/codes/selectime/outputs/selectime/chronos2/predictions/validation/top_k_10/CPHL/30T/medium/run_1 launch_id=selena_3584837 slurm_job_id=3584837 launched_at=2026-09-27T16:03:25.670292+00:00
[2026-09-27 16:03:25 UTC] predict_validation method=top_k_10 CPHL/30T/medium
TIME run allocation action=new run=/fslarge/scratch/users/h61084/codes/selectime/outputs/selectime/chronos2/predictions/validation/top_k_15/CPHL/30T/medium/run_1 launch_id=selena_3584837 slurm_job_id=3584837 launched_at=2026-09-27T16:03:28.485606+00:00
[2026-09-27 16:03:28 UTC] predict_validation method=top_k_15 CPHL/30T/medium
TIME run allocation action=new run=/fslarge/scratch/users/h61084/codes/selectime/outputs/selectime/chronos2/predictions/validation/top_k_20/CPHL/30T/medium/run_1 launch_id=selena_3584837 slurm_job_id=3584837 launched_at=2026-09-27T16:03:32.554301+00:00
[2026-09-27 16:03:32 UTC] predict_validation method=top_k_20 CPHL/30T/medium
TIME run allocation action=new run=/fslarge/scratch/users/h61084/codes/selectime/outputs/selectime/chronos2/predictions/validation/vanilla_multivariate/CPHL/30T/long/run_1 launch_id=selena_3584837 slurm_job_id=3584837 launched_at=2026-09-27T16:03:37.946215+00:00
[2026-09-27 16:03:37 UTC] predict_validation method=vanilla_multivariate CPHL/30T/long
TIME run allocation action=new run=/fslarge/scratch/users/h61084/codes/selectime/outputs/selectime/chronos2/predictions/validation/top_k_1/CPHL/30T/long/run_1 launch_id=selena_3584837 slurm_job_id=3584837 launched_at=2026-09-27T16:03:38.077258+00:00
[2026-09-27 16:03:38 UTC] predict_validation method=top_k_1 CPHL/30T/long
TIME run allocation action=new run=/fslarge/scratch/users/h61084/codes/selectime/outputs/selectime/chronos2/predictions/validation/top_k_5/CPHL/30T/long/run_1 launch_id=selena_3584837 slurm_job_id=3584837 launched_at=2026-09-27T16:03:38.281236+00:00
[2026-09-27 16:03:38 UTC] predict_validation method=top_k_5 CPHL/30T/long
TIME run allocation action=new run=/fslarge/scratch/users/h61084/codes/selectime/outputs/selectime/chronos2/predictions/validation/top_k_10/CPHL/30T/long/run_1 launch_id=selena_3584837 slurm_job_id=3584837 launched_at=2026-09-27T16:03:38.782578+00:00
[2026-09-27 16:03:38 UTC] predict_validation method=top_k_10 CPHL/30T/long
TIME run allocation action=new run=/fslarge/scratch/users/h61084/codes/selectime/outputs/selectime/chronos2/predictions/validation/top_k_15/CPHL/30T/long/run_1 launch_id=selena_3584837 slurm_job_id=3584837 launched_at=2026-09-27T16:03:39.729495+00:00
[2026-09-27 16:03:39 UTC] predict_validation method=top_k_15 CPHL/30T/long
TIME run allocation action=new run=/fslarge/scratch/users/h61084/codes/selectime/outputs/selectime/chronos2/predictions/validation/top_k_20/CPHL/30T/long/run_1 launch_id=selena_3584837 slurm_job_id=3584837 launched_at=2026-09-27T16:03:41.120342+00:00
[2026-09-27 16:03:41 UTC] predict_validation method=top_k_20 CPHL/30T/long
TIME run allocation action=new run=/fslarge/scratch/users/h61084/codes/selectime/outputs/selectime/chronos2/predictions/validation/vanilla_multivariate/CPHL/H/short/run_1 launch_id=selena_3584837 slurm_job_id=3584837 launched_at=2026-09-27T16:03:42.957261+00:00
[2026-09-27 16:03:42 UTC] predict_validation method=vanilla_multivariate CPHL/H/short
TIME run allocation action=new run=/fslarge/scratch/users/h61084/codes/selectime/outputs/selectime/chronos2/predictions/validation/top_k_1/CPHL/H/short/run_1 launch_id=selena_3584837 slurm_job_id=3584837 launched_at=2026-09-27T16:03:43.374121+00:00
[2026-09-27 16:03:43 UTC] predict_validation method=top_k_1 CPHL/H/short
TIME run allocation action=new run=/fslarge/scratch/users/h61084/codes/selectime/outputs/selectime/chronos2/predictions/validation/top_k_5/CPHL/H/short/run_1 launch_id=selena_3584837 slurm_job_id=3584837 launched_at=2026-09-27T16:03:44.194292+00:00
[2026-09-27 16:03:44 UTC] predict_validation method=top_k_5 CPHL/H/short
TIME run allocation action=new run=/fslarge/scratch/users/h61084/codes/selectime/outputs/selectime/chronos2/predictions/validation/top_k_10/CPHL/H/short/run_1 launch_id=selena_3584837 slurm_job_id=3584837 launched_at=2026-09-27T16:03:46.670013+00:00
[2026-09-27 16:03:46 UTC] predict_validation method=top_k_10 CPHL/H/short
TIME run allocation action=new run=/fslarge/scratch/users/h61084/codes/selectime/outputs/selectime/chronos2/predictions/validation/top_k_15/CPHL/H/short/run_1 launch_id=selena_3584837 slurm_job_id=3584837 launched_at=2026-09-27T16:03:50.054747+00:00
[2026-09-27 16:03:50 UTC] predict_validation method=top_k_15 CPHL/H/short
TIME run allocation action=new run=/fslarge/scratch/users/h61084/codes/selectime/outputs/selectime/chronos2/predictions/validation/top_k_20/CPHL/H/short/run_1 launch_id=selena_3584837 slurm_job_id=3584837 launched_at=2026-09-27T16:03:55.783310+00:00
[2026-09-27 16:03:55 UTC] predict_validation method=top_k_20 CPHL/H/short
TIME run allocation action=new run=/fslarge/scratch/users/h61084/codes/selectime/outputs/selectime/chronos2/predictions/validation/vanilla_multivariate/CPHL/H/medium/run_1 launch_id=selena_3584837 slurm_job_id=3584837 launched_at=2026-09-27T16:04:03.067541+00:00
[2026-09-27 16:04:03 UTC] predict_validation method=vanilla_multivariate CPHL/H/medium
TIME run allocation action=new run=/fslarge/scratch/users/h61084/codes/selectime/outputs/selectime/chronos2/predictions/validation/top_k_1/CPHL/H/medium/run_1 launch_id=selena_3584837 slurm_job_id=3584837 launched_at=2026-09-27T16:04:03.182864+00:00
[2026-09-27 16:04:03 UTC] predict_validation method=top_k_1 CPHL/H/medium
TIME run allocation action=new run=/fslarge/scratch/users/h61084/codes/selectime/outputs/selectime/chronos2/predictions/validation/top_k_5/CPHL/H/medium/run_1 launch_id=selena_3584837 slurm_job_id=3584837 launched_at=2026-09-27T16:04:03.358970+00:00
[2026-09-27 16:04:03 UTC] predict_validation method=top_k_5 CPHL/H/medium
TIME run allocation action=new run=/fslarge/scratch/users/h61084/codes/selectime/outputs/selectime/chronos2/predictions/validation/top_k_10/CPHL/H/medium/run_1 launch_id=selena_3584837 slurm_job_id=3584837 launched_at=2026-09-27T16:04:03.816039+00:00
[2026-09-27 16:04:03 UTC] predict_validation method=top_k_10 CPHL/H/medium
TIME run allocation action=new run=/fslarge/scratch/users/h61084/codes/selectime/outputs/selectime/chronos2/predictions/validation/top_k_15/CPHL/H/medium/run_1 launch_id=selena_3584837 slurm_job_id=3584837 launched_at=2026-09-27T16:04:04.670184+00:00
[2026-09-27 16:04:04 UTC] predict_validation method=top_k_15 CPHL/H/medium
TIME run allocation action=new run=/fslarge/scratch/users/h61084/codes/selectime/outputs/selectime/chronos2/predictions/validation/top_k_20/CPHL/H/medium/run_1 launch_id=selena_3584837 slurm_job_id=3584837 launched_at=2026-09-27T16:04:05.935536+00:00
[2026-09-27 16:04:05 UTC] predict_validation method=top_k_20 CPHL/H/medium
TIME run allocation action=new run=/fslarge/scratch/users/h61084/codes/selectime/outputs/selectime/chronos2/predictions/validation/vanilla_multivariate/CPHL/H/long/run_1 launch_id=selena_3584837 slurm_job_id=3584837 launched_at=2026-09-27T16:04:07.385031+00:00
[2026-09-27 16:04:07 UTC] predict_validation method=vanilla_multivariate CPHL/H/long
TIME run allocation action=new run=/fslarge/scratch/users/h61084/codes/selectime/outputs/selectime/chronos2/predictions/validation/top_k_1/CPHL/H/long/run_1 launch_id=selena_3584837 slurm_job_id=3584837 launched_at=2026-09-27T16:04:07.461726+00:00
[2026-09-27 16:04:07 UTC] predict_validation method=top_k_1 CPHL/H/long
TIME run allocation action=new run=/fslarge/scratch/users/h61084/codes/selectime/outputs/selectime/chronos2/predictions/validation/top_k_5/CPHL/H/long/run_1 launch_id=selena_3584837 slurm_job_id=3584837 launched_at=2026-09-27T16:04:07.575437+00:00
[2026-09-27 16:04:07 UTC] predict_validation method=top_k_5 CPHL/H/long
TIME run allocation action=new run=/fslarge/scratch/users/h61084/codes/selectime/outputs/selectime/chronos2/predictions/validation/top_k_10/CPHL/H/long/run_1 launch_id=selena_3584837 slurm_job_id=3584837 launched_at=2026-09-27T16:04:07.821294+00:00
[2026-09-27 16:04:07 UTC] predict_validation method=top_k_10 CPHL/H/long
TIME run allocation action=new run=/fslarge/scratch/users/h61084/codes/selectime/outputs/selectime/chronos2/predictions/validation/top_k_15/CPHL/H/long/run_1 launch_id=selena_3584837 slurm_job_id=3584837 launched_at=2026-09-27T16:04:08.232060+00:00
[2026-09-27 16:04:08 UTC] predict_validation method=top_k_15 CPHL/H/long
TIME run allocation action=new run=/fslarge/scratch/users/h61084/codes/selectime/outputs/selectime/chronos2/predictions/validation/top_k_20/CPHL/H/long/run_1 launch_id=selena_3584837 slurm_job_id=3584837 launched_at=2026-09-27T16:04:08.857304+00:00
[2026-09-27 16:04:08 UTC] predict_validation method=top_k_20 CPHL/H/long
TIME run allocation action=new run=/fslarge/scratch/users/h61084/codes/selectime/outputs/selectime/chronos2/predictions/validation/vanilla_multivariate/Coastal_T_S/15T/short/run_1 launch_id=selena_3584837 slurm_job_id=3584837 launched_at=2026-09-27T16:04:09.756835+00:00
[2026-09-27 16:04:09 UTC] predict_validation method=vanilla_multivariate Coastal_T_S/15T/short
TIME run allocation action=new run=/fslarge/scratch/users/h61084/codes/selectime/outputs/selectime/chronos2/predictions/validation/top_k_1/Coastal_T_S/15T/short/run_1 launch_id=selena_3584837 slurm_job_id=3584837 launched_at=2026-09-27T16:04:18.250109+00:00
[2026-09-27 16:04:18 UTC] predict_validation method=top_k_1 Coastal_T_S/15T/short
TIME run allocation action=new run=/fslarge/scratch/users/h61084/codes/selectime/outputs/selectime/chronos2/predictions/validation/top_k_5/Coastal_T_S/15T/short/run_1 launch_id=selena_3584837 slurm_job_id=3584837 launched_at=2026-09-27T16:04:35.351462+00:00
[2026-09-27 16:04:35 UTC] predict_validation method=top_k_5 Coastal_T_S/15T/short
TIME run allocation action=new run=/fslarge/scratch/users/h61084/codes/selectime/outputs/selectime/chronos2/predictions/validation/top_k_10/Coastal_T_S/15T/short/run_1 launch_id=selena_3584837 slurm_job_id=3584837 launched_at=2026-09-27T16:05:33.361138+00:00
[2026-09-27 16:05:33 UTC] predict_validation method=top_k_10 Coastal_T_S/15T/short
TIME run allocation action=new run=/fslarge/scratch/users/h61084/codes/selectime/outputs/selectime/chronos2/predictions/validation/top_k_15/Coastal_T_S/15T/short/run_1 launch_id=selena_3584837 slurm_job_id=3584837 launched_at=2026-09-27T16:07:27.071121+00:00
[2026-09-27 16:07:27 UTC] predict_validation method=top_k_15 Coastal_T_S/15T/short
TIME run allocation action=new run=/fslarge/scratch/users/h61084/codes/selectime/outputs/selectime/chronos2/predictions/validation/top_k_20/Coastal_T_S/15T/short/run_1 launch_id=selena_3584837 slurm_job_id=3584837 launched_at=2026-09-27T16:10:14.261111+00:00
[2026-09-27 16:10:14 UTC] predict_validation method=top_k_20 Coastal_T_S/15T/short
TIME run allocation action=new run=/fslarge/scratch/users/h61084/codes/selectime/outputs/selectime/chronos2/predictions/validation/vanilla_multivariate/Coastal_T_S/15T/medium/run_1 launch_id=selena_3584837 slurm_job_id=3584837 launched_at=2026-09-27T16:13:54.751142+00:00
[2026-09-27 16:13:54 UTC] predict_validation method=vanilla_multivariate Coastal_T_S/15T/medium
TIME run allocation action=new run=/fslarge/scratch/users/h61084/codes/selectime/outputs/selectime/chronos2/predictions/validation/top_k_1/Coastal_T_S/15T/medium/run_1 launch_id=selena_3584837 slurm_job_id=3584837 launched_at=2026-09-27T16:13:55.840334+00:00
[2026-09-27 16:13:55 UTC] predict_validation method=top_k_1 Coastal_T_S/15T/medium
TIME run allocation action=new run=/fslarge/scratch/users/h61084/codes/selectime/outputs/selectime/chronos2/predictions/validation/top_k_5/Coastal_T_S/15T/medium/run_1 launch_id=selena_3584837 slurm_job_id=3584837 launched_at=2026-09-27T16:13:58.105834+00:00
[2026-09-27 16:13:58 UTC] predict_validation method=top_k_5 Coastal_T_S/15T/medium
TIME run allocation action=new run=/fslarge/scratch/users/h61084/codes/selectime/outputs/selectime/chronos2/predictions/validation/top_k_10/Coastal_T_S/15T/medium/run_1 launch_id=selena_3584837 slurm_job_id=3584837 launched_at=2026-09-27T16:14:05.356996+00:00
[2026-09-27 16:14:05 UTC] predict_validation method=top_k_10 Coastal_T_S/15T/medium
TIME run allocation action=new run=/fslarge/scratch/users/h61084/codes/selectime/outputs/selectime/chronos2/predictions/validation/top_k_15/Coastal_T_S/15T/medium/run_1 launch_id=selena_3584837 slurm_job_id=3584837 launched_at=2026-09-27T16:14:19.509635+00:00
[2026-09-27 16:14:19 UTC] predict_validation method=top_k_15 Coastal_T_S/15T/medium
TIME run allocation action=new run=/fslarge/scratch/users/h61084/codes/selectime/outputs/selectime/chronos2/predictions/validation/top_k_20/Coastal_T_S/15T/medium/run_1 launch_id=selena_3584837 slurm_job_id=3584837 launched_at=2026-09-27T16:14:40.351398+00:00
[2026-09-27 16:14:40 UTC] predict_validation method=top_k_20 Coastal_T_S/15T/medium
TIME run allocation action=new run=/fslarge/scratch/users/h61084/codes/selectime/outputs/selectime/chronos2/predictions/validation/vanilla_multivariate/Coastal_T_S/15T/long/run_1 launch_id=selena_3584837 slurm_job_id=3584837 launched_at=2026-09-27T16:15:08.153076+00:00
[2026-09-27 16:15:08 UTC] predict_validation method=vanilla_multivariate Coastal_T_S/15T/long
TIME run allocation action=new run=/fslarge/scratch/users/h61084/codes/selectime/outputs/selectime/chronos2/predictions/validation/top_k_1/Coastal_T_S/15T/long/run_1 launch_id=selena_3584837 slurm_job_id=3584837 launched_at=2026-09-27T16:15:08.577710+00:00
[2026-09-27 16:15:08 UTC] predict_validation method=top_k_1 Coastal_T_S/15T/long
TIME run allocation action=new run=/fslarge/scratch/users/h61084/codes/selectime/outputs/selectime/chronos2/predictions/validation/top_k_5/Coastal_T_S/15T/long/run_1 launch_id=selena_3584837 slurm_job_id=3584837 launched_at=2026-09-27T16:15:09.458646+00:00
[2026-09-27 16:15:09 UTC] predict_validation method=top_k_5 Coastal_T_S/15T/long
TIME run allocation action=new run=/fslarge/scratch/users/h61084/codes/selectime/outputs/selectime/chronos2/predictions/validation/top_k_10/Coastal_T_S/15T/long/run_1 launch_id=selena_3584837 slurm_job_id=3584837 launched_at=2026-09-27T16:15:12.031471+00:00
[2026-09-27 16:15:12 UTC] predict_validation method=top_k_10 Coastal_T_S/15T/long
TIME run allocation action=new run=/fslarge/scratch/users/h61084/codes/selectime/outputs/selectime/chronos2/predictions/validation/top_k_15/Coastal_T_S/15T/long/run_1 launch_id=selena_3584837 slurm_job_id=3584837 launched_at=2026-09-27T16:15:16.822869+00:00
[2026-09-27 16:15:16 UTC] predict_validation method=top_k_15 Coastal_T_S/15T/long
TIME run allocation action=new run=/fslarge/scratch/users/h61084/codes/selectime/outputs/selectime/chronos2/predictions/validation/top_k_20/Coastal_T_S/15T/long/run_1 launch_id=selena_3584837 slurm_job_id=3584837 launched_at=2026-09-27T16:15:23.876213+00:00
[2026-09-27 16:15:23 UTC] predict_validation method=top_k_20 Coastal_T_S/15T/long
TIME run allocation action=new run=/fslarge/scratch/users/h61084/codes/selectime/outputs/selectime/chronos2/predictions/validation/vanilla_multivariate/Coastal_T_S/20T/short/run_1 launch_id=selena_3584837 slurm_job_id=3584837 launched_at=2026-09-27T16:15:33.293219+00:00
[2026-09-27 16:15:33 UTC] predict_validation method=vanilla_multivariate Coastal_T_S/20T/short
TIME run allocation action=new run=/fslarge/scratch/users/h61084/codes/selectime/outputs/selectime/chronos2/predictions/validation/top_k_1/Coastal_T_S/20T/short/run_1 launch_id=selena_3584837 slurm_job_id=3584837 launched_at=2026-09-27T16:15:34.662289+00:00
[2026-09-27 16:15:34 UTC] predict_validation method=top_k_1 Coastal_T_S/20T/short
TIME run allocation action=new run=/fslarge/scratch/users/h61084/codes/selectime/outputs/selectime/chronos2/predictions/validation/top_k_5/Coastal_T_S/20T/short/run_1 launch_id=selena_3584837 slurm_job_id=3584837 launched_at=2026-09-27T16:15:37.386163+00:00
[2026-09-27 16:15:37 UTC] predict_validation method=top_k_5 Coastal_T_S/20T/short
TIME run allocation action=new run=/fslarge/scratch/users/h61084/codes/selectime/outputs/selectime/chronos2/predictions/validation/top_k_10/Coastal_T_S/20T/short/run_1 launch_id=selena_3584837 slurm_job_id=3584837 launched_at=2026-09-27T16:15:45.770726+00:00
[2026-09-27 16:15:45 UTC] predict_validation method=top_k_10 Coastal_T_S/20T/short
TIME run allocation action=new run=/fslarge/scratch/users/h61084/codes/selectime/outputs/selectime/chronos2/predictions/validation/top_k_15/Coastal_T_S/20T/short/run_1 launch_id=selena_3584837 slurm_job_id=3584837 launched_at=2026-09-27T16:16:01.285948+00:00
[2026-09-27 16:16:01 UTC] predict_validation method=top_k_15 Coastal_T_S/20T/short
TIME run allocation action=new run=/fslarge/scratch/users/h61084/codes/selectime/outputs/selectime/chronos2/predictions/validation/top_k_20/Coastal_T_S/20T/short/run_1 launch_id=selena_3584837 slurm_job_id=3584837 launched_at=2026-09-27T16:16:23.827503+00:00
[2026-09-27 16:16:23 UTC] predict_validation method=top_k_20 Coastal_T_S/20T/short
TIME run allocation action=new run=/fslarge/scratch/users/h61084/codes/selectime/outputs/selectime/chronos2/predictions/validation/vanilla_multivariate/Coastal_T_S/20T/medium/run_1 launch_id=selena_3584837 slurm_job_id=3584837 launched_at=2026-09-27T16:16:53.653759+00:00
[2026-09-27 16:16:53 UTC] predict_validation method=vanilla_multivariate Coastal_T_S/20T/medium
TIME run allocation action=new run=/fslarge/scratch/users/h61084/codes/selectime/outputs/selectime/chronos2/predictions/validation/top_k_1/Coastal_T_S/20T/medium/run_1 launch_id=selena_3584837 slurm_job_id=3584837 launched_at=2026-09-27T16:16:53.859485+00:00
[2026-09-27 16:16:53 UTC] predict_validation method=top_k_1 Coastal_T_S/20T/medium
TIME run allocation action=new run=/fslarge/scratch/users/h61084/codes/selectime/outputs/selectime/chronos2/predictions/validation/top_k_5/Coastal_T_S/20T/medium/run_1 launch_id=selena_3584837 slurm_job_id=3584837 launched_at=2026-09-27T16:16:54.257417+00:00
[2026-09-27 16:16:54 UTC] predict_validation method=top_k_5 Coastal_T_S/20T/medium
TIME run allocation action=new run=/fslarge/scratch/users/h61084/codes/selectime/outputs/selectime/chronos2/predictions/validation/top_k_10/Coastal_T_S/20T/medium/run_1 launch_id=selena_3584837 slurm_job_id=3584837 launched_at=2026-09-27T16:16:55.386909+00:00
[2026-09-27 16:16:55 UTC] predict_validation method=top_k_10 Coastal_T_S/20T/medium
TIME run allocation action=new run=/fslarge/scratch/users/h61084/codes/selectime/outputs/selectime/chronos2/predictions/validation/top_k_15/Coastal_T_S/20T/medium/run_1 launch_id=selena_3584837 slurm_job_id=3584837 launched_at=2026-09-27T16:16:57.445765+00:00
[2026-09-27 16:16:57 UTC] predict_validation method=top_k_15 Coastal_T_S/20T/medium
TIME run allocation action=new run=/fslarge/scratch/users/h61084/codes/selectime/outputs/selectime/chronos2/predictions/validation/top_k_20/Coastal_T_S/20T/medium/run_1 launch_id=selena_3584837 slurm_job_id=3584837 launched_at=2026-09-27T16:17:00.455578+00:00
[2026-09-27 16:17:00 UTC] predict_validation method=top_k_20 Coastal_T_S/20T/medium
TIME run allocation action=new run=/fslarge/scratch/users/h61084/codes/selectime/outputs/selectime/chronos2/predictions/validation/vanilla_multivariate/Coastal_T_S/20T/long/run_1 launch_id=selena_3584837 slurm_job_id=3584837 launched_at=2026-09-27T16:17:04.446247+00:00
[2026-09-27 16:17:04 UTC] predict_validation method=vanilla_multivariate Coastal_T_S/20T/long
TIME run allocation action=new run=/fslarge/scratch/users/h61084/codes/selectime/outputs/selectime/chronos2/predictions/validation/top_k_1/Coastal_T_S/20T/long/run_1 launch_id=selena_3584837 slurm_job_id=3584837 launched_at=2026-09-27T16:17:04.545885+00:00
[2026-09-27 16:17:04 UTC] predict_validation method=top_k_1 Coastal_T_S/20T/long
TIME run allocation action=new run=/fslarge/scratch/users/h61084/codes/selectime/outputs/selectime/chronos2/predictions/validation/top_k_5/Coastal_T_S/20T/long/run_1 launch_id=selena_3584837 slurm_job_id=3584837 launched_at=2026-09-27T16:17:04.704596+00:00
[2026-09-27 16:17:04 UTC] predict_validation method=top_k_5 Coastal_T_S/20T/long
TIME run allocation action=new run=/fslarge/scratch/users/h61084/codes/selectime/outputs/selectime/chronos2/predictions/validation/top_k_10/Coastal_T_S/20T/long/run_1 launch_id=selena_3584837 slurm_job_id=3584837 launched_at=2026-09-27T16:17:05.082881+00:00
[2026-09-27 16:17:05 UTC] predict_validation method=top_k_10 Coastal_T_S/20T/long
TIME run allocation action=new run=/fslarge/scratch/users/h61084/codes/selectime/outputs/selectime/chronos2/predictions/validation/top_k_15/Coastal_T_S/20T/long/run_1 launch_id=selena_3584837 slurm_job_id=3584837 launched_at=2026-09-27T16:17:05.790063+00:00
[2026-09-27 16:17:05 UTC] predict_validation method=top_k_15 Coastal_T_S/20T/long
TIME run allocation action=new run=/fslarge/scratch/users/h61084/codes/selectime/outputs/selectime/chronos2/predictions/validation/top_k_20/Coastal_T_S/20T/long/run_1 launch_id=selena_3584837 slurm_job_id=3584837 launched_at=2026-09-27T16:17:06.814744+00:00
[2026-09-27 16:17:06 UTC] predict_validation method=top_k_20 Coastal_T_S/20T/long
TIME run allocation action=new run=/fslarge/scratch/users/h61084/codes/selectime/outputs/selectime/chronos2/predictions/validation/vanilla_multivariate/Coastal_T_S/H/short/run_1 launch_id=selena_3584837 slurm_job_id=3584837 launched_at=2026-09-27T16:17:08.264871+00:00
[2026-09-27 16:17:08 UTC] predict_validation method=vanilla_multivariate Coastal_T_S/H/short
TIME run allocation action=new run=/fslarge/scratch/users/h61084/codes/selectime/outputs/selectime/chronos2/predictions/validation/top_k_1/Coastal_T_S/H/short/run_1 launch_id=selena_3584837 slurm_job_id=3584837 launched_at=2026-09-27T16:17:14.360165+00:00
[2026-09-27 16:17:14 UTC] predict_validation method=top_k_1 Coastal_T_S/H/short
TIME run allocation action=new run=/fslarge/scratch/users/h61084/codes/selectime/outputs/selectime/chronos2/predictions/validation/top_k_5/Coastal_T_S/H/short/run_1 launch_id=selena_3584837 slurm_job_id=3584837 launched_at=2026-09-27T16:17:26.349297+00:00
[2026-09-27 16:17:26 UTC] predict_validation method=top_k_5 Coastal_T_S/H/short
TIME run allocation action=new run=/fslarge/scratch/users/h61084/codes/selectime/outputs/selectime/chronos2/predictions/validation/top_k_10/Coastal_T_S/H/short/run_1 launch_id=selena_3584837 slurm_job_id=3584837 launched_at=2026-09-27T16:18:04.592828+00:00
[2026-09-27 16:18:04 UTC] predict_validation method=top_k_10 Coastal_T_S/H/short
TIME run allocation action=new run=/fslarge/scratch/users/h61084/codes/selectime/outputs/selectime/chronos2/predictions/validation/top_k_15/Coastal_T_S/H/short/run_1 launch_id=selena_3584837 slurm_job_id=3584837 launched_at=2026-09-27T16:19:15.651741+00:00
[2026-09-27 16:19:15 UTC] predict_validation method=top_k_15 Coastal_T_S/H/short
TIME run allocation action=new run=/fslarge/scratch/users/h61084/codes/selectime/outputs/selectime/chronos2/predictions/validation/top_k_20/Coastal_T_S/H/short/run_1 launch_id=selena_3584837 slurm_job_id=3584837 launched_at=2026-09-27T16:20:59.838957+00:00
[2026-09-27 16:20:59 UTC] predict_validation method=top_k_20 Coastal_T_S/H/short
TIME run allocation action=new run=/fslarge/scratch/users/h61084/codes/selectime/outputs/selectime/chronos2/predictions/validation/vanilla_multivariate/Coastal_T_S/H/medium/run_1 launch_id=selena_3584837 slurm_job_id=3584837 launched_at=2026-09-27T16:23:16.844613+00:00
[2026-09-27 16:23:16 UTC] predict_validation method=vanilla_multivariate Coastal_T_S/H/medium
TIME run allocation action=new run=/fslarge/scratch/users/h61084/codes/selectime/outputs/selectime/chronos2/predictions/validation/top_k_1/Coastal_T_S/H/medium/run_1 launch_id=selena_3584837 slurm_job_id=3584837 launched_at=2026-09-27T16:23:18.166023+00:00
[2026-09-27 16:23:18 UTC] predict_validation method=top_k_1 Coastal_T_S/H/medium
TIME run allocation action=new run=/fslarge/scratch/users/h61084/codes/selectime/outputs/selectime/chronos2/predictions/validation/top_k_5/Coastal_T_S/H/medium/run_1 launch_id=selena_3584837 slurm_job_id=3584837 launched_at=2026-09-27T16:23:20.508362+00:00
[2026-09-27 16:23:20 UTC] predict_validation method=top_k_5 Coastal_T_S/H/medium
TIME run allocation action=new run=/fslarge/scratch/users/h61084/codes/selectime/outputs/selectime/chronos2/predictions/validation/top_k_10/Coastal_T_S/H/medium/run_1 launch_id=selena_3584837 slurm_job_id=3584837 launched_at=2026-09-27T16:23:27.597659+00:00
[2026-09-27 16:23:27 UTC] predict_validation method=top_k_10 Coastal_T_S/H/medium
TIME run allocation action=new run=/fslarge/scratch/users/h61084/codes/selectime/outputs/selectime/chronos2/predictions/validation/top_k_15/Coastal_T_S/H/medium/run_1 launch_id=selena_3584837 slurm_job_id=3584837 launched_at=2026-09-27T16:23:40.030137+00:00
[2026-09-27 16:23:40 UTC] predict_validation method=top_k_15 Coastal_T_S/H/medium
TIME run allocation action=new run=/fslarge/scratch/users/h61084/codes/selectime/outputs/selectime/chronos2/predictions/validation/top_k_20/Coastal_T_S/H/medium/run_1 launch_id=selena_3584837 slurm_job_id=3584837 launched_at=2026-09-27T16:23:56.733349+00:00
[2026-09-27 16:23:56 UTC] predict_validation method=top_k_20 Coastal_T_S/H/medium
TIME run allocation action=new run=/fslarge/scratch/users/h61084/codes/selectime/outputs/selectime/chronos2/predictions/validation/vanilla_multivariate/Coastal_T_S/H/long/run_1 launch_id=selena_3584837 slurm_job_id=3584837 launched_at=2026-09-27T16:24:18.781107+00:00
[2026-09-27 16:24:18 UTC] predict_validation method=vanilla_multivariate Coastal_T_S/H/long
TIME run allocation action=new run=/fslarge/scratch/users/h61084/codes/selectime/outputs/selectime/chronos2/predictions/validation/top_k_1/Coastal_T_S/H/long/run_1 launch_id=selena_3584837 slurm_job_id=3584837 launched_at=2026-09-27T16:24:19.459921+00:00
[2026-09-27 16:24:19 UTC] predict_validation method=top_k_1 Coastal_T_S/H/long
TIME run allocation action=new run=/fslarge/scratch/users/h61084/codes/selectime/outputs/selectime/chronos2/predictions/validation/top_k_5/Coastal_T_S/H/long/run_1 launch_id=selena_3584837 slurm_job_id=3584837 launched_at=2026-09-27T16:24:20.779182+00:00
[2026-09-27 16:24:20 UTC] predict_validation method=top_k_5 Coastal_T_S/H/long
TIME run allocation action=new run=/fslarge/scratch/users/h61084/codes/selectime/outputs/selectime/chronos2/predictions/validation/top_k_10/Coastal_T_S/H/long/run_1 launch_id=selena_3584837 slurm_job_id=3584837 launched_at=2026-09-27T16:24:24.789921+00:00
[2026-09-27 16:24:24 UTC] predict_validation method=top_k_10 Coastal_T_S/H/long
TIME run allocation action=new run=/fslarge/scratch/users/h61084/codes/selectime/outputs/selectime/chronos2/predictions/validation/top_k_15/Coastal_T_S/H/long/run_1 launch_id=selena_3584837 slurm_job_id=3584837 launched_at=2026-09-27T16:24:31.702725+00:00
[2026-09-27 16:24:31 UTC] predict_validation method=top_k_15 Coastal_T_S/H/long
TIME run allocation action=new run=/fslarge/scratch/users/h61084/codes/selectime/outputs/selectime/chronos2/predictions/validation/top_k_20/Coastal_T_S/H/long/run_1 launch_id=selena_3584837 slurm_job_id=3584837 launched_at=2026-09-27T16:24:41.611312+00:00
[2026-09-27 16:24:41 UTC] predict_validation method=top_k_20 Coastal_T_S/H/long
TIME run allocation action=new run=/fslarge/scratch/users/h61084/codes/selectime/outputs/selectime/chronos2/predictions/validation/vanilla_multivariate/SG_Weather/D/short/run_1 launch_id=selena_3584837 slurm_job_id=3584837 launched_at=2026-09-27T16:24:53.747254+00:00
[2026-09-27 16:24:53 UTC] predict_validation method=vanilla_multivariate SG_Weather/D/short
TIME run allocation action=new run=/fslarge/scratch/users/h61084/codes/selectime/outputs/selectime/chronos2/predictions/validation/top_k_1/SG_Weather/D/short/run_1 launch_id=selena_3584837 slurm_job_id=3584837 launched_at=2026-09-27T16:24:57.769649+00:00
[2026-09-27 16:24:57 UTC] predict_validation method=top_k_1 SG_Weather/D/short
TIME run allocation action=new run=/fslarge/scratch/users/h61084/codes/selectime/outputs/selectime/chronos2/predictions/validation/top_k_5/SG_Weather/D/short/run_1 launch_id=selena_3584837 slurm_job_id=3584837 launched_at=2026-09-27T16:25:06.822196+00:00
[2026-09-27 16:25:06 UTC] predict_validation method=top_k_5 SG_Weather/D/short
TIME run allocation action=new run=/fslarge/scratch/users/h61084/codes/selectime/outputs/selectime/chronos2/predictions/validation/top_k_10/SG_Weather/D/short/run_1 launch_id=selena_3584837 slurm_job_id=3584837 launched_at=2026-09-27T16:25:35.229068+00:00
[2026-09-27 16:25:35 UTC] predict_validation method=top_k_10 SG_Weather/D/short
TIME run allocation action=new run=/fslarge/scratch/users/h61084/codes/selectime/outputs/selectime/chronos2/predictions/validation/top_k_15/SG_Weather/D/short/run_1 launch_id=selena_3584837 slurm_job_id=3584837 launched_at=2026-09-27T16:26:28.722131+00:00
[2026-09-27 16:26:28 UTC] predict_validation method=top_k_15 SG_Weather/D/short
TIME run allocation action=new run=/fslarge/scratch/users/h61084/codes/selectime/outputs/selectime/chronos2/predictions/validation/top_k_20/SG_Weather/D/short/run_1 launch_id=selena_3584837 slurm_job_id=3584837 launched_at=2026-09-27T16:27:45.275492+00:00
[2026-09-27 16:27:45 UTC] predict_validation method=top_k_20 SG_Weather/D/short
TIME run allocation action=new run=/fslarge/scratch/users/h61084/codes/selectime/outputs/selectime/chronos2/predictions/validation/vanilla_multivariate/SG_Weather/D/medium/run_1 launch_id=selena_3584837 slurm_job_id=3584837 launched_at=2026-09-27T16:29:27.742415+00:00
[2026-09-27 16:29:27 UTC] predict_validation method=vanilla_multivariate SG_Weather/D/medium
TIME run allocation action=new run=/fslarge/scratch/users/h61084/codes/selectime/outputs/selectime/chronos2/predictions/validation/top_k_1/SG_Weather/D/medium/run_1 launch_id=selena_3584837 slurm_job_id=3584837 launched_at=2026-09-27T16:29:29.465958+00:00
[2026-09-27 16:29:29 UTC] predict_validation method=top_k_1 SG_Weather/D/medium
TIME run allocation action=new run=/fslarge/scratch/users/h61084/codes/selectime/outputs/selectime/chronos2/predictions/validation/top_k_5/SG_Weather/D/medium/run_1 launch_id=selena_3584837 slurm_job_id=3584837 launched_at=2026-09-27T16:29:33.412192+00:00
[2026-09-27 16:29:33 UTC] predict_validation method=top_k_5 SG_Weather/D/medium
TIME run allocation action=new run=/fslarge/scratch/users/h61084/codes/selectime/outputs/selectime/chronos2/predictions/validation/top_k_10/SG_Weather/D/medium/run_1 launch_id=selena_3584837 slurm_job_id=3584837 launched_at=2026-09-27T16:29:45.800551+00:00
[2026-09-27 16:29:45 UTC] predict_validation method=top_k_10 SG_Weather/D/medium
TIME run allocation action=new run=/fslarge/scratch/users/h61084/codes/selectime/outputs/selectime/chronos2/predictions/validation/top_k_15/SG_Weather/D/medium/run_1 launch_id=selena_3584837 slurm_job_id=3584837 launched_at=2026-09-27T16:30:09.079096+00:00
[2026-09-27 16:30:09 UTC] predict_validation method=top_k_15 SG_Weather/D/medium
TIME run allocation action=new run=/fslarge/scratch/users/h61084/codes/selectime/outputs/selectime/chronos2/predictions/validation/top_k_20/SG_Weather/D/medium/run_1 launch_id=selena_3584837 slurm_job_id=3584837 launched_at=2026-09-27T16:30:42.213884+00:00
[2026-09-27 16:30:42 UTC] predict_validation method=top_k_20 SG_Weather/D/medium
TIME run allocation action=new run=/fslarge/scratch/users/h61084/codes/selectime/outputs/selectime/chronos2/predictions/validation/vanilla_multivariate/SG_Weather/D/long/run_1 launch_id=selena_3584837 slurm_job_id=3584837 launched_at=2026-09-27T16:31:26.249504+00:00
[2026-09-27 16:31:26 UTC] predict_validation method=vanilla_multivariate SG_Weather/D/long
TIME run allocation action=new run=/fslarge/scratch/users/h61084/codes/selectime/outputs/selectime/chronos2/predictions/validation/top_k_1/SG_Weather/D/long/run_1 launch_id=selena_3584837 slurm_job_id=3584837 launched_at=2026-09-27T16:31:27.128148+00:00
[2026-09-27 16:31:27 UTC] predict_validation method=top_k_1 SG_Weather/D/long
TIME run allocation action=new run=/fslarge/scratch/users/h61084/codes/selectime/outputs/selectime/chronos2/predictions/validation/top_k_5/SG_Weather/D/long/run_1 launch_id=selena_3584837 slurm_job_id=3584837 launched_at=2026-09-27T16:31:29.121892+00:00
[2026-09-27 16:31:29 UTC] predict_validation method=top_k_5 SG_Weather/D/long
TIME run allocation action=new run=/fslarge/scratch/users/h61084/codes/selectime/outputs/selectime/chronos2/predictions/validation/top_k_10/SG_Weather/D/long/run_1 launch_id=selena_3584837 slurm_job_id=3584837 launched_at=2026-09-27T16:31:35.347622+00:00
[2026-09-27 16:31:35 UTC] predict_validation method=top_k_10 SG_Weather/D/long
TIME run allocation action=new run=/fslarge/scratch/users/h61084/codes/selectime/outputs/selectime/chronos2/predictions/validation/top_k_15/SG_Weather/D/long/run_1 launch_id=selena_3584837 slurm_job_id=3584837 launched_at=2026-09-27T16:31:46.993178+00:00
[2026-09-27 16:31:46 UTC] predict_validation method=top_k_15 SG_Weather/D/long
TIME run allocation action=new run=/fslarge/scratch/users/h61084/codes/selectime/outputs/selectime/chronos2/predictions/validation/top_k_20/SG_Weather/D/long/run_1 launch_id=selena_3584837 slurm_job_id=3584837 launched_at=2026-09-27T16:32:03.707364+00:00
[2026-09-27 16:32:03 UTC] predict_validation method=top_k_20 SG_Weather/D/long
TIME run allocation action=new run=/fslarge/scratch/users/h61084/codes/selectime/outputs/selectime/chronos2/predictions/validation/vanilla_multivariate/SG_PM25/H/short/run_1 launch_id=selena_3584837 slurm_job_id=3584837 launched_at=2026-09-27T16:32:25.790203+00:00
[2026-09-27 16:32:25 UTC] predict_validation method=vanilla_multivariate SG_PM25/H/short
TIME run allocation action=new run=/fslarge/scratch/users/h61084/codes/selectime/outputs/selectime/chronos2/predictions/validation/top_k_1/SG_PM25/H/short/run_1 launch_id=selena_3584837 slurm_job_id=3584837 launched_at=2026-09-27T16:32:27.996117+00:00
[2026-09-27 16:32:27 UTC] predict_validation method=top_k_1 SG_PM25/H/short
TIME run allocation action=new run=/fslarge/scratch/users/h61084/codes/selectime/outputs/selectime/chronos2/predictions/validation/top_k_5/SG_PM25/H/short/run_1 launch_id=selena_3584837 slurm_job_id=3584837 launched_at=2026-09-27T16:32:32.253948+00:00
[2026-09-27 16:32:32 UTC] predict_validation method=top_k_5 SG_PM25/H/short
TIME run allocation action=new run=/fslarge/scratch/users/h61084/codes/selectime/outputs/selectime/chronos2/predictions/validation/top_k_10/SG_PM25/H/short/run_1 launch_id=selena_3584837 slurm_job_id=3584837 launched_at=2026-09-27T16:32:45.484478+00:00
[2026-09-27 16:32:45 UTC] predict_validation method=top_k_10 SG_PM25/H/short
TIME run allocation action=new run=/fslarge/scratch/users/h61084/codes/selectime/outputs/selectime/chronos2/predictions/validation/top_k_15/SG_PM25/H/short/run_1 launch_id=selena_3584837 slurm_job_id=3584837 launched_at=2026-09-27T16:33:10.502034+00:00
[2026-09-27 16:33:10 UTC] predict_validation method=top_k_15 SG_PM25/H/short
TIME run allocation action=new run=/fslarge/scratch/users/h61084/codes/selectime/outputs/selectime/chronos2/predictions/validation/top_k_20/SG_PM25/H/short/run_1 launch_id=selena_3584837 slurm_job_id=3584837 launched_at=2026-09-27T16:33:46.652270+00:00
[2026-09-27 16:33:46 UTC] predict_validation method=top_k_20 SG_PM25/H/short
TIME run allocation action=new run=/fslarge/scratch/users/h61084/codes/selectime/outputs/selectime/chronos2/predictions/validation/vanilla_multivariate/SG_PM25/H/medium/run_1 launch_id=selena_3584837 slurm_job_id=3584837 launched_at=2026-09-27T16:34:34.566448+00:00
[2026-09-27 16:34:34 UTC] predict_validation method=vanilla_multivariate SG_PM25/H/medium
TIME run allocation action=new run=/fslarge/scratch/users/h61084/codes/selectime/outputs/selectime/chronos2/predictions/validation/top_k_1/SG_PM25/H/medium/run_1 launch_id=selena_3584837 slurm_job_id=3584837 launched_at=2026-09-27T16:34:35.289294+00:00
[2026-09-27 16:34:35 UTC] predict_validation method=top_k_1 SG_PM25/H/medium
TIME run allocation action=new run=/fslarge/scratch/users/h61084/codes/selectime/outputs/selectime/chronos2/predictions/validation/top_k_5/SG_PM25/H/medium/run_1 launch_id=selena_3584837 slurm_job_id=3584837 launched_at=2026-09-27T16:34:36.733957+00:00
[2026-09-27 16:34:36 UTC] predict_validation method=top_k_5 SG_PM25/H/medium
TIME run allocation action=new run=/fslarge/scratch/users/h61084/codes/selectime/outputs/selectime/chronos2/predictions/validation/top_k_10/SG_PM25/H/medium/run_1 launch_id=selena_3584837 slurm_job_id=3584837 launched_at=2026-09-27T16:34:41.125938+00:00
[2026-09-27 16:34:41 UTC] predict_validation method=top_k_10 SG_PM25/H/medium
TIME run allocation action=new run=/fslarge/scratch/users/h61084/codes/selectime/outputs/selectime/chronos2/predictions/validation/top_k_15/SG_PM25/H/medium/run_1 launch_id=selena_3584837 slurm_job_id=3584837 launched_at=2026-09-27T16:34:49.345125+00:00
[2026-09-27 16:34:49 UTC] predict_validation method=top_k_15 SG_PM25/H/medium
TIME run allocation action=new run=/fslarge/scratch/users/h61084/codes/selectime/outputs/selectime/chronos2/predictions/validation/top_k_20/SG_PM25/H/medium/run_1 launch_id=selena_3584837 slurm_job_id=3584837 launched_at=2026-09-27T16:35:01.206450+00:00
[2026-09-27 16:35:01 UTC] predict_validation method=top_k_20 SG_PM25/H/medium
TIME run allocation action=new run=/fslarge/scratch/users/h61084/codes/selectime/outputs/selectime/chronos2/predictions/validation/vanilla_multivariate/SG_PM25/H/long/run_1 launch_id=selena_3584837 slurm_job_id=3584837 launched_at=2026-09-27T16:35:16.999180+00:00
[2026-09-27 16:35:17 UTC] predict_validation method=vanilla_multivariate SG_PM25/H/long
TIME run allocation action=new run=/fslarge/scratch/users/h61084/codes/selectime/outputs/selectime/chronos2/predictions/validation/top_k_1/SG_PM25/H/long/run_1 launch_id=selena_3584837 slurm_job_id=3584837 launched_at=2026-09-27T16:35:17.337273+00:00
[2026-09-27 16:35:17 UTC] predict_validation method=top_k_1 SG_PM25/H/long
TIME run allocation action=new run=/fslarge/scratch/users/h61084/codes/selectime/outputs/selectime/chronos2/predictions/validation/top_k_5/SG_PM25/H/long/run_1 launch_id=selena_3584837 slurm_job_id=3584837 launched_at=2026-09-27T16:35:17.977371+00:00
[2026-09-27 16:35:17 UTC] predict_validation method=top_k_5 SG_PM25/H/long
TIME run allocation action=new run=/fslarge/scratch/users/h61084/codes/selectime/outputs/selectime/chronos2/predictions/validation/top_k_10/SG_PM25/H/long/run_1 launch_id=selena_3584837 slurm_job_id=3584837 launched_at=2026-09-27T16:35:19.905742+00:00
[2026-09-27 16:35:19 UTC] predict_validation method=top_k_10 SG_PM25/H/long
TIME run allocation action=new run=/fslarge/scratch/users/h61084/codes/selectime/outputs/selectime/chronos2/predictions/validation/top_k_15/SG_PM25/H/long/run_1 launch_id=selena_3584837 slurm_job_id=3584837 launched_at=2026-09-27T16:35:23.520287+00:00
[2026-09-27 16:35:23 UTC] predict_validation method=top_k_15 SG_PM25/H/long
TIME run allocation action=new run=/fslarge/scratch/users/h61084/codes/selectime/outputs/selectime/chronos2/predictions/validation/top_k_20/SG_PM25/H/long/run_1 launch_id=selena_3584837 slurm_job_id=3584837 launched_at=2026-09-27T16:35:28.722325+00:00
[2026-09-27 16:35:28 UTC] predict_validation method=top_k_20 SG_PM25/H/long
TIME run allocation action=new run=/fslarge/scratch/users/h61084/codes/selectime/outputs/selectime/chronos2/predictions/validation/vanilla_multivariate/NE_China_Wind/H/short/run_1 launch_id=selena_3584837 slurm_job_id=3584837 launched_at=2026-09-27T16:35:35.672395+00:00
[2026-09-27 16:35:35 UTC] predict_validation method=vanilla_multivariate NE_China_Wind/H/short
TIME run allocation action=new run=/fslarge/scratch/users/h61084/codes/selectime/outputs/selectime/chronos2/predictions/validation/top_k_1/NE_China_Wind/H/short/run_1 launch_id=selena_3584837 slurm_job_id=3584837 launched_at=2026-09-27T16:35:36.225555+00:00
[2026-09-27 16:35:36 UTC] predict_validation method=top_k_1 NE_China_Wind/H/short
TIME run allocation action=new run=/fslarge/scratch/users/h61084/codes/selectime/outputs/selectime/chronos2/predictions/validation/top_k_5/NE_China_Wind/H/short/run_1 launch_id=selena_3584837 slurm_job_id=3584837 launched_at=2026-09-27T16:35:37.338056+00:00
[2026-09-27 16:35:37 UTC] predict_validation method=top_k_5 NE_China_Wind/H/short
TIME run allocation action=new run=/fslarge/scratch/users/h61084/codes/selectime/outputs/selectime/chronos2/predictions/validation/top_k_10/NE_China_Wind/H/short/run_1 launch_id=selena_3584837 slurm_job_id=3584837 launched_at=2026-09-27T16:35:40.715647+00:00
[2026-09-27 16:35:40 UTC] predict_validation method=top_k_10 NE_China_Wind/H/short
TIME run allocation action=new run=/fslarge/scratch/users/h61084/codes/selectime/outputs/selectime/chronos2/predictions/validation/top_k_15/NE_China_Wind/H/short/run_1 launch_id=selena_3584837 slurm_job_id=3584837 launched_at=2026-09-27T16:35:46.978641+00:00
[2026-09-27 16:35:46 UTC] predict_validation method=top_k_15 NE_China_Wind/H/short
TIME run allocation action=new run=/fslarge/scratch/users/h61084/codes/selectime/outputs/selectime/chronos2/predictions/validation/top_k_20/NE_China_Wind/H/short/run_1 launch_id=selena_3584837 slurm_job_id=3584837 launched_at=2026-09-27T16:35:55.913852+00:00
[2026-09-27 16:35:55 UTC] predict_validation method=top_k_20 NE_China_Wind/H/short
TIME run allocation action=new run=/fslarge/scratch/users/h61084/codes/selectime/outputs/selectime/chronos2/predictions/validation/vanilla_multivariate/NE_China_Wind/H/medium/run_1 launch_id=selena_3584837 slurm_job_id=3584837 launched_at=2026-09-27T16:36:07.750597+00:00
[2026-09-27 16:36:07 UTC] predict_validation method=vanilla_multivariate NE_China_Wind/H/medium
TIME run allocation action=new run=/fslarge/scratch/users/h61084/codes/selectime/outputs/selectime/chronos2/predictions/validation/top_k_1/NE_China_Wind/H/medium/run_1 launch_id=selena_3584837 slurm_job_id=3584837 launched_at=2026-09-27T16:36:07.965515+00:00
[2026-09-27 16:36:07 UTC] predict_validation method=top_k_1 NE_China_Wind/H/medium
TIME run allocation action=new run=/fslarge/scratch/users/h61084/codes/selectime/outputs/selectime/chronos2/predictions/validation/top_k_5/NE_China_Wind/H/medium/run_1 launch_id=selena_3584837 slurm_job_id=3584837 launched_at=2026-09-27T16:36:08.350312+00:00
[2026-09-27 16:36:08 UTC] predict_validation method=top_k_5 NE_China_Wind/H/medium
TIME run allocation action=new run=/fslarge/scratch/users/h61084/codes/selectime/outputs/selectime/chronos2/predictions/validation/top_k_10/NE_China_Wind/H/medium/run_1 launch_id=selena_3584837 slurm_job_id=3584837 launched_at=2026-09-27T16:36:09.489669+00:00
[2026-09-27 16:36:09 UTC] predict_validation method=top_k_10 NE_China_Wind/H/medium
TIME run allocation action=new run=/fslarge/scratch/users/h61084/codes/selectime/outputs/selectime/chronos2/predictions/validation/top_k_15/NE_China_Wind/H/medium/run_1 launch_id=selena_3584837 slurm_job_id=3584837 launched_at=2026-09-27T16:36:11.576245+00:00
[2026-09-27 16:36:11 UTC] predict_validation method=top_k_15 NE_China_Wind/H/medium
TIME run allocation action=new run=/fslarge/scratch/users/h61084/codes/selectime/outputs/selectime/chronos2/predictions/validation/top_k_20/NE_China_Wind/H/medium/run_1 launch_id=selena_3584837 slurm_job_id=3584837 launched_at=2026-09-27T16:36:14.593916+00:00
[2026-09-27 16:36:14 UTC] predict_validation method=top_k_20 NE_China_Wind/H/medium
TIME run allocation action=new run=/fslarge/scratch/users/h61084/codes/selectime/outputs/selectime/chronos2/predictions/validation/vanilla_multivariate/NE_China_Wind/H/long/run_1 launch_id=selena_3584837 slurm_job_id=3584837 launched_at=2026-09-27T16:36:18.629432+00:00
[2026-09-27 16:36:18 UTC] predict_validation method=vanilla_multivariate NE_China_Wind/H/long
TIME run allocation action=new run=/fslarge/scratch/users/h61084/codes/selectime/outputs/selectime/chronos2/predictions/validation/top_k_1/NE_China_Wind/H/long/run_1 launch_id=selena_3584837 slurm_job_id=3584837 launched_at=2026-09-27T16:36:18.736635+00:00
[2026-09-27 16:36:18 UTC] predict_validation method=top_k_1 NE_China_Wind/H/long
TIME run allocation action=new run=/fslarge/scratch/users/h61084/codes/selectime/outputs/selectime/chronos2/predictions/validation/top_k_5/NE_China_Wind/H/long/run_1 launch_id=selena_3584837 slurm_job_id=3584837 launched_at=2026-09-27T16:36:18.907294+00:00
[2026-09-27 16:36:18 UTC] predict_validation method=top_k_5 NE_China_Wind/H/long
TIME run allocation action=new run=/fslarge/scratch/users/h61084/codes/selectime/outputs/selectime/chronos2/predictions/validation/top_k_10/NE_China_Wind/H/long/run_1 launch_id=selena_3584837 slurm_job_id=3584837 launched_at=2026-09-27T16:36:19.351789+00:00
[2026-09-27 16:36:19 UTC] predict_validation method=top_k_10 NE_China_Wind/H/long
TIME run allocation action=new run=/fslarge/scratch/users/h61084/codes/selectime/outputs/selectime/chronos2/predictions/validation/top_k_15/NE_China_Wind/H/long/run_1 launch_id=selena_3584837 slurm_job_id=3584837 launched_at=2026-09-27T16:36:20.191275+00:00
[2026-09-27 16:36:20 UTC] predict_validation method=top_k_15 NE_China_Wind/H/long
TIME run allocation action=new run=/fslarge/scratch/users/h61084/codes/selectime/outputs/selectime/chronos2/predictions/validation/top_k_20/NE_China_Wind/H/long/run_1 launch_id=selena_3584837 slurm_job_id=3584837 launched_at=2026-09-27T16:36:21.426815+00:00
[2026-09-27 16:36:21 UTC] predict_validation method=top_k_20 NE_China_Wind/H/long
TIME run allocation action=new run=/fslarge/scratch/users/h61084/codes/selectime/outputs/selectime/chronos2/predictions/validation/vanilla_multivariate/Australia_Solar/H/short/run_1 launch_id=selena_3584837 slurm_job_id=3584837 launched_at=2026-09-27T16:36:23.074963+00:00
[2026-09-27 16:36:23 UTC] predict_validation method=vanilla_multivariate Australia_Solar/H/short
TIME run allocation action=new run=/fslarge/scratch/users/h61084/codes/selectime/outputs/selectime/chronos2/predictions/validation/top_k_1/Australia_Solar/H/short/run_1 launch_id=selena_3584837 slurm_job_id=3584837 launched_at=2026-09-27T16:36:24.562297+00:00
[2026-09-27 16:36:24 UTC] predict_validation method=top_k_1 Australia_Solar/H/short
TIME run allocation action=new run=/fslarge/scratch/users/h61084/codes/selectime/outputs/selectime/chronos2/predictions/validation/top_k_5/Australia_Solar/H/short/run_1 launch_id=selena_3584837 slurm_job_id=3584837 launched_at=2026-09-27T16:36:25.568762+00:00
[2026-09-27 16:36:25 UTC] predict_validation method=top_k_5 Australia_Solar/H/short
TIME run allocation action=new run=/fslarge/scratch/users/h61084/codes/selectime/outputs/selectime/chronos2/predictions/validation/top_k_10/Australia_Solar/H/short/run_1 launch_id=selena_3584837 slurm_job_id=3584837 launched_at=2026-09-27T16:36:28.609270+00:00
[2026-09-27 16:36:28 UTC] predict_validation method=top_k_10 Australia_Solar/H/short
TIME run allocation action=new run=/fslarge/scratch/users/h61084/codes/selectime/outputs/selectime/chronos2/predictions/validation/top_k_15/Australia_Solar/H/short/run_1 launch_id=selena_3584837 slurm_job_id=3584837 launched_at=2026-09-27T16:36:34.310452+00:00
[2026-09-27 16:36:34 UTC] predict_validation method=top_k_15 Australia_Solar/H/short
TIME run allocation action=new run=/fslarge/scratch/users/h61084/codes/selectime/outputs/selectime/chronos2/predictions/validation/top_k_20/Australia_Solar/H/short/run_1 launch_id=selena_3584837 slurm_job_id=3584837 launched_at=2026-09-27T16:36:42.569717+00:00
[2026-09-27 16:36:42 UTC] predict_validation method=top_k_20 Australia_Solar/H/short
TIME run allocation action=new run=/fslarge/scratch/users/h61084/codes/selectime/outputs/selectime/chronos2/predictions/validation/vanilla_multivariate/Australia_Solar/H/medium/run_1 launch_id=selena_3584837 slurm_job_id=3584837 launched_at=2026-09-27T16:36:53.513874+00:00
[2026-09-27 16:36:53 UTC] predict_validation method=vanilla_multivariate Australia_Solar/H/medium
TIME run allocation action=new run=/fslarge/scratch/users/h61084/codes/selectime/outputs/selectime/chronos2/predictions/validation/top_k_1/Australia_Solar/H/medium/run_1 launch_id=selena_3584837 slurm_job_id=3584837 launched_at=2026-09-27T16:36:54.018961+00:00
[2026-09-27 16:36:54 UTC] predict_validation method=top_k_1 Australia_Solar/H/medium
TIME run allocation action=new run=/fslarge/scratch/users/h61084/codes/selectime/outputs/selectime/chronos2/predictions/validation/top_k_5/Australia_Solar/H/medium/run_1 launch_id=selena_3584837 slurm_job_id=3584837 launched_at=2026-09-27T16:36:54.374893+00:00
[2026-09-27 16:36:54 UTC] predict_validation method=top_k_5 Australia_Solar/H/medium
TIME run allocation action=new run=/fslarge/scratch/users/h61084/codes/selectime/outputs/selectime/chronos2/predictions/validation/top_k_10/Australia_Solar/H/medium/run_1 launch_id=selena_3584837 slurm_job_id=3584837 launched_at=2026-09-27T16:36:55.414721+00:00
[2026-09-27 16:36:55 UTC] predict_validation method=top_k_10 Australia_Solar/H/medium
TIME run allocation action=new run=/fslarge/scratch/users/h61084/codes/selectime/outputs/selectime/chronos2/predictions/validation/top_k_15/Australia_Solar/H/medium/run_1 launch_id=selena_3584837 slurm_job_id=3584837 launched_at=2026-09-27T16:36:57.349263+00:00
[2026-09-27 16:36:57 UTC] predict_validation method=top_k_15 Australia_Solar/H/medium
TIME run allocation action=new run=/fslarge/scratch/users/h61084/codes/selectime/outputs/selectime/chronos2/predictions/validation/top_k_20/Australia_Solar/H/medium/run_1 launch_id=selena_3584837 slurm_job_id=3584837 launched_at=2026-09-27T16:37:00.118199+00:00
[2026-09-27 16:37:00 UTC] predict_validation method=top_k_20 Australia_Solar/H/medium
TIME run allocation action=new run=/fslarge/scratch/users/h61084/codes/selectime/outputs/selectime/chronos2/predictions/validation/vanilla_multivariate/Australia_Solar/H/long/run_1 launch_id=selena_3584837 slurm_job_id=3584837 launched_at=2026-09-27T16:37:03.801417+00:00
[2026-09-27 16:37:03 UTC] predict_validation method=vanilla_multivariate Australia_Solar/H/long
TIME run allocation action=new run=/fslarge/scratch/users/h61084/codes/selectime/outputs/selectime/chronos2/predictions/validation/top_k_1/Australia_Solar/H/long/run_1 launch_id=selena_3584837 slurm_job_id=3584837 launched_at=2026-09-27T16:37:04.041846+00:00
[2026-09-27 16:37:04 UTC] predict_validation method=top_k_1 Australia_Solar/H/long
TIME run allocation action=new run=/fslarge/scratch/users/h61084/codes/selectime/outputs/selectime/chronos2/predictions/validation/top_k_5/Australia_Solar/H/long/run_1 launch_id=selena_3584837 slurm_job_id=3584837 launched_at=2026-09-27T16:37:04.212838+00:00
[2026-09-27 16:37:04 UTC] predict_validation method=top_k_5 Australia_Solar/H/long
TIME run allocation action=new run=/fslarge/scratch/users/h61084/codes/selectime/outputs/selectime/chronos2/predictions/validation/top_k_10/Australia_Solar/H/long/run_1 launch_id=selena_3584837 slurm_job_id=3584837 launched_at=2026-09-27T16:37:04.653235+00:00
[2026-09-27 16:37:04 UTC] predict_validation method=top_k_10 Australia_Solar/H/long
TIME run allocation action=new run=/fslarge/scratch/users/h61084/codes/selectime/outputs/selectime/chronos2/predictions/validation/top_k_15/Australia_Solar/H/long/run_1 launch_id=selena_3584837 slurm_job_id=3584837 launched_at=2026-09-27T16:37:05.484883+00:00
[2026-09-27 16:37:05 UTC] predict_validation method=top_k_15 Australia_Solar/H/long
TIME run allocation action=new run=/fslarge/scratch/users/h61084/codes/selectime/outputs/selectime/chronos2/predictions/validation/top_k_20/Australia_Solar/H/long/run_1 launch_id=selena_3584837 slurm_job_id=3584837 launched_at=2026-09-27T16:37:06.712614+00:00
[2026-09-27 16:37:06 UTC] predict_validation method=top_k_20 Australia_Solar/H/long
TIME run allocation action=new run=/fslarge/scratch/users/h61084/codes/selectime/outputs/selectime/chronos2/predictions/validation/vanilla_multivariate/epf_electricity_price/H/short/run_1 launch_id=selena_3584837 slurm_job_id=3584837 launched_at=2026-09-27T16:37:08.379922+00:00
[2026-09-27 16:37:08 UTC] predict_validation method=vanilla_multivariate epf_electricity_price/H/short
TIME run allocation action=new run=/fslarge/scratch/users/h61084/codes/selectime/outputs/selectime/chronos2/predictions/validation/top_k_1/epf_electricity_price/H/short/run_1 launch_id=selena_3584837 slurm_job_id=3584837 launched_at=2026-09-27T16:37:10.758813+00:00
[2026-09-27 16:37:10 UTC] predict_validation method=top_k_1 epf_electricity_price/H/short
TIME run allocation action=new run=/fslarge/scratch/users/h61084/codes/selectime/outputs/selectime/chronos2/predictions/validation/top_k_5/epf_electricity_price/H/short/run_1 launch_id=selena_3584837 slurm_job_id=3584837 launched_at=2026-09-27T16:37:15.717108+00:00
[2026-09-27 16:37:15 UTC] predict_validation method=top_k_5 epf_electricity_price/H/short
TIME run allocation action=new run=/fslarge/scratch/users/h61084/codes/selectime/outputs/selectime/chronos2/predictions/validation/top_k_10/epf_electricity_price/H/short/run_1 launch_id=selena_3584837 slurm_job_id=3584837 launched_at=2026-09-27T16:37:31.727724+00:00
[2026-09-27 16:37:31 UTC] predict_validation method=top_k_10 epf_electricity_price/H/short
TIME run allocation action=new run=/fslarge/scratch/users/h61084/codes/selectime/outputs/selectime/chronos2/predictions/validation/top_k_15/epf_electricity_price/H/short/run_1 launch_id=selena_3584837 slurm_job_id=3584837 launched_at=2026-09-27T16:38:02.540641+00:00
[2026-09-27 16:38:02 UTC] predict_validation method=top_k_15 epf_electricity_price/H/short
TIME run allocation action=new run=/fslarge/scratch/users/h61084/codes/selectime/outputs/selectime/chronos2/predictions/validation/top_k_20/epf_electricity_price/H/short/run_1 launch_id=selena_3584837 slurm_job_id=3584837 launched_at=2026-09-27T16:38:47.767341+00:00
[2026-09-27 16:38:47 UTC] predict_validation method=top_k_20 epf_electricity_price/H/short
TIME run allocation action=new run=/fslarge/scratch/users/h61084/codes/selectime/outputs/selectime/chronos2/predictions/validation/vanilla_multivariate/epf_electricity_price/H/medium/run_1 launch_id=selena_3584837 slurm_job_id=3584837 launched_at=2026-09-27T16:39:47.872425+00:00
[2026-09-27 16:39:47 UTC] predict_validation method=vanilla_multivariate epf_electricity_price/H/medium
TIME run allocation action=new run=/fslarge/scratch/users/h61084/codes/selectime/outputs/selectime/chronos2/predictions/validation/top_k_1/epf_electricity_price/H/medium/run_1 launch_id=selena_3584837 slurm_job_id=3584837 launched_at=2026-09-27T16:39:48.682663+00:00
[2026-09-27 16:39:48 UTC] predict_validation method=top_k_1 epf_electricity_price/H/medium
TIME run allocation action=new run=/fslarge/scratch/users/h61084/codes/selectime/outputs/selectime/chronos2/predictions/validation/top_k_5/epf_electricity_price/H/medium/run_1 launch_id=selena_3584837 slurm_job_id=3584837 launched_at=2026-09-27T16:39:50.384922+00:00
[2026-09-27 16:39:50 UTC] predict_validation method=top_k_5 epf_electricity_price/H/medium
TIME run allocation action=new run=/fslarge/scratch/users/h61084/codes/selectime/outputs/selectime/chronos2/predictions/validation/top_k_10/epf_electricity_price/H/medium/run_1 launch_id=selena_3584837 slurm_job_id=3584837 launched_at=2026-09-27T16:39:55.756253+00:00
[2026-09-27 16:39:55 UTC] predict_validation method=top_k_10 epf_electricity_price/H/medium
TIME run allocation action=new run=/fslarge/scratch/users/h61084/codes/selectime/outputs/selectime/chronos2/predictions/validation/top_k_15/epf_electricity_price/H/medium/run_1 launch_id=selena_3584837 slurm_job_id=3584837 launched_at=2026-09-27T16:40:06.062393+00:00
[2026-09-27 16:40:06 UTC] predict_validation method=top_k_15 epf_electricity_price/H/medium
TIME run allocation action=new run=/fslarge/scratch/users/h61084/codes/selectime/outputs/selectime/chronos2/predictions/validation/top_k_20/epf_electricity_price/H/medium/run_1 launch_id=selena_3584837 slurm_job_id=3584837 launched_at=2026-09-27T16:40:21.241954+00:00
[2026-09-27 16:40:21 UTC] predict_validation method=top_k_20 epf_electricity_price/H/medium
TIME run allocation action=new run=/fslarge/scratch/users/h61084/codes/selectime/outputs/selectime/chronos2/predictions/validation/vanilla_multivariate/epf_electricity_price/H/long/run_1 launch_id=selena_3584837 slurm_job_id=3584837 launched_at=2026-09-27T16:40:41.569243+00:00
[2026-09-27 16:40:41 UTC] predict_validation method=vanilla_multivariate epf_electricity_price/H/long
TIME run allocation action=new run=/fslarge/scratch/users/h61084/codes/selectime/outputs/selectime/chronos2/predictions/validation/top_k_1/epf_electricity_price/H/long/run_1 launch_id=selena_3584837 slurm_job_id=3584837 launched_at=2026-09-27T16:40:41.986899+00:00
[2026-09-27 16:40:41 UTC] predict_validation method=top_k_1 epf_electricity_price/H/long
TIME run allocation action=new run=/fslarge/scratch/users/h61084/codes/selectime/outputs/selectime/chronos2/predictions/validation/top_k_5/epf_electricity_price/H/long/run_1 launch_id=selena_3584837 slurm_job_id=3584837 launched_at=2026-09-27T16:40:42.766398+00:00
[2026-09-27 16:40:42 UTC] predict_validation method=top_k_5 epf_electricity_price/H/long
TIME run allocation action=new run=/fslarge/scratch/users/h61084/codes/selectime/outputs/selectime/chronos2/predictions/validation/top_k_10/epf_electricity_price/H/long/run_1 launch_id=selena_3584837 slurm_job_id=3584837 launched_at=2026-09-27T16:40:45.164072+00:00
[2026-09-27 16:40:45 UTC] predict_validation method=top_k_10 epf_electricity_price/H/long
TIME run allocation action=new run=/fslarge/scratch/users/h61084/codes/selectime/outputs/selectime/chronos2/predictions/validation/top_k_15/epf_electricity_price/H/long/run_1 launch_id=selena_3584837 slurm_job_id=3584837 launched_at=2026-09-27T16:40:49.651747+00:00
[2026-09-27 16:40:49 UTC] predict_validation method=top_k_15 epf_electricity_price/H/long
TIME run allocation action=new run=/fslarge/scratch/users/h61084/codes/selectime/outputs/selectime/chronos2/predictions/validation/top_k_20/epf_electricity_price/H/long/run_1 launch_id=selena_3584837 slurm_job_id=3584837 launched_at=2026-09-27T16:40:56.209127+00:00
[2026-09-27 16:40:56 UTC] predict_validation method=top_k_20 epf_electricity_price/H/long
TIME run allocation action=new run=/fslarge/scratch/users/h61084/codes/selectime/outputs/selectime/chronos2/predictions/validation/vanilla_multivariate/OpenElectricity_NEM/5T/short/run_1 launch_id=selena_3584837 slurm_job_id=3584837 launched_at=2026-09-27T16:41:05.071313+00:00
[2026-09-27 16:41:05 UTC] predict_validation method=vanilla_multivariate OpenElectricity_NEM/5T/short
TIME run allocation action=new run=/fslarge/scratch/users/h61084/codes/selectime/outputs/selectime/chronos2/predictions/validation/top_k_1/OpenElectricity_NEM/5T/short/run_1 launch_id=selena_3584837 slurm_job_id=3584837 launched_at=2026-09-27T16:41:13.372093+00:00
[2026-09-27 16:41:13 UTC] predict_validation method=top_k_1 OpenElectricity_NEM/5T/short
TIME run allocation action=new run=/fslarge/scratch/users/h61084/codes/selectime/outputs/selectime/chronos2/predictions/validation/top_k_5/OpenElectricity_NEM/5T/short/run_1 launch_id=selena_3584837 slurm_job_id=3584837 launched_at=2026-09-27T16:41:28.903947+00:00
[2026-09-27 16:41:28 UTC] predict_validation method=top_k_5 OpenElectricity_NEM/5T/short
TIME run allocation action=new run=/fslarge/scratch/users/h61084/codes/selectime/outputs/selectime/chronos2/predictions/validation/top_k_10/OpenElectricity_NEM/5T/short/run_1 launch_id=selena_3584837 slurm_job_id=3584837 launched_at=2026-09-27T16:42:17.487880+00:00
[2026-09-27 16:42:17 UTC] predict_validation method=top_k_10 OpenElectricity_NEM/5T/short
TIME run allocation action=new run=/fslarge/scratch/users/h61084/codes/selectime/outputs/selectime/chronos2/predictions/validation/top_k_15/OpenElectricity_NEM/5T/short/run_1 launch_id=selena_3584837 slurm_job_id=3584837 launched_at=2026-09-27T16:43:49.207958+00:00
[2026-09-27 16:43:49 UTC] predict_validation method=top_k_15 OpenElectricity_NEM/5T/short
TIME run allocation action=new run=/fslarge/scratch/users/h61084/codes/selectime/outputs/selectime/chronos2/predictions/validation/top_k_20/OpenElectricity_NEM/5T/short/run_1 launch_id=selena_3584837 slurm_job_id=3584837 launched_at=2026-09-27T16:46:01.622815+00:00
[2026-09-27 16:46:01 UTC] predict_validation method=top_k_20 OpenElectricity_NEM/5T/short
TIME run allocation action=new run=/fslarge/scratch/users/h61084/codes/selectime/outputs/selectime/chronos2/predictions/validation/vanilla_multivariate/OpenElectricity_NEM/5T/medium/run_1 launch_id=selena_3584837 slurm_job_id=3584837 launched_at=2026-09-27T16:48:56.940459+00:00
[2026-09-27 16:48:56 UTC] predict_validation method=vanilla_multivariate OpenElectricity_NEM/5T/medium
TIME run allocation action=new run=/fslarge/scratch/users/h61084/codes/selectime/outputs/selectime/chronos2/predictions/validation/top_k_1/OpenElectricity_NEM/5T/medium/run_1 launch_id=selena_3584837 slurm_job_id=3584837 launched_at=2026-09-27T16:48:59.021723+00:00
[2026-09-27 16:48:59 UTC] predict_validation method=top_k_1 OpenElectricity_NEM/5T/medium
TIME run allocation action=new run=/fslarge/scratch/users/h61084/codes/selectime/outputs/selectime/chronos2/predictions/validation/top_k_5/OpenElectricity_NEM/5T/medium/run_1 launch_id=selena_3584837 slurm_job_id=3584837 launched_at=2026-09-27T16:49:02.957695+00:00
[2026-09-27 16:49:02 UTC] predict_validation method=top_k_5 OpenElectricity_NEM/5T/medium
TIME run allocation action=new run=/fslarge/scratch/users/h61084/codes/selectime/outputs/selectime/chronos2/predictions/validation/top_k_10/OpenElectricity_NEM/5T/medium/run_1 launch_id=selena_3584837 slurm_job_id=3584837 launched_at=2026-09-27T16:49:15.194701+00:00
[2026-09-27 16:49:15 UTC] predict_validation method=top_k_10 OpenElectricity_NEM/5T/medium
TIME run allocation action=new run=/fslarge/scratch/users/h61084/codes/selectime/outputs/selectime/chronos2/predictions/validation/top_k_15/OpenElectricity_NEM/5T/medium/run_1 launch_id=selena_3584837 slurm_job_id=3584837 launched_at=2026-09-27T16:49:38.251737+00:00
[2026-09-27 16:49:38 UTC] predict_validation method=top_k_15 OpenElectricity_NEM/5T/medium
TIME run allocation action=new run=/fslarge/scratch/users/h61084/codes/selectime/outputs/selectime/chronos2/predictions/validation/top_k_20/OpenElectricity_NEM/5T/medium/run_1 launch_id=selena_3584837 slurm_job_id=3584837 launched_at=2026-09-27T16:50:11.587051+00:00
[2026-09-27 16:50:11 UTC] predict_validation method=top_k_20 OpenElectricity_NEM/5T/medium
TIME run allocation action=new run=/fslarge/scratch/users/h61084/codes/selectime/outputs/selectime/chronos2/predictions/validation/vanilla_multivariate/OpenElectricity_NEM/5T/long/run_1 launch_id=selena_3584837 slurm_job_id=3584837 launched_at=2026-09-27T16:50:55.929021+00:00
[2026-09-27 16:50:55 UTC] predict_validation method=vanilla_multivariate OpenElectricity_NEM/5T/long
TIME run allocation action=new run=/fslarge/scratch/users/h61084/codes/selectime/outputs/selectime/chronos2/predictions/validation/top_k_1/OpenElectricity_NEM/5T/long/run_1 launch_id=selena_3584837 slurm_job_id=3584837 launched_at=2026-09-27T16:50:56.630360+00:00
[2026-09-27 16:50:56 UTC] predict_validation method=top_k_1 OpenElectricity_NEM/5T/long
TIME run allocation action=new run=/fslarge/scratch/users/h61084/codes/selectime/outputs/selectime/chronos2/predictions/validation/top_k_5/OpenElectricity_NEM/5T/long/run_1 launch_id=selena_3584837 slurm_job_id=3584837 launched_at=2026-09-27T16:50:58.054376+00:00
[2026-09-27 16:50:58 UTC] predict_validation method=top_k_5 OpenElectricity_NEM/5T/long
TIME run allocation action=new run=/fslarge/scratch/users/h61084/codes/selectime/outputs/selectime/chronos2/predictions/validation/top_k_10/OpenElectricity_NEM/5T/long/run_1 launch_id=selena_3584837 slurm_job_id=3584837 launched_at=2026-09-27T16:51:02.259870+00:00
[2026-09-27 16:51:02 UTC] predict_validation method=top_k_10 OpenElectricity_NEM/5T/long
TIME run allocation action=new run=/fslarge/scratch/users/h61084/codes/selectime/outputs/selectime/chronos2/predictions/validation/top_k_15/OpenElectricity_NEM/5T/long/run_1 launch_id=selena_3584837 slurm_job_id=3584837 launched_at=2026-09-27T16:51:10.078964+00:00
[2026-09-27 16:51:10 UTC] predict_validation method=top_k_15 OpenElectricity_NEM/5T/long
TIME run allocation action=new run=/fslarge/scratch/users/h61084/codes/selectime/outputs/selectime/chronos2/predictions/validation/top_k_20/OpenElectricity_NEM/5T/long/run_1 launch_id=selena_3584837 slurm_job_id=3584837 launched_at=2026-09-27T16:51:21.479468+00:00
[2026-09-27 16:51:21 UTC] predict_validation method=top_k_20 OpenElectricity_NEM/5T/long
TIME run allocation action=new run=/fslarge/scratch/users/h61084/codes/selectime/outputs/selectime/chronos2/predictions/validation/vanilla_multivariate/EWELD_Load/15T/short/run_1 launch_id=selena_3584837 slurm_job_id=3584837 launched_at=2026-09-27T16:51:36.569431+00:00
[2026-09-27 16:51:36 UTC] predict_validation method=vanilla_multivariate EWELD_Load/15T/short
TIME run allocation action=new run=/fslarge/scratch/users/h61084/codes/selectime/outputs/selectime/chronos2/predictions/validation/top_k_1/EWELD_Load/15T/short/run_1 launch_id=selena_3584837 slurm_job_id=3584837 launched_at=2026-09-27T16:51:39.326315+00:00
[2026-09-27 16:51:39 UTC] predict_validation method=top_k_1 EWELD_Load/15T/short
TIME run allocation action=new run=/fslarge/scratch/users/h61084/codes/selectime/outputs/selectime/chronos2/predictions/validation/top_k_5/EWELD_Load/15T/short/run_1 launch_id=selena_3584837 slurm_job_id=3584837 launched_at=2026-09-27T16:51:44.520578+00:00
[2026-09-27 16:51:44 UTC] predict_validation method=top_k_5 EWELD_Load/15T/short
TIME run allocation action=new run=/fslarge/scratch/users/h61084/codes/selectime/outputs/selectime/chronos2/predictions/validation/top_k_10/EWELD_Load/15T/short/run_1 launch_id=selena_3584837 slurm_job_id=3584837 launched_at=2026-09-27T16:52:00.722911+00:00
[2026-09-27 16:52:00 UTC] predict_validation method=top_k_10 EWELD_Load/15T/short
TIME run allocation action=new run=/fslarge/scratch/users/h61084/codes/selectime/outputs/selectime/chronos2/predictions/validation/top_k_15/EWELD_Load/15T/short/run_1 launch_id=selena_3584837 slurm_job_id=3584837 launched_at=2026-09-27T16:52:31.277755+00:00
[2026-09-27 16:52:31 UTC] predict_validation method=top_k_15 EWELD_Load/15T/short
TIME run allocation action=new run=/fslarge/scratch/users/h61084/codes/selectime/outputs/selectime/chronos2/predictions/validation/top_k_20/EWELD_Load/15T/short/run_1 launch_id=selena_3584837 slurm_job_id=3584837 launched_at=2026-09-27T16:53:15.572213+00:00
[2026-09-27 16:53:15 UTC] predict_validation method=top_k_20 EWELD_Load/15T/short
TIME run allocation action=new run=/fslarge/scratch/users/h61084/codes/selectime/outputs/selectime/chronos2/predictions/validation/vanilla_multivariate/EWELD_Load/15T/medium/run_1 launch_id=selena_3584837 slurm_job_id=3584837 launched_at=2026-09-27T16:54:13.818128+00:00
[2026-09-27 16:54:13 UTC] predict_validation method=vanilla_multivariate EWELD_Load/15T/medium
TIME run allocation action=new run=/fslarge/scratch/users/h61084/codes/selectime/outputs/selectime/chronos2/predictions/validation/top_k_1/EWELD_Load/15T/medium/run_1 launch_id=selena_3584837 slurm_job_id=3584837 launched_at=2026-09-27T16:54:14.498107+00:00
[2026-09-27 16:54:14 UTC] predict_validation method=top_k_1 EWELD_Load/15T/medium
TIME run allocation action=new run=/fslarge/scratch/users/h61084/codes/selectime/outputs/selectime/chronos2/predictions/validation/top_k_5/EWELD_Load/15T/medium/run_1 launch_id=selena_3584837 slurm_job_id=3584837 launched_at=2026-09-27T16:54:15.848337+00:00
[2026-09-27 16:54:15 UTC] predict_validation method=top_k_5 EWELD_Load/15T/medium
TIME run allocation action=new run=/fslarge/scratch/users/h61084/codes/selectime/outputs/selectime/chronos2/predictions/validation/top_k_10/EWELD_Load/15T/medium/run_1 launch_id=selena_3584837 slurm_job_id=3584837 launched_at=2026-09-27T16:54:19.927772+00:00
[2026-09-27 16:54:19 UTC] predict_validation method=top_k_10 EWELD_Load/15T/medium
TIME run allocation action=new run=/fslarge/scratch/users/h61084/codes/selectime/outputs/selectime/chronos2/predictions/validation/top_k_15/EWELD_Load/15T/medium/run_1 launch_id=selena_3584837 slurm_job_id=3584837 launched_at=2026-09-27T16:54:27.598961+00:00
[2026-09-27 16:54:27 UTC] predict_validation method=top_k_15 EWELD_Load/15T/medium
TIME run allocation action=new run=/fslarge/scratch/users/h61084/codes/selectime/outputs/selectime/chronos2/predictions/validation/top_k_20/EWELD_Load/15T/medium/run_1 launch_id=selena_3584837 slurm_job_id=3584837 launched_at=2026-09-27T16:54:38.703892+00:00
[2026-09-27 16:54:38 UTC] predict_validation method=top_k_20 EWELD_Load/15T/medium
TIME run allocation action=new run=/fslarge/scratch/users/h61084/codes/selectime/outputs/selectime/chronos2/predictions/validation/vanilla_multivariate/EWELD_Load/15T/long/run_1 launch_id=selena_3584837 slurm_job_id=3584837 launched_at=2026-09-27T16:54:53.456824+00:00
[2026-09-27 16:54:53 UTC] predict_validation method=vanilla_multivariate EWELD_Load/15T/long
TIME run allocation action=new run=/fslarge/scratch/users/h61084/codes/selectime/outputs/selectime/chronos2/predictions/validation/top_k_1/EWELD_Load/15T/long/run_1 launch_id=selena_3584837 slurm_job_id=3584837 launched_at=2026-09-27T16:54:53.589272+00:00
[2026-09-27 16:54:53 UTC] predict_validation method=top_k_1 EWELD_Load/15T/long
TIME run allocation action=new run=/fslarge/scratch/users/h61084/codes/selectime/outputs/selectime/chronos2/predictions/validation/top_k_5/EWELD_Load/15T/long/run_1 launch_id=selena_3584837 slurm_job_id=3584837 launched_at=2026-09-27T16:54:53.811674+00:00
[2026-09-27 16:54:53 UTC] predict_validation method=top_k_5 EWELD_Load/15T/long
TIME run allocation action=new run=/fslarge/scratch/users/h61084/codes/selectime/outputs/selectime/chronos2/predictions/validation/top_k_10/EWELD_Load/15T/long/run_1 launch_id=selena_3584837 slurm_job_id=3584837 launched_at=2026-09-27T16:54:54.425320+00:00
[2026-09-27 16:54:54 UTC] predict_validation method=top_k_10 EWELD_Load/15T/long
TIME run allocation action=new run=/fslarge/scratch/users/h61084/codes/selectime/outputs/selectime/chronos2/predictions/validation/top_k_15/EWELD_Load/15T/long/run_1 launch_id=selena_3584837 slurm_job_id=3584837 launched_at=2026-09-27T16:54:55.610366+00:00
[2026-09-27 16:54:55 UTC] predict_validation method=top_k_15 EWELD_Load/15T/long
TIME run allocation action=new run=/fslarge/scratch/users/h61084/codes/selectime/outputs/selectime/chronos2/predictions/validation/top_k_20/EWELD_Load/15T/long/run_1 launch_id=selena_3584837 slurm_job_id=3584837 launched_at=2026-09-27T16:54:57.298112+00:00
[2026-09-27 16:54:57 UTC] predict_validation method=top_k_20 EWELD_Load/15T/long
TIME run allocation action=new run=/fslarge/scratch/users/h61084/codes/selectime/outputs/selectime/chronos2/predictions/validation/vanilla_multivariate/SG_Carpark/15T/short/run_1 launch_id=selena_3584837 slurm_job_id=3584837 launched_at=2026-09-27T16:55:00.688134+00:00
[2026-09-27 16:55:00 UTC] predict_validation method=vanilla_multivariate SG_Carpark/15T/short
TIME run allocation action=new run=/fslarge/scratch/users/h61084/codes/selectime/outputs/selectime/chronos2/predictions/validation/top_k_1/SG_Carpark/15T/short/run_1 launch_id=selena_3584837 slurm_job_id=3584837 launched_at=2026-09-27T16:56:07.077693+00:00
[2026-09-27 16:56:07 UTC] predict_validation method=top_k_1 SG_Carpark/15T/short
TIME run allocation action=new run=/fslarge/scratch/users/h61084/codes/selectime/outputs/selectime/chronos2/predictions/validation/top_k_5/SG_Carpark/15T/short/run_1 launch_id=selena_3584837 slurm_job_id=3584837 launched_at=2026-09-27T16:58:02.038447+00:00
[2026-09-27 16:58:02 UTC] predict_validation method=top_k_5 SG_Carpark/15T/short
TIME run allocation action=new run=/fslarge/scratch/users/h61084/codes/selectime/outputs/selectime/chronos2/predictions/validation/top_k_10/SG_Carpark/15T/short/run_1 launch_id=selena_3584837 slurm_job_id=3584837 launched_at=2026-09-27T17:04:15.168617+00:00
[2026-09-27 17:04:15 UTC] predict_validation method=top_k_10 SG_Carpark/15T/short
TIME run allocation action=new run=/fslarge/scratch/users/h61084/codes/selectime/outputs/selectime/chronos2/predictions/validation/top_k_15/SG_Carpark/15T/short/run_1 launch_id=selena_3584837 slurm_job_id=3584837 launched_at=2026-09-27T17:16:24.279077+00:00
[2026-09-27 17:16:24 UTC] predict_validation method=top_k_15 SG_Carpark/15T/short
TIME run allocation action=new run=/fslarge/scratch/users/h61084/codes/selectime/outputs/selectime/chronos2/predictions/validation/top_k_20/SG_Carpark/15T/short/run_1 launch_id=selena_3584837 slurm_job_id=3584837 launched_at=2026-09-27T17:33:40.548649+00:00
[2026-09-27 17:33:40 UTC] predict_validation method=top_k_20 SG_Carpark/15T/short
TIME run allocation action=new run=/fslarge/scratch/users/h61084/codes/selectime/outputs/selectime/chronos2/predictions/validation/vanilla_multivariate/SG_Carpark/15T/medium/run_1 launch_id=selena_3584837 slurm_job_id=3584837 launched_at=2026-09-27T17:56:59.077867+00:00
[2026-09-27 17:56:59 UTC] predict_validation method=vanilla_multivariate SG_Carpark/15T/medium
TIME run allocation action=new run=/fslarge/scratch/users/h61084/codes/selectime/outputs/selectime/chronos2/predictions/validation/top_k_1/SG_Carpark/15T/medium/run_1 launch_id=selena_3584837 slurm_job_id=3584837 launched_at=2026-09-27T17:57:10.293386+00:00
[2026-09-27 17:57:10 UTC] predict_validation method=top_k_1 SG_Carpark/15T/medium
TIME run allocation action=new run=/fslarge/scratch/users/h61084/codes/selectime/outputs/selectime/chronos2/predictions/validation/top_k_5/SG_Carpark/15T/medium/run_1 launch_id=selena_3584837 slurm_job_id=3584837 launched_at=2026-09-27T17:57:10.860002+00:00
[2026-09-27 17:57:10 UTC] predict_validation method=top_k_5 SG_Carpark/15T/medium
TIME run allocation action=new run=/fslarge/scratch/users/h61084/codes/selectime/outputs/selectime/chronos2/predictions/validation/top_k_10/SG_Carpark/15T/medium/run_1 launch_id=selena_3584837 slurm_job_id=3584837 launched_at=2026-09-27T17:57:11.422771+00:00
[2026-09-27 17:57:11 UTC] predict_validation method=top_k_10 SG_Carpark/15T/medium
TIME run allocation action=new run=/fslarge/scratch/users/h61084/codes/selectime/outputs/selectime/chronos2/predictions/validation/top_k_15/SG_Carpark/15T/medium/run_1 launch_id=selena_3584837 slurm_job_id=3584837 launched_at=2026-09-27T17:57:11.985827+00:00
[2026-09-27 17:57:11 UTC] predict_validation method=top_k_15 SG_Carpark/15T/medium
TIME run allocation action=new run=/fslarge/scratch/users/h61084/codes/selectime/outputs/selectime/chronos2/predictions/validation/top_k_20/SG_Carpark/15T/medium/run_1 launch_id=selena_3584837 slurm_job_id=3584837 launched_at=2026-09-27T17:57:12.547581+00:00
[2026-09-27 17:57:12 UTC] predict_validation method=top_k_20 SG_Carpark/15T/medium
TIME run allocation action=new run=/fslarge/scratch/users/h61084/codes/selectime/outputs/selectime/chronos2/predictions/validation/vanilla_multivariate/SG_Carpark/15T/long/run_1 launch_id=selena_3584837 slurm_job_id=3584837 launched_at=2026-09-27T17:57:13.949862+00:00
[2026-09-27 17:57:13 UTC] predict_validation method=vanilla_multivariate SG_Carpark/15T/long
TIME run allocation action=new run=/fslarge/scratch/users/h61084/codes/selectime/outputs/selectime/chronos2/predictions/validation/top_k_1/SG_Carpark/15T/long/run_1 launch_id=selena_3584837 slurm_job_id=3584837 launched_at=2026-09-27T17:57:15.993513+00:00
[2026-09-27 17:57:15 UTC] predict_validation method=top_k_1 SG_Carpark/15T/long
TIME run allocation action=new run=/fslarge/scratch/users/h61084/codes/selectime/outputs/selectime/chronos2/predictions/validation/top_k_5/SG_Carpark/15T/long/run_1 launch_id=selena_3584837 slurm_job_id=3584837 launched_at=2026-09-27T17:57:16.495288+00:00
[2026-09-27 17:57:16 UTC] predict_validation method=top_k_5 SG_Carpark/15T/long
TIME run allocation action=new run=/fslarge/scratch/users/h61084/codes/selectime/outputs/selectime/chronos2/predictions/validation/top_k_10/SG_Carpark/15T/long/run_1 launch_id=selena_3584837 slurm_job_id=3584837 launched_at=2026-09-27T17:57:16.993787+00:00
[2026-09-27 17:57:16 UTC] predict_validation method=top_k_10 SG_Carpark/15T/long
TIME run allocation action=new run=/fslarge/scratch/users/h61084/codes/selectime/outputs/selectime/chronos2/predictions/validation/top_k_15/SG_Carpark/15T/long/run_1 launch_id=selena_3584837 slurm_job_id=3584837 launched_at=2026-09-27T17:57:17.491833+00:00
[2026-09-27 17:57:17 UTC] predict_validation method=top_k_15 SG_Carpark/15T/long
TIME run allocation action=new run=/fslarge/scratch/users/h61084/codes/selectime/outputs/selectime/chronos2/predictions/validation/top_k_20/SG_Carpark/15T/long/run_1 launch_id=selena_3584837 slurm_job_id=3584837 launched_at=2026-09-27T17:57:17.990831+00:00
[2026-09-27 17:57:17 UTC] predict_validation method=top_k_20 SG_Carpark/15T/long
TIME run allocation action=new run=/fslarge/scratch/users/h61084/codes/selectime/outputs/selectime/chronos2/predictions/validation/vanilla_multivariate/Finland_Traffic/15T/short/run_1 launch_id=selena_3584837 slurm_job_id=3584837 launched_at=2026-09-27T17:57:18.506888+00:00
[2026-09-27 17:57:18 UTC] predict_validation method=vanilla_multivariate Finland_Traffic/15T/short
TIME run allocation action=new run=/fslarge/scratch/users/h61084/codes/selectime/outputs/selectime/chronos2/predictions/validation/top_k_1/Finland_Traffic/15T/short/run_1 launch_id=selena_3584837 slurm_job_id=3584837 launched_at=2026-09-27T17:57:19.339959+00:00
[2026-09-27 17:57:19 UTC] predict_validation method=top_k_1 Finland_Traffic/15T/short
TIME run allocation action=new run=/fslarge/scratch/users/h61084/codes/selectime/outputs/selectime/chronos2/predictions/validation/top_k_5/Finland_Traffic/15T/short/run_1 launch_id=selena_3584837 slurm_job_id=3584837 launched_at=2026-09-27T17:57:21.088965+00:00
[2026-09-27 17:57:21 UTC] predict_validation method=top_k_5 Finland_Traffic/15T/short
TIME run allocation action=new run=/fslarge/scratch/users/h61084/codes/selectime/outputs/selectime/chronos2/predictions/validation/top_k_10/Finland_Traffic/15T/short/run_1 launch_id=selena_3584837 slurm_job_id=3584837 launched_at=2026-09-27T17:57:26.491136+00:00
[2026-09-27 17:57:26 UTC] predict_validation method=top_k_10 Finland_Traffic/15T/short
TIME run allocation action=new run=/fslarge/scratch/users/h61084/codes/selectime/outputs/selectime/chronos2/predictions/validation/top_k_15/Finland_Traffic/15T/short/run_1 launch_id=selena_3584837 slurm_job_id=3584837 launched_at=2026-09-27T17:57:36.665620+00:00
[2026-09-27 17:57:36 UTC] predict_validation method=top_k_15 Finland_Traffic/15T/short
TIME run allocation action=new run=/fslarge/scratch/users/h61084/codes/selectime/outputs/selectime/chronos2/predictions/validation/top_k_20/Finland_Traffic/15T/short/run_1 launch_id=selena_3584837 slurm_job_id=3584837 launched_at=2026-09-27T17:57:51.217377+00:00
[2026-09-27 17:57:51 UTC] predict_validation method=top_k_20 Finland_Traffic/15T/short
TIME run allocation action=new run=/fslarge/scratch/users/h61084/codes/selectime/outputs/selectime/chronos2/predictions/validation/vanilla_multivariate/Finland_Traffic/15T/medium/run_1 launch_id=selena_3584837 slurm_job_id=3584837 launched_at=2026-09-27T17:58:10.523561+00:00
[2026-09-27 17:58:10 UTC] predict_validation method=vanilla_multivariate Finland_Traffic/15T/medium
TIME run allocation action=new run=/fslarge/scratch/users/h61084/codes/selectime/outputs/selectime/chronos2/predictions/validation/top_k_1/Finland_Traffic/15T/medium/run_1 launch_id=selena_3584837 slurm_job_id=3584837 launched_at=2026-09-27T17:58:10.702101+00:00
[2026-09-27 17:58:10 UTC] predict_validation method=top_k_1 Finland_Traffic/15T/medium
TIME run allocation action=new run=/fslarge/scratch/users/h61084/codes/selectime/outputs/selectime/chronos2/predictions/validation/top_k_5/Finland_Traffic/15T/medium/run_1 launch_id=selena_3584837 slurm_job_id=3584837 launched_at=2026-09-27T17:58:11.012714+00:00
[2026-09-27 17:58:11 UTC] predict_validation method=top_k_5 Finland_Traffic/15T/medium
TIME run allocation action=new run=/fslarge/scratch/users/h61084/codes/selectime/outputs/selectime/chronos2/predictions/validation/top_k_10/Finland_Traffic/15T/medium/run_1 launch_id=selena_3584837 slurm_job_id=3584837 launched_at=2026-09-27T17:58:11.942900+00:00
[2026-09-27 17:58:11 UTC] predict_validation method=top_k_10 Finland_Traffic/15T/medium
TIME run allocation action=new run=/fslarge/scratch/users/h61084/codes/selectime/outputs/selectime/chronos2/predictions/validation/top_k_15/Finland_Traffic/15T/medium/run_1 launch_id=selena_3584837 slurm_job_id=3584837 launched_at=2026-09-27T17:58:13.795156+00:00
[2026-09-27 17:58:13 UTC] predict_validation method=top_k_15 Finland_Traffic/15T/medium
TIME run allocation action=new run=/fslarge/scratch/users/h61084/codes/selectime/outputs/selectime/chronos2/predictions/validation/top_k_20/Finland_Traffic/15T/medium/run_1 launch_id=selena_3584837 slurm_job_id=3584837 launched_at=2026-09-27T17:58:16.256598+00:00
[2026-09-27 17:58:16 UTC] predict_validation method=top_k_20 Finland_Traffic/15T/medium
TIME run allocation action=new run=/fslarge/scratch/users/h61084/codes/selectime/outputs/selectime/chronos2/predictions/validation/vanilla_multivariate/Finland_Traffic/15T/long/run_1 launch_id=selena_3584837 slurm_job_id=3584837 launched_at=2026-09-27T17:58:22.133552+00:00
[2026-09-27 17:58:22 UTC] predict_validation method=vanilla_multivariate Finland_Traffic/15T/long
TIME run allocation action=new run=/fslarge/scratch/users/h61084/codes/selectime/outputs/selectime/chronos2/predictions/validation/top_k_1/Finland_Traffic/15T/long/run_1 launch_id=selena_3584837 slurm_job_id=3584837 launched_at=2026-09-27T17:58:22.201114+00:00
[2026-09-27 17:58:22 UTC] predict_validation method=top_k_1 Finland_Traffic/15T/long
TIME run allocation action=new run=/fslarge/scratch/users/h61084/codes/selectime/outputs/selectime/chronos2/predictions/validation/top_k_5/Finland_Traffic/15T/long/run_1 launch_id=selena_3584837 slurm_job_id=3584837 launched_at=2026-09-27T17:58:22.283141+00:00
[2026-09-27 17:58:22 UTC] predict_validation method=top_k_5 Finland_Traffic/15T/long
TIME run allocation action=new run=/fslarge/scratch/users/h61084/codes/selectime/outputs/selectime/chronos2/predictions/validation/top_k_10/Finland_Traffic/15T/long/run_1 launch_id=selena_3584837 slurm_job_id=3584837 launched_at=2026-09-27T17:58:22.439793+00:00
[2026-09-27 17:58:22 UTC] predict_validation method=top_k_10 Finland_Traffic/15T/long
TIME run allocation action=new run=/fslarge/scratch/users/h61084/codes/selectime/outputs/selectime/chronos2/predictions/validation/top_k_15/Finland_Traffic/15T/long/run_1 launch_id=selena_3584837 slurm_job_id=3584837 launched_at=2026-09-27T17:58:22.684344+00:00
[2026-09-27 17:58:22 UTC] predict_validation method=top_k_15 Finland_Traffic/15T/long
TIME run allocation action=new run=/fslarge/scratch/users/h61084/codes/selectime/outputs/selectime/chronos2/predictions/validation/top_k_20/Finland_Traffic/15T/long/run_1 launch_id=selena_3584837 slurm_job_id=3584837 launched_at=2026-09-27T17:58:23.022177+00:00
[2026-09-27 17:58:23 UTC] predict_validation method=top_k_20 Finland_Traffic/15T/long
TIME run allocation action=new run=/fslarge/scratch/users/h61084/codes/selectime/outputs/selectime/chronos2/predictions/validation/vanilla_multivariate/Port_Activity/D/short/run_1 launch_id=selena_3584837 slurm_job_id=3584837 launched_at=2026-09-27T17:58:23.587254+00:00
[2026-09-27 17:58:23 UTC] predict_validation method=vanilla_multivariate Port_Activity/D/short
TIME run allocation action=new run=/fslarge/scratch/users/h61084/codes/selectime/outputs/selectime/chronos2/predictions/validation/top_k_1/Port_Activity/D/short/run_1 launch_id=selena_3584837 slurm_job_id=3584837 launched_at=2026-09-27T17:58:26.146181+00:00
[2026-09-27 17:58:26 UTC] predict_validation method=top_k_1 Port_Activity/D/short
TIME run allocation action=new run=/fslarge/scratch/users/h61084/codes/selectime/outputs/selectime/chronos2/predictions/validation/top_k_5/Port_Activity/D/short/run_1 launch_id=selena_3584837 slurm_job_id=3584837 launched_at=2026-09-27T17:58:32.113830+00:00
[2026-09-27 17:58:32 UTC] predict_validation method=top_k_5 Port_Activity/D/short
TIME run allocation action=new run=/fslarge/scratch/users/h61084/codes/selectime/outputs/selectime/chronos2/predictions/validation/top_k_10/Port_Activity/D/short/run_1 launch_id=selena_3584837 slurm_job_id=3584837 launched_at=2026-09-27T17:58:48.391465+00:00
[2026-09-27 17:58:48 UTC] predict_validation method=top_k_10 Port_Activity/D/short
TIME run allocation action=new run=/fslarge/scratch/users/h61084/codes/selectime/outputs/selectime/chronos2/predictions/validation/top_k_15/Port_Activity/D/short/run_1 launch_id=selena_3584837 slurm_job_id=3584837 launched_at=2026-09-27T17:59:19.362629+00:00
[2026-09-27 17:59:19 UTC] predict_validation method=top_k_15 Port_Activity/D/short
TIME run allocation action=new run=/fslarge/scratch/users/h61084/codes/selectime/outputs/selectime/chronos2/predictions/validation/top_k_20/Port_Activity/D/short/run_1 launch_id=selena_3584837 slurm_job_id=3584837 launched_at=2026-09-27T18:00:04.743755+00:00
[2026-09-27 18:00:04 UTC] predict_validation method=top_k_20 Port_Activity/D/short
TIME run allocation action=new run=/fslarge/scratch/users/h61084/codes/selectime/outputs/selectime/chronos2/predictions/validation/vanilla_multivariate/Port_Activity/W/short/run_1 launch_id=selena_3584837 slurm_job_id=3584837 launched_at=2026-09-27T18:01:04.170588+00:00
[2026-09-27 18:01:04 UTC] predict_validation method=vanilla_multivariate Port_Activity/W/short
TIME run allocation action=new run=/fslarge/scratch/users/h61084/codes/selectime/outputs/selectime/chronos2/predictions/validation/top_k_1/Port_Activity/W/short/run_1 launch_id=selena_3584837 slurm_job_id=3584837 launched_at=2026-09-27T18:01:04.431857+00:00
[2026-09-27 18:01:04 UTC] predict_validation method=top_k_1 Port_Activity/W/short
TIME run allocation action=new run=/fslarge/scratch/users/h61084/codes/selectime/outputs/selectime/chronos2/predictions/validation/top_k_5/Port_Activity/W/short/run_1 launch_id=selena_3584837 slurm_job_id=3584837 launched_at=2026-09-27T18:01:05.105180+00:00
[2026-09-27 18:01:05 UTC] predict_validation method=top_k_5 Port_Activity/W/short
TIME run allocation action=new run=/fslarge/scratch/users/h61084/codes/selectime/outputs/selectime/chronos2/predictions/validation/top_k_10/Port_Activity/W/short/run_1 launch_id=selena_3584837 slurm_job_id=3584837 launched_at=2026-09-27T18:01:06.446357+00:00
[2026-09-27 18:01:06 UTC] predict_validation method=top_k_10 Port_Activity/W/short
TIME run allocation action=new run=/fslarge/scratch/users/h61084/codes/selectime/outputs/selectime/chronos2/predictions/validation/top_k_15/Port_Activity/W/short/run_1 launch_id=selena_3584837 slurm_job_id=3584837 launched_at=2026-09-27T18:01:08.795875+00:00
[2026-09-27 18:01:08 UTC] predict_validation method=top_k_15 Port_Activity/W/short
TIME run allocation action=new run=/fslarge/scratch/users/h61084/codes/selectime/outputs/selectime/chronos2/predictions/validation/top_k_20/Port_Activity/W/short/run_1 launch_id=selena_3584837 slurm_job_id=3584837 launched_at=2026-09-27T18:01:12.006099+00:00
[2026-09-27 18:01:12 UTC] predict_validation method=top_k_20 Port_Activity/W/short
TIME run allocation action=new run=/fslarge/scratch/users/h61084/codes/selectime/outputs/selectime/chronos2/predictions/validation/vanilla_multivariate/ECDC_COVID/D/short/run_1 launch_id=selena_3584837 slurm_job_id=3584837 launched_at=2026-09-27T18:01:16.161154+00:00
[2026-09-27 18:01:16 UTC] predict_validation method=vanilla_multivariate ECDC_COVID/D/short
TIME run allocation action=new run=/fslarge/scratch/users/h61084/codes/selectime/outputs/selectime/chronos2/predictions/validation/top_k_1/ECDC_COVID/D/short/run_1 launch_id=selena_3584837 slurm_job_id=3584837 launched_at=2026-09-27T18:01:16.239584+00:00
[2026-09-27 18:01:16 UTC] predict_validation method=top_k_1 ECDC_COVID/D/short
TIME run allocation action=new run=/fslarge/scratch/users/h61084/codes/selectime/outputs/selectime/chronos2/predictions/validation/top_k_5/ECDC_COVID/D/short/run_1 launch_id=selena_3584837 slurm_job_id=3584837 launched_at=2026-09-27T18:01:16.350647+00:00
[2026-09-27 18:01:16 UTC] predict_validation method=top_k_5 ECDC_COVID/D/short
TIME run allocation action=new run=/fslarge/scratch/users/h61084/codes/selectime/outputs/selectime/chronos2/predictions/validation/top_k_10/ECDC_COVID/D/short/run_1 launch_id=selena_3584837 slurm_job_id=3584837 launched_at=2026-09-27T18:01:16.545880+00:00
[2026-09-27 18:01:16 UTC] predict_validation method=top_k_10 ECDC_COVID/D/short
TIME run allocation action=new run=/fslarge/scratch/users/h61084/codes/selectime/outputs/selectime/chronos2/predictions/validation/top_k_15/ECDC_COVID/D/short/run_1 launch_id=selena_3584837 slurm_job_id=3584837 launched_at=2026-09-27T18:01:16.885922+00:00
[2026-09-27 18:01:16 UTC] predict_validation method=top_k_15 ECDC_COVID/D/short
TIME run allocation action=new run=/fslarge/scratch/users/h61084/codes/selectime/outputs/selectime/chronos2/predictions/validation/top_k_20/ECDC_COVID/D/short/run_1 launch_id=selena_3584837 slurm_job_id=3584837 launched_at=2026-09-27T18:01:17.367188+00:00
[2026-09-27 18:01:17 UTC] predict_validation method=top_k_20 ECDC_COVID/D/short
TIME run allocation action=new run=/fslarge/scratch/users/h61084/codes/selectime/outputs/selectime/chronos2/predictions/validation/vanilla_multivariate/ECDC_COVID/W/short/run_1 launch_id=selena_3584837 slurm_job_id=3584837 launched_at=2026-09-27T18:01:17.993719+00:00
[2026-09-27 18:01:17 UTC] predict_validation method=vanilla_multivariate ECDC_COVID/W/short
TIME run allocation action=new run=/fslarge/scratch/users/h61084/codes/selectime/outputs/selectime/chronos2/predictions/validation/top_k_1/ECDC_COVID/W/short/run_1 launch_id=selena_3584837 slurm_job_id=3584837 launched_at=2026-09-27T18:01:18.063591+00:00
[2026-09-27 18:01:18 UTC] predict_validation method=top_k_1 ECDC_COVID/W/short
TIME run allocation action=new run=/fslarge/scratch/users/h61084/codes/selectime/outputs/selectime/chronos2/predictions/validation/top_k_5/ECDC_COVID/W/short/run_1 launch_id=selena_3584837 slurm_job_id=3584837 launched_at=2026-09-27T18:01:18.148519+00:00
[2026-09-27 18:01:18 UTC] predict_validation method=top_k_5 ECDC_COVID/W/short
TIME run allocation action=new run=/fslarge/scratch/users/h61084/codes/selectime/outputs/selectime/chronos2/predictions/validation/top_k_10/ECDC_COVID/W/short/run_1 launch_id=selena_3584837 slurm_job_id=3584837 launched_at=2026-09-27T18:01:18.259206+00:00
[2026-09-27 18:01:18 UTC] predict_validation method=top_k_10 ECDC_COVID/W/short
TIME run allocation action=new run=/fslarge/scratch/users/h61084/codes/selectime/outputs/selectime/chronos2/predictions/validation/top_k_15/ECDC_COVID/W/short/run_1 launch_id=selena_3584837 slurm_job_id=3584837 launched_at=2026-09-27T18:01:18.423657+00:00
[2026-09-27 18:01:18 UTC] predict_validation method=top_k_15 ECDC_COVID/W/short
TIME run allocation action=new run=/fslarge/scratch/users/h61084/codes/selectime/outputs/selectime/chronos2/predictions/validation/top_k_20/ECDC_COVID/W/short/run_1 launch_id=selena_3584837 slurm_job_id=3584837 launched_at=2026-09-27T18:01:18.615478+00:00
[2026-09-27 18:01:18 UTC] predict_validation method=top_k_20 ECDC_COVID/W/short
TIME run allocation action=new run=/fslarge/scratch/users/h61084/codes/selectime/outputs/selectime/chronos2/predictions/validation/vanilla_multivariate/Global_Influenza/W/short/run_1 launch_id=selena_3584837 slurm_job_id=3584837 launched_at=2026-09-27T18:01:18.880238+00:00
[2026-09-27 18:01:18 UTC] predict_validation method=vanilla_multivariate Global_Influenza/W/short
TIME run allocation action=new run=/fslarge/scratch/users/h61084/codes/selectime/outputs/selectime/chronos2/predictions/validation/top_k_1/Global_Influenza/W/short/run_1 launch_id=selena_3584837 slurm_job_id=3584837 launched_at=2026-09-27T18:01:18.956569+00:00
[2026-09-27 18:01:18 UTC] predict_validation method=top_k_1 Global_Influenza/W/short
TIME run allocation action=new run=/fslarge/scratch/users/h61084/codes/selectime/outputs/selectime/chronos2/predictions/validation/top_k_5/Global_Influenza/W/short/run_1 launch_id=selena_3584837 slurm_job_id=3584837 launched_at=2026-09-27T18:01:19.183568+00:00
[2026-09-27 18:01:19 UTC] predict_validation method=top_k_5 Global_Influenza/W/short
TIME run allocation action=new run=/fslarge/scratch/users/h61084/codes/selectime/outputs/selectime/chronos2/predictions/validation/top_k_10/Global_Influenza/W/short/run_1 launch_id=selena_3584837 slurm_job_id=3584837 launched_at=2026-09-27T18:01:19.539601+00:00
[2026-09-27 18:01:19 UTC] predict_validation method=top_k_10 Global_Influenza/W/short
TIME run allocation action=new run=/fslarge/scratch/users/h61084/codes/selectime/outputs/selectime/chronos2/predictions/validation/top_k_15/Global_Influenza/W/short/run_1 launch_id=selena_3584837 slurm_job_id=3584837 launched_at=2026-09-27T18:01:20.136681+00:00
[2026-09-27 18:01:20 UTC] predict_validation method=top_k_15 Global_Influenza/W/short
TIME run allocation action=new run=/fslarge/scratch/users/h61084/codes/selectime/outputs/selectime/chronos2/predictions/validation/top_k_20/Global_Influenza/W/short/run_1 launch_id=selena_3584837 slurm_job_id=3584837 launched_at=2026-09-27T18:01:20.902010+00:00
[2026-09-27 18:01:20 UTC] predict_validation method=top_k_20 Global_Influenza/W/short
TIME run allocation action=new run=/fslarge/scratch/users/h61084/codes/selectime/outputs/selectime/chronos2/predictions/validation/vanilla_multivariate/Crypto/D/short/run_1 launch_id=selena_3584837 slurm_job_id=3584837 launched_at=2026-09-27T18:01:21.931415+00:00
[2026-09-27 18:01:21 UTC] predict_validation method=vanilla_multivariate Crypto/D/short
TIME run allocation action=new run=/fslarge/scratch/users/h61084/codes/selectime/outputs/selectime/chronos2/predictions/validation/top_k_1/Crypto/D/short/run_1 launch_id=selena_3584837 slurm_job_id=3584837 launched_at=2026-09-27T18:01:22.022804+00:00
[2026-09-27 18:01:22 UTC] predict_validation method=top_k_1 Crypto/D/short
TIME run allocation action=new run=/fslarge/scratch/users/h61084/codes/selectime/outputs/selectime/chronos2/predictions/validation/top_k_5/Crypto/D/short/run_1 launch_id=selena_3584837 slurm_job_id=3584837 launched_at=2026-09-27T18:01:22.173957+00:00
[2026-09-27 18:01:22 UTC] predict_validation method=top_k_5 Crypto/D/short
TIME run allocation action=new run=/fslarge/scratch/users/h61084/codes/selectime/outputs/selectime/chronos2/predictions/validation/top_k_10/Crypto/D/short/run_1 launch_id=selena_3584837 slurm_job_id=3584837 launched_at=2026-09-27T18:01:22.519189+00:00
[2026-09-27 18:01:22 UTC] predict_validation method=top_k_10 Crypto/D/short
TIME run allocation action=new run=/fslarge/scratch/users/h61084/codes/selectime/outputs/selectime/chronos2/predictions/validation/top_k_15/Crypto/D/short/run_1 launch_id=selena_3584837 slurm_job_id=3584837 launched_at=2026-09-27T18:01:23.130640+00:00
[2026-09-27 18:01:23 UTC] predict_validation method=top_k_15 Crypto/D/short
TIME run allocation action=new run=/fslarge/scratch/users/h61084/codes/selectime/outputs/selectime/chronos2/predictions/validation/top_k_20/Crypto/D/short/run_1 launch_id=selena_3584837 slurm_job_id=3584837 launched_at=2026-09-27T18:01:24.005669+00:00
[2026-09-27 18:01:24 UTC] predict_validation method=top_k_20 Crypto/D/short
TIME run allocation action=new run=/fslarge/scratch/users/h61084/codes/selectime/outputs/selectime/chronos2/predictions/validation/vanilla_multivariate/US_Term_Structure/B/short/run_1 launch_id=selena_3584837 slurm_job_id=3584837 launched_at=2026-09-27T18:01:25.248291+00:00
[2026-09-27 18:01:25 UTC] predict_validation method=vanilla_multivariate US_Term_Structure/B/short
TIME run allocation action=new run=/fslarge/scratch/users/h61084/codes/selectime/outputs/selectime/chronos2/predictions/validation/top_k_1/US_Term_Structure/B/short/run_1 launch_id=selena_3584837 slurm_job_id=3584837 launched_at=2026-09-27T18:01:32.175383+00:00
[2026-09-27 18:01:32 UTC] predict_validation method=top_k_1 US_Term_Structure/B/short
TIME run allocation action=new run=/fslarge/scratch/users/h61084/codes/selectime/outputs/selectime/chronos2/predictions/validation/top_k_5/US_Term_Structure/B/short/run_1 launch_id=selena_3584837 slurm_job_id=3584837 launched_at=2026-09-27T18:01:45.055392+00:00
[2026-09-27 18:01:45 UTC] predict_validation method=top_k_5 US_Term_Structure/B/short
TIME run allocation action=new run=/fslarge/scratch/users/h61084/codes/selectime/outputs/selectime/chronos2/predictions/validation/top_k_10/US_Term_Structure/B/short/run_1 launch_id=selena_3584837 slurm_job_id=3584837 launched_at=2026-09-27T18:02:25.383067+00:00
[2026-09-27 18:02:25 UTC] predict_validation method=top_k_10 US_Term_Structure/B/short
TIME run allocation action=new run=/fslarge/scratch/users/h61084/codes/selectime/outputs/selectime/chronos2/predictions/validation/top_k_15/US_Term_Structure/B/short/run_1 launch_id=selena_3584837 slurm_job_id=3584837 launched_at=2026-09-27T18:03:41.590238+00:00
[2026-09-27 18:03:41 UTC] predict_validation method=top_k_15 US_Term_Structure/B/short
TIME run allocation action=new run=/fslarge/scratch/users/h61084/codes/selectime/outputs/selectime/chronos2/predictions/validation/top_k_20/US_Term_Structure/B/short/run_1 launch_id=selena_3584837 slurm_job_id=3584837 launched_at=2026-09-27T18:05:31.721865+00:00
[2026-09-27 18:05:31 UTC] predict_validation method=top_k_20 US_Term_Structure/B/short
TIME run allocation action=new run=/fslarge/scratch/users/h61084/codes/selectime/outputs/selectime/chronos2/predictions/validation/vanilla_multivariate/Oil_Price/B/short/run_1 launch_id=selena_3584837 slurm_job_id=3584837 launched_at=2026-09-27T18:07:57.152577+00:00
[2026-09-27 18:07:57 UTC] predict_validation method=vanilla_multivariate Oil_Price/B/short
TIME run allocation action=new run=/fslarge/scratch/users/h61084/codes/selectime/outputs/selectime/chronos2/predictions/validation/top_k_1/Oil_Price/B/short/run_1 launch_id=selena_3584837 slurm_job_id=3584837 launched_at=2026-09-27T18:07:58.144973+00:00
[2026-09-27 18:07:58 UTC] predict_validation method=top_k_1 Oil_Price/B/short
TIME run allocation action=new run=/fslarge/scratch/users/h61084/codes/selectime/outputs/selectime/chronos2/predictions/validation/top_k_5/Oil_Price/B/short/run_1 launch_id=selena_3584837 slurm_job_id=3584837 launched_at=2026-09-27T18:08:00.383781+00:00
[2026-09-27 18:08:00 UTC] predict_validation method=top_k_5 Oil_Price/B/short
TIME run allocation action=new run=/fslarge/scratch/users/h61084/codes/selectime/outputs/selectime/chronos2/predictions/validation/top_k_10/Oil_Price/B/short/run_1 launch_id=selena_3584837 slurm_job_id=3584837 launched_at=2026-09-27T18:08:06.669588+00:00
[2026-09-27 18:08:06 UTC] predict_validation method=top_k_10 Oil_Price/B/short
TIME run allocation action=new run=/fslarge/scratch/users/h61084/codes/selectime/outputs/selectime/chronos2/predictions/validation/top_k_15/Oil_Price/B/short/run_1 launch_id=selena_3584837 slurm_job_id=3584837 launched_at=2026-09-27T18:08:18.094442+00:00
[2026-09-27 18:08:18 UTC] predict_validation method=top_k_15 Oil_Price/B/short
TIME run allocation action=new run=/fslarge/scratch/users/h61084/codes/selectime/outputs/selectime/chronos2/predictions/validation/top_k_20/Oil_Price/B/short/run_1 launch_id=selena_3584837 slurm_job_id=3584837 launched_at=2026-09-27T18:08:34.606601+00:00
[2026-09-27 18:08:34 UTC] predict_validation method=top_k_20 Oil_Price/B/short
TIME run allocation action=new run=/fslarge/scratch/users/h61084/codes/selectime/outputs/selectime/chronos2/predictions/validation/vanilla_multivariate/Job_Claims/W/short/run_1 launch_id=selena_3584837 slurm_job_id=3584837 launched_at=2026-09-27T18:08:56.165714+00:00
[2026-09-27 18:08:56 UTC] predict_validation method=vanilla_multivariate Job_Claims/W/short
TIME run allocation action=new run=/fslarge/scratch/users/h61084/codes/selectime/outputs/selectime/chronos2/predictions/validation/top_k_1/Job_Claims/W/short/run_1 launch_id=selena_3584837 slurm_job_id=3584837 launched_at=2026-09-27T18:08:56.221118+00:00
[2026-09-27 18:08:56 UTC] predict_validation method=top_k_1 Job_Claims/W/short
TIME run allocation action=new run=/fslarge/scratch/users/h61084/codes/selectime/outputs/selectime/chronos2/predictions/validation/top_k_5/Job_Claims/W/short/run_1 launch_id=selena_3584837 slurm_job_id=3584837 launched_at=2026-09-27T18:08:56.278438+00:00
[2026-09-27 18:08:56 UTC] predict_validation method=top_k_5 Job_Claims/W/short
TIME run allocation action=new run=/fslarge/scratch/users/h61084/codes/selectime/outputs/selectime/chronos2/predictions/validation/top_k_10/Job_Claims/W/short/run_1 launch_id=selena_3584837 slurm_job_id=3584837 launched_at=2026-09-27T18:08:56.333503+00:00
[2026-09-27 18:08:56 UTC] predict_validation method=top_k_10 Job_Claims/W/short
TIME run allocation action=new run=/fslarge/scratch/users/h61084/codes/selectime/outputs/selectime/chronos2/predictions/validation/top_k_15/Job_Claims/W/short/run_1 launch_id=selena_3584837 slurm_job_id=3584837 launched_at=2026-09-27T18:08:56.388515+00:00
[2026-09-27 18:08:56 UTC] predict_validation method=top_k_15 Job_Claims/W/short
TIME run allocation action=new run=/fslarge/scratch/users/h61084/codes/selectime/outputs/selectime/chronos2/predictions/validation/top_k_20/Job_Claims/W/short/run_1 launch_id=selena_3584837 slurm_job_id=3584837 launched_at=2026-09-27T18:08:56.446346+00:00
[2026-09-27 18:08:56 UTC] predict_validation method=top_k_20 Job_Claims/W/short
TIME run allocation action=new run=/fslarge/scratch/users/h61084/codes/selectime/outputs/selectime/chronos2/predictions/validation/vanilla_multivariate/Uncertainty_1M/M/short/run_1 launch_id=selena_3584837 slurm_job_id=3584837 launched_at=2026-09-27T18:08:56.522731+00:00
[2026-09-27 18:08:56 UTC] predict_validation method=vanilla_multivariate Uncertainty_1M/M/short
TIME run allocation action=new run=/fslarge/scratch/users/h61084/codes/selectime/outputs/selectime/chronos2/predictions/validation/top_k_1/Uncertainty_1M/M/short/run_1 launch_id=selena_3584837 slurm_job_id=3584837 launched_at=2026-09-27T18:08:56.574513+00:00
[2026-09-27 18:08:56 UTC] predict_validation method=top_k_1 Uncertainty_1M/M/short
TIME run allocation action=new run=/fslarge/scratch/users/h61084/codes/selectime/outputs/selectime/chronos2/predictions/validation/top_k_5/Uncertainty_1M/M/short/run_1 launch_id=selena_3584837 slurm_job_id=3584837 launched_at=2026-09-27T18:08:56.641143+00:00
[2026-09-27 18:08:56 UTC] predict_validation method=top_k_5 Uncertainty_1M/M/short
TIME run allocation action=new run=/fslarge/scratch/users/h61084/codes/selectime/outputs/selectime/chronos2/predictions/validation/top_k_10/Uncertainty_1M/M/short/run_1 launch_id=selena_3584837 slurm_job_id=3584837 launched_at=2026-09-27T18:08:56.736933+00:00
[2026-09-27 18:08:56 UTC] predict_validation method=top_k_10 Uncertainty_1M/M/short
TIME run allocation action=new run=/fslarge/scratch/users/h61084/codes/selectime/outputs/selectime/chronos2/predictions/validation/top_k_15/Uncertainty_1M/M/short/run_1 launch_id=selena_3584837 slurm_job_id=3584837 launched_at=2026-09-27T18:08:56.870883+00:00
[2026-09-27 18:08:56 UTC] predict_validation method=top_k_15 Uncertainty_1M/M/short
TIME run allocation action=new run=/fslarge/scratch/users/h61084/codes/selectime/outputs/selectime/chronos2/predictions/validation/top_k_20/Uncertainty_1M/M/short/run_1 launch_id=selena_3584837 slurm_job_id=3584837 launched_at=2026-09-27T18:08:57.069625+00:00
[2026-09-27 18:08:57 UTC] predict_validation method=top_k_20 Uncertainty_1M/M/short
TIME run allocation action=new run=/fslarge/scratch/users/h61084/codes/selectime/outputs/selectime/chronos2/predictions/validation/vanilla_multivariate/Housing_Inventory/M/short/run_1 launch_id=selena_3584837 slurm_job_id=3584837 launched_at=2026-09-27T18:08:57.322176+00:00
[2026-09-27 18:08:57 UTC] predict_validation method=vanilla_multivariate Housing_Inventory/M/short
TIME run allocation action=new run=/fslarge/scratch/users/h61084/codes/selectime/outputs/selectime/chronos2/predictions/validation/top_k_1/Housing_Inventory/M/short/run_1 launch_id=selena_3584837 slurm_job_id=3584837 launched_at=2026-09-27T18:08:57.373369+00:00
[2026-09-27 18:08:57 UTC] predict_validation method=top_k_1 Housing_Inventory/M/short
TIME run allocation action=new run=/fslarge/scratch/users/h61084/codes/selectime/outputs/selectime/chronos2/predictions/validation/top_k_5/Housing_Inventory/M/short/run_1 launch_id=selena_3584837 slurm_job_id=3584837 launched_at=2026-09-27T18:08:57.409437+00:00
[2026-09-27 18:08:57 UTC] predict_validation method=top_k_5 Housing_Inventory/M/short
TIME run allocation action=new run=/fslarge/scratch/users/h61084/codes/selectime/outputs/selectime/chronos2/predictions/validation/top_k_10/Housing_Inventory/M/short/run_1 launch_id=selena_3584837 slurm_job_id=3584837 launched_at=2026-09-27T18:08:57.443449+00:00
[2026-09-27 18:08:57 UTC] predict_validation method=top_k_10 Housing_Inventory/M/short
TIME run allocation action=new run=/fslarge/scratch/users/h61084/codes/selectime/outputs/selectime/chronos2/predictions/validation/top_k_15/Housing_Inventory/M/short/run_1 launch_id=selena_3584837 slurm_job_id=3584837 launched_at=2026-09-27T18:08:57.477541+00:00
[2026-09-27 18:08:57 UTC] predict_validation method=top_k_15 Housing_Inventory/M/short
TIME run allocation action=new run=/fslarge/scratch/users/h61084/codes/selectime/outputs/selectime/chronos2/predictions/validation/top_k_20/Housing_Inventory/M/short/run_1 launch_id=selena_3584837 slurm_job_id=3584837 launched_at=2026-09-27T18:08:57.512159+00:00
[2026-09-27 18:08:57 UTC] predict_validation method=top_k_20 Housing_Inventory/M/short
TIME run allocation action=new run=/fslarge/scratch/users/h61084/codes/selectime/outputs/selectime/chronos2/predictions/validation/vanilla_multivariate/JOLTS/M/short/run_1 launch_id=selena_3584837 slurm_job_id=3584837 launched_at=2026-09-27T18:08:57.557291+00:00
[2026-09-27 18:08:57 UTC] predict_validation method=vanilla_multivariate JOLTS/M/short
TIME run allocation action=new run=/fslarge/scratch/users/h61084/codes/selectime/outputs/selectime/chronos2/predictions/validation/top_k_1/JOLTS/M/short/run_1 launch_id=selena_3584837 slurm_job_id=3584837 launched_at=2026-09-27T18:08:57.608027+00:00
[2026-09-27 18:08:57 UTC] predict_validation method=top_k_1 JOLTS/M/short
TIME run allocation action=new run=/fslarge/scratch/users/h61084/codes/selectime/outputs/selectime/chronos2/predictions/validation/top_k_5/JOLTS/M/short/run_1 launch_id=selena_3584837 slurm_job_id=3584837 launched_at=2026-09-27T18:08:57.666302+00:00
[2026-09-27 18:08:57 UTC] predict_validation method=top_k_5 JOLTS/M/short
TIME run allocation action=new run=/fslarge/scratch/users/h61084/codes/selectime/outputs/selectime/chronos2/predictions/validation/top_k_10/JOLTS/M/short/run_1 launch_id=selena_3584837 slurm_job_id=3584837 launched_at=2026-09-27T18:08:57.743619+00:00
[2026-09-27 18:08:57 UTC] predict_validation method=top_k_10 JOLTS/M/short
TIME run allocation action=new run=/fslarge/scratch/users/h61084/codes/selectime/outputs/selectime/chronos2/predictions/validation/top_k_15/JOLTS/M/short/run_1 launch_id=selena_3584837 slurm_job_id=3584837 launched_at=2026-09-27T18:08:57.850511+00:00
[2026-09-27 18:08:57 UTC] predict_validation method=top_k_15 JOLTS/M/short
TIME run allocation action=new run=/fslarge/scratch/users/h61084/codes/selectime/outputs/selectime/chronos2/predictions/validation/top_k_20/JOLTS/M/short/run_1 launch_id=selena_3584837 slurm_job_id=3584837 launched_at=2026-09-27T18:08:57.980601+00:00
[2026-09-27 18:08:57 UTC] predict_validation method=top_k_20 JOLTS/M/short
TIME run allocation action=new run=/fslarge/scratch/users/h61084/codes/selectime/outputs/selectime/chronos2/predictions/validation/vanilla_multivariate/US_Labor/M/short/run_1 launch_id=selena_3584837 slurm_job_id=3584837 launched_at=2026-09-27T18:08:58.153468+00:00
[2026-09-27 18:08:58 UTC] predict_validation method=vanilla_multivariate US_Labor/M/short
TIME run allocation action=new run=/fslarge/scratch/users/h61084/codes/selectime/outputs/selectime/chronos2/predictions/validation/top_k_1/US_Labor/M/short/run_1 launch_id=selena_3584837 slurm_job_id=3584837 launched_at=2026-09-27T18:08:58.209283+00:00
[2026-09-27 18:08:58 UTC] predict_validation method=top_k_1 US_Labor/M/short
TIME run allocation action=new run=/fslarge/scratch/users/h61084/codes/selectime/outputs/selectime/chronos2/predictions/validation/top_k_5/US_Labor/M/short/run_1 launch_id=selena_3584837 slurm_job_id=3584837 launched_at=2026-09-27T18:08:58.311325+00:00
[2026-09-27 18:08:58 UTC] predict_validation method=top_k_5 US_Labor/M/short
TIME run allocation action=new run=/fslarge/scratch/users/h61084/codes/selectime/outputs/selectime/chronos2/predictions/validation/top_k_10/US_Labor/M/short/run_1 launch_id=selena_3584837 slurm_job_id=3584837 launched_at=2026-09-27T18:08:58.460843+00:00
[2026-09-27 18:08:58 UTC] predict_validation method=top_k_10 US_Labor/M/short
TIME run allocation action=new run=/fslarge/scratch/users/h61084/codes/selectime/outputs/selectime/chronos2/predictions/validation/top_k_15/US_Labor/M/short/run_1 launch_id=selena_3584837 slurm_job_id=3584837 launched_at=2026-09-27T18:08:58.701990+00:00
[2026-09-27 18:08:58 UTC] predict_validation method=top_k_15 US_Labor/M/short
TIME run allocation action=new run=/fslarge/scratch/users/h61084/codes/selectime/outputs/selectime/chronos2/predictions/validation/top_k_20/US_Labor/M/short/run_1 launch_id=selena_3584837 slurm_job_id=3584837 launched_at=2026-09-27T18:08:58.976595+00:00
[2026-09-27 18:08:58 UTC] predict_validation method=top_k_20 US_Labor/M/short
TIME run allocation action=new run=/fslarge/scratch/users/h61084/codes/selectime/outputs/selectime/chronos2/predictions/validation/vanilla_multivariate/Vehicle_Supply/M/short/run_1 launch_id=selena_3584837 slurm_job_id=3584837 launched_at=2026-09-27T18:08:59.367489+00:00
[2026-09-27 18:08:59 UTC] predict_validation method=vanilla_multivariate Vehicle_Supply/M/short
TIME run allocation action=new run=/fslarge/scratch/users/h61084/codes/selectime/outputs/selectime/chronos2/predictions/validation/top_k_1/Vehicle_Supply/M/short/run_1 launch_id=selena_3584837 slurm_job_id=3584837 launched_at=2026-09-27T18:08:59.417976+00:00
[2026-09-27 18:08:59 UTC] predict_validation method=top_k_1 Vehicle_Supply/M/short
TIME run allocation action=new run=/fslarge/scratch/users/h61084/codes/selectime/outputs/selectime/chronos2/predictions/validation/top_k_5/Vehicle_Supply/M/short/run_1 launch_id=selena_3584837 slurm_job_id=3584837 launched_at=2026-09-27T18:08:59.477496+00:00
[2026-09-27 18:08:59 UTC] predict_validation method=top_k_5 Vehicle_Supply/M/short
TIME run allocation action=new run=/fslarge/scratch/users/h61084/codes/selectime/outputs/selectime/chronos2/predictions/validation/top_k_10/Vehicle_Supply/M/short/run_1 launch_id=selena_3584837 slurm_job_id=3584837 launched_at=2026-09-27T18:08:59.559378+00:00
[2026-09-27 18:08:59 UTC] predict_validation method=top_k_10 Vehicle_Supply/M/short
TIME run allocation action=new run=/fslarge/scratch/users/h61084/codes/selectime/outputs/selectime/chronos2/predictions/validation/top_k_15/Vehicle_Supply/M/short/run_1 launch_id=selena_3584837 slurm_job_id=3584837 launched_at=2026-09-27T18:08:59.681309+00:00
[2026-09-27 18:08:59 UTC] predict_validation method=top_k_15 Vehicle_Supply/M/short
TIME run allocation action=new run=/fslarge/scratch/users/h61084/codes/selectime/outputs/selectime/chronos2/predictions/validation/top_k_20/Vehicle_Supply/M/short/run_1 launch_id=selena_3584837 slurm_job_id=3584837 launched_at=2026-09-27T18:08:59.820570+00:00
[2026-09-27 18:08:59 UTC] predict_validation method=top_k_20 Vehicle_Supply/M/short
TIME run allocation action=new run=/fslarge/scratch/users/h61084/codes/selectime/outputs/selectime/chronos2/predictions/validation/vanilla_multivariate/Auto_Production_SF/M/short/run_1 launch_id=selena_3584837 slurm_job_id=3584837 launched_at=2026-09-27T18:09:00.019834+00:00
[2026-09-27 18:09:00 UTC] predict_validation method=vanilla_multivariate Auto_Production_SF/M/short
TIME run allocation action=new run=/fslarge/scratch/users/h61084/codes/selectime/outputs/selectime/chronos2/predictions/validation/top_k_1/Auto_Production_SF/M/short/run_1 launch_id=selena_3584837 slurm_job_id=3584837 launched_at=2026-09-27T18:09:00.070735+00:00
[2026-09-27 18:09:00 UTC] predict_validation method=top_k_1 Auto_Production_SF/M/short
TIME run allocation action=new run=/fslarge/scratch/users/h61084/codes/selectime/outputs/selectime/chronos2/predictions/validation/top_k_5/Auto_Production_SF/M/short/run_1 launch_id=selena_3584837 slurm_job_id=3584837 launched_at=2026-09-27T18:09:00.107065+00:00
[2026-09-27 18:09:00 UTC] predict_validation method=top_k_5 Auto_Production_SF/M/short
TIME run allocation action=new run=/fslarge/scratch/users/h61084/codes/selectime/outputs/selectime/chronos2/predictions/validation/top_k_10/Auto_Production_SF/M/short/run_1 launch_id=selena_3584837 slurm_job_id=3584837 launched_at=2026-09-27T18:09:00.142488+00:00
[2026-09-27 18:09:00 UTC] predict_validation method=top_k_10 Auto_Production_SF/M/short
TIME run allocation action=new run=/fslarge/scratch/users/h61084/codes/selectime/outputs/selectime/chronos2/predictions/validation/top_k_15/Auto_Production_SF/M/short/run_1 launch_id=selena_3584837 slurm_job_id=3584837 launched_at=2026-09-27T18:09:00.177535+00:00
[2026-09-27 18:09:00 UTC] predict_validation method=top_k_15 Auto_Production_SF/M/short
TIME run allocation action=new run=/fslarge/scratch/users/h61084/codes/selectime/outputs/selectime/chronos2/predictions/validation/top_k_20/Auto_Production_SF/M/short/run_1 launch_id=selena_3584837 slurm_job_id=3584837 launched_at=2026-09-27T18:09:00.212976+00:00
[2026-09-27 18:09:00 UTC] predict_validation method=top_k_20 Auto_Production_SF/M/short
TIME run allocation action=new run=/fslarge/scratch/users/h61084/codes/selectime/outputs/selectime/chronos2/predictions/validation/vanilla_multivariate/Commodity_Production/M/short/run_1 launch_id=selena_3584837 slurm_job_id=3584837 launched_at=2026-09-27T18:09:00.265634+00:00
[2026-09-27 18:09:00 UTC] predict_validation method=vanilla_multivariate Commodity_Production/M/short
TIME run allocation action=new run=/fslarge/scratch/users/h61084/codes/selectime/outputs/selectime/chronos2/predictions/validation/top_k_1/Commodity_Production/M/short/run_1 launch_id=selena_3584837 slurm_job_id=3584837 launched_at=2026-09-27T18:09:00.385219+00:00
[2026-09-27 18:09:00 UTC] predict_validation method=top_k_1 Commodity_Production/M/short
TIME run allocation action=new run=/fslarge/scratch/users/h61084/codes/selectime/outputs/selectime/chronos2/predictions/validation/top_k_5/Commodity_Production/M/short/run_1 launch_id=selena_3584837 slurm_job_id=3584837 launched_at=2026-09-27T18:09:00.572487+00:00
[2026-09-27 18:09:00 UTC] predict_validation method=top_k_5 Commodity_Production/M/short
TIME run allocation action=new run=/fslarge/scratch/users/h61084/codes/selectime/outputs/selectime/chronos2/predictions/validation/top_k_10/Commodity_Production/M/short/run_1 launch_id=selena_3584837 slurm_job_id=3584837 launched_at=2026-09-27T18:09:00.925824+00:00
[2026-09-27 18:09:00 UTC] predict_validation method=top_k_10 Commodity_Production/M/short
TIME run allocation action=new run=/fslarge/scratch/users/h61084/codes/selectime/outputs/selectime/chronos2/predictions/validation/top_k_15/Commodity_Production/M/short/run_1 launch_id=selena_3584837 slurm_job_id=3584837 launched_at=2026-09-27T18:09:01.530887+00:00
[2026-09-27 18:09:01 UTC] predict_validation method=top_k_15 Commodity_Production/M/short
TIME run allocation action=new run=/fslarge/scratch/users/h61084/codes/selectime/outputs/selectime/chronos2/predictions/validation/top_k_20/Commodity_Production/M/short/run_1 launch_id=selena_3584837 slurm_job_id=3584837 launched_at=2026-09-27T18:09:02.352027+00:00
[2026-09-27 18:09:02 UTC] predict_validation method=top_k_20 Commodity_Production/M/short
TIME run allocation action=new run=/fslarge/scratch/users/h61084/codes/selectime/outputs/selectime/chronos2/predictions/validation/vanilla_multivariate/Commodity_Import/M/short/run_1 launch_id=selena_3584837 slurm_job_id=3584837 launched_at=2026-09-27T18:09:03.380274+00:00
[2026-09-27 18:09:03 UTC] predict_validation method=vanilla_multivariate Commodity_Import/M/short
TIME run allocation action=new run=/fslarge/scratch/users/h61084/codes/selectime/outputs/selectime/chronos2/predictions/validation/top_k_1/Commodity_Import/M/short/run_1 launch_id=selena_3584837 slurm_job_id=3584837 launched_at=2026-09-27T18:09:03.453853+00:00
[2026-09-27 18:09:03 UTC] predict_validation method=top_k_1 Commodity_Import/M/short
TIME run allocation action=new run=/fslarge/scratch/users/h61084/codes/selectime/outputs/selectime/chronos2/predictions/validation/top_k_5/Commodity_Import/M/short/run_1 launch_id=selena_3584837 slurm_job_id=3584837 launched_at=2026-09-27T18:09:03.552956+00:00
[2026-09-27 18:09:03 UTC] predict_validation method=top_k_5 Commodity_Import/M/short
TIME run allocation action=new run=/fslarge/scratch/users/h61084/codes/selectime/outputs/selectime/chronos2/predictions/validation/top_k_10/Commodity_Import/M/short/run_1 launch_id=selena_3584837 slurm_job_id=3584837 launched_at=2026-09-27T18:09:03.726349+00:00
[2026-09-27 18:09:03 UTC] predict_validation method=top_k_10 Commodity_Import/M/short
TIME run allocation action=new run=/fslarge/scratch/users/h61084/codes/selectime/outputs/selectime/chronos2/predictions/validation/top_k_15/Commodity_Import/M/short/run_1 launch_id=selena_3584837 slurm_job_id=3584837 launched_at=2026-09-27T18:09:04.016390+00:00
[2026-09-27 18:09:04 UTC] predict_validation method=top_k_15 Commodity_Import/M/short
TIME run allocation action=new run=/fslarge/scratch/users/h61084/codes/selectime/outputs/selectime/chronos2/predictions/validation/top_k_20/Commodity_Import/M/short/run_1 launch_id=selena_3584837 slurm_job_id=3584837 launched_at=2026-09-27T18:09:04.412634+00:00
[2026-09-27 18:09:04 UTC] predict_validation method=top_k_20 Commodity_Import/M/short
TIME run allocation action=new run=/fslarge/scratch/users/h61084/codes/selectime/outputs/selectime/chronos2/predictions/validation/vanilla_multivariate/WUI_Global/Q/short/run_1 launch_id=selena_3584837 slurm_job_id=3584837 launched_at=2026-09-27T18:09:04.933283+00:00
[2026-09-27 18:09:04 UTC] predict_validation method=vanilla_multivariate WUI_Global/Q/short
TIME run allocation action=new run=/fslarge/scratch/users/h61084/codes/selectime/outputs/selectime/chronos2/predictions/validation/top_k_1/WUI_Global/Q/short/run_1 launch_id=selena_3584837 slurm_job_id=3584837 launched_at=2026-09-27T18:09:04.988149+00:00
[2026-09-27 18:09:04 UTC] predict_validation method=top_k_1 WUI_Global/Q/short
TIME run allocation action=new run=/fslarge/scratch/users/h61084/codes/selectime/outputs/selectime/chronos2/predictions/validation/top_k_5/WUI_Global/Q/short/run_1 launch_id=selena_3584837 slurm_job_id=3584837 launched_at=2026-09-27T18:09:05.090097+00:00
[2026-09-27 18:09:05 UTC] predict_validation method=top_k_5 WUI_Global/Q/short
TIME run allocation action=new run=/fslarge/scratch/users/h61084/codes/selectime/outputs/selectime/chronos2/predictions/validation/top_k_10/WUI_Global/Q/short/run_1 launch_id=selena_3584837 slurm_job_id=3584837 launched_at=2026-09-27T18:09:05.232091+00:00
[2026-09-27 18:09:05 UTC] predict_validation method=top_k_10 WUI_Global/Q/short
TIME run allocation action=new run=/fslarge/scratch/users/h61084/codes/selectime/outputs/selectime/chronos2/predictions/validation/top_k_15/WUI_Global/Q/short/run_1 launch_id=selena_3584837 slurm_job_id=3584837 launched_at=2026-09-27T18:09:05.447876+00:00
[2026-09-27 18:09:05 UTC] predict_validation method=top_k_15 WUI_Global/Q/short
TIME run allocation action=new run=/fslarge/scratch/users/h61084/codes/selectime/outputs/selectime/chronos2/predictions/validation/top_k_20/WUI_Global/Q/short/run_1 launch_id=selena_3584837 slurm_job_id=3584837 launched_at=2026-09-27T18:09:05.733593+00:00
[2026-09-27 18:09:05 UTC] predict_validation method=top_k_20 WUI_Global/Q/short
TIME run allocation action=new run=/fslarge/scratch/users/h61084/codes/selectime/outputs/selectime/chronos2/predictions/validation/vanilla_multivariate/Global_Price/Q/short/run_1 launch_id=selena_3584837 slurm_job_id=3584837 launched_at=2026-09-27T18:09:06.097859+00:00
[2026-09-27 18:09:06 UTC] predict_validation method=vanilla_multivariate Global_Price/Q/short
TIME run allocation action=new run=/fslarge/scratch/users/h61084/codes/selectime/outputs/selectime/chronos2/predictions/validation/top_k_1/Global_Price/Q/short/run_1 launch_id=selena_3584837 slurm_job_id=3584837 launched_at=2026-09-27T18:09:06.170137+00:00
[2026-09-27 18:09:06 UTC] predict_validation method=top_k_1 Global_Price/Q/short
TIME run allocation action=new run=/fslarge/scratch/users/h61084/codes/selectime/outputs/selectime/chronos2/predictions/validation/top_k_5/Global_Price/Q/short/run_1 launch_id=selena_3584837 slurm_job_id=3584837 launched_at=2026-09-27T18:09:06.408505+00:00
[2026-09-27 18:09:06 UTC] predict_validation method=top_k_5 Global_Price/Q/short
TIME run allocation action=new run=/fslarge/scratch/users/h61084/codes/selectime/outputs/selectime/chronos2/predictions/validation/top_k_10/Global_Price/Q/short/run_1 launch_id=selena_3584837 slurm_job_id=3584837 launched_at=2026-09-27T18:09:06.745507+00:00
[2026-09-27 18:09:06 UTC] predict_validation method=top_k_10 Global_Price/Q/short
TIME run allocation action=new run=/fslarge/scratch/users/h61084/codes/selectime/outputs/selectime/chronos2/predictions/validation/top_k_15/Global_Price/Q/short/run_1 launch_id=selena_3584837 slurm_job_id=3584837 launched_at=2026-09-27T18:09:07.267514+00:00
[2026-09-27 18:09:07 UTC] predict_validation method=top_k_15 Global_Price/Q/short
TIME run allocation action=new run=/fslarge/scratch/users/h61084/codes/selectime/outputs/selectime/chronos2/predictions/validation/top_k_20/Global_Price/Q/short/run_1 launch_id=selena_3584837 slurm_job_id=3584837 launched_at=2026-09-27T18:09:07.921246+00:00
[2026-09-27 18:09:07 UTC] predict_validation method=top_k_20 Global_Price/Q/short
TIME run allocation action=new run=/fslarge/scratch/users/h61084/codes/selectime/outputs/selectime/chronos2/predictions/validation/vanilla_multivariate/Vehicle_Sales/M/short/run_1 launch_id=selena_3584837 slurm_job_id=3584837 launched_at=2026-09-27T18:09:08.774191+00:00
[2026-09-27 18:09:08 UTC] predict_validation method=vanilla_multivariate Vehicle_Sales/M/short
TIME run allocation action=new run=/fslarge/scratch/users/h61084/codes/selectime/outputs/selectime/chronos2/predictions/validation/top_k_1/Vehicle_Sales/M/short/run_1 launch_id=selena_3584837 slurm_job_id=3584837 launched_at=2026-09-27T18:09:08.832331+00:00
[2026-09-27 18:09:08 UTC] predict_validation method=top_k_1 Vehicle_Sales/M/short
TIME run allocation action=new run=/fslarge/scratch/users/h61084/codes/selectime/outputs/selectime/chronos2/predictions/validation/top_k_5/Vehicle_Sales/M/short/run_1 launch_id=selena_3584837 slurm_job_id=3584837 launched_at=2026-09-27T18:09:08.925500+00:00
[2026-09-27 18:09:08 UTC] predict_validation method=top_k_5 Vehicle_Sales/M/short
TIME run allocation action=new run=/fslarge/scratch/users/h61084/codes/selectime/outputs/selectime/chronos2/predictions/validation/top_k_10/Vehicle_Sales/M/short/run_1 launch_id=selena_3584837 slurm_job_id=3584837 launched_at=2026-09-27T18:09:09.076076+00:00
[2026-09-27 18:09:09 UTC] predict_validation method=top_k_10 Vehicle_Sales/M/short
TIME run allocation action=new run=/fslarge/scratch/users/h61084/codes/selectime/outputs/selectime/chronos2/predictions/validation/top_k_15/Vehicle_Sales/M/short/run_1 launch_id=selena_3584837 slurm_job_id=3584837 launched_at=2026-09-27T18:09:09.307448+00:00
[2026-09-27 18:09:09 UTC] predict_validation method=top_k_15 Vehicle_Sales/M/short
TIME run allocation action=new run=/fslarge/scratch/users/h61084/codes/selectime/outputs/selectime/chronos2/predictions/validation/top_k_20/Vehicle_Sales/M/short/run_1 launch_id=selena_3584837 slurm_job_id=3584837 launched_at=2026-09-27T18:09:09.619413+00:00
[2026-09-27 18:09:09 UTC] predict_validation method=top_k_20 Vehicle_Sales/M/short
TIME run allocation action=new run=/fslarge/scratch/users/h61084/codes/selectime/outputs/selectime/chronos2/predictions/validation/vanilla_multivariate/Online_Retail_2_UCI/D/short/run_1 launch_id=selena_3584837 slurm_job_id=3584837 launched_at=2026-09-27T18:09:10.026859+00:00
[2026-09-27 18:09:10 UTC] predict_validation method=vanilla_multivariate Online_Retail_2_UCI/D/short
TIME run allocation action=new run=/fslarge/scratch/users/h61084/codes/selectime/outputs/selectime/chronos2/predictions/validation/top_k_1/Online_Retail_2_UCI/D/short/run_1 launch_id=selena_3584837 slurm_job_id=3584837 launched_at=2026-09-27T18:09:10.078249+00:00
[2026-09-27 18:09:10 UTC] predict_validation method=top_k_1 Online_Retail_2_UCI/D/short
TIME run allocation action=new run=/fslarge/scratch/users/h61084/codes/selectime/outputs/selectime/chronos2/predictions/validation/top_k_5/Online_Retail_2_UCI/D/short/run_1 launch_id=selena_3584837 slurm_job_id=3584837 launched_at=2026-09-27T18:09:10.131898+00:00
[2026-09-27 18:09:10 UTC] predict_validation method=top_k_5 Online_Retail_2_UCI/D/short
TIME run allocation action=new run=/fslarge/scratch/users/h61084/codes/selectime/outputs/selectime/chronos2/predictions/validation/top_k_10/Online_Retail_2_UCI/D/short/run_1 launch_id=selena_3584837 slurm_job_id=3584837 launched_at=2026-09-27T18:09:10.186123+00:00
[2026-09-27 18:09:10 UTC] predict_validation method=top_k_10 Online_Retail_2_UCI/D/short
TIME run allocation action=new run=/fslarge/scratch/users/h61084/codes/selectime/outputs/selectime/chronos2/predictions/validation/top_k_15/Online_Retail_2_UCI/D/short/run_1 launch_id=selena_3584837 slurm_job_id=3584837 launched_at=2026-09-27T18:09:10.248796+00:00
[2026-09-27 18:09:10 UTC] predict_validation method=top_k_15 Online_Retail_2_UCI/D/short
TIME run allocation action=new run=/fslarge/scratch/users/h61084/codes/selectime/outputs/selectime/chronos2/predictions/validation/top_k_20/Online_Retail_2_UCI/D/short/run_1 launch_id=selena_3584837 slurm_job_id=3584837 launched_at=2026-09-27T18:09:10.319887+00:00
[2026-09-27 18:09:10 UTC] predict_validation method=top_k_20 Online_Retail_2_UCI/D/short
TIME run allocation action=new run=/fslarge/scratch/users/h61084/codes/selectime/outputs/selectime/chronos2/predictions/validation/vanilla_multivariate/Supply_Chain_Customer/D/short/run_1 launch_id=selena_3584837 slurm_job_id=3584837 launched_at=2026-09-27T18:09:10.427211+00:00
[2026-09-27 18:09:10 UTC] predict_validation method=vanilla_multivariate Supply_Chain_Customer/D/short
TIME run allocation action=new run=/fslarge/scratch/users/h61084/codes/selectime/outputs/selectime/chronos2/predictions/validation/top_k_1/Supply_Chain_Customer/D/short/run_1 launch_id=selena_3584837 slurm_job_id=3584837 launched_at=2026-09-27T18:09:10.823948+00:00
[2026-09-27 18:09:10 UTC] predict_validation method=top_k_1 Supply_Chain_Customer/D/short
TIME run allocation action=new run=/fslarge/scratch/users/h61084/codes/selectime/outputs/selectime/chronos2/predictions/validation/top_k_5/Supply_Chain_Customer/D/short/run_1 launch_id=selena_3584837 slurm_job_id=3584837 launched_at=2026-09-27T18:09:11.757442+00:00
[2026-09-27 18:09:11 UTC] predict_validation method=top_k_5 Supply_Chain_Customer/D/short
TIME run allocation action=new run=/fslarge/scratch/users/h61084/codes/selectime/outputs/selectime/chronos2/predictions/validation/top_k_10/Supply_Chain_Customer/D/short/run_1 launch_id=selena_3584837 slurm_job_id=3584837 launched_at=2026-09-27T18:09:14.214614+00:00
[2026-09-27 18:09:14 UTC] predict_validation method=top_k_10 Supply_Chain_Customer/D/short
TIME run allocation action=new run=/fslarge/scratch/users/h61084/codes/selectime/outputs/selectime/chronos2/predictions/validation/top_k_15/Supply_Chain_Customer/D/short/run_1 launch_id=selena_3584837 slurm_job_id=3584837 launched_at=2026-09-27T18:09:18.725955+00:00
[2026-09-27 18:09:18 UTC] predict_validation method=top_k_15 Supply_Chain_Customer/D/short
TIME run allocation action=new run=/fslarge/scratch/users/h61084/codes/selectime/outputs/selectime/chronos2/predictions/validation/top_k_20/Supply_Chain_Customer/D/short/run_1 launch_id=selena_3584837 slurm_job_id=3584837 launched_at=2026-09-27T18:09:25.241502+00:00
[2026-09-27 18:09:25 UTC] predict_validation method=top_k_20 Supply_Chain_Customer/D/short
TIME run allocation action=new run=/fslarge/scratch/users/h61084/codes/selectime/outputs/selectime/chronos2/predictions/validation/vanilla_multivariate/Supply_Chain_Location/D/short/run_1 launch_id=selena_3584837 slurm_job_id=3584837 launched_at=2026-09-27T18:09:34.179261+00:00
[2026-09-27 18:09:34 UTC] predict_validation method=vanilla_multivariate Supply_Chain_Location/D/short
TIME run allocation action=new run=/fslarge/scratch/users/h61084/codes/selectime/outputs/selectime/chronos2/predictions/validation/top_k_1/Supply_Chain_Location/D/short/run_1 launch_id=selena_3584837 slurm_job_id=3584837 launched_at=2026-09-27T18:09:34.745955+00:00
[2026-09-27 18:09:34 UTC] predict_validation method=top_k_1 Supply_Chain_Location/D/short
TIME run allocation action=new run=/fslarge/scratch/users/h61084/codes/selectime/outputs/selectime/chronos2/predictions/validation/top_k_5/Supply_Chain_Location/D/short/run_1 launch_id=selena_3584837 slurm_job_id=3584837 launched_at=2026-09-27T18:09:36.076040+00:00
[2026-09-27 18:09:36 UTC] predict_validation method=top_k_5 Supply_Chain_Location/D/short
TIME run allocation action=new run=/fslarge/scratch/users/h61084/codes/selectime/outputs/selectime/chronos2/predictions/validation/top_k_10/Supply_Chain_Location/D/short/run_1 launch_id=selena_3584837 slurm_job_id=3584837 launched_at=2026-09-27T18:09:39.559046+00:00
[2026-09-27 18:09:39 UTC] predict_validation method=top_k_10 Supply_Chain_Location/D/short
TIME run allocation action=new run=/fslarge/scratch/users/h61084/codes/selectime/outputs/selectime/chronos2/predictions/validation/top_k_15/Supply_Chain_Location/D/short/run_1 launch_id=selena_3584837 slurm_job_id=3584837 launched_at=2026-09-27T18:09:45.971446+00:00
[2026-09-27 18:09:45 UTC] predict_validation method=top_k_15 Supply_Chain_Location/D/short
TIME run allocation action=new run=/fslarge/scratch/users/h61084/codes/selectime/outputs/selectime/chronos2/predictions/validation/top_k_20/Supply_Chain_Location/D/short/run_1 launch_id=selena_3584837 slurm_job_id=3584837 launched_at=2026-09-27T18:09:55.173888+00:00
[2026-09-27 18:09:55 UTC] predict_validation method=top_k_20 Supply_Chain_Location/D/short
TIME run allocation action=new run=/fslarge/scratch/users/h61084/codes/selectime/outputs/selectime/chronos2/predictions/validation/vanilla_multivariate/azure2019_U/5T/short/run_1 launch_id=selena_3584837 slurm_job_id=3584837 launched_at=2026-09-27T18:10:07.917361+00:00
[2026-09-27 18:10:07 UTC] predict_validation method=vanilla_multivariate azure2019_U/5T/short
TIME run allocation action=new run=/fslarge/scratch/users/h61084/codes/selectime/outputs/selectime/chronos2/predictions/validation/top_k_1/azure2019_U/5T/short/run_1 launch_id=selena_3584837 slurm_job_id=3584837 launched_at=2026-09-27T18:10:09.141446+00:00
[2026-09-27 18:10:09 UTC] predict_validation method=top_k_1 azure2019_U/5T/short
TIME run allocation action=new run=/fslarge/scratch/users/h61084/codes/selectime/outputs/selectime/chronos2/predictions/validation/top_k_5/azure2019_U/5T/short/run_1 launch_id=selena_3584837 slurm_job_id=3584837 launched_at=2026-09-27T18:10:09.232890+00:00
[2026-09-27 18:10:09 UTC] predict_validation method=top_k_5 azure2019_U/5T/short
TIME run allocation action=new run=/fslarge/scratch/users/h61084/codes/selectime/outputs/selectime/chronos2/predictions/validation/top_k_10/azure2019_U/5T/short/run_1 launch_id=selena_3584837 slurm_job_id=3584837 launched_at=2026-09-27T18:10:09.321320+00:00
[2026-09-27 18:10:09 UTC] predict_validation method=top_k_10 azure2019_U/5T/short
TIME run allocation action=new run=/fslarge/scratch/users/h61084/codes/selectime/outputs/selectime/chronos2/predictions/validation/top_k_15/azure2019_U/5T/short/run_1 launch_id=selena_3584837 slurm_job_id=3584837 launched_at=2026-09-27T18:10:09.410494+00:00
[2026-09-27 18:10:09 UTC] predict_validation method=top_k_15 azure2019_U/5T/short
TIME run allocation action=new run=/fslarge/scratch/users/h61084/codes/selectime/outputs/selectime/chronos2/predictions/validation/top_k_20/azure2019_U/5T/short/run_1 launch_id=selena_3584837 slurm_job_id=3584837 launched_at=2026-09-27T18:10:09.498395+00:00
[2026-09-27 18:10:09 UTC] predict_validation method=top_k_20 azure2019_U/5T/short
TIME run allocation action=new run=/fslarge/scratch/users/h61084/codes/selectime/outputs/selectime/chronos2/predictions/validation/vanilla_multivariate/Smart_Manufacturing/H/short/run_1 launch_id=selena_3584837 slurm_job_id=3584837 launched_at=2026-09-27T18:10:09.676875+00:00
[2026-09-27 18:10:09 UTC] predict_validation method=vanilla_multivariate Smart_Manufacturing/H/short
TIME run allocation action=new run=/fslarge/scratch/users/h61084/codes/selectime/outputs/selectime/chronos2/predictions/validation/top_k_1/Smart_Manufacturing/H/short/run_1 launch_id=selena_3584837 slurm_job_id=3584837 launched_at=2026-09-27T18:10:11.617687+00:00
[2026-09-27 18:10:11 UTC] predict_validation method=top_k_1 Smart_Manufacturing/H/short
TIME run allocation action=new run=/fslarge/scratch/users/h61084/codes/selectime/outputs/selectime/chronos2/predictions/validation/top_k_5/Smart_Manufacturing/H/short/run_1 launch_id=selena_3584837 slurm_job_id=3584837 launched_at=2026-09-27T18:10:11.719993+00:00
[2026-09-27 18:10:11 UTC] predict_validation method=top_k_5 Smart_Manufacturing/H/short
TIME run allocation action=new run=/fslarge/scratch/users/h61084/codes/selectime/outputs/selectime/chronos2/predictions/validation/top_k_10/Smart_Manufacturing/H/short/run_1 launch_id=selena_3584837 slurm_job_id=3584837 launched_at=2026-09-27T18:10:11.796118+00:00
[2026-09-27 18:10:11 UTC] predict_validation method=top_k_10 Smart_Manufacturing/H/short
TIME run allocation action=new run=/fslarge/scratch/users/h61084/codes/selectime/outputs/selectime/chronos2/predictions/validation/top_k_15/Smart_Manufacturing/H/short/run_1 launch_id=selena_3584837 slurm_job_id=3584837 launched_at=2026-09-27T18:10:11.871249+00:00
[2026-09-27 18:10:11 UTC] predict_validation method=top_k_15 Smart_Manufacturing/H/short
TIME run allocation action=new run=/fslarge/scratch/users/h61084/codes/selectime/outputs/selectime/chronos2/predictions/validation/top_k_20/Smart_Manufacturing/H/short/run_1 launch_id=selena_3584837 slurm_job_id=3584837 launched_at=2026-09-27T18:10:11.947241+00:00
[2026-09-27 18:10:11 UTC] predict_validation method=top_k_20 Smart_Manufacturing/H/short
TIME run allocation action=new run=/fslarge/scratch/users/h61084/codes/selectime/outputs/selectime/chronos2/predictions/validation/vanilla_multivariate/Smart_Manufacturing/H/medium/run_1 launch_id=selena_3584837 slurm_job_id=3584837 launched_at=2026-09-27T18:10:12.081365+00:00
[2026-09-27 18:10:12 UTC] predict_validation method=vanilla_multivariate Smart_Manufacturing/H/medium
TIME run allocation action=new run=/fslarge/scratch/users/h61084/codes/selectime/outputs/selectime/chronos2/predictions/validation/top_k_1/Smart_Manufacturing/H/medium/run_1 launch_id=selena_3584837 slurm_job_id=3584837 launched_at=2026-09-27T18:10:12.398885+00:00
[2026-09-27 18:10:12 UTC] predict_validation method=top_k_1 Smart_Manufacturing/H/medium
TIME run allocation action=new run=/fslarge/scratch/users/h61084/codes/selectime/outputs/selectime/chronos2/predictions/validation/top_k_5/Smart_Manufacturing/H/medium/run_1 launch_id=selena_3584837 slurm_job_id=3584837 launched_at=2026-09-27T18:10:12.473742+00:00
[2026-09-27 18:10:12 UTC] predict_validation method=top_k_5 Smart_Manufacturing/H/medium
TIME run allocation action=new run=/fslarge/scratch/users/h61084/codes/selectime/outputs/selectime/chronos2/predictions/validation/top_k_10/Smart_Manufacturing/H/medium/run_1 launch_id=selena_3584837 slurm_job_id=3584837 launched_at=2026-09-27T18:10:12.546630+00:00
[2026-09-27 18:10:12 UTC] predict_validation method=top_k_10 Smart_Manufacturing/H/medium
TIME run allocation action=new run=/fslarge/scratch/users/h61084/codes/selectime/outputs/selectime/chronos2/predictions/validation/top_k_15/Smart_Manufacturing/H/medium/run_1 launch_id=selena_3584837 slurm_job_id=3584837 launched_at=2026-09-27T18:10:12.618570+00:00
[2026-09-27 18:10:12 UTC] predict_validation method=top_k_15 Smart_Manufacturing/H/medium
TIME run allocation action=new run=/fslarge/scratch/users/h61084/codes/selectime/outputs/selectime/chronos2/predictions/validation/top_k_20/Smart_Manufacturing/H/medium/run_1 launch_id=selena_3584837 slurm_job_id=3584837 launched_at=2026-09-27T18:10:12.691302+00:00
[2026-09-27 18:10:12 UTC] predict_validation method=top_k_20 Smart_Manufacturing/H/medium
TIME run allocation action=new run=/fslarge/scratch/users/h61084/codes/selectime/outputs/selectime/chronos2/predictions/validation/vanilla_multivariate/Smart_Manufacturing/H/long/run_1 launch_id=selena_3584837 slurm_job_id=3584837 launched_at=2026-09-27T18:10:12.819566+00:00
[2026-09-27 18:10:12 UTC] predict_validation method=vanilla_multivariate Smart_Manufacturing/H/long
TIME run allocation action=new run=/fslarge/scratch/users/h61084/codes/selectime/outputs/selectime/chronos2/predictions/validation/top_k_1/Smart_Manufacturing/H/long/run_1 launch_id=selena_3584837 slurm_job_id=3584837 launched_at=2026-09-27T18:10:13.009880+00:00
[2026-09-27 18:10:13 UTC] predict_validation method=top_k_1 Smart_Manufacturing/H/long
TIME run allocation action=new run=/fslarge/scratch/users/h61084/codes/selectime/outputs/selectime/chronos2/predictions/validation/top_k_5/Smart_Manufacturing/H/long/run_1 launch_id=selena_3584837 slurm_job_id=3584837 launched_at=2026-09-27T18:10:13.080119+00:00
[2026-09-27 18:10:13 UTC] predict_validation method=top_k_5 Smart_Manufacturing/H/long
TIME run allocation action=new run=/fslarge/scratch/users/h61084/codes/selectime/outputs/selectime/chronos2/predictions/validation/top_k_10/Smart_Manufacturing/H/long/run_1 launch_id=selena_3584837 slurm_job_id=3584837 launched_at=2026-09-27T18:10:13.147332+00:00
[2026-09-27 18:10:13 UTC] predict_validation method=top_k_10 Smart_Manufacturing/H/long
TIME run allocation action=new run=/fslarge/scratch/users/h61084/codes/selectime/outputs/selectime/chronos2/predictions/validation/top_k_15/Smart_Manufacturing/H/long/run_1 launch_id=selena_3584837 slurm_job_id=3584837 launched_at=2026-09-27T18:10:13.215160+00:00
[2026-09-27 18:10:13 UTC] predict_validation method=top_k_15 Smart_Manufacturing/H/long
TIME run allocation action=new run=/fslarge/scratch/users/h61084/codes/selectime/outputs/selectime/chronos2/predictions/validation/top_k_20/Smart_Manufacturing/H/long/run_1 launch_id=selena_3584837 slurm_job_id=3584837 launched_at=2026-09-27T18:10:13.283948+00:00
[2026-09-27 18:10:13 UTC] predict_validation method=top_k_20 Smart_Manufacturing/H/long
TIME run allocation action=new run=/fslarge/scratch/users/h61084/codes/selectime/outputs/selectime/chronos2/predictions/validation/vanilla_multivariate/MetroPT-3/5T/short/run_1 launch_id=selena_3584837 slurm_job_id=3584837 launched_at=2026-09-27T18:10:13.381103+00:00
[2026-09-27 18:10:13 UTC] predict_validation method=vanilla_multivariate MetroPT-3/5T/short
TIME run allocation action=new run=/fslarge/scratch/users/h61084/codes/selectime/outputs/selectime/chronos2/predictions/validation/top_k_1/MetroPT-3/5T/short/run_1 launch_id=selena_3584837 slurm_job_id=3584837 launched_at=2026-09-27T18:10:14.269948+00:00
[2026-09-27 18:10:14 UTC] predict_validation method=top_k_1 MetroPT-3/5T/short
TIME run allocation action=new run=/fslarge/scratch/users/h61084/codes/selectime/outputs/selectime/chronos2/predictions/validation/top_k_5/MetroPT-3/5T/short/run_1 launch_id=selena_3584837 slurm_job_id=3584837 launched_at=2026-09-27T18:10:14.596168+00:00
[2026-09-27 18:10:14 UTC] predict_validation method=top_k_5 MetroPT-3/5T/short
TIME run allocation action=new run=/fslarge/scratch/users/h61084/codes/selectime/outputs/selectime/chronos2/predictions/validation/top_k_10/MetroPT-3/5T/short/run_1 launch_id=selena_3584837 slurm_job_id=3584837 launched_at=2026-09-27T18:10:15.424187+00:00
[2026-09-27 18:10:15 UTC] predict_validation method=top_k_10 MetroPT-3/5T/short
TIME run allocation action=new run=/fslarge/scratch/users/h61084/codes/selectime/outputs/selectime/chronos2/predictions/validation/top_k_15/MetroPT-3/5T/short/run_1 launch_id=selena_3584837 slurm_job_id=3584837 launched_at=2026-09-27T18:10:17.003985+00:00
[2026-09-27 18:10:17 UTC] predict_validation method=top_k_15 MetroPT-3/5T/short
TIME run allocation action=new run=/fslarge/scratch/users/h61084/codes/selectime/outputs/selectime/chronos2/predictions/validation/top_k_20/MetroPT-3/5T/short/run_1 launch_id=selena_3584837 slurm_job_id=3584837 launched_at=2026-09-27T18:10:19.293734+00:00
[2026-09-27 18:10:19 UTC] predict_validation method=top_k_20 MetroPT-3/5T/short
TIME run allocation action=new run=/fslarge/scratch/users/h61084/codes/selectime/outputs/selectime/chronos2/predictions/validation/vanilla_multivariate/MetroPT-3/5T/medium/run_1 launch_id=selena_3584837 slurm_job_id=3584837 launched_at=2026-09-27T18:10:22.296267+00:00
[2026-09-27 18:10:22 UTC] predict_validation method=vanilla_multivariate MetroPT-3/5T/medium
TIME run allocation action=new run=/fslarge/scratch/users/h61084/codes/selectime/outputs/selectime/chronos2/predictions/validation/top_k_1/MetroPT-3/5T/medium/run_1 launch_id=selena_3584837 slurm_job_id=3584837 launched_at=2026-09-27T18:10:22.499688+00:00
[2026-09-27 18:10:22 UTC] predict_validation method=top_k_1 MetroPT-3/5T/medium
TIME run allocation action=new run=/fslarge/scratch/users/h61084/codes/selectime/outputs/selectime/chronos2/predictions/validation/top_k_5/MetroPT-3/5T/medium/run_1 launch_id=selena_3584837 slurm_job_id=3584837 launched_at=2026-09-27T18:10:22.537878+00:00
[2026-09-27 18:10:22 UTC] predict_validation method=top_k_5 MetroPT-3/5T/medium
TIME run allocation action=new run=/fslarge/scratch/users/h61084/codes/selectime/outputs/selectime/chronos2/predictions/validation/top_k_10/MetroPT-3/5T/medium/run_1 launch_id=selena_3584837 slurm_job_id=3584837 launched_at=2026-09-27T18:10:22.573646+00:00
[2026-09-27 18:10:22 UTC] predict_validation method=top_k_10 MetroPT-3/5T/medium
TIME run allocation action=new run=/fslarge/scratch/users/h61084/codes/selectime/outputs/selectime/chronos2/predictions/validation/top_k_15/MetroPT-3/5T/medium/run_1 launch_id=selena_3584837 slurm_job_id=3584837 launched_at=2026-09-27T18:10:22.613155+00:00
[2026-09-27 18:10:22 UTC] predict_validation method=top_k_15 MetroPT-3/5T/medium
TIME run allocation action=new run=/fslarge/scratch/users/h61084/codes/selectime/outputs/selectime/chronos2/predictions/validation/top_k_20/MetroPT-3/5T/medium/run_1 launch_id=selena_3584837 slurm_job_id=3584837 launched_at=2026-09-27T18:10:22.648430+00:00
[2026-09-27 18:10:22 UTC] predict_validation method=top_k_20 MetroPT-3/5T/medium
TIME run allocation action=new run=/fslarge/scratch/users/h61084/codes/selectime/outputs/selectime/chronos2/predictions/validation/vanilla_multivariate/MetroPT-3/5T/long/run_1 launch_id=selena_3584837 slurm_job_id=3584837 launched_at=2026-09-27T18:10:22.704824+00:00
[2026-09-27 18:10:22 UTC] predict_validation method=vanilla_multivariate MetroPT-3/5T/long
TIME run allocation action=new run=/fslarge/scratch/users/h61084/codes/selectime/outputs/selectime/chronos2/predictions/validation/top_k_1/MetroPT-3/5T/long/run_1 launch_id=selena_3584837 slurm_job_id=3584837 launched_at=2026-09-27T18:10:22.826237+00:00
[2026-09-27 18:10:22 UTC] predict_validation method=top_k_1 MetroPT-3/5T/long
TIME run allocation action=new run=/fslarge/scratch/users/h61084/codes/selectime/outputs/selectime/chronos2/predictions/validation/top_k_5/MetroPT-3/5T/long/run_1 launch_id=selena_3584837 slurm_job_id=3584837 launched_at=2026-09-27T18:10:22.864227+00:00
[2026-09-27 18:10:22 UTC] predict_validation method=top_k_5 MetroPT-3/5T/long
TIME run allocation action=new run=/fslarge/scratch/users/h61084/codes/selectime/outputs/selectime/chronos2/predictions/validation/top_k_10/MetroPT-3/5T/long/run_1 launch_id=selena_3584837 slurm_job_id=3584837 launched_at=2026-09-27T18:10:22.899831+00:00
[2026-09-27 18:10:22 UTC] predict_validation method=top_k_10 MetroPT-3/5T/long
TIME run allocation action=new run=/fslarge/scratch/users/h61084/codes/selectime/outputs/selectime/chronos2/predictions/validation/top_k_15/MetroPT-3/5T/long/run_1 launch_id=selena_3584837 slurm_job_id=3584837 launched_at=2026-09-27T18:10:22.935314+00:00
[2026-09-27 18:10:22 UTC] predict_validation method=top_k_15 MetroPT-3/5T/long
TIME run allocation action=new run=/fslarge/scratch/users/h61084/codes/selectime/outputs/selectime/chronos2/predictions/validation/top_k_20/MetroPT-3/5T/long/run_1 launch_id=selena_3584837 slurm_job_id=3584837 launched_at=2026-09-27T18:10:22.972307+00:00
[2026-09-27 18:10:22 UTC] predict_validation method=top_k_20 MetroPT-3/5T/long
[2026-09-27 18:10:45 UTC] Slurm=3584837 launch=selena_3584837 stage=calibrate prediction_group=all
[2026-09-27 18:10:48 UTC] dataset_config=/fssmall/home/h61084/codes/selectime/src/timebench/config/datasets.yaml applied_keys=datasets,selectime_tasks tasks=90
[2026-09-27 18:10:48 UTC] resources selected_device {"component": "selectime", "device": "cpu", "stage": "calibrate"}
[2026-09-27 18:10:48 UTC] stage=calibrate tasks=90 seed=0 Slurm=3584837
[2026-09-27 20:10:49,249][datasets][INFO] - PyTorch version 2.9.1 available.
TIME run allocation action=new run=/fslarge/scratch/users/h61084/codes/selectime/outputs/selectime/chronos2/selections/scope_selector/Water_Quality_Darwin/15T/short/run_1 launch_id=selena_3584837 slurm_job_id=3584837 launched_at=2026-09-27T18:10:49.945879+00:00
TIME run allocation action=new run=/fslarge/scratch/users/h61084/codes/selectime/outputs/selectime/chronos2/selections/scope_selector_per_variate/Water_Quality_Darwin/15T/short/run_0 launch_id=selena_3584837 slurm_job_id=3584837 launched_at=2026-09-27T18:10:50.084562+00:00
TIME run allocation action=new run=/fslarge/scratch/users/h61084/codes/selectime/outputs/selectime/chronos2/selections/scope_mix/Water_Quality_Darwin/15T/short/run_1 launch_id=selena_3584837 slurm_job_id=3584837 launched_at=2026-09-27T18:10:50.302316+00:00
TIME run allocation action=new run=/fslarge/scratch/users/h61084/codes/selectime/outputs/selectime/chronos2/selections/scope_mix_per_variate/Water_Quality_Darwin/15T/short/run_0 launch_id=selena_3584837 slurm_job_id=3584837 launched_at=2026-09-27T18:10:50.419657+00:00
TIME run allocation action=new run=/fslarge/scratch/users/h61084/codes/selectime/outputs/selectime/chronos2/selections/scope_ridge/Water_Quality_Darwin/15T/short/run_0 launch_id=selena_3584837 slurm_job_id=3584837 launched_at=2026-09-27T18:10:50.545773+00:00
TIME run allocation action=new run=/fslarge/scratch/users/h61084/codes/selectime/outputs/selectime/chronos2/selections/top_k_1_mix/Water_Quality_Darwin/15T/short/run_0 launch_id=selena_3584837 slurm_job_id=3584837 launched_at=2026-09-27T18:10:50.671554+00:00
TIME run allocation action=new run=/fslarge/scratch/users/h61084/codes/selectime/outputs/selectime/chronos2/selections/top_k_5_mix/Water_Quality_Darwin/15T/short/run_0 launch_id=selena_3584837 slurm_job_id=3584837 launched_at=2026-09-27T18:10:50.795081+00:00
TIME run allocation action=new run=/fslarge/scratch/users/h61084/codes/selectime/outputs/selectime/chronos2/selections/top_k_10_mix/Water_Quality_Darwin/15T/short/run_0 launch_id=selena_3584837 slurm_job_id=3584837 launched_at=2026-09-27T18:10:50.919207+00:00
TIME run allocation action=new run=/fslarge/scratch/users/h61084/codes/selectime/outputs/selectime/chronos2/selections/top_k_15_mix/Water_Quality_Darwin/15T/short/run_0 launch_id=selena_3584837 slurm_job_id=3584837 launched_at=2026-09-27T18:10:51.043253+00:00
TIME run allocation action=new run=/fslarge/scratch/users/h61084/codes/selectime/outputs/selectime/chronos2/selections/top_k_20_mix/Water_Quality_Darwin/15T/short/run_0 launch_id=selena_3584837 slurm_job_id=3584837 launched_at=2026-09-27T18:10:51.165263+00:00
TIME run allocation action=new run=/fslarge/scratch/users/h61084/codes/selectime/outputs/selectime/chronos2/selections/scope_selector/Water_Quality_Darwin/15T/medium/run_1 launch_id=selena_3584837 slurm_job_id=3584837 launched_at=2026-09-27T18:10:51.333635+00:00
TIME run allocation action=new run=/fslarge/scratch/users/h61084/codes/selectime/outputs/selectime/chronos2/selections/scope_selector_per_variate/Water_Quality_Darwin/15T/medium/run_0 launch_id=selena_3584837 slurm_job_id=3584837 launched_at=2026-09-27T18:10:51.443303+00:00
TIME run allocation action=new run=/fslarge/scratch/users/h61084/codes/selectime/outputs/selectime/chronos2/selections/scope_mix/Water_Quality_Darwin/15T/medium/run_1 launch_id=selena_3584837 slurm_job_id=3584837 launched_at=2026-09-27T18:10:51.573590+00:00
TIME run allocation action=new run=/fslarge/scratch/users/h61084/codes/selectime/outputs/selectime/chronos2/selections/scope_mix_per_variate/Water_Quality_Darwin/15T/medium/run_0 launch_id=selena_3584837 slurm_job_id=3584837 launched_at=2026-09-27T18:10:51.673429+00:00
TIME run allocation action=new run=/fslarge/scratch/users/h61084/codes/selectime/outputs/selectime/chronos2/selections/scope_ridge/Water_Quality_Darwin/15T/medium/run_0 launch_id=selena_3584837 slurm_job_id=3584837 launched_at=2026-09-27T18:10:51.773992+00:00
TIME run allocation action=new run=/fslarge/scratch/users/h61084/codes/selectime/outputs/selectime/chronos2/selections/top_k_1_mix/Water_Quality_Darwin/15T/medium/run_0 launch_id=selena_3584837 slurm_job_id=3584837 launched_at=2026-09-27T18:10:51.880396+00:00
TIME run allocation action=new run=/fslarge/scratch/users/h61084/codes/selectime/outputs/selectime/chronos2/selections/top_k_5_mix/Water_Quality_Darwin/15T/medium/run_0 launch_id=selena_3584837 slurm_job_id=3584837 launched_at=2026-09-27T18:10:51.985936+00:00
TIME run allocation action=new run=/fslarge/scratch/users/h61084/codes/selectime/outputs/selectime/chronos2/selections/top_k_10_mix/Water_Quality_Darwin/15T/medium/run_0 launch_id=selena_3584837 slurm_job_id=3584837 launched_at=2026-09-27T18:10:52.092410+00:00
TIME run allocation action=new run=/fslarge/scratch/users/h61084/codes/selectime/outputs/selectime/chronos2/selections/top_k_15_mix/Water_Quality_Darwin/15T/medium/run_0 launch_id=selena_3584837 slurm_job_id=3584837 launched_at=2026-09-27T18:10:52.198236+00:00
TIME run allocation action=new run=/fslarge/scratch/users/h61084/codes/selectime/outputs/selectime/chronos2/selections/top_k_20_mix/Water_Quality_Darwin/15T/medium/run_0 launch_id=selena_3584837 slurm_job_id=3584837 launched_at=2026-09-27T18:10:52.303939+00:00
TIME run allocation action=new run=/fslarge/scratch/users/h61084/codes/selectime/outputs/selectime/chronos2/selections/scope_selector/Water_Quality_Darwin/15T/long/run_1 launch_id=selena_3584837 slurm_job_id=3584837 launched_at=2026-09-27T18:10:52.454184+00:00
TIME run allocation action=new run=/fslarge/scratch/users/h61084/codes/selectime/outputs/selectime/chronos2/selections/scope_selector_per_variate/Water_Quality_Darwin/15T/long/run_0 launch_id=selena_3584837 slurm_job_id=3584837 launched_at=2026-09-27T18:10:52.559145+00:00
TIME run allocation action=new run=/fslarge/scratch/users/h61084/codes/selectime/outputs/selectime/chronos2/selections/scope_mix/Water_Quality_Darwin/15T/long/run_1 launch_id=selena_3584837 slurm_job_id=3584837 launched_at=2026-09-27T18:10:52.672992+00:00
TIME run allocation action=new run=/fslarge/scratch/users/h61084/codes/selectime/outputs/selectime/chronos2/selections/scope_mix_per_variate/Water_Quality_Darwin/15T/long/run_0 launch_id=selena_3584837 slurm_job_id=3584837 launched_at=2026-09-27T18:10:52.770787+00:00
TIME run allocation action=new run=/fslarge/scratch/users/h61084/codes/selectime/outputs/selectime/chronos2/selections/scope_ridge/Water_Quality_Darwin/15T/long/run_0 launch_id=selena_3584837 slurm_job_id=3584837 launched_at=2026-09-27T18:10:52.869411+00:00
TIME run allocation action=new run=/fslarge/scratch/users/h61084/codes/selectime/outputs/selectime/chronos2/selections/top_k_1_mix/Water_Quality_Darwin/15T/long/run_0 launch_id=selena_3584837 slurm_job_id=3584837 launched_at=2026-09-27T18:10:52.972045+00:00
TIME run allocation action=new run=/fslarge/scratch/users/h61084/codes/selectime/outputs/selectime/chronos2/selections/top_k_5_mix/Water_Quality_Darwin/15T/long/run_0 launch_id=selena_3584837 slurm_job_id=3584837 launched_at=2026-09-27T18:10:53.076588+00:00
TIME run allocation action=new run=/fslarge/scratch/users/h61084/codes/selectime/outputs/selectime/chronos2/selections/top_k_10_mix/Water_Quality_Darwin/15T/long/run_0 launch_id=selena_3584837 slurm_job_id=3584837 launched_at=2026-09-27T18:10:53.181370+00:00
TIME run allocation action=new run=/fslarge/scratch/users/h61084/codes/selectime/outputs/selectime/chronos2/selections/top_k_15_mix/Water_Quality_Darwin/15T/long/run_0 launch_id=selena_3584837 slurm_job_id=3584837 launched_at=2026-09-27T18:10:53.284113+00:00
TIME run allocation action=new run=/fslarge/scratch/users/h61084/codes/selectime/outputs/selectime/chronos2/selections/top_k_20_mix/Water_Quality_Darwin/15T/long/run_0 launch_id=selena_3584837 slurm_job_id=3584837 launched_at=2026-09-27T18:10:53.386472+00:00
TIME run allocation action=new run=/fslarge/scratch/users/h61084/codes/selectime/outputs/selectime/chronos2/selections/scope_selector/current_velocity/5T/short/run_1 launch_id=selena_3584837 slurm_job_id=3584837 launched_at=2026-09-27T18:10:53.521804+00:00
TIME run allocation action=new run=/fslarge/scratch/users/h61084/codes/selectime/outputs/selectime/chronos2/selections/scope_selector_per_variate/current_velocity/5T/short/run_0 launch_id=selena_3584837 slurm_job_id=3584837 launched_at=2026-09-27T18:10:53.580005+00:00
TIME run allocation action=new run=/fslarge/scratch/users/h61084/codes/selectime/outputs/selectime/chronos2/selections/scope_mix/current_velocity/5T/short/run_1 launch_id=selena_3584837 slurm_job_id=3584837 launched_at=2026-09-27T18:10:53.636344+00:00
TIME run allocation action=new run=/fslarge/scratch/users/h61084/codes/selectime/outputs/selectime/chronos2/selections/scope_mix_per_variate/current_velocity/5T/short/run_0 launch_id=selena_3584837 slurm_job_id=3584837 launched_at=2026-09-27T18:10:53.676224+00:00
TIME run allocation action=new run=/fslarge/scratch/users/h61084/codes/selectime/outputs/selectime/chronos2/selections/scope_ridge/current_velocity/5T/short/run_0 launch_id=selena_3584837 slurm_job_id=3584837 launched_at=2026-09-27T18:10:53.715254+00:00
TIME run allocation action=new run=/fslarge/scratch/users/h61084/codes/selectime/outputs/selectime/chronos2/selections/top_k_1_mix/current_velocity/5T/short/run_0 launch_id=selena_3584837 slurm_job_id=3584837 launched_at=2026-09-27T18:10:53.761154+00:00
TIME run allocation action=new run=/fslarge/scratch/users/h61084/codes/selectime/outputs/selectime/chronos2/selections/top_k_5_mix/current_velocity/5T/short/run_0 launch_id=selena_3584837 slurm_job_id=3584837 launched_at=2026-09-27T18:10:53.807006+00:00
TIME run allocation action=new run=/fslarge/scratch/users/h61084/codes/selectime/outputs/selectime/chronos2/selections/top_k_10_mix/current_velocity/5T/short/run_0 launch_id=selena_3584837 slurm_job_id=3584837 launched_at=2026-09-27T18:10:53.852406+00:00
TIME run allocation action=new run=/fslarge/scratch/users/h61084/codes/selectime/outputs/selectime/chronos2/selections/top_k_15_mix/current_velocity/5T/short/run_0 launch_id=selena_3584837 slurm_job_id=3584837 launched_at=2026-09-27T18:10:53.898053+00:00
TIME run allocation action=new run=/fslarge/scratch/users/h61084/codes/selectime/outputs/selectime/chronos2/selections/top_k_20_mix/current_velocity/5T/short/run_0 launch_id=selena_3584837 slurm_job_id=3584837 launched_at=2026-09-27T18:10:53.944007+00:00
TIME run allocation action=new run=/fslarge/scratch/users/h61084/codes/selectime/outputs/selectime/chronos2/selections/scope_selector/current_velocity/5T/medium/run_1 launch_id=selena_3584837 slurm_job_id=3584837 launched_at=2026-09-27T18:10:54.000709+00:00
TIME run allocation action=new run=/fslarge/scratch/users/h61084/codes/selectime/outputs/selectime/chronos2/selections/scope_selector_per_variate/current_velocity/5T/medium/run_0 launch_id=selena_3584837 slurm_job_id=3584837 launched_at=2026-09-27T18:10:54.052160+00:00
TIME run allocation action=new run=/fslarge/scratch/users/h61084/codes/selectime/outputs/selectime/chronos2/selections/scope_mix/current_velocity/5T/medium/run_1 launch_id=selena_3584837 slurm_job_id=3584837 launched_at=2026-09-27T18:10:54.092178+00:00
TIME run allocation action=new run=/fslarge/scratch/users/h61084/codes/selectime/outputs/selectime/chronos2/selections/scope_mix_per_variate/current_velocity/5T/medium/run_0 launch_id=selena_3584837 slurm_job_id=3584837 launched_at=2026-09-27T18:10:54.127039+00:00
TIME run allocation action=new run=/fslarge/scratch/users/h61084/codes/selectime/outputs/selectime/chronos2/selections/scope_ridge/current_velocity/5T/medium/run_0 launch_id=selena_3584837 slurm_job_id=3584837 launched_at=2026-09-27T18:10:54.160980+00:00
TIME run allocation action=new run=/fslarge/scratch/users/h61084/codes/selectime/outputs/selectime/chronos2/selections/top_k_1_mix/current_velocity/5T/medium/run_0 launch_id=selena_3584837 slurm_job_id=3584837 launched_at=2026-09-27T18:10:54.202173+00:00
TIME run allocation action=new run=/fslarge/scratch/users/h61084/codes/selectime/outputs/selectime/chronos2/selections/top_k_5_mix/current_velocity/5T/medium/run_0 launch_id=selena_3584837 slurm_job_id=3584837 launched_at=2026-09-27T18:10:54.243657+00:00
TIME run allocation action=new run=/fslarge/scratch/users/h61084/codes/selectime/outputs/selectime/chronos2/selections/top_k_10_mix/current_velocity/5T/medium/run_0 launch_id=selena_3584837 slurm_job_id=3584837 launched_at=2026-09-27T18:10:54.285065+00:00
TIME run allocation action=new run=/fslarge/scratch/users/h61084/codes/selectime/outputs/selectime/chronos2/selections/top_k_15_mix/current_velocity/5T/medium/run_0 launch_id=selena_3584837 slurm_job_id=3584837 launched_at=2026-09-27T18:10:54.326331+00:00
TIME run allocation action=new run=/fslarge/scratch/users/h61084/codes/selectime/outputs/selectime/chronos2/selections/top_k_20_mix/current_velocity/5T/medium/run_0 launch_id=selena_3584837 slurm_job_id=3584837 launched_at=2026-09-27T18:10:54.367480+00:00
TIME run allocation action=new run=/fslarge/scratch/users/h61084/codes/selectime/outputs/selectime/chronos2/selections/scope_selector/current_velocity/5T/long/run_1 launch_id=selena_3584837 slurm_job_id=3584837 launched_at=2026-09-27T18:10:54.419432+00:00
TIME run allocation action=new run=/fslarge/scratch/users/h61084/codes/selectime/outputs/selectime/chronos2/selections/scope_selector_per_variate/current_velocity/5T/long/run_0 launch_id=selena_3584837 slurm_job_id=3584837 launched_at=2026-09-27T18:10:54.468615+00:00
TIME run allocation action=new run=/fslarge/scratch/users/h61084/codes/selectime/outputs/selectime/chronos2/selections/scope_mix/current_velocity/5T/long/run_1 launch_id=selena_3584837 slurm_job_id=3584837 launched_at=2026-09-27T18:10:54.506085+00:00
TIME run allocation action=new run=/fslarge/scratch/users/h61084/codes/selectime/outputs/selectime/chronos2/selections/scope_mix_per_variate/current_velocity/5T/long/run_0 launch_id=selena_3584837 slurm_job_id=3584837 launched_at=2026-09-27T18:10:54.541092+00:00
TIME run allocation action=new run=/fslarge/scratch/users/h61084/codes/selectime/outputs/selectime/chronos2/selections/scope_ridge/current_velocity/5T/long/run_0 launch_id=selena_3584837 slurm_job_id=3584837 launched_at=2026-09-27T18:10:54.574616+00:00
TIME run allocation action=new run=/fslarge/scratch/users/h61084/codes/selectime/outputs/selectime/chronos2/selections/top_k_1_mix/current_velocity/5T/long/run_0 launch_id=selena_3584837 slurm_job_id=3584837 launched_at=2026-09-27T18:10:54.615419+00:00
TIME run allocation action=new run=/fslarge/scratch/users/h61084/codes/selectime/outputs/selectime/chronos2/selections/top_k_5_mix/current_velocity/5T/long/run_0 launch_id=selena_3584837 slurm_job_id=3584837 launched_at=2026-09-27T18:10:54.656755+00:00
TIME run allocation action=new run=/fslarge/scratch/users/h61084/codes/selectime/outputs/selectime/chronos2/selections/top_k_10_mix/current_velocity/5T/long/run_0 launch_id=selena_3584837 slurm_job_id=3584837 launched_at=2026-09-27T18:10:54.697774+00:00
TIME run allocation action=new run=/fslarge/scratch/users/h61084/codes/selectime/outputs/selectime/chronos2/selections/top_k_15_mix/current_velocity/5T/long/run_0 launch_id=selena_3584837 slurm_job_id=3584837 launched_at=2026-09-27T18:10:54.738228+00:00
TIME run allocation action=new run=/fslarge/scratch/users/h61084/codes/selectime/outputs/selectime/chronos2/selections/top_k_20_mix/current_velocity/5T/long/run_0 launch_id=selena_3584837 slurm_job_id=3584837 launched_at=2026-09-27T18:10:54.779217+00:00
TIME run allocation action=new run=/fslarge/scratch/users/h61084/codes/selectime/outputs/selectime/chronos2/selections/scope_selector/current_velocity/10T/short/run_1 launch_id=selena_3584837 slurm_job_id=3584837 launched_at=2026-09-27T18:10:54.927532+00:00
TIME run allocation action=new run=/fslarge/scratch/users/h61084/codes/selectime/outputs/selectime/chronos2/selections/scope_selector_per_variate/current_velocity/10T/short/run_0 launch_id=selena_3584837 slurm_job_id=3584837 launched_at=2026-09-27T18:10:55.145013+00:00
TIME run allocation action=new run=/fslarge/scratch/users/h61084/codes/selectime/outputs/selectime/chronos2/selections/scope_mix/current_velocity/10T/short/run_1 launch_id=selena_3584837 slurm_job_id=3584837 launched_at=2026-09-27T18:10:55.496706+00:00
TIME run allocation action=new run=/fslarge/scratch/users/h61084/codes/selectime/outputs/selectime/chronos2/selections/scope_mix_per_variate/current_velocity/10T/short/run_0 launch_id=selena_3584837 slurm_job_id=3584837 launched_at=2026-09-27T18:10:55.696565+00:00
TIME run allocation action=new run=/fslarge/scratch/users/h61084/codes/selectime/outputs/selectime/chronos2/selections/scope_ridge/current_velocity/10T/short/run_0 launch_id=selena_3584837 slurm_job_id=3584837 launched_at=2026-09-27T18:10:55.915205+00:00
TIME run allocation action=new run=/fslarge/scratch/users/h61084/codes/selectime/outputs/selectime/chronos2/selections/top_k_1_mix/current_velocity/10T/short/run_0 launch_id=selena_3584837 slurm_job_id=3584837 launched_at=2026-09-27T18:10:56.120178+00:00
TIME run allocation action=new run=/fslarge/scratch/users/h61084/codes/selectime/outputs/selectime/chronos2/selections/top_k_5_mix/current_velocity/10T/short/run_0 launch_id=selena_3584837 slurm_job_id=3584837 launched_at=2026-09-27T18:10:56.325541+00:00
TIME run allocation action=new run=/fslarge/scratch/users/h61084/codes/selectime/outputs/selectime/chronos2/selections/top_k_10_mix/current_velocity/10T/short/run_0 launch_id=selena_3584837 slurm_job_id=3584837 launched_at=2026-09-27T18:10:56.532544+00:00
TIME run allocation action=new run=/fslarge/scratch/users/h61084/codes/selectime/outputs/selectime/chronos2/selections/top_k_15_mix/current_velocity/10T/short/run_0 launch_id=selena_3584837 slurm_job_id=3584837 launched_at=2026-09-27T18:10:56.740250+00:00
TIME run allocation action=new run=/fslarge/scratch/users/h61084/codes/selectime/outputs/selectime/chronos2/selections/top_k_20_mix/current_velocity/10T/short/run_0 launch_id=selena_3584837 slurm_job_id=3584837 launched_at=2026-09-27T18:10:56.946761+00:00
TIME run allocation action=new run=/fslarge/scratch/users/h61084/codes/selectime/outputs/selectime/chronos2/selections/scope_selector/current_velocity/10T/medium/run_1 launch_id=selena_3584837 slurm_job_id=3584837 launched_at=2026-09-27T18:10:57.238688+00:00
TIME run allocation action=new run=/fslarge/scratch/users/h61084/codes/selectime/outputs/selectime/chronos2/selections/scope_selector_per_variate/current_velocity/10T/medium/run_0 launch_id=selena_3584837 slurm_job_id=3584837 launched_at=2026-09-27T18:10:57.414864+00:00
TIME run allocation action=new run=/fslarge/scratch/users/h61084/codes/selectime/outputs/selectime/chronos2/selections/scope_mix/current_velocity/10T/medium/run_1 launch_id=selena_3584837 slurm_job_id=3584837 launched_at=2026-09-27T18:10:57.620625+00:00
TIME run allocation action=new run=/fslarge/scratch/users/h61084/codes/selectime/outputs/selectime/chronos2/selections/scope_mix_per_variate/current_velocity/10T/medium/run_0 launch_id=selena_3584837 slurm_job_id=3584837 launched_at=2026-09-27T18:10:57.782901+00:00
TIME run allocation action=new run=/fslarge/scratch/users/h61084/codes/selectime/outputs/selectime/chronos2/selections/scope_ridge/current_velocity/10T/medium/run_0 launch_id=selena_3584837 slurm_job_id=3584837 launched_at=2026-09-27T18:10:57.951624+00:00
TIME run allocation action=new run=/fslarge/scratch/users/h61084/codes/selectime/outputs/selectime/chronos2/selections/top_k_1_mix/current_velocity/10T/medium/run_0 launch_id=selena_3584837 slurm_job_id=3584837 launched_at=2026-09-27T18:10:58.120837+00:00
TIME run allocation action=new run=/fslarge/scratch/users/h61084/codes/selectime/outputs/selectime/chronos2/selections/top_k_5_mix/current_velocity/10T/medium/run_0 launch_id=selena_3584837 slurm_job_id=3584837 launched_at=2026-09-27T18:10:58.289246+00:00
TIME run allocation action=new run=/fslarge/scratch/users/h61084/codes/selectime/outputs/selectime/chronos2/selections/top_k_10_mix/current_velocity/10T/medium/run_0 launch_id=selena_3584837 slurm_job_id=3584837 launched_at=2026-09-27T18:10:58.457558+00:00
TIME run allocation action=new run=/fslarge/scratch/users/h61084/codes/selectime/outputs/selectime/chronos2/selections/top_k_15_mix/current_velocity/10T/medium/run_0 launch_id=selena_3584837 slurm_job_id=3584837 launched_at=2026-09-27T18:10:58.626563+00:00
TIME run allocation action=new run=/fslarge/scratch/users/h61084/codes/selectime/outputs/selectime/chronos2/selections/top_k_20_mix/current_velocity/10T/medium/run_0 launch_id=selena_3584837 slurm_job_id=3584837 launched_at=2026-09-27T18:10:58.800434+00:00
TIME run allocation action=new run=/fslarge/scratch/users/h61084/codes/selectime/outputs/selectime/chronos2/selections/scope_selector/current_velocity/10T/long/run_1 launch_id=selena_3584837 slurm_job_id=3584837 launched_at=2026-09-27T18:10:59.057493+00:00
TIME run allocation action=new run=/fslarge/scratch/users/h61084/codes/selectime/outputs/selectime/chronos2/selections/scope_selector_per_variate/current_velocity/10T/long/run_0 launch_id=selena_3584837 slurm_job_id=3584837 launched_at=2026-09-27T18:10:59.225568+00:00
TIME run allocation action=new run=/fslarge/scratch/users/h61084/codes/selectime/outputs/selectime/chronos2/selections/scope_mix/current_velocity/10T/long/run_1 launch_id=selena_3584837 slurm_job_id=3584837 launched_at=2026-09-27T18:10:59.406569+00:00
TIME run allocation action=new run=/fslarge/scratch/users/h61084/codes/selectime/outputs/selectime/chronos2/selections/scope_mix_per_variate/current_velocity/10T/long/run_0 launch_id=selena_3584837 slurm_job_id=3584837 launched_at=2026-09-27T18:10:59.566754+00:00
TIME run allocation action=new run=/fslarge/scratch/users/h61084/codes/selectime/outputs/selectime/chronos2/selections/scope_ridge/current_velocity/10T/long/run_0 launch_id=selena_3584837 slurm_job_id=3584837 launched_at=2026-09-27T18:10:59.729775+00:00
TIME run allocation action=new run=/fslarge/scratch/users/h61084/codes/selectime/outputs/selectime/chronos2/selections/top_k_1_mix/current_velocity/10T/long/run_0 launch_id=selena_3584837 slurm_job_id=3584837 launched_at=2026-09-27T18:10:59.896869+00:00
TIME run allocation action=new run=/fslarge/scratch/users/h61084/codes/selectime/outputs/selectime/chronos2/selections/top_k_5_mix/current_velocity/10T/long/run_0 launch_id=selena_3584837 slurm_job_id=3584837 launched_at=2026-09-27T18:11:00.063774+00:00
TIME run allocation action=new run=/fslarge/scratch/users/h61084/codes/selectime/outputs/selectime/chronos2/selections/top_k_10_mix/current_velocity/10T/long/run_0 launch_id=selena_3584837 slurm_job_id=3584837 launched_at=2026-09-27T18:11:00.230600+00:00
TIME run allocation action=new run=/fslarge/scratch/users/h61084/codes/selectime/outputs/selectime/chronos2/selections/top_k_15_mix/current_velocity/10T/long/run_0 launch_id=selena_3584837 slurm_job_id=3584837 launched_at=2026-09-27T18:11:00.398472+00:00
TIME run allocation action=new run=/fslarge/scratch/users/h61084/codes/selectime/outputs/selectime/chronos2/selections/top_k_20_mix/current_velocity/10T/long/run_0 launch_id=selena_3584837 slurm_job_id=3584837 launched_at=2026-09-27T18:11:00.565254+00:00
TIME run allocation action=new run=/fslarge/scratch/users/h61084/codes/selectime/outputs/selectime/chronos2/selections/scope_selector/current_velocity/15T/short/run_1 launch_id=selena_3584837 slurm_job_id=3584837 launched_at=2026-09-27T18:11:00.762145+00:00
TIME run allocation action=new run=/fslarge/scratch/users/h61084/codes/selectime/outputs/selectime/chronos2/selections/scope_selector_per_variate/current_velocity/15T/short/run_0 launch_id=selena_3584837 slurm_job_id=3584837 launched_at=2026-09-27T18:11:00.858528+00:00
TIME run allocation action=new run=/fslarge/scratch/users/h61084/codes/selectime/outputs/selectime/chronos2/selections/scope_mix/current_velocity/15T/short/run_1 launch_id=selena_3584837 slurm_job_id=3584837 launched_at=2026-09-27T18:11:01.012191+00:00
TIME run allocation action=new run=/fslarge/scratch/users/h61084/codes/selectime/outputs/selectime/chronos2/selections/scope_mix_per_variate/current_velocity/15T/short/run_0 launch_id=selena_3584837 slurm_job_id=3584837 launched_at=2026-09-27T18:11:01.093593+00:00
TIME run allocation action=new run=/fslarge/scratch/users/h61084/codes/selectime/outputs/selectime/chronos2/selections/scope_ridge/current_velocity/15T/short/run_0 launch_id=selena_3584837 slurm_job_id=3584837 launched_at=2026-09-27T18:11:01.180371+00:00
TIME run allocation action=new run=/fslarge/scratch/users/h61084/codes/selectime/outputs/selectime/chronos2/selections/top_k_1_mix/current_velocity/15T/short/run_0 launch_id=selena_3584837 slurm_job_id=3584837 launched_at=2026-09-27T18:11:01.267989+00:00
TIME run allocation action=new run=/fslarge/scratch/users/h61084/codes/selectime/outputs/selectime/chronos2/selections/top_k_5_mix/current_velocity/15T/short/run_0 launch_id=selena_3584837 slurm_job_id=3584837 launched_at=2026-09-27T18:11:01.355806+00:00
TIME run allocation action=new run=/fslarge/scratch/users/h61084/codes/selectime/outputs/selectime/chronos2/selections/top_k_10_mix/current_velocity/15T/short/run_0 launch_id=selena_3584837 slurm_job_id=3584837 launched_at=2026-09-27T18:11:01.443876+00:00
TIME run allocation action=new run=/fslarge/scratch/users/h61084/codes/selectime/outputs/selectime/chronos2/selections/top_k_15_mix/current_velocity/15T/short/run_0 launch_id=selena_3584837 slurm_job_id=3584837 launched_at=2026-09-27T18:11:01.532057+00:00
TIME run allocation action=new run=/fslarge/scratch/users/h61084/codes/selectime/outputs/selectime/chronos2/selections/top_k_20_mix/current_velocity/15T/short/run_0 launch_id=selena_3584837 slurm_job_id=3584837 launched_at=2026-09-27T18:11:01.619974+00:00
TIME run allocation action=new run=/fslarge/scratch/users/h61084/codes/selectime/outputs/selectime/chronos2/selections/scope_selector/current_velocity/15T/medium/run_1 launch_id=selena_3584837 slurm_job_id=3584837 launched_at=2026-09-27T18:11:01.726976+00:00
TIME run allocation action=new run=/fslarge/scratch/users/h61084/codes/selectime/outputs/selectime/chronos2/selections/scope_selector_per_variate/current_velocity/15T/medium/run_0 launch_id=selena_3584837 slurm_job_id=3584837 launched_at=2026-09-27T18:11:01.799302+00:00
TIME run allocation action=new run=/fslarge/scratch/users/h61084/codes/selectime/outputs/selectime/chronos2/selections/scope_mix/current_velocity/15T/medium/run_1 launch_id=selena_3584837 slurm_job_id=3584837 launched_at=2026-09-27T18:11:01.885179+00:00
TIME run allocation action=new run=/fslarge/scratch/users/h61084/codes/selectime/outputs/selectime/chronos2/selections/scope_mix_per_variate/current_velocity/15T/medium/run_0 launch_id=selena_3584837 slurm_job_id=3584837 launched_at=2026-09-27T18:11:01.948595+00:00
TIME run allocation action=new run=/fslarge/scratch/users/h61084/codes/selectime/outputs/selectime/chronos2/selections/scope_ridge/current_velocity/15T/medium/run_0 launch_id=selena_3584837 slurm_job_id=3584837 launched_at=2026-09-27T18:11:02.012908+00:00
TIME run allocation action=new run=/fslarge/scratch/users/h61084/codes/selectime/outputs/selectime/chronos2/selections/top_k_1_mix/current_velocity/15T/medium/run_0 launch_id=selena_3584837 slurm_job_id=3584837 launched_at=2026-09-27T18:11:02.082499+00:00
TIME run allocation action=new run=/fslarge/scratch/users/h61084/codes/selectime/outputs/selectime/chronos2/selections/top_k_5_mix/current_velocity/15T/medium/run_0 launch_id=selena_3584837 slurm_job_id=3584837 launched_at=2026-09-27T18:11:02.152230+00:00
TIME run allocation action=new run=/fslarge/scratch/users/h61084/codes/selectime/outputs/selectime/chronos2/selections/top_k_10_mix/current_velocity/15T/medium/run_0 launch_id=selena_3584837 slurm_job_id=3584837 launched_at=2026-09-27T18:11:02.222958+00:00
TIME run allocation action=new run=/fslarge/scratch/users/h61084/codes/selectime/outputs/selectime/chronos2/selections/top_k_15_mix/current_velocity/15T/medium/run_0 launch_id=selena_3584837 slurm_job_id=3584837 launched_at=2026-09-27T18:11:02.292827+00:00
TIME run allocation action=new run=/fslarge/scratch/users/h61084/codes/selectime/outputs/selectime/chronos2/selections/top_k_20_mix/current_velocity/15T/medium/run_0 launch_id=selena_3584837 slurm_job_id=3584837 launched_at=2026-09-27T18:11:02.361754+00:00
TIME run allocation action=new run=/fslarge/scratch/users/h61084/codes/selectime/outputs/selectime/chronos2/selections/scope_selector/current_velocity/15T/long/run_1 launch_id=selena_3584837 slurm_job_id=3584837 launched_at=2026-09-27T18:11:02.450085+00:00
TIME run allocation action=new run=/fslarge/scratch/users/h61084/codes/selectime/outputs/selectime/chronos2/selections/scope_selector_per_variate/current_velocity/15T/long/run_0 launch_id=selena_3584837 slurm_job_id=3584837 launched_at=2026-09-27T18:11:02.518955+00:00
TIME run allocation action=new run=/fslarge/scratch/users/h61084/codes/selectime/outputs/selectime/chronos2/selections/scope_mix/current_velocity/15T/long/run_1 launch_id=selena_3584837 slurm_job_id=3584837 launched_at=2026-09-27T18:11:02.591610+00:00
TIME run allocation action=new run=/fslarge/scratch/users/h61084/codes/selectime/outputs/selectime/chronos2/selections/scope_mix_per_variate/current_velocity/15T/long/run_0 launch_id=selena_3584837 slurm_job_id=3584837 launched_at=2026-09-27T18:11:02.653395+00:00
TIME run allocation action=new run=/fslarge/scratch/users/h61084/codes/selectime/outputs/selectime/chronos2/selections/scope_ridge/current_velocity/15T/long/run_0 launch_id=selena_3584837 slurm_job_id=3584837 launched_at=2026-09-27T18:11:02.715466+00:00
TIME run allocation action=new run=/fslarge/scratch/users/h61084/codes/selectime/outputs/selectime/chronos2/selections/top_k_1_mix/current_velocity/15T/long/run_0 launch_id=selena_3584837 slurm_job_id=3584837 launched_at=2026-09-27T18:11:02.782888+00:00
TIME run allocation action=new run=/fslarge/scratch/users/h61084/codes/selectime/outputs/selectime/chronos2/selections/top_k_5_mix/current_velocity/15T/long/run_0 launch_id=selena_3584837 slurm_job_id=3584837 launched_at=2026-09-27T18:11:02.850613+00:00
TIME run allocation action=new run=/fslarge/scratch/users/h61084/codes/selectime/outputs/selectime/chronos2/selections/top_k_10_mix/current_velocity/15T/long/run_0 launch_id=selena_3584837 slurm_job_id=3584837 launched_at=2026-09-27T18:11:02.917945+00:00
TIME run allocation action=new run=/fslarge/scratch/users/h61084/codes/selectime/outputs/selectime/chronos2/selections/top_k_15_mix/current_velocity/15T/long/run_0 launch_id=selena_3584837 slurm_job_id=3584837 launched_at=2026-09-27T18:11:02.986218+00:00
TIME run allocation action=new run=/fslarge/scratch/users/h61084/codes/selectime/outputs/selectime/chronos2/selections/top_k_20_mix/current_velocity/15T/long/run_0 launch_id=selena_3584837 slurm_job_id=3584837 launched_at=2026-09-27T18:11:03.053384+00:00
TIME run allocation action=new run=/fslarge/scratch/users/h61084/codes/selectime/outputs/selectime/chronos2/selections/scope_selector/current_velocity/H/short/run_1 launch_id=selena_3584837 slurm_job_id=3584837 launched_at=2026-09-27T18:11:03.170903+00:00
TIME run allocation action=new run=/fslarge/scratch/users/h61084/codes/selectime/outputs/selectime/chronos2/selections/scope_selector_per_variate/current_velocity/H/short/run_0 launch_id=selena_3584837 slurm_job_id=3584837 launched_at=2026-09-27T18:11:03.286700+00:00
TIME run allocation action=new run=/fslarge/scratch/users/h61084/codes/selectime/outputs/selectime/chronos2/selections/scope_mix/current_velocity/H/short/run_1 launch_id=selena_3584837 slurm_job_id=3584837 launched_at=2026-09-27T18:11:03.513657+00:00
TIME run allocation action=new run=/fslarge/scratch/users/h61084/codes/selectime/outputs/selectime/chronos2/selections/scope_mix_per_variate/current_velocity/H/short/run_0 launch_id=selena_3584837 slurm_job_id=3584837 launched_at=2026-09-27T18:11:03.616215+00:00
TIME run allocation action=new run=/fslarge/scratch/users/h61084/codes/selectime/outputs/selectime/chronos2/selections/scope_ridge/current_velocity/H/short/run_0 launch_id=selena_3584837 slurm_job_id=3584837 launched_at=2026-09-27T18:11:03.738379+00:00
TIME run allocation action=new run=/fslarge/scratch/users/h61084/codes/selectime/outputs/selectime/chronos2/selections/top_k_1_mix/current_velocity/H/short/run_0 launch_id=selena_3584837 slurm_job_id=3584837 launched_at=2026-09-27T18:11:03.846808+00:00
TIME run allocation action=new run=/fslarge/scratch/users/h61084/codes/selectime/outputs/selectime/chronos2/selections/top_k_5_mix/current_velocity/H/short/run_0 launch_id=selena_3584837 slurm_job_id=3584837 launched_at=2026-09-27T18:11:03.983573+00:00
TIME run allocation action=new run=/fslarge/scratch/users/h61084/codes/selectime/outputs/selectime/chronos2/selections/top_k_10_mix/current_velocity/H/short/run_0 launch_id=selena_3584837 slurm_job_id=3584837 launched_at=2026-09-27T18:11:04.092329+00:00
TIME run allocation action=new run=/fslarge/scratch/users/h61084/codes/selectime/outputs/selectime/chronos2/selections/top_k_15_mix/current_velocity/H/short/run_0 launch_id=selena_3584837 slurm_job_id=3584837 launched_at=2026-09-27T18:11:04.200729+00:00
TIME run allocation action=new run=/fslarge/scratch/users/h61084/codes/selectime/outputs/selectime/chronos2/selections/top_k_20_mix/current_velocity/H/short/run_0 launch_id=selena_3584837 slurm_job_id=3584837 launched_at=2026-09-27T18:11:04.309140+00:00
TIME run allocation action=new run=/fslarge/scratch/users/h61084/codes/selectime/outputs/selectime/chronos2/selections/scope_selector/current_velocity/H/medium/run_1 launch_id=selena_3584837 slurm_job_id=3584837 launched_at=2026-09-27T18:11:04.448881+00:00
TIME run allocation action=new run=/fslarge/scratch/users/h61084/codes/selectime/outputs/selectime/chronos2/selections/scope_selector_per_variate/current_velocity/H/medium/run_0 launch_id=selena_3584837 slurm_job_id=3584837 launched_at=2026-09-27T18:11:04.541965+00:00
TIME run allocation action=new run=/fslarge/scratch/users/h61084/codes/selectime/outputs/selectime/chronos2/selections/scope_mix/current_velocity/H/medium/run_1 launch_id=selena_3584837 slurm_job_id=3584837 launched_at=2026-09-27T18:11:04.667302+00:00
TIME run allocation action=new run=/fslarge/scratch/users/h61084/codes/selectime/outputs/selectime/chronos2/selections/scope_mix_per_variate/current_velocity/H/medium/run_0 launch_id=selena_3584837 slurm_job_id=3584837 launched_at=2026-09-27T18:11:04.751862+00:00
TIME run allocation action=new run=/fslarge/scratch/users/h61084/codes/selectime/outputs/selectime/chronos2/selections/scope_ridge/current_velocity/H/medium/run_0 launch_id=selena_3584837 slurm_job_id=3584837 launched_at=2026-09-27T18:11:04.843959+00:00
TIME run allocation action=new run=/fslarge/scratch/users/h61084/codes/selectime/outputs/selectime/chronos2/selections/top_k_1_mix/current_velocity/H/medium/run_0 launch_id=selena_3584837 slurm_job_id=3584837 launched_at=2026-09-27T18:11:04.934366+00:00
TIME run allocation action=new run=/fslarge/scratch/users/h61084/codes/selectime/outputs/selectime/chronos2/selections/top_k_5_mix/current_velocity/H/medium/run_0 launch_id=selena_3584837 slurm_job_id=3584837 launched_at=2026-09-27T18:11:05.024816+00:00
TIME run allocation action=new run=/fslarge/scratch/users/h61084/codes/selectime/outputs/selectime/chronos2/selections/top_k_10_mix/current_velocity/H/medium/run_0 launch_id=selena_3584837 slurm_job_id=3584837 launched_at=2026-09-27T18:11:05.115166+00:00
TIME run allocation action=new run=/fslarge/scratch/users/h61084/codes/selectime/outputs/selectime/chronos2/selections/top_k_15_mix/current_velocity/H/medium/run_0 launch_id=selena_3584837 slurm_job_id=3584837 launched_at=2026-09-27T18:11:05.205458+00:00
TIME run allocation action=new run=/fslarge/scratch/users/h61084/codes/selectime/outputs/selectime/chronos2/selections/top_k_20_mix/current_velocity/H/medium/run_0 launch_id=selena_3584837 slurm_job_id=3584837 launched_at=2026-09-27T18:11:05.295644+00:00
TIME run allocation action=new run=/fslarge/scratch/users/h61084/codes/selectime/outputs/selectime/chronos2/selections/scope_selector/current_velocity/H/long/run_1 launch_id=selena_3584837 slurm_job_id=3584837 launched_at=2026-09-27T18:11:05.418700+00:00
TIME run allocation action=new run=/fslarge/scratch/users/h61084/codes/selectime/outputs/selectime/chronos2/selections/scope_selector_per_variate/current_velocity/H/long/run_0 launch_id=selena_3584837 slurm_job_id=3584837 launched_at=2026-09-27T18:11:05.510242+00:00
TIME run allocation action=new run=/fslarge/scratch/users/h61084/codes/selectime/outputs/selectime/chronos2/selections/scope_mix/current_velocity/H/long/run_1 launch_id=selena_3584837 slurm_job_id=3584837 launched_at=2026-09-27T18:11:05.620218+00:00
TIME run allocation action=new run=/fslarge/scratch/users/h61084/codes/selectime/outputs/selectime/chronos2/selections/scope_mix_per_variate/current_velocity/H/long/run_0 launch_id=selena_3584837 slurm_job_id=3584837 launched_at=2026-09-27T18:11:05.702478+00:00
TIME run allocation action=new run=/fslarge/scratch/users/h61084/codes/selectime/outputs/selectime/chronos2/selections/scope_ridge/current_velocity/H/long/run_0 launch_id=selena_3584837 slurm_job_id=3584837 launched_at=2026-09-27T18:11:05.792015+00:00
TIME run allocation action=new run=/fslarge/scratch/users/h61084/codes/selectime/outputs/selectime/chronos2/selections/top_k_1_mix/current_velocity/H/long/run_0 launch_id=selena_3584837 slurm_job_id=3584837 launched_at=2026-09-27T18:11:05.881324+00:00
TIME run allocation action=new run=/fslarge/scratch/users/h61084/codes/selectime/outputs/selectime/chronos2/selections/top_k_5_mix/current_velocity/H/long/run_0 launch_id=selena_3584837 slurm_job_id=3584837 launched_at=2026-09-27T18:11:05.970861+00:00
TIME run allocation action=new run=/fslarge/scratch/users/h61084/codes/selectime/outputs/selectime/chronos2/selections/top_k_10_mix/current_velocity/H/long/run_0 launch_id=selena_3584837 slurm_job_id=3584837 launched_at=2026-09-27T18:11:06.060049+00:00
TIME run allocation action=new run=/fslarge/scratch/users/h61084/codes/selectime/outputs/selectime/chronos2/selections/top_k_15_mix/current_velocity/H/long/run_0 launch_id=selena_3584837 slurm_job_id=3584837 launched_at=2026-09-27T18:11:06.149194+00:00
TIME run allocation action=new run=/fslarge/scratch/users/h61084/codes/selectime/outputs/selectime/chronos2/selections/top_k_20_mix/current_velocity/H/long/run_0 launch_id=selena_3584837 slurm_job_id=3584837 launched_at=2026-09-27T18:11:06.238516+00:00
TIME run allocation action=new run=/fslarge/scratch/users/h61084/codes/selectime/outputs/selectime/chronos2/selections/scope_selector/CPHL/15T/short/run_1 launch_id=selena_3584837 slurm_job_id=3584837 launched_at=2026-09-27T18:11:06.334732+00:00
TIME run allocation action=new run=/fslarge/scratch/users/h61084/codes/selectime/outputs/selectime/chronos2/selections/scope_selector_per_variate/CPHL/15T/short/run_0 launch_id=selena_3584837 slurm_job_id=3584837 launched_at=2026-09-27T18:11:06.382624+00:00
TIME run allocation action=new run=/fslarge/scratch/users/h61084/codes/selectime/outputs/selectime/chronos2/selections/scope_mix/CPHL/15T/short/run_1 launch_id=selena_3584837 slurm_job_id=3584837 launched_at=2026-09-27T18:11:06.424234+00:00
TIME run allocation action=new run=/fslarge/scratch/users/h61084/codes/selectime/outputs/selectime/chronos2/selections/scope_mix_per_variate/CPHL/15T/short/run_0 launch_id=selena_3584837 slurm_job_id=3584837 launched_at=2026-09-27T18:11:06.460755+00:00
TIME run allocation action=new run=/fslarge/scratch/users/h61084/codes/selectime/outputs/selectime/chronos2/selections/scope_ridge/CPHL/15T/short/run_0 launch_id=selena_3584837 slurm_job_id=3584837 launched_at=2026-09-27T18:11:06.496426+00:00
TIME run allocation action=new run=/fslarge/scratch/users/h61084/codes/selectime/outputs/selectime/chronos2/selections/top_k_1_mix/CPHL/15T/short/run_0 launch_id=selena_3584837 slurm_job_id=3584837 launched_at=2026-09-27T18:11:06.539359+00:00
TIME run allocation action=new run=/fslarge/scratch/users/h61084/codes/selectime/outputs/selectime/chronos2/selections/top_k_5_mix/CPHL/15T/short/run_0 launch_id=selena_3584837 slurm_job_id=3584837 launched_at=2026-09-27T18:11:06.581468+00:00
TIME run allocation action=new run=/fslarge/scratch/users/h61084/codes/selectime/outputs/selectime/chronos2/selections/top_k_10_mix/CPHL/15T/short/run_0 launch_id=selena_3584837 slurm_job_id=3584837 launched_at=2026-09-27T18:11:06.623866+00:00
TIME run allocation action=new run=/fslarge/scratch/users/h61084/codes/selectime/outputs/selectime/chronos2/selections/top_k_15_mix/CPHL/15T/short/run_0 launch_id=selena_3584837 slurm_job_id=3584837 launched_at=2026-09-27T18:11:06.666055+00:00
TIME run allocation action=new run=/fslarge/scratch/users/h61084/codes/selectime/outputs/selectime/chronos2/selections/top_k_20_mix/CPHL/15T/short/run_0 launch_id=selena_3584837 slurm_job_id=3584837 launched_at=2026-09-27T18:11:06.707765+00:00
TIME run allocation action=new run=/fslarge/scratch/users/h61084/codes/selectime/outputs/selectime/chronos2/selections/scope_selector/CPHL/15T/medium/run_1 launch_id=selena_3584837 slurm_job_id=3584837 launched_at=2026-09-27T18:11:06.753912+00:00
TIME run allocation action=new run=/fslarge/scratch/users/h61084/codes/selectime/outputs/selectime/chronos2/selections/scope_selector_per_variate/CPHL/15T/medium/run_0 launch_id=selena_3584837 slurm_job_id=3584837 launched_at=2026-09-27T18:11:06.797588+00:00
TIME run allocation action=new run=/fslarge/scratch/users/h61084/codes/selectime/outputs/selectime/chronos2/selections/scope_mix/CPHL/15T/medium/run_1 launch_id=selena_3584837 slurm_job_id=3584837 launched_at=2026-09-27T18:11:06.839406+00:00
TIME run allocation action=new run=/fslarge/scratch/users/h61084/codes/selectime/outputs/selectime/chronos2/selections/scope_mix_per_variate/CPHL/15T/medium/run_0 launch_id=selena_3584837 slurm_job_id=3584837 launched_at=2026-09-27T18:11:06.875096+00:00
TIME run allocation action=new run=/fslarge/scratch/users/h61084/codes/selectime/outputs/selectime/chronos2/selections/scope_ridge/CPHL/15T/medium/run_0 launch_id=selena_3584837 slurm_job_id=3584837 launched_at=2026-09-27T18:11:06.909061+00:00
TIME run allocation action=new run=/fslarge/scratch/users/h61084/codes/selectime/outputs/selectime/chronos2/selections/top_k_1_mix/CPHL/15T/medium/run_0 launch_id=selena_3584837 slurm_job_id=3584837 launched_at=2026-09-27T18:11:06.950992+00:00
TIME run allocation action=new run=/fslarge/scratch/users/h61084/codes/selectime/outputs/selectime/chronos2/selections/top_k_5_mix/CPHL/15T/medium/run_0 launch_id=selena_3584837 slurm_job_id=3584837 launched_at=2026-09-27T18:11:06.992167+00:00
TIME run allocation action=new run=/fslarge/scratch/users/h61084/codes/selectime/outputs/selectime/chronos2/selections/top_k_10_mix/CPHL/15T/medium/run_0 launch_id=selena_3584837 slurm_job_id=3584837 launched_at=2026-09-27T18:11:07.035106+00:00
TIME run allocation action=new run=/fslarge/scratch/users/h61084/codes/selectime/outputs/selectime/chronos2/selections/top_k_15_mix/CPHL/15T/medium/run_0 launch_id=selena_3584837 slurm_job_id=3584837 launched_at=2026-09-27T18:11:07.076163+00:00
TIME run allocation action=new run=/fslarge/scratch/users/h61084/codes/selectime/outputs/selectime/chronos2/selections/top_k_20_mix/CPHL/15T/medium/run_0 launch_id=selena_3584837 slurm_job_id=3584837 launched_at=2026-09-27T18:11:07.116997+00:00
TIME run allocation action=new run=/fslarge/scratch/users/h61084/codes/selectime/outputs/selectime/chronos2/selections/scope_selector/CPHL/15T/long/run_1 launch_id=selena_3584837 slurm_job_id=3584837 launched_at=2026-09-27T18:11:07.162682+00:00
TIME run allocation action=new run=/fslarge/scratch/users/h61084/codes/selectime/outputs/selectime/chronos2/selections/scope_selector_per_variate/CPHL/15T/long/run_0 launch_id=selena_3584837 slurm_job_id=3584837 launched_at=2026-09-27T18:11:07.204893+00:00
TIME run allocation action=new run=/fslarge/scratch/users/h61084/codes/selectime/outputs/selectime/chronos2/selections/scope_mix/CPHL/15T/long/run_1 launch_id=selena_3584837 slurm_job_id=3584837 launched_at=2026-09-27T18:11:07.241321+00:00
TIME run allocation action=new run=/fslarge/scratch/users/h61084/codes/selectime/outputs/selectime/chronos2/selections/scope_mix_per_variate/CPHL/15T/long/run_0 launch_id=selena_3584837 slurm_job_id=3584837 launched_at=2026-09-27T18:11:07.276008+00:00
TIME run allocation action=new run=/fslarge/scratch/users/h61084/codes/selectime/outputs/selectime/chronos2/selections/scope_ridge/CPHL/15T/long/run_0 launch_id=selena_3584837 slurm_job_id=3584837 launched_at=2026-09-27T18:11:07.308922+00:00
TIME run allocation action=new run=/fslarge/scratch/users/h61084/codes/selectime/outputs/selectime/chronos2/selections/top_k_1_mix/CPHL/15T/long/run_0 launch_id=selena_3584837 slurm_job_id=3584837 launched_at=2026-09-27T18:11:07.349927+00:00
TIME run allocation action=new run=/fslarge/scratch/users/h61084/codes/selectime/outputs/selectime/chronos2/selections/top_k_5_mix/CPHL/15T/long/run_0 launch_id=selena_3584837 slurm_job_id=3584837 launched_at=2026-09-27T18:11:07.390217+00:00
TIME run allocation action=new run=/fslarge/scratch/users/h61084/codes/selectime/outputs/selectime/chronos2/selections/top_k_10_mix/CPHL/15T/long/run_0 launch_id=selena_3584837 slurm_job_id=3584837 launched_at=2026-09-27T18:11:07.433778+00:00
TIME run allocation action=new run=/fslarge/scratch/users/h61084/codes/selectime/outputs/selectime/chronos2/selections/top_k_15_mix/CPHL/15T/long/run_0 launch_id=selena_3584837 slurm_job_id=3584837 launched_at=2026-09-27T18:11:07.474749+00:00
TIME run allocation action=new run=/fslarge/scratch/users/h61084/codes/selectime/outputs/selectime/chronos2/selections/top_k_20_mix/CPHL/15T/long/run_0 launch_id=selena_3584837 slurm_job_id=3584837 launched_at=2026-09-27T18:11:07.515710+00:00
TIME run allocation action=new run=/fslarge/scratch/users/h61084/codes/selectime/outputs/selectime/chronos2/selections/scope_selector/CPHL/30T/short/run_1 launch_id=selena_3584837 slurm_job_id=3584837 launched_at=2026-09-27T18:11:07.566363+00:00
TIME run allocation action=new run=/fslarge/scratch/users/h61084/codes/selectime/outputs/selectime/chronos2/selections/scope_selector_per_variate/CPHL/30T/short/run_0 launch_id=selena_3584837 slurm_job_id=3584837 launched_at=2026-09-27T18:11:07.614192+00:00
TIME run allocation action=new run=/fslarge/scratch/users/h61084/codes/selectime/outputs/selectime/chronos2/selections/scope_mix/CPHL/30T/short/run_1 launch_id=selena_3584837 slurm_job_id=3584837 launched_at=2026-09-27T18:11:07.655790+00:00
TIME run allocation action=new run=/fslarge/scratch/users/h61084/codes/selectime/outputs/selectime/chronos2/selections/scope_mix_per_variate/CPHL/30T/short/run_0 launch_id=selena_3584837 slurm_job_id=3584837 launched_at=2026-09-27T18:11:07.692004+00:00
TIME run allocation action=new run=/fslarge/scratch/users/h61084/codes/selectime/outputs/selectime/chronos2/selections/scope_ridge/CPHL/30T/short/run_0 launch_id=selena_3584837 slurm_job_id=3584837 launched_at=2026-09-27T18:11:07.727113+00:00
TIME run allocation action=new run=/fslarge/scratch/users/h61084/codes/selectime/outputs/selectime/chronos2/selections/top_k_1_mix/CPHL/30T/short/run_0 launch_id=selena_3584837 slurm_job_id=3584837 launched_at=2026-09-27T18:11:07.769348+00:00
TIME run allocation action=new run=/fslarge/scratch/users/h61084/codes/selectime/outputs/selectime/chronos2/selections/top_k_5_mix/CPHL/30T/short/run_0 launch_id=selena_3584837 slurm_job_id=3584837 launched_at=2026-09-27T18:11:07.811122+00:00
TIME run allocation action=new run=/fslarge/scratch/users/h61084/codes/selectime/outputs/selectime/chronos2/selections/top_k_10_mix/CPHL/30T/short/run_0 launch_id=selena_3584837 slurm_job_id=3584837 launched_at=2026-09-27T18:11:07.853343+00:00
TIME run allocation action=new run=/fslarge/scratch/users/h61084/codes/selectime/outputs/selectime/chronos2/selections/top_k_15_mix/CPHL/30T/short/run_0 launch_id=selena_3584837 slurm_job_id=3584837 launched_at=2026-09-27T18:11:07.894928+00:00
TIME run allocation action=new run=/fslarge/scratch/users/h61084/codes/selectime/outputs/selectime/chronos2/selections/top_k_20_mix/CPHL/30T/short/run_0 launch_id=selena_3584837 slurm_job_id=3584837 launched_at=2026-09-27T18:11:07.936570+00:00
TIME run allocation action=new run=/fslarge/scratch/users/h61084/codes/selectime/outputs/selectime/chronos2/selections/scope_selector/CPHL/30T/medium/run_1 launch_id=selena_3584837 slurm_job_id=3584837 launched_at=2026-09-27T18:11:07.982517+00:00
TIME run allocation action=new run=/fslarge/scratch/users/h61084/codes/selectime/outputs/selectime/chronos2/selections/scope_selector_per_variate/CPHL/30T/medium/run_0 launch_id=selena_3584837 slurm_job_id=3584837 launched_at=2026-09-27T18:11:08.028861+00:00
TIME run allocation action=new run=/fslarge/scratch/users/h61084/codes/selectime/outputs/selectime/chronos2/selections/scope_mix/CPHL/30T/medium/run_1 launch_id=selena_3584837 slurm_job_id=3584837 launched_at=2026-09-27T18:11:08.066630+00:00
TIME run allocation action=new run=/fslarge/scratch/users/h61084/codes/selectime/outputs/selectime/chronos2/selections/scope_mix_per_variate/CPHL/30T/medium/run_0 launch_id=selena_3584837 slurm_job_id=3584837 launched_at=2026-09-27T18:11:08.102126+00:00
TIME run allocation action=new run=/fslarge/scratch/users/h61084/codes/selectime/outputs/selectime/chronos2/selections/scope_ridge/CPHL/30T/medium/run_0 launch_id=selena_3584837 slurm_job_id=3584837 launched_at=2026-09-27T18:11:08.136299+00:00
TIME run allocation action=new run=/fslarge/scratch/users/h61084/codes/selectime/outputs/selectime/chronos2/selections/top_k_1_mix/CPHL/30T/medium/run_0 launch_id=selena_3584837 slurm_job_id=3584837 launched_at=2026-09-27T18:11:08.177372+00:00
TIME run allocation action=new run=/fslarge/scratch/users/h61084/codes/selectime/outputs/selectime/chronos2/selections/top_k_5_mix/CPHL/30T/medium/run_0 launch_id=selena_3584837 slurm_job_id=3584837 launched_at=2026-09-27T18:11:08.218282+00:00
TIME run allocation action=new run=/fslarge/scratch/users/h61084/codes/selectime/outputs/selectime/chronos2/selections/top_k_10_mix/CPHL/30T/medium/run_0 launch_id=selena_3584837 slurm_job_id=3584837 launched_at=2026-09-27T18:11:08.258917+00:00
TIME run allocation action=new run=/fslarge/scratch/users/h61084/codes/selectime/outputs/selectime/chronos2/selections/top_k_15_mix/CPHL/30T/medium/run_0 launch_id=selena_3584837 slurm_job_id=3584837 launched_at=2026-09-27T18:11:08.299483+00:00
TIME run allocation action=new run=/fslarge/scratch/users/h61084/codes/selectime/outputs/selectime/chronos2/selections/top_k_20_mix/CPHL/30T/medium/run_0 launch_id=selena_3584837 slurm_job_id=3584837 launched_at=2026-09-27T18:11:08.339985+00:00
TIME run allocation action=new run=/fslarge/scratch/users/h61084/codes/selectime/outputs/selectime/chronos2/selections/scope_selector/CPHL/30T/long/run_1 launch_id=selena_3584837 slurm_job_id=3584837 launched_at=2026-09-27T18:11:08.384765+00:00
TIME run allocation action=new run=/fslarge/scratch/users/h61084/codes/selectime/outputs/selectime/chronos2/selections/scope_selector_per_variate/CPHL/30T/long/run_0 launch_id=selena_3584837 slurm_job_id=3584837 launched_at=2026-09-27T18:11:08.427587+00:00
TIME run allocation action=new run=/fslarge/scratch/users/h61084/codes/selectime/outputs/selectime/chronos2/selections/scope_mix/CPHL/30T/long/run_1 launch_id=selena_3584837 slurm_job_id=3584837 launched_at=2026-09-27T18:11:08.464501+00:00
TIME run allocation action=new run=/fslarge/scratch/users/h61084/codes/selectime/outputs/selectime/chronos2/selections/scope_mix_per_variate/CPHL/30T/long/run_0 launch_id=selena_3584837 slurm_job_id=3584837 launched_at=2026-09-27T18:11:08.499592+00:00
TIME run allocation action=new run=/fslarge/scratch/users/h61084/codes/selectime/outputs/selectime/chronos2/selections/scope_ridge/CPHL/30T/long/run_0 launch_id=selena_3584837 slurm_job_id=3584837 launched_at=2026-09-27T18:11:08.532716+00:00
TIME run allocation action=new run=/fslarge/scratch/users/h61084/codes/selectime/outputs/selectime/chronos2/selections/top_k_1_mix/CPHL/30T/long/run_0 launch_id=selena_3584837 slurm_job_id=3584837 launched_at=2026-09-27T18:11:08.573374+00:00
TIME run allocation action=new run=/fslarge/scratch/users/h61084/codes/selectime/outputs/selectime/chronos2/selections/top_k_5_mix/CPHL/30T/long/run_0 launch_id=selena_3584837 slurm_job_id=3584837 launched_at=2026-09-27T18:11:08.614407+00:00
TIME run allocation action=new run=/fslarge/scratch/users/h61084/codes/selectime/outputs/selectime/chronos2/selections/top_k_10_mix/CPHL/30T/long/run_0 launch_id=selena_3584837 slurm_job_id=3584837 launched_at=2026-09-27T18:11:08.655290+00:00
TIME run allocation action=new run=/fslarge/scratch/users/h61084/codes/selectime/outputs/selectime/chronos2/selections/top_k_15_mix/CPHL/30T/long/run_0 launch_id=selena_3584837 slurm_job_id=3584837 launched_at=2026-09-27T18:11:08.695681+00:00
TIME run allocation action=new run=/fslarge/scratch/users/h61084/codes/selectime/outputs/selectime/chronos2/selections/top_k_20_mix/CPHL/30T/long/run_0 launch_id=selena_3584837 slurm_job_id=3584837 launched_at=2026-09-27T18:11:08.736767+00:00
TIME run allocation action=new run=/fslarge/scratch/users/h61084/codes/selectime/outputs/selectime/chronos2/selections/scope_selector/CPHL/H/short/run_1 launch_id=selena_3584837 slurm_job_id=3584837 launched_at=2026-09-27T18:11:08.784318+00:00
TIME run allocation action=new run=/fslarge/scratch/users/h61084/codes/selectime/outputs/selectime/chronos2/selections/scope_selector_per_variate/CPHL/H/short/run_0 launch_id=selena_3584837 slurm_job_id=3584837 launched_at=2026-09-27T18:11:08.830186+00:00
TIME run allocation action=new run=/fslarge/scratch/users/h61084/codes/selectime/outputs/selectime/chronos2/selections/scope_mix/CPHL/H/short/run_1 launch_id=selena_3584837 slurm_job_id=3584837 launched_at=2026-09-27T18:11:08.873160+00:00
TIME run allocation action=new run=/fslarge/scratch/users/h61084/codes/selectime/outputs/selectime/chronos2/selections/scope_mix_per_variate/CPHL/H/short/run_0 launch_id=selena_3584837 slurm_job_id=3584837 launched_at=2026-09-27T18:11:08.911748+00:00
TIME run allocation action=new run=/fslarge/scratch/users/h61084/codes/selectime/outputs/selectime/chronos2/selections/scope_ridge/CPHL/H/short/run_0 launch_id=selena_3584837 slurm_job_id=3584837 launched_at=2026-09-27T18:11:08.948682+00:00
TIME run allocation action=new run=/fslarge/scratch/users/h61084/codes/selectime/outputs/selectime/chronos2/selections/top_k_1_mix/CPHL/H/short/run_0 launch_id=selena_3584837 slurm_job_id=3584837 launched_at=2026-09-27T18:11:08.992710+00:00
TIME run allocation action=new run=/fslarge/scratch/users/h61084/codes/selectime/outputs/selectime/chronos2/selections/top_k_5_mix/CPHL/H/short/run_0 launch_id=selena_3584837 slurm_job_id=3584837 launched_at=2026-09-27T18:11:09.036676+00:00
TIME run allocation action=new run=/fslarge/scratch/users/h61084/codes/selectime/outputs/selectime/chronos2/selections/top_k_10_mix/CPHL/H/short/run_0 launch_id=selena_3584837 slurm_job_id=3584837 launched_at=2026-09-27T18:11:09.080487+00:00
TIME run allocation action=new run=/fslarge/scratch/users/h61084/codes/selectime/outputs/selectime/chronos2/selections/top_k_15_mix/CPHL/H/short/run_0 launch_id=selena_3584837 slurm_job_id=3584837 launched_at=2026-09-27T18:11:09.125399+00:00
TIME run allocation action=new run=/fslarge/scratch/users/h61084/codes/selectime/outputs/selectime/chronos2/selections/top_k_20_mix/CPHL/H/short/run_0 launch_id=selena_3584837 slurm_job_id=3584837 launched_at=2026-09-27T18:11:09.169617+00:00
TIME run allocation action=new run=/fslarge/scratch/users/h61084/codes/selectime/outputs/selectime/chronos2/selections/scope_selector/CPHL/H/medium/run_1 launch_id=selena_3584837 slurm_job_id=3584837 launched_at=2026-09-27T18:11:09.216756+00:00
TIME run allocation action=new run=/fslarge/scratch/users/h61084/codes/selectime/outputs/selectime/chronos2/selections/scope_selector_per_variate/CPHL/H/medium/run_0 launch_id=selena_3584837 slurm_job_id=3584837 launched_at=2026-09-27T18:11:09.260427+00:00
TIME run allocation action=new run=/fslarge/scratch/users/h61084/codes/selectime/outputs/selectime/chronos2/selections/scope_mix/CPHL/H/medium/run_1 launch_id=selena_3584837 slurm_job_id=3584837 launched_at=2026-09-27T18:11:09.300533+00:00
TIME run allocation action=new run=/fslarge/scratch/users/h61084/codes/selectime/outputs/selectime/chronos2/selections/scope_mix_per_variate/CPHL/H/medium/run_0 launch_id=selena_3584837 slurm_job_id=3584837 launched_at=2026-09-27T18:11:09.338599+00:00
TIME run allocation action=new run=/fslarge/scratch/users/h61084/codes/selectime/outputs/selectime/chronos2/selections/scope_ridge/CPHL/H/medium/run_0 launch_id=selena_3584837 slurm_job_id=3584837 launched_at=2026-09-27T18:11:09.374953+00:00
TIME run allocation action=new run=/fslarge/scratch/users/h61084/codes/selectime/outputs/selectime/chronos2/selections/top_k_1_mix/CPHL/H/medium/run_0 launch_id=selena_3584837 slurm_job_id=3584837 launched_at=2026-09-27T18:11:09.418923+00:00
TIME run allocation action=new run=/fslarge/scratch/users/h61084/codes/selectime/outputs/selectime/chronos2/selections/top_k_5_mix/CPHL/H/medium/run_0 launch_id=selena_3584837 slurm_job_id=3584837 launched_at=2026-09-27T18:11:09.462173+00:00
TIME run allocation action=new run=/fslarge/scratch/users/h61084/codes/selectime/outputs/selectime/chronos2/selections/top_k_10_mix/CPHL/H/medium/run_0 launch_id=selena_3584837 slurm_job_id=3584837 launched_at=2026-09-27T18:11:09.505671+00:00
TIME run allocation action=new run=/fslarge/scratch/users/h61084/codes/selectime/outputs/selectime/chronos2/selections/top_k_15_mix/CPHL/H/medium/run_0 launch_id=selena_3584837 slurm_job_id=3584837 launched_at=2026-09-27T18:11:09.548649+00:00
TIME run allocation action=new run=/fslarge/scratch/users/h61084/codes/selectime/outputs/selectime/chronos2/selections/top_k_20_mix/CPHL/H/medium/run_0 launch_id=selena_3584837 slurm_job_id=3584837 launched_at=2026-09-27T18:11:09.591982+00:00
TIME run allocation action=new run=/fslarge/scratch/users/h61084/codes/selectime/outputs/selectime/chronos2/selections/scope_selector/CPHL/H/long/run_1 launch_id=selena_3584837 slurm_job_id=3584837 launched_at=2026-09-27T18:11:09.638860+00:00
TIME run allocation action=new run=/fslarge/scratch/users/h61084/codes/selectime/outputs/selectime/chronos2/selections/scope_selector_per_variate/CPHL/H/long/run_0 launch_id=selena_3584837 slurm_job_id=3584837 launched_at=2026-09-27T18:11:09.681956+00:00
TIME run allocation action=new run=/fslarge/scratch/users/h61084/codes/selectime/outputs/selectime/chronos2/selections/scope_mix/CPHL/H/long/run_1 launch_id=selena_3584837 slurm_job_id=3584837 launched_at=2026-09-27T18:11:09.721789+00:00
TIME run allocation action=new run=/fslarge/scratch/users/h61084/codes/selectime/outputs/selectime/chronos2/selections/scope_mix_per_variate/CPHL/H/long/run_0 launch_id=selena_3584837 slurm_job_id=3584837 launched_at=2026-09-27T18:11:09.760004+00:00
TIME run allocation action=new run=/fslarge/scratch/users/h61084/codes/selectime/outputs/selectime/chronos2/selections/scope_ridge/CPHL/H/long/run_0 launch_id=selena_3584837 slurm_job_id=3584837 launched_at=2026-09-27T18:11:09.796880+00:00
TIME run allocation action=new run=/fslarge/scratch/users/h61084/codes/selectime/outputs/selectime/chronos2/selections/top_k_1_mix/CPHL/H/long/run_0 launch_id=selena_3584837 slurm_job_id=3584837 launched_at=2026-09-27T18:11:09.841354+00:00
TIME run allocation action=new run=/fslarge/scratch/users/h61084/codes/selectime/outputs/selectime/chronos2/selections/top_k_5_mix/CPHL/H/long/run_0 launch_id=selena_3584837 slurm_job_id=3584837 launched_at=2026-09-27T18:11:09.884296+00:00
TIME run allocation action=new run=/fslarge/scratch/users/h61084/codes/selectime/outputs/selectime/chronos2/selections/top_k_10_mix/CPHL/H/long/run_0 launch_id=selena_3584837 slurm_job_id=3584837 launched_at=2026-09-27T18:11:09.927289+00:00
TIME run allocation action=new run=/fslarge/scratch/users/h61084/codes/selectime/outputs/selectime/chronos2/selections/top_k_15_mix/CPHL/H/long/run_0 launch_id=selena_3584837 slurm_job_id=3584837 launched_at=2026-09-27T18:11:09.970903+00:00
TIME run allocation action=new run=/fslarge/scratch/users/h61084/codes/selectime/outputs/selectime/chronos2/selections/top_k_20_mix/CPHL/H/long/run_0 launch_id=selena_3584837 slurm_job_id=3584837 launched_at=2026-09-27T18:11:10.014625+00:00
TIME run allocation action=new run=/fslarge/scratch/users/h61084/codes/selectime/outputs/selectime/chronos2/selections/scope_selector/Coastal_T_S/15T/short/run_1 launch_id=selena_3584837 slurm_job_id=3584837 launched_at=2026-09-27T18:11:10.092467+00:00
TIME run allocation action=new run=/fslarge/scratch/users/h61084/codes/selectime/outputs/selectime/chronos2/selections/scope_selector_per_variate/Coastal_T_S/15T/short/run_0 launch_id=selena_3584837 slurm_job_id=3584837 launched_at=2026-09-27T18:11:10.179195+00:00
TIME run allocation action=new run=/fslarge/scratch/users/h61084/codes/selectime/outputs/selectime/chronos2/selections/scope_mix/Coastal_T_S/15T/short/run_1 launch_id=selena_3584837 slurm_job_id=3584837 launched_at=2026-09-27T18:11:10.292598+00:00
TIME run allocation action=new run=/fslarge/scratch/users/h61084/codes/selectime/outputs/selectime/chronos2/selections/scope_mix_per_variate/Coastal_T_S/15T/short/run_0 launch_id=selena_3584837 slurm_job_id=3584837 launched_at=2026-09-27T18:11:10.369187+00:00
TIME run allocation action=new run=/fslarge/scratch/users/h61084/codes/selectime/outputs/selectime/chronos2/selections/scope_ridge/Coastal_T_S/15T/short/run_0 launch_id=selena_3584837 slurm_job_id=3584837 launched_at=2026-09-27T18:11:10.446993+00:00
TIME run allocation action=new run=/fslarge/scratch/users/h61084/codes/selectime/outputs/selectime/chronos2/selections/top_k_1_mix/Coastal_T_S/15T/short/run_0 launch_id=selena_3584837 slurm_job_id=3584837 launched_at=2026-09-27T18:11:10.529577+00:00
TIME run allocation action=new run=/fslarge/scratch/users/h61084/codes/selectime/outputs/selectime/chronos2/selections/top_k_5_mix/Coastal_T_S/15T/short/run_0 launch_id=selena_3584837 slurm_job_id=3584837 launched_at=2026-09-27T18:11:10.611342+00:00
TIME run allocation action=new run=/fslarge/scratch/users/h61084/codes/selectime/outputs/selectime/chronos2/selections/top_k_10_mix/Coastal_T_S/15T/short/run_0 launch_id=selena_3584837 slurm_job_id=3584837 launched_at=2026-09-27T18:11:10.693351+00:00
TIME run allocation action=new run=/fslarge/scratch/users/h61084/codes/selectime/outputs/selectime/chronos2/selections/top_k_15_mix/Coastal_T_S/15T/short/run_0 launch_id=selena_3584837 slurm_job_id=3584837 launched_at=2026-09-27T18:11:10.775805+00:00
TIME run allocation action=new run=/fslarge/scratch/users/h61084/codes/selectime/outputs/selectime/chronos2/selections/top_k_20_mix/Coastal_T_S/15T/short/run_0 launch_id=selena_3584837 slurm_job_id=3584837 launched_at=2026-09-27T18:11:10.858688+00:00
TIME run allocation action=new run=/fslarge/scratch/users/h61084/codes/selectime/outputs/selectime/chronos2/selections/scope_selector/Coastal_T_S/15T/medium/run_1 launch_id=selena_3584837 slurm_job_id=3584837 launched_at=2026-09-27T18:11:10.962681+00:00
TIME run allocation action=new run=/fslarge/scratch/users/h61084/codes/selectime/outputs/selectime/chronos2/selections/scope_selector_per_variate/Coastal_T_S/15T/medium/run_0 launch_id=selena_3584837 slurm_job_id=3584837 launched_at=2026-09-27T18:11:11.036647+00:00
TIME run allocation action=new run=/fslarge/scratch/users/h61084/codes/selectime/outputs/selectime/chronos2/selections/scope_mix/Coastal_T_S/15T/medium/run_1 launch_id=selena_3584837 slurm_job_id=3584837 launched_at=2026-09-27T18:11:11.115317+00:00
TIME run allocation action=new run=/fslarge/scratch/users/h61084/codes/selectime/outputs/selectime/chronos2/selections/scope_mix_per_variate/Coastal_T_S/15T/medium/run_0 launch_id=selena_3584837 slurm_job_id=3584837 launched_at=2026-09-27T18:11:11.182818+00:00
TIME run allocation action=new run=/fslarge/scratch/users/h61084/codes/selectime/outputs/selectime/chronos2/selections/scope_ridge/Coastal_T_S/15T/medium/run_0 launch_id=selena_3584837 slurm_job_id=3584837 launched_at=2026-09-27T18:11:11.249029+00:00
TIME run allocation action=new run=/fslarge/scratch/users/h61084/codes/selectime/outputs/selectime/chronos2/selections/top_k_1_mix/Coastal_T_S/15T/medium/run_0 launch_id=selena_3584837 slurm_job_id=3584837 launched_at=2026-09-27T18:11:11.322370+00:00
TIME run allocation action=new run=/fslarge/scratch/users/h61084/codes/selectime/outputs/selectime/chronos2/selections/top_k_5_mix/Coastal_T_S/15T/medium/run_0 launch_id=selena_3584837 slurm_job_id=3584837 launched_at=2026-09-27T18:11:11.395386+00:00
TIME run allocation action=new run=/fslarge/scratch/users/h61084/codes/selectime/outputs/selectime/chronos2/selections/top_k_10_mix/Coastal_T_S/15T/medium/run_0 launch_id=selena_3584837 slurm_job_id=3584837 launched_at=2026-09-27T18:11:11.469717+00:00
TIME run allocation action=new run=/fslarge/scratch/users/h61084/codes/selectime/outputs/selectime/chronos2/selections/top_k_15_mix/Coastal_T_S/15T/medium/run_0 launch_id=selena_3584837 slurm_job_id=3584837 launched_at=2026-09-27T18:11:11.543128+00:00
TIME run allocation action=new run=/fslarge/scratch/users/h61084/codes/selectime/outputs/selectime/chronos2/selections/top_k_20_mix/Coastal_T_S/15T/medium/run_0 launch_id=selena_3584837 slurm_job_id=3584837 launched_at=2026-09-27T18:11:11.616126+00:00
TIME run allocation action=new run=/fslarge/scratch/users/h61084/codes/selectime/outputs/selectime/chronos2/selections/scope_selector/Coastal_T_S/15T/long/run_1 launch_id=selena_3584837 slurm_job_id=3584837 launched_at=2026-09-27T18:11:11.711768+00:00
TIME run allocation action=new run=/fslarge/scratch/users/h61084/codes/selectime/outputs/selectime/chronos2/selections/scope_selector_per_variate/Coastal_T_S/15T/long/run_0 launch_id=selena_3584837 slurm_job_id=3584837 launched_at=2026-09-27T18:11:11.785331+00:00
TIME run allocation action=new run=/fslarge/scratch/users/h61084/codes/selectime/outputs/selectime/chronos2/selections/scope_mix/Coastal_T_S/15T/long/run_1 launch_id=selena_3584837 slurm_job_id=3584837 launched_at=2026-09-27T18:11:11.857783+00:00
TIME run allocation action=new run=/fslarge/scratch/users/h61084/codes/selectime/outputs/selectime/chronos2/selections/scope_mix_per_variate/Coastal_T_S/15T/long/run_0 launch_id=selena_3584837 slurm_job_id=3584837 launched_at=2026-09-27T18:11:11.923943+00:00
TIME run allocation action=new run=/fslarge/scratch/users/h61084/codes/selectime/outputs/selectime/chronos2/selections/scope_ridge/Coastal_T_S/15T/long/run_0 launch_id=selena_3584837 slurm_job_id=3584837 launched_at=2026-09-27T18:11:11.989535+00:00
TIME run allocation action=new run=/fslarge/scratch/users/h61084/codes/selectime/outputs/selectime/chronos2/selections/top_k_1_mix/Coastal_T_S/15T/long/run_0 launch_id=selena_3584837 slurm_job_id=3584837 launched_at=2026-09-27T18:11:12.061266+00:00
TIME run allocation action=new run=/fslarge/scratch/users/h61084/codes/selectime/outputs/selectime/chronos2/selections/top_k_5_mix/Coastal_T_S/15T/long/run_0 launch_id=selena_3584837 slurm_job_id=3584837 launched_at=2026-09-27T18:11:12.133444+00:00
TIME run allocation action=new run=/fslarge/scratch/users/h61084/codes/selectime/outputs/selectime/chronos2/selections/top_k_10_mix/Coastal_T_S/15T/long/run_0 launch_id=selena_3584837 slurm_job_id=3584837 launched_at=2026-09-27T18:11:12.205567+00:00
TIME run allocation action=new run=/fslarge/scratch/users/h61084/codes/selectime/outputs/selectime/chronos2/selections/top_k_15_mix/Coastal_T_S/15T/long/run_0 launch_id=selena_3584837 slurm_job_id=3584837 launched_at=2026-09-27T18:11:12.277534+00:00
TIME run allocation action=new run=/fslarge/scratch/users/h61084/codes/selectime/outputs/selectime/chronos2/selections/top_k_20_mix/Coastal_T_S/15T/long/run_0 launch_id=selena_3584837 slurm_job_id=3584837 launched_at=2026-09-27T18:11:12.349769+00:00
TIME run allocation action=new run=/fslarge/scratch/users/h61084/codes/selectime/outputs/selectime/chronos2/selections/scope_selector/Coastal_T_S/20T/short/run_1 launch_id=selena_3584837 slurm_job_id=3584837 launched_at=2026-09-27T18:11:12.429196+00:00
TIME run allocation action=new run=/fslarge/scratch/users/h61084/codes/selectime/outputs/selectime/chronos2/selections/scope_selector_per_variate/Coastal_T_S/20T/short/run_0 launch_id=selena_3584837 slurm_job_id=3584837 launched_at=2026-09-27T18:11:12.476445+00:00
TIME run allocation action=new run=/fslarge/scratch/users/h61084/codes/selectime/outputs/selectime/chronos2/selections/scope_mix/Coastal_T_S/20T/short/run_1 launch_id=selena_3584837 slurm_job_id=3584837 launched_at=2026-09-27T18:11:12.521419+00:00
TIME run allocation action=new run=/fslarge/scratch/users/h61084/codes/selectime/outputs/selectime/chronos2/selections/scope_mix_per_variate/Coastal_T_S/20T/short/run_0 launch_id=selena_3584837 slurm_job_id=3584837 launched_at=2026-09-27T18:11:12.559135+00:00
TIME run allocation action=new run=/fslarge/scratch/users/h61084/codes/selectime/outputs/selectime/chronos2/selections/scope_ridge/Coastal_T_S/20T/short/run_0 launch_id=selena_3584837 slurm_job_id=3584837 launched_at=2026-09-27T18:11:12.595009+00:00
TIME run allocation action=new run=/fslarge/scratch/users/h61084/codes/selectime/outputs/selectime/chronos2/selections/top_k_1_mix/Coastal_T_S/20T/short/run_0 launch_id=selena_3584837 slurm_job_id=3584837 launched_at=2026-09-27T18:11:12.638218+00:00
TIME run allocation action=new run=/fslarge/scratch/users/h61084/codes/selectime/outputs/selectime/chronos2/selections/top_k_5_mix/Coastal_T_S/20T/short/run_0 launch_id=selena_3584837 slurm_job_id=3584837 launched_at=2026-09-27T18:11:12.680439+00:00
TIME run allocation action=new run=/fslarge/scratch/users/h61084/codes/selectime/outputs/selectime/chronos2/selections/top_k_10_mix/Coastal_T_S/20T/short/run_0 launch_id=selena_3584837 slurm_job_id=3584837 launched_at=2026-09-27T18:11:12.723513+00:00
TIME run allocation action=new run=/fslarge/scratch/users/h61084/codes/selectime/outputs/selectime/chronos2/selections/top_k_15_mix/Coastal_T_S/20T/short/run_0 launch_id=selena_3584837 slurm_job_id=3584837 launched_at=2026-09-27T18:11:12.766123+00:00
TIME run allocation action=new run=/fslarge/scratch/users/h61084/codes/selectime/outputs/selectime/chronos2/selections/top_k_20_mix/Coastal_T_S/20T/short/run_0 launch_id=selena_3584837 slurm_job_id=3584837 launched_at=2026-09-27T18:11:12.808588+00:00
TIME run allocation action=new run=/fslarge/scratch/users/h61084/codes/selectime/outputs/selectime/chronos2/selections/scope_selector/Coastal_T_S/20T/medium/run_1 launch_id=selena_3584837 slurm_job_id=3584837 launched_at=2026-09-27T18:11:12.855158+00:00
TIME run allocation action=new run=/fslarge/scratch/users/h61084/codes/selectime/outputs/selectime/chronos2/selections/scope_selector_per_variate/Coastal_T_S/20T/medium/run_0 launch_id=selena_3584837 slurm_job_id=3584837 launched_at=2026-09-27T18:11:12.898068+00:00
TIME run allocation action=new run=/fslarge/scratch/users/h61084/codes/selectime/outputs/selectime/chronos2/selections/scope_mix/Coastal_T_S/20T/medium/run_1 launch_id=selena_3584837 slurm_job_id=3584837 launched_at=2026-09-27T18:11:12.935955+00:00
TIME run allocation action=new run=/fslarge/scratch/users/h61084/codes/selectime/outputs/selectime/chronos2/selections/scope_mix_per_variate/Coastal_T_S/20T/medium/run_0 launch_id=selena_3584837 slurm_job_id=3584837 launched_at=2026-09-27T18:11:12.970428+00:00
TIME run allocation action=new run=/fslarge/scratch/users/h61084/codes/selectime/outputs/selectime/chronos2/selections/scope_ridge/Coastal_T_S/20T/medium/run_0 launch_id=selena_3584837 slurm_job_id=3584837 launched_at=2026-09-27T18:11:13.007209+00:00
TIME run allocation action=new run=/fslarge/scratch/users/h61084/codes/selectime/outputs/selectime/chronos2/selections/top_k_1_mix/Coastal_T_S/20T/medium/run_0 launch_id=selena_3584837 slurm_job_id=3584837 launched_at=2026-09-27T18:11:13.047482+00:00
TIME run allocation action=new run=/fslarge/scratch/users/h61084/codes/selectime/outputs/selectime/chronos2/selections/top_k_5_mix/Coastal_T_S/20T/medium/run_0 launch_id=selena_3584837 slurm_job_id=3584837 launched_at=2026-09-27T18:11:13.088117+00:00
TIME run allocation action=new run=/fslarge/scratch/users/h61084/codes/selectime/outputs/selectime/chronos2/selections/top_k_10_mix/Coastal_T_S/20T/medium/run_0 launch_id=selena_3584837 slurm_job_id=3584837 launched_at=2026-09-27T18:11:13.128528+00:00
TIME run allocation action=new run=/fslarge/scratch/users/h61084/codes/selectime/outputs/selectime/chronos2/selections/top_k_15_mix/Coastal_T_S/20T/medium/run_0 launch_id=selena_3584837 slurm_job_id=3584837 launched_at=2026-09-27T18:11:13.169446+00:00
TIME run allocation action=new run=/fslarge/scratch/users/h61084/codes/selectime/outputs/selectime/chronos2/selections/top_k_20_mix/Coastal_T_S/20T/medium/run_0 launch_id=selena_3584837 slurm_job_id=3584837 launched_at=2026-09-27T18:11:13.210517+00:00
TIME run allocation action=new run=/fslarge/scratch/users/h61084/codes/selectime/outputs/selectime/chronos2/selections/scope_selector/Coastal_T_S/20T/long/run_1 launch_id=selena_3584837 slurm_job_id=3584837 launched_at=2026-09-27T18:11:13.255491+00:00
TIME run allocation action=new run=/fslarge/scratch/users/h61084/codes/selectime/outputs/selectime/chronos2/selections/scope_selector_per_variate/Coastal_T_S/20T/long/run_0 launch_id=selena_3584837 slurm_job_id=3584837 launched_at=2026-09-27T18:11:13.297451+00:00
TIME run allocation action=new run=/fslarge/scratch/users/h61084/codes/selectime/outputs/selectime/chronos2/selections/scope_mix/Coastal_T_S/20T/long/run_1 launch_id=selena_3584837 slurm_job_id=3584837 launched_at=2026-09-27T18:11:13.334134+00:00
TIME run allocation action=new run=/fslarge/scratch/users/h61084/codes/selectime/outputs/selectime/chronos2/selections/scope_mix_per_variate/Coastal_T_S/20T/long/run_0 launch_id=selena_3584837 slurm_job_id=3584837 launched_at=2026-09-27T18:11:13.369350+00:00
TIME run allocation action=new run=/fslarge/scratch/users/h61084/codes/selectime/outputs/selectime/chronos2/selections/scope_ridge/Coastal_T_S/20T/long/run_0 launch_id=selena_3584837 slurm_job_id=3584837 launched_at=2026-09-27T18:11:13.402501+00:00
TIME run allocation action=new run=/fslarge/scratch/users/h61084/codes/selectime/outputs/selectime/chronos2/selections/top_k_1_mix/Coastal_T_S/20T/long/run_0 launch_id=selena_3584837 slurm_job_id=3584837 launched_at=2026-09-27T18:11:13.445444+00:00
TIME run allocation action=new run=/fslarge/scratch/users/h61084/codes/selectime/outputs/selectime/chronos2/selections/top_k_5_mix/Coastal_T_S/20T/long/run_0 launch_id=selena_3584837 slurm_job_id=3584837 launched_at=2026-09-27T18:11:13.488831+00:00
TIME run allocation action=new run=/fslarge/scratch/users/h61084/codes/selectime/outputs/selectime/chronos2/selections/top_k_10_mix/Coastal_T_S/20T/long/run_0 launch_id=selena_3584837 slurm_job_id=3584837 launched_at=2026-09-27T18:11:13.530191+00:00
TIME run allocation action=new run=/fslarge/scratch/users/h61084/codes/selectime/outputs/selectime/chronos2/selections/top_k_15_mix/Coastal_T_S/20T/long/run_0 launch_id=selena_3584837 slurm_job_id=3584837 launched_at=2026-09-27T18:11:13.571191+00:00
TIME run allocation action=new run=/fslarge/scratch/users/h61084/codes/selectime/outputs/selectime/chronos2/selections/top_k_20_mix/Coastal_T_S/20T/long/run_0 launch_id=selena_3584837 slurm_job_id=3584837 launched_at=2026-09-27T18:11:13.611810+00:00
TIME run allocation action=new run=/fslarge/scratch/users/h61084/codes/selectime/outputs/selectime/chronos2/selections/scope_selector/Coastal_T_S/H/short/run_1 launch_id=selena_3584837 slurm_job_id=3584837 launched_at=2026-09-27T18:11:13.694471+00:00
TIME run allocation action=new run=/fslarge/scratch/users/h61084/codes/selectime/outputs/selectime/chronos2/selections/scope_selector_per_variate/Coastal_T_S/H/short/run_0 launch_id=selena_3584837 slurm_job_id=3584837 launched_at=2026-09-27T18:11:13.794511+00:00
TIME run allocation action=new run=/fslarge/scratch/users/h61084/codes/selectime/outputs/selectime/chronos2/selections/scope_mix/Coastal_T_S/H/short/run_1 launch_id=selena_3584837 slurm_job_id=3584837 launched_at=2026-09-27T18:11:13.952576+00:00
TIME run allocation action=new run=/fslarge/scratch/users/h61084/codes/selectime/outputs/selectime/chronos2/selections/scope_mix_per_variate/Coastal_T_S/H/short/run_0 launch_id=selena_3584837 slurm_job_id=3584837 launched_at=2026-09-27T18:11:14.041714+00:00
TIME run allocation action=new run=/fslarge/scratch/users/h61084/codes/selectime/outputs/selectime/chronos2/selections/scope_ridge/Coastal_T_S/H/short/run_0 launch_id=selena_3584837 slurm_job_id=3584837 launched_at=2026-09-27T18:11:14.138063+00:00
TIME run allocation action=new run=/fslarge/scratch/users/h61084/codes/selectime/outputs/selectime/chronos2/selections/top_k_1_mix/Coastal_T_S/H/short/run_0 launch_id=selena_3584837 slurm_job_id=3584837 launched_at=2026-09-27T18:11:14.232707+00:00
TIME run allocation action=new run=/fslarge/scratch/users/h61084/codes/selectime/outputs/selectime/chronos2/selections/top_k_5_mix/Coastal_T_S/H/short/run_0 launch_id=selena_3584837 slurm_job_id=3584837 launched_at=2026-09-27T18:11:14.327047+00:00
TIME run allocation action=new run=/fslarge/scratch/users/h61084/codes/selectime/outputs/selectime/chronos2/selections/top_k_10_mix/Coastal_T_S/H/short/run_0 launch_id=selena_3584837 slurm_job_id=3584837 launched_at=2026-09-27T18:11:14.421960+00:00
TIME run allocation action=new run=/fslarge/scratch/users/h61084/codes/selectime/outputs/selectime/chronos2/selections/top_k_15_mix/Coastal_T_S/H/short/run_0 launch_id=selena_3584837 slurm_job_id=3584837 launched_at=2026-09-27T18:11:14.517073+00:00
TIME run allocation action=new run=/fslarge/scratch/users/h61084/codes/selectime/outputs/selectime/chronos2/selections/top_k_20_mix/Coastal_T_S/H/short/run_0 launch_id=selena_3584837 slurm_job_id=3584837 launched_at=2026-09-27T18:11:14.611955+00:00
TIME run allocation action=new run=/fslarge/scratch/users/h61084/codes/selectime/outputs/selectime/chronos2/selections/scope_selector/Coastal_T_S/H/medium/run_1 launch_id=selena_3584837 slurm_job_id=3584837 launched_at=2026-09-27T18:11:14.735029+00:00
TIME run allocation action=new run=/fslarge/scratch/users/h61084/codes/selectime/outputs/selectime/chronos2/selections/scope_selector_per_variate/Coastal_T_S/H/medium/run_0 launch_id=selena_3584837 slurm_job_id=3584837 launched_at=2026-09-27T18:11:14.821469+00:00
TIME run allocation action=new run=/fslarge/scratch/users/h61084/codes/selectime/outputs/selectime/chronos2/selections/scope_mix/Coastal_T_S/H/medium/run_1 launch_id=selena_3584837 slurm_job_id=3584837 launched_at=2026-09-27T18:11:14.923422+00:00
TIME run allocation action=new run=/fslarge/scratch/users/h61084/codes/selectime/outputs/selectime/chronos2/selections/scope_mix_per_variate/Coastal_T_S/H/medium/run_0 launch_id=selena_3584837 slurm_job_id=3584837 launched_at=2026-09-27T18:11:15.002207+00:00
TIME run allocation action=new run=/fslarge/scratch/users/h61084/codes/selectime/outputs/selectime/chronos2/selections/scope_ridge/Coastal_T_S/H/medium/run_0 launch_id=selena_3584837 slurm_job_id=3584837 launched_at=2026-09-27T18:11:15.084060+00:00
TIME run allocation action=new run=/fslarge/scratch/users/h61084/codes/selectime/outputs/selectime/chronos2/selections/top_k_1_mix/Coastal_T_S/H/medium/run_0 launch_id=selena_3584837 slurm_job_id=3584837 launched_at=2026-09-27T18:11:15.168259+00:00
TIME run allocation action=new run=/fslarge/scratch/users/h61084/codes/selectime/outputs/selectime/chronos2/selections/top_k_5_mix/Coastal_T_S/H/medium/run_0 launch_id=selena_3584837 slurm_job_id=3584837 launched_at=2026-09-27T18:11:15.252543+00:00
TIME run allocation action=new run=/fslarge/scratch/users/h61084/codes/selectime/outputs/selectime/chronos2/selections/top_k_10_mix/Coastal_T_S/H/medium/run_0 launch_id=selena_3584837 slurm_job_id=3584837 launched_at=2026-09-27T18:11:15.337635+00:00
TIME run allocation action=new run=/fslarge/scratch/users/h61084/codes/selectime/outputs/selectime/chronos2/selections/top_k_15_mix/Coastal_T_S/H/medium/run_0 launch_id=selena_3584837 slurm_job_id=3584837 launched_at=2026-09-27T18:11:15.422239+00:00
TIME run allocation action=new run=/fslarge/scratch/users/h61084/codes/selectime/outputs/selectime/chronos2/selections/top_k_20_mix/Coastal_T_S/H/medium/run_0 launch_id=selena_3584837 slurm_job_id=3584837 launched_at=2026-09-27T18:11:15.506540+00:00
TIME run allocation action=new run=/fslarge/scratch/users/h61084/codes/selectime/outputs/selectime/chronos2/selections/scope_selector/Coastal_T_S/H/long/run_1 launch_id=selena_3584837 slurm_job_id=3584837 launched_at=2026-09-27T18:11:15.619759+00:00
TIME run allocation action=new run=/fslarge/scratch/users/h61084/codes/selectime/outputs/selectime/chronos2/selections/scope_selector_per_variate/Coastal_T_S/H/long/run_0 launch_id=selena_3584837 slurm_job_id=3584837 launched_at=2026-09-27T18:11:15.704752+00:00
TIME run allocation action=new run=/fslarge/scratch/users/h61084/codes/selectime/outputs/selectime/chronos2/selections/scope_mix/Coastal_T_S/H/long/run_1 launch_id=selena_3584837 slurm_job_id=3584837 launched_at=2026-09-27T18:11:15.797858+00:00
TIME run allocation action=new run=/fslarge/scratch/users/h61084/codes/selectime/outputs/selectime/chronos2/selections/scope_mix_per_variate/Coastal_T_S/H/long/run_0 launch_id=selena_3584837 slurm_job_id=3584837 launched_at=2026-09-27T18:11:15.875291+00:00
TIME run allocation action=new run=/fslarge/scratch/users/h61084/codes/selectime/outputs/selectime/chronos2/selections/scope_ridge/Coastal_T_S/H/long/run_0 launch_id=selena_3584837 slurm_job_id=3584837 launched_at=2026-09-27T18:11:15.955779+00:00
TIME run allocation action=new run=/fslarge/scratch/users/h61084/codes/selectime/outputs/selectime/chronos2/selections/top_k_1_mix/Coastal_T_S/H/long/run_0 launch_id=selena_3584837 slurm_job_id=3584837 launched_at=2026-09-27T18:11:16.039476+00:00
TIME run allocation action=new run=/fslarge/scratch/users/h61084/codes/selectime/outputs/selectime/chronos2/selections/top_k_5_mix/Coastal_T_S/H/long/run_0 launch_id=selena_3584837 slurm_job_id=3584837 launched_at=2026-09-27T18:11:16.123325+00:00
TIME run allocation action=new run=/fslarge/scratch/users/h61084/codes/selectime/outputs/selectime/chronos2/selections/top_k_10_mix/Coastal_T_S/H/long/run_0 launch_id=selena_3584837 slurm_job_id=3584837 launched_at=2026-09-27T18:11:16.206949+00:00
TIME run allocation action=new run=/fslarge/scratch/users/h61084/codes/selectime/outputs/selectime/chronos2/selections/top_k_15_mix/Coastal_T_S/H/long/run_0 launch_id=selena_3584837 slurm_job_id=3584837 launched_at=2026-09-27T18:11:16.290210+00:00
TIME run allocation action=new run=/fslarge/scratch/users/h61084/codes/selectime/outputs/selectime/chronos2/selections/top_k_20_mix/Coastal_T_S/H/long/run_0 launch_id=selena_3584837 slurm_job_id=3584837 launched_at=2026-09-27T18:11:16.373333+00:00
TIME run allocation action=new run=/fslarge/scratch/users/h61084/codes/selectime/outputs/selectime/chronos2/selections/scope_selector/SG_Weather/D/short/run_1 launch_id=selena_3584837 slurm_job_id=3584837 launched_at=2026-09-27T18:11:16.469715+00:00
TIME run allocation action=new run=/fslarge/scratch/users/h61084/codes/selectime/outputs/selectime/chronos2/selections/scope_selector_per_variate/SG_Weather/D/short/run_0 launch_id=selena_3584837 slurm_job_id=3584837 launched_at=2026-09-27T18:11:16.539187+00:00
TIME run allocation action=new run=/fslarge/scratch/users/h61084/codes/selectime/outputs/selectime/chronos2/selections/scope_mix/SG_Weather/D/short/run_1 launch_id=selena_3584837 slurm_job_id=3584837 launched_at=2026-09-27T18:11:16.657863+00:00
TIME run allocation action=new run=/fslarge/scratch/users/h61084/codes/selectime/outputs/selectime/chronos2/selections/scope_mix_per_variate/SG_Weather/D/short/run_0 launch_id=selena_3584837 slurm_job_id=3584837 launched_at=2026-09-27T18:11:16.718054+00:00
TIME run allocation action=new run=/fslarge/scratch/users/h61084/codes/selectime/outputs/selectime/chronos2/selections/scope_ridge/SG_Weather/D/short/run_0 launch_id=selena_3584837 slurm_job_id=3584837 launched_at=2026-09-27T18:11:16.782216+00:00
TIME run allocation action=new run=/fslarge/scratch/users/h61084/codes/selectime/outputs/selectime/chronos2/selections/top_k_1_mix/SG_Weather/D/short/run_0 launch_id=selena_3584837 slurm_job_id=3584837 launched_at=2026-09-27T18:11:16.850821+00:00
TIME run allocation action=new run=/fslarge/scratch/users/h61084/codes/selectime/outputs/selectime/chronos2/selections/top_k_5_mix/SG_Weather/D/short/run_0 launch_id=selena_3584837 slurm_job_id=3584837 launched_at=2026-09-27T18:11:16.917777+00:00
TIME run allocation action=new run=/fslarge/scratch/users/h61084/codes/selectime/outputs/selectime/chronos2/selections/top_k_10_mix/SG_Weather/D/short/run_0 launch_id=selena_3584837 slurm_job_id=3584837 launched_at=2026-09-27T18:11:16.984662+00:00
TIME run allocation action=new run=/fslarge/scratch/users/h61084/codes/selectime/outputs/selectime/chronos2/selections/top_k_15_mix/SG_Weather/D/short/run_0 launch_id=selena_3584837 slurm_job_id=3584837 launched_at=2026-09-27T18:11:17.051146+00:00
TIME run allocation action=new run=/fslarge/scratch/users/h61084/codes/selectime/outputs/selectime/chronos2/selections/top_k_20_mix/SG_Weather/D/short/run_0 launch_id=selena_3584837 slurm_job_id=3584837 launched_at=2026-09-27T18:11:17.117378+00:00
TIME run allocation action=new run=/fslarge/scratch/users/h61084/codes/selectime/outputs/selectime/chronos2/selections/scope_selector/SG_Weather/D/medium/run_1 launch_id=selena_3584837 slurm_job_id=3584837 launched_at=2026-09-27T18:11:17.189298+00:00
TIME run allocation action=new run=/fslarge/scratch/users/h61084/codes/selectime/outputs/selectime/chronos2/selections/scope_selector_per_variate/SG_Weather/D/medium/run_0 launch_id=selena_3584837 slurm_job_id=3584837 launched_at=2026-09-27T18:11:17.246793+00:00
TIME run allocation action=new run=/fslarge/scratch/users/h61084/codes/selectime/outputs/selectime/chronos2/selections/scope_mix/SG_Weather/D/medium/run_1 launch_id=selena_3584837 slurm_job_id=3584837 launched_at=2026-09-27T18:11:17.329649+00:00
TIME run allocation action=new run=/fslarge/scratch/users/h61084/codes/selectime/outputs/selectime/chronos2/selections/scope_mix_per_variate/SG_Weather/D/medium/run_0 launch_id=selena_3584837 slurm_job_id=3584837 launched_at=2026-09-27T18:11:17.380332+00:00
TIME run allocation action=new run=/fslarge/scratch/users/h61084/codes/selectime/outputs/selectime/chronos2/selections/scope_ridge/SG_Weather/D/medium/run_0 launch_id=selena_3584837 slurm_job_id=3584837 launched_at=2026-09-27T18:11:17.431508+00:00
TIME run allocation action=new run=/fslarge/scratch/users/h61084/codes/selectime/outputs/selectime/chronos2/selections/top_k_1_mix/SG_Weather/D/medium/run_0 launch_id=selena_3584837 slurm_job_id=3584837 launched_at=2026-09-27T18:11:17.487401+00:00
TIME run allocation action=new run=/fslarge/scratch/users/h61084/codes/selectime/outputs/selectime/chronos2/selections/top_k_5_mix/SG_Weather/D/medium/run_0 launch_id=selena_3584837 slurm_job_id=3584837 launched_at=2026-09-27T18:11:17.543754+00:00
TIME run allocation action=new run=/fslarge/scratch/users/h61084/codes/selectime/outputs/selectime/chronos2/selections/top_k_10_mix/SG_Weather/D/medium/run_0 launch_id=selena_3584837 slurm_job_id=3584837 launched_at=2026-09-27T18:11:17.599711+00:00
TIME run allocation action=new run=/fslarge/scratch/users/h61084/codes/selectime/outputs/selectime/chronos2/selections/top_k_15_mix/SG_Weather/D/medium/run_0 launch_id=selena_3584837 slurm_job_id=3584837 launched_at=2026-09-27T18:11:17.655782+00:00
TIME run allocation action=new run=/fslarge/scratch/users/h61084/codes/selectime/outputs/selectime/chronos2/selections/top_k_20_mix/SG_Weather/D/medium/run_0 launch_id=selena_3584837 slurm_job_id=3584837 launched_at=2026-09-27T18:11:17.712043+00:00
TIME run allocation action=new run=/fslarge/scratch/users/h61084/codes/selectime/outputs/selectime/chronos2/selections/scope_selector/SG_Weather/D/long/run_1 launch_id=selena_3584837 slurm_job_id=3584837 launched_at=2026-09-27T18:11:17.774632+00:00
TIME run allocation action=new run=/fslarge/scratch/users/h61084/codes/selectime/outputs/selectime/chronos2/selections/scope_selector_per_variate/SG_Weather/D/long/run_0 launch_id=selena_3584837 slurm_job_id=3584837 launched_at=2026-09-27T18:11:17.827347+00:00
TIME run allocation action=new run=/fslarge/scratch/users/h61084/codes/selectime/outputs/selectime/chronos2/selections/scope_mix/SG_Weather/D/long/run_1 launch_id=selena_3584837 slurm_job_id=3584837 launched_at=2026-09-27T18:11:17.896191+00:00
TIME run allocation action=new run=/fslarge/scratch/users/h61084/codes/selectime/outputs/selectime/chronos2/selections/scope_mix_per_variate/SG_Weather/D/long/run_0 launch_id=selena_3584837 slurm_job_id=3584837 launched_at=2026-09-27T18:11:17.943232+00:00
TIME run allocation action=new run=/fslarge/scratch/users/h61084/codes/selectime/outputs/selectime/chronos2/selections/scope_ridge/SG_Weather/D/long/run_0 launch_id=selena_3584837 slurm_job_id=3584837 launched_at=2026-09-27T18:11:17.990489+00:00
TIME run allocation action=new run=/fslarge/scratch/users/h61084/codes/selectime/outputs/selectime/chronos2/selections/top_k_1_mix/SG_Weather/D/long/run_0 launch_id=selena_3584837 slurm_job_id=3584837 launched_at=2026-09-27T18:11:18.046989+00:00
TIME run allocation action=new run=/fslarge/scratch/users/h61084/codes/selectime/outputs/selectime/chronos2/selections/top_k_5_mix/SG_Weather/D/long/run_0 launch_id=selena_3584837 slurm_job_id=3584837 launched_at=2026-09-27T18:11:18.098980+00:00
TIME run allocation action=new run=/fslarge/scratch/users/h61084/codes/selectime/outputs/selectime/chronos2/selections/top_k_10_mix/SG_Weather/D/long/run_0 launch_id=selena_3584837 slurm_job_id=3584837 launched_at=2026-09-27T18:11:18.151202+00:00
TIME run allocation action=new run=/fslarge/scratch/users/h61084/codes/selectime/outputs/selectime/chronos2/selections/top_k_15_mix/SG_Weather/D/long/run_0 launch_id=selena_3584837 slurm_job_id=3584837 launched_at=2026-09-27T18:11:18.203802+00:00
TIME run allocation action=new run=/fslarge/scratch/users/h61084/codes/selectime/outputs/selectime/chronos2/selections/top_k_20_mix/SG_Weather/D/long/run_0 launch_id=selena_3584837 slurm_job_id=3584837 launched_at=2026-09-27T18:11:18.256029+00:00
TIME run allocation action=new run=/fslarge/scratch/users/h61084/codes/selectime/outputs/selectime/chronos2/selections/scope_selector/SG_PM25/H/short/run_1 launch_id=selena_3584837 slurm_job_id=3584837 launched_at=2026-09-27T18:11:18.350659+00:00
TIME run allocation action=new run=/fslarge/scratch/users/h61084/codes/selectime/outputs/selectime/chronos2/selections/scope_selector_per_variate/SG_PM25/H/short/run_0 launch_id=selena_3584837 slurm_job_id=3584837 launched_at=2026-09-27T18:11:18.410220+00:00
TIME run allocation action=new run=/fslarge/scratch/users/h61084/codes/selectime/outputs/selectime/chronos2/selections/scope_mix/SG_PM25/H/short/run_1 launch_id=selena_3584837 slurm_job_id=3584837 launched_at=2026-09-27T18:11:18.457853+00:00
TIME run allocation action=new run=/fslarge/scratch/users/h61084/codes/selectime/outputs/selectime/chronos2/selections/scope_mix_per_variate/SG_PM25/H/short/run_0 launch_id=selena_3584837 slurm_job_id=3584837 launched_at=2026-09-27T18:11:18.495960+00:00
TIME run allocation action=new run=/fslarge/scratch/users/h61084/codes/selectime/outputs/selectime/chronos2/selections/scope_ridge/SG_PM25/H/short/run_0 launch_id=selena_3584837 slurm_job_id=3584837 launched_at=2026-09-27T18:11:18.532778+00:00
TIME run allocation action=new run=/fslarge/scratch/users/h61084/codes/selectime/outputs/selectime/chronos2/selections/top_k_1_mix/SG_PM25/H/short/run_0 launch_id=selena_3584837 slurm_job_id=3584837 launched_at=2026-09-27T18:11:18.577447+00:00
TIME run allocation action=new run=/fslarge/scratch/users/h61084/codes/selectime/outputs/selectime/chronos2/selections/top_k_5_mix/SG_PM25/H/short/run_0 launch_id=selena_3584837 slurm_job_id=3584837 launched_at=2026-09-27T18:11:18.622803+00:00
TIME run allocation action=new run=/fslarge/scratch/users/h61084/codes/selectime/outputs/selectime/chronos2/selections/top_k_10_mix/SG_PM25/H/short/run_0 launch_id=selena_3584837 slurm_job_id=3584837 launched_at=2026-09-27T18:11:18.669507+00:00
TIME run allocation action=new run=/fslarge/scratch/users/h61084/codes/selectime/outputs/selectime/chronos2/selections/top_k_15_mix/SG_PM25/H/short/run_0 launch_id=selena_3584837 slurm_job_id=3584837 launched_at=2026-09-27T18:11:18.714131+00:00
TIME run allocation action=new run=/fslarge/scratch/users/h61084/codes/selectime/outputs/selectime/chronos2/selections/top_k_20_mix/SG_PM25/H/short/run_0 launch_id=selena_3584837 slurm_job_id=3584837 launched_at=2026-09-27T18:11:18.757783+00:00
TIME run allocation action=new run=/fslarge/scratch/users/h61084/codes/selectime/outputs/selectime/chronos2/selections/scope_selector/SG_PM25/H/medium/run_1 launch_id=selena_3584837 slurm_job_id=3584837 launched_at=2026-09-27T18:11:18.817338+00:00
TIME run allocation action=new run=/fslarge/scratch/users/h61084/codes/selectime/outputs/selectime/chronos2/selections/scope_selector_per_variate/SG_PM25/H/medium/run_0 launch_id=selena_3584837 slurm_job_id=3584837 launched_at=2026-09-27T18:11:18.872468+00:00
TIME run allocation action=new run=/fslarge/scratch/users/h61084/codes/selectime/outputs/selectime/chronos2/selections/scope_mix/SG_PM25/H/medium/run_1 launch_id=selena_3584837 slurm_job_id=3584837 launched_at=2026-09-27T18:11:18.915906+00:00
TIME run allocation action=new run=/fslarge/scratch/users/h61084/codes/selectime/outputs/selectime/chronos2/selections/scope_mix_per_variate/SG_PM25/H/medium/run_0 launch_id=selena_3584837 slurm_job_id=3584837 launched_at=2026-09-27T18:11:18.952379+00:00
TIME run allocation action=new run=/fslarge/scratch/users/h61084/codes/selectime/outputs/selectime/chronos2/selections/scope_ridge/SG_PM25/H/medium/run_0 launch_id=selena_3584837 slurm_job_id=3584837 launched_at=2026-09-27T18:11:18.986726+00:00
TIME run allocation action=new run=/fslarge/scratch/users/h61084/codes/selectime/outputs/selectime/chronos2/selections/top_k_1_mix/SG_PM25/H/medium/run_0 launch_id=selena_3584837 slurm_job_id=3584837 launched_at=2026-09-27T18:11:19.029477+00:00
TIME run allocation action=new run=/fslarge/scratch/users/h61084/codes/selectime/outputs/selectime/chronos2/selections/top_k_5_mix/SG_PM25/H/medium/run_0 launch_id=selena_3584837 slurm_job_id=3584837 launched_at=2026-09-27T18:11:19.071372+00:00
TIME run allocation action=new run=/fslarge/scratch/users/h61084/codes/selectime/outputs/selectime/chronos2/selections/top_k_10_mix/SG_PM25/H/medium/run_0 launch_id=selena_3584837 slurm_job_id=3584837 launched_at=2026-09-27T18:11:19.113680+00:00
TIME run allocation action=new run=/fslarge/scratch/users/h61084/codes/selectime/outputs/selectime/chronos2/selections/top_k_15_mix/SG_PM25/H/medium/run_0 launch_id=selena_3584837 slurm_job_id=3584837 launched_at=2026-09-27T18:11:19.155561+00:00
TIME run allocation action=new run=/fslarge/scratch/users/h61084/codes/selectime/outputs/selectime/chronos2/selections/top_k_20_mix/SG_PM25/H/medium/run_0 launch_id=selena_3584837 slurm_job_id=3584837 launched_at=2026-09-27T18:11:19.197519+00:00
TIME run allocation action=new run=/fslarge/scratch/users/h61084/codes/selectime/outputs/selectime/chronos2/selections/scope_selector/SG_PM25/H/long/run_1 launch_id=selena_3584837 slurm_job_id=3584837 launched_at=2026-09-27T18:11:19.255995+00:00
TIME run allocation action=new run=/fslarge/scratch/users/h61084/codes/selectime/outputs/selectime/chronos2/selections/scope_selector_per_variate/SG_PM25/H/long/run_0 launch_id=selena_3584837 slurm_job_id=3584837 launched_at=2026-09-27T18:11:19.309438+00:00
TIME run allocation action=new run=/fslarge/scratch/users/h61084/codes/selectime/outputs/selectime/chronos2/selections/scope_mix/SG_PM25/H/long/run_1 launch_id=selena_3584837 slurm_job_id=3584837 launched_at=2026-09-27T18:11:19.349108+00:00
TIME run allocation action=new run=/fslarge/scratch/users/h61084/codes/selectime/outputs/selectime/chronos2/selections/scope_mix_per_variate/SG_PM25/H/long/run_0 launch_id=selena_3584837 slurm_job_id=3584837 launched_at=2026-09-27T18:11:19.384273+00:00
TIME run allocation action=new run=/fslarge/scratch/users/h61084/codes/selectime/outputs/selectime/chronos2/selections/scope_ridge/SG_PM25/H/long/run_0 launch_id=selena_3584837 slurm_job_id=3584837 launched_at=2026-09-27T18:11:19.418387+00:00
TIME run allocation action=new run=/fslarge/scratch/users/h61084/codes/selectime/outputs/selectime/chronos2/selections/top_k_1_mix/SG_PM25/H/long/run_0 launch_id=selena_3584837 slurm_job_id=3584837 launched_at=2026-09-27T18:11:19.459216+00:00
TIME run allocation action=new run=/fslarge/scratch/users/h61084/codes/selectime/outputs/selectime/chronos2/selections/top_k_5_mix/SG_PM25/H/long/run_0 launch_id=selena_3584837 slurm_job_id=3584837 launched_at=2026-09-27T18:11:19.499900+00:00
TIME run allocation action=new run=/fslarge/scratch/users/h61084/codes/selectime/outputs/selectime/chronos2/selections/top_k_10_mix/SG_PM25/H/long/run_0 launch_id=selena_3584837 slurm_job_id=3584837 launched_at=2026-09-27T18:11:19.540578+00:00
TIME run allocation action=new run=/fslarge/scratch/users/h61084/codes/selectime/outputs/selectime/chronos2/selections/top_k_15_mix/SG_PM25/H/long/run_0 launch_id=selena_3584837 slurm_job_id=3584837 launched_at=2026-09-27T18:11:19.581897+00:00
TIME run allocation action=new run=/fslarge/scratch/users/h61084/codes/selectime/outputs/selectime/chronos2/selections/top_k_20_mix/SG_PM25/H/long/run_0 launch_id=selena_3584837 slurm_job_id=3584837 launched_at=2026-09-27T18:11:19.622890+00:00
TIME run allocation action=new run=/fslarge/scratch/users/h61084/codes/selectime/outputs/selectime/chronos2/selections/scope_selector/NE_China_Wind/H/short/run_1 launch_id=selena_3584837 slurm_job_id=3584837 launched_at=2026-09-27T18:11:19.672341+00:00
TIME run allocation action=new run=/fslarge/scratch/users/h61084/codes/selectime/outputs/selectime/chronos2/selections/scope_selector_per_variate/NE_China_Wind/H/short/run_0 launch_id=selena_3584837 slurm_job_id=3584837 launched_at=2026-09-27T18:11:19.716205+00:00
TIME run allocation action=new run=/fslarge/scratch/users/h61084/codes/selectime/outputs/selectime/chronos2/selections/scope_mix/NE_China_Wind/H/short/run_1 launch_id=selena_3584837 slurm_job_id=3584837 launched_at=2026-09-27T18:11:19.756302+00:00
TIME run allocation action=new run=/fslarge/scratch/users/h61084/codes/selectime/outputs/selectime/chronos2/selections/scope_mix_per_variate/NE_China_Wind/H/short/run_0 launch_id=selena_3584837 slurm_job_id=3584837 launched_at=2026-09-27T18:11:19.791905+00:00
TIME run allocation action=new run=/fslarge/scratch/users/h61084/codes/selectime/outputs/selectime/chronos2/selections/scope_ridge/NE_China_Wind/H/short/run_0 launch_id=selena_3584837 slurm_job_id=3584837 launched_at=2026-09-27T18:11:19.826418+00:00
TIME run allocation action=new run=/fslarge/scratch/users/h61084/codes/selectime/outputs/selectime/chronos2/selections/top_k_1_mix/NE_China_Wind/H/short/run_0 launch_id=selena_3584837 slurm_job_id=3584837 launched_at=2026-09-27T18:11:19.868193+00:00
TIME run allocation action=new run=/fslarge/scratch/users/h61084/codes/selectime/outputs/selectime/chronos2/selections/top_k_5_mix/NE_China_Wind/H/short/run_0 launch_id=selena_3584837 slurm_job_id=3584837 launched_at=2026-09-27T18:11:19.909803+00:00
TIME run allocation action=new run=/fslarge/scratch/users/h61084/codes/selectime/outputs/selectime/chronos2/selections/top_k_10_mix/NE_China_Wind/H/short/run_0 launch_id=selena_3584837 slurm_job_id=3584837 launched_at=2026-09-27T18:11:19.950533+00:00
TIME run allocation action=new run=/fslarge/scratch/users/h61084/codes/selectime/outputs/selectime/chronos2/selections/top_k_15_mix/NE_China_Wind/H/short/run_0 launch_id=selena_3584837 slurm_job_id=3584837 launched_at=2026-09-27T18:11:19.992167+00:00
TIME run allocation action=new run=/fslarge/scratch/users/h61084/codes/selectime/outputs/selectime/chronos2/selections/top_k_20_mix/NE_China_Wind/H/short/run_0 launch_id=selena_3584837 slurm_job_id=3584837 launched_at=2026-09-27T18:11:20.034250+00:00
TIME run allocation action=new run=/fslarge/scratch/users/h61084/codes/selectime/outputs/selectime/chronos2/selections/scope_selector/NE_China_Wind/H/medium/run_1 launch_id=selena_3584837 slurm_job_id=3584837 launched_at=2026-09-27T18:11:20.078957+00:00
TIME run allocation action=new run=/fslarge/scratch/users/h61084/codes/selectime/outputs/selectime/chronos2/selections/scope_selector_per_variate/NE_China_Wind/H/medium/run_0 launch_id=selena_3584837 slurm_job_id=3584837 launched_at=2026-09-27T18:11:20.123084+00:00
TIME run allocation action=new run=/fslarge/scratch/users/h61084/codes/selectime/outputs/selectime/chronos2/selections/scope_mix/NE_China_Wind/H/medium/run_1 launch_id=selena_3584837 slurm_job_id=3584837 launched_at=2026-09-27T18:11:20.160956+00:00
TIME run allocation action=new run=/fslarge/scratch/users/h61084/codes/selectime/outputs/selectime/chronos2/selections/scope_mix_per_variate/NE_China_Wind/H/medium/run_0 launch_id=selena_3584837 slurm_job_id=3584837 launched_at=2026-09-27T18:11:20.195704+00:00
TIME run allocation action=new run=/fslarge/scratch/users/h61084/codes/selectime/outputs/selectime/chronos2/selections/scope_ridge/NE_China_Wind/H/medium/run_0 launch_id=selena_3584837 slurm_job_id=3584837 launched_at=2026-09-27T18:11:20.229765+00:00
TIME run allocation action=new run=/fslarge/scratch/users/h61084/codes/selectime/outputs/selectime/chronos2/selections/top_k_1_mix/NE_China_Wind/H/medium/run_0 launch_id=selena_3584837 slurm_job_id=3584837 launched_at=2026-09-27T18:11:20.270802+00:00
TIME run allocation action=new run=/fslarge/scratch/users/h61084/codes/selectime/outputs/selectime/chronos2/selections/top_k_5_mix/NE_China_Wind/H/medium/run_0 launch_id=selena_3584837 slurm_job_id=3584837 launched_at=2026-09-27T18:11:20.311496+00:00
TIME run allocation action=new run=/fslarge/scratch/users/h61084/codes/selectime/outputs/selectime/chronos2/selections/top_k_10_mix/NE_China_Wind/H/medium/run_0 launch_id=selena_3584837 slurm_job_id=3584837 launched_at=2026-09-27T18:11:20.352087+00:00
TIME run allocation action=new run=/fslarge/scratch/users/h61084/codes/selectime/outputs/selectime/chronos2/selections/top_k_15_mix/NE_China_Wind/H/medium/run_0 launch_id=selena_3584837 slurm_job_id=3584837 launched_at=2026-09-27T18:11:20.393666+00:00
TIME run allocation action=new run=/fslarge/scratch/users/h61084/codes/selectime/outputs/selectime/chronos2/selections/top_k_20_mix/NE_China_Wind/H/medium/run_0 launch_id=selena_3584837 slurm_job_id=3584837 launched_at=2026-09-27T18:11:20.434759+00:00
TIME run allocation action=new run=/fslarge/scratch/users/h61084/codes/selectime/outputs/selectime/chronos2/selections/scope_selector/NE_China_Wind/H/long/run_1 launch_id=selena_3584837 slurm_job_id=3584837 launched_at=2026-09-27T18:11:20.478883+00:00
TIME run allocation action=new run=/fslarge/scratch/users/h61084/codes/selectime/outputs/selectime/chronos2/selections/scope_selector_per_variate/NE_China_Wind/H/long/run_0 launch_id=selena_3584837 slurm_job_id=3584837 launched_at=2026-09-27T18:11:20.521376+00:00
TIME run allocation action=new run=/fslarge/scratch/users/h61084/codes/selectime/outputs/selectime/chronos2/selections/scope_mix/NE_China_Wind/H/long/run_1 launch_id=selena_3584837 slurm_job_id=3584837 launched_at=2026-09-27T18:11:20.558908+00:00
TIME run allocation action=new run=/fslarge/scratch/users/h61084/codes/selectime/outputs/selectime/chronos2/selections/scope_mix_per_variate/NE_China_Wind/H/long/run_0 launch_id=selena_3584837 slurm_job_id=3584837 launched_at=2026-09-27T18:11:20.594185+00:00
TIME run allocation action=new run=/fslarge/scratch/users/h61084/codes/selectime/outputs/selectime/chronos2/selections/scope_ridge/NE_China_Wind/H/long/run_0 launch_id=selena_3584837 slurm_job_id=3584837 launched_at=2026-09-27T18:11:20.627780+00:00
TIME run allocation action=new run=/fslarge/scratch/users/h61084/codes/selectime/outputs/selectime/chronos2/selections/top_k_1_mix/NE_China_Wind/H/long/run_0 launch_id=selena_3584837 slurm_job_id=3584837 launched_at=2026-09-27T18:11:20.668687+00:00
TIME run allocation action=new run=/fslarge/scratch/users/h61084/codes/selectime/outputs/selectime/chronos2/selections/top_k_5_mix/NE_China_Wind/H/long/run_0 launch_id=selena_3584837 slurm_job_id=3584837 launched_at=2026-09-27T18:11:20.709663+00:00
TIME run allocation action=new run=/fslarge/scratch/users/h61084/codes/selectime/outputs/selectime/chronos2/selections/top_k_10_mix/NE_China_Wind/H/long/run_0 launch_id=selena_3584837 slurm_job_id=3584837 launched_at=2026-09-27T18:11:20.750233+00:00
TIME run allocation action=new run=/fslarge/scratch/users/h61084/codes/selectime/outputs/selectime/chronos2/selections/top_k_15_mix/NE_China_Wind/H/long/run_0 launch_id=selena_3584837 slurm_job_id=3584837 launched_at=2026-09-27T18:11:20.790709+00:00
TIME run allocation action=new run=/fslarge/scratch/users/h61084/codes/selectime/outputs/selectime/chronos2/selections/top_k_20_mix/NE_China_Wind/H/long/run_0 launch_id=selena_3584837 slurm_job_id=3584837 launched_at=2026-09-27T18:11:20.831081+00:00
TIME run allocation action=new run=/fslarge/scratch/users/h61084/codes/selectime/outputs/selectime/chronos2/selections/scope_selector/Australia_Solar/H/short/run_1 launch_id=selena_3584837 slurm_job_id=3584837 launched_at=2026-09-27T18:11:20.886632+00:00
TIME run allocation action=new run=/fslarge/scratch/users/h61084/codes/selectime/outputs/selectime/chronos2/selections/scope_selector_per_variate/Australia_Solar/H/short/run_0 launch_id=selena_3584837 slurm_job_id=3584837 launched_at=2026-09-27T18:11:20.937130+00:00
TIME run allocation action=new run=/fslarge/scratch/users/h61084/codes/selectime/outputs/selectime/chronos2/selections/scope_mix/Australia_Solar/H/short/run_1 launch_id=selena_3584837 slurm_job_id=3584837 launched_at=2026-09-27T18:11:20.981136+00:00
TIME run allocation action=new run=/fslarge/scratch/users/h61084/codes/selectime/outputs/selectime/chronos2/selections/scope_mix_per_variate/Australia_Solar/H/short/run_0 launch_id=selena_3584837 slurm_job_id=3584837 launched_at=2026-09-27T18:11:21.018532+00:00
TIME run allocation action=new run=/fslarge/scratch/users/h61084/codes/selectime/outputs/selectime/chronos2/selections/scope_ridge/Australia_Solar/H/short/run_0 launch_id=selena_3584837 slurm_job_id=3584837 launched_at=2026-09-27T18:11:21.054444+00:00
TIME run allocation action=new run=/fslarge/scratch/users/h61084/codes/selectime/outputs/selectime/chronos2/selections/top_k_1_mix/Australia_Solar/H/short/run_0 launch_id=selena_3584837 slurm_job_id=3584837 launched_at=2026-09-27T18:11:21.097577+00:00
TIME run allocation action=new run=/fslarge/scratch/users/h61084/codes/selectime/outputs/selectime/chronos2/selections/top_k_5_mix/Australia_Solar/H/short/run_0 launch_id=selena_3584837 slurm_job_id=3584837 launched_at=2026-09-27T18:11:21.140589+00:00
TIME run allocation action=new run=/fslarge/scratch/users/h61084/codes/selectime/outputs/selectime/chronos2/selections/top_k_10_mix/Australia_Solar/H/short/run_0 launch_id=selena_3584837 slurm_job_id=3584837 launched_at=2026-09-27T18:11:21.183780+00:00
TIME run allocation action=new run=/fslarge/scratch/users/h61084/codes/selectime/outputs/selectime/chronos2/selections/top_k_15_mix/Australia_Solar/H/short/run_0 launch_id=selena_3584837 slurm_job_id=3584837 launched_at=2026-09-27T18:11:21.227403+00:00
TIME run allocation action=new run=/fslarge/scratch/users/h61084/codes/selectime/outputs/selectime/chronos2/selections/top_k_20_mix/Australia_Solar/H/short/run_0 launch_id=selena_3584837 slurm_job_id=3584837 launched_at=2026-09-27T18:11:21.270821+00:00
TIME run allocation action=new run=/fslarge/scratch/users/h61084/codes/selectime/outputs/selectime/chronos2/selections/scope_selector/Australia_Solar/H/medium/run_1 launch_id=selena_3584837 slurm_job_id=3584837 launched_at=2026-09-27T18:11:21.322194+00:00
TIME run allocation action=new run=/fslarge/scratch/users/h61084/codes/selectime/outputs/selectime/chronos2/selections/scope_selector_per_variate/Australia_Solar/H/medium/run_0 launch_id=selena_3584837 slurm_job_id=3584837 launched_at=2026-09-27T18:11:21.371015+00:00
TIME run allocation action=new run=/fslarge/scratch/users/h61084/codes/selectime/outputs/selectime/chronos2/selections/scope_mix/Australia_Solar/H/medium/run_1 launch_id=selena_3584837 slurm_job_id=3584837 launched_at=2026-09-27T18:11:21.411415+00:00
TIME run allocation action=new run=/fslarge/scratch/users/h61084/codes/selectime/outputs/selectime/chronos2/selections/scope_mix_per_variate/Australia_Solar/H/medium/run_0 launch_id=selena_3584837 slurm_job_id=3584837 launched_at=2026-09-27T18:11:21.447314+00:00
TIME run allocation action=new run=/fslarge/scratch/users/h61084/codes/selectime/outputs/selectime/chronos2/selections/scope_ridge/Australia_Solar/H/medium/run_0 launch_id=selena_3584837 slurm_job_id=3584837 launched_at=2026-09-27T18:11:21.481575+00:00
TIME run allocation action=new run=/fslarge/scratch/users/h61084/codes/selectime/outputs/selectime/chronos2/selections/top_k_1_mix/Australia_Solar/H/medium/run_0 launch_id=selena_3584837 slurm_job_id=3584837 launched_at=2026-09-27T18:11:21.522885+00:00
TIME run allocation action=new run=/fslarge/scratch/users/h61084/codes/selectime/outputs/selectime/chronos2/selections/top_k_5_mix/Australia_Solar/H/medium/run_0 launch_id=selena_3584837 slurm_job_id=3584837 launched_at=2026-09-27T18:11:21.564707+00:00
TIME run allocation action=new run=/fslarge/scratch/users/h61084/codes/selectime/outputs/selectime/chronos2/selections/top_k_10_mix/Australia_Solar/H/medium/run_0 launch_id=selena_3584837 slurm_job_id=3584837 launched_at=2026-09-27T18:11:21.606282+00:00
TIME run allocation action=new run=/fslarge/scratch/users/h61084/codes/selectime/outputs/selectime/chronos2/selections/top_k_15_mix/Australia_Solar/H/medium/run_0 launch_id=selena_3584837 slurm_job_id=3584837 launched_at=2026-09-27T18:11:21.647393+00:00
TIME run allocation action=new run=/fslarge/scratch/users/h61084/codes/selectime/outputs/selectime/chronos2/selections/top_k_20_mix/Australia_Solar/H/medium/run_0 launch_id=selena_3584837 slurm_job_id=3584837 launched_at=2026-09-27T18:11:21.688664+00:00
TIME run allocation action=new run=/fslarge/scratch/users/h61084/codes/selectime/outputs/selectime/chronos2/selections/scope_selector/Australia_Solar/H/long/run_1 launch_id=selena_3584837 slurm_job_id=3584837 launched_at=2026-09-27T18:11:21.739420+00:00
TIME run allocation action=new run=/fslarge/scratch/users/h61084/codes/selectime/outputs/selectime/chronos2/selections/scope_selector_per_variate/Australia_Solar/H/long/run_0 launch_id=selena_3584837 slurm_job_id=3584837 launched_at=2026-09-27T18:11:21.786823+00:00
TIME run allocation action=new run=/fslarge/scratch/users/h61084/codes/selectime/outputs/selectime/chronos2/selections/scope_mix/Australia_Solar/H/long/run_1 launch_id=selena_3584837 slurm_job_id=3584837 launched_at=2026-09-27T18:11:21.825509+00:00
TIME run allocation action=new run=/fslarge/scratch/users/h61084/codes/selectime/outputs/selectime/chronos2/selections/scope_mix_per_variate/Australia_Solar/H/long/run_0 launch_id=selena_3584837 slurm_job_id=3584837 launched_at=2026-09-27T18:11:21.860638+00:00
TIME run allocation action=new run=/fslarge/scratch/users/h61084/codes/selectime/outputs/selectime/chronos2/selections/scope_ridge/Australia_Solar/H/long/run_0 launch_id=selena_3584837 slurm_job_id=3584837 launched_at=2026-09-27T18:11:21.894158+00:00
TIME run allocation action=new run=/fslarge/scratch/users/h61084/codes/selectime/outputs/selectime/chronos2/selections/top_k_1_mix/Australia_Solar/H/long/run_0 launch_id=selena_3584837 slurm_job_id=3584837 launched_at=2026-09-27T18:11:21.935251+00:00
TIME run allocation action=new run=/fslarge/scratch/users/h61084/codes/selectime/outputs/selectime/chronos2/selections/top_k_5_mix/Australia_Solar/H/long/run_0 launch_id=selena_3584837 slurm_job_id=3584837 launched_at=2026-09-27T18:11:21.976376+00:00
TIME run allocation action=new run=/fslarge/scratch/users/h61084/codes/selectime/outputs/selectime/chronos2/selections/top_k_10_mix/Australia_Solar/H/long/run_0 launch_id=selena_3584837 slurm_job_id=3584837 launched_at=2026-09-27T18:11:22.017782+00:00
TIME run allocation action=new run=/fslarge/scratch/users/h61084/codes/selectime/outputs/selectime/chronos2/selections/top_k_15_mix/Australia_Solar/H/long/run_0 launch_id=selena_3584837 slurm_job_id=3584837 launched_at=2026-09-27T18:11:22.058234+00:00
TIME run allocation action=new run=/fslarge/scratch/users/h61084/codes/selectime/outputs/selectime/chronos2/selections/top_k_20_mix/Australia_Solar/H/long/run_0 launch_id=selena_3584837 slurm_job_id=3584837 launched_at=2026-09-27T18:11:22.098912+00:00
TIME run allocation action=new run=/fslarge/scratch/users/h61084/codes/selectime/outputs/selectime/chronos2/selections/scope_selector/epf_electricity_price/H/short/run_1 launch_id=selena_3584837 slurm_job_id=3584837 launched_at=2026-09-27T18:11:22.169843+00:00
TIME run allocation action=new run=/fslarge/scratch/users/h61084/codes/selectime/outputs/selectime/chronos2/selections/scope_selector_per_variate/epf_electricity_price/H/short/run_0 launch_id=selena_3584837 slurm_job_id=3584837 launched_at=2026-09-27T18:11:22.245469+00:00
TIME run allocation action=new run=/fslarge/scratch/users/h61084/codes/selectime/outputs/selectime/chronos2/selections/scope_mix/epf_electricity_price/H/short/run_1 launch_id=selena_3584837 slurm_job_id=3584837 launched_at=2026-09-27T18:11:22.321111+00:00
TIME run allocation action=new run=/fslarge/scratch/users/h61084/codes/selectime/outputs/selectime/chronos2/selections/scope_mix_per_variate/epf_electricity_price/H/short/run_0 launch_id=selena_3584837 slurm_job_id=3584837 launched_at=2026-09-27T18:11:22.384582+00:00
TIME run allocation action=new run=/fslarge/scratch/users/h61084/codes/selectime/outputs/selectime/chronos2/selections/scope_ridge/epf_electricity_price/H/short/run_0 launch_id=selena_3584837 slurm_job_id=3584837 launched_at=2026-09-27T18:11:22.447168+00:00
TIME run allocation action=new run=/fslarge/scratch/users/h61084/codes/selectime/outputs/selectime/chronos2/selections/top_k_1_mix/epf_electricity_price/H/short/run_0 launch_id=selena_3584837 slurm_job_id=3584837 launched_at=2026-09-27T18:11:22.516962+00:00
TIME run allocation action=new run=/fslarge/scratch/users/h61084/codes/selectime/outputs/selectime/chronos2/selections/top_k_5_mix/epf_electricity_price/H/short/run_0 launch_id=selena_3584837 slurm_job_id=3584837 launched_at=2026-09-27T18:11:22.587177+00:00
TIME run allocation action=new run=/fslarge/scratch/users/h61084/codes/selectime/outputs/selectime/chronos2/selections/top_k_10_mix/epf_electricity_price/H/short/run_0 launch_id=selena_3584837 slurm_job_id=3584837 launched_at=2026-09-27T18:11:22.657476+00:00
TIME run allocation action=new run=/fslarge/scratch/users/h61084/codes/selectime/outputs/selectime/chronos2/selections/top_k_15_mix/epf_electricity_price/H/short/run_0 launch_id=selena_3584837 slurm_job_id=3584837 launched_at=2026-09-27T18:11:22.727467+00:00
TIME run allocation action=new run=/fslarge/scratch/users/h61084/codes/selectime/outputs/selectime/chronos2/selections/top_k_20_mix/epf_electricity_price/H/short/run_0 launch_id=selena_3584837 slurm_job_id=3584837 launched_at=2026-09-27T18:11:22.797341+00:00
TIME run allocation action=new run=/fslarge/scratch/users/h61084/codes/selectime/outputs/selectime/chronos2/selections/scope_selector/epf_electricity_price/H/medium/run_1 launch_id=selena_3584837 slurm_job_id=3584837 launched_at=2026-09-27T18:11:22.885201+00:00
TIME run allocation action=new run=/fslarge/scratch/users/h61084/codes/selectime/outputs/selectime/chronos2/selections/scope_selector_per_variate/epf_electricity_price/H/medium/run_0 launch_id=selena_3584837 slurm_job_id=3584837 launched_at=2026-09-27T18:11:22.954658+00:00
TIME run allocation action=new run=/fslarge/scratch/users/h61084/codes/selectime/outputs/selectime/chronos2/selections/scope_mix/epf_electricity_price/H/medium/run_1 launch_id=selena_3584837 slurm_job_id=3584837 launched_at=2026-09-27T18:11:23.028915+00:00
TIME run allocation action=new run=/fslarge/scratch/users/h61084/codes/selectime/outputs/selectime/chronos2/selections/scope_mix_per_variate/epf_electricity_price/H/medium/run_0 launch_id=selena_3584837 slurm_job_id=3584837 launched_at=2026-09-27T18:11:23.090644+00:00
TIME run allocation action=new run=/fslarge/scratch/users/h61084/codes/selectime/outputs/selectime/chronos2/selections/scope_ridge/epf_electricity_price/H/medium/run_0 launch_id=selena_3584837 slurm_job_id=3584837 launched_at=2026-09-27T18:11:23.151506+00:00
TIME run allocation action=new run=/fslarge/scratch/users/h61084/codes/selectime/outputs/selectime/chronos2/selections/top_k_1_mix/epf_electricity_price/H/medium/run_0 launch_id=selena_3584837 slurm_job_id=3584837 launched_at=2026-09-27T18:11:23.219113+00:00
TIME run allocation action=new run=/fslarge/scratch/users/h61084/codes/selectime/outputs/selectime/chronos2/selections/top_k_5_mix/epf_electricity_price/H/medium/run_0 launch_id=selena_3584837 slurm_job_id=3584837 launched_at=2026-09-27T18:11:23.286855+00:00
TIME run allocation action=new run=/fslarge/scratch/users/h61084/codes/selectime/outputs/selectime/chronos2/selections/top_k_10_mix/epf_electricity_price/H/medium/run_0 launch_id=selena_3584837 slurm_job_id=3584837 launched_at=2026-09-27T18:11:23.355096+00:00
TIME run allocation action=new run=/fslarge/scratch/users/h61084/codes/selectime/outputs/selectime/chronos2/selections/top_k_15_mix/epf_electricity_price/H/medium/run_0 launch_id=selena_3584837 slurm_job_id=3584837 launched_at=2026-09-27T18:11:23.424443+00:00
TIME run allocation action=new run=/fslarge/scratch/users/h61084/codes/selectime/outputs/selectime/chronos2/selections/top_k_20_mix/epf_electricity_price/H/medium/run_0 launch_id=selena_3584837 slurm_job_id=3584837 launched_at=2026-09-27T18:11:23.491189+00:00
TIME run allocation action=new run=/fslarge/scratch/users/h61084/codes/selectime/outputs/selectime/chronos2/selections/scope_selector/epf_electricity_price/H/long/run_1 launch_id=selena_3584837 slurm_job_id=3584837 launched_at=2026-09-27T18:11:23.576560+00:00
TIME run allocation action=new run=/fslarge/scratch/users/h61084/codes/selectime/outputs/selectime/chronos2/selections/scope_selector_per_variate/epf_electricity_price/H/long/run_0 launch_id=selena_3584837 slurm_job_id=3584837 launched_at=2026-09-27T18:11:23.645787+00:00
TIME run allocation action=new run=/fslarge/scratch/users/h61084/codes/selectime/outputs/selectime/chronos2/selections/scope_mix/epf_electricity_price/H/long/run_1 launch_id=selena_3584837 slurm_job_id=3584837 launched_at=2026-09-27T18:11:23.711592+00:00
TIME run allocation action=new run=/fslarge/scratch/users/h61084/codes/selectime/outputs/selectime/chronos2/selections/scope_mix_per_variate/epf_electricity_price/H/long/run_0 launch_id=selena_3584837 slurm_job_id=3584837 launched_at=2026-09-27T18:11:23.772607+00:00
TIME run allocation action=new run=/fslarge/scratch/users/h61084/codes/selectime/outputs/selectime/chronos2/selections/scope_ridge/epf_electricity_price/H/long/run_0 launch_id=selena_3584837 slurm_job_id=3584837 launched_at=2026-09-27T18:11:23.831362+00:00
TIME run allocation action=new run=/fslarge/scratch/users/h61084/codes/selectime/outputs/selectime/chronos2/selections/top_k_1_mix/epf_electricity_price/H/long/run_0 launch_id=selena_3584837 slurm_job_id=3584837 launched_at=2026-09-27T18:11:23.898519+00:00
TIME run allocation action=new run=/fslarge/scratch/users/h61084/codes/selectime/outputs/selectime/chronos2/selections/top_k_5_mix/epf_electricity_price/H/long/run_0 launch_id=selena_3584837 slurm_job_id=3584837 launched_at=2026-09-27T18:11:23.965079+00:00
TIME run allocation action=new run=/fslarge/scratch/users/h61084/codes/selectime/outputs/selectime/chronos2/selections/top_k_10_mix/epf_electricity_price/H/long/run_0 launch_id=selena_3584837 slurm_job_id=3584837 launched_at=2026-09-27T18:11:24.032051+00:00
TIME run allocation action=new run=/fslarge/scratch/users/h61084/codes/selectime/outputs/selectime/chronos2/selections/top_k_15_mix/epf_electricity_price/H/long/run_0 launch_id=selena_3584837 slurm_job_id=3584837 launched_at=2026-09-27T18:11:24.098915+00:00
TIME run allocation action=new run=/fslarge/scratch/users/h61084/codes/selectime/outputs/selectime/chronos2/selections/top_k_20_mix/epf_electricity_price/H/long/run_0 launch_id=selena_3584837 slurm_job_id=3584837 launched_at=2026-09-27T18:11:24.165718+00:00
TIME run allocation action=new run=/fslarge/scratch/users/h61084/codes/selectime/outputs/selectime/chronos2/selections/scope_selector/OpenElectricity_NEM/5T/short/run_1 launch_id=selena_3584837 slurm_job_id=3584837 launched_at=2026-09-27T18:11:24.282019+00:00
TIME run allocation action=new run=/fslarge/scratch/users/h61084/codes/selectime/outputs/selectime/chronos2/selections/scope_selector_per_variate/OpenElectricity_NEM/5T/short/run_0 launch_id=selena_3584837 slurm_job_id=3584837 launched_at=2026-09-27T18:11:24.369583+00:00
TIME run allocation action=new run=/fslarge/scratch/users/h61084/codes/selectime/outputs/selectime/chronos2/selections/scope_mix/OpenElectricity_NEM/5T/short/run_1 launch_id=selena_3584837 slurm_job_id=3584837 launched_at=2026-09-27T18:11:24.444392+00:00
TIME run allocation action=new run=/fslarge/scratch/users/h61084/codes/selectime/outputs/selectime/chronos2/selections/scope_mix_per_variate/OpenElectricity_NEM/5T/short/run_0 launch_id=selena_3584837 slurm_job_id=3584837 launched_at=2026-09-27T18:11:24.489392+00:00
TIME run allocation action=new run=/fslarge/scratch/users/h61084/codes/selectime/outputs/selectime/chronos2/selections/scope_ridge/OpenElectricity_NEM/5T/short/run_0 launch_id=selena_3584837 slurm_job_id=3584837 launched_at=2026-09-27T18:11:24.535128+00:00
TIME run allocation action=new run=/fslarge/scratch/users/h61084/codes/selectime/outputs/selectime/chronos2/selections/top_k_1_mix/OpenElectricity_NEM/5T/short/run_0 launch_id=selena_3584837 slurm_job_id=3584837 launched_at=2026-09-27T18:11:24.586018+00:00
TIME run allocation action=new run=/fslarge/scratch/users/h61084/codes/selectime/outputs/selectime/chronos2/selections/top_k_5_mix/OpenElectricity_NEM/5T/short/run_0 launch_id=selena_3584837 slurm_job_id=3584837 launched_at=2026-09-27T18:11:24.637130+00:00
TIME run allocation action=new run=/fslarge/scratch/users/h61084/codes/selectime/outputs/selectime/chronos2/selections/top_k_10_mix/OpenElectricity_NEM/5T/short/run_0 launch_id=selena_3584837 slurm_job_id=3584837 launched_at=2026-09-27T18:11:24.688712+00:00
TIME run allocation action=new run=/fslarge/scratch/users/h61084/codes/selectime/outputs/selectime/chronos2/selections/top_k_15_mix/OpenElectricity_NEM/5T/short/run_0 launch_id=selena_3584837 slurm_job_id=3584837 launched_at=2026-09-27T18:11:24.740231+00:00
TIME run allocation action=new run=/fslarge/scratch/users/h61084/codes/selectime/outputs/selectime/chronos2/selections/top_k_20_mix/OpenElectricity_NEM/5T/short/run_0 launch_id=selena_3584837 slurm_job_id=3584837 launched_at=2026-09-27T18:11:24.791819+00:00
TIME run allocation action=new run=/fslarge/scratch/users/h61084/codes/selectime/outputs/selectime/chronos2/selections/scope_selector/OpenElectricity_NEM/5T/medium/run_1 launch_id=selena_3584837 slurm_job_id=3584837 launched_at=2026-09-27T18:11:24.879550+00:00
TIME run allocation action=new run=/fslarge/scratch/users/h61084/codes/selectime/outputs/selectime/chronos2/selections/scope_selector_per_variate/OpenElectricity_NEM/5T/medium/run_0 launch_id=selena_3584837 slurm_job_id=3584837 launched_at=2026-09-27T18:11:24.952569+00:00
TIME run allocation action=new run=/fslarge/scratch/users/h61084/codes/selectime/outputs/selectime/chronos2/selections/scope_mix/OpenElectricity_NEM/5T/medium/run_1 launch_id=selena_3584837 slurm_job_id=3584837 launched_at=2026-09-27T18:11:25.003471+00:00
TIME run allocation action=new run=/fslarge/scratch/users/h61084/codes/selectime/outputs/selectime/chronos2/selections/scope_mix_per_variate/OpenElectricity_NEM/5T/medium/run_0 launch_id=selena_3584837 slurm_job_id=3584837 launched_at=2026-09-27T18:11:25.041729+00:00
TIME run allocation action=new run=/fslarge/scratch/users/h61084/codes/selectime/outputs/selectime/chronos2/selections/scope_ridge/OpenElectricity_NEM/5T/medium/run_0 launch_id=selena_3584837 slurm_job_id=3584837 launched_at=2026-09-27T18:11:25.078818+00:00
TIME run allocation action=new run=/fslarge/scratch/users/h61084/codes/selectime/outputs/selectime/chronos2/selections/top_k_1_mix/OpenElectricity_NEM/5T/medium/run_0 launch_id=selena_3584837 slurm_job_id=3584837 launched_at=2026-09-27T18:11:25.122283+00:00
TIME run allocation action=new run=/fslarge/scratch/users/h61084/codes/selectime/outputs/selectime/chronos2/selections/top_k_5_mix/OpenElectricity_NEM/5T/medium/run_0 launch_id=selena_3584837 slurm_job_id=3584837 launched_at=2026-09-27T18:11:25.166098+00:00
TIME run allocation action=new run=/fslarge/scratch/users/h61084/codes/selectime/outputs/selectime/chronos2/selections/top_k_10_mix/OpenElectricity_NEM/5T/medium/run_0 launch_id=selena_3584837 slurm_job_id=3584837 launched_at=2026-09-27T18:11:25.210325+00:00
TIME run allocation action=new run=/fslarge/scratch/users/h61084/codes/selectime/outputs/selectime/chronos2/selections/top_k_15_mix/OpenElectricity_NEM/5T/medium/run_0 launch_id=selena_3584837 slurm_job_id=3584837 launched_at=2026-09-27T18:11:25.254074+00:00
TIME run allocation action=new run=/fslarge/scratch/users/h61084/codes/selectime/outputs/selectime/chronos2/selections/top_k_20_mix/OpenElectricity_NEM/5T/medium/run_0 launch_id=selena_3584837 slurm_job_id=3584837 launched_at=2026-09-27T18:11:25.297717+00:00
TIME run allocation action=new run=/fslarge/scratch/users/h61084/codes/selectime/outputs/selectime/chronos2/selections/scope_selector/OpenElectricity_NEM/5T/long/run_1 launch_id=selena_3584837 slurm_job_id=3584837 launched_at=2026-09-27T18:11:25.376637+00:00
TIME run allocation action=new run=/fslarge/scratch/users/h61084/codes/selectime/outputs/selectime/chronos2/selections/scope_selector_per_variate/OpenElectricity_NEM/5T/long/run_0 launch_id=selena_3584837 slurm_job_id=3584837 launched_at=2026-09-27T18:11:25.446168+00:00
TIME run allocation action=new run=/fslarge/scratch/users/h61084/codes/selectime/outputs/selectime/chronos2/selections/scope_mix/OpenElectricity_NEM/5T/long/run_1 launch_id=selena_3584837 slurm_job_id=3584837 launched_at=2026-09-27T18:11:25.489241+00:00
TIME run allocation action=new run=/fslarge/scratch/users/h61084/codes/selectime/outputs/selectime/chronos2/selections/scope_mix_per_variate/OpenElectricity_NEM/5T/long/run_0 launch_id=selena_3584837 slurm_job_id=3584837 launched_at=2026-09-27T18:11:25.524491+00:00
TIME run allocation action=new run=/fslarge/scratch/users/h61084/codes/selectime/outputs/selectime/chronos2/selections/scope_ridge/OpenElectricity_NEM/5T/long/run_0 launch_id=selena_3584837 slurm_job_id=3584837 launched_at=2026-09-27T18:11:25.559558+00:00
TIME run allocation action=new run=/fslarge/scratch/users/h61084/codes/selectime/outputs/selectime/chronos2/selections/top_k_1_mix/OpenElectricity_NEM/5T/long/run_0 launch_id=selena_3584837 slurm_job_id=3584837 launched_at=2026-09-27T18:11:25.601342+00:00
TIME run allocation action=new run=/fslarge/scratch/users/h61084/codes/selectime/outputs/selectime/chronos2/selections/top_k_5_mix/OpenElectricity_NEM/5T/long/run_0 launch_id=selena_3584837 slurm_job_id=3584837 launched_at=2026-09-27T18:11:25.642850+00:00
TIME run allocation action=new run=/fslarge/scratch/users/h61084/codes/selectime/outputs/selectime/chronos2/selections/top_k_10_mix/OpenElectricity_NEM/5T/long/run_0 launch_id=selena_3584837 slurm_job_id=3584837 launched_at=2026-09-27T18:11:25.685253+00:00
TIME run allocation action=new run=/fslarge/scratch/users/h61084/codes/selectime/outputs/selectime/chronos2/selections/top_k_15_mix/OpenElectricity_NEM/5T/long/run_0 launch_id=selena_3584837 slurm_job_id=3584837 launched_at=2026-09-27T18:11:25.727312+00:00
TIME run allocation action=new run=/fslarge/scratch/users/h61084/codes/selectime/outputs/selectime/chronos2/selections/top_k_20_mix/OpenElectricity_NEM/5T/long/run_0 launch_id=selena_3584837 slurm_job_id=3584837 launched_at=2026-09-27T18:11:25.768913+00:00
TIME run allocation action=new run=/fslarge/scratch/users/h61084/codes/selectime/outputs/selectime/chronos2/selections/scope_selector/EWELD_Load/15T/short/run_1 launch_id=selena_3584837 slurm_job_id=3584837 launched_at=2026-09-27T18:11:25.836031+00:00
TIME run allocation action=new run=/fslarge/scratch/users/h61084/codes/selectime/outputs/selectime/chronos2/selections/scope_selector_per_variate/EWELD_Load/15T/short/run_0 launch_id=selena_3584837 slurm_job_id=3584837 launched_at=2026-09-27T18:11:25.892591+00:00
TIME run allocation action=new run=/fslarge/scratch/users/h61084/codes/selectime/outputs/selectime/chronos2/selections/scope_mix/EWELD_Load/15T/short/run_1 launch_id=selena_3584837 slurm_job_id=3584837 launched_at=2026-09-27T18:11:25.946778+00:00
TIME run allocation action=new run=/fslarge/scratch/users/h61084/codes/selectime/outputs/selectime/chronos2/selections/scope_mix_per_variate/EWELD_Load/15T/short/run_0 launch_id=selena_3584837 slurm_job_id=3584837 launched_at=2026-09-27T18:11:25.985408+00:00
TIME run allocation action=new run=/fslarge/scratch/users/h61084/codes/selectime/outputs/selectime/chronos2/selections/scope_ridge/EWELD_Load/15T/short/run_0 launch_id=selena_3584837 slurm_job_id=3584837 launched_at=2026-09-27T18:11:26.023290+00:00
TIME run allocation action=new run=/fslarge/scratch/users/h61084/codes/selectime/outputs/selectime/chronos2/selections/top_k_1_mix/EWELD_Load/15T/short/run_0 launch_id=selena_3584837 slurm_job_id=3584837 launched_at=2026-09-27T18:11:26.067921+00:00
TIME run allocation action=new run=/fslarge/scratch/users/h61084/codes/selectime/outputs/selectime/chronos2/selections/top_k_5_mix/EWELD_Load/15T/short/run_0 launch_id=selena_3584837 slurm_job_id=3584837 launched_at=2026-09-27T18:11:26.112188+00:00
TIME run allocation action=new run=/fslarge/scratch/users/h61084/codes/selectime/outputs/selectime/chronos2/selections/top_k_10_mix/EWELD_Load/15T/short/run_0 launch_id=selena_3584837 slurm_job_id=3584837 launched_at=2026-09-27T18:11:26.156670+00:00
TIME run allocation action=new run=/fslarge/scratch/users/h61084/codes/selectime/outputs/selectime/chronos2/selections/top_k_15_mix/EWELD_Load/15T/short/run_0 launch_id=selena_3584837 slurm_job_id=3584837 launched_at=2026-09-27T18:11:26.201033+00:00
TIME run allocation action=new run=/fslarge/scratch/users/h61084/codes/selectime/outputs/selectime/chronos2/selections/top_k_20_mix/EWELD_Load/15T/short/run_0 launch_id=selena_3584837 slurm_job_id=3584837 launched_at=2026-09-27T18:11:26.244941+00:00
TIME run allocation action=new run=/fslarge/scratch/users/h61084/codes/selectime/outputs/selectime/chronos2/selections/scope_selector/EWELD_Load/15T/medium/run_1 launch_id=selena_3584837 slurm_job_id=3584837 launched_at=2026-09-27T18:11:26.304618+00:00
TIME run allocation action=new run=/fslarge/scratch/users/h61084/codes/selectime/outputs/selectime/chronos2/selections/scope_selector_per_variate/EWELD_Load/15T/medium/run_0 launch_id=selena_3584837 slurm_job_id=3584837 launched_at=2026-09-27T18:11:26.357494+00:00
TIME run allocation action=new run=/fslarge/scratch/users/h61084/codes/selectime/outputs/selectime/chronos2/selections/scope_mix/EWELD_Load/15T/medium/run_1 launch_id=selena_3584837 slurm_job_id=3584837 launched_at=2026-09-27T18:11:26.400626+00:00
TIME run allocation action=new run=/fslarge/scratch/users/h61084/codes/selectime/outputs/selectime/chronos2/selections/scope_mix_per_variate/EWELD_Load/15T/medium/run_0 launch_id=selena_3584837 slurm_job_id=3584837 launched_at=2026-09-27T18:11:26.436320+00:00
TIME run allocation action=new run=/fslarge/scratch/users/h61084/codes/selectime/outputs/selectime/chronos2/selections/scope_ridge/EWELD_Load/15T/medium/run_0 launch_id=selena_3584837 slurm_job_id=3584837 launched_at=2026-09-27T18:11:26.471170+00:00
TIME run allocation action=new run=/fslarge/scratch/users/h61084/codes/selectime/outputs/selectime/chronos2/selections/top_k_1_mix/EWELD_Load/15T/medium/run_0 launch_id=selena_3584837 slurm_job_id=3584837 launched_at=2026-09-27T18:11:26.513051+00:00
TIME run allocation action=new run=/fslarge/scratch/users/h61084/codes/selectime/outputs/selectime/chronos2/selections/top_k_5_mix/EWELD_Load/15T/medium/run_0 launch_id=selena_3584837 slurm_job_id=3584837 launched_at=2026-09-27T18:11:26.554709+00:00
TIME run allocation action=new run=/fslarge/scratch/users/h61084/codes/selectime/outputs/selectime/chronos2/selections/top_k_10_mix/EWELD_Load/15T/medium/run_0 launch_id=selena_3584837 slurm_job_id=3584837 launched_at=2026-09-27T18:11:26.596075+00:00
TIME run allocation action=new run=/fslarge/scratch/users/h61084/codes/selectime/outputs/selectime/chronos2/selections/top_k_15_mix/EWELD_Load/15T/medium/run_0 launch_id=selena_3584837 slurm_job_id=3584837 launched_at=2026-09-27T18:11:26.637873+00:00
TIME run allocation action=new run=/fslarge/scratch/users/h61084/codes/selectime/outputs/selectime/chronos2/selections/top_k_20_mix/EWELD_Load/15T/medium/run_0 launch_id=selena_3584837 slurm_job_id=3584837 launched_at=2026-09-27T18:11:26.680039+00:00
TIME run allocation action=new run=/fslarge/scratch/users/h61084/codes/selectime/outputs/selectime/chronos2/selections/scope_selector/EWELD_Load/15T/long/run_1 launch_id=selena_3584837 slurm_job_id=3584837 launched_at=2026-09-27T18:11:26.737210+00:00
TIME run allocation action=new run=/fslarge/scratch/users/h61084/codes/selectime/outputs/selectime/chronos2/selections/scope_selector_per_variate/EWELD_Load/15T/long/run_0 launch_id=selena_3584837 slurm_job_id=3584837 launched_at=2026-09-27T18:11:26.790308+00:00
TIME run allocation action=new run=/fslarge/scratch/users/h61084/codes/selectime/outputs/selectime/chronos2/selections/scope_mix/EWELD_Load/15T/long/run_1 launch_id=selena_3584837 slurm_job_id=3584837 launched_at=2026-09-27T18:11:26.829982+00:00
TIME run allocation action=new run=/fslarge/scratch/users/h61084/codes/selectime/outputs/selectime/chronos2/selections/scope_mix_per_variate/EWELD_Load/15T/long/run_0 launch_id=selena_3584837 slurm_job_id=3584837 launched_at=2026-09-27T18:11:26.865107+00:00
TIME run allocation action=new run=/fslarge/scratch/users/h61084/codes/selectime/outputs/selectime/chronos2/selections/scope_ridge/EWELD_Load/15T/long/run_0 launch_id=selena_3584837 slurm_job_id=3584837 launched_at=2026-09-27T18:11:26.899449+00:00
TIME run allocation action=new run=/fslarge/scratch/users/h61084/codes/selectime/outputs/selectime/chronos2/selections/top_k_1_mix/EWELD_Load/15T/long/run_0 launch_id=selena_3584837 slurm_job_id=3584837 launched_at=2026-09-27T18:11:26.941613+00:00
TIME run allocation action=new run=/fslarge/scratch/users/h61084/codes/selectime/outputs/selectime/chronos2/selections/top_k_5_mix/EWELD_Load/15T/long/run_0 launch_id=selena_3584837 slurm_job_id=3584837 launched_at=2026-09-27T18:11:26.982874+00:00
TIME run allocation action=new run=/fslarge/scratch/users/h61084/codes/selectime/outputs/selectime/chronos2/selections/top_k_10_mix/EWELD_Load/15T/long/run_0 launch_id=selena_3584837 slurm_job_id=3584837 launched_at=2026-09-27T18:11:27.023631+00:00
TIME run allocation action=new run=/fslarge/scratch/users/h61084/codes/selectime/outputs/selectime/chronos2/selections/top_k_15_mix/EWELD_Load/15T/long/run_0 launch_id=selena_3584837 slurm_job_id=3584837 launched_at=2026-09-27T18:11:27.064347+00:00
TIME run allocation action=new run=/fslarge/scratch/users/h61084/codes/selectime/outputs/selectime/chronos2/selections/top_k_20_mix/EWELD_Load/15T/long/run_0 launch_id=selena_3584837 slurm_job_id=3584837 launched_at=2026-09-27T18:11:27.105100+00:00
TIME run allocation action=new run=/fslarge/scratch/users/h61084/codes/selectime/outputs/selectime/chronos2/selections/scope_selector/SG_Carpark/15T/short/run_1 launch_id=selena_3584837 slurm_job_id=3584837 launched_at=2026-09-27T18:11:27.532285+00:00
TIME run allocation action=new run=/fslarge/scratch/users/h61084/codes/selectime/outputs/selectime/chronos2/selections/scope_selector_per_variate/SG_Carpark/15T/short/run_0 launch_id=selena_3584837 slurm_job_id=3584837 launched_at=2026-09-27T18:11:28.180944+00:00
TIME run allocation action=new run=/fslarge/scratch/users/h61084/codes/selectime/outputs/selectime/chronos2/selections/scope_mix/SG_Carpark/15T/short/run_1 launch_id=selena_3584837 slurm_job_id=3584837 launched_at=2026-09-27T18:11:29.388249+00:00
TIME run allocation action=new run=/fslarge/scratch/users/h61084/codes/selectime/outputs/selectime/chronos2/selections/scope_mix_per_variate/SG_Carpark/15T/short/run_0 launch_id=selena_3584837 slurm_job_id=3584837 launched_at=2026-09-27T18:11:30.023326+00:00
TIME run allocation action=new run=/fslarge/scratch/users/h61084/codes/selectime/outputs/selectime/chronos2/selections/scope_ridge/SG_Carpark/15T/short/run_0 launch_id=selena_3584837 slurm_job_id=3584837 launched_at=2026-09-27T18:11:30.822558+00:00
TIME run allocation action=new run=/fslarge/scratch/users/h61084/codes/selectime/outputs/selectime/chronos2/selections/top_k_1_mix/SG_Carpark/15T/short/run_0 launch_id=selena_3584837 slurm_job_id=3584837 launched_at=2026-09-27T18:11:31.464493+00:00
TIME run allocation action=new run=/fslarge/scratch/users/h61084/codes/selectime/outputs/selectime/chronos2/selections/top_k_5_mix/SG_Carpark/15T/short/run_0 launch_id=selena_3584837 slurm_job_id=3584837 launched_at=2026-09-27T18:11:32.107509+00:00
TIME run allocation action=new run=/fslarge/scratch/users/h61084/codes/selectime/outputs/selectime/chronos2/selections/top_k_10_mix/SG_Carpark/15T/short/run_0 launch_id=selena_3584837 slurm_job_id=3584837 launched_at=2026-09-27T18:11:32.750719+00:00
TIME run allocation action=new run=/fslarge/scratch/users/h61084/codes/selectime/outputs/selectime/chronos2/selections/top_k_15_mix/SG_Carpark/15T/short/run_0 launch_id=selena_3584837 slurm_job_id=3584837 launched_at=2026-09-27T18:11:33.395016+00:00
TIME run allocation action=new run=/fslarge/scratch/users/h61084/codes/selectime/outputs/selectime/chronos2/selections/top_k_20_mix/SG_Carpark/15T/short/run_0 launch_id=selena_3584837 slurm_job_id=3584837 launched_at=2026-09-27T18:11:34.038679+00:00
TIME run allocation action=new run=/fslarge/scratch/users/h61084/codes/selectime/outputs/selectime/chronos2/selections/scope_selector/SG_Carpark/15T/medium/run_1 launch_id=selena_3584837 slurm_job_id=3584837 launched_at=2026-09-27T18:11:35.020391+00:00
TIME run allocation action=new run=/fslarge/scratch/users/h61084/codes/selectime/outputs/selectime/chronos2/selections/scope_selector_per_variate/SG_Carpark/15T/medium/run_0 launch_id=selena_3584837 slurm_job_id=3584837 launched_at=2026-09-27T18:11:35.593152+00:00
TIME run allocation action=new run=/fslarge/scratch/users/h61084/codes/selectime/outputs/selectime/chronos2/selections/scope_mix/SG_Carpark/15T/medium/run_1 launch_id=selena_3584837 slurm_job_id=3584837 launched_at=2026-09-27T18:11:36.317721+00:00
TIME run allocation action=new run=/fslarge/scratch/users/h61084/codes/selectime/outputs/selectime/chronos2/selections/scope_mix_per_variate/SG_Carpark/15T/medium/run_0 launch_id=selena_3584837 slurm_job_id=3584837 launched_at=2026-09-27T18:11:36.882877+00:00
TIME run allocation action=new run=/fslarge/scratch/users/h61084/codes/selectime/outputs/selectime/chronos2/selections/scope_ridge/SG_Carpark/15T/medium/run_0 launch_id=selena_3584837 slurm_job_id=3584837 launched_at=2026-09-27T18:11:37.488754+00:00
TIME run allocation action=new run=/fslarge/scratch/users/h61084/codes/selectime/outputs/selectime/chronos2/selections/top_k_1_mix/SG_Carpark/15T/medium/run_0 launch_id=selena_3584837 slurm_job_id=3584837 launched_at=2026-09-27T18:11:38.059337+00:00
TIME run allocation action=new run=/fslarge/scratch/users/h61084/codes/selectime/outputs/selectime/chronos2/selections/top_k_5_mix/SG_Carpark/15T/medium/run_0 launch_id=selena_3584837 slurm_job_id=3584837 launched_at=2026-09-27T18:11:38.631584+00:00
TIME run allocation action=new run=/fslarge/scratch/users/h61084/codes/selectime/outputs/selectime/chronos2/selections/top_k_10_mix/SG_Carpark/15T/medium/run_0 launch_id=selena_3584837 slurm_job_id=3584837 launched_at=2026-09-27T18:11:39.203107+00:00
TIME run allocation action=new run=/fslarge/scratch/users/h61084/codes/selectime/outputs/selectime/chronos2/selections/top_k_15_mix/SG_Carpark/15T/medium/run_0 launch_id=selena_3584837 slurm_job_id=3584837 launched_at=2026-09-27T18:11:39.773164+00:00
TIME run allocation action=new run=/fslarge/scratch/users/h61084/codes/selectime/outputs/selectime/chronos2/selections/top_k_20_mix/SG_Carpark/15T/medium/run_0 launch_id=selena_3584837 slurm_job_id=3584837 launched_at=2026-09-27T18:11:40.344410+00:00
TIME run allocation action=new run=/fslarge/scratch/users/h61084/codes/selectime/outputs/selectime/chronos2/selections/scope_selector/SG_Carpark/15T/long/run_1 launch_id=selena_3584837 slurm_job_id=3584837 launched_at=2026-09-27T18:11:41.252433+00:00
TIME run allocation action=new run=/fslarge/scratch/users/h61084/codes/selectime/outputs/selectime/chronos2/selections/scope_selector_per_variate/SG_Carpark/15T/long/run_0 launch_id=selena_3584837 slurm_job_id=3584837 launched_at=2026-09-27T18:11:41.811038+00:00
TIME run allocation action=new run=/fslarge/scratch/users/h61084/codes/selectime/outputs/selectime/chronos2/selections/scope_mix/SG_Carpark/15T/long/run_1 launch_id=selena_3584837 slurm_job_id=3584837 launched_at=2026-09-27T18:11:42.390103+00:00
TIME run allocation action=new run=/fslarge/scratch/users/h61084/codes/selectime/outputs/selectime/chronos2/selections/scope_mix_per_variate/SG_Carpark/15T/long/run_0 launch_id=selena_3584837 slurm_job_id=3584837 launched_at=2026-09-27T18:11:42.940776+00:00
TIME run allocation action=new run=/fslarge/scratch/users/h61084/codes/selectime/outputs/selectime/chronos2/selections/scope_ridge/SG_Carpark/15T/long/run_0 launch_id=selena_3584837 slurm_job_id=3584837 launched_at=2026-09-27T18:11:43.514660+00:00
TIME run allocation action=new run=/fslarge/scratch/users/h61084/codes/selectime/outputs/selectime/chronos2/selections/top_k_1_mix/SG_Carpark/15T/long/run_0 launch_id=selena_3584837 slurm_job_id=3584837 launched_at=2026-09-27T18:11:44.073621+00:00
TIME run allocation action=new run=/fslarge/scratch/users/h61084/codes/selectime/outputs/selectime/chronos2/selections/top_k_5_mix/SG_Carpark/15T/long/run_0 launch_id=selena_3584837 slurm_job_id=3584837 launched_at=2026-09-27T18:11:44.636554+00:00
TIME run allocation action=new run=/fslarge/scratch/users/h61084/codes/selectime/outputs/selectime/chronos2/selections/top_k_10_mix/SG_Carpark/15T/long/run_0 launch_id=selena_3584837 slurm_job_id=3584837 launched_at=2026-09-27T18:11:45.193711+00:00
TIME run allocation action=new run=/fslarge/scratch/users/h61084/codes/selectime/outputs/selectime/chronos2/selections/top_k_15_mix/SG_Carpark/15T/long/run_0 launch_id=selena_3584837 slurm_job_id=3584837 launched_at=2026-09-27T18:11:45.752291+00:00
TIME run allocation action=new run=/fslarge/scratch/users/h61084/codes/selectime/outputs/selectime/chronos2/selections/top_k_20_mix/SG_Carpark/15T/long/run_0 launch_id=selena_3584837 slurm_job_id=3584837 launched_at=2026-09-27T18:11:46.310301+00:00
TIME run allocation action=new run=/fslarge/scratch/users/h61084/codes/selectime/outputs/selectime/chronos2/selections/scope_selector/Finland_Traffic/15T/short/run_1 launch_id=selena_3584837 slurm_job_id=3584837 launched_at=2026-09-27T18:11:46.880908+00:00
TIME run allocation action=new run=/fslarge/scratch/users/h61084/codes/selectime/outputs/selectime/chronos2/selections/scope_selector_per_variate/Finland_Traffic/15T/short/run_0 launch_id=selena_3584837 slurm_job_id=3584837 launched_at=2026-09-27T18:11:46.929505+00:00
TIME run allocation action=new run=/fslarge/scratch/users/h61084/codes/selectime/outputs/selectime/chronos2/selections/scope_mix/Finland_Traffic/15T/short/run_1 launch_id=selena_3584837 slurm_job_id=3584837 launched_at=2026-09-27T18:11:46.969493+00:00
TIME run allocation action=new run=/fslarge/scratch/users/h61084/codes/selectime/outputs/selectime/chronos2/selections/scope_mix_per_variate/Finland_Traffic/15T/short/run_0 launch_id=selena_3584837 slurm_job_id=3584837 launched_at=2026-09-27T18:11:47.005772+00:00
TIME run allocation action=new run=/fslarge/scratch/users/h61084/codes/selectime/outputs/selectime/chronos2/selections/scope_ridge/Finland_Traffic/15T/short/run_0 launch_id=selena_3584837 slurm_job_id=3584837 launched_at=2026-09-27T18:11:47.040769+00:00
TIME run allocation action=new run=/fslarge/scratch/users/h61084/codes/selectime/outputs/selectime/chronos2/selections/top_k_1_mix/Finland_Traffic/15T/short/run_0 launch_id=selena_3584837 slurm_job_id=3584837 launched_at=2026-09-27T18:11:47.083457+00:00
TIME run allocation action=new run=/fslarge/scratch/users/h61084/codes/selectime/outputs/selectime/chronos2/selections/top_k_5_mix/Finland_Traffic/15T/short/run_0 launch_id=selena_3584837 slurm_job_id=3584837 launched_at=2026-09-27T18:11:47.126274+00:00
TIME run allocation action=new run=/fslarge/scratch/users/h61084/codes/selectime/outputs/selectime/chronos2/selections/top_k_10_mix/Finland_Traffic/15T/short/run_0 launch_id=selena_3584837 slurm_job_id=3584837 launched_at=2026-09-27T18:11:47.168390+00:00
TIME run allocation action=new run=/fslarge/scratch/users/h61084/codes/selectime/outputs/selectime/chronos2/selections/top_k_15_mix/Finland_Traffic/15T/short/run_0 launch_id=selena_3584837 slurm_job_id=3584837 launched_at=2026-09-27T18:11:47.210531+00:00
TIME run allocation action=new run=/fslarge/scratch/users/h61084/codes/selectime/outputs/selectime/chronos2/selections/top_k_20_mix/Finland_Traffic/15T/short/run_0 launch_id=selena_3584837 slurm_job_id=3584837 launched_at=2026-09-27T18:11:47.252354+00:00
TIME run allocation action=new run=/fslarge/scratch/users/h61084/codes/selectime/outputs/selectime/chronos2/selections/scope_selector/Finland_Traffic/15T/medium/run_1 launch_id=selena_3584837 slurm_job_id=3584837 launched_at=2026-09-27T18:11:47.297770+00:00
TIME run allocation action=new run=/fslarge/scratch/users/h61084/codes/selectime/outputs/selectime/chronos2/selections/scope_selector_per_variate/Finland_Traffic/15T/medium/run_0 launch_id=selena_3584837 slurm_job_id=3584837 launched_at=2026-09-27T18:11:47.342689+00:00
TIME run allocation action=new run=/fslarge/scratch/users/h61084/codes/selectime/outputs/selectime/chronos2/selections/scope_mix/Finland_Traffic/15T/medium/run_1 launch_id=selena_3584837 slurm_job_id=3584837 launched_at=2026-09-27T18:11:47.379564+00:00
TIME run allocation action=new run=/fslarge/scratch/users/h61084/codes/selectime/outputs/selectime/chronos2/selections/scope_mix_per_variate/Finland_Traffic/15T/medium/run_0 launch_id=selena_3584837 slurm_job_id=3584837 launched_at=2026-09-27T18:11:47.414675+00:00
TIME run allocation action=new run=/fslarge/scratch/users/h61084/codes/selectime/outputs/selectime/chronos2/selections/scope_ridge/Finland_Traffic/15T/medium/run_0 launch_id=selena_3584837 slurm_job_id=3584837 launched_at=2026-09-27T18:11:47.448356+00:00
TIME run allocation action=new run=/fslarge/scratch/users/h61084/codes/selectime/outputs/selectime/chronos2/selections/top_k_1_mix/Finland_Traffic/15T/medium/run_0 launch_id=selena_3584837 slurm_job_id=3584837 launched_at=2026-09-27T18:11:47.489716+00:00
TIME run allocation action=new run=/fslarge/scratch/users/h61084/codes/selectime/outputs/selectime/chronos2/selections/top_k_5_mix/Finland_Traffic/15T/medium/run_0 launch_id=selena_3584837 slurm_job_id=3584837 launched_at=2026-09-27T18:11:47.530076+00:00
TIME run allocation action=new run=/fslarge/scratch/users/h61084/codes/selectime/outputs/selectime/chronos2/selections/top_k_10_mix/Finland_Traffic/15T/medium/run_0 launch_id=selena_3584837 slurm_job_id=3584837 launched_at=2026-09-27T18:11:47.571557+00:00
TIME run allocation action=new run=/fslarge/scratch/users/h61084/codes/selectime/outputs/selectime/chronos2/selections/top_k_15_mix/Finland_Traffic/15T/medium/run_0 launch_id=selena_3584837 slurm_job_id=3584837 launched_at=2026-09-27T18:11:47.612498+00:00
TIME run allocation action=new run=/fslarge/scratch/users/h61084/codes/selectime/outputs/selectime/chronos2/selections/top_k_20_mix/Finland_Traffic/15T/medium/run_0 launch_id=selena_3584837 slurm_job_id=3584837 launched_at=2026-09-27T18:11:47.652957+00:00
TIME run allocation action=new run=/fslarge/scratch/users/h61084/codes/selectime/outputs/selectime/chronos2/selections/scope_selector/Finland_Traffic/15T/long/run_1 launch_id=selena_3584837 slurm_job_id=3584837 launched_at=2026-09-27T18:11:47.697608+00:00
TIME run allocation action=new run=/fslarge/scratch/users/h61084/codes/selectime/outputs/selectime/chronos2/selections/scope_selector_per_variate/Finland_Traffic/15T/long/run_0 launch_id=selena_3584837 slurm_job_id=3584837 launched_at=2026-09-27T18:11:47.740272+00:00
TIME run allocation action=new run=/fslarge/scratch/users/h61084/codes/selectime/outputs/selectime/chronos2/selections/scope_mix/Finland_Traffic/15T/long/run_1 launch_id=selena_3584837 slurm_job_id=3584837 launched_at=2026-09-27T18:11:47.775993+00:00
TIME run allocation action=new run=/fslarge/scratch/users/h61084/codes/selectime/outputs/selectime/chronos2/selections/scope_mix_per_variate/Finland_Traffic/15T/long/run_0 launch_id=selena_3584837 slurm_job_id=3584837 launched_at=2026-09-27T18:11:47.810391+00:00
TIME run allocation action=new run=/fslarge/scratch/users/h61084/codes/selectime/outputs/selectime/chronos2/selections/scope_ridge/Finland_Traffic/15T/long/run_0 launch_id=selena_3584837 slurm_job_id=3584837 launched_at=2026-09-27T18:11:47.843188+00:00
TIME run allocation action=new run=/fslarge/scratch/users/h61084/codes/selectime/outputs/selectime/chronos2/selections/top_k_1_mix/Finland_Traffic/15T/long/run_0 launch_id=selena_3584837 slurm_job_id=3584837 launched_at=2026-09-27T18:11:47.883692+00:00
TIME run allocation action=new run=/fslarge/scratch/users/h61084/codes/selectime/outputs/selectime/chronos2/selections/top_k_5_mix/Finland_Traffic/15T/long/run_0 launch_id=selena_3584837 slurm_job_id=3584837 launched_at=2026-09-27T18:11:47.924370+00:00
TIME run allocation action=new run=/fslarge/scratch/users/h61084/codes/selectime/outputs/selectime/chronos2/selections/top_k_10_mix/Finland_Traffic/15T/long/run_0 launch_id=selena_3584837 slurm_job_id=3584837 launched_at=2026-09-27T18:11:47.964190+00:00
TIME run allocation action=new run=/fslarge/scratch/users/h61084/codes/selectime/outputs/selectime/chronos2/selections/top_k_15_mix/Finland_Traffic/15T/long/run_0 launch_id=selena_3584837 slurm_job_id=3584837 launched_at=2026-09-27T18:11:48.004133+00:00
TIME run allocation action=new run=/fslarge/scratch/users/h61084/codes/selectime/outputs/selectime/chronos2/selections/top_k_20_mix/Finland_Traffic/15T/long/run_0 launch_id=selena_3584837 slurm_job_id=3584837 launched_at=2026-09-27T18:11:48.047540+00:00
TIME run allocation action=new run=/fslarge/scratch/users/h61084/codes/selectime/outputs/selectime/chronos2/selections/scope_selector/Port_Activity/D/short/run_1 launch_id=selena_3584837 slurm_job_id=3584837 launched_at=2026-09-27T18:11:48.138076+00:00
TIME run allocation action=new run=/fslarge/scratch/users/h61084/codes/selectime/outputs/selectime/chronos2/selections/scope_selector_per_variate/Port_Activity/D/short/run_0 launch_id=selena_3584837 slurm_job_id=3584837 launched_at=2026-09-27T18:11:48.249760+00:00
TIME run allocation action=new run=/fslarge/scratch/users/h61084/codes/selectime/outputs/selectime/chronos2/selections/scope_mix/Port_Activity/D/short/run_1 launch_id=selena_3584837 slurm_job_id=3584837 launched_at=2026-09-27T18:11:48.485343+00:00
TIME run allocation action=new run=/fslarge/scratch/users/h61084/codes/selectime/outputs/selectime/chronos2/selections/scope_mix_per_variate/Port_Activity/D/short/run_0 launch_id=selena_3584837 slurm_job_id=3584837 launched_at=2026-09-27T18:11:48.589632+00:00
TIME run allocation action=new run=/fslarge/scratch/users/h61084/codes/selectime/outputs/selectime/chronos2/selections/scope_ridge/Port_Activity/D/short/run_0 launch_id=selena_3584837 slurm_job_id=3584837 launched_at=2026-09-27T18:11:48.716993+00:00
TIME run allocation action=new run=/fslarge/scratch/users/h61084/codes/selectime/outputs/selectime/chronos2/selections/top_k_1_mix/Port_Activity/D/short/run_0 launch_id=selena_3584837 slurm_job_id=3584837 launched_at=2026-09-27T18:11:48.828553+00:00
TIME run allocation action=new run=/fslarge/scratch/users/h61084/codes/selectime/outputs/selectime/chronos2/selections/top_k_5_mix/Port_Activity/D/short/run_0 launch_id=selena_3584837 slurm_job_id=3584837 launched_at=2026-09-27T18:11:48.938967+00:00
TIME run allocation action=new run=/fslarge/scratch/users/h61084/codes/selectime/outputs/selectime/chronos2/selections/top_k_10_mix/Port_Activity/D/short/run_0 launch_id=selena_3584837 slurm_job_id=3584837 launched_at=2026-09-27T18:11:49.048552+00:00
TIME run allocation action=new run=/fslarge/scratch/users/h61084/codes/selectime/outputs/selectime/chronos2/selections/top_k_15_mix/Port_Activity/D/short/run_0 launch_id=selena_3584837 slurm_job_id=3584837 launched_at=2026-09-27T18:11:49.158872+00:00
TIME run allocation action=new run=/fslarge/scratch/users/h61084/codes/selectime/outputs/selectime/chronos2/selections/top_k_20_mix/Port_Activity/D/short/run_0 launch_id=selena_3584837 slurm_job_id=3584837 launched_at=2026-09-27T18:11:49.268359+00:00
TIME run allocation action=new run=/fslarge/scratch/users/h61084/codes/selectime/outputs/selectime/chronos2/selections/scope_selector/Port_Activity/W/short/run_1 launch_id=selena_3584837 slurm_job_id=3584837 launched_at=2026-09-27T18:11:49.397930+00:00
TIME run allocation action=new run=/fslarge/scratch/users/h61084/codes/selectime/outputs/selectime/chronos2/selections/scope_selector_per_variate/Port_Activity/W/short/run_0 launch_id=selena_3584837 slurm_job_id=3584837 launched_at=2026-09-27T18:11:49.462746+00:00
TIME run allocation action=new run=/fslarge/scratch/users/h61084/codes/selectime/outputs/selectime/chronos2/selections/scope_mix/Port_Activity/W/short/run_1 launch_id=selena_3584837 slurm_job_id=3584837 launched_at=2026-09-27T18:11:49.585739+00:00
TIME run allocation action=new run=/fslarge/scratch/users/h61084/codes/selectime/outputs/selectime/chronos2/selections/scope_mix_per_variate/Port_Activity/W/short/run_0 launch_id=selena_3584837 slurm_job_id=3584837 launched_at=2026-09-27T18:11:49.644712+00:00
TIME run allocation action=new run=/fslarge/scratch/users/h61084/codes/selectime/outputs/selectime/chronos2/selections/scope_ridge/Port_Activity/W/short/run_0 launch_id=selena_3584837 slurm_job_id=3584837 launched_at=2026-09-27T18:11:49.716834+00:00
TIME run allocation action=new run=/fslarge/scratch/users/h61084/codes/selectime/outputs/selectime/chronos2/selections/top_k_1_mix/Port_Activity/W/short/run_0 launch_id=selena_3584837 slurm_job_id=3584837 launched_at=2026-09-27T18:11:49.781605+00:00
TIME run allocation action=new run=/fslarge/scratch/users/h61084/codes/selectime/outputs/selectime/chronos2/selections/top_k_5_mix/Port_Activity/W/short/run_0 launch_id=selena_3584837 slurm_job_id=3584837 launched_at=2026-09-27T18:11:49.846483+00:00
TIME run allocation action=new run=/fslarge/scratch/users/h61084/codes/selectime/outputs/selectime/chronos2/selections/top_k_10_mix/Port_Activity/W/short/run_0 launch_id=selena_3584837 slurm_job_id=3584837 launched_at=2026-09-27T18:11:49.910849+00:00
TIME run allocation action=new run=/fslarge/scratch/users/h61084/codes/selectime/outputs/selectime/chronos2/selections/top_k_15_mix/Port_Activity/W/short/run_0 launch_id=selena_3584837 slurm_job_id=3584837 launched_at=2026-09-27T18:11:49.974955+00:00
TIME run allocation action=new run=/fslarge/scratch/users/h61084/codes/selectime/outputs/selectime/chronos2/selections/top_k_20_mix/Port_Activity/W/short/run_0 launch_id=selena_3584837 slurm_job_id=3584837 launched_at=2026-09-27T18:11:50.039227+00:00
TIME run allocation action=new run=/fslarge/scratch/users/h61084/codes/selectime/outputs/selectime/chronos2/selections/scope_selector/ECDC_COVID/D/short/run_1 launch_id=selena_3584837 slurm_job_id=3584837 launched_at=2026-09-27T18:11:50.110442+00:00
TIME run allocation action=new run=/fslarge/scratch/users/h61084/codes/selectime/outputs/selectime/chronos2/selections/scope_selector_per_variate/ECDC_COVID/D/short/run_0 launch_id=selena_3584837 slurm_job_id=3584837 launched_at=2026-09-27T18:11:50.155301+00:00
TIME run allocation action=new run=/fslarge/scratch/users/h61084/codes/selectime/outputs/selectime/chronos2/selections/scope_mix/ECDC_COVID/D/short/run_1 launch_id=selena_3584837 slurm_job_id=3584837 launched_at=2026-09-27T18:11:50.196757+00:00
TIME run allocation action=new run=/fslarge/scratch/users/h61084/codes/selectime/outputs/selectime/chronos2/selections/scope_mix_per_variate/ECDC_COVID/D/short/run_0 launch_id=selena_3584837 slurm_job_id=3584837 launched_at=2026-09-27T18:11:50.234444+00:00
TIME run allocation action=new run=/fslarge/scratch/users/h61084/codes/selectime/outputs/selectime/chronos2/selections/scope_ridge/ECDC_COVID/D/short/run_0 launch_id=selena_3584837 slurm_job_id=3584837 launched_at=2026-09-27T18:11:50.270967+00:00
TIME run allocation action=new run=/fslarge/scratch/users/h61084/codes/selectime/outputs/selectime/chronos2/selections/top_k_1_mix/ECDC_COVID/D/short/run_0 launch_id=selena_3584837 slurm_job_id=3584837 launched_at=2026-09-27T18:11:50.314782+00:00
TIME run allocation action=new run=/fslarge/scratch/users/h61084/codes/selectime/outputs/selectime/chronos2/selections/top_k_5_mix/ECDC_COVID/D/short/run_0 launch_id=selena_3584837 slurm_job_id=3584837 launched_at=2026-09-27T18:11:50.358055+00:00
TIME run allocation action=new run=/fslarge/scratch/users/h61084/codes/selectime/outputs/selectime/chronos2/selections/top_k_10_mix/ECDC_COVID/D/short/run_0 launch_id=selena_3584837 slurm_job_id=3584837 launched_at=2026-09-27T18:11:50.401614+00:00
TIME run allocation action=new run=/fslarge/scratch/users/h61084/codes/selectime/outputs/selectime/chronos2/selections/top_k_15_mix/ECDC_COVID/D/short/run_0 launch_id=selena_3584837 slurm_job_id=3584837 launched_at=2026-09-27T18:11:50.445118+00:00
TIME run allocation action=new run=/fslarge/scratch/users/h61084/codes/selectime/outputs/selectime/chronos2/selections/top_k_20_mix/ECDC_COVID/D/short/run_0 launch_id=selena_3584837 slurm_job_id=3584837 launched_at=2026-09-27T18:11:50.488305+00:00
TIME run allocation action=new run=/fslarge/scratch/users/h61084/codes/selectime/outputs/selectime/chronos2/selections/scope_selector/ECDC_COVID/W/short/run_1 launch_id=selena_3584837 slurm_job_id=3584837 launched_at=2026-09-27T18:11:50.536018+00:00
TIME run allocation action=new run=/fslarge/scratch/users/h61084/codes/selectime/outputs/selectime/chronos2/selections/scope_selector_per_variate/ECDC_COVID/W/short/run_0 launch_id=selena_3584837 slurm_job_id=3584837 launched_at=2026-09-27T18:11:50.580446+00:00
TIME run allocation action=new run=/fslarge/scratch/users/h61084/codes/selectime/outputs/selectime/chronos2/selections/scope_mix/ECDC_COVID/W/short/run_1 launch_id=selena_3584837 slurm_job_id=3584837 launched_at=2026-09-27T18:11:50.623765+00:00
TIME run allocation action=new run=/fslarge/scratch/users/h61084/codes/selectime/outputs/selectime/chronos2/selections/scope_mix_per_variate/ECDC_COVID/W/short/run_0 launch_id=selena_3584837 slurm_job_id=3584837 launched_at=2026-09-27T18:11:50.662152+00:00
TIME run allocation action=new run=/fslarge/scratch/users/h61084/codes/selectime/outputs/selectime/chronos2/selections/scope_ridge/ECDC_COVID/W/short/run_0 launch_id=selena_3584837 slurm_job_id=3584837 launched_at=2026-09-27T18:11:50.699370+00:00
TIME run allocation action=new run=/fslarge/scratch/users/h61084/codes/selectime/outputs/selectime/chronos2/selections/top_k_1_mix/ECDC_COVID/W/short/run_0 launch_id=selena_3584837 slurm_job_id=3584837 launched_at=2026-09-27T18:11:50.743378+00:00
TIME run allocation action=new run=/fslarge/scratch/users/h61084/codes/selectime/outputs/selectime/chronos2/selections/top_k_5_mix/ECDC_COVID/W/short/run_0 launch_id=selena_3584837 slurm_job_id=3584837 launched_at=2026-09-27T18:11:50.787207+00:00
TIME run allocation action=new run=/fslarge/scratch/users/h61084/codes/selectime/outputs/selectime/chronos2/selections/top_k_10_mix/ECDC_COVID/W/short/run_0 launch_id=selena_3584837 slurm_job_id=3584837 launched_at=2026-09-27T18:11:50.830787+00:00
TIME run allocation action=new run=/fslarge/scratch/users/h61084/codes/selectime/outputs/selectime/chronos2/selections/top_k_15_mix/ECDC_COVID/W/short/run_0 launch_id=selena_3584837 slurm_job_id=3584837 launched_at=2026-09-27T18:11:50.874635+00:00
TIME run allocation action=new run=/fslarge/scratch/users/h61084/codes/selectime/outputs/selectime/chronos2/selections/top_k_20_mix/ECDC_COVID/W/short/run_0 launch_id=selena_3584837 slurm_job_id=3584837 launched_at=2026-09-27T18:11:50.918607+00:00
TIME run allocation action=new run=/fslarge/scratch/users/h61084/codes/selectime/outputs/selectime/chronos2/selections/scope_selector/Global_Influenza/W/short/run_1 launch_id=selena_3584837 slurm_job_id=3584837 launched_at=2026-09-27T18:11:50.968301+00:00
TIME run allocation action=new run=/fslarge/scratch/users/h61084/codes/selectime/outputs/selectime/chronos2/selections/scope_selector_per_variate/Global_Influenza/W/short/run_0 launch_id=selena_3584837 slurm_job_id=3584837 launched_at=2026-09-27T18:11:51.015026+00:00
TIME run allocation action=new run=/fslarge/scratch/users/h61084/codes/selectime/outputs/selectime/chronos2/selections/scope_mix/Global_Influenza/W/short/run_1 launch_id=selena_3584837 slurm_job_id=3584837 launched_at=2026-09-27T18:11:51.074659+00:00
TIME run allocation action=new run=/fslarge/scratch/users/h61084/codes/selectime/outputs/selectime/chronos2/selections/scope_mix_per_variate/Global_Influenza/W/short/run_0 launch_id=selena_3584837 slurm_job_id=3584837 launched_at=2026-09-27T18:11:51.114376+00:00
TIME run allocation action=new run=/fslarge/scratch/users/h61084/codes/selectime/outputs/selectime/chronos2/selections/scope_ridge/Global_Influenza/W/short/run_0 launch_id=selena_3584837 slurm_job_id=3584837 launched_at=2026-09-27T18:11:51.156450+00:00
TIME run allocation action=new run=/fslarge/scratch/users/h61084/codes/selectime/outputs/selectime/chronos2/selections/top_k_1_mix/Global_Influenza/W/short/run_0 launch_id=selena_3584837 slurm_job_id=3584837 launched_at=2026-09-27T18:11:51.202398+00:00
TIME run allocation action=new run=/fslarge/scratch/users/h61084/codes/selectime/outputs/selectime/chronos2/selections/top_k_5_mix/Global_Influenza/W/short/run_0 launch_id=selena_3584837 slurm_job_id=3584837 launched_at=2026-09-27T18:11:51.248578+00:00
TIME run allocation action=new run=/fslarge/scratch/users/h61084/codes/selectime/outputs/selectime/chronos2/selections/top_k_10_mix/Global_Influenza/W/short/run_0 launch_id=selena_3584837 slurm_job_id=3584837 launched_at=2026-09-27T18:11:51.294010+00:00
TIME run allocation action=new run=/fslarge/scratch/users/h61084/codes/selectime/outputs/selectime/chronos2/selections/top_k_15_mix/Global_Influenza/W/short/run_0 launch_id=selena_3584837 slurm_job_id=3584837 launched_at=2026-09-27T18:11:51.339590+00:00
TIME run allocation action=new run=/fslarge/scratch/users/h61084/codes/selectime/outputs/selectime/chronos2/selections/top_k_20_mix/Global_Influenza/W/short/run_0 launch_id=selena_3584837 slurm_job_id=3584837 launched_at=2026-09-27T18:11:51.384855+00:00
TIME run allocation action=new run=/fslarge/scratch/users/h61084/codes/selectime/outputs/selectime/chronos2/selections/scope_selector/Crypto/D/short/run_1 launch_id=selena_3584837 slurm_job_id=3584837 launched_at=2026-09-27T18:11:51.436724+00:00
TIME run allocation action=new run=/fslarge/scratch/users/h61084/codes/selectime/outputs/selectime/chronos2/selections/scope_selector_per_variate/Crypto/D/short/run_0 launch_id=selena_3584837 slurm_job_id=3584837 launched_at=2026-09-27T18:11:51.478933+00:00
TIME run allocation action=new run=/fslarge/scratch/users/h61084/codes/selectime/outputs/selectime/chronos2/selections/scope_mix/Crypto/D/short/run_1 launch_id=selena_3584837 slurm_job_id=3584837 launched_at=2026-09-27T18:11:51.517293+00:00
TIME run allocation action=new run=/fslarge/scratch/users/h61084/codes/selectime/outputs/selectime/chronos2/selections/scope_mix_per_variate/Crypto/D/short/run_0 launch_id=selena_3584837 slurm_job_id=3584837 launched_at=2026-09-27T18:11:51.552427+00:00
TIME run allocation action=new run=/fslarge/scratch/users/h61084/codes/selectime/outputs/selectime/chronos2/selections/scope_ridge/Crypto/D/short/run_0 launch_id=selena_3584837 slurm_job_id=3584837 launched_at=2026-09-27T18:11:51.585611+00:00
TIME run allocation action=new run=/fslarge/scratch/users/h61084/codes/selectime/outputs/selectime/chronos2/selections/top_k_1_mix/Crypto/D/short/run_0 launch_id=selena_3584837 slurm_job_id=3584837 launched_at=2026-09-27T18:11:51.626181+00:00
TIME run allocation action=new run=/fslarge/scratch/users/h61084/codes/selectime/outputs/selectime/chronos2/selections/top_k_5_mix/Crypto/D/short/run_0 launch_id=selena_3584837 slurm_job_id=3584837 launched_at=2026-09-27T18:11:51.666993+00:00
TIME run allocation action=new run=/fslarge/scratch/users/h61084/codes/selectime/outputs/selectime/chronos2/selections/top_k_10_mix/Crypto/D/short/run_0 launch_id=selena_3584837 slurm_job_id=3584837 launched_at=2026-09-27T18:11:51.707769+00:00
TIME run allocation action=new run=/fslarge/scratch/users/h61084/codes/selectime/outputs/selectime/chronos2/selections/top_k_15_mix/Crypto/D/short/run_0 launch_id=selena_3584837 slurm_job_id=3584837 launched_at=2026-09-27T18:11:51.749021+00:00
TIME run allocation action=new run=/fslarge/scratch/users/h61084/codes/selectime/outputs/selectime/chronos2/selections/top_k_20_mix/Crypto/D/short/run_0 launch_id=selena_3584837 slurm_job_id=3584837 launched_at=2026-09-27T18:11:51.790023+00:00
TIME run allocation action=new run=/fslarge/scratch/users/h61084/codes/selectime/outputs/selectime/chronos2/selections/scope_selector/US_Term_Structure/B/short/run_1 launch_id=selena_3584837 slurm_job_id=3584837 launched_at=2026-09-27T18:11:51.874956+00:00
TIME run allocation action=new run=/fslarge/scratch/users/h61084/codes/selectime/outputs/selectime/chronos2/selections/scope_selector_per_variate/US_Term_Structure/B/short/run_0 launch_id=selena_3584837 slurm_job_id=3584837 launched_at=2026-09-27T18:11:51.949908+00:00
TIME run allocation action=new run=/fslarge/scratch/users/h61084/codes/selectime/outputs/selectime/chronos2/selections/scope_mix/US_Term_Structure/B/short/run_1 launch_id=selena_3584837 slurm_job_id=3584837 launched_at=2026-09-27T18:11:52.041604+00:00
TIME run allocation action=new run=/fslarge/scratch/users/h61084/codes/selectime/outputs/selectime/chronos2/selections/scope_mix_per_variate/US_Term_Structure/B/short/run_0 launch_id=selena_3584837 slurm_job_id=3584837 launched_at=2026-09-27T18:11:52.085903+00:00
TIME run allocation action=new run=/fslarge/scratch/users/h61084/codes/selectime/outputs/selectime/chronos2/selections/scope_ridge/US_Term_Structure/B/short/run_0 launch_id=selena_3584837 slurm_job_id=3584837 launched_at=2026-09-27T18:11:52.132641+00:00
TIME run allocation action=new run=/fslarge/scratch/users/h61084/codes/selectime/outputs/selectime/chronos2/selections/top_k_1_mix/US_Term_Structure/B/short/run_0 launch_id=selena_3584837 slurm_job_id=3584837 launched_at=2026-09-27T18:11:52.182772+00:00
TIME run allocation action=new run=/fslarge/scratch/users/h61084/codes/selectime/outputs/selectime/chronos2/selections/top_k_5_mix/US_Term_Structure/B/short/run_0 launch_id=selena_3584837 slurm_job_id=3584837 launched_at=2026-09-27T18:11:52.233219+00:00
TIME run allocation action=new run=/fslarge/scratch/users/h61084/codes/selectime/outputs/selectime/chronos2/selections/top_k_10_mix/US_Term_Structure/B/short/run_0 launch_id=selena_3584837 slurm_job_id=3584837 launched_at=2026-09-27T18:11:52.282984+00:00
TIME run allocation action=new run=/fslarge/scratch/users/h61084/codes/selectime/outputs/selectime/chronos2/selections/top_k_15_mix/US_Term_Structure/B/short/run_0 launch_id=selena_3584837 slurm_job_id=3584837 launched_at=2026-09-27T18:11:52.332326+00:00
TIME run allocation action=new run=/fslarge/scratch/users/h61084/codes/selectime/outputs/selectime/chronos2/selections/top_k_20_mix/US_Term_Structure/B/short/run_0 launch_id=selena_3584837 slurm_job_id=3584837 launched_at=2026-09-27T18:11:52.381287+00:00
TIME run allocation action=new run=/fslarge/scratch/users/h61084/codes/selectime/outputs/selectime/chronos2/selections/scope_selector/Oil_Price/B/short/run_1 launch_id=selena_3584837 slurm_job_id=3584837 launched_at=2026-09-27T18:11:52.433137+00:00
TIME run allocation action=new run=/fslarge/scratch/users/h61084/codes/selectime/outputs/selectime/chronos2/selections/scope_selector_per_variate/Oil_Price/B/short/run_0 launch_id=selena_3584837 slurm_job_id=3584837 launched_at=2026-09-27T18:11:52.480331+00:00
TIME run allocation action=new run=/fslarge/scratch/users/h61084/codes/selectime/outputs/selectime/chronos2/selections/scope_mix/Oil_Price/B/short/run_1 launch_id=selena_3584837 slurm_job_id=3584837 launched_at=2026-09-27T18:11:52.533890+00:00
TIME run allocation action=new run=/fslarge/scratch/users/h61084/codes/selectime/outputs/selectime/chronos2/selections/scope_mix_per_variate/Oil_Price/B/short/run_0 launch_id=selena_3584837 slurm_job_id=3584837 launched_at=2026-09-27T18:11:52.572314+00:00
TIME run allocation action=new run=/fslarge/scratch/users/h61084/codes/selectime/outputs/selectime/chronos2/selections/scope_ridge/Oil_Price/B/short/run_0 launch_id=selena_3584837 slurm_job_id=3584837 launched_at=2026-09-27T18:11:52.609989+00:00
TIME run allocation action=new run=/fslarge/scratch/users/h61084/codes/selectime/outputs/selectime/chronos2/selections/top_k_1_mix/Oil_Price/B/short/run_0 launch_id=selena_3584837 slurm_job_id=3584837 launched_at=2026-09-27T18:11:52.651646+00:00
TIME run allocation action=new run=/fslarge/scratch/users/h61084/codes/selectime/outputs/selectime/chronos2/selections/top_k_5_mix/Oil_Price/B/short/run_0 launch_id=selena_3584837 slurm_job_id=3584837 launched_at=2026-09-27T18:11:52.694652+00:00
TIME run allocation action=new run=/fslarge/scratch/users/h61084/codes/selectime/outputs/selectime/chronos2/selections/top_k_10_mix/Oil_Price/B/short/run_0 launch_id=selena_3584837 slurm_job_id=3584837 launched_at=2026-09-27T18:11:52.737342+00:00
TIME run allocation action=new run=/fslarge/scratch/users/h61084/codes/selectime/outputs/selectime/chronos2/selections/top_k_15_mix/Oil_Price/B/short/run_0 launch_id=selena_3584837 slurm_job_id=3584837 launched_at=2026-09-27T18:11:52.779892+00:00
TIME run allocation action=new run=/fslarge/scratch/users/h61084/codes/selectime/outputs/selectime/chronos2/selections/top_k_20_mix/Oil_Price/B/short/run_0 launch_id=selena_3584837 slurm_job_id=3584837 launched_at=2026-09-27T18:11:52.821871+00:00
TIME run allocation action=new run=/fslarge/scratch/users/h61084/codes/selectime/outputs/selectime/chronos2/selections/scope_selector/Job_Claims/W/short/run_1 launch_id=selena_3584837 slurm_job_id=3584837 launched_at=2026-09-27T18:11:52.863467+00:00
TIME run allocation action=new run=/fslarge/scratch/users/h61084/codes/selectime/outputs/selectime/chronos2/selections/scope_selector_per_variate/Job_Claims/W/short/run_0 launch_id=selena_3584837 slurm_job_id=3584837 launched_at=2026-09-27T18:11:52.904232+00:00
TIME run allocation action=new run=/fslarge/scratch/users/h61084/codes/selectime/outputs/selectime/chronos2/selections/scope_mix/Job_Claims/W/short/run_1 launch_id=selena_3584837 slurm_job_id=3584837 launched_at=2026-09-27T18:11:52.940753+00:00
TIME run allocation action=new run=/fslarge/scratch/users/h61084/codes/selectime/outputs/selectime/chronos2/selections/scope_mix_per_variate/Job_Claims/W/short/run_0 launch_id=selena_3584837 slurm_job_id=3584837 launched_at=2026-09-27T18:11:52.976323+00:00
TIME run allocation action=new run=/fslarge/scratch/users/h61084/codes/selectime/outputs/selectime/chronos2/selections/scope_ridge/Job_Claims/W/short/run_0 launch_id=selena_3584837 slurm_job_id=3584837 launched_at=2026-09-27T18:11:53.009975+00:00
TIME run allocation action=new run=/fslarge/scratch/users/h61084/codes/selectime/outputs/selectime/chronos2/selections/top_k_1_mix/Job_Claims/W/short/run_0 launch_id=selena_3584837 slurm_job_id=3584837 launched_at=2026-09-27T18:11:53.053870+00:00
TIME run allocation action=new run=/fslarge/scratch/users/h61084/codes/selectime/outputs/selectime/chronos2/selections/top_k_5_mix/Job_Claims/W/short/run_0 launch_id=selena_3584837 slurm_job_id=3584837 launched_at=2026-09-27T18:11:53.092948+00:00
TIME run allocation action=new run=/fslarge/scratch/users/h61084/codes/selectime/outputs/selectime/chronos2/selections/top_k_10_mix/Job_Claims/W/short/run_0 launch_id=selena_3584837 slurm_job_id=3584837 launched_at=2026-09-27T18:11:53.132406+00:00
TIME run allocation action=new run=/fslarge/scratch/users/h61084/codes/selectime/outputs/selectime/chronos2/selections/top_k_15_mix/Job_Claims/W/short/run_0 launch_id=selena_3584837 slurm_job_id=3584837 launched_at=2026-09-27T18:11:53.173960+00:00
TIME run allocation action=new run=/fslarge/scratch/users/h61084/codes/selectime/outputs/selectime/chronos2/selections/top_k_20_mix/Job_Claims/W/short/run_0 launch_id=selena_3584837 slurm_job_id=3584837 launched_at=2026-09-27T18:11:53.214285+00:00
TIME run allocation action=new run=/fslarge/scratch/users/h61084/codes/selectime/outputs/selectime/chronos2/selections/scope_selector/Uncertainty_1M/M/short/run_1 launch_id=selena_3584837 slurm_job_id=3584837 launched_at=2026-09-27T18:11:53.252880+00:00
TIME run allocation action=new run=/fslarge/scratch/users/h61084/codes/selectime/outputs/selectime/chronos2/selections/scope_selector_per_variate/Uncertainty_1M/M/short/run_0 launch_id=selena_3584837 slurm_job_id=3584837 launched_at=2026-09-27T18:11:53.291789+00:00
TIME run allocation action=new run=/fslarge/scratch/users/h61084/codes/selectime/outputs/selectime/chronos2/selections/scope_mix/Uncertainty_1M/M/short/run_1 launch_id=selena_3584837 slurm_job_id=3584837 launched_at=2026-09-27T18:11:53.328486+00:00
TIME run allocation action=new run=/fslarge/scratch/users/h61084/codes/selectime/outputs/selectime/chronos2/selections/scope_mix_per_variate/Uncertainty_1M/M/short/run_0 launch_id=selena_3584837 slurm_job_id=3584837 launched_at=2026-09-27T18:11:53.364011+00:00
TIME run allocation action=new run=/fslarge/scratch/users/h61084/codes/selectime/outputs/selectime/chronos2/selections/scope_ridge/Uncertainty_1M/M/short/run_0 launch_id=selena_3584837 slurm_job_id=3584837 launched_at=2026-09-27T18:11:53.398216+00:00
TIME run allocation action=new run=/fslarge/scratch/users/h61084/codes/selectime/outputs/selectime/chronos2/selections/top_k_1_mix/Uncertainty_1M/M/short/run_0 launch_id=selena_3584837 slurm_job_id=3584837 launched_at=2026-09-27T18:11:53.437584+00:00
TIME run allocation action=new run=/fslarge/scratch/users/h61084/codes/selectime/outputs/selectime/chronos2/selections/top_k_5_mix/Uncertainty_1M/M/short/run_0 launch_id=selena_3584837 slurm_job_id=3584837 launched_at=2026-09-27T18:11:53.477318+00:00
TIME run allocation action=new run=/fslarge/scratch/users/h61084/codes/selectime/outputs/selectime/chronos2/selections/top_k_10_mix/Uncertainty_1M/M/short/run_0 launch_id=selena_3584837 slurm_job_id=3584837 launched_at=2026-09-27T18:11:53.516436+00:00
TIME run allocation action=new run=/fslarge/scratch/users/h61084/codes/selectime/outputs/selectime/chronos2/selections/top_k_15_mix/Uncertainty_1M/M/short/run_0 launch_id=selena_3584837 slurm_job_id=3584837 launched_at=2026-09-27T18:11:53.555874+00:00
TIME run allocation action=new run=/fslarge/scratch/users/h61084/codes/selectime/outputs/selectime/chronos2/selections/top_k_20_mix/Uncertainty_1M/M/short/run_0 launch_id=selena_3584837 slurm_job_id=3584837 launched_at=2026-09-27T18:11:53.595485+00:00
TIME run allocation action=new run=/fslarge/scratch/users/h61084/codes/selectime/outputs/selectime/chronos2/selections/scope_selector/Housing_Inventory/M/short/run_1 launch_id=selena_3584837 slurm_job_id=3584837 launched_at=2026-09-27T18:11:53.639303+00:00
TIME run allocation action=new run=/fslarge/scratch/users/h61084/codes/selectime/outputs/selectime/chronos2/selections/scope_selector_per_variate/Housing_Inventory/M/short/run_0 launch_id=selena_3584837 slurm_job_id=3584837 launched_at=2026-09-27T18:11:53.679140+00:00
TIME run allocation action=new run=/fslarge/scratch/users/h61084/codes/selectime/outputs/selectime/chronos2/selections/scope_mix/Housing_Inventory/M/short/run_1 launch_id=selena_3584837 slurm_job_id=3584837 launched_at=2026-09-27T18:11:53.716122+00:00
TIME run allocation action=new run=/fslarge/scratch/users/h61084/codes/selectime/outputs/selectime/chronos2/selections/scope_mix_per_variate/Housing_Inventory/M/short/run_0 launch_id=selena_3584837 slurm_job_id=3584837 launched_at=2026-09-27T18:11:53.752122+00:00
TIME run allocation action=new run=/fslarge/scratch/users/h61084/codes/selectime/outputs/selectime/chronos2/selections/scope_ridge/Housing_Inventory/M/short/run_0 launch_id=selena_3584837 slurm_job_id=3584837 launched_at=2026-09-27T18:11:53.786208+00:00
TIME run allocation action=new run=/fslarge/scratch/users/h61084/codes/selectime/outputs/selectime/chronos2/selections/top_k_1_mix/Housing_Inventory/M/short/run_0 launch_id=selena_3584837 slurm_job_id=3584837 launched_at=2026-09-27T18:11:53.825785+00:00
TIME run allocation action=new run=/fslarge/scratch/users/h61084/codes/selectime/outputs/selectime/chronos2/selections/top_k_5_mix/Housing_Inventory/M/short/run_0 launch_id=selena_3584837 slurm_job_id=3584837 launched_at=2026-09-27T18:11:53.865427+00:00
TIME run allocation action=new run=/fslarge/scratch/users/h61084/codes/selectime/outputs/selectime/chronos2/selections/top_k_10_mix/Housing_Inventory/M/short/run_0 launch_id=selena_3584837 slurm_job_id=3584837 launched_at=2026-09-27T18:11:53.905117+00:00
TIME run allocation action=new run=/fslarge/scratch/users/h61084/codes/selectime/outputs/selectime/chronos2/selections/top_k_15_mix/Housing_Inventory/M/short/run_0 launch_id=selena_3584837 slurm_job_id=3584837 launched_at=2026-09-27T18:11:53.944793+00:00
TIME run allocation action=new run=/fslarge/scratch/users/h61084/codes/selectime/outputs/selectime/chronos2/selections/top_k_20_mix/Housing_Inventory/M/short/run_0 launch_id=selena_3584837 slurm_job_id=3584837 launched_at=2026-09-27T18:11:53.984437+00:00
TIME run allocation action=new run=/fslarge/scratch/users/h61084/codes/selectime/outputs/selectime/chronos2/selections/scope_selector/JOLTS/M/short/run_1 launch_id=selena_3584837 slurm_job_id=3584837 launched_at=2026-09-27T18:11:54.026198+00:00
TIME run allocation action=new run=/fslarge/scratch/users/h61084/codes/selectime/outputs/selectime/chronos2/selections/scope_selector_per_variate/JOLTS/M/short/run_0 launch_id=selena_3584837 slurm_job_id=3584837 launched_at=2026-09-27T18:11:54.065864+00:00
TIME run allocation action=new run=/fslarge/scratch/users/h61084/codes/selectime/outputs/selectime/chronos2/selections/scope_mix/JOLTS/M/short/run_1 launch_id=selena_3584837 slurm_job_id=3584837 launched_at=2026-09-27T18:11:54.103584+00:00
TIME run allocation action=new run=/fslarge/scratch/users/h61084/codes/selectime/outputs/selectime/chronos2/selections/scope_mix_per_variate/JOLTS/M/short/run_0 launch_id=selena_3584837 slurm_job_id=3584837 launched_at=2026-09-27T18:11:54.139450+00:00
TIME run allocation action=new run=/fslarge/scratch/users/h61084/codes/selectime/outputs/selectime/chronos2/selections/scope_ridge/JOLTS/M/short/run_0 launch_id=selena_3584837 slurm_job_id=3584837 launched_at=2026-09-27T18:11:54.173998+00:00
TIME run allocation action=new run=/fslarge/scratch/users/h61084/codes/selectime/outputs/selectime/chronos2/selections/top_k_1_mix/JOLTS/M/short/run_0 launch_id=selena_3584837 slurm_job_id=3584837 launched_at=2026-09-27T18:11:54.213716+00:00
TIME run allocation action=new run=/fslarge/scratch/users/h61084/codes/selectime/outputs/selectime/chronos2/selections/top_k_5_mix/JOLTS/M/short/run_0 launch_id=selena_3584837 slurm_job_id=3584837 launched_at=2026-09-27T18:11:54.253601+00:00
TIME run allocation action=new run=/fslarge/scratch/users/h61084/codes/selectime/outputs/selectime/chronos2/selections/top_k_10_mix/JOLTS/M/short/run_0 launch_id=selena_3584837 slurm_job_id=3584837 launched_at=2026-09-27T18:11:54.293163+00:00
TIME run allocation action=new run=/fslarge/scratch/users/h61084/codes/selectime/outputs/selectime/chronos2/selections/top_k_15_mix/JOLTS/M/short/run_0 launch_id=selena_3584837 slurm_job_id=3584837 launched_at=2026-09-27T18:11:54.332333+00:00
TIME run allocation action=new run=/fslarge/scratch/users/h61084/codes/selectime/outputs/selectime/chronos2/selections/top_k_20_mix/JOLTS/M/short/run_0 launch_id=selena_3584837 slurm_job_id=3584837 launched_at=2026-09-27T18:11:54.372106+00:00
TIME run allocation action=new run=/fslarge/scratch/users/h61084/codes/selectime/outputs/selectime/chronos2/selections/scope_selector/US_Labor/M/short/run_1 launch_id=selena_3584837 slurm_job_id=3584837 launched_at=2026-09-27T18:11:54.410340+00:00
TIME run allocation action=new run=/fslarge/scratch/users/h61084/codes/selectime/outputs/selectime/chronos2/selections/scope_selector_per_variate/US_Labor/M/short/run_0 launch_id=selena_3584837 slurm_job_id=3584837 launched_at=2026-09-27T18:11:54.450144+00:00
TIME run allocation action=new run=/fslarge/scratch/users/h61084/codes/selectime/outputs/selectime/chronos2/selections/scope_mix/US_Labor/M/short/run_1 launch_id=selena_3584837 slurm_job_id=3584837 launched_at=2026-09-27T18:11:54.490822+00:00
TIME run allocation action=new run=/fslarge/scratch/users/h61084/codes/selectime/outputs/selectime/chronos2/selections/scope_mix_per_variate/US_Labor/M/short/run_0 launch_id=selena_3584837 slurm_job_id=3584837 launched_at=2026-09-27T18:11:54.526451+00:00
TIME run allocation action=new run=/fslarge/scratch/users/h61084/codes/selectime/outputs/selectime/chronos2/selections/scope_ridge/US_Labor/M/short/run_0 launch_id=selena_3584837 slurm_job_id=3584837 launched_at=2026-09-27T18:11:54.561412+00:00
TIME run allocation action=new run=/fslarge/scratch/users/h61084/codes/selectime/outputs/selectime/chronos2/selections/top_k_1_mix/US_Labor/M/short/run_0 launch_id=selena_3584837 slurm_job_id=3584837 launched_at=2026-09-27T18:11:54.601028+00:00
TIME run allocation action=new run=/fslarge/scratch/users/h61084/codes/selectime/outputs/selectime/chronos2/selections/top_k_5_mix/US_Labor/M/short/run_0 launch_id=selena_3584837 slurm_job_id=3584837 launched_at=2026-09-27T18:11:54.640755+00:00
TIME run allocation action=new run=/fslarge/scratch/users/h61084/codes/selectime/outputs/selectime/chronos2/selections/top_k_10_mix/US_Labor/M/short/run_0 launch_id=selena_3584837 slurm_job_id=3584837 launched_at=2026-09-27T18:11:54.680581+00:00
TIME run allocation action=new run=/fslarge/scratch/users/h61084/codes/selectime/outputs/selectime/chronos2/selections/top_k_15_mix/US_Labor/M/short/run_0 launch_id=selena_3584837 slurm_job_id=3584837 launched_at=2026-09-27T18:11:54.720277+00:00
TIME run allocation action=new run=/fslarge/scratch/users/h61084/codes/selectime/outputs/selectime/chronos2/selections/top_k_20_mix/US_Labor/M/short/run_0 launch_id=selena_3584837 slurm_job_id=3584837 launched_at=2026-09-27T18:11:54.760266+00:00
TIME run allocation action=new run=/fslarge/scratch/users/h61084/codes/selectime/outputs/selectime/chronos2/selections/scope_selector/Vehicle_Supply/M/short/run_1 launch_id=selena_3584837 slurm_job_id=3584837 launched_at=2026-09-27T18:11:54.798840+00:00
TIME run allocation action=new run=/fslarge/scratch/users/h61084/codes/selectime/outputs/selectime/chronos2/selections/scope_selector_per_variate/Vehicle_Supply/M/short/run_0 launch_id=selena_3584837 slurm_job_id=3584837 launched_at=2026-09-27T18:11:54.839180+00:00
TIME run allocation action=new run=/fslarge/scratch/users/h61084/codes/selectime/outputs/selectime/chronos2/selections/scope_mix/Vehicle_Supply/M/short/run_1 launch_id=selena_3584837 slurm_job_id=3584837 launched_at=2026-09-27T18:11:54.877106+00:00
TIME run allocation action=new run=/fslarge/scratch/users/h61084/codes/selectime/outputs/selectime/chronos2/selections/scope_mix_per_variate/Vehicle_Supply/M/short/run_0 launch_id=selena_3584837 slurm_job_id=3584837 launched_at=2026-09-27T18:11:54.912738+00:00
TIME run allocation action=new run=/fslarge/scratch/users/h61084/codes/selectime/outputs/selectime/chronos2/selections/scope_ridge/Vehicle_Supply/M/short/run_0 launch_id=selena_3584837 slurm_job_id=3584837 launched_at=2026-09-27T18:11:54.947481+00:00
TIME run allocation action=new run=/fslarge/scratch/users/h61084/codes/selectime/outputs/selectime/chronos2/selections/top_k_1_mix/Vehicle_Supply/M/short/run_0 launch_id=selena_3584837 slurm_job_id=3584837 launched_at=2026-09-27T18:11:54.986484+00:00
TIME run allocation action=new run=/fslarge/scratch/users/h61084/codes/selectime/outputs/selectime/chronos2/selections/top_k_5_mix/Vehicle_Supply/M/short/run_0 launch_id=selena_3584837 slurm_job_id=3584837 launched_at=2026-09-27T18:11:55.024897+00:00
TIME run allocation action=new run=/fslarge/scratch/users/h61084/codes/selectime/outputs/selectime/chronos2/selections/top_k_10_mix/Vehicle_Supply/M/short/run_0 launch_id=selena_3584837 slurm_job_id=3584837 launched_at=2026-09-27T18:11:55.064566+00:00
TIME run allocation action=new run=/fslarge/scratch/users/h61084/codes/selectime/outputs/selectime/chronos2/selections/top_k_15_mix/Vehicle_Supply/M/short/run_0 launch_id=selena_3584837 slurm_job_id=3584837 launched_at=2026-09-27T18:11:55.104595+00:00
TIME run allocation action=new run=/fslarge/scratch/users/h61084/codes/selectime/outputs/selectime/chronos2/selections/top_k_20_mix/Vehicle_Supply/M/short/run_0 launch_id=selena_3584837 slurm_job_id=3584837 launched_at=2026-09-27T18:11:55.144404+00:00
TIME run allocation action=new run=/fslarge/scratch/users/h61084/codes/selectime/outputs/selectime/chronos2/selections/scope_selector/Auto_Production_SF/M/short/run_1 launch_id=selena_3584837 slurm_job_id=3584837 launched_at=2026-09-27T18:11:55.183331+00:00
TIME run allocation action=new run=/fslarge/scratch/users/h61084/codes/selectime/outputs/selectime/chronos2/selections/scope_selector_per_variate/Auto_Production_SF/M/short/run_0 launch_id=selena_3584837 slurm_job_id=3584837 launched_at=2026-09-27T18:11:55.222897+00:00
TIME run allocation action=new run=/fslarge/scratch/users/h61084/codes/selectime/outputs/selectime/chronos2/selections/scope_mix/Auto_Production_SF/M/short/run_1 launch_id=selena_3584837 slurm_job_id=3584837 launched_at=2026-09-27T18:11:55.259132+00:00
TIME run allocation action=new run=/fslarge/scratch/users/h61084/codes/selectime/outputs/selectime/chronos2/selections/scope_mix_per_variate/Auto_Production_SF/M/short/run_0 launch_id=selena_3584837 slurm_job_id=3584837 launched_at=2026-09-27T18:11:55.294205+00:00
TIME run allocation action=new run=/fslarge/scratch/users/h61084/codes/selectime/outputs/selectime/chronos2/selections/scope_ridge/Auto_Production_SF/M/short/run_0 launch_id=selena_3584837 slurm_job_id=3584837 launched_at=2026-09-27T18:11:55.327412+00:00
TIME run allocation action=new run=/fslarge/scratch/users/h61084/codes/selectime/outputs/selectime/chronos2/selections/top_k_1_mix/Auto_Production_SF/M/short/run_0 launch_id=selena_3584837 slurm_job_id=3584837 launched_at=2026-09-27T18:11:55.365803+00:00
TIME run allocation action=new run=/fslarge/scratch/users/h61084/codes/selectime/outputs/selectime/chronos2/selections/top_k_5_mix/Auto_Production_SF/M/short/run_0 launch_id=selena_3584837 slurm_job_id=3584837 launched_at=2026-09-27T18:11:55.405459+00:00
TIME run allocation action=new run=/fslarge/scratch/users/h61084/codes/selectime/outputs/selectime/chronos2/selections/top_k_10_mix/Auto_Production_SF/M/short/run_0 launch_id=selena_3584837 slurm_job_id=3584837 launched_at=2026-09-27T18:11:55.444847+00:00
TIME run allocation action=new run=/fslarge/scratch/users/h61084/codes/selectime/outputs/selectime/chronos2/selections/top_k_15_mix/Auto_Production_SF/M/short/run_0 launch_id=selena_3584837 slurm_job_id=3584837 launched_at=2026-09-27T18:11:55.484152+00:00
TIME run allocation action=new run=/fslarge/scratch/users/h61084/codes/selectime/outputs/selectime/chronos2/selections/top_k_20_mix/Auto_Production_SF/M/short/run_0 launch_id=selena_3584837 slurm_job_id=3584837 launched_at=2026-09-27T18:11:55.522436+00:00
TIME run allocation action=new run=/fslarge/scratch/users/h61084/codes/selectime/outputs/selectime/chronos2/selections/scope_selector/Commodity_Production/M/short/run_1 launch_id=selena_3584837 slurm_job_id=3584837 launched_at=2026-09-27T18:11:55.561617+00:00
TIME run allocation action=new run=/fslarge/scratch/users/h61084/codes/selectime/outputs/selectime/chronos2/selections/scope_selector_per_variate/Commodity_Production/M/short/run_0 launch_id=selena_3584837 slurm_job_id=3584837 launched_at=2026-09-27T18:11:55.608299+00:00
TIME run allocation action=new run=/fslarge/scratch/users/h61084/codes/selectime/outputs/selectime/chronos2/selections/scope_mix/Commodity_Production/M/short/run_1 launch_id=selena_3584837 slurm_job_id=3584837 launched_at=2026-09-27T18:11:55.661356+00:00
TIME run allocation action=new run=/fslarge/scratch/users/h61084/codes/selectime/outputs/selectime/chronos2/selections/scope_mix_per_variate/Commodity_Production/M/short/run_0 launch_id=selena_3584837 slurm_job_id=3584837 launched_at=2026-09-27T18:11:55.702842+00:00
TIME run allocation action=new run=/fslarge/scratch/users/h61084/codes/selectime/outputs/selectime/chronos2/selections/scope_ridge/Commodity_Production/M/short/run_0 launch_id=selena_3584837 slurm_job_id=3584837 launched_at=2026-09-27T18:11:55.745273+00:00
TIME run allocation action=new run=/fslarge/scratch/users/h61084/codes/selectime/outputs/selectime/chronos2/selections/top_k_1_mix/Commodity_Production/M/short/run_0 launch_id=selena_3584837 slurm_job_id=3584837 launched_at=2026-09-27T18:11:55.790683+00:00
TIME run allocation action=new run=/fslarge/scratch/users/h61084/codes/selectime/outputs/selectime/chronos2/selections/top_k_5_mix/Commodity_Production/M/short/run_0 launch_id=selena_3584837 slurm_job_id=3584837 launched_at=2026-09-27T18:11:55.836769+00:00
TIME run allocation action=new run=/fslarge/scratch/users/h61084/codes/selectime/outputs/selectime/chronos2/selections/top_k_10_mix/Commodity_Production/M/short/run_0 launch_id=selena_3584837 slurm_job_id=3584837 launched_at=2026-09-27T18:11:55.881713+00:00
TIME run allocation action=new run=/fslarge/scratch/users/h61084/codes/selectime/outputs/selectime/chronos2/selections/top_k_15_mix/Commodity_Production/M/short/run_0 launch_id=selena_3584837 slurm_job_id=3584837 launched_at=2026-09-27T18:11:55.927154+00:00
TIME run allocation action=new run=/fslarge/scratch/users/h61084/codes/selectime/outputs/selectime/chronos2/selections/top_k_20_mix/Commodity_Production/M/short/run_0 launch_id=selena_3584837 slurm_job_id=3584837 launched_at=2026-09-27T18:11:55.972611+00:00
TIME run allocation action=new run=/fslarge/scratch/users/h61084/codes/selectime/outputs/selectime/chronos2/selections/scope_selector/Commodity_Import/M/short/run_1 launch_id=selena_3584837 slurm_job_id=3584837 launched_at=2026-09-27T18:11:56.016802+00:00
TIME run allocation action=new run=/fslarge/scratch/users/h61084/codes/selectime/outputs/selectime/chronos2/selections/scope_selector_per_variate/Commodity_Import/M/short/run_0 launch_id=selena_3584837 slurm_job_id=3584837 launched_at=2026-09-27T18:11:56.058348+00:00
TIME run allocation action=new run=/fslarge/scratch/users/h61084/codes/selectime/outputs/selectime/chronos2/selections/scope_mix/Commodity_Import/M/short/run_1 launch_id=selena_3584837 slurm_job_id=3584837 launched_at=2026-09-27T18:11:56.098365+00:00
TIME run allocation action=new run=/fslarge/scratch/users/h61084/codes/selectime/outputs/selectime/chronos2/selections/scope_mix_per_variate/Commodity_Import/M/short/run_0 launch_id=selena_3584837 slurm_job_id=3584837 launched_at=2026-09-27T18:11:56.135799+00:00
TIME run allocation action=new run=/fslarge/scratch/users/h61084/codes/selectime/outputs/selectime/chronos2/selections/scope_ridge/Commodity_Import/M/short/run_0 launch_id=selena_3584837 slurm_job_id=3584837 launched_at=2026-09-27T18:11:56.172129+00:00
TIME run allocation action=new run=/fslarge/scratch/users/h61084/codes/selectime/outputs/selectime/chronos2/selections/top_k_1_mix/Commodity_Import/M/short/run_0 launch_id=selena_3584837 slurm_job_id=3584837 launched_at=2026-09-27T18:11:56.213397+00:00
TIME run allocation action=new run=/fslarge/scratch/users/h61084/codes/selectime/outputs/selectime/chronos2/selections/top_k_5_mix/Commodity_Import/M/short/run_0 launch_id=selena_3584837 slurm_job_id=3584837 launched_at=2026-09-27T18:11:56.255226+00:00
TIME run allocation action=new run=/fslarge/scratch/users/h61084/codes/selectime/outputs/selectime/chronos2/selections/top_k_10_mix/Commodity_Import/M/short/run_0 launch_id=selena_3584837 slurm_job_id=3584837 launched_at=2026-09-27T18:11:56.296693+00:00
TIME run allocation action=new run=/fslarge/scratch/users/h61084/codes/selectime/outputs/selectime/chronos2/selections/top_k_15_mix/Commodity_Import/M/short/run_0 launch_id=selena_3584837 slurm_job_id=3584837 launched_at=2026-09-27T18:11:56.338413+00:00
TIME run allocation action=new run=/fslarge/scratch/users/h61084/codes/selectime/outputs/selectime/chronos2/selections/top_k_20_mix/Commodity_Import/M/short/run_0 launch_id=selena_3584837 slurm_job_id=3584837 launched_at=2026-09-27T18:11:56.379770+00:00
TIME run allocation action=new run=/fslarge/scratch/users/h61084/codes/selectime/outputs/selectime/chronos2/selections/scope_selector/WUI_Global/Q/short/run_1 launch_id=selena_3584837 slurm_job_id=3584837 launched_at=2026-09-27T18:11:56.420470+00:00
TIME run allocation action=new run=/fslarge/scratch/users/h61084/codes/selectime/outputs/selectime/chronos2/selections/scope_selector_per_variate/WUI_Global/Q/short/run_0 launch_id=selena_3584837 slurm_job_id=3584837 launched_at=2026-09-27T18:11:56.459778+00:00
TIME run allocation action=new run=/fslarge/scratch/users/h61084/codes/selectime/outputs/selectime/chronos2/selections/scope_mix/WUI_Global/Q/short/run_1 launch_id=selena_3584837 slurm_job_id=3584837 launched_at=2026-09-27T18:11:56.500768+00:00
TIME run allocation action=new run=/fslarge/scratch/users/h61084/codes/selectime/outputs/selectime/chronos2/selections/scope_mix_per_variate/WUI_Global/Q/short/run_0 launch_id=selena_3584837 slurm_job_id=3584837 launched_at=2026-09-27T18:11:56.536588+00:00
TIME run allocation action=new run=/fslarge/scratch/users/h61084/codes/selectime/outputs/selectime/chronos2/selections/scope_ridge/WUI_Global/Q/short/run_0 launch_id=selena_3584837 slurm_job_id=3584837 launched_at=2026-09-27T18:11:56.571792+00:00
TIME run allocation action=new run=/fslarge/scratch/users/h61084/codes/selectime/outputs/selectime/chronos2/selections/top_k_1_mix/WUI_Global/Q/short/run_0 launch_id=selena_3584837 slurm_job_id=3584837 launched_at=2026-09-27T18:11:56.610945+00:00
TIME run allocation action=new run=/fslarge/scratch/users/h61084/codes/selectime/outputs/selectime/chronos2/selections/top_k_5_mix/WUI_Global/Q/short/run_0 launch_id=selena_3584837 slurm_job_id=3584837 launched_at=2026-09-27T18:11:56.650372+00:00
TIME run allocation action=new run=/fslarge/scratch/users/h61084/codes/selectime/outputs/selectime/chronos2/selections/top_k_10_mix/WUI_Global/Q/short/run_0 launch_id=selena_3584837 slurm_job_id=3584837 launched_at=2026-09-27T18:11:56.690451+00:00
TIME run allocation action=new run=/fslarge/scratch/users/h61084/codes/selectime/outputs/selectime/chronos2/selections/top_k_15_mix/WUI_Global/Q/short/run_0 launch_id=selena_3584837 slurm_job_id=3584837 launched_at=2026-09-27T18:11:56.730518+00:00
TIME run allocation action=new run=/fslarge/scratch/users/h61084/codes/selectime/outputs/selectime/chronos2/selections/top_k_20_mix/WUI_Global/Q/short/run_0 launch_id=selena_3584837 slurm_job_id=3584837 launched_at=2026-09-27T18:11:56.770786+00:00
TIME run allocation action=new run=/fslarge/scratch/users/h61084/codes/selectime/outputs/selectime/chronos2/selections/scope_selector/Global_Price/Q/short/run_1 launch_id=selena_3584837 slurm_job_id=3584837 launched_at=2026-09-27T18:11:56.810204+00:00
TIME run allocation action=new run=/fslarge/scratch/users/h61084/codes/selectime/outputs/selectime/chronos2/selections/scope_selector_per_variate/Global_Price/Q/short/run_0 launch_id=selena_3584837 slurm_job_id=3584837 launched_at=2026-09-27T18:11:56.851588+00:00
TIME run allocation action=new run=/fslarge/scratch/users/h61084/codes/selectime/outputs/selectime/chronos2/selections/scope_mix/Global_Price/Q/short/run_1 launch_id=selena_3584837 slurm_job_id=3584837 launched_at=2026-09-27T18:11:56.910103+00:00
TIME run allocation action=new run=/fslarge/scratch/users/h61084/codes/selectime/outputs/selectime/chronos2/selections/scope_mix_per_variate/Global_Price/Q/short/run_0 launch_id=selena_3584837 slurm_job_id=3584837 launched_at=2026-09-27T18:11:56.948116+00:00
TIME run allocation action=new run=/fslarge/scratch/users/h61084/codes/selectime/outputs/selectime/chronos2/selections/scope_ridge/Global_Price/Q/short/run_0 launch_id=selena_3584837 slurm_job_id=3584837 launched_at=2026-09-27T18:11:56.987493+00:00
TIME run allocation action=new run=/fslarge/scratch/users/h61084/codes/selectime/outputs/selectime/chronos2/selections/top_k_1_mix/Global_Price/Q/short/run_0 launch_id=selena_3584837 slurm_job_id=3584837 launched_at=2026-09-27T18:11:57.028358+00:00
TIME run allocation action=new run=/fslarge/scratch/users/h61084/codes/selectime/outputs/selectime/chronos2/selections/top_k_5_mix/Global_Price/Q/short/run_0 launch_id=selena_3584837 slurm_job_id=3584837 launched_at=2026-09-27T18:11:57.069879+00:00
TIME run allocation action=new run=/fslarge/scratch/users/h61084/codes/selectime/outputs/selectime/chronos2/selections/top_k_10_mix/Global_Price/Q/short/run_0 launch_id=selena_3584837 slurm_job_id=3584837 launched_at=2026-09-27T18:11:57.110770+00:00
TIME run allocation action=new run=/fslarge/scratch/users/h61084/codes/selectime/outputs/selectime/chronos2/selections/top_k_15_mix/Global_Price/Q/short/run_0 launch_id=selena_3584837 slurm_job_id=3584837 launched_at=2026-09-27T18:11:57.151158+00:00
TIME run allocation action=new run=/fslarge/scratch/users/h61084/codes/selectime/outputs/selectime/chronos2/selections/top_k_20_mix/Global_Price/Q/short/run_0 launch_id=selena_3584837 slurm_job_id=3584837 launched_at=2026-09-27T18:11:57.191945+00:00
TIME run allocation action=new run=/fslarge/scratch/users/h61084/codes/selectime/outputs/selectime/chronos2/selections/scope_selector/Vehicle_Sales/M/short/run_1 launch_id=selena_3584837 slurm_job_id=3584837 launched_at=2026-09-27T18:11:57.232168+00:00
TIME run allocation action=new run=/fslarge/scratch/users/h61084/codes/selectime/outputs/selectime/chronos2/selections/scope_selector_per_variate/Vehicle_Sales/M/short/run_0 launch_id=selena_3584837 slurm_job_id=3584837 launched_at=2026-09-27T18:11:57.271127+00:00
TIME run allocation action=new run=/fslarge/scratch/users/h61084/codes/selectime/outputs/selectime/chronos2/selections/scope_mix/Vehicle_Sales/M/short/run_1 launch_id=selena_3584837 slurm_job_id=3584837 launched_at=2026-09-27T18:11:57.309942+00:00
TIME run allocation action=new run=/fslarge/scratch/users/h61084/codes/selectime/outputs/selectime/chronos2/selections/scope_mix_per_variate/Vehicle_Sales/M/short/run_0 launch_id=selena_3584837 slurm_job_id=3584837 launched_at=2026-09-27T18:11:57.345323+00:00
TIME run allocation action=new run=/fslarge/scratch/users/h61084/codes/selectime/outputs/selectime/chronos2/selections/scope_ridge/Vehicle_Sales/M/short/run_0 launch_id=selena_3584837 slurm_job_id=3584837 launched_at=2026-09-27T18:11:57.379930+00:00
TIME run allocation action=new run=/fslarge/scratch/users/h61084/codes/selectime/outputs/selectime/chronos2/selections/top_k_1_mix/Vehicle_Sales/M/short/run_0 launch_id=selena_3584837 slurm_job_id=3584837 launched_at=2026-09-27T18:11:57.419380+00:00
TIME run allocation action=new run=/fslarge/scratch/users/h61084/codes/selectime/outputs/selectime/chronos2/selections/top_k_5_mix/Vehicle_Sales/M/short/run_0 launch_id=selena_3584837 slurm_job_id=3584837 launched_at=2026-09-27T18:11:57.459510+00:00
TIME run allocation action=new run=/fslarge/scratch/users/h61084/codes/selectime/outputs/selectime/chronos2/selections/top_k_10_mix/Vehicle_Sales/M/short/run_0 launch_id=selena_3584837 slurm_job_id=3584837 launched_at=2026-09-27T18:11:57.499256+00:00
TIME run allocation action=new run=/fslarge/scratch/users/h61084/codes/selectime/outputs/selectime/chronos2/selections/top_k_15_mix/Vehicle_Sales/M/short/run_0 launch_id=selena_3584837 slurm_job_id=3584837 launched_at=2026-09-27T18:11:57.539500+00:00
TIME run allocation action=new run=/fslarge/scratch/users/h61084/codes/selectime/outputs/selectime/chronos2/selections/top_k_20_mix/Vehicle_Sales/M/short/run_0 launch_id=selena_3584837 slurm_job_id=3584837 launched_at=2026-09-27T18:11:57.579345+00:00
TIME run allocation action=new run=/fslarge/scratch/users/h61084/codes/selectime/outputs/selectime/chronos2/selections/scope_selector/Online_Retail_2_UCI/D/short/run_1 launch_id=selena_3584837 slurm_job_id=3584837 launched_at=2026-09-27T18:11:57.617379+00:00
TIME run allocation action=new run=/fslarge/scratch/users/h61084/codes/selectime/outputs/selectime/chronos2/selections/scope_selector_per_variate/Online_Retail_2_UCI/D/short/run_0 launch_id=selena_3584837 slurm_job_id=3584837 launched_at=2026-09-27T18:11:57.656066+00:00
TIME run allocation action=new run=/fslarge/scratch/users/h61084/codes/selectime/outputs/selectime/chronos2/selections/scope_mix/Online_Retail_2_UCI/D/short/run_1 launch_id=selena_3584837 slurm_job_id=3584837 launched_at=2026-09-27T18:11:57.693385+00:00
TIME run allocation action=new run=/fslarge/scratch/users/h61084/codes/selectime/outputs/selectime/chronos2/selections/scope_mix_per_variate/Online_Retail_2_UCI/D/short/run_0 launch_id=selena_3584837 slurm_job_id=3584837 launched_at=2026-09-27T18:11:57.728462+00:00
TIME run allocation action=new run=/fslarge/scratch/users/h61084/codes/selectime/outputs/selectime/chronos2/selections/scope_ridge/Online_Retail_2_UCI/D/short/run_0 launch_id=selena_3584837 slurm_job_id=3584837 launched_at=2026-09-27T18:11:57.761950+00:00
TIME run allocation action=new run=/fslarge/scratch/users/h61084/codes/selectime/outputs/selectime/chronos2/selections/top_k_1_mix/Online_Retail_2_UCI/D/short/run_0 launch_id=selena_3584837 slurm_job_id=3584837 launched_at=2026-09-27T18:11:57.800478+00:00
TIME run allocation action=new run=/fslarge/scratch/users/h61084/codes/selectime/outputs/selectime/chronos2/selections/top_k_5_mix/Online_Retail_2_UCI/D/short/run_0 launch_id=selena_3584837 slurm_job_id=3584837 launched_at=2026-09-27T18:11:57.839673+00:00
TIME run allocation action=new run=/fslarge/scratch/users/h61084/codes/selectime/outputs/selectime/chronos2/selections/top_k_10_mix/Online_Retail_2_UCI/D/short/run_0 launch_id=selena_3584837 slurm_job_id=3584837 launched_at=2026-09-27T18:11:57.879076+00:00
TIME run allocation action=new run=/fslarge/scratch/users/h61084/codes/selectime/outputs/selectime/chronos2/selections/top_k_15_mix/Online_Retail_2_UCI/D/short/run_0 launch_id=selena_3584837 slurm_job_id=3584837 launched_at=2026-09-27T18:11:57.918097+00:00
TIME run allocation action=new run=/fslarge/scratch/users/h61084/codes/selectime/outputs/selectime/chronos2/selections/top_k_20_mix/Online_Retail_2_UCI/D/short/run_0 launch_id=selena_3584837 slurm_job_id=3584837 launched_at=2026-09-27T18:11:57.957866+00:00
TIME run allocation action=new run=/fslarge/scratch/users/h61084/codes/selectime/outputs/selectime/chronos2/selections/scope_selector/Supply_Chain_Customer/D/short/run_1 launch_id=selena_3584837 slurm_job_id=3584837 launched_at=2026-09-27T18:11:58.000220+00:00
TIME run allocation action=new run=/fslarge/scratch/users/h61084/codes/selectime/outputs/selectime/chronos2/selections/scope_selector_per_variate/Supply_Chain_Customer/D/short/run_0 launch_id=selena_3584837 slurm_job_id=3584837 launched_at=2026-09-27T18:11:58.051325+00:00
TIME run allocation action=new run=/fslarge/scratch/users/h61084/codes/selectime/outputs/selectime/chronos2/selections/scope_mix/Supply_Chain_Customer/D/short/run_1 launch_id=selena_3584837 slurm_job_id=3584837 launched_at=2026-09-27T18:11:58.112463+00:00
TIME run allocation action=new run=/fslarge/scratch/users/h61084/codes/selectime/outputs/selectime/chronos2/selections/scope_mix_per_variate/Supply_Chain_Customer/D/short/run_0 launch_id=selena_3584837 slurm_job_id=3584837 launched_at=2026-09-27T18:11:58.150283+00:00
TIME run allocation action=new run=/fslarge/scratch/users/h61084/codes/selectime/outputs/selectime/chronos2/selections/scope_ridge/Supply_Chain_Customer/D/short/run_0 launch_id=selena_3584837 slurm_job_id=3584837 launched_at=2026-09-27T18:11:58.189158+00:00
TIME run allocation action=new run=/fslarge/scratch/users/h61084/codes/selectime/outputs/selectime/chronos2/selections/top_k_1_mix/Supply_Chain_Customer/D/short/run_0 launch_id=selena_3584837 slurm_job_id=3584837 launched_at=2026-09-27T18:11:58.231128+00:00
TIME run allocation action=new run=/fslarge/scratch/users/h61084/codes/selectime/outputs/selectime/chronos2/selections/top_k_5_mix/Supply_Chain_Customer/D/short/run_0 launch_id=selena_3584837 slurm_job_id=3584837 launched_at=2026-09-27T18:11:58.274119+00:00
TIME run allocation action=new run=/fslarge/scratch/users/h61084/codes/selectime/outputs/selectime/chronos2/selections/top_k_10_mix/Supply_Chain_Customer/D/short/run_0 launch_id=selena_3584837 slurm_job_id=3584837 launched_at=2026-09-27T18:11:58.316418+00:00
TIME run allocation action=new run=/fslarge/scratch/users/h61084/codes/selectime/outputs/selectime/chronos2/selections/top_k_15_mix/Supply_Chain_Customer/D/short/run_0 launch_id=selena_3584837 slurm_job_id=3584837 launched_at=2026-09-27T18:11:58.358443+00:00
TIME run allocation action=new run=/fslarge/scratch/users/h61084/codes/selectime/outputs/selectime/chronos2/selections/top_k_20_mix/Supply_Chain_Customer/D/short/run_0 launch_id=selena_3584837 slurm_job_id=3584837 launched_at=2026-09-27T18:11:58.400209+00:00
TIME run allocation action=new run=/fslarge/scratch/users/h61084/codes/selectime/outputs/selectime/chronos2/selections/scope_selector/Supply_Chain_Location/D/short/run_1 launch_id=selena_3584837 slurm_job_id=3584837 launched_at=2026-09-27T18:11:58.447361+00:00
TIME run allocation action=new run=/fslarge/scratch/users/h61084/codes/selectime/outputs/selectime/chronos2/selections/scope_selector_per_variate/Supply_Chain_Location/D/short/run_0 launch_id=selena_3584837 slurm_job_id=3584837 launched_at=2026-09-27T18:11:58.495766+00:00
TIME run allocation action=new run=/fslarge/scratch/users/h61084/codes/selectime/outputs/selectime/chronos2/selections/scope_mix/Supply_Chain_Location/D/short/run_1 launch_id=selena_3584837 slurm_job_id=3584837 launched_at=2026-09-27T18:11:58.569007+00:00
TIME run allocation action=new run=/fslarge/scratch/users/h61084/codes/selectime/outputs/selectime/chronos2/selections/scope_mix_per_variate/Supply_Chain_Location/D/short/run_0 launch_id=selena_3584837 slurm_job_id=3584837 launched_at=2026-09-27T18:11:58.608407+00:00
TIME run allocation action=new run=/fslarge/scratch/users/h61084/codes/selectime/outputs/selectime/chronos2/selections/scope_ridge/Supply_Chain_Location/D/short/run_0 launch_id=selena_3584837 slurm_job_id=3584837 launched_at=2026-09-27T18:11:58.650237+00:00
TIME run allocation action=new run=/fslarge/scratch/users/h61084/codes/selectime/outputs/selectime/chronos2/selections/top_k_1_mix/Supply_Chain_Location/D/short/run_0 launch_id=selena_3584837 slurm_job_id=3584837 launched_at=2026-09-27T18:11:58.693277+00:00
TIME run allocation action=new run=/fslarge/scratch/users/h61084/codes/selectime/outputs/selectime/chronos2/selections/top_k_5_mix/Supply_Chain_Location/D/short/run_0 launch_id=selena_3584837 slurm_job_id=3584837 launched_at=2026-09-27T18:11:58.736818+00:00
TIME run allocation action=new run=/fslarge/scratch/users/h61084/codes/selectime/outputs/selectime/chronos2/selections/top_k_10_mix/Supply_Chain_Location/D/short/run_0 launch_id=selena_3584837 slurm_job_id=3584837 launched_at=2026-09-27T18:11:58.780310+00:00
TIME run allocation action=new run=/fslarge/scratch/users/h61084/codes/selectime/outputs/selectime/chronos2/selections/top_k_15_mix/Supply_Chain_Location/D/short/run_0 launch_id=selena_3584837 slurm_job_id=3584837 launched_at=2026-09-27T18:11:58.823300+00:00
TIME run allocation action=new run=/fslarge/scratch/users/h61084/codes/selectime/outputs/selectime/chronos2/selections/top_k_20_mix/Supply_Chain_Location/D/short/run_0 launch_id=selena_3584837 slurm_job_id=3584837 launched_at=2026-09-27T18:11:58.866823+00:00
TIME run allocation action=new run=/fslarge/scratch/users/h61084/codes/selectime/outputs/selectime/chronos2/selections/scope_selector/azure2019_U/5T/short/run_1 launch_id=selena_3584837 slurm_job_id=3584837 launched_at=2026-09-27T18:11:58.935853+00:00
TIME run allocation action=new run=/fslarge/scratch/users/h61084/codes/selectime/outputs/selectime/chronos2/selections/scope_selector_per_variate/azure2019_U/5T/short/run_0 launch_id=selena_3584837 slurm_job_id=3584837 launched_at=2026-09-27T18:11:59.030880+00:00
TIME run allocation action=new run=/fslarge/scratch/users/h61084/codes/selectime/outputs/selectime/chronos2/selections/scope_mix/azure2019_U/5T/short/run_1 launch_id=selena_3584837 slurm_job_id=3584837 launched_at=2026-09-27T18:11:59.212206+00:00
TIME run allocation action=new run=/fslarge/scratch/users/h61084/codes/selectime/outputs/selectime/chronos2/selections/scope_mix_per_variate/azure2019_U/5T/short/run_0 launch_id=selena_3584837 slurm_job_id=3584837 launched_at=2026-09-27T18:11:59.299379+00:00
TIME run allocation action=new run=/fslarge/scratch/users/h61084/codes/selectime/outputs/selectime/chronos2/selections/scope_ridge/azure2019_U/5T/short/run_0 launch_id=selena_3584837 slurm_job_id=3584837 launched_at=2026-09-27T18:11:59.406326+00:00
TIME run allocation action=new run=/fslarge/scratch/users/h61084/codes/selectime/outputs/selectime/chronos2/selections/top_k_1_mix/azure2019_U/5T/short/run_0 launch_id=selena_3584837 slurm_job_id=3584837 launched_at=2026-09-27T18:11:59.496781+00:00
TIME run allocation action=new run=/fslarge/scratch/users/h61084/codes/selectime/outputs/selectime/chronos2/selections/top_k_5_mix/azure2019_U/5T/short/run_0 launch_id=selena_3584837 slurm_job_id=3584837 launched_at=2026-09-27T18:11:59.588073+00:00
TIME run allocation action=new run=/fslarge/scratch/users/h61084/codes/selectime/outputs/selectime/chronos2/selections/top_k_10_mix/azure2019_U/5T/short/run_0 launch_id=selena_3584837 slurm_job_id=3584837 launched_at=2026-09-27T18:11:59.678702+00:00
TIME run allocation action=new run=/fslarge/scratch/users/h61084/codes/selectime/outputs/selectime/chronos2/selections/top_k_15_mix/azure2019_U/5T/short/run_0 launch_id=selena_3584837 slurm_job_id=3584837 launched_at=2026-09-27T18:11:59.769640+00:00
TIME run allocation action=new run=/fslarge/scratch/users/h61084/codes/selectime/outputs/selectime/chronos2/selections/top_k_20_mix/azure2019_U/5T/short/run_0 launch_id=selena_3584837 slurm_job_id=3584837 launched_at=2026-09-27T18:11:59.860557+00:00
TIME run allocation action=new run=/fslarge/scratch/users/h61084/codes/selectime/outputs/selectime/chronos2/selections/scope_selector/Smart_Manufacturing/H/short/run_1 launch_id=selena_3584837 slurm_job_id=3584837 launched_at=2026-09-27T18:11:59.970967+00:00
TIME run allocation action=new run=/fslarge/scratch/users/h61084/codes/selectime/outputs/selectime/chronos2/selections/scope_selector_per_variate/Smart_Manufacturing/H/short/run_0 launch_id=selena_3584837 slurm_job_id=3584837 launched_at=2026-09-27T18:12:00.059072+00:00
TIME run allocation action=new run=/fslarge/scratch/users/h61084/codes/selectime/outputs/selectime/chronos2/selections/scope_mix/Smart_Manufacturing/H/short/run_1 launch_id=selena_3584837 slurm_job_id=3584837 launched_at=2026-09-27T18:12:00.264363+00:00
TIME run allocation action=new run=/fslarge/scratch/users/h61084/codes/selectime/outputs/selectime/chronos2/selections/scope_mix_per_variate/Smart_Manufacturing/H/short/run_0 launch_id=selena_3584837 slurm_job_id=3584837 launched_at=2026-09-27T18:12:00.347272+00:00
TIME run allocation action=new run=/fslarge/scratch/users/h61084/codes/selectime/outputs/selectime/chronos2/selections/scope_ridge/Smart_Manufacturing/H/short/run_0 launch_id=selena_3584837 slurm_job_id=3584837 launched_at=2026-09-27T18:12:00.448906+00:00
TIME run allocation action=new run=/fslarge/scratch/users/h61084/codes/selectime/outputs/selectime/chronos2/selections/top_k_1_mix/Smart_Manufacturing/H/short/run_0 launch_id=selena_3584837 slurm_job_id=3584837 launched_at=2026-09-27T18:12:00.535465+00:00
TIME run allocation action=new run=/fslarge/scratch/users/h61084/codes/selectime/outputs/selectime/chronos2/selections/top_k_5_mix/Smart_Manufacturing/H/short/run_0 launch_id=selena_3584837 slurm_job_id=3584837 launched_at=2026-09-27T18:12:00.622685+00:00
TIME run allocation action=new run=/fslarge/scratch/users/h61084/codes/selectime/outputs/selectime/chronos2/selections/top_k_10_mix/Smart_Manufacturing/H/short/run_0 launch_id=selena_3584837 slurm_job_id=3584837 launched_at=2026-09-27T18:12:00.709997+00:00
TIME run allocation action=new run=/fslarge/scratch/users/h61084/codes/selectime/outputs/selectime/chronos2/selections/top_k_15_mix/Smart_Manufacturing/H/short/run_0 launch_id=selena_3584837 slurm_job_id=3584837 launched_at=2026-09-27T18:12:00.797210+00:00
TIME run allocation action=new run=/fslarge/scratch/users/h61084/codes/selectime/outputs/selectime/chronos2/selections/top_k_20_mix/Smart_Manufacturing/H/short/run_0 launch_id=selena_3584837 slurm_job_id=3584837 launched_at=2026-09-27T18:12:00.884623+00:00
TIME run allocation action=new run=/fslarge/scratch/users/h61084/codes/selectime/outputs/selectime/chronos2/selections/scope_selector/Smart_Manufacturing/H/medium/run_1 launch_id=selena_3584837 slurm_job_id=3584837 launched_at=2026-09-27T18:12:00.990117+00:00
TIME run allocation action=new run=/fslarge/scratch/users/h61084/codes/selectime/outputs/selectime/chronos2/selections/scope_selector_per_variate/Smart_Manufacturing/H/medium/run_0 launch_id=selena_3584837 slurm_job_id=3584837 launched_at=2026-09-27T18:12:01.064565+00:00
TIME run allocation action=new run=/fslarge/scratch/users/h61084/codes/selectime/outputs/selectime/chronos2/selections/scope_mix/Smart_Manufacturing/H/medium/run_1 launch_id=selena_3584837 slurm_job_id=3584837 launched_at=2026-09-27T18:12:01.171133+00:00
TIME run allocation action=new run=/fslarge/scratch/users/h61084/codes/selectime/outputs/selectime/chronos2/selections/scope_mix_per_variate/Smart_Manufacturing/H/medium/run_0 launch_id=selena_3584837 slurm_job_id=3584837 launched_at=2026-09-27T18:12:01.241185+00:00
TIME run allocation action=new run=/fslarge/scratch/users/h61084/codes/selectime/outputs/selectime/chronos2/selections/scope_ridge/Smart_Manufacturing/H/medium/run_0 launch_id=selena_3584837 slurm_job_id=3584837 launched_at=2026-09-27T18:12:01.320921+00:00
TIME run allocation action=new run=/fslarge/scratch/users/h61084/codes/selectime/outputs/selectime/chronos2/selections/top_k_1_mix/Smart_Manufacturing/H/medium/run_0 launch_id=selena_3584837 slurm_job_id=3584837 launched_at=2026-09-27T18:12:01.395033+00:00
TIME run allocation action=new run=/fslarge/scratch/users/h61084/codes/selectime/outputs/selectime/chronos2/selections/top_k_5_mix/Smart_Manufacturing/H/medium/run_0 launch_id=selena_3584837 slurm_job_id=3584837 launched_at=2026-09-27T18:12:01.469881+00:00
TIME run allocation action=new run=/fslarge/scratch/users/h61084/codes/selectime/outputs/selectime/chronos2/selections/top_k_10_mix/Smart_Manufacturing/H/medium/run_0 launch_id=selena_3584837 slurm_job_id=3584837 launched_at=2026-09-27T18:12:01.544452+00:00
TIME run allocation action=new run=/fslarge/scratch/users/h61084/codes/selectime/outputs/selectime/chronos2/selections/top_k_15_mix/Smart_Manufacturing/H/medium/run_0 launch_id=selena_3584837 slurm_job_id=3584837 launched_at=2026-09-27T18:12:01.618935+00:00
TIME run allocation action=new run=/fslarge/scratch/users/h61084/codes/selectime/outputs/selectime/chronos2/selections/top_k_20_mix/Smart_Manufacturing/H/medium/run_0 launch_id=selena_3584837 slurm_job_id=3584837 launched_at=2026-09-27T18:12:01.693563+00:00
TIME run allocation action=new run=/fslarge/scratch/users/h61084/codes/selectime/outputs/selectime/chronos2/selections/scope_selector/Smart_Manufacturing/H/long/run_1 launch_id=selena_3584837 slurm_job_id=3584837 launched_at=2026-09-27T18:12:01.787965+00:00
TIME run allocation action=new run=/fslarge/scratch/users/h61084/codes/selectime/outputs/selectime/chronos2/selections/scope_selector_per_variate/Smart_Manufacturing/H/long/run_0 launch_id=selena_3584837 slurm_job_id=3584837 launched_at=2026-09-27T18:12:01.861152+00:00
TIME run allocation action=new run=/fslarge/scratch/users/h61084/codes/selectime/outputs/selectime/chronos2/selections/scope_mix/Smart_Manufacturing/H/long/run_1 launch_id=selena_3584837 slurm_job_id=3584837 launched_at=2026-09-27T18:12:01.943698+00:00
TIME run allocation action=new run=/fslarge/scratch/users/h61084/codes/selectime/outputs/selectime/chronos2/selections/scope_mix_per_variate/Smart_Manufacturing/H/long/run_0 launch_id=selena_3584837 slurm_job_id=3584837 launched_at=2026-09-27T18:12:02.013400+00:00
TIME run allocation action=new run=/fslarge/scratch/users/h61084/codes/selectime/outputs/selectime/chronos2/selections/scope_ridge/Smart_Manufacturing/H/long/run_0 launch_id=selena_3584837 slurm_job_id=3584837 launched_at=2026-09-27T18:12:02.091560+00:00
TIME run allocation action=new run=/fslarge/scratch/users/h61084/codes/selectime/outputs/selectime/chronos2/selections/top_k_1_mix/Smart_Manufacturing/H/long/run_0 launch_id=selena_3584837 slurm_job_id=3584837 launched_at=2026-09-27T18:12:02.163761+00:00
TIME run allocation action=new run=/fslarge/scratch/users/h61084/codes/selectime/outputs/selectime/chronos2/selections/top_k_5_mix/Smart_Manufacturing/H/long/run_0 launch_id=selena_3584837 slurm_job_id=3584837 launched_at=2026-09-27T18:12:02.237009+00:00
TIME run allocation action=new run=/fslarge/scratch/users/h61084/codes/selectime/outputs/selectime/chronos2/selections/top_k_10_mix/Smart_Manufacturing/H/long/run_0 launch_id=selena_3584837 slurm_job_id=3584837 launched_at=2026-09-27T18:12:02.310324+00:00
TIME run allocation action=new run=/fslarge/scratch/users/h61084/codes/selectime/outputs/selectime/chronos2/selections/top_k_15_mix/Smart_Manufacturing/H/long/run_0 launch_id=selena_3584837 slurm_job_id=3584837 launched_at=2026-09-27T18:12:02.383760+00:00
TIME run allocation action=new run=/fslarge/scratch/users/h61084/codes/selectime/outputs/selectime/chronos2/selections/top_k_20_mix/Smart_Manufacturing/H/long/run_0 launch_id=selena_3584837 slurm_job_id=3584837 launched_at=2026-09-27T18:12:02.456459+00:00
TIME run allocation action=new run=/fslarge/scratch/users/h61084/codes/selectime/outputs/selectime/chronos2/selections/scope_selector/MetroPT-3/5T/short/run_1 launch_id=selena_3584837 slurm_job_id=3584837 launched_at=2026-09-27T18:12:02.534737+00:00
TIME run allocation action=new run=/fslarge/scratch/users/h61084/codes/selectime/outputs/selectime/chronos2/selections/scope_selector_per_variate/MetroPT-3/5T/short/run_0 launch_id=selena_3584837 slurm_job_id=3584837 launched_at=2026-09-27T18:12:02.581219+00:00
TIME run allocation action=new run=/fslarge/scratch/users/h61084/codes/selectime/outputs/selectime/chronos2/selections/scope_mix/MetroPT-3/5T/short/run_1 launch_id=selena_3584837 slurm_job_id=3584837 launched_at=2026-09-27T18:12:02.625029+00:00
TIME run allocation action=new run=/fslarge/scratch/users/h61084/codes/selectime/outputs/selectime/chronos2/selections/scope_mix_per_variate/MetroPT-3/5T/short/run_0 launch_id=selena_3584837 slurm_job_id=3584837 launched_at=2026-09-27T18:12:02.661820+00:00
TIME run allocation action=new run=/fslarge/scratch/users/h61084/codes/selectime/outputs/selectime/chronos2/selections/scope_ridge/MetroPT-3/5T/short/run_0 launch_id=selena_3584837 slurm_job_id=3584837 launched_at=2026-09-27T18:12:02.696319+00:00
TIME run allocation action=new run=/fslarge/scratch/users/h61084/codes/selectime/outputs/selectime/chronos2/selections/top_k_1_mix/MetroPT-3/5T/short/run_0 launch_id=selena_3584837 slurm_job_id=3584837 launched_at=2026-09-27T18:12:02.736868+00:00
TIME run allocation action=new run=/fslarge/scratch/users/h61084/codes/selectime/outputs/selectime/chronos2/selections/top_k_5_mix/MetroPT-3/5T/short/run_0 launch_id=selena_3584837 slurm_job_id=3584837 launched_at=2026-09-27T18:12:02.777424+00:00
TIME run allocation action=new run=/fslarge/scratch/users/h61084/codes/selectime/outputs/selectime/chronos2/selections/top_k_10_mix/MetroPT-3/5T/short/run_0 launch_id=selena_3584837 slurm_job_id=3584837 launched_at=2026-09-27T18:12:02.818561+00:00
TIME run allocation action=new run=/fslarge/scratch/users/h61084/codes/selectime/outputs/selectime/chronos2/selections/top_k_15_mix/MetroPT-3/5T/short/run_0 launch_id=selena_3584837 slurm_job_id=3584837 launched_at=2026-09-27T18:12:02.859324+00:00
TIME run allocation action=new run=/fslarge/scratch/users/h61084/codes/selectime/outputs/selectime/chronos2/selections/top_k_20_mix/MetroPT-3/5T/short/run_0 launch_id=selena_3584837 slurm_job_id=3584837 launched_at=2026-09-27T18:12:02.900484+00:00
TIME run allocation action=new run=/fslarge/scratch/users/h61084/codes/selectime/outputs/selectime/chronos2/selections/scope_selector/MetroPT-3/5T/medium/run_1 launch_id=selena_3584837 slurm_job_id=3584837 launched_at=2026-09-27T18:12:02.946251+00:00
TIME run allocation action=new run=/fslarge/scratch/users/h61084/codes/selectime/outputs/selectime/chronos2/selections/scope_selector_per_variate/MetroPT-3/5T/medium/run_0 launch_id=selena_3584837 slurm_job_id=3584837 launched_at=2026-09-27T18:12:02.990662+00:00
TIME run allocation action=new run=/fslarge/scratch/users/h61084/codes/selectime/outputs/selectime/chronos2/selections/scope_mix/MetroPT-3/5T/medium/run_1 launch_id=selena_3584837 slurm_job_id=3584837 launched_at=2026-09-27T18:12:03.033839+00:00
TIME run allocation action=new run=/fslarge/scratch/users/h61084/codes/selectime/outputs/selectime/chronos2/selections/scope_mix_per_variate/MetroPT-3/5T/medium/run_0 launch_id=selena_3584837 slurm_job_id=3584837 launched_at=2026-09-27T18:12:03.069150+00:00
TIME run allocation action=new run=/fslarge/scratch/users/h61084/codes/selectime/outputs/selectime/chronos2/selections/scope_ridge/MetroPT-3/5T/medium/run_0 launch_id=selena_3584837 slurm_job_id=3584837 launched_at=2026-09-27T18:12:03.105209+00:00
TIME run allocation action=new run=/fslarge/scratch/users/h61084/codes/selectime/outputs/selectime/chronos2/selections/top_k_1_mix/MetroPT-3/5T/medium/run_0 launch_id=selena_3584837 slurm_job_id=3584837 launched_at=2026-09-27T18:12:03.145089+00:00
TIME run allocation action=new run=/fslarge/scratch/users/h61084/codes/selectime/outputs/selectime/chronos2/selections/top_k_5_mix/MetroPT-3/5T/medium/run_0 launch_id=selena_3584837 slurm_job_id=3584837 launched_at=2026-09-27T18:12:03.184803+00:00
TIME run allocation action=new run=/fslarge/scratch/users/h61084/codes/selectime/outputs/selectime/chronos2/selections/top_k_10_mix/MetroPT-3/5T/medium/run_0 launch_id=selena_3584837 slurm_job_id=3584837 launched_at=2026-09-27T18:12:03.224390+00:00
TIME run allocation action=new run=/fslarge/scratch/users/h61084/codes/selectime/outputs/selectime/chronos2/selections/top_k_15_mix/MetroPT-3/5T/medium/run_0 launch_id=selena_3584837 slurm_job_id=3584837 launched_at=2026-09-27T18:12:03.263923+00:00
TIME run allocation action=new run=/fslarge/scratch/users/h61084/codes/selectime/outputs/selectime/chronos2/selections/top_k_20_mix/MetroPT-3/5T/medium/run_0 launch_id=selena_3584837 slurm_job_id=3584837 launched_at=2026-09-27T18:12:03.303281+00:00
TIME run allocation action=new run=/fslarge/scratch/users/h61084/codes/selectime/outputs/selectime/chronos2/selections/scope_selector/MetroPT-3/5T/long/run_1 launch_id=selena_3584837 slurm_job_id=3584837 launched_at=2026-09-27T18:12:03.348703+00:00
TIME run allocation action=new run=/fslarge/scratch/users/h61084/codes/selectime/outputs/selectime/chronos2/selections/scope_selector_per_variate/MetroPT-3/5T/long/run_0 launch_id=selena_3584837 slurm_job_id=3584837 launched_at=2026-09-27T18:12:03.393062+00:00
TIME run allocation action=new run=/fslarge/scratch/users/h61084/codes/selectime/outputs/selectime/chronos2/selections/scope_mix/MetroPT-3/5T/long/run_1 launch_id=selena_3584837 slurm_job_id=3584837 launched_at=2026-09-27T18:12:03.430366+00:00
TIME run allocation action=new run=/fslarge/scratch/users/h61084/codes/selectime/outputs/selectime/chronos2/selections/scope_mix_per_variate/MetroPT-3/5T/long/run_0 launch_id=selena_3584837 slurm_job_id=3584837 launched_at=2026-09-27T18:12:03.465164+00:00
TIME run allocation action=new run=/fslarge/scratch/users/h61084/codes/selectime/outputs/selectime/chronos2/selections/scope_ridge/MetroPT-3/5T/long/run_0 launch_id=selena_3584837 slurm_job_id=3584837 launched_at=2026-09-27T18:12:03.498484+00:00
TIME run allocation action=new run=/fslarge/scratch/users/h61084/codes/selectime/outputs/selectime/chronos2/selections/top_k_1_mix/MetroPT-3/5T/long/run_0 launch_id=selena_3584837 slurm_job_id=3584837 launched_at=2026-09-27T18:12:03.537618+00:00
TIME run allocation action=new run=/fslarge/scratch/users/h61084/codes/selectime/outputs/selectime/chronos2/selections/top_k_5_mix/MetroPT-3/5T/long/run_0 launch_id=selena_3584837 slurm_job_id=3584837 launched_at=2026-09-27T18:12:03.576190+00:00
TIME run allocation action=new run=/fslarge/scratch/users/h61084/codes/selectime/outputs/selectime/chronos2/selections/top_k_10_mix/MetroPT-3/5T/long/run_0 launch_id=selena_3584837 slurm_job_id=3584837 launched_at=2026-09-27T18:12:03.615264+00:00
TIME run allocation action=new run=/fslarge/scratch/users/h61084/codes/selectime/outputs/selectime/chronos2/selections/top_k_15_mix/MetroPT-3/5T/long/run_0 launch_id=selena_3584837 slurm_job_id=3584837 launched_at=2026-09-27T18:12:03.654982+00:00
TIME run allocation action=new run=/fslarge/scratch/users/h61084/codes/selectime/outputs/selectime/chronos2/selections/top_k_20_mix/MetroPT-3/5T/long/run_0 launch_id=selena_3584837 slurm_job_id=3584837 launched_at=2026-09-27T18:12:03.694447+00:00
[2026-09-27 18:12:18 UTC] Slurm=3584837 launch=selena_3584837 stage=extract_test prediction_group=all
[2026-09-27 18:12:19 UTC] dataset_config=/fssmall/home/h61084/codes/selectime/src/timebench/config/datasets.yaml applied_keys=datasets,selectime_tasks tasks=90
[2026-09-27 18:12:19 UTC] resources selected_device {"component": "selectime", "device": "cpu", "stage": "extract_test"}
[2026-09-27 18:12:19 UTC] stage=extract_test tasks=90 seed=0 Slurm=3584837
TIME run allocation action=new run=/fslarge/scratch/users/h61084/codes/selectime/outputs/selectime/chronos2/retrieval/test/covariate/Water_Quality_Darwin/15T/short/run_0 launch_id=selena_3584837 slurm_job_id=3584837 launched_at=2026-09-27T18:12:19.680674+00:00
[2026-09-27 18:12:19 UTC] extract_test kind=covariate Water_Quality_Darwin/15T/short
[2026-09-27 20:12:20,029][datasets][INFO] - PyTorch version 2.9.1 available.
TIME run allocation action=new run=/fslarge/scratch/users/h61084/codes/selectime/outputs/selectime/chronos2/retrieval/test/covariate/Water_Quality_Darwin/15T/medium/run_0 launch_id=selena_3584837 slurm_job_id=3584837 launched_at=2026-09-27T18:12:52.137043+00:00
[2026-09-27 18:12:52 UTC] extract_test kind=covariate Water_Quality_Darwin/15T/medium
TIME run allocation action=new run=/fslarge/scratch/users/h61084/codes/selectime/outputs/selectime/chronos2/retrieval/test/covariate/Water_Quality_Darwin/15T/long/run_0 launch_id=selena_3584837 slurm_job_id=3584837 launched_at=2026-09-27T18:12:54.340505+00:00
[2026-09-27 18:12:54 UTC] extract_test kind=covariate Water_Quality_Darwin/15T/long
TIME run allocation action=new run=/fslarge/scratch/users/h61084/codes/selectime/outputs/selectime/chronos2/retrieval/test/covariate/current_velocity/5T/short/run_0 launch_id=selena_3584837 slurm_job_id=3584837 launched_at=2026-09-27T18:12:55.616019+00:00
[2026-09-27 18:12:55 UTC] extract_test kind=covariate current_velocity/5T/short
TIME run allocation action=new run=/fslarge/scratch/users/h61084/codes/selectime/outputs/selectime/chronos2/retrieval/test/covariate/current_velocity/5T/medium/run_0 launch_id=selena_3584837 slurm_job_id=3584837 launched_at=2026-09-27T18:12:56.086608+00:00
[2026-09-27 18:12:56 UTC] extract_test kind=covariate current_velocity/5T/medium
TIME run allocation action=new run=/fslarge/scratch/users/h61084/codes/selectime/outputs/selectime/chronos2/retrieval/test/covariate/current_velocity/5T/long/run_0 launch_id=selena_3584837 slurm_job_id=3584837 launched_at=2026-09-27T18:12:56.182774+00:00
[2026-09-27 18:12:56 UTC] extract_test kind=covariate current_velocity/5T/long
TIME run allocation action=new run=/fslarge/scratch/users/h61084/codes/selectime/outputs/selectime/chronos2/retrieval/test/covariate/current_velocity/10T/short/run_0 launch_id=selena_3584837 slurm_job_id=3584837 launched_at=2026-09-27T18:12:56.263749+00:00
[2026-09-27 18:12:56 UTC] extract_test kind=covariate current_velocity/10T/short
TIME run allocation action=new run=/fslarge/scratch/users/h61084/codes/selectime/outputs/selectime/chronos2/retrieval/test/covariate/current_velocity/10T/medium/run_0 launch_id=selena_3584837 slurm_job_id=3584837 launched_at=2026-09-27T18:15:10.192481+00:00
[2026-09-27 18:15:10 UTC] extract_test kind=covariate current_velocity/10T/medium
TIME run allocation action=new run=/fslarge/scratch/users/h61084/codes/selectime/outputs/selectime/chronos2/retrieval/test/covariate/current_velocity/10T/long/run_0 launch_id=selena_3584837 slurm_job_id=3584837 launched_at=2026-09-27T18:15:14.973443+00:00
[2026-09-27 18:15:14 UTC] extract_test kind=covariate current_velocity/10T/long
TIME run allocation action=new run=/fslarge/scratch/users/h61084/codes/selectime/outputs/selectime/chronos2/retrieval/test/covariate/current_velocity/15T/short/run_0 launch_id=selena_3584837 slurm_job_id=3584837 launched_at=2026-09-27T18:15:18.156199+00:00
[2026-09-27 18:15:18 UTC] extract_test kind=covariate current_velocity/15T/short
TIME run allocation action=new run=/fslarge/scratch/users/h61084/codes/selectime/outputs/selectime/chronos2/retrieval/test/covariate/current_velocity/15T/medium/run_0 launch_id=selena_3584837 slurm_job_id=3584837 launched_at=2026-09-27T18:15:28.639776+00:00
[2026-09-27 18:15:28 UTC] extract_test kind=covariate current_velocity/15T/medium
TIME run allocation action=new run=/fslarge/scratch/users/h61084/codes/selectime/outputs/selectime/chronos2/retrieval/test/covariate/current_velocity/15T/long/run_0 launch_id=selena_3584837 slurm_job_id=3584837 launched_at=2026-09-27T18:15:29.120836+00:00
[2026-09-27 18:15:29 UTC] extract_test kind=covariate current_velocity/15T/long
TIME run allocation action=new run=/fslarge/scratch/users/h61084/codes/selectime/outputs/selectime/chronos2/retrieval/test/covariate/current_velocity/H/short/run_0 launch_id=selena_3584837 slurm_job_id=3584837 launched_at=2026-09-27T18:15:29.449034+00:00
[2026-09-27 18:15:29 UTC] extract_test kind=covariate current_velocity/H/short
TIME run allocation action=new run=/fslarge/scratch/users/h61084/codes/selectime/outputs/selectime/chronos2/retrieval/test/covariate/current_velocity/H/medium/run_0 launch_id=selena_3584837 slurm_job_id=3584837 launched_at=2026-09-27T18:15:41.267047+00:00
[2026-09-27 18:15:41 UTC] extract_test kind=covariate current_velocity/H/medium
TIME run allocation action=new run=/fslarge/scratch/users/h61084/codes/selectime/outputs/selectime/chronos2/retrieval/test/covariate/current_velocity/H/long/run_0 launch_id=selena_3584837 slurm_job_id=3584837 launched_at=2026-09-27T18:15:43.936581+00:00
[2026-09-27 18:15:43 UTC] extract_test kind=covariate current_velocity/H/long
TIME run allocation action=new run=/fslarge/scratch/users/h61084/codes/selectime/outputs/selectime/chronos2/retrieval/test/covariate/CPHL/15T/short/run_0 launch_id=selena_3584837 slurm_job_id=3584837 launched_at=2026-09-27T18:15:46.365489+00:00
[2026-09-27 18:15:46 UTC] extract_test kind=covariate CPHL/15T/short
TIME run allocation action=new run=/fslarge/scratch/users/h61084/codes/selectime/outputs/selectime/chronos2/retrieval/test/covariate/CPHL/15T/medium/run_0 launch_id=selena_3584837 slurm_job_id=3584837 launched_at=2026-09-27T18:15:46.504559+00:00
[2026-09-27 18:15:46 UTC] extract_test kind=covariate CPHL/15T/medium
TIME run allocation action=new run=/fslarge/scratch/users/h61084/codes/selectime/outputs/selectime/chronos2/retrieval/test/covariate/CPHL/15T/long/run_0 launch_id=selena_3584837 slurm_job_id=3584837 launched_at=2026-09-27T18:15:46.550715+00:00
[2026-09-27 18:15:46 UTC] extract_test kind=covariate CPHL/15T/long
TIME run allocation action=new run=/fslarge/scratch/users/h61084/codes/selectime/outputs/selectime/chronos2/retrieval/test/covariate/CPHL/30T/short/run_0 launch_id=selena_3584837 slurm_job_id=3584837 launched_at=2026-09-27T18:15:46.594998+00:00
[2026-09-27 18:15:46 UTC] extract_test kind=covariate CPHL/30T/short
TIME run allocation action=new run=/fslarge/scratch/users/h61084/codes/selectime/outputs/selectime/chronos2/retrieval/test/covariate/CPHL/30T/medium/run_0 launch_id=selena_3584837 slurm_job_id=3584837 launched_at=2026-09-27T18:15:46.733131+00:00
[2026-09-27 18:15:46 UTC] extract_test kind=covariate CPHL/30T/medium
TIME run allocation action=new run=/fslarge/scratch/users/h61084/codes/selectime/outputs/selectime/chronos2/retrieval/test/covariate/CPHL/30T/long/run_0 launch_id=selena_3584837 slurm_job_id=3584837 launched_at=2026-09-27T18:15:46.790006+00:00
[2026-09-27 18:15:46 UTC] extract_test kind=covariate CPHL/30T/long
TIME run allocation action=new run=/fslarge/scratch/users/h61084/codes/selectime/outputs/selectime/chronos2/retrieval/test/covariate/CPHL/H/short/run_0 launch_id=selena_3584837 slurm_job_id=3584837 launched_at=2026-09-27T18:15:46.844332+00:00
[2026-09-27 18:15:46 UTC] extract_test kind=covariate CPHL/H/short
TIME run allocation action=new run=/fslarge/scratch/users/h61084/codes/selectime/outputs/selectime/chronos2/retrieval/test/covariate/CPHL/H/medium/run_0 launch_id=selena_3584837 slurm_job_id=3584837 launched_at=2026-09-27T18:15:46.917374+00:00
[2026-09-27 18:15:46 UTC] extract_test kind=covariate CPHL/H/medium
TIME run allocation action=new run=/fslarge/scratch/users/h61084/codes/selectime/outputs/selectime/chronos2/retrieval/test/covariate/CPHL/H/long/run_0 launch_id=selena_3584837 slurm_job_id=3584837 launched_at=2026-09-27T18:15:46.978061+00:00
[2026-09-27 18:15:46 UTC] extract_test kind=covariate CPHL/H/long
TIME run allocation action=new run=/fslarge/scratch/users/h61084/codes/selectime/outputs/selectime/chronos2/retrieval/test/covariate/Coastal_T_S/15T/short/run_0 launch_id=selena_3584837 slurm_job_id=3584837 launched_at=2026-09-27T18:15:47.049178+00:00
[2026-09-27 18:15:47 UTC] extract_test kind=covariate Coastal_T_S/15T/short
TIME run allocation action=new run=/fslarge/scratch/users/h61084/codes/selectime/outputs/selectime/chronos2/retrieval/test/covariate/Coastal_T_S/15T/medium/run_0 launch_id=selena_3584837 slurm_job_id=3584837 launched_at=2026-09-27T18:15:50.814186+00:00
[2026-09-27 18:15:50 UTC] extract_test kind=covariate Coastal_T_S/15T/medium
TIME run allocation action=new run=/fslarge/scratch/users/h61084/codes/selectime/outputs/selectime/chronos2/retrieval/test/covariate/Coastal_T_S/15T/long/run_0 launch_id=selena_3584837 slurm_job_id=3584837 launched_at=2026-09-27T18:15:51.093298+00:00
[2026-09-27 18:15:51 UTC] extract_test kind=covariate Coastal_T_S/15T/long
TIME run allocation action=new run=/fslarge/scratch/users/h61084/codes/selectime/outputs/selectime/chronos2/retrieval/test/covariate/Coastal_T_S/20T/short/run_0 launch_id=selena_3584837 slurm_job_id=3584837 launched_at=2026-09-27T18:15:51.320375+00:00
[2026-09-27 18:15:51 UTC] extract_test kind=covariate Coastal_T_S/20T/short
TIME run allocation action=new run=/fslarge/scratch/users/h61084/codes/selectime/outputs/selectime/chronos2/retrieval/test/covariate/Coastal_T_S/20T/medium/run_0 launch_id=selena_3584837 slurm_job_id=3584837 launched_at=2026-09-27T18:15:51.442453+00:00
[2026-09-27 18:15:51 UTC] extract_test kind=covariate Coastal_T_S/20T/medium
TIME run allocation action=new run=/fslarge/scratch/users/h61084/codes/selectime/outputs/selectime/chronos2/retrieval/test/covariate/Coastal_T_S/20T/long/run_0 launch_id=selena_3584837 slurm_job_id=3584837 launched_at=2026-09-27T18:15:51.487605+00:00
[2026-09-27 18:15:51 UTC] extract_test kind=covariate Coastal_T_S/20T/long
TIME run allocation action=new run=/fslarge/scratch/users/h61084/codes/selectime/outputs/selectime/chronos2/retrieval/test/covariate/Coastal_T_S/H/short/run_0 launch_id=selena_3584837 slurm_job_id=3584837 launched_at=2026-09-27T18:15:51.529088+00:00
[2026-09-27 18:15:51 UTC] extract_test kind=covariate Coastal_T_S/H/short
TIME run allocation action=new run=/fslarge/scratch/users/h61084/codes/selectime/outputs/selectime/chronos2/retrieval/test/covariate/Coastal_T_S/H/medium/run_0 launch_id=selena_3584837 slurm_job_id=3584837 launched_at=2026-09-27T18:15:55.906321+00:00
[2026-09-27 18:15:55 UTC] extract_test kind=covariate Coastal_T_S/H/medium
TIME run allocation action=new run=/fslarge/scratch/users/h61084/codes/selectime/outputs/selectime/chronos2/retrieval/test/covariate/Coastal_T_S/H/long/run_0 launch_id=selena_3584837 slurm_job_id=3584837 launched_at=2026-09-27T18:15:57.308703+00:00
[2026-09-27 18:15:57 UTC] extract_test kind=covariate Coastal_T_S/H/long
TIME run allocation action=new run=/fslarge/scratch/users/h61084/codes/selectime/outputs/selectime/chronos2/retrieval/test/covariate/SG_Weather/D/short/run_0 launch_id=selena_3584837 slurm_job_id=3584837 launched_at=2026-09-27T18:15:58.741559+00:00
[2026-09-27 18:15:58 UTC] extract_test kind=covariate SG_Weather/D/short
TIME run allocation action=new run=/fslarge/scratch/users/h61084/codes/selectime/outputs/selectime/chronos2/retrieval/test/covariate/SG_Weather/D/medium/run_0 launch_id=selena_3584837 slurm_job_id=3584837 launched_at=2026-09-27T18:16:02.892824+00:00
[2026-09-27 18:16:02 UTC] extract_test kind=covariate SG_Weather/D/medium
TIME run allocation action=new run=/fslarge/scratch/users/h61084/codes/selectime/outputs/selectime/chronos2/retrieval/test/covariate/SG_Weather/D/long/run_0 launch_id=selena_3584837 slurm_job_id=3584837 launched_at=2026-09-27T18:16:04.789048+00:00
[2026-09-27 18:16:04 UTC] extract_test kind=covariate SG_Weather/D/long
TIME run allocation action=new run=/fslarge/scratch/users/h61084/codes/selectime/outputs/selectime/chronos2/retrieval/test/covariate/SG_PM25/H/short/run_0 launch_id=selena_3584837 slurm_job_id=3584837 launched_at=2026-09-27T18:16:05.863737+00:00
[2026-09-27 18:16:05 UTC] extract_test kind=covariate SG_PM25/H/short
TIME run allocation action=new run=/fslarge/scratch/users/h61084/codes/selectime/outputs/selectime/chronos2/retrieval/test/covariate/SG_PM25/H/medium/run_0 launch_id=selena_3584837 slurm_job_id=3584837 launched_at=2026-09-27T18:16:06.090107+00:00
[2026-09-27 18:16:06 UTC] extract_test kind=covariate SG_PM25/H/medium
TIME run allocation action=new run=/fslarge/scratch/users/h61084/codes/selectime/outputs/selectime/chronos2/retrieval/test/covariate/SG_PM25/H/long/run_0 launch_id=selena_3584837 slurm_job_id=3584837 launched_at=2026-09-27T18:16:06.239993+00:00
[2026-09-27 18:16:06 UTC] extract_test kind=covariate SG_PM25/H/long
TIME run allocation action=new run=/fslarge/scratch/users/h61084/codes/selectime/outputs/selectime/chronos2/retrieval/test/covariate/NE_China_Wind/H/short/run_0 launch_id=selena_3584837 slurm_job_id=3584837 launched_at=2026-09-27T18:16:06.370736+00:00
[2026-09-27 18:16:06 UTC] extract_test kind=covariate NE_China_Wind/H/short
TIME run allocation action=new run=/fslarge/scratch/users/h61084/codes/selectime/outputs/selectime/chronos2/retrieval/test/covariate/NE_China_Wind/H/medium/run_0 launch_id=selena_3584837 slurm_job_id=3584837 launched_at=2026-09-27T18:16:06.442434+00:00
[2026-09-27 18:16:06 UTC] extract_test kind=covariate NE_China_Wind/H/medium
TIME run allocation action=new run=/fslarge/scratch/users/h61084/codes/selectime/outputs/selectime/chronos2/retrieval/test/covariate/NE_China_Wind/H/long/run_0 launch_id=selena_3584837 slurm_job_id=3584837 launched_at=2026-09-27T18:16:06.495786+00:00
[2026-09-27 18:16:06 UTC] extract_test kind=covariate NE_China_Wind/H/long
TIME run allocation action=new run=/fslarge/scratch/users/h61084/codes/selectime/outputs/selectime/chronos2/retrieval/test/covariate/Australia_Solar/H/short/run_0 launch_id=selena_3584837 slurm_job_id=3584837 launched_at=2026-09-27T18:16:06.544540+00:00
[2026-09-27 18:16:06 UTC] extract_test kind=covariate Australia_Solar/H/short
TIME run allocation action=new run=/fslarge/scratch/users/h61084/codes/selectime/outputs/selectime/chronos2/retrieval/test/covariate/Australia_Solar/H/medium/run_0 launch_id=selena_3584837 slurm_job_id=3584837 launched_at=2026-09-27T18:16:06.669332+00:00
[2026-09-27 18:16:06 UTC] extract_test kind=covariate Australia_Solar/H/medium
TIME run allocation action=new run=/fslarge/scratch/users/h61084/codes/selectime/outputs/selectime/chronos2/retrieval/test/covariate/Australia_Solar/H/long/run_0 launch_id=selena_3584837 slurm_job_id=3584837 launched_at=2026-09-27T18:16:06.763167+00:00
[2026-09-27 18:16:06 UTC] extract_test kind=covariate Australia_Solar/H/long
TIME run allocation action=new run=/fslarge/scratch/users/h61084/codes/selectime/outputs/selectime/chronos2/retrieval/test/covariate/epf_electricity_price/H/short/run_0 launch_id=selena_3584837 slurm_job_id=3584837 launched_at=2026-09-27T18:16:06.849335+00:00
[2026-09-27 18:16:06 UTC] extract_test kind=covariate epf_electricity_price/H/short
TIME run allocation action=new run=/fslarge/scratch/users/h61084/codes/selectime/outputs/selectime/chronos2/retrieval/test/covariate/epf_electricity_price/H/medium/run_0 launch_id=selena_3584837 slurm_job_id=3584837 launched_at=2026-09-27T18:16:07.155533+00:00
[2026-09-27 18:16:07 UTC] extract_test kind=covariate epf_electricity_price/H/medium
TIME run allocation action=new run=/fslarge/scratch/users/h61084/codes/selectime/outputs/selectime/chronos2/retrieval/test/covariate/epf_electricity_price/H/long/run_0 launch_id=selena_3584837 slurm_job_id=3584837 launched_at=2026-09-27T18:16:07.357047+00:00
[2026-09-27 18:16:07 UTC] extract_test kind=covariate epf_electricity_price/H/long
TIME run allocation action=new run=/fslarge/scratch/users/h61084/codes/selectime/outputs/selectime/chronos2/retrieval/test/covariate/OpenElectricity_NEM/5T/short/run_0 launch_id=selena_3584837 slurm_job_id=3584837 launched_at=2026-09-27T18:16:07.491252+00:00
[2026-09-27 18:16:07 UTC] extract_test kind=covariate OpenElectricity_NEM/5T/short
TIME run allocation action=new run=/fslarge/scratch/users/h61084/codes/selectime/outputs/selectime/chronos2/retrieval/test/covariate/OpenElectricity_NEM/5T/medium/run_0 launch_id=selena_3584837 slurm_job_id=3584837 launched_at=2026-09-27T18:16:10.086320+00:00
[2026-09-27 18:16:10 UTC] extract_test kind=covariate OpenElectricity_NEM/5T/medium
TIME run allocation action=new run=/fslarge/scratch/users/h61084/codes/selectime/outputs/selectime/chronos2/retrieval/test/covariate/OpenElectricity_NEM/5T/long/run_0 launch_id=selena_3584837 slurm_job_id=3584837 launched_at=2026-09-27T18:16:10.557594+00:00
[2026-09-27 18:16:10 UTC] extract_test kind=covariate OpenElectricity_NEM/5T/long
TIME run allocation action=new run=/fslarge/scratch/users/h61084/codes/selectime/outputs/selectime/chronos2/retrieval/test/covariate/EWELD_Load/15T/short/run_0 launch_id=selena_3584837 slurm_job_id=3584837 launched_at=2026-09-27T18:16:10.768945+00:00
[2026-09-27 18:16:10 UTC] extract_test kind=covariate EWELD_Load/15T/short
TIME run allocation action=new run=/fslarge/scratch/users/h61084/codes/selectime/outputs/selectime/chronos2/retrieval/test/covariate/EWELD_Load/15T/medium/run_0 launch_id=selena_3584837 slurm_job_id=3584837 launched_at=2026-09-27T18:16:11.153939+00:00
[2026-09-27 18:16:11 UTC] extract_test kind=covariate EWELD_Load/15T/medium
TIME run allocation action=new run=/fslarge/scratch/users/h61084/codes/selectime/outputs/selectime/chronos2/retrieval/test/covariate/EWELD_Load/15T/long/run_0 launch_id=selena_3584837 slurm_job_id=3584837 launched_at=2026-09-27T18:16:11.272646+00:00
[2026-09-27 18:16:11 UTC] extract_test kind=covariate EWELD_Load/15T/long
TIME run allocation action=new run=/fslarge/scratch/users/h61084/codes/selectime/outputs/selectime/chronos2/retrieval/test/covariate/SG_Carpark/15T/short/run_0 launch_id=selena_3584837 slurm_job_id=3584837 launched_at=2026-09-27T18:16:11.338814+00:00
[2026-09-27 18:16:11 UTC] extract_test kind=covariate SG_Carpark/15T/short
TIME run allocation action=new run=/fslarge/scratch/users/h61084/codes/selectime/outputs/selectime/chronos2/retrieval/test/covariate/SG_Carpark/15T/medium/run_0 launch_id=selena_3584837 slurm_job_id=3584837 launched_at=2026-09-27T18:18:41.278050+00:00
[2026-09-27 18:18:41 UTC] extract_test kind=covariate SG_Carpark/15T/medium
TIME run allocation action=new run=/fslarge/scratch/users/h61084/codes/selectime/outputs/selectime/chronos2/retrieval/test/covariate/SG_Carpark/15T/long/run_0 launch_id=selena_3584837 slurm_job_id=3584837 launched_at=2026-09-27T18:18:47.129261+00:00
[2026-09-27 18:18:47 UTC] extract_test kind=covariate SG_Carpark/15T/long
TIME run allocation action=new run=/fslarge/scratch/users/h61084/codes/selectime/outputs/selectime/chronos2/retrieval/test/covariate/Finland_Traffic/15T/short/run_0 launch_id=selena_3584837 slurm_job_id=3584837 launched_at=2026-09-27T18:18:48.201625+00:00
[2026-09-27 18:18:48 UTC] extract_test kind=covariate Finland_Traffic/15T/short
TIME run allocation action=new run=/fslarge/scratch/users/h61084/codes/selectime/outputs/selectime/chronos2/retrieval/test/covariate/Finland_Traffic/15T/medium/run_0 launch_id=selena_3584837 slurm_job_id=3584837 launched_at=2026-09-27T18:18:48.314957+00:00
[2026-09-27 18:18:48 UTC] extract_test kind=covariate Finland_Traffic/15T/medium
TIME run allocation action=new run=/fslarge/scratch/users/h61084/codes/selectime/outputs/selectime/chronos2/retrieval/test/covariate/Finland_Traffic/15T/long/run_0 launch_id=selena_3584837 slurm_job_id=3584837 launched_at=2026-09-27T18:18:48.365963+00:00
[2026-09-27 18:18:48 UTC] extract_test kind=covariate Finland_Traffic/15T/long
TIME run allocation action=new run=/fslarge/scratch/users/h61084/codes/selectime/outputs/selectime/chronos2/retrieval/test/covariate/Port_Activity/D/short/run_0 launch_id=selena_3584837 slurm_job_id=3584837 launched_at=2026-09-27T18:18:48.402560+00:00
[2026-09-27 18:18:48 UTC] extract_test kind=covariate Port_Activity/D/short
TIME run allocation action=new run=/fslarge/scratch/users/h61084/codes/selectime/outputs/selectime/chronos2/retrieval/test/covariate/Port_Activity/W/short/run_0 launch_id=selena_3584837 slurm_job_id=3584837 launched_at=2026-09-27T18:19:04.308333+00:00
[2026-09-27 18:19:04 UTC] extract_test kind=covariate Port_Activity/W/short
TIME run allocation action=new run=/fslarge/scratch/users/h61084/codes/selectime/outputs/selectime/chronos2/retrieval/test/covariate/ECDC_COVID/D/short/run_0 launch_id=selena_3584837 slurm_job_id=3584837 launched_at=2026-09-27T18:19:05.294214+00:00
[2026-09-27 18:19:05 UTC] extract_test kind=covariate ECDC_COVID/D/short
TIME run allocation action=new run=/fslarge/scratch/users/h61084/codes/selectime/outputs/selectime/chronos2/retrieval/test/covariate/ECDC_COVID/W/short/run_0 launch_id=selena_3584837 slurm_job_id=3584837 launched_at=2026-09-27T18:19:05.386953+00:00
[2026-09-27 18:19:05 UTC] extract_test kind=covariate ECDC_COVID/W/short
TIME run allocation action=new run=/fslarge/scratch/users/h61084/codes/selectime/outputs/selectime/chronos2/retrieval/test/covariate/Global_Influenza/W/short/run_0 launch_id=selena_3584837 slurm_job_id=3584837 launched_at=2026-09-27T18:19:05.436266+00:00
[2026-09-27 18:19:05 UTC] extract_test kind=covariate Global_Influenza/W/short
TIME run allocation action=new run=/fslarge/scratch/users/h61084/codes/selectime/outputs/selectime/chronos2/retrieval/test/covariate/Crypto/D/short/run_0 launch_id=selena_3584837 slurm_job_id=3584837 launched_at=2026-09-27T18:19:05.565776+00:00
[2026-09-27 18:19:05 UTC] extract_test kind=covariate Crypto/D/short
TIME run allocation action=new run=/fslarge/scratch/users/h61084/codes/selectime/outputs/selectime/chronos2/retrieval/test/covariate/US_Term_Structure/B/short/run_0 launch_id=selena_3584837 slurm_job_id=3584837 launched_at=2026-09-27T18:19:05.661667+00:00
[2026-09-27 18:19:05 UTC] extract_test kind=covariate US_Term_Structure/B/short
TIME run allocation action=new run=/fslarge/scratch/users/h61084/codes/selectime/outputs/selectime/chronos2/retrieval/test/covariate/Oil_Price/B/short/run_0 launch_id=selena_3584837 slurm_job_id=3584837 launched_at=2026-09-27T18:19:15.960530+00:00
[2026-09-27 18:19:15 UTC] extract_test kind=covariate Oil_Price/B/short
TIME run allocation action=new run=/fslarge/scratch/users/h61084/codes/selectime/outputs/selectime/chronos2/retrieval/test/covariate/Job_Claims/W/short/run_0 launch_id=selena_3584837 slurm_job_id=3584837 launched_at=2026-09-27T18:19:16.633514+00:00
[2026-09-27 18:19:16 UTC] extract_test kind=covariate Job_Claims/W/short
TIME run allocation action=new run=/fslarge/scratch/users/h61084/codes/selectime/outputs/selectime/chronos2/retrieval/test/covariate/Uncertainty_1M/M/short/run_0 launch_id=selena_3584837 slurm_job_id=3584837 launched_at=2026-09-27T18:19:16.675424+00:00
[2026-09-27 18:19:16 UTC] extract_test kind=covariate Uncertainty_1M/M/short
TIME run allocation action=new run=/fslarge/scratch/users/h61084/codes/selectime/outputs/selectime/chronos2/retrieval/test/covariate/Housing_Inventory/M/short/run_0 launch_id=selena_3584837 slurm_job_id=3584837 launched_at=2026-09-27T18:19:16.716146+00:00
[2026-09-27 18:19:16 UTC] extract_test kind=covariate Housing_Inventory/M/short
TIME run allocation action=new run=/fslarge/scratch/users/h61084/codes/selectime/outputs/selectime/chronos2/retrieval/test/covariate/JOLTS/M/short/run_0 launch_id=selena_3584837 slurm_job_id=3584837 launched_at=2026-09-27T18:19:16.752193+00:00
[2026-09-27 18:19:16 UTC] extract_test kind=covariate JOLTS/M/short
TIME run allocation action=new run=/fslarge/scratch/users/h61084/codes/selectime/outputs/selectime/chronos2/retrieval/test/covariate/US_Labor/M/short/run_0 launch_id=selena_3584837 slurm_job_id=3584837 launched_at=2026-09-27T18:19:16.793283+00:00
[2026-09-27 18:19:16 UTC] extract_test kind=covariate US_Labor/M/short
TIME run allocation action=new run=/fslarge/scratch/users/h61084/codes/selectime/outputs/selectime/chronos2/retrieval/test/covariate/Vehicle_Supply/M/short/run_0 launch_id=selena_3584837 slurm_job_id=3584837 launched_at=2026-09-27T18:19:16.833987+00:00
[2026-09-27 18:19:16 UTC] extract_test kind=covariate Vehicle_Supply/M/short
TIME run allocation action=new run=/fslarge/scratch/users/h61084/codes/selectime/outputs/selectime/chronos2/retrieval/test/covariate/Auto_Production_SF/M/short/run_0 launch_id=selena_3584837 slurm_job_id=3584837 launched_at=2026-09-27T18:19:16.870477+00:00
[2026-09-27 18:19:16 UTC] extract_test kind=covariate Auto_Production_SF/M/short
TIME run allocation action=new run=/fslarge/scratch/users/h61084/codes/selectime/outputs/selectime/chronos2/retrieval/test/covariate/Commodity_Production/M/short/run_0 launch_id=selena_3584837 slurm_job_id=3584837 launched_at=2026-09-27T18:19:16.906380+00:00
[2026-09-27 18:19:16 UTC] extract_test kind=covariate Commodity_Production/M/short
TIME run allocation action=new run=/fslarge/scratch/users/h61084/codes/selectime/outputs/selectime/chronos2/retrieval/test/covariate/Commodity_Import/M/short/run_0 launch_id=selena_3584837 slurm_job_id=3584837 launched_at=2026-09-27T18:19:16.992606+00:00
[2026-09-27 18:19:16 UTC] extract_test kind=covariate Commodity_Import/M/short
TIME run allocation action=new run=/fslarge/scratch/users/h61084/codes/selectime/outputs/selectime/chronos2/retrieval/test/covariate/WUI_Global/Q/short/run_0 launch_id=selena_3584837 slurm_job_id=3584837 launched_at=2026-09-27T18:19:17.048850+00:00
[2026-09-27 18:19:17 UTC] extract_test kind=covariate WUI_Global/Q/short
TIME run allocation action=new run=/fslarge/scratch/users/h61084/codes/selectime/outputs/selectime/chronos2/retrieval/test/covariate/Global_Price/Q/short/run_0 launch_id=selena_3584837 slurm_job_id=3584837 launched_at=2026-09-27T18:19:17.099173+00:00
[2026-09-27 18:19:17 UTC] extract_test kind=covariate Global_Price/Q/short
TIME run allocation action=new run=/fslarge/scratch/users/h61084/codes/selectime/outputs/selectime/chronos2/retrieval/test/covariate/Vehicle_Sales/M/short/run_0 launch_id=selena_3584837 slurm_job_id=3584837 launched_at=2026-09-27T18:19:17.169564+00:00
[2026-09-27 18:19:17 UTC] extract_test kind=covariate Vehicle_Sales/M/short
TIME run allocation action=new run=/fslarge/scratch/users/h61084/codes/selectime/outputs/selectime/chronos2/retrieval/test/covariate/Online_Retail_2_UCI/D/short/run_0 launch_id=selena_3584837 slurm_job_id=3584837 launched_at=2026-09-27T18:19:17.210180+00:00
[2026-09-27 18:19:17 UTC] extract_test kind=covariate Online_Retail_2_UCI/D/short
TIME run allocation action=new run=/fslarge/scratch/users/h61084/codes/selectime/outputs/selectime/chronos2/retrieval/test/covariate/Supply_Chain_Customer/D/short/run_0 launch_id=selena_3584837 slurm_job_id=3584837 launched_at=2026-09-27T18:19:17.246835+00:00
[2026-09-27 18:19:17 UTC] extract_test kind=covariate Supply_Chain_Customer/D/short
TIME run allocation action=new run=/fslarge/scratch/users/h61084/codes/selectime/outputs/selectime/chronos2/retrieval/test/covariate/Supply_Chain_Location/D/short/run_0 launch_id=selena_3584837 slurm_job_id=3584837 launched_at=2026-09-27T18:19:17.999855+00:00
[2026-09-27 18:19:18 UTC] extract_test kind=covariate Supply_Chain_Location/D/short
TIME run allocation action=new run=/fslarge/scratch/users/h61084/codes/selectime/outputs/selectime/chronos2/retrieval/test/covariate/azure2019_U/5T/short/run_0 launch_id=selena_3584837 slurm_job_id=3584837 launched_at=2026-09-27T18:19:19.296825+00:00
[2026-09-27 18:19:19 UTC] extract_test kind=covariate azure2019_U/5T/short
TIME run allocation action=new run=/fslarge/scratch/users/h61084/codes/selectime/outputs/selectime/chronos2/retrieval/test/covariate/Smart_Manufacturing/H/short/run_0 launch_id=selena_3584837 slurm_job_id=3584837 launched_at=2026-09-27T18:19:19.470169+00:00
[2026-09-27 18:19:19 UTC] extract_test kind=covariate Smart_Manufacturing/H/short
TIME run allocation action=new run=/fslarge/scratch/users/h61084/codes/selectime/outputs/selectime/chronos2/retrieval/test/covariate/Smart_Manufacturing/H/medium/run_0 launch_id=selena_3584837 slurm_job_id=3584837 launched_at=2026-09-27T18:19:21.950974+00:00
[2026-09-27 18:19:21 UTC] extract_test kind=covariate Smart_Manufacturing/H/medium
TIME run allocation action=new run=/fslarge/scratch/users/h61084/codes/selectime/outputs/selectime/chronos2/retrieval/test/covariate/Smart_Manufacturing/H/long/run_0 launch_id=selena_3584837 slurm_job_id=3584837 launched_at=2026-09-27T18:19:22.150303+00:00
[2026-09-27 18:19:22 UTC] extract_test kind=covariate Smart_Manufacturing/H/long
TIME run allocation action=new run=/fslarge/scratch/users/h61084/codes/selectime/outputs/selectime/chronos2/retrieval/test/covariate/MetroPT-3/5T/short/run_0 launch_id=selena_3584837 slurm_job_id=3584837 launched_at=2026-09-27T18:19:22.307362+00:00
[2026-09-27 18:19:22 UTC] extract_test kind=covariate MetroPT-3/5T/short
TIME run allocation action=new run=/fslarge/scratch/users/h61084/codes/selectime/outputs/selectime/chronos2/retrieval/test/covariate/MetroPT-3/5T/medium/run_0 launch_id=selena_3584837 slurm_job_id=3584837 launched_at=2026-09-27T18:19:22.532818+00:00
[2026-09-27 18:19:22 UTC] extract_test kind=covariate MetroPT-3/5T/medium
TIME run allocation action=new run=/fslarge/scratch/users/h61084/codes/selectime/outputs/selectime/chronos2/retrieval/test/covariate/MetroPT-3/5T/long/run_0 launch_id=selena_3584837 slurm_job_id=3584837 launched_at=2026-09-27T18:19:22.663591+00:00
[2026-09-27 18:19:22 UTC] extract_test kind=covariate MetroPT-3/5T/long
[2026-09-27 18:19:41 UTC] Slurm=3584837 launch=selena_3584837 stage=predict_test prediction_group=vanilla
[2026-09-27 18:19:44 UTC] dataset_config=/fssmall/home/h61084/codes/selectime/src/timebench/config/datasets.yaml applied_keys=datasets,selectime_tasks tasks=90
[2026-09-27 18:19:44 UTC] resources selected_device {"component": "selectime", "device": "cuda", "stage": "predict_test"}
[2026-09-27 18:19:44 UTC] stage=predict_test tasks=90 seed=0 Slurm=3584837
[2026-09-27 20:19:44,947][datasets][INFO] - PyTorch version 2.9.1 available.
TIME run allocation action=new run=/fslarge/scratch/users/h61084/codes/selectime/outputs/selectime/chronos2/predictions/test/vanilla_univariate/Water_Quality_Darwin/15T/short/run_1 launch_id=selena_3584837 slurm_job_id=3584837 launched_at=2026-09-27T18:19:45.636850+00:00
[2026-09-27 18:19:45 UTC] predict_test method=vanilla_univariate Water_Quality_Darwin/15T/short
TIME run allocation action=new run=/fslarge/scratch/users/h61084/codes/selectime/outputs/selectime/chronos2/predictions/test/vanilla_univariate/Water_Quality_Darwin/15T/medium/run_1 launch_id=selena_3584837 slurm_job_id=3584837 launched_at=2026-09-27T18:19:51.334049+00:00
[2026-09-27 18:19:51 UTC] predict_test method=vanilla_univariate Water_Quality_Darwin/15T/medium
TIME run allocation action=new run=/fslarge/scratch/users/h61084/codes/selectime/outputs/selectime/chronos2/predictions/test/vanilla_univariate/Water_Quality_Darwin/15T/long/run_1 launch_id=selena_3584837 slurm_job_id=3584837 launched_at=2026-09-27T18:19:51.459502+00:00
[2026-09-27 18:19:51 UTC] predict_test method=vanilla_univariate Water_Quality_Darwin/15T/long
TIME run allocation action=new run=/fslarge/scratch/users/h61084/codes/selectime/outputs/selectime/chronos2/predictions/test/vanilla_univariate/current_velocity/5T/short/run_1 launch_id=selena_3584837 slurm_job_id=3584837 launched_at=2026-09-27T18:19:51.546004+00:00
[2026-09-27 18:19:51 UTC] predict_test method=vanilla_univariate current_velocity/5T/short
TIME run allocation action=new run=/fslarge/scratch/users/h61084/codes/selectime/outputs/selectime/chronos2/predictions/test/vanilla_univariate/current_velocity/5T/medium/run_1 launch_id=selena_3584837 slurm_job_id=3584837 launched_at=2026-09-27T18:19:51.608589+00:00
[2026-09-27 18:19:51 UTC] predict_test method=vanilla_univariate current_velocity/5T/medium
TIME run allocation action=new run=/fslarge/scratch/users/h61084/codes/selectime/outputs/selectime/chronos2/predictions/test/vanilla_univariate/current_velocity/5T/long/run_1 launch_id=selena_3584837 slurm_job_id=3584837 launched_at=2026-09-27T18:19:51.670474+00:00
[2026-09-27 18:19:51 UTC] predict_test method=vanilla_univariate current_velocity/5T/long
TIME run allocation action=new run=/fslarge/scratch/users/h61084/codes/selectime/outputs/selectime/chronos2/predictions/test/vanilla_univariate/current_velocity/10T/short/run_1 launch_id=selena_3584837 slurm_job_id=3584837 launched_at=2026-09-27T18:19:51.886848+00:00
[2026-09-27 18:19:51 UTC] predict_test method=vanilla_univariate current_velocity/10T/short
TIME run allocation action=new run=/fslarge/scratch/users/h61084/codes/selectime/outputs/selectime/chronos2/predictions/test/vanilla_univariate/current_velocity/10T/medium/run_1 launch_id=selena_3584837 slurm_job_id=3584837 launched_at=2026-09-27T18:19:52.112091+00:00
[2026-09-27 18:19:52 UTC] predict_test method=vanilla_univariate current_velocity/10T/medium
TIME run allocation action=new run=/fslarge/scratch/users/h61084/codes/selectime/outputs/selectime/chronos2/predictions/test/vanilla_univariate/current_velocity/10T/long/run_1 launch_id=selena_3584837 slurm_job_id=3584837 launched_at=2026-09-27T18:19:52.318384+00:00
[2026-09-27 18:19:52 UTC] predict_test method=vanilla_univariate current_velocity/10T/long
TIME run allocation action=new run=/fslarge/scratch/users/h61084/codes/selectime/outputs/selectime/chronos2/predictions/test/vanilla_univariate/current_velocity/15T/short/run_1 launch_id=selena_3584837 slurm_job_id=3584837 launched_at=2026-09-27T18:19:52.443153+00:00
[2026-09-27 18:19:52 UTC] predict_test method=vanilla_univariate current_velocity/15T/short
TIME run allocation action=new run=/fslarge/scratch/users/h61084/codes/selectime/outputs/selectime/chronos2/predictions/test/vanilla_univariate/current_velocity/15T/medium/run_1 launch_id=selena_3584837 slurm_job_id=3584837 launched_at=2026-09-27T18:19:52.530099+00:00
[2026-09-27 18:19:52 UTC] predict_test method=vanilla_univariate current_velocity/15T/medium
TIME run allocation action=new run=/fslarge/scratch/users/h61084/codes/selectime/outputs/selectime/chronos2/predictions/test/vanilla_univariate/current_velocity/15T/long/run_1 launch_id=selena_3584837 slurm_job_id=3584837 launched_at=2026-09-27T18:19:52.604564+00:00
[2026-09-27 18:19:52 UTC] predict_test method=vanilla_univariate current_velocity/15T/long
TIME run allocation action=new run=/fslarge/scratch/users/h61084/codes/selectime/outputs/selectime/chronos2/predictions/test/vanilla_univariate/current_velocity/H/short/run_1 launch_id=selena_3584837 slurm_job_id=3584837 launched_at=2026-09-27T18:19:52.722357+00:00
[2026-09-27 18:19:52 UTC] predict_test method=vanilla_univariate current_velocity/H/short
TIME run allocation action=new run=/fslarge/scratch/users/h61084/codes/selectime/outputs/selectime/chronos2/predictions/test/vanilla_univariate/current_velocity/H/medium/run_1 launch_id=selena_3584837 slurm_job_id=3584837 launched_at=2026-09-27T18:19:52.848093+00:00
[2026-09-27 18:19:52 UTC] predict_test method=vanilla_univariate current_velocity/H/medium
TIME run allocation action=new run=/fslarge/scratch/users/h61084/codes/selectime/outputs/selectime/chronos2/predictions/test/vanilla_univariate/current_velocity/H/long/run_1 launch_id=selena_3584837 slurm_job_id=3584837 launched_at=2026-09-27T18:19:52.956856+00:00
[2026-09-27 18:19:52 UTC] predict_test method=vanilla_univariate current_velocity/H/long
TIME run allocation action=new run=/fslarge/scratch/users/h61084/codes/selectime/outputs/selectime/chronos2/predictions/test/vanilla_univariate/CPHL/15T/short/run_1 launch_id=selena_3584837 slurm_job_id=3584837 launched_at=2026-09-27T18:19:53.022297+00:00
[2026-09-27 18:19:53 UTC] predict_test method=vanilla_univariate CPHL/15T/short
TIME run allocation action=new run=/fslarge/scratch/users/h61084/codes/selectime/outputs/selectime/chronos2/predictions/test/vanilla_univariate/CPHL/15T/medium/run_1 launch_id=selena_3584837 slurm_job_id=3584837 launched_at=2026-09-27T18:19:53.063027+00:00
[2026-09-27 18:19:53 UTC] predict_test method=vanilla_univariate CPHL/15T/medium
TIME run allocation action=new run=/fslarge/scratch/users/h61084/codes/selectime/outputs/selectime/chronos2/predictions/test/vanilla_univariate/CPHL/15T/long/run_1 launch_id=selena_3584837 slurm_job_id=3584837 launched_at=2026-09-27T18:19:53.100591+00:00
[2026-09-27 18:19:53 UTC] predict_test method=vanilla_univariate CPHL/15T/long
TIME run allocation action=new run=/fslarge/scratch/users/h61084/codes/selectime/outputs/selectime/chronos2/predictions/test/vanilla_univariate/CPHL/30T/short/run_1 launch_id=selena_3584837 slurm_job_id=3584837 launched_at=2026-09-27T18:19:53.142077+00:00
[2026-09-27 18:19:53 UTC] predict_test method=vanilla_univariate CPHL/30T/short
TIME run allocation action=new run=/fslarge/scratch/users/h61084/codes/selectime/outputs/selectime/chronos2/predictions/test/vanilla_univariate/CPHL/30T/medium/run_1 launch_id=selena_3584837 slurm_job_id=3584837 launched_at=2026-09-27T18:19:53.184365+00:00
[2026-09-27 18:19:53 UTC] predict_test method=vanilla_univariate CPHL/30T/medium
TIME run allocation action=new run=/fslarge/scratch/users/h61084/codes/selectime/outputs/selectime/chronos2/predictions/test/vanilla_univariate/CPHL/30T/long/run_1 launch_id=selena_3584837 slurm_job_id=3584837 launched_at=2026-09-27T18:19:53.223426+00:00
[2026-09-27 18:19:53 UTC] predict_test method=vanilla_univariate CPHL/30T/long
TIME run allocation action=new run=/fslarge/scratch/users/h61084/codes/selectime/outputs/selectime/chronos2/predictions/test/vanilla_univariate/CPHL/H/short/run_1 launch_id=selena_3584837 slurm_job_id=3584837 launched_at=2026-09-27T18:19:53.264506+00:00
[2026-09-27 18:19:53 UTC] predict_test method=vanilla_univariate CPHL/H/short
TIME run allocation action=new run=/fslarge/scratch/users/h61084/codes/selectime/outputs/selectime/chronos2/predictions/test/vanilla_univariate/CPHL/H/medium/run_1 launch_id=selena_3584837 slurm_job_id=3584837 launched_at=2026-09-27T18:19:53.302371+00:00
[2026-09-27 18:19:53 UTC] predict_test method=vanilla_univariate CPHL/H/medium
TIME run allocation action=new run=/fslarge/scratch/users/h61084/codes/selectime/outputs/selectime/chronos2/predictions/test/vanilla_univariate/CPHL/H/long/run_1 launch_id=selena_3584837 slurm_job_id=3584837 launched_at=2026-09-27T18:19:53.340777+00:00
[2026-09-27 18:19:53 UTC] predict_test method=vanilla_univariate CPHL/H/long
TIME run allocation action=new run=/fslarge/scratch/users/h61084/codes/selectime/outputs/selectime/chronos2/predictions/test/vanilla_univariate/Coastal_T_S/15T/short/run_1 launch_id=selena_3584837 slurm_job_id=3584837 launched_at=2026-09-27T18:19:53.427777+00:00
[2026-09-27 18:19:53 UTC] predict_test method=vanilla_univariate Coastal_T_S/15T/short
TIME run allocation action=new run=/fslarge/scratch/users/h61084/codes/selectime/outputs/selectime/chronos2/predictions/test/vanilla_univariate/Coastal_T_S/15T/medium/run_1 launch_id=selena_3584837 slurm_job_id=3584837 launched_at=2026-09-27T18:19:53.505196+00:00
[2026-09-27 18:19:53 UTC] predict_test method=vanilla_univariate Coastal_T_S/15T/medium
TIME run allocation action=new run=/fslarge/scratch/users/h61084/codes/selectime/outputs/selectime/chronos2/predictions/test/vanilla_univariate/Coastal_T_S/15T/long/run_1 launch_id=selena_3584837 slurm_job_id=3584837 launched_at=2026-09-27T18:19:53.581150+00:00
[2026-09-27 18:19:53 UTC] predict_test method=vanilla_univariate Coastal_T_S/15T/long
TIME run allocation action=new run=/fslarge/scratch/users/h61084/codes/selectime/outputs/selectime/chronos2/predictions/test/vanilla_univariate/Coastal_T_S/20T/short/run_1 launch_id=selena_3584837 slurm_job_id=3584837 launched_at=2026-09-27T18:19:53.632259+00:00
[2026-09-27 18:19:53 UTC] predict_test method=vanilla_univariate Coastal_T_S/20T/short
TIME run allocation action=new run=/fslarge/scratch/users/h61084/codes/selectime/outputs/selectime/chronos2/predictions/test/vanilla_univariate/Coastal_T_S/20T/medium/run_1 launch_id=selena_3584837 slurm_job_id=3584837 launched_at=2026-09-27T18:19:53.672611+00:00
[2026-09-27 18:19:53 UTC] predict_test method=vanilla_univariate Coastal_T_S/20T/medium
TIME run allocation action=new run=/fslarge/scratch/users/h61084/codes/selectime/outputs/selectime/chronos2/predictions/test/vanilla_univariate/Coastal_T_S/20T/long/run_1 launch_id=selena_3584837 slurm_job_id=3584837 launched_at=2026-09-27T18:19:53.710602+00:00
[2026-09-27 18:19:53 UTC] predict_test method=vanilla_univariate Coastal_T_S/20T/long
TIME run allocation action=new run=/fslarge/scratch/users/h61084/codes/selectime/outputs/selectime/chronos2/predictions/test/vanilla_univariate/Coastal_T_S/H/short/run_1 launch_id=selena_3584837 slurm_job_id=3584837 launched_at=2026-09-27T18:19:53.797260+00:00
[2026-09-27 18:19:53 UTC] predict_test method=vanilla_univariate Coastal_T_S/H/short
TIME run allocation action=new run=/fslarge/scratch/users/h61084/codes/selectime/outputs/selectime/chronos2/predictions/test/vanilla_univariate/Coastal_T_S/H/medium/run_1 launch_id=selena_3584837 slurm_job_id=3584837 launched_at=2026-09-27T18:19:53.892547+00:00
[2026-09-27 18:19:53 UTC] predict_test method=vanilla_univariate Coastal_T_S/H/medium
TIME run allocation action=new run=/fslarge/scratch/users/h61084/codes/selectime/outputs/selectime/chronos2/predictions/test/vanilla_univariate/Coastal_T_S/H/long/run_1 launch_id=selena_3584837 slurm_job_id=3584837 launched_at=2026-09-27T18:19:53.985778+00:00
[2026-09-27 18:19:53 UTC] predict_test method=vanilla_univariate Coastal_T_S/H/long
TIME run allocation action=new run=/fslarge/scratch/users/h61084/codes/selectime/outputs/selectime/chronos2/predictions/test/vanilla_univariate/SG_Weather/D/short/run_1 launch_id=selena_3584837 slurm_job_id=3584837 launched_at=2026-09-27T18:19:54.061353+00:00
[2026-09-27 18:19:54 UTC] predict_test method=vanilla_univariate SG_Weather/D/short
TIME run allocation action=new run=/fslarge/scratch/users/h61084/codes/selectime/outputs/selectime/chronos2/predictions/test/vanilla_univariate/SG_Weather/D/medium/run_1 launch_id=selena_3584837 slurm_job_id=3584837 launched_at=2026-09-27T18:19:54.112694+00:00
[2026-09-27 18:19:54 UTC] predict_test method=vanilla_univariate SG_Weather/D/medium
TIME run allocation action=new run=/fslarge/scratch/users/h61084/codes/selectime/outputs/selectime/chronos2/predictions/test/vanilla_univariate/SG_Weather/D/long/run_1 launch_id=selena_3584837 slurm_job_id=3584837 launched_at=2026-09-27T18:19:54.160397+00:00
[2026-09-27 18:19:54 UTC] predict_test method=vanilla_univariate SG_Weather/D/long
TIME run allocation action=new run=/fslarge/scratch/users/h61084/codes/selectime/outputs/selectime/chronos2/predictions/test/vanilla_univariate/SG_PM25/H/short/run_1 launch_id=selena_3584837 slurm_job_id=3584837 launched_at=2026-09-27T18:19:54.230967+00:00
[2026-09-27 18:19:54 UTC] predict_test method=vanilla_univariate SG_PM25/H/short
TIME run allocation action=new run=/fslarge/scratch/users/h61084/codes/selectime/outputs/selectime/chronos2/predictions/test/vanilla_univariate/SG_PM25/H/medium/run_1 launch_id=selena_3584837 slurm_job_id=3584837 launched_at=2026-09-27T18:19:54.293184+00:00
[2026-09-27 18:19:54 UTC] predict_test method=vanilla_univariate SG_PM25/H/medium
TIME run allocation action=new run=/fslarge/scratch/users/h61084/codes/selectime/outputs/selectime/chronos2/predictions/test/vanilla_univariate/SG_PM25/H/long/run_1 launch_id=selena_3584837 slurm_job_id=3584837 launched_at=2026-09-27T18:19:54.353537+00:00
[2026-09-27 18:19:54 UTC] predict_test method=vanilla_univariate SG_PM25/H/long
TIME run allocation action=new run=/fslarge/scratch/users/h61084/codes/selectime/outputs/selectime/chronos2/predictions/test/vanilla_univariate/NE_China_Wind/H/short/run_1 launch_id=selena_3584837 slurm_job_id=3584837 launched_at=2026-09-27T18:19:54.395462+00:00
[2026-09-27 18:19:54 UTC] predict_test method=vanilla_univariate NE_China_Wind/H/short
TIME run allocation action=new run=/fslarge/scratch/users/h61084/codes/selectime/outputs/selectime/chronos2/predictions/test/vanilla_univariate/NE_China_Wind/H/medium/run_1 launch_id=selena_3584837 slurm_job_id=3584837 launched_at=2026-09-27T18:19:54.433618+00:00
[2026-09-27 18:19:54 UTC] predict_test method=vanilla_univariate NE_China_Wind/H/medium
TIME run allocation action=new run=/fslarge/scratch/users/h61084/codes/selectime/outputs/selectime/chronos2/predictions/test/vanilla_univariate/NE_China_Wind/H/long/run_1 launch_id=selena_3584837 slurm_job_id=3584837 launched_at=2026-09-27T18:19:54.476037+00:00
[2026-09-27 18:19:54 UTC] predict_test method=vanilla_univariate NE_China_Wind/H/long
TIME run allocation action=new run=/fslarge/scratch/users/h61084/codes/selectime/outputs/selectime/chronos2/predictions/test/vanilla_univariate/Australia_Solar/H/short/run_1 launch_id=selena_3584837 slurm_job_id=3584837 launched_at=2026-09-27T18:19:54.526719+00:00
[2026-09-27 18:19:54 UTC] predict_test method=vanilla_univariate Australia_Solar/H/short
TIME run allocation action=new run=/fslarge/scratch/users/h61084/codes/selectime/outputs/selectime/chronos2/predictions/test/vanilla_univariate/Australia_Solar/H/medium/run_1 launch_id=selena_3584837 slurm_job_id=3584837 launched_at=2026-09-27T18:19:54.576113+00:00
[2026-09-27 18:19:54 UTC] predict_test method=vanilla_univariate Australia_Solar/H/medium
TIME run allocation action=new run=/fslarge/scratch/users/h61084/codes/selectime/outputs/selectime/chronos2/predictions/test/vanilla_univariate/Australia_Solar/H/long/run_1 launch_id=selena_3584837 slurm_job_id=3584837 launched_at=2026-09-27T18:19:54.624310+00:00
[2026-09-27 18:19:54 UTC] predict_test method=vanilla_univariate Australia_Solar/H/long
TIME run allocation action=new run=/fslarge/scratch/users/h61084/codes/selectime/outputs/selectime/chronos2/predictions/test/vanilla_univariate/epf_electricity_price/H/short/run_1 launch_id=selena_3584837 slurm_job_id=3584837 launched_at=2026-09-27T18:19:54.690860+00:00
[2026-09-27 18:19:54 UTC] predict_test method=vanilla_univariate epf_electricity_price/H/short
TIME run allocation action=new run=/fslarge/scratch/users/h61084/codes/selectime/outputs/selectime/chronos2/predictions/test/vanilla_univariate/epf_electricity_price/H/medium/run_1 launch_id=selena_3584837 slurm_job_id=3584837 launched_at=2026-09-27T18:19:54.756373+00:00
[2026-09-27 18:19:54 UTC] predict_test method=vanilla_univariate epf_electricity_price/H/medium
TIME run allocation action=new run=/fslarge/scratch/users/h61084/codes/selectime/outputs/selectime/chronos2/predictions/test/vanilla_univariate/epf_electricity_price/H/long/run_1 launch_id=selena_3584837 slurm_job_id=3584837 launched_at=2026-09-27T18:19:54.821748+00:00
[2026-09-27 18:19:54 UTC] predict_test method=vanilla_univariate epf_electricity_price/H/long
TIME run allocation action=new run=/fslarge/scratch/users/h61084/codes/selectime/outputs/selectime/chronos2/predictions/test/vanilla_univariate/OpenElectricity_NEM/5T/short/run_1 launch_id=selena_3584837 slurm_job_id=3584837 launched_at=2026-09-27T18:19:54.921465+00:00
[2026-09-27 18:19:54 UTC] predict_test method=vanilla_univariate OpenElectricity_NEM/5T/short
TIME run allocation action=new run=/fslarge/scratch/users/h61084/codes/selectime/outputs/selectime/chronos2/predictions/test/vanilla_univariate/OpenElectricity_NEM/5T/medium/run_1 launch_id=selena_3584837 slurm_job_id=3584837 launched_at=2026-09-27T18:19:55.025016+00:00
[2026-09-27 18:19:55 UTC] predict_test method=vanilla_univariate OpenElectricity_NEM/5T/medium
TIME run allocation action=new run=/fslarge/scratch/users/h61084/codes/selectime/outputs/selectime/chronos2/predictions/test/vanilla_univariate/OpenElectricity_NEM/5T/long/run_1 launch_id=selena_3584837 slurm_job_id=3584837 launched_at=2026-09-27T18:19:55.140328+00:00
[2026-09-27 18:19:55 UTC] predict_test method=vanilla_univariate OpenElectricity_NEM/5T/long
TIME run allocation action=new run=/fslarge/scratch/users/h61084/codes/selectime/outputs/selectime/chronos2/predictions/test/vanilla_univariate/EWELD_Load/15T/short/run_1 launch_id=selena_3584837 slurm_job_id=3584837 launched_at=2026-09-27T18:19:55.212479+00:00
[2026-09-27 18:19:55 UTC] predict_test method=vanilla_univariate EWELD_Load/15T/short
TIME run allocation action=new run=/fslarge/scratch/users/h61084/codes/selectime/outputs/selectime/chronos2/predictions/test/vanilla_univariate/EWELD_Load/15T/medium/run_1 launch_id=selena_3584837 slurm_job_id=3584837 launched_at=2026-09-27T18:19:55.274942+00:00
[2026-09-27 18:19:55 UTC] predict_test method=vanilla_univariate EWELD_Load/15T/medium
TIME run allocation action=new run=/fslarge/scratch/users/h61084/codes/selectime/outputs/selectime/chronos2/predictions/test/vanilla_univariate/EWELD_Load/15T/long/run_1 launch_id=selena_3584837 slurm_job_id=3584837 launched_at=2026-09-27T18:19:55.336870+00:00
[2026-09-27 18:19:55 UTC] predict_test method=vanilla_univariate EWELD_Load/15T/long
TIME run allocation action=new run=/fslarge/scratch/users/h61084/codes/selectime/outputs/selectime/chronos2/predictions/test/vanilla_univariate/SG_Carpark/15T/short/run_1 launch_id=selena_3584837 slurm_job_id=3584837 launched_at=2026-09-27T18:19:56.024349+00:00
[2026-09-27 18:19:56 UTC] predict_test method=vanilla_univariate SG_Carpark/15T/short
TIME run allocation action=new run=/fslarge/scratch/users/h61084/codes/selectime/outputs/selectime/chronos2/predictions/test/vanilla_univariate/SG_Carpark/15T/medium/run_1 launch_id=selena_3584837 slurm_job_id=3584837 launched_at=2026-09-27T18:19:56.710639+00:00
[2026-09-27 18:19:56 UTC] predict_test method=vanilla_univariate SG_Carpark/15T/medium
TIME run allocation action=new run=/fslarge/scratch/users/h61084/codes/selectime/outputs/selectime/chronos2/predictions/test/vanilla_univariate/SG_Carpark/15T/long/run_1 launch_id=selena_3584837 slurm_job_id=3584837 launched_at=2026-09-27T18:19:57.382737+00:00
[2026-09-27 18:19:57 UTC] predict_test method=vanilla_univariate SG_Carpark/15T/long
TIME run allocation action=new run=/fslarge/scratch/users/h61084/codes/selectime/outputs/selectime/chronos2/predictions/test/vanilla_univariate/Finland_Traffic/15T/short/run_1 launch_id=selena_3584837 slurm_job_id=3584837 launched_at=2026-09-27T18:19:57.481656+00:00
[2026-09-27 18:19:57 UTC] predict_test method=vanilla_univariate Finland_Traffic/15T/short
TIME run allocation action=new run=/fslarge/scratch/users/h61084/codes/selectime/outputs/selectime/chronos2/predictions/test/vanilla_univariate/Finland_Traffic/15T/medium/run_1 launch_id=selena_3584837 slurm_job_id=3584837 launched_at=2026-09-27T18:19:57.522556+00:00
[2026-09-27 18:19:57 UTC] predict_test method=vanilla_univariate Finland_Traffic/15T/medium
TIME run allocation action=new run=/fslarge/scratch/users/h61084/codes/selectime/outputs/selectime/chronos2/predictions/test/vanilla_univariate/Finland_Traffic/15T/long/run_1 launch_id=selena_3584837 slurm_job_id=3584837 launched_at=2026-09-27T18:19:57.560954+00:00
[2026-09-27 18:19:57 UTC] predict_test method=vanilla_univariate Finland_Traffic/15T/long
TIME run allocation action=new run=/fslarge/scratch/users/h61084/codes/selectime/outputs/selectime/chronos2/predictions/test/vanilla_univariate/Port_Activity/D/short/run_1 launch_id=selena_3584837 slurm_job_id=3584837 launched_at=2026-09-27T18:19:57.658485+00:00
[2026-09-27 18:19:57 UTC] predict_test method=vanilla_univariate Port_Activity/D/short
TIME run allocation action=new run=/fslarge/scratch/users/h61084/codes/selectime/outputs/selectime/chronos2/predictions/test/vanilla_univariate/Port_Activity/W/short/run_1 launch_id=selena_3584837 slurm_job_id=3584837 launched_at=2026-09-27T18:19:57.732436+00:00
[2026-09-27 18:19:57 UTC] predict_test method=vanilla_univariate Port_Activity/W/short
TIME run allocation action=new run=/fslarge/scratch/users/h61084/codes/selectime/outputs/selectime/chronos2/predictions/test/vanilla_univariate/ECDC_COVID/D/short/run_1 launch_id=selena_3584837 slurm_job_id=3584837 launched_at=2026-09-27T18:19:57.775344+00:00
[2026-09-27 18:19:57 UTC] predict_test method=vanilla_univariate ECDC_COVID/D/short
TIME run allocation action=new run=/fslarge/scratch/users/h61084/codes/selectime/outputs/selectime/chronos2/predictions/test/vanilla_univariate/ECDC_COVID/W/short/run_1 launch_id=selena_3584837 slurm_job_id=3584837 launched_at=2026-09-27T18:19:57.810819+00:00
[2026-09-27 18:19:57 UTC] predict_test method=vanilla_univariate ECDC_COVID/W/short
TIME run allocation action=new run=/fslarge/scratch/users/h61084/codes/selectime/outputs/selectime/chronos2/predictions/test/vanilla_univariate/Global_Influenza/W/short/run_1 launch_id=selena_3584837 slurm_job_id=3584837 launched_at=2026-09-27T18:19:57.848383+00:00
[2026-09-27 18:19:57 UTC] predict_test method=vanilla_univariate Global_Influenza/W/short
TIME run allocation action=new run=/fslarge/scratch/users/h61084/codes/selectime/outputs/selectime/chronos2/predictions/test/vanilla_univariate/Crypto/D/short/run_1 launch_id=selena_3584837 slurm_job_id=3584837 launched_at=2026-09-27T18:19:57.885552+00:00
[2026-09-27 18:19:57 UTC] predict_test method=vanilla_univariate Crypto/D/short
TIME run allocation action=new run=/fslarge/scratch/users/h61084/codes/selectime/outputs/selectime/chronos2/predictions/test/vanilla_univariate/US_Term_Structure/B/short/run_1 launch_id=selena_3584837 slurm_job_id=3584837 launched_at=2026-09-27T18:19:57.971461+00:00
[2026-09-27 18:19:57 UTC] predict_test method=vanilla_univariate US_Term_Structure/B/short
TIME run allocation action=new run=/fslarge/scratch/users/h61084/codes/selectime/outputs/selectime/chronos2/predictions/test/vanilla_univariate/Oil_Price/B/short/run_1 launch_id=selena_3584837 slurm_job_id=3584837 launched_at=2026-09-27T18:19:58.022098+00:00
[2026-09-27 18:19:58 UTC] predict_test method=vanilla_univariate Oil_Price/B/short
TIME run allocation action=new run=/fslarge/scratch/users/h61084/codes/selectime/outputs/selectime/chronos2/predictions/test/vanilla_univariate/Job_Claims/W/short/run_1 launch_id=selena_3584837 slurm_job_id=3584837 launched_at=2026-09-27T18:19:58.059828+00:00
[2026-09-27 18:19:58 UTC] predict_test method=vanilla_univariate Job_Claims/W/short
TIME run allocation action=new run=/fslarge/scratch/users/h61084/codes/selectime/outputs/selectime/chronos2/predictions/test/vanilla_univariate/Uncertainty_1M/M/short/run_1 launch_id=selena_3584837 slurm_job_id=3584837 launched_at=2026-09-27T18:19:58.093905+00:00
[2026-09-27 18:19:58 UTC] predict_test method=vanilla_univariate Uncertainty_1M/M/short
TIME run allocation action=new run=/fslarge/scratch/users/h61084/codes/selectime/outputs/selectime/chronos2/predictions/test/vanilla_univariate/Housing_Inventory/M/short/run_1 launch_id=selena_3584837 slurm_job_id=3584837 launched_at=2026-09-27T18:19:58.128707+00:00
[2026-09-27 18:19:58 UTC] predict_test method=vanilla_univariate Housing_Inventory/M/short
TIME run allocation action=new run=/fslarge/scratch/users/h61084/codes/selectime/outputs/selectime/chronos2/predictions/test/vanilla_univariate/JOLTS/M/short/run_1 launch_id=selena_3584837 slurm_job_id=3584837 launched_at=2026-09-27T18:19:58.164086+00:00
[2026-09-27 18:19:58 UTC] predict_test method=vanilla_univariate JOLTS/M/short
TIME run allocation action=new run=/fslarge/scratch/users/h61084/codes/selectime/outputs/selectime/chronos2/predictions/test/vanilla_univariate/US_Labor/M/short/run_1 launch_id=selena_3584837 slurm_job_id=3584837 launched_at=2026-09-27T18:19:58.198938+00:00
[2026-09-27 18:19:58 UTC] predict_test method=vanilla_univariate US_Labor/M/short
TIME run allocation action=new run=/fslarge/scratch/users/h61084/codes/selectime/outputs/selectime/chronos2/predictions/test/vanilla_univariate/Vehicle_Supply/M/short/run_1 launch_id=selena_3584837 slurm_job_id=3584837 launched_at=2026-09-27T18:19:58.235004+00:00
[2026-09-27 18:19:58 UTC] predict_test method=vanilla_univariate Vehicle_Supply/M/short
TIME run allocation action=new run=/fslarge/scratch/users/h61084/codes/selectime/outputs/selectime/chronos2/predictions/test/vanilla_univariate/Auto_Production_SF/M/short/run_1 launch_id=selena_3584837 slurm_job_id=3584837 launched_at=2026-09-27T18:19:58.269277+00:00
[2026-09-27 18:19:58 UTC] predict_test method=vanilla_univariate Auto_Production_SF/M/short
TIME run allocation action=new run=/fslarge/scratch/users/h61084/codes/selectime/outputs/selectime/chronos2/predictions/test/vanilla_univariate/Commodity_Production/M/short/run_1 launch_id=selena_3584837 slurm_job_id=3584837 launched_at=2026-09-27T18:19:58.307312+00:00
[2026-09-27 18:19:58 UTC] predict_test method=vanilla_univariate Commodity_Production/M/short
TIME run allocation action=new run=/fslarge/scratch/users/h61084/codes/selectime/outputs/selectime/chronos2/predictions/test/vanilla_univariate/Commodity_Import/M/short/run_1 launch_id=selena_3584837 slurm_job_id=3584837 launched_at=2026-09-27T18:19:58.345377+00:00
[2026-09-27 18:19:58 UTC] predict_test method=vanilla_univariate Commodity_Import/M/short
TIME run allocation action=new run=/fslarge/scratch/users/h61084/codes/selectime/outputs/selectime/chronos2/predictions/test/vanilla_univariate/WUI_Global/Q/short/run_1 launch_id=selena_3584837 slurm_job_id=3584837 launched_at=2026-09-27T18:19:58.380864+00:00
[2026-09-27 18:19:58 UTC] predict_test method=vanilla_univariate WUI_Global/Q/short
TIME run allocation action=new run=/fslarge/scratch/users/h61084/codes/selectime/outputs/selectime/chronos2/predictions/test/vanilla_univariate/Global_Price/Q/short/run_1 launch_id=selena_3584837 slurm_job_id=3584837 launched_at=2026-09-27T18:19:58.416883+00:00
[2026-09-27 18:19:58 UTC] predict_test method=vanilla_univariate Global_Price/Q/short
TIME run allocation action=new run=/fslarge/scratch/users/h61084/codes/selectime/outputs/selectime/chronos2/predictions/test/vanilla_univariate/Vehicle_Sales/M/short/run_1 launch_id=selena_3584837 slurm_job_id=3584837 launched_at=2026-09-27T18:19:58.452314+00:00
[2026-09-27 18:19:58 UTC] predict_test method=vanilla_univariate Vehicle_Sales/M/short
TIME run allocation action=new run=/fslarge/scratch/users/h61084/codes/selectime/outputs/selectime/chronos2/predictions/test/vanilla_univariate/Online_Retail_2_UCI/D/short/run_1 launch_id=selena_3584837 slurm_job_id=3584837 launched_at=2026-09-27T18:19:58.486601+00:00
[2026-09-27 18:19:58 UTC] predict_test method=vanilla_univariate Online_Retail_2_UCI/D/short
TIME run allocation action=new run=/fslarge/scratch/users/h61084/codes/selectime/outputs/selectime/chronos2/predictions/test/vanilla_univariate/Supply_Chain_Customer/D/short/run_1 launch_id=selena_3584837 slurm_job_id=3584837 launched_at=2026-09-27T18:19:58.529383+00:00
[2026-09-27 18:19:58 UTC] predict_test method=vanilla_univariate Supply_Chain_Customer/D/short
TIME run allocation action=new run=/fslarge/scratch/users/h61084/codes/selectime/outputs/selectime/chronos2/predictions/test/vanilla_univariate/Supply_Chain_Location/D/short/run_1 launch_id=selena_3584837 slurm_job_id=3584837 launched_at=2026-09-27T18:19:58.582300+00:00
[2026-09-27 18:19:58 UTC] predict_test method=vanilla_univariate Supply_Chain_Location/D/short
TIME run allocation action=new run=/fslarge/scratch/users/h61084/codes/selectime/outputs/selectime/chronos2/predictions/test/vanilla_univariate/azure2019_U/5T/short/run_1 launch_id=selena_3584837 slurm_job_id=3584837 launched_at=2026-09-27T18:19:58.671014+00:00
[2026-09-27 18:19:58 UTC] predict_test method=vanilla_univariate azure2019_U/5T/short
TIME run allocation action=new run=/fslarge/scratch/users/h61084/codes/selectime/outputs/selectime/chronos2/predictions/test/vanilla_univariate/Smart_Manufacturing/H/short/run_1 launch_id=selena_3584837 slurm_job_id=3584837 launched_at=2026-09-27T18:19:58.767384+00:00
[2026-09-27 18:19:58 UTC] predict_test method=vanilla_univariate Smart_Manufacturing/H/short
TIME run allocation action=new run=/fslarge/scratch/users/h61084/codes/selectime/outputs/selectime/chronos2/predictions/test/vanilla_univariate/Smart_Manufacturing/H/medium/run_1 launch_id=selena_3584837 slurm_job_id=3584837 launched_at=2026-09-27T18:19:58.856116+00:00
[2026-09-27 18:19:58 UTC] predict_test method=vanilla_univariate Smart_Manufacturing/H/medium
TIME run allocation action=new run=/fslarge/scratch/users/h61084/codes/selectime/outputs/selectime/chronos2/predictions/test/vanilla_univariate/Smart_Manufacturing/H/long/run_1 launch_id=selena_3584837 slurm_job_id=3584837 launched_at=2026-09-27T18:19:58.940340+00:00
[2026-09-27 18:19:58 UTC] predict_test method=vanilla_univariate Smart_Manufacturing/H/long
TIME run allocation action=new run=/fslarge/scratch/users/h61084/codes/selectime/outputs/selectime/chronos2/predictions/test/vanilla_univariate/MetroPT-3/5T/short/run_1 launch_id=selena_3584837 slurm_job_id=3584837 launched_at=2026-09-27T18:19:59.019815+00:00
[2026-09-27 18:19:59 UTC] predict_test method=vanilla_univariate MetroPT-3/5T/short
TIME run allocation action=new run=/fslarge/scratch/users/h61084/codes/selectime/outputs/selectime/chronos2/predictions/test/vanilla_univariate/MetroPT-3/5T/medium/run_1 launch_id=selena_3584837 slurm_job_id=3584837 launched_at=2026-09-27T18:19:59.068333+00:00
[2026-09-27 18:19:59 UTC] predict_test method=vanilla_univariate MetroPT-3/5T/medium
TIME run allocation action=new run=/fslarge/scratch/users/h61084/codes/selectime/outputs/selectime/chronos2/predictions/test/vanilla_univariate/MetroPT-3/5T/long/run_1 launch_id=selena_3584837 slurm_job_id=3584837 launched_at=2026-09-27T18:19:59.118921+00:00
[2026-09-27 18:19:59 UTC] predict_test method=vanilla_univariate MetroPT-3/5T/long
[2026-09-27 18:20:10 UTC] Slurm=3584837 launch=selena_3584837 stage=predict_test prediction_group=remaining
[2026-09-27 18:20:11 UTC] dataset_config=/fssmall/home/h61084/codes/selectime/src/timebench/config/datasets.yaml applied_keys=datasets,selectime_tasks tasks=90
[2026-09-27 18:20:11 UTC] resources selected_device {"component": "selectime", "device": "cuda", "stage": "predict_test"}
[2026-09-27 18:20:11 UTC] stage=predict_test tasks=90 seed=0 Slurm=3584837
[2026-09-27 20:20:11,870][datasets][INFO] - PyTorch version 2.9.1 available.
TIME run allocation action=new run=/fslarge/scratch/users/h61084/codes/selectime/outputs/selectime/chronos2/predictions/test/vanilla_multivariate/Water_Quality_Darwin/15T/short/run_1 launch_id=selena_3584837 slurm_job_id=3584837 launched_at=2026-09-27T18:20:12.234808+00:00
[2026-09-27 18:20:12 UTC] predict_test method=vanilla_multivariate Water_Quality_Darwin/15T/short
TIME run allocation action=new run=/fslarge/scratch/users/h61084/codes/selectime/outputs/selectime/chronos2/predictions/test/top_k_1/Water_Quality_Darwin/15T/short/run_1 launch_id=selena_3584837 slurm_job_id=3584837 launched_at=2026-09-27T18:20:14.221972+00:00
[2026-09-27 18:20:14 UTC] predict_test method=top_k_1 Water_Quality_Darwin/15T/short
[2026-09-27 18:20:24 UTC] resources selected_device {"device": "cuda", "model": "chronos2", "stage": "forecast"}
TIME run allocation action=new run=/fslarge/scratch/users/h61084/codes/selectime/outputs/selectime/chronos2/predictions/test/top_k_5/Water_Quality_Darwin/15T/short/run_1 launch_id=selena_3584837 slurm_job_id=3584837 launched_at=2026-09-27T18:21:00.584307+00:00
[2026-09-27 18:21:00 UTC] predict_test method=top_k_5 Water_Quality_Darwin/15T/short
TIME run allocation action=new run=/fslarge/scratch/users/h61084/codes/selectime/outputs/selectime/chronos2/predictions/test/top_k_10/Water_Quality_Darwin/15T/short/run_1 launch_id=selena_3584837 slurm_job_id=3584837 launched_at=2026-09-27T18:23:03.118174+00:00
[2026-09-27 18:23:03 UTC] predict_test method=top_k_10 Water_Quality_Darwin/15T/short
TIME run allocation action=new run=/fslarge/scratch/users/h61084/codes/selectime/outputs/selectime/chronos2/predictions/test/top_k_15/Water_Quality_Darwin/15T/short/run_1 launch_id=selena_3584837 slurm_job_id=3584837 launched_at=2026-09-27T18:27:03.679773+00:00
[2026-09-27 18:27:03 UTC] predict_test method=top_k_15 Water_Quality_Darwin/15T/short
TIME run allocation action=new run=/fslarge/scratch/users/h61084/codes/selectime/outputs/selectime/chronos2/predictions/test/top_k_20/Water_Quality_Darwin/15T/short/run_1 launch_id=selena_3584837 slurm_job_id=3584837 launched_at=2026-09-27T18:33:02.398471+00:00
[2026-09-27 18:33:02 UTC] predict_test method=top_k_20 Water_Quality_Darwin/15T/short
TIME run allocation action=new run=/fslarge/scratch/users/h61084/codes/selectime/outputs/selectime/chronos2/predictions/test/vanilla_multivariate/Water_Quality_Darwin/15T/medium/run_1 launch_id=selena_3584837 slurm_job_id=3584837 launched_at=2026-09-27T18:41:00.946583+00:00
[2026-09-27 18:41:00 UTC] predict_test method=vanilla_multivariate Water_Quality_Darwin/15T/medium
TIME run allocation action=new run=/fslarge/scratch/users/h61084/codes/selectime/outputs/selectime/chronos2/predictions/test/top_k_1/Water_Quality_Darwin/15T/medium/run_1 launch_id=selena_3584837 slurm_job_id=3584837 launched_at=2026-09-27T18:41:01.024532+00:00
[2026-09-27 18:41:01 UTC] predict_test method=top_k_1 Water_Quality_Darwin/15T/medium
TIME run allocation action=new run=/fslarge/scratch/users/h61084/codes/selectime/outputs/selectime/chronos2/predictions/test/top_k_5/Water_Quality_Darwin/15T/medium/run_1 launch_id=selena_3584837 slurm_job_id=3584837 launched_at=2026-09-27T18:41:07.297173+00:00
[2026-09-27 18:41:07 UTC] predict_test method=top_k_5 Water_Quality_Darwin/15T/medium
TIME run allocation action=new run=/fslarge/scratch/users/h61084/codes/selectime/outputs/selectime/chronos2/predictions/test/top_k_10/Water_Quality_Darwin/15T/medium/run_1 launch_id=selena_3584837 slurm_job_id=3584837 launched_at=2026-09-27T18:41:28.231121+00:00
[2026-09-27 18:41:28 UTC] predict_test method=top_k_10 Water_Quality_Darwin/15T/medium
TIME run allocation action=new run=/fslarge/scratch/users/h61084/codes/selectime/outputs/selectime/chronos2/predictions/test/top_k_15/Water_Quality_Darwin/15T/medium/run_1 launch_id=selena_3584837 slurm_job_id=3584837 launched_at=2026-09-27T18:42:09.066136+00:00
[2026-09-27 18:42:09 UTC] predict_test method=top_k_15 Water_Quality_Darwin/15T/medium
TIME run allocation action=new run=/fslarge/scratch/users/h61084/codes/selectime/outputs/selectime/chronos2/predictions/test/top_k_20/Water_Quality_Darwin/15T/medium/run_1 launch_id=selena_3584837 slurm_job_id=3584837 launched_at=2026-09-27T18:43:09.510462+00:00
[2026-09-27 18:43:09 UTC] predict_test method=top_k_20 Water_Quality_Darwin/15T/medium
TIME run allocation action=new run=/fslarge/scratch/users/h61084/codes/selectime/outputs/selectime/chronos2/predictions/test/vanilla_multivariate/Water_Quality_Darwin/15T/long/run_1 launch_id=selena_3584837 slurm_job_id=3584837 launched_at=2026-09-27T18:44:30.463487+00:00
[2026-09-27 18:44:30 UTC] predict_test method=vanilla_multivariate Water_Quality_Darwin/15T/long
TIME run allocation action=new run=/fslarge/scratch/users/h61084/codes/selectime/outputs/selectime/chronos2/predictions/test/top_k_1/Water_Quality_Darwin/15T/long/run_1 launch_id=selena_3584837 slurm_job_id=3584837 launched_at=2026-09-27T18:44:30.540551+00:00
[2026-09-27 18:44:30 UTC] predict_test method=top_k_1 Water_Quality_Darwin/15T/long
TIME run allocation action=new run=/fslarge/scratch/users/h61084/codes/selectime/outputs/selectime/chronos2/predictions/test/top_k_5/Water_Quality_Darwin/15T/long/run_1 launch_id=selena_3584837 slurm_job_id=3584837 launched_at=2026-09-27T18:44:32.827425+00:00
[2026-09-27 18:44:32 UTC] predict_test method=top_k_5 Water_Quality_Darwin/15T/long
TIME run allocation action=new run=/fslarge/scratch/users/h61084/codes/selectime/outputs/selectime/chronos2/predictions/test/top_k_10/Water_Quality_Darwin/15T/long/run_1 launch_id=selena_3584837 slurm_job_id=3584837 launched_at=2026-09-27T18:44:40.015390+00:00
[2026-09-27 18:44:40 UTC] predict_test method=top_k_10 Water_Quality_Darwin/15T/long
TIME run allocation action=new run=/fslarge/scratch/users/h61084/codes/selectime/outputs/selectime/chronos2/predictions/test/top_k_15/Water_Quality_Darwin/15T/long/run_1 launch_id=selena_3584837 slurm_job_id=3584837 launched_at=2026-09-27T18:44:54.042002+00:00
[2026-09-27 18:44:54 UTC] predict_test method=top_k_15 Water_Quality_Darwin/15T/long
TIME run allocation action=new run=/fslarge/scratch/users/h61084/codes/selectime/outputs/selectime/chronos2/predictions/test/top_k_20/Water_Quality_Darwin/15T/long/run_1 launch_id=selena_3584837 slurm_job_id=3584837 launched_at=2026-09-27T18:45:14.592079+00:00
[2026-09-27 18:45:14 UTC] predict_test method=top_k_20 Water_Quality_Darwin/15T/long
TIME run allocation action=new run=/fslarge/scratch/users/h61084/codes/selectime/outputs/selectime/chronos2/predictions/test/vanilla_multivariate/current_velocity/5T/short/run_1 launch_id=selena_3584837 slurm_job_id=3584837 launched_at=2026-09-27T18:45:41.860638+00:00
[2026-09-27 18:45:41 UTC] predict_test method=vanilla_multivariate current_velocity/5T/short
TIME run allocation action=new run=/fslarge/scratch/users/h61084/codes/selectime/outputs/selectime/chronos2/predictions/test/top_k_1/current_velocity/5T/short/run_1 launch_id=selena_3584837 slurm_job_id=3584837 launched_at=2026-09-27T18:45:41.913207+00:00
[2026-09-27 18:45:41 UTC] predict_test method=top_k_1 current_velocity/5T/short
TIME run allocation action=new run=/fslarge/scratch/users/h61084/codes/selectime/outputs/selectime/chronos2/predictions/test/top_k_5/current_velocity/5T/short/run_1 launch_id=selena_3584837 slurm_job_id=3584837 launched_at=2026-09-27T18:45:48.512742+00:00
[2026-09-27 18:45:48 UTC] predict_test method=top_k_5 current_velocity/5T/short
TIME run allocation action=new run=/fslarge/scratch/users/h61084/codes/selectime/outputs/selectime/chronos2/predictions/test/top_k_10/current_velocity/5T/short/run_1 launch_id=selena_3584837 slurm_job_id=3584837 launched_at=2026-09-27T18:46:09.252008+00:00
[2026-09-27 18:46:09 UTC] predict_test method=top_k_10 current_velocity/5T/short
TIME run allocation action=new run=/fslarge/scratch/users/h61084/codes/selectime/outputs/selectime/chronos2/predictions/test/top_k_15/current_velocity/5T/short/run_1 launch_id=selena_3584837 slurm_job_id=3584837 launched_at=2026-09-27T18:46:48.533502+00:00
[2026-09-27 18:46:48 UTC] predict_test method=top_k_15 current_velocity/5T/short
TIME run allocation action=new run=/fslarge/scratch/users/h61084/codes/selectime/outputs/selectime/chronos2/predictions/test/top_k_20/current_velocity/5T/short/run_1 launch_id=selena_3584837 slurm_job_id=3584837 launched_at=2026-09-27T18:47:45.483036+00:00
[2026-09-27 18:47:45 UTC] predict_test method=top_k_20 current_velocity/5T/short
TIME run allocation action=new run=/fslarge/scratch/users/h61084/codes/selectime/outputs/selectime/chronos2/predictions/test/vanilla_multivariate/current_velocity/5T/medium/run_1 launch_id=selena_3584837 slurm_job_id=3584837 launched_at=2026-09-27T18:49:01.046651+00:00
[2026-09-27 18:49:01 UTC] predict_test method=vanilla_multivariate current_velocity/5T/medium
TIME run allocation action=new run=/fslarge/scratch/users/h61084/codes/selectime/outputs/selectime/chronos2/predictions/test/top_k_1/current_velocity/5T/medium/run_1 launch_id=selena_3584837 slurm_job_id=3584837 launched_at=2026-09-27T18:49:01.117104+00:00
[2026-09-27 18:49:01 UTC] predict_test method=top_k_1 current_velocity/5T/medium
TIME run allocation action=new run=/fslarge/scratch/users/h61084/codes/selectime/outputs/selectime/chronos2/predictions/test/top_k_5/current_velocity/5T/medium/run_1 launch_id=selena_3584837 slurm_job_id=3584837 launched_at=2026-09-27T18:49:01.983975+00:00
[2026-09-27 18:49:01 UTC] predict_test method=top_k_5 current_velocity/5T/medium
TIME run allocation action=new run=/fslarge/scratch/users/h61084/codes/selectime/outputs/selectime/chronos2/predictions/test/top_k_10/current_velocity/5T/medium/run_1 launch_id=selena_3584837 slurm_job_id=3584837 launched_at=2026-09-27T18:49:04.703290+00:00
[2026-09-27 18:49:04 UTC] predict_test method=top_k_10 current_velocity/5T/medium
TIME run allocation action=new run=/fslarge/scratch/users/h61084/codes/selectime/outputs/selectime/chronos2/predictions/test/top_k_15/current_velocity/5T/medium/run_1 launch_id=selena_3584837 slurm_job_id=3584837 launched_at=2026-09-27T18:49:09.780760+00:00
[2026-09-27 18:49:09 UTC] predict_test method=top_k_15 current_velocity/5T/medium
TIME run allocation action=new run=/fslarge/scratch/users/h61084/codes/selectime/outputs/selectime/chronos2/predictions/test/top_k_20/current_velocity/5T/medium/run_1 launch_id=selena_3584837 slurm_job_id=3584837 launched_at=2026-09-27T18:49:17.125147+00:00
[2026-09-27 18:49:17 UTC] predict_test method=top_k_20 current_velocity/5T/medium
TIME run allocation action=new run=/fslarge/scratch/users/h61084/codes/selectime/outputs/selectime/chronos2/predictions/test/vanilla_multivariate/current_velocity/5T/long/run_1 launch_id=selena_3584837 slurm_job_id=3584837 launched_at=2026-09-27T18:49:26.861002+00:00
[2026-09-27 18:49:26 UTC] predict_test method=vanilla_multivariate current_velocity/5T/long
TIME run allocation action=new run=/fslarge/scratch/users/h61084/codes/selectime/outputs/selectime/chronos2/predictions/test/top_k_1/current_velocity/5T/long/run_1 launch_id=selena_3584837 slurm_job_id=3584837 launched_at=2026-09-27T18:49:26.939288+00:00
[2026-09-27 18:49:26 UTC] predict_test method=top_k_1 current_velocity/5T/long
TIME run allocation action=new run=/fslarge/scratch/users/h61084/codes/selectime/outputs/selectime/chronos2/predictions/test/top_k_5/current_velocity/5T/long/run_1 launch_id=selena_3584837 slurm_job_id=3584837 launched_at=2026-09-27T18:49:27.277403+00:00
[2026-09-27 18:49:27 UTC] predict_test method=top_k_5 current_velocity/5T/long
TIME run allocation action=new run=/fslarge/scratch/users/h61084/codes/selectime/outputs/selectime/chronos2/predictions/test/top_k_10/current_velocity/5T/long/run_1 launch_id=selena_3584837 slurm_job_id=3584837 launched_at=2026-09-27T18:49:28.257267+00:00
[2026-09-27 18:49:28 UTC] predict_test method=top_k_10 current_velocity/5T/long
TIME run allocation action=new run=/fslarge/scratch/users/h61084/codes/selectime/outputs/selectime/chronos2/predictions/test/top_k_15/current_velocity/5T/long/run_1 launch_id=selena_3584837 slurm_job_id=3584837 launched_at=2026-09-27T18:49:30.063832+00:00
[2026-09-27 18:49:30 UTC] predict_test method=top_k_15 current_velocity/5T/long
TIME run allocation action=new run=/fslarge/scratch/users/h61084/codes/selectime/outputs/selectime/chronos2/predictions/test/top_k_20/current_velocity/5T/long/run_1 launch_id=selena_3584837 slurm_job_id=3584837 launched_at=2026-09-27T18:49:32.673793+00:00
[2026-09-27 18:49:32 UTC] predict_test method=top_k_20 current_velocity/5T/long
TIME run allocation action=new run=/fslarge/scratch/users/h61084/codes/selectime/outputs/selectime/chronos2/predictions/test/vanilla_multivariate/current_velocity/10T/short/run_1 launch_id=selena_3584837 slurm_job_id=3584837 launched_at=2026-09-27T18:49:36.349016+00:00
[2026-09-27 18:49:36 UTC] predict_test method=vanilla_multivariate current_velocity/10T/short
TIME run allocation action=new run=/fslarge/scratch/users/h61084/codes/selectime/outputs/selectime/chronos2/predictions/test/top_k_1/current_velocity/10T/short/run_1 launch_id=selena_3584837 slurm_job_id=3584837 launched_at=2026-09-27T18:49:36.439840+00:00
[2026-09-27 18:49:36 UTC] predict_test method=top_k_1 current_velocity/10T/short
TIME run allocation action=new run=/fslarge/scratch/users/h61084/codes/selectime/outputs/selectime/chronos2/predictions/test/top_k_5/current_velocity/10T/short/run_1 launch_id=selena_3584837 slurm_job_id=3584837 launched_at=2026-09-27T18:50:42.104409+00:00
[2026-09-27 18:50:42 UTC] predict_test method=top_k_5 current_velocity/10T/short
TIME run allocation action=new run=/fslarge/scratch/users/h61084/codes/selectime/outputs/selectime/chronos2/predictions/test/top_k_10/current_velocity/10T/short/run_1 launch_id=selena_3584837 slurm_job_id=3584837 launched_at=2026-09-27T18:54:31.469386+00:00
[2026-09-27 18:54:31 UTC] predict_test method=top_k_10 current_velocity/10T/short
TIME run allocation action=new run=/fslarge/scratch/users/h61084/codes/selectime/outputs/selectime/chronos2/predictions/test/top_k_15/current_velocity/10T/short/run_1 launch_id=selena_3584837 slurm_job_id=3584837 launched_at=2026-09-27T19:02:06.573878+00:00
[2026-09-27 19:02:06 UTC] predict_test method=top_k_15 current_velocity/10T/short
TIME run allocation action=new run=/fslarge/scratch/users/h61084/codes/selectime/outputs/selectime/chronos2/predictions/test/top_k_20/current_velocity/10T/short/run_1 launch_id=selena_3584837 slurm_job_id=3584837 launched_at=2026-09-27T19:13:26.996203+00:00
[2026-09-27 19:13:26 UTC] predict_test method=top_k_20 current_velocity/10T/short
TIME run allocation action=new run=/fslarge/scratch/users/h61084/codes/selectime/outputs/selectime/chronos2/predictions/test/vanilla_multivariate/current_velocity/10T/medium/run_1 launch_id=selena_3584837 slurm_job_id=3584837 launched_at=2026-09-27T19:28:45.084932+00:00
[2026-09-27 19:28:45 UTC] predict_test method=vanilla_multivariate current_velocity/10T/medium
TIME run allocation action=new run=/fslarge/scratch/users/h61084/codes/selectime/outputs/selectime/chronos2/predictions/test/top_k_1/current_velocity/10T/medium/run_1 launch_id=selena_3584837 slurm_job_id=3584837 launched_at=2026-09-27T19:28:45.195615+00:00
[2026-09-27 19:28:45 UTC] predict_test method=top_k_1 current_velocity/10T/medium
TIME run allocation action=new run=/fslarge/scratch/users/h61084/codes/selectime/outputs/selectime/chronos2/predictions/test/top_k_5/current_velocity/10T/medium/run_1 launch_id=selena_3584837 slurm_job_id=3584837 launched_at=2026-09-27T19:28:54.162845+00:00
[2026-09-27 19:28:54 UTC] predict_test method=top_k_5 current_velocity/10T/medium
TIME run allocation action=new run=/fslarge/scratch/users/h61084/codes/selectime/outputs/selectime/chronos2/predictions/test/top_k_10/current_velocity/10T/medium/run_1 launch_id=selena_3584837 slurm_job_id=3584837 launched_at=2026-09-27T19:29:23.794030+00:00
[2026-09-27 19:29:23 UTC] predict_test method=top_k_10 current_velocity/10T/medium
TIME run allocation action=new run=/fslarge/scratch/users/h61084/codes/selectime/outputs/selectime/chronos2/predictions/test/top_k_15/current_velocity/10T/medium/run_1 launch_id=selena_3584837 slurm_job_id=3584837 launched_at=2026-09-27T19:30:21.938948+00:00
[2026-09-27 19:30:21 UTC] predict_test method=top_k_15 current_velocity/10T/medium
TIME run allocation action=new run=/fslarge/scratch/users/h61084/codes/selectime/outputs/selectime/chronos2/predictions/test/top_k_20/current_velocity/10T/medium/run_1 launch_id=selena_3584837 slurm_job_id=3584837 launched_at=2026-09-27T19:31:49.356379+00:00
[2026-09-27 19:31:49 UTC] predict_test method=top_k_20 current_velocity/10T/medium
TIME run allocation action=new run=/fslarge/scratch/users/h61084/codes/selectime/outputs/selectime/chronos2/predictions/test/vanilla_multivariate/current_velocity/10T/long/run_1 launch_id=selena_3584837 slurm_job_id=3584837 launched_at=2026-09-27T19:33:47.487232+00:00
[2026-09-27 19:33:47 UTC] predict_test method=vanilla_multivariate current_velocity/10T/long
TIME run allocation action=new run=/fslarge/scratch/users/h61084/codes/selectime/outputs/selectime/chronos2/predictions/test/top_k_1/current_velocity/10T/long/run_1 launch_id=selena_3584837 slurm_job_id=3584837 launched_at=2026-09-27T19:33:47.566768+00:00
[2026-09-27 19:33:47 UTC] predict_test method=top_k_1 current_velocity/10T/long
TIME run allocation action=new run=/fslarge/scratch/users/h61084/codes/selectime/outputs/selectime/chronos2/predictions/test/top_k_5/current_velocity/10T/long/run_1 launch_id=selena_3584837 slurm_job_id=3584837 launched_at=2026-09-27T19:33:50.975099+00:00
[2026-09-27 19:33:50 UTC] predict_test method=top_k_5 current_velocity/10T/long
TIME run allocation action=new run=/fslarge/scratch/users/h61084/codes/selectime/outputs/selectime/chronos2/predictions/test/top_k_10/current_velocity/10T/long/run_1 launch_id=selena_3584837 slurm_job_id=3584837 launched_at=2026-09-27T19:34:01.615180+00:00
[2026-09-27 19:34:01 UTC] predict_test method=top_k_10 current_velocity/10T/long
TIME run allocation action=new run=/fslarge/scratch/users/h61084/codes/selectime/outputs/selectime/chronos2/predictions/test/top_k_15/current_velocity/10T/long/run_1 launch_id=selena_3584837 slurm_job_id=3584837 launched_at=2026-09-27T19:34:21.913789+00:00
[2026-09-27 19:34:21 UTC] predict_test method=top_k_15 current_velocity/10T/long
TIME run allocation action=new run=/fslarge/scratch/users/h61084/codes/selectime/outputs/selectime/chronos2/predictions/test/top_k_20/current_velocity/10T/long/run_1 launch_id=selena_3584837 slurm_job_id=3584837 launched_at=2026-09-27T19:34:52.108026+00:00
[2026-09-27 19:34:52 UTC] predict_test method=top_k_20 current_velocity/10T/long
TIME run allocation action=new run=/fslarge/scratch/users/h61084/codes/selectime/outputs/selectime/chronos2/predictions/test/vanilla_multivariate/current_velocity/15T/short/run_1 launch_id=selena_3584837 slurm_job_id=3584837 launched_at=2026-09-27T19:35:32.748751+00:00
[2026-09-27 19:35:32 UTC] predict_test method=vanilla_multivariate current_velocity/15T/short
TIME run allocation action=new run=/fslarge/scratch/users/h61084/codes/selectime/outputs/selectime/chronos2/predictions/test/top_k_1/current_velocity/15T/short/run_1 launch_id=selena_3584837 slurm_job_id=3584837 launched_at=2026-09-27T19:35:32.817293+00:00
[2026-09-27 19:35:32 UTC] predict_test method=top_k_1 current_velocity/15T/short
TIME run allocation action=new run=/fslarge/scratch/users/h61084/codes/selectime/outputs/selectime/chronos2/predictions/test/top_k_5/current_velocity/15T/short/run_1 launch_id=selena_3584837 slurm_job_id=3584837 launched_at=2026-09-27T19:35:56.719390+00:00
[2026-09-27 19:35:56 UTC] predict_test method=top_k_5 current_velocity/15T/short
TIME run allocation action=new run=/fslarge/scratch/users/h61084/codes/selectime/outputs/selectime/chronos2/predictions/test/top_k_10/current_velocity/15T/short/run_1 launch_id=selena_3584837 slurm_job_id=3584837 launched_at=2026-09-27T19:37:15.546542+00:00
[2026-09-27 19:37:15 UTC] predict_test method=top_k_10 current_velocity/15T/short
TIME run allocation action=new run=/fslarge/scratch/users/h61084/codes/selectime/outputs/selectime/chronos2/predictions/test/top_k_15/current_velocity/15T/short/run_1 launch_id=selena_3584837 slurm_job_id=3584837 launched_at=2026-09-27T19:39:44.538613+00:00
[2026-09-27 19:39:44 UTC] predict_test method=top_k_15 current_velocity/15T/short
TIME run allocation action=new run=/fslarge/scratch/users/h61084/codes/selectime/outputs/selectime/chronos2/predictions/test/top_k_20/current_velocity/15T/short/run_1 launch_id=selena_3584837 slurm_job_id=3584837 launched_at=2026-09-27T19:43:22.032369+00:00
[2026-09-27 19:43:22 UTC] predict_test method=top_k_20 current_velocity/15T/short
TIME run allocation action=new run=/fslarge/scratch/users/h61084/codes/selectime/outputs/selectime/chronos2/predictions/test/vanilla_multivariate/current_velocity/15T/medium/run_1 launch_id=selena_3584837 slurm_job_id=3584837 launched_at=2026-09-27T19:48:10.810215+00:00
[2026-09-27 19:48:10 UTC] predict_test method=vanilla_multivariate current_velocity/15T/medium
TIME run allocation action=new run=/fslarge/scratch/users/h61084/codes/selectime/outputs/selectime/chronos2/predictions/test/top_k_1/current_velocity/15T/medium/run_1 launch_id=selena_3584837 slurm_job_id=3584837 launched_at=2026-09-27T19:48:10.878426+00:00
[2026-09-27 19:48:10 UTC] predict_test method=top_k_1 current_velocity/15T/medium
TIME run allocation action=new run=/fslarge/scratch/users/h61084/codes/selectime/outputs/selectime/chronos2/predictions/test/top_k_5/current_velocity/15T/medium/run_1 launch_id=selena_3584837 slurm_job_id=3584837 launched_at=2026-09-27T19:48:14.170370+00:00
[2026-09-27 19:48:14 UTC] predict_test method=top_k_5 current_velocity/15T/medium
TIME run allocation action=new run=/fslarge/scratch/users/h61084/codes/selectime/outputs/selectime/chronos2/predictions/test/top_k_10/current_velocity/15T/medium/run_1 launch_id=selena_3584837 slurm_job_id=3584837 launched_at=2026-09-27T19:48:24.702445+00:00
[2026-09-27 19:48:24 UTC] predict_test method=top_k_10 current_velocity/15T/medium
TIME run allocation action=new run=/fslarge/scratch/users/h61084/codes/selectime/outputs/selectime/chronos2/predictions/test/top_k_15/current_velocity/15T/medium/run_1 launch_id=selena_3584837 slurm_job_id=3584837 launched_at=2026-09-27T19:48:44.630196+00:00
[2026-09-27 19:48:44 UTC] predict_test method=top_k_15 current_velocity/15T/medium
TIME run allocation action=new run=/fslarge/scratch/users/h61084/codes/selectime/outputs/selectime/chronos2/predictions/test/top_k_20/current_velocity/15T/medium/run_1 launch_id=selena_3584837 slurm_job_id=3584837 launched_at=2026-09-27T19:49:13.941477+00:00
[2026-09-27 19:49:13 UTC] predict_test method=top_k_20 current_velocity/15T/medium
TIME run allocation action=new run=/fslarge/scratch/users/h61084/codes/selectime/outputs/selectime/chronos2/predictions/test/vanilla_multivariate/current_velocity/15T/long/run_1 launch_id=selena_3584837 slurm_job_id=3584837 launched_at=2026-09-27T19:49:52.437035+00:00
[2026-09-27 19:49:52 UTC] predict_test method=vanilla_multivariate current_velocity/15T/long
TIME run allocation action=new run=/fslarge/scratch/users/h61084/codes/selectime/outputs/selectime/chronos2/predictions/test/top_k_1/current_velocity/15T/long/run_1 launch_id=selena_3584837 slurm_job_id=3584837 launched_at=2026-09-27T19:49:52.498171+00:00
[2026-09-27 19:49:52 UTC] predict_test method=top_k_1 current_velocity/15T/long
TIME run allocation action=new run=/fslarge/scratch/users/h61084/codes/selectime/outputs/selectime/chronos2/predictions/test/top_k_5/current_velocity/15T/long/run_1 launch_id=selena_3584837 slurm_job_id=3584837 launched_at=2026-09-27T19:49:53.798240+00:00
[2026-09-27 19:49:53 UTC] predict_test method=top_k_5 current_velocity/15T/long
TIME run allocation action=new run=/fslarge/scratch/users/h61084/codes/selectime/outputs/selectime/chronos2/predictions/test/top_k_10/current_velocity/15T/long/run_1 launch_id=selena_3584837 slurm_job_id=3584837 launched_at=2026-09-27T19:49:57.753601+00:00
[2026-09-27 19:49:57 UTC] predict_test method=top_k_10 current_velocity/15T/long
TIME run allocation action=new run=/fslarge/scratch/users/h61084/codes/selectime/outputs/selectime/chronos2/predictions/test/top_k_15/current_velocity/15T/long/run_1 launch_id=selena_3584837 slurm_job_id=3584837 launched_at=2026-09-27T19:50:04.513026+00:00
[2026-09-27 19:50:04 UTC] predict_test method=top_k_15 current_velocity/15T/long
TIME run allocation action=new run=/fslarge/scratch/users/h61084/codes/selectime/outputs/selectime/chronos2/predictions/test/top_k_20/current_velocity/15T/long/run_1 launch_id=selena_3584837 slurm_job_id=3584837 launched_at=2026-09-27T19:50:14.731742+00:00
[2026-09-27 19:50:14 UTC] predict_test method=top_k_20 current_velocity/15T/long
TIME run allocation action=new run=/fslarge/scratch/users/h61084/codes/selectime/outputs/selectime/chronos2/predictions/test/vanilla_multivariate/current_velocity/H/short/run_1 launch_id=selena_3584837 slurm_job_id=3584837 launched_at=2026-09-27T19:50:28.284760+00:00
[2026-09-27 19:50:28 UTC] predict_test method=vanilla_multivariate current_velocity/H/short
TIME run allocation action=new run=/fslarge/scratch/users/h61084/codes/selectime/outputs/selectime/chronos2/predictions/test/top_k_1/current_velocity/H/short/run_1 launch_id=selena_3584837 slurm_job_id=3584837 launched_at=2026-09-27T19:50:28.357652+00:00
[2026-09-27 19:50:28 UTC] predict_test method=top_k_1 current_velocity/H/short
TIME run allocation action=new run=/fslarge/scratch/users/h61084/codes/selectime/outputs/selectime/chronos2/predictions/test/top_k_5/current_velocity/H/short/run_1 launch_id=selena_3584837 slurm_job_id=3584837 launched_at=2026-09-27T19:50:43.476597+00:00
[2026-09-27 19:50:43 UTC] predict_test method=top_k_5 current_velocity/H/short
TIME run allocation action=new run=/fslarge/scratch/users/h61084/codes/selectime/outputs/selectime/chronos2/predictions/test/top_k_10/current_velocity/H/short/run_1 launch_id=selena_3584837 slurm_job_id=3584837 launched_at=2026-09-27T19:51:31.405505+00:00
[2026-09-27 19:51:31 UTC] predict_test method=top_k_10 current_velocity/H/short
TIME run allocation action=new run=/fslarge/scratch/users/h61084/codes/selectime/outputs/selectime/chronos2/predictions/test/top_k_15/current_velocity/H/short/run_1 launch_id=selena_3584837 slurm_job_id=3584837 launched_at=2026-09-27T19:53:01.473197+00:00
[2026-09-27 19:53:01 UTC] predict_test method=top_k_15 current_velocity/H/short
TIME run allocation action=new run=/fslarge/scratch/users/h61084/codes/selectime/outputs/selectime/chronos2/predictions/test/top_k_20/current_velocity/H/short/run_1 launch_id=selena_3584837 slurm_job_id=3584837 launched_at=2026-09-27T19:55:12.961568+00:00
[2026-09-27 19:55:12 UTC] predict_test method=top_k_20 current_velocity/H/short
TIME run allocation action=new run=/fslarge/scratch/users/h61084/codes/selectime/outputs/selectime/chronos2/predictions/test/vanilla_multivariate/current_velocity/H/medium/run_1 launch_id=selena_3584837 slurm_job_id=3584837 launched_at=2026-09-27T19:58:07.757744+00:00
[2026-09-27 19:58:07 UTC] predict_test method=vanilla_multivariate current_velocity/H/medium
TIME run allocation action=new run=/fslarge/scratch/users/h61084/codes/selectime/outputs/selectime/chronos2/predictions/test/top_k_1/current_velocity/H/medium/run_1 launch_id=selena_3584837 slurm_job_id=3584837 launched_at=2026-09-27T19:58:07.849703+00:00
[2026-09-27 19:58:07 UTC] predict_test method=top_k_1 current_velocity/H/medium
TIME run allocation action=new run=/fslarge/scratch/users/h61084/codes/selectime/outputs/selectime/chronos2/predictions/test/top_k_5/current_velocity/H/medium/run_1 launch_id=selena_3584837 slurm_job_id=3584837 launched_at=2026-09-27T19:58:10.308756+00:00
[2026-09-27 19:58:10 UTC] predict_test method=top_k_5 current_velocity/H/medium
TIME run allocation action=new run=/fslarge/scratch/users/h61084/codes/selectime/outputs/selectime/chronos2/predictions/test/top_k_10/current_velocity/H/medium/run_1 launch_id=selena_3584837 slurm_job_id=3584837 launched_at=2026-09-27T19:58:17.894210+00:00
[2026-09-27 19:58:17 UTC] predict_test method=top_k_10 current_velocity/H/medium
TIME run allocation action=new run=/fslarge/scratch/users/h61084/codes/selectime/outputs/selectime/chronos2/predictions/test/top_k_15/current_velocity/H/medium/run_1 launch_id=selena_3584837 slurm_job_id=3584837 launched_at=2026-09-27T19:58:31.834931+00:00
[2026-09-27 19:58:31 UTC] predict_test method=top_k_15 current_velocity/H/medium
TIME run allocation action=new run=/fslarge/scratch/users/h61084/codes/selectime/outputs/selectime/chronos2/predictions/test/top_k_20/current_velocity/H/medium/run_1 launch_id=selena_3584837 slurm_job_id=3584837 launched_at=2026-09-27T19:58:51.694861+00:00
[2026-09-27 19:58:51 UTC] predict_test method=top_k_20 current_velocity/H/medium
TIME run allocation action=new run=/fslarge/scratch/users/h61084/codes/selectime/outputs/selectime/chronos2/predictions/test/vanilla_multivariate/current_velocity/H/long/run_1 launch_id=selena_3584837 slurm_job_id=3584837 launched_at=2026-09-27T19:59:18.776914+00:00
[2026-09-27 19:59:18 UTC] predict_test method=vanilla_multivariate current_velocity/H/long
TIME run allocation action=new run=/fslarge/scratch/users/h61084/codes/selectime/outputs/selectime/chronos2/predictions/test/top_k_1/current_velocity/H/long/run_1 launch_id=selena_3584837 slurm_job_id=3584837 launched_at=2026-09-27T19:59:18.847159+00:00
[2026-09-27 19:59:18 UTC] predict_test method=top_k_1 current_velocity/H/long
TIME run allocation action=new run=/fslarge/scratch/users/h61084/codes/selectime/outputs/selectime/chronos2/predictions/test/top_k_5/current_velocity/H/long/run_1 launch_id=selena_3584837 slurm_job_id=3584837 launched_at=2026-09-27T19:59:20.218903+00:00
[2026-09-27 19:59:20 UTC] predict_test method=top_k_5 current_velocity/H/long
TIME run allocation action=new run=/fslarge/scratch/users/h61084/codes/selectime/outputs/selectime/chronos2/predictions/test/top_k_10/current_velocity/H/long/run_1 launch_id=selena_3584837 slurm_job_id=3584837 launched_at=2026-09-27T19:59:24.345966+00:00
[2026-09-27 19:59:24 UTC] predict_test method=top_k_10 current_velocity/H/long
TIME run allocation action=new run=/fslarge/scratch/users/h61084/codes/selectime/outputs/selectime/chronos2/predictions/test/top_k_15/current_velocity/H/long/run_1 launch_id=selena_3584837 slurm_job_id=3584837 launched_at=2026-09-27T19:59:31.707764+00:00
[2026-09-27 19:59:31 UTC] predict_test method=top_k_15 current_velocity/H/long
TIME run allocation action=new run=/fslarge/scratch/users/h61084/codes/selectime/outputs/selectime/chronos2/predictions/test/top_k_20/current_velocity/H/long/run_1 launch_id=selena_3584837 slurm_job_id=3584837 launched_at=2026-09-27T19:59:42.098900+00:00
[2026-09-27 19:59:42 UTC] predict_test method=top_k_20 current_velocity/H/long
TIME run allocation action=new run=/fslarge/scratch/users/h61084/codes/selectime/outputs/selectime/chronos2/predictions/test/vanilla_multivariate/CPHL/15T/short/run_1 launch_id=selena_3584837 slurm_job_id=3584837 launched_at=2026-09-27T19:59:56.120862+00:00
[2026-09-27 19:59:56 UTC] predict_test method=vanilla_multivariate CPHL/15T/short
TIME run allocation action=new run=/fslarge/scratch/users/h61084/codes/selectime/outputs/selectime/chronos2/predictions/test/top_k_1/CPHL/15T/short/run_1 launch_id=selena_3584837 slurm_job_id=3584837 launched_at=2026-09-27T19:59:57.206495+00:00
[2026-09-27 19:59:57 UTC] predict_test method=top_k_1 CPHL/15T/short
TIME run allocation action=new run=/fslarge/scratch/users/h61084/codes/selectime/outputs/selectime/chronos2/predictions/test/top_k_5/CPHL/15T/short/run_1 launch_id=selena_3584837 slurm_job_id=3584837 launched_at=2026-09-27T19:59:59.429421+00:00
[2026-09-27 19:59:59 UTC] predict_test method=top_k_5 CPHL/15T/short
TIME run allocation action=new run=/fslarge/scratch/users/h61084/codes/selectime/outputs/selectime/chronos2/predictions/test/top_k_10/CPHL/15T/short/run_1 launch_id=selena_3584837 slurm_job_id=3584837 launched_at=2026-09-27T20:00:06.331376+00:00
[2026-09-27 20:00:06 UTC] predict_test method=top_k_10 CPHL/15T/short
TIME run allocation action=new run=/fslarge/scratch/users/h61084/codes/selectime/outputs/selectime/chronos2/predictions/test/top_k_15/CPHL/15T/short/run_1 launch_id=selena_3584837 slurm_job_id=3584837 launched_at=2026-09-27T20:00:19.353638+00:00
[2026-09-27 20:00:19 UTC] predict_test method=top_k_15 CPHL/15T/short
TIME run allocation action=new run=/fslarge/scratch/users/h61084/codes/selectime/outputs/selectime/chronos2/predictions/test/top_k_20/CPHL/15T/short/run_1 launch_id=selena_3584837 slurm_job_id=3584837 launched_at=2026-09-27T20:00:38.188432+00:00
[2026-09-27 20:00:38 UTC] predict_test method=top_k_20 CPHL/15T/short
TIME run allocation action=new run=/fslarge/scratch/users/h61084/codes/selectime/outputs/selectime/chronos2/predictions/test/vanilla_multivariate/CPHL/15T/medium/run_1 launch_id=selena_3584837 slurm_job_id=3584837 launched_at=2026-09-27T20:01:03.061185+00:00
[2026-09-27 20:01:03 UTC] predict_test method=vanilla_multivariate CPHL/15T/medium
TIME run allocation action=new run=/fslarge/scratch/users/h61084/codes/selectime/outputs/selectime/chronos2/predictions/test/top_k_1/CPHL/15T/medium/run_1 launch_id=selena_3584837 slurm_job_id=3584837 launched_at=2026-09-27T20:01:03.233024+00:00
[2026-09-27 20:01:03 UTC] predict_test method=top_k_1 CPHL/15T/medium
TIME run allocation action=new run=/fslarge/scratch/users/h61084/codes/selectime/outputs/selectime/chronos2/predictions/test/top_k_5/CPHL/15T/medium/run_1 launch_id=selena_3584837 slurm_job_id=3584837 launched_at=2026-09-27T20:01:03.541784+00:00
[2026-09-27 20:01:03 UTC] predict_test method=top_k_5 CPHL/15T/medium
TIME run allocation action=new run=/fslarge/scratch/users/h61084/codes/selectime/outputs/selectime/chronos2/predictions/test/top_k_10/CPHL/15T/medium/run_1 launch_id=selena_3584837 slurm_job_id=3584837 launched_at=2026-09-27T20:01:04.435284+00:00
[2026-09-27 20:01:04 UTC] predict_test method=top_k_10 CPHL/15T/medium
TIME run allocation action=new run=/fslarge/scratch/users/h61084/codes/selectime/outputs/selectime/chronos2/predictions/test/top_k_15/CPHL/15T/medium/run_1 launch_id=selena_3584837 slurm_job_id=3584837 launched_at=2026-09-27T20:01:06.099149+00:00
[2026-09-27 20:01:06 UTC] predict_test method=top_k_15 CPHL/15T/medium
TIME run allocation action=new run=/fslarge/scratch/users/h61084/codes/selectime/outputs/selectime/chronos2/predictions/test/top_k_20/CPHL/15T/medium/run_1 launch_id=selena_3584837 slurm_job_id=3584837 launched_at=2026-09-27T20:01:08.495150+00:00
[2026-09-27 20:01:08 UTC] predict_test method=top_k_20 CPHL/15T/medium
TIME run allocation action=new run=/fslarge/scratch/users/h61084/codes/selectime/outputs/selectime/chronos2/predictions/test/vanilla_multivariate/CPHL/15T/long/run_1 launch_id=selena_3584837 slurm_job_id=3584837 launched_at=2026-09-27T20:01:11.700966+00:00
[2026-09-27 20:01:11 UTC] predict_test method=vanilla_multivariate CPHL/15T/long
TIME run allocation action=new run=/fslarge/scratch/users/h61084/codes/selectime/outputs/selectime/chronos2/predictions/test/top_k_1/CPHL/15T/long/run_1 launch_id=selena_3584837 slurm_job_id=3584837 launched_at=2026-09-27T20:01:11.784273+00:00
[2026-09-27 20:01:11 UTC] predict_test method=top_k_1 CPHL/15T/long
TIME run allocation action=new run=/fslarge/scratch/users/h61084/codes/selectime/outputs/selectime/chronos2/predictions/test/top_k_5/CPHL/15T/long/run_1 launch_id=selena_3584837 slurm_job_id=3584837 launched_at=2026-09-27T20:01:11.912069+00:00
[2026-09-27 20:01:11 UTC] predict_test method=top_k_5 CPHL/15T/long
TIME run allocation action=new run=/fslarge/scratch/users/h61084/codes/selectime/outputs/selectime/chronos2/predictions/test/top_k_10/CPHL/15T/long/run_1 launch_id=selena_3584837 slurm_job_id=3584837 launched_at=2026-09-27T20:01:12.213739+00:00
[2026-09-27 20:01:12 UTC] predict_test method=top_k_10 CPHL/15T/long
TIME run allocation action=new run=/fslarge/scratch/users/h61084/codes/selectime/outputs/selectime/chronos2/predictions/test/top_k_15/CPHL/15T/long/run_1 launch_id=selena_3584837 slurm_job_id=3584837 launched_at=2026-09-27T20:01:12.762182+00:00
[2026-09-27 20:01:12 UTC] predict_test method=top_k_15 CPHL/15T/long
TIME run allocation action=new run=/fslarge/scratch/users/h61084/codes/selectime/outputs/selectime/chronos2/predictions/test/top_k_20/CPHL/15T/long/run_1 launch_id=selena_3584837 slurm_job_id=3584837 launched_at=2026-09-27T20:01:13.572715+00:00
[2026-09-27 20:01:13 UTC] predict_test method=top_k_20 CPHL/15T/long
TIME run allocation action=new run=/fslarge/scratch/users/h61084/codes/selectime/outputs/selectime/chronos2/predictions/test/vanilla_multivariate/CPHL/30T/short/run_1 launch_id=selena_3584837 slurm_job_id=3584837 launched_at=2026-09-27T20:01:14.681306+00:00
[2026-09-27 20:01:14 UTC] predict_test method=vanilla_multivariate CPHL/30T/short
TIME run allocation action=new run=/fslarge/scratch/users/h61084/codes/selectime/outputs/selectime/chronos2/predictions/test/top_k_1/CPHL/30T/short/run_1 launch_id=selena_3584837 slurm_job_id=3584837 launched_at=2026-09-27T20:01:15.764782+00:00
[2026-09-27 20:01:15 UTC] predict_test method=top_k_1 CPHL/30T/short
TIME run allocation action=new run=/fslarge/scratch/users/h61084/codes/selectime/outputs/selectime/chronos2/predictions/test/top_k_5/CPHL/30T/short/run_1 launch_id=selena_3584837 slurm_job_id=3584837 launched_at=2026-09-27T20:01:17.943773+00:00
[2026-09-27 20:01:17 UTC] predict_test method=top_k_5 CPHL/30T/short
TIME run allocation action=new run=/fslarge/scratch/users/h61084/codes/selectime/outputs/selectime/chronos2/predictions/test/top_k_10/CPHL/30T/short/run_1 launch_id=selena_3584837 slurm_job_id=3584837 launched_at=2026-09-27T20:01:24.666637+00:00
[2026-09-27 20:01:24 UTC] predict_test method=top_k_10 CPHL/30T/short
TIME run allocation action=new run=/fslarge/scratch/users/h61084/codes/selectime/outputs/selectime/chronos2/predictions/test/top_k_15/CPHL/30T/short/run_1 launch_id=selena_3584837 slurm_job_id=3584837 launched_at=2026-09-27T20:01:37.317933+00:00
[2026-09-27 20:01:37 UTC] predict_test method=top_k_15 CPHL/30T/short
TIME run allocation action=new run=/fslarge/scratch/users/h61084/codes/selectime/outputs/selectime/chronos2/predictions/test/top_k_20/CPHL/30T/short/run_1 launch_id=selena_3584837 slurm_job_id=3584837 launched_at=2026-09-27T20:01:55.609624+00:00
[2026-09-27 20:01:55 UTC] predict_test method=top_k_20 CPHL/30T/short
TIME run allocation action=new run=/fslarge/scratch/users/h61084/codes/selectime/outputs/selectime/chronos2/predictions/test/vanilla_multivariate/CPHL/30T/medium/run_1 launch_id=selena_3584837 slurm_job_id=3584837 launched_at=2026-09-27T20:02:19.758442+00:00
[2026-09-27 20:02:19 UTC] predict_test method=vanilla_multivariate CPHL/30T/medium
TIME run allocation action=new run=/fslarge/scratch/users/h61084/codes/selectime/outputs/selectime/chronos2/predictions/test/top_k_1/CPHL/30T/medium/run_1 launch_id=selena_3584837 slurm_job_id=3584837 launched_at=2026-09-27T20:02:20.055861+00:00
[2026-09-27 20:02:20 UTC] predict_test method=top_k_1 CPHL/30T/medium
TIME run allocation action=new run=/fslarge/scratch/users/h61084/codes/selectime/outputs/selectime/chronos2/predictions/test/top_k_5/CPHL/30T/medium/run_1 launch_id=selena_3584837 slurm_job_id=3584837 launched_at=2026-09-27T20:02:20.603661+00:00
[2026-09-27 20:02:20 UTC] predict_test method=top_k_5 CPHL/30T/medium
TIME run allocation action=new run=/fslarge/scratch/users/h61084/codes/selectime/outputs/selectime/chronos2/predictions/test/top_k_10/CPHL/30T/medium/run_1 launch_id=selena_3584837 slurm_job_id=3584837 launched_at=2026-09-27T20:02:22.339580+00:00
[2026-09-27 20:02:22 UTC] predict_test method=top_k_10 CPHL/30T/medium
TIME run allocation action=new run=/fslarge/scratch/users/h61084/codes/selectime/outputs/selectime/chronos2/predictions/test/top_k_15/CPHL/30T/medium/run_1 launch_id=selena_3584837 slurm_job_id=3584837 launched_at=2026-09-27T20:02:25.606838+00:00
[2026-09-27 20:02:25 UTC] predict_test method=top_k_15 CPHL/30T/medium
TIME run allocation action=new run=/fslarge/scratch/users/h61084/codes/selectime/outputs/selectime/chronos2/predictions/test/top_k_20/CPHL/30T/medium/run_1 launch_id=selena_3584837 slurm_job_id=3584837 launched_at=2026-09-27T20:02:30.250200+00:00
[2026-09-27 20:02:30 UTC] predict_test method=top_k_20 CPHL/30T/medium
TIME run allocation action=new run=/fslarge/scratch/users/h61084/codes/selectime/outputs/selectime/chronos2/predictions/test/vanilla_multivariate/CPHL/30T/long/run_1 launch_id=selena_3584837 slurm_job_id=3584837 launched_at=2026-09-27T20:02:36.484320+00:00
[2026-09-27 20:02:36 UTC] predict_test method=vanilla_multivariate CPHL/30T/long
TIME run allocation action=new run=/fslarge/scratch/users/h61084/codes/selectime/outputs/selectime/chronos2/predictions/test/top_k_1/CPHL/30T/long/run_1 launch_id=selena_3584837 slurm_job_id=3584837 launched_at=2026-09-27T20:02:36.611952+00:00
[2026-09-27 20:02:36 UTC] predict_test method=top_k_1 CPHL/30T/long
TIME run allocation action=new run=/fslarge/scratch/users/h61084/codes/selectime/outputs/selectime/chronos2/predictions/test/top_k_5/CPHL/30T/long/run_1 launch_id=selena_3584837 slurm_job_id=3584837 launched_at=2026-09-27T20:02:36.830644+00:00
[2026-09-27 20:02:36 UTC] predict_test method=top_k_5 CPHL/30T/long
TIME run allocation action=new run=/fslarge/scratch/users/h61084/codes/selectime/outputs/selectime/chronos2/predictions/test/top_k_10/CPHL/30T/long/run_1 launch_id=selena_3584837 slurm_job_id=3584837 launched_at=2026-09-27T20:02:37.409287+00:00
[2026-09-27 20:02:37 UTC] predict_test method=top_k_10 CPHL/30T/long
TIME run allocation action=new run=/fslarge/scratch/users/h61084/codes/selectime/outputs/selectime/chronos2/predictions/test/top_k_15/CPHL/30T/long/run_1 launch_id=selena_3584837 slurm_job_id=3584837 launched_at=2026-09-27T20:02:38.530348+00:00
[2026-09-27 20:02:38 UTC] predict_test method=top_k_15 CPHL/30T/long
TIME run allocation action=new run=/fslarge/scratch/users/h61084/codes/selectime/outputs/selectime/chronos2/predictions/test/top_k_20/CPHL/30T/long/run_1 launch_id=selena_3584837 slurm_job_id=3584837 launched_at=2026-09-27T20:02:40.107498+00:00
[2026-09-27 20:02:40 UTC] predict_test method=top_k_20 CPHL/30T/long
TIME run allocation action=new run=/fslarge/scratch/users/h61084/codes/selectime/outputs/selectime/chronos2/predictions/test/vanilla_multivariate/CPHL/H/short/run_1 launch_id=selena_3584837 slurm_job_id=3584837 launched_at=2026-09-27T20:02:42.259200+00:00
[2026-09-27 20:02:42 UTC] predict_test method=vanilla_multivariate CPHL/H/short
TIME run allocation action=new run=/fslarge/scratch/users/h61084/codes/selectime/outputs/selectime/chronos2/predictions/test/top_k_1/CPHL/H/short/run_1 launch_id=selena_3584837 slurm_job_id=3584837 launched_at=2026-09-27T20:02:42.701655+00:00
[2026-09-27 20:02:42 UTC] predict_test method=top_k_1 CPHL/H/short
TIME run allocation action=new run=/fslarge/scratch/users/h61084/codes/selectime/outputs/selectime/chronos2/predictions/test/top_k_5/CPHL/H/short/run_1 launch_id=selena_3584837 slurm_job_id=3584837 launched_at=2026-09-27T20:02:43.577166+00:00
[2026-09-27 20:02:43 UTC] predict_test method=top_k_5 CPHL/H/short
TIME run allocation action=new run=/fslarge/scratch/users/h61084/codes/selectime/outputs/selectime/chronos2/predictions/test/top_k_10/CPHL/H/short/run_1 launch_id=selena_3584837 slurm_job_id=3584837 launched_at=2026-09-27T20:02:46.229258+00:00
[2026-09-27 20:02:46 UTC] predict_test method=top_k_10 CPHL/H/short
TIME run allocation action=new run=/fslarge/scratch/users/h61084/codes/selectime/outputs/selectime/chronos2/predictions/test/top_k_15/CPHL/H/short/run_1 launch_id=selena_3584837 slurm_job_id=3584837 launched_at=2026-09-27T20:02:50.020606+00:00
[2026-09-27 20:02:50 UTC] predict_test method=top_k_15 CPHL/H/short
TIME run allocation action=new run=/fslarge/scratch/users/h61084/codes/selectime/outputs/selectime/chronos2/predictions/test/top_k_20/CPHL/H/short/run_1 launch_id=selena_3584837 slurm_job_id=3584837 launched_at=2026-09-27T20:02:56.308912+00:00
[2026-09-27 20:02:56 UTC] predict_test method=top_k_20 CPHL/H/short
TIME run allocation action=new run=/fslarge/scratch/users/h61084/codes/selectime/outputs/selectime/chronos2/predictions/test/vanilla_multivariate/CPHL/H/medium/run_1 launch_id=selena_3584837 slurm_job_id=3584837 launched_at=2026-09-27T20:03:04.308019+00:00
[2026-09-27 20:03:04 UTC] predict_test method=vanilla_multivariate CPHL/H/medium
TIME run allocation action=new run=/fslarge/scratch/users/h61084/codes/selectime/outputs/selectime/chronos2/predictions/test/top_k_1/CPHL/H/medium/run_1 launch_id=selena_3584837 slurm_job_id=3584837 launched_at=2026-09-27T20:03:04.426779+00:00
[2026-09-27 20:03:04 UTC] predict_test method=top_k_1 CPHL/H/medium
TIME run allocation action=new run=/fslarge/scratch/users/h61084/codes/selectime/outputs/selectime/chronos2/predictions/test/top_k_5/CPHL/H/medium/run_1 launch_id=selena_3584837 slurm_job_id=3584837 launched_at=2026-09-27T20:03:04.607645+00:00
[2026-09-27 20:03:04 UTC] predict_test method=top_k_5 CPHL/H/medium
TIME run allocation action=new run=/fslarge/scratch/users/h61084/codes/selectime/outputs/selectime/chronos2/predictions/test/top_k_10/CPHL/H/medium/run_1 launch_id=selena_3584837 slurm_job_id=3584837 launched_at=2026-09-27T20:03:05.072255+00:00
[2026-09-27 20:03:05 UTC] predict_test method=top_k_10 CPHL/H/medium
TIME run allocation action=new run=/fslarge/scratch/users/h61084/codes/selectime/outputs/selectime/chronos2/predictions/test/top_k_15/CPHL/H/medium/run_1 launch_id=selena_3584837 slurm_job_id=3584837 launched_at=2026-09-27T20:03:05.960962+00:00
[2026-09-27 20:03:05 UTC] predict_test method=top_k_15 CPHL/H/medium
TIME run allocation action=new run=/fslarge/scratch/users/h61084/codes/selectime/outputs/selectime/chronos2/predictions/test/top_k_20/CPHL/H/medium/run_1 launch_id=selena_3584837 slurm_job_id=3584837 launched_at=2026-09-27T20:03:07.263338+00:00
[2026-09-27 20:03:07 UTC] predict_test method=top_k_20 CPHL/H/medium
TIME run allocation action=new run=/fslarge/scratch/users/h61084/codes/selectime/outputs/selectime/chronos2/predictions/test/vanilla_multivariate/CPHL/H/long/run_1 launch_id=selena_3584837 slurm_job_id=3584837 launched_at=2026-09-27T20:03:08.784601+00:00
[2026-09-27 20:03:08 UTC] predict_test method=vanilla_multivariate CPHL/H/long
TIME run allocation action=new run=/fslarge/scratch/users/h61084/codes/selectime/outputs/selectime/chronos2/predictions/test/top_k_1/CPHL/H/long/run_1 launch_id=selena_3584837 slurm_job_id=3584837 launched_at=2026-09-27T20:03:08.865709+00:00
[2026-09-27 20:03:08 UTC] predict_test method=top_k_1 CPHL/H/long
TIME run allocation action=new run=/fslarge/scratch/users/h61084/codes/selectime/outputs/selectime/chronos2/predictions/test/top_k_5/CPHL/H/long/run_1 launch_id=selena_3584837 slurm_job_id=3584837 launched_at=2026-09-27T20:03:08.986115+00:00
[2026-09-27 20:03:08 UTC] predict_test method=top_k_5 CPHL/H/long
TIME run allocation action=new run=/fslarge/scratch/users/h61084/codes/selectime/outputs/selectime/chronos2/predictions/test/top_k_10/CPHL/H/long/run_1 launch_id=selena_3584837 slurm_job_id=3584837 launched_at=2026-09-27T20:03:09.241595+00:00
[2026-09-27 20:03:09 UTC] predict_test method=top_k_10 CPHL/H/long
TIME run allocation action=new run=/fslarge/scratch/users/h61084/codes/selectime/outputs/selectime/chronos2/predictions/test/top_k_15/CPHL/H/long/run_1 launch_id=selena_3584837 slurm_job_id=3584837 launched_at=2026-09-27T20:03:09.683816+00:00
[2026-09-27 20:03:09 UTC] predict_test method=top_k_15 CPHL/H/long
TIME run allocation action=new run=/fslarge/scratch/users/h61084/codes/selectime/outputs/selectime/chronos2/predictions/test/top_k_20/CPHL/H/long/run_1 launch_id=selena_3584837 slurm_job_id=3584837 launched_at=2026-09-27T20:03:10.344527+00:00
[2026-09-27 20:03:10 UTC] predict_test method=top_k_20 CPHL/H/long
TIME run allocation action=new run=/fslarge/scratch/users/h61084/codes/selectime/outputs/selectime/chronos2/predictions/test/vanilla_multivariate/Coastal_T_S/15T/short/run_1 launch_id=selena_3584837 slurm_job_id=3584837 launched_at=2026-09-27T20:03:11.259867+00:00
[2026-09-27 20:03:11 UTC] predict_test method=vanilla_multivariate Coastal_T_S/15T/short
TIME run allocation action=new run=/fslarge/scratch/users/h61084/codes/selectime/outputs/selectime/chronos2/predictions/test/top_k_1/Coastal_T_S/15T/short/run_1 launch_id=selena_3584837 slurm_job_id=3584837 launched_at=2026-09-27T20:03:11.312327+00:00
[2026-09-27 20:03:11 UTC] predict_test method=top_k_1 Coastal_T_S/15T/short
TIME run allocation action=new run=/fslarge/scratch/users/h61084/codes/selectime/outputs/selectime/chronos2/predictions/test/top_k_5/Coastal_T_S/15T/short/run_1 launch_id=selena_3584837 slurm_job_id=3584837 launched_at=2026-09-27T20:03:28.190809+00:00
[2026-09-27 20:03:28 UTC] predict_test method=top_k_5 Coastal_T_S/15T/short
