[2026-09-27 14:34:36 UTC] resources allocation {"CUDA_VISIBLE_DEVICES": "0", "SLURM_CPUS_PER_TASK": "8", "SLURM_JOB_GPUS": "0,1,2,3", "SLURM_JOB_ID": "3584839", "SLURM_MEM_PER_CPU": "unset", "SLURM_MEM_PER_NODE": "80000", "SLURM_STEP_GPUS": "0", "SLURM_STEP_ID": "0", "TIME_DEVICE": "unset", "cpu_count": 8, "host": "sean0012"}
[2026-09-27 14:34:36 UTC] resources RAM {"MemAvailable_MiB": 373150.03515625, "MemTotal_MiB": 386622.91015625, "cgroup_reason": "memory.max is unlimited", "cgroup_status": "unlimited"}
[2026-09-27 14:34:36 UTC] resources nvidia_inventory {"columns": "index,uuid,name,driver,total_MiB,free_MiB,used_MiB", "devices": ["0, GPU-85b11840-b0cf-bd32-4bb2-ff57b7feeca8, NVIDIA H100 NVL, 560.35.05, 95830, 95350, 1"]}
[2026-09-27 14:34:41 UTC] resources torch {"cuda_available": true, "note": "visibility probe; CPU-only stages need not use an allocated GPU", "version": "2.9.1+cu128", "visible_gpu_count": 1}
[2026-09-27 14:34:42 UTC] resources cuda_device {"capability": "9.0", "free_MiB": 94825.125, "logical_index": 0, "name": "NVIDIA H100 NVL", "total_MiB": 95350.1875}
[2026-09-27 14:34:42 UTC] Slurm=3584839 launch=selena_3584839 stage=prepare prediction_group=all
[2026-09-27 14:34:44 UTC] dataset_config=/fssmall/home/h61084/codes/selectime/src/timebench/config/datasets.yaml applied_keys=datasets,selectime_tasks tasks=90
[2026-09-27 14:34:44 UTC] resources selected_device {"component": "selectime", "device": "cpu", "stage": "prepare"}
[2026-09-27 14:34:44 UTC] stage=prepare tasks=90 seed=0 Slurm=3584839
[2026-09-27 16:34:45,606][datasets][INFO] - PyTorch version 2.9.1 available.
TIME run allocation action=new run=/fslarge/scratch/users/h61084/codes/selectime/outputs/selectime/chronos_bolt/data/validation/shared/Water_Quality_Darwin/15T/short/run_0 launch_id=selena_3584839 slurm_job_id=3584839 launched_at=2026-09-27T14:34:46.307744+00:00
[2026-09-27 14:34:46 UTC] prepare_validation Water_Quality_Darwin/15T/short
TIME run allocation action=new run=/fslarge/scratch/users/h61084/codes/selectime/outputs/selectime/chronos_bolt/data/test/shared/Water_Quality_Darwin/15T/short/run_0 launch_id=selena_3584839 slurm_job_id=3584839 launched_at=2026-09-27T14:34:46.430053+00:00
[2026-09-27 14:34:46 UTC] prepare_test Water_Quality_Darwin/15T/short
TIME run allocation action=new run=/fslarge/scratch/users/h61084/codes/selectime/outputs/selectime/chronos_bolt/data/validation/shared/Water_Quality_Darwin/15T/medium/run_0 launch_id=selena_3584839 slurm_job_id=3584839 launched_at=2026-09-27T14:34:46.569882+00:00
[2026-09-27 14:34:46 UTC] prepare_validation Water_Quality_Darwin/15T/medium
TIME run allocation action=new run=/fslarge/scratch/users/h61084/codes/selectime/outputs/selectime/chronos_bolt/data/test/shared/Water_Quality_Darwin/15T/medium/run_0 launch_id=selena_3584839 slurm_job_id=3584839 launched_at=2026-09-27T14:34:46.595104+00:00
[2026-09-27 14:34:46 UTC] prepare_test Water_Quality_Darwin/15T/medium
TIME run allocation action=new run=/fslarge/scratch/users/h61084/codes/selectime/outputs/selectime/chronos_bolt/data/validation/shared/Water_Quality_Darwin/15T/long/run_0 launch_id=selena_3584839 slurm_job_id=3584839 launched_at=2026-09-27T14:34:46.661753+00:00
[2026-09-27 14:34:46 UTC] prepare_validation Water_Quality_Darwin/15T/long
TIME run allocation action=new run=/fslarge/scratch/users/h61084/codes/selectime/outputs/selectime/chronos_bolt/data/test/shared/Water_Quality_Darwin/15T/long/run_0 launch_id=selena_3584839 slurm_job_id=3584839 launched_at=2026-09-27T14:34:46.686014+00:00
[2026-09-27 14:34:46 UTC] prepare_test Water_Quality_Darwin/15T/long
TIME run allocation action=new run=/fslarge/scratch/users/h61084/codes/selectime/outputs/selectime/chronos_bolt/data/validation/shared/current_velocity/5T/short/run_0 launch_id=selena_3584839 slurm_job_id=3584839 launched_at=2026-09-27T14:34:46.733767+00:00
[2026-09-27 14:34:46 UTC] prepare_validation current_velocity/5T/short
TIME run allocation action=new run=/fslarge/scratch/users/h61084/codes/selectime/outputs/selectime/chronos_bolt/data/test/shared/current_velocity/5T/short/run_0 launch_id=selena_3584839 slurm_job_id=3584839 launched_at=2026-09-27T14:34:46.747752+00:00
[2026-09-27 14:34:46 UTC] prepare_test current_velocity/5T/short
TIME run allocation action=new run=/fslarge/scratch/users/h61084/codes/selectime/outputs/selectime/chronos_bolt/data/validation/shared/current_velocity/5T/medium/run_0 launch_id=selena_3584839 slurm_job_id=3584839 launched_at=2026-09-27T14:34:46.773719+00:00
[2026-09-27 14:34:46 UTC] prepare_validation current_velocity/5T/medium
TIME run allocation action=new run=/fslarge/scratch/users/h61084/codes/selectime/outputs/selectime/chronos_bolt/data/test/shared/current_velocity/5T/medium/run_0 launch_id=selena_3584839 slurm_job_id=3584839 launched_at=2026-09-27T14:34:46.786416+00:00
[2026-09-27 14:34:46 UTC] prepare_test current_velocity/5T/medium
TIME run allocation action=new run=/fslarge/scratch/users/h61084/codes/selectime/outputs/selectime/chronos_bolt/data/validation/shared/current_velocity/5T/long/run_0 launch_id=selena_3584839 slurm_job_id=3584839 launched_at=2026-09-27T14:34:46.810710+00:00
[2026-09-27 14:34:46 UTC] prepare_validation current_velocity/5T/long
TIME run allocation action=new run=/fslarge/scratch/users/h61084/codes/selectime/outputs/selectime/chronos_bolt/data/test/shared/current_velocity/5T/long/run_0 launch_id=selena_3584839 slurm_job_id=3584839 launched_at=2026-09-27T14:34:46.823008+00:00
[2026-09-27 14:34:46 UTC] prepare_test current_velocity/5T/long
TIME run allocation action=new run=/fslarge/scratch/users/h61084/codes/selectime/outputs/selectime/chronos_bolt/data/validation/shared/current_velocity/10T/short/run_0 launch_id=selena_3584839 slurm_job_id=3584839 launched_at=2026-09-27T14:34:46.939742+00:00
[2026-09-27 14:34:46 UTC] prepare_validation current_velocity/10T/short
TIME run allocation action=new run=/fslarge/scratch/users/h61084/codes/selectime/outputs/selectime/chronos_bolt/data/test/shared/current_velocity/10T/short/run_0 launch_id=selena_3584839 slurm_job_id=3584839 launched_at=2026-09-27T14:34:47.094230+00:00
[2026-09-27 14:34:47 UTC] prepare_test current_velocity/10T/short
TIME run allocation action=new run=/fslarge/scratch/users/h61084/codes/selectime/outputs/selectime/chronos_bolt/data/validation/shared/current_velocity/10T/medium/run_0 launch_id=selena_3584839 slurm_job_id=3584839 launched_at=2026-09-27T14:34:47.349323+00:00
[2026-09-27 14:34:47 UTC] prepare_validation current_velocity/10T/medium
TIME run allocation action=new run=/fslarge/scratch/users/h61084/codes/selectime/outputs/selectime/chronos_bolt/data/test/shared/current_velocity/10T/medium/run_0 launch_id=selena_3584839 slurm_job_id=3584839 launched_at=2026-09-27T14:34:47.382190+00:00
[2026-09-27 14:34:47 UTC] prepare_test current_velocity/10T/medium
TIME run allocation action=new run=/fslarge/scratch/users/h61084/codes/selectime/outputs/selectime/chronos_bolt/data/validation/shared/current_velocity/10T/long/run_0 launch_id=selena_3584839 slurm_job_id=3584839 launched_at=2026-09-27T14:34:47.499756+00:00
[2026-09-27 14:34:47 UTC] prepare_validation current_velocity/10T/long
TIME run allocation action=new run=/fslarge/scratch/users/h61084/codes/selectime/outputs/selectime/chronos_bolt/data/test/shared/current_velocity/10T/long/run_0 launch_id=selena_3584839 slurm_job_id=3584839 launched_at=2026-09-27T14:34:47.532009+00:00
[2026-09-27 14:34:47 UTC] prepare_test current_velocity/10T/long
TIME run allocation action=new run=/fslarge/scratch/users/h61084/codes/selectime/outputs/selectime/chronos_bolt/data/validation/shared/current_velocity/15T/short/run_0 launch_id=selena_3584839 slurm_job_id=3584839 launched_at=2026-09-27T14:34:47.598368+00:00
[2026-09-27 14:34:47 UTC] prepare_validation current_velocity/15T/short
TIME run allocation action=new run=/fslarge/scratch/users/h61084/codes/selectime/outputs/selectime/chronos_bolt/data/test/shared/current_velocity/15T/short/run_0 launch_id=selena_3584839 slurm_job_id=3584839 launched_at=2026-09-27T14:34:47.631861+00:00
[2026-09-27 14:34:47 UTC] prepare_test current_velocity/15T/short
TIME run allocation action=new run=/fslarge/scratch/users/h61084/codes/selectime/outputs/selectime/chronos_bolt/data/validation/shared/current_velocity/15T/medium/run_0 launch_id=selena_3584839 slurm_job_id=3584839 launched_at=2026-09-27T14:34:47.690401+00:00
[2026-09-27 14:34:47 UTC] prepare_validation current_velocity/15T/medium
TIME run allocation action=new run=/fslarge/scratch/users/h61084/codes/selectime/outputs/selectime/chronos_bolt/data/test/shared/current_velocity/15T/medium/run_0 launch_id=selena_3584839 slurm_job_id=3584839 launched_at=2026-09-27T14:34:47.705729+00:00
[2026-09-27 14:34:47 UTC] prepare_test current_velocity/15T/medium
TIME run allocation action=new run=/fslarge/scratch/users/h61084/codes/selectime/outputs/selectime/chronos_bolt/data/validation/shared/current_velocity/15T/long/run_0 launch_id=selena_3584839 slurm_job_id=3584839 launched_at=2026-09-27T14:34:47.739469+00:00
[2026-09-27 14:34:47 UTC] prepare_validation current_velocity/15T/long
TIME run allocation action=new run=/fslarge/scratch/users/h61084/codes/selectime/outputs/selectime/chronos_bolt/data/test/shared/current_velocity/15T/long/run_0 launch_id=selena_3584839 slurm_job_id=3584839 launched_at=2026-09-27T14:34:47.754220+00:00
[2026-09-27 14:34:47 UTC] prepare_test current_velocity/15T/long
TIME run allocation action=new run=/fslarge/scratch/users/h61084/codes/selectime/outputs/selectime/chronos_bolt/data/validation/shared/current_velocity/H/short/run_0 launch_id=selena_3584839 slurm_job_id=3584839 launched_at=2026-09-27T14:34:47.814650+00:00
[2026-09-27 14:34:47 UTC] prepare_validation current_velocity/H/short
TIME run allocation action=new run=/fslarge/scratch/users/h61084/codes/selectime/outputs/selectime/chronos_bolt/data/test/shared/current_velocity/H/short/run_0 launch_id=selena_3584839 slurm_job_id=3584839 launched_at=2026-09-27T14:34:47.867435+00:00
[2026-09-27 14:34:47 UTC] prepare_test current_velocity/H/short
TIME run allocation action=new run=/fslarge/scratch/users/h61084/codes/selectime/outputs/selectime/chronos_bolt/data/validation/shared/current_velocity/H/medium/run_0 launch_id=selena_3584839 slurm_job_id=3584839 launched_at=2026-09-27T14:34:47.964869+00:00
[2026-09-27 14:34:47 UTC] prepare_validation current_velocity/H/medium
TIME run allocation action=new run=/fslarge/scratch/users/h61084/codes/selectime/outputs/selectime/chronos_bolt/data/test/shared/current_velocity/H/medium/run_0 launch_id=selena_3584839 slurm_job_id=3584839 launched_at=2026-09-27T14:34:48.013215+00:00
[2026-09-27 14:34:48 UTC] prepare_test current_velocity/H/medium
TIME run allocation action=new run=/fslarge/scratch/users/h61084/codes/selectime/outputs/selectime/chronos_bolt/data/validation/shared/current_velocity/H/long/run_0 launch_id=selena_3584839 slurm_job_id=3584839 launched_at=2026-09-27T14:34:48.105502+00:00
[2026-09-27 14:34:48 UTC] prepare_validation current_velocity/H/long
TIME run allocation action=new run=/fslarge/scratch/users/h61084/codes/selectime/outputs/selectime/chronos_bolt/data/test/shared/current_velocity/H/long/run_0 launch_id=selena_3584839 slurm_job_id=3584839 launched_at=2026-09-27T14:34:48.146784+00:00
[2026-09-27 14:34:48 UTC] prepare_test current_velocity/H/long
TIME run allocation action=new run=/fslarge/scratch/users/h61084/codes/selectime/outputs/selectime/chronos_bolt/data/validation/shared/CPHL/15T/short/run_0 launch_id=selena_3584839 slurm_job_id=3584839 launched_at=2026-09-27T14:34:48.209312+00:00
[2026-09-27 14:34:48 UTC] prepare_validation CPHL/15T/short
TIME run allocation action=new run=/fslarge/scratch/users/h61084/codes/selectime/outputs/selectime/chronos_bolt/data/test/shared/CPHL/15T/short/run_0 launch_id=selena_3584839 slurm_job_id=3584839 launched_at=2026-09-27T14:34:48.222904+00:00
[2026-09-27 14:34:48 UTC] prepare_test CPHL/15T/short
TIME run allocation action=new run=/fslarge/scratch/users/h61084/codes/selectime/outputs/selectime/chronos_bolt/data/validation/shared/CPHL/15T/medium/run_0 launch_id=selena_3584839 slurm_job_id=3584839 launched_at=2026-09-27T14:34:48.239977+00:00
[2026-09-27 14:34:48 UTC] prepare_validation CPHL/15T/medium
TIME run allocation action=new run=/fslarge/scratch/users/h61084/codes/selectime/outputs/selectime/chronos_bolt/data/test/shared/CPHL/15T/medium/run_0 launch_id=selena_3584839 slurm_job_id=3584839 launched_at=2026-09-27T14:34:48.252290+00:00
[2026-09-27 14:34:48 UTC] prepare_test CPHL/15T/medium
TIME run allocation action=new run=/fslarge/scratch/users/h61084/codes/selectime/outputs/selectime/chronos_bolt/data/validation/shared/CPHL/15T/long/run_0 launch_id=selena_3584839 slurm_job_id=3584839 launched_at=2026-09-27T14:34:48.268210+00:00
[2026-09-27 14:34:48 UTC] prepare_validation CPHL/15T/long
TIME run allocation action=new run=/fslarge/scratch/users/h61084/codes/selectime/outputs/selectime/chronos_bolt/data/test/shared/CPHL/15T/long/run_0 launch_id=selena_3584839 slurm_job_id=3584839 launched_at=2026-09-27T14:34:48.280400+00:00
[2026-09-27 14:34:48 UTC] prepare_test CPHL/15T/long
TIME run allocation action=new run=/fslarge/scratch/users/h61084/codes/selectime/outputs/selectime/chronos_bolt/data/validation/shared/CPHL/30T/short/run_0 launch_id=selena_3584839 slurm_job_id=3584839 launched_at=2026-09-27T14:34:48.301410+00:00
[2026-09-27 14:34:48 UTC] prepare_validation CPHL/30T/short
TIME run allocation action=new run=/fslarge/scratch/users/h61084/codes/selectime/outputs/selectime/chronos_bolt/data/test/shared/CPHL/30T/short/run_0 launch_id=selena_3584839 slurm_job_id=3584839 launched_at=2026-09-27T14:34:48.315172+00:00
[2026-09-27 14:34:48 UTC] prepare_test CPHL/30T/short
TIME run allocation action=new run=/fslarge/scratch/users/h61084/codes/selectime/outputs/selectime/chronos_bolt/data/validation/shared/CPHL/30T/medium/run_0 launch_id=selena_3584839 slurm_job_id=3584839 launched_at=2026-09-27T14:34:48.333257+00:00
[2026-09-27 14:34:48 UTC] prepare_validation CPHL/30T/medium
TIME run allocation action=new run=/fslarge/scratch/users/h61084/codes/selectime/outputs/selectime/chronos_bolt/data/test/shared/CPHL/30T/medium/run_0 launch_id=selena_3584839 slurm_job_id=3584839 launched_at=2026-09-27T14:34:48.345693+00:00
[2026-09-27 14:34:48 UTC] prepare_test CPHL/30T/medium
TIME run allocation action=new run=/fslarge/scratch/users/h61084/codes/selectime/outputs/selectime/chronos_bolt/data/validation/shared/CPHL/30T/long/run_0 launch_id=selena_3584839 slurm_job_id=3584839 launched_at=2026-09-27T14:34:48.362614+00:00
[2026-09-27 14:34:48 UTC] prepare_validation CPHL/30T/long
TIME run allocation action=new run=/fslarge/scratch/users/h61084/codes/selectime/outputs/selectime/chronos_bolt/data/test/shared/CPHL/30T/long/run_0 launch_id=selena_3584839 slurm_job_id=3584839 launched_at=2026-09-27T14:34:48.375097+00:00
[2026-09-27 14:34:48 UTC] prepare_test CPHL/30T/long
TIME run allocation action=new run=/fslarge/scratch/users/h61084/codes/selectime/outputs/selectime/chronos_bolt/data/validation/shared/CPHL/H/short/run_0 launch_id=selena_3584839 slurm_job_id=3584839 launched_at=2026-09-27T14:34:48.395761+00:00
[2026-09-27 14:34:48 UTC] prepare_validation CPHL/H/short
TIME run allocation action=new run=/fslarge/scratch/users/h61084/codes/selectime/outputs/selectime/chronos_bolt/data/test/shared/CPHL/H/short/run_0 launch_id=selena_3584839 slurm_job_id=3584839 launched_at=2026-09-27T14:34:48.408687+00:00
[2026-09-27 14:34:48 UTC] prepare_test CPHL/H/short
TIME run allocation action=new run=/fslarge/scratch/users/h61084/codes/selectime/outputs/selectime/chronos_bolt/data/validation/shared/CPHL/H/medium/run_0 launch_id=selena_3584839 slurm_job_id=3584839 launched_at=2026-09-27T14:34:48.425620+00:00
[2026-09-27 14:34:48 UTC] prepare_validation CPHL/H/medium
TIME run allocation action=new run=/fslarge/scratch/users/h61084/codes/selectime/outputs/selectime/chronos_bolt/data/test/shared/CPHL/H/medium/run_0 launch_id=selena_3584839 slurm_job_id=3584839 launched_at=2026-09-27T14:34:48.437944+00:00
[2026-09-27 14:34:48 UTC] prepare_test CPHL/H/medium
TIME run allocation action=new run=/fslarge/scratch/users/h61084/codes/selectime/outputs/selectime/chronos_bolt/data/validation/shared/CPHL/H/long/run_0 launch_id=selena_3584839 slurm_job_id=3584839 launched_at=2026-09-27T14:34:48.455014+00:00
[2026-09-27 14:34:48 UTC] prepare_validation CPHL/H/long
TIME run allocation action=new run=/fslarge/scratch/users/h61084/codes/selectime/outputs/selectime/chronos_bolt/data/test/shared/CPHL/H/long/run_0 launch_id=selena_3584839 slurm_job_id=3584839 launched_at=2026-09-27T14:34:48.467388+00:00
[2026-09-27 14:34:48 UTC] prepare_test CPHL/H/long
TIME run allocation action=new run=/fslarge/scratch/users/h61084/codes/selectime/outputs/selectime/chronos_bolt/data/validation/shared/Coastal_T_S/15T/short/run_0 launch_id=selena_3584839 slurm_job_id=3584839 launched_at=2026-09-27T14:34:48.516185+00:00
[2026-09-27 14:34:48 UTC] prepare_validation Coastal_T_S/15T/short
TIME run allocation action=new run=/fslarge/scratch/users/h61084/codes/selectime/outputs/selectime/chronos_bolt/data/test/shared/Coastal_T_S/15T/short/run_0 launch_id=selena_3584839 slurm_job_id=3584839 launched_at=2026-09-27T14:34:48.544485+00:00
[2026-09-27 14:34:48 UTC] prepare_test Coastal_T_S/15T/short
TIME run allocation action=new run=/fslarge/scratch/users/h61084/codes/selectime/outputs/selectime/chronos_bolt/data/validation/shared/Coastal_T_S/15T/medium/run_0 launch_id=selena_3584839 slurm_job_id=3584839 launched_at=2026-09-27T14:34:48.594163+00:00
[2026-09-27 14:34:48 UTC] prepare_validation Coastal_T_S/15T/medium
TIME run allocation action=new run=/fslarge/scratch/users/h61084/codes/selectime/outputs/selectime/chronos_bolt/data/test/shared/Coastal_T_S/15T/medium/run_0 launch_id=selena_3584839 slurm_job_id=3584839 launched_at=2026-09-27T14:34:48.608985+00:00
[2026-09-27 14:34:48 UTC] prepare_test Coastal_T_S/15T/medium
TIME run allocation action=new run=/fslarge/scratch/users/h61084/codes/selectime/outputs/selectime/chronos_bolt/data/validation/shared/Coastal_T_S/15T/long/run_0 launch_id=selena_3584839 slurm_job_id=3584839 launched_at=2026-09-27T14:34:48.646755+00:00
[2026-09-27 14:34:48 UTC] prepare_validation Coastal_T_S/15T/long
TIME run allocation action=new run=/fslarge/scratch/users/h61084/codes/selectime/outputs/selectime/chronos_bolt/data/test/shared/Coastal_T_S/15T/long/run_0 launch_id=selena_3584839 slurm_job_id=3584839 launched_at=2026-09-27T14:34:48.660700+00:00
[2026-09-27 14:34:48 UTC] prepare_test Coastal_T_S/15T/long
TIME run allocation action=new run=/fslarge/scratch/users/h61084/codes/selectime/outputs/selectime/chronos_bolt/data/validation/shared/Coastal_T_S/20T/short/run_0 launch_id=selena_3584839 slurm_job_id=3584839 launched_at=2026-09-27T14:34:48.683018+00:00
[2026-09-27 14:34:48 UTC] prepare_validation Coastal_T_S/20T/short
TIME run allocation action=new run=/fslarge/scratch/users/h61084/codes/selectime/outputs/selectime/chronos_bolt/data/test/shared/Coastal_T_S/20T/short/run_0 launch_id=selena_3584839 slurm_job_id=3584839 launched_at=2026-09-27T14:34:48.695917+00:00
[2026-09-27 14:34:48 UTC] prepare_test Coastal_T_S/20T/short
TIME run allocation action=new run=/fslarge/scratch/users/h61084/codes/selectime/outputs/selectime/chronos_bolt/data/validation/shared/Coastal_T_S/20T/medium/run_0 launch_id=selena_3584839 slurm_job_id=3584839 launched_at=2026-09-27T14:34:48.713016+00:00
[2026-09-27 14:34:48 UTC] prepare_validation Coastal_T_S/20T/medium
TIME run allocation action=new run=/fslarge/scratch/users/h61084/codes/selectime/outputs/selectime/chronos_bolt/data/test/shared/Coastal_T_S/20T/medium/run_0 launch_id=selena_3584839 slurm_job_id=3584839 launched_at=2026-09-27T14:34:48.725527+00:00
[2026-09-27 14:34:48 UTC] prepare_test Coastal_T_S/20T/medium
TIME run allocation action=new run=/fslarge/scratch/users/h61084/codes/selectime/outputs/selectime/chronos_bolt/data/validation/shared/Coastal_T_S/20T/long/run_0 launch_id=selena_3584839 slurm_job_id=3584839 launched_at=2026-09-27T14:34:48.742454+00:00
[2026-09-27 14:34:48 UTC] prepare_validation Coastal_T_S/20T/long
TIME run allocation action=new run=/fslarge/scratch/users/h61084/codes/selectime/outputs/selectime/chronos_bolt/data/test/shared/Coastal_T_S/20T/long/run_0 launch_id=selena_3584839 slurm_job_id=3584839 launched_at=2026-09-27T14:34:48.754491+00:00
[2026-09-27 14:34:48 UTC] prepare_test Coastal_T_S/20T/long
TIME run allocation action=new run=/fslarge/scratch/users/h61084/codes/selectime/outputs/selectime/chronos_bolt/data/validation/shared/Coastal_T_S/H/short/run_0 launch_id=selena_3584839 slurm_job_id=3584839 launched_at=2026-09-27T14:34:48.808883+00:00
[2026-09-27 14:34:48 UTC] prepare_validation Coastal_T_S/H/short
TIME run allocation action=new run=/fslarge/scratch/users/h61084/codes/selectime/outputs/selectime/chronos_bolt/data/test/shared/Coastal_T_S/H/short/run_0 launch_id=selena_3584839 slurm_job_id=3584839 launched_at=2026-09-27T14:34:48.846376+00:00
[2026-09-27 14:34:48 UTC] prepare_test Coastal_T_S/H/short
TIME run allocation action=new run=/fslarge/scratch/users/h61084/codes/selectime/outputs/selectime/chronos_bolt/data/validation/shared/Coastal_T_S/H/medium/run_0 launch_id=selena_3584839 slurm_job_id=3584839 launched_at=2026-09-27T14:34:48.916969+00:00
[2026-09-27 14:34:48 UTC] prepare_validation Coastal_T_S/H/medium
TIME run allocation action=new run=/fslarge/scratch/users/h61084/codes/selectime/outputs/selectime/chronos_bolt/data/test/shared/Coastal_T_S/H/medium/run_0 launch_id=selena_3584839 slurm_job_id=3584839 launched_at=2026-09-27T14:34:48.952651+00:00
[2026-09-27 14:34:48 UTC] prepare_test Coastal_T_S/H/medium
TIME run allocation action=new run=/fslarge/scratch/users/h61084/codes/selectime/outputs/selectime/chronos_bolt/data/validation/shared/Coastal_T_S/H/long/run_0 launch_id=selena_3584839 slurm_job_id=3584839 launched_at=2026-09-27T14:34:49.027535+00:00
[2026-09-27 14:34:49 UTC] prepare_validation Coastal_T_S/H/long
TIME run allocation action=new run=/fslarge/scratch/users/h61084/codes/selectime/outputs/selectime/chronos_bolt/data/test/shared/Coastal_T_S/H/long/run_0 launch_id=selena_3584839 slurm_job_id=3584839 launched_at=2026-09-27T14:34:49.060384+00:00
[2026-09-27 14:34:49 UTC] prepare_test Coastal_T_S/H/long
TIME run allocation action=new run=/fslarge/scratch/users/h61084/codes/selectime/outputs/selectime/chronos_bolt/data/validation/shared/SG_Weather/D/short/run_0 launch_id=selena_3584839 slurm_job_id=3584839 launched_at=2026-09-27T14:34:49.111872+00:00
[2026-09-27 14:34:49 UTC] prepare_validation SG_Weather/D/short
TIME run allocation action=new run=/fslarge/scratch/users/h61084/codes/selectime/outputs/selectime/chronos_bolt/data/test/shared/SG_Weather/D/short/run_0 launch_id=selena_3584839 slurm_job_id=3584839 launched_at=2026-09-27T14:34:49.142114+00:00
[2026-09-27 14:34:49 UTC] prepare_test SG_Weather/D/short
TIME run allocation action=new run=/fslarge/scratch/users/h61084/codes/selectime/outputs/selectime/chronos_bolt/data/validation/shared/SG_Weather/D/medium/run_0 launch_id=selena_3584839 slurm_job_id=3584839 launched_at=2026-09-27T14:34:49.182780+00:00
[2026-09-27 14:34:49 UTC] prepare_validation SG_Weather/D/medium
TIME run allocation action=new run=/fslarge/scratch/users/h61084/codes/selectime/outputs/selectime/chronos_bolt/data/test/shared/SG_Weather/D/medium/run_0 launch_id=selena_3584839 slurm_job_id=3584839 launched_at=2026-09-27T14:34:49.212291+00:00
[2026-09-27 14:34:49 UTC] prepare_test SG_Weather/D/medium
TIME run allocation action=new run=/fslarge/scratch/users/h61084/codes/selectime/outputs/selectime/chronos_bolt/data/validation/shared/SG_Weather/D/long/run_0 launch_id=selena_3584839 slurm_job_id=3584839 launched_at=2026-09-27T14:34:49.253037+00:00
[2026-09-27 14:34:49 UTC] prepare_validation SG_Weather/D/long
TIME run allocation action=new run=/fslarge/scratch/users/h61084/codes/selectime/outputs/selectime/chronos_bolt/data/test/shared/SG_Weather/D/long/run_0 launch_id=selena_3584839 slurm_job_id=3584839 launched_at=2026-09-27T14:34:49.282077+00:00
[2026-09-27 14:34:49 UTC] prepare_test SG_Weather/D/long
TIME run allocation action=new run=/fslarge/scratch/users/h61084/codes/selectime/outputs/selectime/chronos_bolt/data/validation/shared/SG_PM25/H/short/run_0 launch_id=selena_3584839 slurm_job_id=3584839 launched_at=2026-09-27T14:34:49.338647+00:00
[2026-09-27 14:34:49 UTC] prepare_validation SG_PM25/H/short
TIME run allocation action=new run=/fslarge/scratch/users/h61084/codes/selectime/outputs/selectime/chronos_bolt/data/test/shared/SG_PM25/H/short/run_0 launch_id=selena_3584839 slurm_job_id=3584839 launched_at=2026-09-27T14:34:49.353910+00:00
[2026-09-27 14:34:49 UTC] prepare_test SG_PM25/H/short
TIME run allocation action=new run=/fslarge/scratch/users/h61084/codes/selectime/outputs/selectime/chronos_bolt/data/validation/shared/SG_PM25/H/medium/run_0 launch_id=selena_3584839 slurm_job_id=3584839 launched_at=2026-09-27T14:34:49.382620+00:00
[2026-09-27 14:34:49 UTC] prepare_validation SG_PM25/H/medium
TIME run allocation action=new run=/fslarge/scratch/users/h61084/codes/selectime/outputs/selectime/chronos_bolt/data/test/shared/SG_PM25/H/medium/run_0 launch_id=selena_3584839 slurm_job_id=3584839 launched_at=2026-09-27T14:34:49.397352+00:00
[2026-09-27 14:34:49 UTC] prepare_test SG_PM25/H/medium
TIME run allocation action=new run=/fslarge/scratch/users/h61084/codes/selectime/outputs/selectime/chronos_bolt/data/validation/shared/SG_PM25/H/long/run_0 launch_id=selena_3584839 slurm_job_id=3584839 launched_at=2026-09-27T14:34:49.425727+00:00
[2026-09-27 14:34:49 UTC] prepare_validation SG_PM25/H/long
TIME run allocation action=new run=/fslarge/scratch/users/h61084/codes/selectime/outputs/selectime/chronos_bolt/data/test/shared/SG_PM25/H/long/run_0 launch_id=selena_3584839 slurm_job_id=3584839 launched_at=2026-09-27T14:34:49.440287+00:00
[2026-09-27 14:34:49 UTC] prepare_test SG_PM25/H/long
TIME run allocation action=new run=/fslarge/scratch/users/h61084/codes/selectime/outputs/selectime/chronos_bolt/data/validation/shared/NE_China_Wind/H/short/run_0 launch_id=selena_3584839 slurm_job_id=3584839 launched_at=2026-09-27T14:34:49.464593+00:00
[2026-09-27 14:34:49 UTC] prepare_validation NE_China_Wind/H/short
TIME run allocation action=new run=/fslarge/scratch/users/h61084/codes/selectime/outputs/selectime/chronos_bolt/data/test/shared/NE_China_Wind/H/short/run_0 launch_id=selena_3584839 slurm_job_id=3584839 launched_at=2026-09-27T14:34:49.477450+00:00
[2026-09-27 14:34:49 UTC] prepare_test NE_China_Wind/H/short
TIME run allocation action=new run=/fslarge/scratch/users/h61084/codes/selectime/outputs/selectime/chronos_bolt/data/validation/shared/NE_China_Wind/H/medium/run_0 launch_id=selena_3584839 slurm_job_id=3584839 launched_at=2026-09-27T14:34:49.494538+00:00
[2026-09-27 14:34:49 UTC] prepare_validation NE_China_Wind/H/medium
TIME run allocation action=new run=/fslarge/scratch/users/h61084/codes/selectime/outputs/selectime/chronos_bolt/data/test/shared/NE_China_Wind/H/medium/run_0 launch_id=selena_3584839 slurm_job_id=3584839 launched_at=2026-09-27T14:34:49.507065+00:00
[2026-09-27 14:34:49 UTC] prepare_test NE_China_Wind/H/medium
TIME run allocation action=new run=/fslarge/scratch/users/h61084/codes/selectime/outputs/selectime/chronos_bolt/data/validation/shared/NE_China_Wind/H/long/run_0 launch_id=selena_3584839 slurm_job_id=3584839 launched_at=2026-09-27T14:34:49.524177+00:00
[2026-09-27 14:34:49 UTC] prepare_validation NE_China_Wind/H/long
TIME run allocation action=new run=/fslarge/scratch/users/h61084/codes/selectime/outputs/selectime/chronos_bolt/data/test/shared/NE_China_Wind/H/long/run_0 launch_id=selena_3584839 slurm_job_id=3584839 launched_at=2026-09-27T14:34:49.536518+00:00
[2026-09-27 14:34:49 UTC] prepare_test NE_China_Wind/H/long
TIME run allocation action=new run=/fslarge/scratch/users/h61084/codes/selectime/outputs/selectime/chronos_bolt/data/validation/shared/Australia_Solar/H/short/run_0 launch_id=selena_3584839 slurm_job_id=3584839 launched_at=2026-09-27T14:34:49.565560+00:00
[2026-09-27 14:34:49 UTC] prepare_validation Australia_Solar/H/short
TIME run allocation action=new run=/fslarge/scratch/users/h61084/codes/selectime/outputs/selectime/chronos_bolt/data/test/shared/Australia_Solar/H/short/run_0 launch_id=selena_3584839 slurm_job_id=3584839 launched_at=2026-09-27T14:34:49.579513+00:00
[2026-09-27 14:34:49 UTC] prepare_test Australia_Solar/H/short
TIME run allocation action=new run=/fslarge/scratch/users/h61084/codes/selectime/outputs/selectime/chronos_bolt/data/validation/shared/Australia_Solar/H/medium/run_0 launch_id=selena_3584839 slurm_job_id=3584839 launched_at=2026-09-27T14:34:49.602025+00:00
[2026-09-27 14:34:49 UTC] prepare_validation Australia_Solar/H/medium
TIME run allocation action=new run=/fslarge/scratch/users/h61084/codes/selectime/outputs/selectime/chronos_bolt/data/test/shared/Australia_Solar/H/medium/run_0 launch_id=selena_3584839 slurm_job_id=3584839 launched_at=2026-09-27T14:34:49.615391+00:00
[2026-09-27 14:34:49 UTC] prepare_test Australia_Solar/H/medium
TIME run allocation action=new run=/fslarge/scratch/users/h61084/codes/selectime/outputs/selectime/chronos_bolt/data/validation/shared/Australia_Solar/H/long/run_0 launch_id=selena_3584839 slurm_job_id=3584839 launched_at=2026-09-27T14:34:49.637739+00:00
[2026-09-27 14:34:49 UTC] prepare_validation Australia_Solar/H/long
TIME run allocation action=new run=/fslarge/scratch/users/h61084/codes/selectime/outputs/selectime/chronos_bolt/data/test/shared/Australia_Solar/H/long/run_0 launch_id=selena_3584839 slurm_job_id=3584839 launched_at=2026-09-27T14:34:49.651047+00:00
[2026-09-27 14:34:49 UTC] prepare_test Australia_Solar/H/long
TIME run allocation action=new run=/fslarge/scratch/users/h61084/codes/selectime/outputs/selectime/chronos_bolt/data/validation/shared/epf_electricity_price/H/short/run_0 launch_id=selena_3584839 slurm_job_id=3584839 launched_at=2026-09-27T14:34:49.694810+00:00
[2026-09-27 14:34:49 UTC] prepare_validation epf_electricity_price/H/short
TIME run allocation action=new run=/fslarge/scratch/users/h61084/codes/selectime/outputs/selectime/chronos_bolt/data/test/shared/epf_electricity_price/H/short/run_0 launch_id=selena_3584839 slurm_job_id=3584839 launched_at=2026-09-27T14:34:49.711114+00:00
[2026-09-27 14:34:49 UTC] prepare_test epf_electricity_price/H/short
TIME run allocation action=new run=/fslarge/scratch/users/h61084/codes/selectime/outputs/selectime/chronos_bolt/data/validation/shared/epf_electricity_price/H/medium/run_0 launch_id=selena_3584839 slurm_job_id=3584839 launched_at=2026-09-27T14:34:49.745576+00:00
[2026-09-27 14:34:49 UTC] prepare_validation epf_electricity_price/H/medium
TIME run allocation action=new run=/fslarge/scratch/users/h61084/codes/selectime/outputs/selectime/chronos_bolt/data/test/shared/epf_electricity_price/H/medium/run_0 launch_id=selena_3584839 slurm_job_id=3584839 launched_at=2026-09-27T14:34:49.761133+00:00
[2026-09-27 14:34:49 UTC] prepare_test epf_electricity_price/H/medium
TIME run allocation action=new run=/fslarge/scratch/users/h61084/codes/selectime/outputs/selectime/chronos_bolt/data/validation/shared/epf_electricity_price/H/long/run_0 launch_id=selena_3584839 slurm_job_id=3584839 launched_at=2026-09-27T14:34:49.795392+00:00
[2026-09-27 14:34:49 UTC] prepare_validation epf_electricity_price/H/long
TIME run allocation action=new run=/fslarge/scratch/users/h61084/codes/selectime/outputs/selectime/chronos_bolt/data/test/shared/epf_electricity_price/H/long/run_0 launch_id=selena_3584839 slurm_job_id=3584839 launched_at=2026-09-27T14:34:49.809451+00:00
[2026-09-27 14:34:49 UTC] prepare_test epf_electricity_price/H/long
TIME run allocation action=new run=/fslarge/scratch/users/h61084/codes/selectime/outputs/selectime/chronos_bolt/data/validation/shared/OpenElectricity_NEM/5T/short/run_0 launch_id=selena_3584839 slurm_job_id=3584839 launched_at=2026-09-27T14:34:49.869590+00:00
[2026-09-27 14:34:49 UTC] prepare_validation OpenElectricity_NEM/5T/short
TIME run allocation action=new run=/fslarge/scratch/users/h61084/codes/selectime/outputs/selectime/chronos_bolt/data/test/shared/OpenElectricity_NEM/5T/short/run_0 launch_id=selena_3584839 slurm_job_id=3584839 launched_at=2026-09-27T14:34:49.888167+00:00
[2026-09-27 14:34:49 UTC] prepare_test OpenElectricity_NEM/5T/short
TIME run allocation action=new run=/fslarge/scratch/users/h61084/codes/selectime/outputs/selectime/chronos_bolt/data/validation/shared/OpenElectricity_NEM/5T/medium/run_0 launch_id=selena_3584839 slurm_job_id=3584839 launched_at=2026-09-27T14:34:49.937751+00:00
[2026-09-27 14:34:49 UTC] prepare_validation OpenElectricity_NEM/5T/medium
TIME run allocation action=new run=/fslarge/scratch/users/h61084/codes/selectime/outputs/selectime/chronos_bolt/data/test/shared/OpenElectricity_NEM/5T/medium/run_0 launch_id=selena_3584839 slurm_job_id=3584839 launched_at=2026-09-27T14:34:49.951874+00:00
[2026-09-27 14:34:49 UTC] prepare_test OpenElectricity_NEM/5T/medium
TIME run allocation action=new run=/fslarge/scratch/users/h61084/codes/selectime/outputs/selectime/chronos_bolt/data/validation/shared/OpenElectricity_NEM/5T/long/run_0 launch_id=selena_3584839 slurm_job_id=3584839 launched_at=2026-09-27T14:34:49.996566+00:00
[2026-09-27 14:34:49 UTC] prepare_validation OpenElectricity_NEM/5T/long
TIME run allocation action=new run=/fslarge/scratch/users/h61084/codes/selectime/outputs/selectime/chronos_bolt/data/test/shared/OpenElectricity_NEM/5T/long/run_0 launch_id=selena_3584839 slurm_job_id=3584839 launched_at=2026-09-27T14:34:50.009437+00:00
[2026-09-27 14:34:50 UTC] prepare_test OpenElectricity_NEM/5T/long
TIME run allocation action=new run=/fslarge/scratch/users/h61084/codes/selectime/outputs/selectime/chronos_bolt/data/validation/shared/EWELD_Load/15T/short/run_0 launch_id=selena_3584839 slurm_job_id=3584839 launched_at=2026-09-27T14:34:50.048284+00:00
[2026-09-27 14:34:50 UTC] prepare_validation EWELD_Load/15T/short
TIME run allocation action=new run=/fslarge/scratch/users/h61084/codes/selectime/outputs/selectime/chronos_bolt/data/test/shared/EWELD_Load/15T/short/run_0 launch_id=selena_3584839 slurm_job_id=3584839 launched_at=2026-09-27T14:34:50.063598+00:00
[2026-09-27 14:34:50 UTC] prepare_test EWELD_Load/15T/short
TIME run allocation action=new run=/fslarge/scratch/users/h61084/codes/selectime/outputs/selectime/chronos_bolt/data/validation/shared/EWELD_Load/15T/medium/run_0 launch_id=selena_3584839 slurm_job_id=3584839 launched_at=2026-09-27T14:34:50.093516+00:00
[2026-09-27 14:34:50 UTC] prepare_validation EWELD_Load/15T/medium
TIME run allocation action=new run=/fslarge/scratch/users/h61084/codes/selectime/outputs/selectime/chronos_bolt/data/test/shared/EWELD_Load/15T/medium/run_0 launch_id=selena_3584839 slurm_job_id=3584839 launched_at=2026-09-27T14:34:50.106648+00:00
[2026-09-27 14:34:50 UTC] prepare_test EWELD_Load/15T/medium
TIME run allocation action=new run=/fslarge/scratch/users/h61084/codes/selectime/outputs/selectime/chronos_bolt/data/validation/shared/EWELD_Load/15T/long/run_0 launch_id=selena_3584839 slurm_job_id=3584839 launched_at=2026-09-27T14:34:50.134318+00:00
[2026-09-27 14:34:50 UTC] prepare_validation EWELD_Load/15T/long
TIME run allocation action=new run=/fslarge/scratch/users/h61084/codes/selectime/outputs/selectime/chronos_bolt/data/test/shared/EWELD_Load/15T/long/run_0 launch_id=selena_3584839 slurm_job_id=3584839 launched_at=2026-09-27T14:34:50.146743+00:00
[2026-09-27 14:34:50 UTC] prepare_test EWELD_Load/15T/long
TIME run allocation action=new run=/fslarge/scratch/users/h61084/codes/selectime/outputs/selectime/chronos_bolt/data/validation/shared/SG_Carpark/15T/short/run_0 launch_id=selena_3584839 slurm_job_id=3584839 launched_at=2026-09-27T14:34:50.584937+00:00
[2026-09-27 14:34:50 UTC] prepare_validation SG_Carpark/15T/short
TIME run allocation action=new run=/fslarge/scratch/users/h61084/codes/selectime/outputs/selectime/chronos_bolt/data/test/shared/SG_Carpark/15T/short/run_0 launch_id=selena_3584839 slurm_job_id=3584839 launched_at=2026-09-27T14:34:50.719487+00:00
[2026-09-27 14:34:50 UTC] prepare_test SG_Carpark/15T/short
TIME run allocation action=new run=/fslarge/scratch/users/h61084/codes/selectime/outputs/selectime/chronos_bolt/data/validation/shared/SG_Carpark/15T/medium/run_0 launch_id=selena_3584839 slurm_job_id=3584839 launched_at=2026-09-27T14:34:51.197008+00:00
[2026-09-27 14:34:51 UTC] prepare_validation SG_Carpark/15T/medium
TIME run allocation action=new run=/fslarge/scratch/users/h61084/codes/selectime/outputs/selectime/chronos_bolt/data/test/shared/SG_Carpark/15T/medium/run_0 launch_id=selena_3584839 slurm_job_id=3584839 launched_at=2026-09-27T14:34:51.232992+00:00
[2026-09-27 14:34:51 UTC] prepare_test SG_Carpark/15T/medium
TIME run allocation action=new run=/fslarge/scratch/users/h61084/codes/selectime/outputs/selectime/chronos_bolt/data/validation/shared/SG_Carpark/15T/long/run_0 launch_id=selena_3584839 slurm_job_id=3584839 launched_at=2026-09-27T14:34:51.606045+00:00
[2026-09-27 14:34:51 UTC] prepare_validation SG_Carpark/15T/long
TIME run allocation action=new run=/fslarge/scratch/users/h61084/codes/selectime/outputs/selectime/chronos_bolt/data/test/shared/SG_Carpark/15T/long/run_0 launch_id=selena_3584839 slurm_job_id=3584839 launched_at=2026-09-27T14:34:51.626061+00:00
[2026-09-27 14:34:51 UTC] prepare_test SG_Carpark/15T/long
TIME run allocation action=new run=/fslarge/scratch/users/h61084/codes/selectime/outputs/selectime/chronos_bolt/data/validation/shared/Finland_Traffic/15T/short/run_0 launch_id=selena_3584839 slurm_job_id=3584839 launched_at=2026-09-27T14:34:51.654879+00:00
[2026-09-27 14:34:51 UTC] prepare_validation Finland_Traffic/15T/short
TIME run allocation action=new run=/fslarge/scratch/users/h61084/codes/selectime/outputs/selectime/chronos_bolt/data/test/shared/Finland_Traffic/15T/short/run_0 launch_id=selena_3584839 slurm_job_id=3584839 launched_at=2026-09-27T14:34:51.668364+00:00
[2026-09-27 14:34:51 UTC] prepare_test Finland_Traffic/15T/short
TIME run allocation action=new run=/fslarge/scratch/users/h61084/codes/selectime/outputs/selectime/chronos_bolt/data/validation/shared/Finland_Traffic/15T/medium/run_0 launch_id=selena_3584839 slurm_job_id=3584839 launched_at=2026-09-27T14:34:51.685878+00:00
[2026-09-27 14:34:51 UTC] prepare_validation Finland_Traffic/15T/medium
TIME run allocation action=new run=/fslarge/scratch/users/h61084/codes/selectime/outputs/selectime/chronos_bolt/data/test/shared/Finland_Traffic/15T/medium/run_0 launch_id=selena_3584839 slurm_job_id=3584839 launched_at=2026-09-27T14:34:51.698119+00:00
[2026-09-27 14:34:51 UTC] prepare_test Finland_Traffic/15T/medium
TIME run allocation action=new run=/fslarge/scratch/users/h61084/codes/selectime/outputs/selectime/chronos_bolt/data/validation/shared/Finland_Traffic/15T/long/run_0 launch_id=selena_3584839 slurm_job_id=3584839 launched_at=2026-09-27T14:34:51.715026+00:00
[2026-09-27 14:34:51 UTC] prepare_validation Finland_Traffic/15T/long
TIME run allocation action=new run=/fslarge/scratch/users/h61084/codes/selectime/outputs/selectime/chronos_bolt/data/test/shared/Finland_Traffic/15T/long/run_0 launch_id=selena_3584839 slurm_job_id=3584839 launched_at=2026-09-27T14:34:51.727116+00:00
[2026-09-27 14:34:51 UTC] prepare_test Finland_Traffic/15T/long
TIME run allocation action=new run=/fslarge/scratch/users/h61084/codes/selectime/outputs/selectime/chronos_bolt/data/validation/shared/Port_Activity/D/short/run_0 launch_id=selena_3584839 slurm_job_id=3584839 launched_at=2026-09-27T14:34:51.789621+00:00
[2026-09-27 14:34:51 UTC] prepare_validation Port_Activity/D/short
TIME run allocation action=new run=/fslarge/scratch/users/h61084/codes/selectime/outputs/selectime/chronos_bolt/data/test/shared/Port_Activity/D/short/run_0 launch_id=selena_3584839 slurm_job_id=3584839 launched_at=2026-09-27T14:34:51.897368+00:00
[2026-09-27 14:34:51 UTC] prepare_test Port_Activity/D/short
TIME run allocation action=new run=/fslarge/scratch/users/h61084/codes/selectime/outputs/selectime/chronos_bolt/data/validation/shared/Port_Activity/W/short/run_0 launch_id=selena_3584839 slurm_job_id=3584839 launched_at=2026-09-27T14:34:52.043911+00:00
[2026-09-27 14:34:52 UTC] prepare_validation Port_Activity/W/short
TIME run allocation action=new run=/fslarge/scratch/users/h61084/codes/selectime/outputs/selectime/chronos_bolt/data/test/shared/Port_Activity/W/short/run_0 launch_id=selena_3584839 slurm_job_id=3584839 launched_at=2026-09-27T14:34:52.070470+00:00
[2026-09-27 14:34:52 UTC] prepare_test Port_Activity/W/short
TIME run allocation action=new run=/fslarge/scratch/users/h61084/codes/selectime/outputs/selectime/chronos_bolt/data/validation/shared/ECDC_COVID/D/short/run_0 launch_id=selena_3584839 slurm_job_id=3584839 launched_at=2026-09-27T14:34:52.106590+00:00
[2026-09-27 14:34:52 UTC] prepare_validation ECDC_COVID/D/short
TIME run allocation action=new run=/fslarge/scratch/users/h61084/codes/selectime/outputs/selectime/chronos_bolt/data/test/shared/ECDC_COVID/D/short/run_0 launch_id=selena_3584839 slurm_job_id=3584839 launched_at=2026-09-27T14:34:52.121498+00:00
[2026-09-27 14:34:52 UTC] prepare_test ECDC_COVID/D/short
TIME run allocation action=new run=/fslarge/scratch/users/h61084/codes/selectime/outputs/selectime/chronos_bolt/data/validation/shared/ECDC_COVID/W/short/run_0 launch_id=selena_3584839 slurm_job_id=3584839 launched_at=2026-09-27T14:34:52.142692+00:00
[2026-09-27 14:34:52 UTC] prepare_validation ECDC_COVID/W/short
TIME run allocation action=new run=/fslarge/scratch/users/h61084/codes/selectime/outputs/selectime/chronos_bolt/data/test/shared/ECDC_COVID/W/short/run_0 launch_id=selena_3584839 slurm_job_id=3584839 launched_at=2026-09-27T14:34:52.155510+00:00
[2026-09-27 14:34:52 UTC] prepare_test ECDC_COVID/W/short
TIME run allocation action=new run=/fslarge/scratch/users/h61084/codes/selectime/outputs/selectime/chronos_bolt/data/validation/shared/Global_Influenza/W/short/run_0 launch_id=selena_3584839 slurm_job_id=3584839 launched_at=2026-09-27T14:34:52.177029+00:00
[2026-09-27 14:34:52 UTC] prepare_validation Global_Influenza/W/short
TIME run allocation action=new run=/fslarge/scratch/users/h61084/codes/selectime/outputs/selectime/chronos_bolt/data/test/shared/Global_Influenza/W/short/run_0 launch_id=selena_3584839 slurm_job_id=3584839 launched_at=2026-09-27T14:34:52.191462+00:00
[2026-09-27 14:34:52 UTC] prepare_test Global_Influenza/W/short
TIME run allocation action=new run=/fslarge/scratch/users/h61084/codes/selectime/outputs/selectime/chronos_bolt/data/validation/shared/Crypto/D/short/run_0 launch_id=selena_3584839 slurm_job_id=3584839 launched_at=2026-09-27T14:34:52.213479+00:00
[2026-09-27 14:34:52 UTC] prepare_validation Crypto/D/short
TIME run allocation action=new run=/fslarge/scratch/users/h61084/codes/selectime/outputs/selectime/chronos_bolt/data/test/shared/Crypto/D/short/run_0 launch_id=selena_3584839 slurm_job_id=3584839 launched_at=2026-09-27T14:34:52.228995+00:00
[2026-09-27 14:34:52 UTC] prepare_test Crypto/D/short
TIME run allocation action=new run=/fslarge/scratch/users/h61084/codes/selectime/outputs/selectime/chronos_bolt/data/validation/shared/US_Term_Structure/B/short/run_0 launch_id=selena_3584839 slurm_job_id=3584839 launched_at=2026-09-27T14:34:52.284206+00:00
[2026-09-27 14:34:52 UTC] prepare_validation US_Term_Structure/B/short
TIME run allocation action=new run=/fslarge/scratch/users/h61084/codes/selectime/outputs/selectime/chronos_bolt/data/test/shared/US_Term_Structure/B/short/run_0 launch_id=selena_3584839 slurm_job_id=3584839 launched_at=2026-09-27T14:34:52.400630+00:00
[2026-09-27 14:34:52 UTC] prepare_test US_Term_Structure/B/short
TIME run allocation action=new run=/fslarge/scratch/users/h61084/codes/selectime/outputs/selectime/chronos_bolt/data/validation/shared/Oil_Price/B/short/run_0 launch_id=selena_3584839 slurm_job_id=3584839 launched_at=2026-09-27T14:34:52.537570+00:00
[2026-09-27 14:34:52 UTC] prepare_validation Oil_Price/B/short
TIME run allocation action=new run=/fslarge/scratch/users/h61084/codes/selectime/outputs/selectime/chronos_bolt/data/test/shared/Oil_Price/B/short/run_0 launch_id=selena_3584839 slurm_job_id=3584839 launched_at=2026-09-27T14:34:52.564810+00:00
[2026-09-27 14:34:52 UTC] prepare_test Oil_Price/B/short
TIME run allocation action=new run=/fslarge/scratch/users/h61084/codes/selectime/outputs/selectime/chronos_bolt/data/validation/shared/Job_Claims/W/short/run_0 launch_id=selena_3584839 slurm_job_id=3584839 launched_at=2026-09-27T14:34:52.599736+00:00
[2026-09-27 14:34:52 UTC] prepare_validation Job_Claims/W/short
TIME run allocation action=new run=/fslarge/scratch/users/h61084/codes/selectime/outputs/selectime/chronos_bolt/data/test/shared/Job_Claims/W/short/run_0 launch_id=selena_3584839 slurm_job_id=3584839 launched_at=2026-09-27T14:34:52.612732+00:00
[2026-09-27 14:34:52 UTC] prepare_test Job_Claims/W/short
TIME run allocation action=new run=/fslarge/scratch/users/h61084/codes/selectime/outputs/selectime/chronos_bolt/data/validation/shared/Uncertainty_1M/M/short/run_0 launch_id=selena_3584839 slurm_job_id=3584839 launched_at=2026-09-27T14:34:52.631211+00:00
[2026-09-27 14:34:52 UTC] prepare_validation Uncertainty_1M/M/short
TIME run allocation action=new run=/fslarge/scratch/users/h61084/codes/selectime/outputs/selectime/chronos_bolt/data/test/shared/Uncertainty_1M/M/short/run_0 launch_id=selena_3584839 slurm_job_id=3584839 launched_at=2026-09-27T14:34:52.644167+00:00
[2026-09-27 14:34:52 UTC] prepare_test Uncertainty_1M/M/short
TIME run allocation action=new run=/fslarge/scratch/users/h61084/codes/selectime/outputs/selectime/chronos_bolt/data/validation/shared/Housing_Inventory/M/short/run_0 launch_id=selena_3584839 slurm_job_id=3584839 launched_at=2026-09-27T14:34:52.662336+00:00
[2026-09-27 14:34:52 UTC] prepare_validation Housing_Inventory/M/short
TIME run allocation action=new run=/fslarge/scratch/users/h61084/codes/selectime/outputs/selectime/chronos_bolt/data/test/shared/Housing_Inventory/M/short/run_0 launch_id=selena_3584839 slurm_job_id=3584839 launched_at=2026-09-27T14:34:52.675135+00:00
[2026-09-27 14:34:52 UTC] prepare_test Housing_Inventory/M/short
TIME run allocation action=new run=/fslarge/scratch/users/h61084/codes/selectime/outputs/selectime/chronos_bolt/data/validation/shared/JOLTS/M/short/run_0 launch_id=selena_3584839 slurm_job_id=3584839 launched_at=2026-09-27T14:34:52.693522+00:00
[2026-09-27 14:34:52 UTC] prepare_validation JOLTS/M/short
TIME run allocation action=new run=/fslarge/scratch/users/h61084/codes/selectime/outputs/selectime/chronos_bolt/data/test/shared/JOLTS/M/short/run_0 launch_id=selena_3584839 slurm_job_id=3584839 launched_at=2026-09-27T14:34:52.706423+00:00
[2026-09-27 14:34:52 UTC] prepare_test JOLTS/M/short
TIME run allocation action=new run=/fslarge/scratch/users/h61084/codes/selectime/outputs/selectime/chronos_bolt/data/validation/shared/US_Labor/M/short/run_0 launch_id=selena_3584839 slurm_job_id=3584839 launched_at=2026-09-27T14:34:52.725524+00:00
[2026-09-27 14:34:52 UTC] prepare_validation US_Labor/M/short
TIME run allocation action=new run=/fslarge/scratch/users/h61084/codes/selectime/outputs/selectime/chronos_bolt/data/test/shared/US_Labor/M/short/run_0 launch_id=selena_3584839 slurm_job_id=3584839 launched_at=2026-09-27T14:34:52.738284+00:00
[2026-09-27 14:34:52 UTC] prepare_test US_Labor/M/short
TIME run allocation action=new run=/fslarge/scratch/users/h61084/codes/selectime/outputs/selectime/chronos_bolt/data/validation/shared/Vehicle_Supply/M/short/run_0 launch_id=selena_3584839 slurm_job_id=3584839 launched_at=2026-09-27T14:34:52.757137+00:00
[2026-09-27 14:34:52 UTC] prepare_validation Vehicle_Supply/M/short
TIME run allocation action=new run=/fslarge/scratch/users/h61084/codes/selectime/outputs/selectime/chronos_bolt/data/test/shared/Vehicle_Supply/M/short/run_0 launch_id=selena_3584839 slurm_job_id=3584839 launched_at=2026-09-27T14:34:52.769821+00:00
[2026-09-27 14:34:52 UTC] prepare_test Vehicle_Supply/M/short
TIME run allocation action=new run=/fslarge/scratch/users/h61084/codes/selectime/outputs/selectime/chronos_bolt/data/validation/shared/Auto_Production_SF/M/short/run_0 launch_id=selena_3584839 slurm_job_id=3584839 launched_at=2026-09-27T14:34:52.787303+00:00
[2026-09-27 14:34:52 UTC] prepare_validation Auto_Production_SF/M/short
TIME run allocation action=new run=/fslarge/scratch/users/h61084/codes/selectime/outputs/selectime/chronos_bolt/data/test/shared/Auto_Production_SF/M/short/run_0 launch_id=selena_3584839 slurm_job_id=3584839 launched_at=2026-09-27T14:34:52.799910+00:00
[2026-09-27 14:34:52 UTC] prepare_test Auto_Production_SF/M/short
TIME run allocation action=new run=/fslarge/scratch/users/h61084/codes/selectime/outputs/selectime/chronos_bolt/data/validation/shared/Commodity_Production/M/short/run_0 launch_id=selena_3584839 slurm_job_id=3584839 launched_at=2026-09-27T14:34:52.820083+00:00
[2026-09-27 14:34:52 UTC] prepare_validation Commodity_Production/M/short
TIME run allocation action=new run=/fslarge/scratch/users/h61084/codes/selectime/outputs/selectime/chronos_bolt/data/test/shared/Commodity_Production/M/short/run_0 launch_id=selena_3584839 slurm_job_id=3584839 launched_at=2026-09-27T14:34:52.835036+00:00
[2026-09-27 14:34:52 UTC] prepare_test Commodity_Production/M/short
TIME run allocation action=new run=/fslarge/scratch/users/h61084/codes/selectime/outputs/selectime/chronos_bolt/data/validation/shared/Commodity_Import/M/short/run_0 launch_id=selena_3584839 slurm_job_id=3584839 launched_at=2026-09-27T14:34:52.856436+00:00
[2026-09-27 14:34:52 UTC] prepare_validation Commodity_Import/M/short
TIME run allocation action=new run=/fslarge/scratch/users/h61084/codes/selectime/outputs/selectime/chronos_bolt/data/test/shared/Commodity_Import/M/short/run_0 launch_id=selena_3584839 slurm_job_id=3584839 launched_at=2026-09-27T14:34:52.869630+00:00
[2026-09-27 14:34:52 UTC] prepare_test Commodity_Import/M/short
TIME run allocation action=new run=/fslarge/scratch/users/h61084/codes/selectime/outputs/selectime/chronos_bolt/data/validation/shared/WUI_Global/Q/short/run_0 launch_id=selena_3584839 slurm_job_id=3584839 launched_at=2026-09-27T14:34:52.889837+00:00
[2026-09-27 14:34:52 UTC] prepare_validation WUI_Global/Q/short
TIME run allocation action=new run=/fslarge/scratch/users/h61084/codes/selectime/outputs/selectime/chronos_bolt/data/test/shared/WUI_Global/Q/short/run_0 launch_id=selena_3584839 slurm_job_id=3584839 launched_at=2026-09-27T14:34:52.902971+00:00
[2026-09-27 14:34:52 UTC] prepare_test WUI_Global/Q/short
TIME run allocation action=new run=/fslarge/scratch/users/h61084/codes/selectime/outputs/selectime/chronos_bolt/data/validation/shared/Global_Price/Q/short/run_0 launch_id=selena_3584839 slurm_job_id=3584839 launched_at=2026-09-27T14:34:52.922835+00:00
[2026-09-27 14:34:52 UTC] prepare_validation Global_Price/Q/short
TIME run allocation action=new run=/fslarge/scratch/users/h61084/codes/selectime/outputs/selectime/chronos_bolt/data/test/shared/Global_Price/Q/short/run_0 launch_id=selena_3584839 slurm_job_id=3584839 launched_at=2026-09-27T14:34:52.936543+00:00
[2026-09-27 14:34:52 UTC] prepare_test Global_Price/Q/short
TIME run allocation action=new run=/fslarge/scratch/users/h61084/codes/selectime/outputs/selectime/chronos_bolt/data/validation/shared/Vehicle_Sales/M/short/run_0 launch_id=selena_3584839 slurm_job_id=3584839 launched_at=2026-09-27T14:34:52.956145+00:00
[2026-09-27 14:34:52 UTC] prepare_validation Vehicle_Sales/M/short
TIME run allocation action=new run=/fslarge/scratch/users/h61084/codes/selectime/outputs/selectime/chronos_bolt/data/test/shared/Vehicle_Sales/M/short/run_0 launch_id=selena_3584839 slurm_job_id=3584839 launched_at=2026-09-27T14:34:52.968948+00:00
[2026-09-27 14:34:52 UTC] prepare_test Vehicle_Sales/M/short
TIME run allocation action=new run=/fslarge/scratch/users/h61084/codes/selectime/outputs/selectime/chronos_bolt/data/validation/shared/Online_Retail_2_UCI/D/short/run_0 launch_id=selena_3584839 slurm_job_id=3584839 launched_at=2026-09-27T14:34:52.986469+00:00
[2026-09-27 14:34:52 UTC] prepare_validation Online_Retail_2_UCI/D/short
TIME run allocation action=new run=/fslarge/scratch/users/h61084/codes/selectime/outputs/selectime/chronos_bolt/data/test/shared/Online_Retail_2_UCI/D/short/run_0 launch_id=selena_3584839 slurm_job_id=3584839 launched_at=2026-09-27T14:34:52.999598+00:00
[2026-09-27 14:34:53 UTC] prepare_test Online_Retail_2_UCI/D/short
TIME run allocation action=new run=/fslarge/scratch/users/h61084/codes/selectime/outputs/selectime/chronos_bolt/data/validation/shared/Supply_Chain_Customer/D/short/run_0 launch_id=selena_3584839 slurm_job_id=3584839 launched_at=2026-09-27T14:34:53.025516+00:00
[2026-09-27 14:34:53 UTC] prepare_validation Supply_Chain_Customer/D/short
TIME run allocation action=new run=/fslarge/scratch/users/h61084/codes/selectime/outputs/selectime/chronos_bolt/data/test/shared/Supply_Chain_Customer/D/short/run_0 launch_id=selena_3584839 slurm_job_id=3584839 launched_at=2026-09-27T14:34:53.053068+00:00
[2026-09-27 14:34:53 UTC] prepare_test Supply_Chain_Customer/D/short
TIME run allocation action=new run=/fslarge/scratch/users/h61084/codes/selectime/outputs/selectime/chronos_bolt/data/validation/shared/Supply_Chain_Location/D/short/run_0 launch_id=selena_3584839 slurm_job_id=3584839 launched_at=2026-09-27T14:34:53.100121+00:00
[2026-09-27 14:34:53 UTC] prepare_validation Supply_Chain_Location/D/short
TIME run allocation action=new run=/fslarge/scratch/users/h61084/codes/selectime/outputs/selectime/chronos_bolt/data/test/shared/Supply_Chain_Location/D/short/run_0 launch_id=selena_3584839 slurm_job_id=3584839 launched_at=2026-09-27T14:34:53.132143+00:00
[2026-09-27 14:34:53 UTC] prepare_test Supply_Chain_Location/D/short
TIME run allocation action=new run=/fslarge/scratch/users/h61084/codes/selectime/outputs/selectime/chronos_bolt/data/validation/shared/azure2019_U/5T/short/run_0 launch_id=selena_3584839 slurm_job_id=3584839 launched_at=2026-09-27T14:34:53.214484+00:00
[2026-09-27 14:34:53 UTC] prepare_validation azure2019_U/5T/short
TIME run allocation action=new run=/fslarge/scratch/users/h61084/codes/selectime/outputs/selectime/chronos_bolt/data/test/shared/azure2019_U/5T/short/run_0 launch_id=selena_3584839 slurm_job_id=3584839 launched_at=2026-09-27T14:34:53.255303+00:00
[2026-09-27 14:34:53 UTC] prepare_test azure2019_U/5T/short
TIME run allocation action=new run=/fslarge/scratch/users/h61084/codes/selectime/outputs/selectime/chronos_bolt/data/validation/shared/Smart_Manufacturing/H/short/run_0 launch_id=selena_3584839 slurm_job_id=3584839 launched_at=2026-09-27T14:34:53.331773+00:00
[2026-09-27 14:34:53 UTC] prepare_validation Smart_Manufacturing/H/short
TIME run allocation action=new run=/fslarge/scratch/users/h61084/codes/selectime/outputs/selectime/chronos_bolt/data/test/shared/Smart_Manufacturing/H/short/run_0 launch_id=selena_3584839 slurm_job_id=3584839 launched_at=2026-09-27T14:34:53.357337+00:00
[2026-09-27 14:34:53 UTC] prepare_test Smart_Manufacturing/H/short
TIME run allocation action=new run=/fslarge/scratch/users/h61084/codes/selectime/outputs/selectime/chronos_bolt/data/validation/shared/Smart_Manufacturing/H/medium/run_0 launch_id=selena_3584839 slurm_job_id=3584839 launched_at=2026-09-27T14:34:53.408253+00:00
[2026-09-27 14:34:53 UTC] prepare_validation Smart_Manufacturing/H/medium
TIME run allocation action=new run=/fslarge/scratch/users/h61084/codes/selectime/outputs/selectime/chronos_bolt/data/test/shared/Smart_Manufacturing/H/medium/run_0 launch_id=selena_3584839 slurm_job_id=3584839 launched_at=2026-09-27T14:34:53.423380+00:00
[2026-09-27 14:34:53 UTC] prepare_test Smart_Manufacturing/H/medium
TIME run allocation action=new run=/fslarge/scratch/users/h61084/codes/selectime/outputs/selectime/chronos_bolt/data/validation/shared/Smart_Manufacturing/H/long/run_0 launch_id=selena_3584839 slurm_job_id=3584839 launched_at=2026-09-27T14:34:53.461148+00:00
[2026-09-27 14:34:53 UTC] prepare_validation Smart_Manufacturing/H/long
TIME run allocation action=new run=/fslarge/scratch/users/h61084/codes/selectime/outputs/selectime/chronos_bolt/data/test/shared/Smart_Manufacturing/H/long/run_0 launch_id=selena_3584839 slurm_job_id=3584839 launched_at=2026-09-27T14:34:53.474902+00:00
[2026-09-27 14:34:53 UTC] prepare_test Smart_Manufacturing/H/long
TIME run allocation action=new run=/fslarge/scratch/users/h61084/codes/selectime/outputs/selectime/chronos_bolt/data/validation/shared/MetroPT-3/5T/short/run_0 launch_id=selena_3584839 slurm_job_id=3584839 launched_at=2026-09-27T14:34:53.506385+00:00
[2026-09-27 14:34:53 UTC] prepare_validation MetroPT-3/5T/short
TIME run allocation action=new run=/fslarge/scratch/users/h61084/codes/selectime/outputs/selectime/chronos_bolt/data/test/shared/MetroPT-3/5T/short/run_0 launch_id=selena_3584839 slurm_job_id=3584839 launched_at=2026-09-27T14:34:53.519992+00:00
[2026-09-27 14:34:53 UTC] prepare_test MetroPT-3/5T/short
TIME run allocation action=new run=/fslarge/scratch/users/h61084/codes/selectime/outputs/selectime/chronos_bolt/data/validation/shared/MetroPT-3/5T/medium/run_0 launch_id=selena_3584839 slurm_job_id=3584839 launched_at=2026-09-27T14:34:53.541832+00:00
[2026-09-27 14:34:53 UTC] prepare_validation MetroPT-3/5T/medium
TIME run allocation action=new run=/fslarge/scratch/users/h61084/codes/selectime/outputs/selectime/chronos_bolt/data/test/shared/MetroPT-3/5T/medium/run_0 launch_id=selena_3584839 slurm_job_id=3584839 launched_at=2026-09-27T14:34:53.554306+00:00
[2026-09-27 14:34:53 UTC] prepare_test MetroPT-3/5T/medium
TIME run allocation action=new run=/fslarge/scratch/users/h61084/codes/selectime/outputs/selectime/chronos_bolt/data/validation/shared/MetroPT-3/5T/long/run_0 launch_id=selena_3584839 slurm_job_id=3584839 launched_at=2026-09-27T14:34:53.575263+00:00
[2026-09-27 14:34:53 UTC] prepare_validation MetroPT-3/5T/long
TIME run allocation action=new run=/fslarge/scratch/users/h61084/codes/selectime/outputs/selectime/chronos_bolt/data/test/shared/MetroPT-3/5T/long/run_0 launch_id=selena_3584839 slurm_job_id=3584839 launched_at=2026-09-27T14:34:53.587946+00:00
[2026-09-27 14:34:53 UTC] prepare_test MetroPT-3/5T/long
[2026-09-27 14:35:10 UTC] Slurm=3584839 launch=selena_3584839 stage=extract_validation prediction_group=all
[2026-09-27 14:35:11 UTC] dataset_config=/fssmall/home/h61084/codes/selectime/src/timebench/config/datasets.yaml applied_keys=datasets,selectime_tasks tasks=90
[2026-09-27 14:35:11 UTC] resources selected_device {"component": "selectime", "device": "cpu", "stage": "extract_validation"}
[2026-09-27 14:35:11 UTC] stage=extract_validation tasks=90 seed=0 Slurm=3584839
TIME run allocation action=new run=/fslarge/scratch/users/h61084/codes/selectime/outputs/selectime/chronos_bolt/retrieval/validation/covariate/Water_Quality_Darwin/15T/short/run_0 launch_id=selena_3584839 slurm_job_id=3584839 launched_at=2026-09-27T14:35:11.247625+00:00
[2026-09-27 14:35:11 UTC] extract_validation kind=covariate Water_Quality_Darwin/15T/short
[2026-09-27 16:35:11,595][datasets][INFO] - PyTorch version 2.9.1 available.
TIME run allocation action=new run=/fslarge/scratch/users/h61084/codes/selectime/outputs/selectime/chronos_bolt/retrieval/validation/covariate/Water_Quality_Darwin/15T/medium/run_0 launch_id=selena_3584839 slurm_job_id=3584839 launched_at=2026-09-27T14:35:40.264695+00:00
[2026-09-27 14:35:40 UTC] extract_validation kind=covariate Water_Quality_Darwin/15T/medium
TIME run allocation action=new run=/fslarge/scratch/users/h61084/codes/selectime/outputs/selectime/chronos_bolt/retrieval/validation/covariate/Water_Quality_Darwin/15T/long/run_0 launch_id=selena_3584839 slurm_job_id=3584839 launched_at=2026-09-27T14:35:41.982596+00:00
[2026-09-27 14:35:41 UTC] extract_validation kind=covariate Water_Quality_Darwin/15T/long
TIME run allocation action=new run=/fslarge/scratch/users/h61084/codes/selectime/outputs/selectime/chronos_bolt/retrieval/validation/covariate/current_velocity/5T/short/run_0 launch_id=selena_3584839 slurm_job_id=3584839 launched_at=2026-09-27T14:35:43.190485+00:00
[2026-09-27 14:35:43 UTC] extract_validation kind=covariate current_velocity/5T/short
TIME run allocation action=new run=/fslarge/scratch/users/h61084/codes/selectime/outputs/selectime/chronos_bolt/retrieval/validation/covariate/current_velocity/5T/medium/run_0 launch_id=selena_3584839 slurm_job_id=3584839 launched_at=2026-09-27T14:35:43.574259+00:00
[2026-09-27 14:35:43 UTC] extract_validation kind=covariate current_velocity/5T/medium
TIME run allocation action=new run=/fslarge/scratch/users/h61084/codes/selectime/outputs/selectime/chronos_bolt/retrieval/validation/covariate/current_velocity/5T/long/run_0 launch_id=selena_3584839 slurm_job_id=3584839 launched_at=2026-09-27T14:35:43.661307+00:00
[2026-09-27 14:35:43 UTC] extract_validation kind=covariate current_velocity/5T/long
TIME run allocation action=new run=/fslarge/scratch/users/h61084/codes/selectime/outputs/selectime/chronos_bolt/retrieval/validation/covariate/current_velocity/10T/short/run_0 launch_id=selena_3584839 slurm_job_id=3584839 launched_at=2026-09-27T14:35:43.735355+00:00
[2026-09-27 14:35:43 UTC] extract_validation kind=covariate current_velocity/10T/short
TIME run allocation action=new run=/fslarge/scratch/users/h61084/codes/selectime/outputs/selectime/chronos_bolt/retrieval/validation/covariate/current_velocity/10T/medium/run_0 launch_id=selena_3584839 slurm_job_id=3584839 launched_at=2026-09-27T14:37:48.986580+00:00
[2026-09-27 14:37:48 UTC] extract_validation kind=covariate current_velocity/10T/medium
TIME run allocation action=new run=/fslarge/scratch/users/h61084/codes/selectime/outputs/selectime/chronos_bolt/retrieval/validation/covariate/current_velocity/10T/long/run_0 launch_id=selena_3584839 slurm_job_id=3584839 launched_at=2026-09-27T14:37:53.215882+00:00
[2026-09-27 14:37:53 UTC] extract_validation kind=covariate current_velocity/10T/long
TIME run allocation action=new run=/fslarge/scratch/users/h61084/codes/selectime/outputs/selectime/chronos_bolt/retrieval/validation/covariate/current_velocity/15T/short/run_0 launch_id=selena_3584839 slurm_job_id=3584839 launched_at=2026-09-27T14:37:56.045031+00:00
[2026-09-27 14:37:56 UTC] extract_validation kind=covariate current_velocity/15T/short
TIME run allocation action=new run=/fslarge/scratch/users/h61084/codes/selectime/outputs/selectime/chronos_bolt/retrieval/validation/covariate/current_velocity/15T/medium/run_0 launch_id=selena_3584839 slurm_job_id=3584839 launched_at=2026-09-27T14:38:04.253732+00:00
[2026-09-27 14:38:04 UTC] extract_validation kind=covariate current_velocity/15T/medium
TIME run allocation action=new run=/fslarge/scratch/users/h61084/codes/selectime/outputs/selectime/chronos_bolt/retrieval/validation/covariate/current_velocity/15T/long/run_0 launch_id=selena_3584839 slurm_job_id=3584839 launched_at=2026-09-27T14:38:04.632863+00:00
[2026-09-27 14:38:04 UTC] extract_validation kind=covariate current_velocity/15T/long
TIME run allocation action=new run=/fslarge/scratch/users/h61084/codes/selectime/outputs/selectime/chronos_bolt/retrieval/validation/covariate/current_velocity/H/short/run_0 launch_id=selena_3584839 slurm_job_id=3584839 launched_at=2026-09-27T14:38:04.914913+00:00
[2026-09-27 14:38:04 UTC] extract_validation kind=covariate current_velocity/H/short
TIME run allocation action=new run=/fslarge/scratch/users/h61084/codes/selectime/outputs/selectime/chronos_bolt/retrieval/validation/covariate/current_velocity/H/medium/run_0 launch_id=selena_3584839 slurm_job_id=3584839 launched_at=2026-09-27T14:38:13.649278+00:00
[2026-09-27 14:38:13 UTC] extract_validation kind=covariate current_velocity/H/medium
TIME run allocation action=new run=/fslarge/scratch/users/h61084/codes/selectime/outputs/selectime/chronos_bolt/retrieval/validation/covariate/current_velocity/H/long/run_0 launch_id=selena_3584839 slurm_job_id=3584839 launched_at=2026-09-27T14:38:15.714908+00:00
[2026-09-27 14:38:15 UTC] extract_validation kind=covariate current_velocity/H/long
TIME run allocation action=new run=/fslarge/scratch/users/h61084/codes/selectime/outputs/selectime/chronos_bolt/retrieval/validation/covariate/CPHL/15T/short/run_0 launch_id=selena_3584839 slurm_job_id=3584839 launched_at=2026-09-27T14:38:17.459668+00:00
[2026-09-27 14:38:17 UTC] extract_validation kind=covariate CPHL/15T/short
TIME run allocation action=new run=/fslarge/scratch/users/h61084/codes/selectime/outputs/selectime/chronos_bolt/retrieval/validation/covariate/CPHL/15T/medium/run_0 launch_id=selena_3584839 slurm_job_id=3584839 launched_at=2026-09-27T14:38:17.581713+00:00
[2026-09-27 14:38:17 UTC] extract_validation kind=covariate CPHL/15T/medium
TIME run allocation action=new run=/fslarge/scratch/users/h61084/codes/selectime/outputs/selectime/chronos_bolt/retrieval/validation/covariate/CPHL/15T/long/run_0 launch_id=selena_3584839 slurm_job_id=3584839 launched_at=2026-09-27T14:38:17.624225+00:00
[2026-09-27 14:38:17 UTC] extract_validation kind=covariate CPHL/15T/long
TIME run allocation action=new run=/fslarge/scratch/users/h61084/codes/selectime/outputs/selectime/chronos_bolt/retrieval/validation/covariate/CPHL/30T/short/run_0 launch_id=selena_3584839 slurm_job_id=3584839 launched_at=2026-09-27T14:38:17.664575+00:00
[2026-09-27 14:38:17 UTC] extract_validation kind=covariate CPHL/30T/short
TIME run allocation action=new run=/fslarge/scratch/users/h61084/codes/selectime/outputs/selectime/chronos_bolt/retrieval/validation/covariate/CPHL/30T/medium/run_0 launch_id=selena_3584839 slurm_job_id=3584839 launched_at=2026-09-27T14:38:17.784605+00:00
[2026-09-27 14:38:17 UTC] extract_validation kind=covariate CPHL/30T/medium
TIME run allocation action=new run=/fslarge/scratch/users/h61084/codes/selectime/outputs/selectime/chronos_bolt/retrieval/validation/covariate/CPHL/30T/long/run_0 launch_id=selena_3584839 slurm_job_id=3584839 launched_at=2026-09-27T14:38:17.837625+00:00
[2026-09-27 14:38:17 UTC] extract_validation kind=covariate CPHL/30T/long
TIME run allocation action=new run=/fslarge/scratch/users/h61084/codes/selectime/outputs/selectime/chronos_bolt/retrieval/validation/covariate/CPHL/H/short/run_0 launch_id=selena_3584839 slurm_job_id=3584839 launched_at=2026-09-27T14:38:17.888062+00:00
[2026-09-27 14:38:17 UTC] extract_validation kind=covariate CPHL/H/short
TIME run allocation action=new run=/fslarge/scratch/users/h61084/codes/selectime/outputs/selectime/chronos_bolt/retrieval/validation/covariate/CPHL/H/medium/run_0 launch_id=selena_3584839 slurm_job_id=3584839 launched_at=2026-09-27T14:38:17.953192+00:00
[2026-09-27 14:38:17 UTC] extract_validation kind=covariate CPHL/H/medium
TIME run allocation action=new run=/fslarge/scratch/users/h61084/codes/selectime/outputs/selectime/chronos_bolt/retrieval/validation/covariate/CPHL/H/long/run_0 launch_id=selena_3584839 slurm_job_id=3584839 launched_at=2026-09-27T14:38:18.008059+00:00
[2026-09-27 14:38:18 UTC] extract_validation kind=covariate CPHL/H/long
TIME run allocation action=new run=/fslarge/scratch/users/h61084/codes/selectime/outputs/selectime/chronos_bolt/retrieval/validation/covariate/Coastal_T_S/15T/short/run_0 launch_id=selena_3584839 slurm_job_id=3584839 launched_at=2026-09-27T14:38:18.070478+00:00
[2026-09-27 14:38:18 UTC] extract_validation kind=covariate Coastal_T_S/15T/short
TIME run allocation action=new run=/fslarge/scratch/users/h61084/codes/selectime/outputs/selectime/chronos_bolt/retrieval/validation/covariate/Coastal_T_S/15T/medium/run_0 launch_id=selena_3584839 slurm_job_id=3584839 launched_at=2026-09-27T14:38:21.594908+00:00
[2026-09-27 14:38:21 UTC] extract_validation kind=covariate Coastal_T_S/15T/medium
TIME run allocation action=new run=/fslarge/scratch/users/h61084/codes/selectime/outputs/selectime/chronos_bolt/retrieval/validation/covariate/Coastal_T_S/15T/long/run_0 launch_id=selena_3584839 slurm_job_id=3584839 launched_at=2026-09-27T14:38:21.869227+00:00
[2026-09-27 14:38:21 UTC] extract_validation kind=covariate Coastal_T_S/15T/long
TIME run allocation action=new run=/fslarge/scratch/users/h61084/codes/selectime/outputs/selectime/chronos_bolt/retrieval/validation/covariate/Coastal_T_S/20T/short/run_0 launch_id=selena_3584839 slurm_job_id=3584839 launched_at=2026-09-27T14:38:22.097230+00:00
[2026-09-27 14:38:22 UTC] extract_validation kind=covariate Coastal_T_S/20T/short
TIME run allocation action=new run=/fslarge/scratch/users/h61084/codes/selectime/outputs/selectime/chronos_bolt/retrieval/validation/covariate/Coastal_T_S/20T/medium/run_0 launch_id=selena_3584839 slurm_job_id=3584839 launched_at=2026-09-27T14:38:22.213945+00:00
[2026-09-27 14:38:22 UTC] extract_validation kind=covariate Coastal_T_S/20T/medium
TIME run allocation action=new run=/fslarge/scratch/users/h61084/codes/selectime/outputs/selectime/chronos_bolt/retrieval/validation/covariate/Coastal_T_S/20T/long/run_0 launch_id=selena_3584839 slurm_job_id=3584839 launched_at=2026-09-27T14:38:22.255496+00:00
[2026-09-27 14:38:22 UTC] extract_validation kind=covariate Coastal_T_S/20T/long
TIME run allocation action=new run=/fslarge/scratch/users/h61084/codes/selectime/outputs/selectime/chronos_bolt/retrieval/validation/covariate/Coastal_T_S/H/short/run_0 launch_id=selena_3584839 slurm_job_id=3584839 launched_at=2026-09-27T14:38:22.294960+00:00
[2026-09-27 14:38:22 UTC] extract_validation kind=covariate Coastal_T_S/H/short
TIME run allocation action=new run=/fslarge/scratch/users/h61084/codes/selectime/outputs/selectime/chronos_bolt/retrieval/validation/covariate/Coastal_T_S/H/medium/run_0 launch_id=selena_3584839 slurm_job_id=3584839 launched_at=2026-09-27T14:38:26.042333+00:00
[2026-09-27 14:38:26 UTC] extract_validation kind=covariate Coastal_T_S/H/medium
TIME run allocation action=new run=/fslarge/scratch/users/h61084/codes/selectime/outputs/selectime/chronos_bolt/retrieval/validation/covariate/Coastal_T_S/H/long/run_0 launch_id=selena_3584839 slurm_job_id=3584839 launched_at=2026-09-27T14:38:27.118450+00:00
[2026-09-27 14:38:27 UTC] extract_validation kind=covariate Coastal_T_S/H/long
TIME run allocation action=new run=/fslarge/scratch/users/h61084/codes/selectime/outputs/selectime/chronos_bolt/retrieval/validation/covariate/SG_Weather/D/short/run_0 launch_id=selena_3584839 slurm_job_id=3584839 launched_at=2026-09-27T14:38:28.309295+00:00
[2026-09-27 14:38:28 UTC] extract_validation kind=covariate SG_Weather/D/short
TIME run allocation action=new run=/fslarge/scratch/users/h61084/codes/selectime/outputs/selectime/chronos_bolt/retrieval/validation/covariate/SG_Weather/D/medium/run_0 launch_id=selena_3584839 slurm_job_id=3584839 launched_at=2026-09-27T14:38:31.816579+00:00
[2026-09-27 14:38:31 UTC] extract_validation kind=covariate SG_Weather/D/medium
TIME run allocation action=new run=/fslarge/scratch/users/h61084/codes/selectime/outputs/selectime/chronos_bolt/retrieval/validation/covariate/SG_Weather/D/long/run_0 launch_id=selena_3584839 slurm_job_id=3584839 launched_at=2026-09-27T14:38:33.430882+00:00
[2026-09-27 14:38:33 UTC] extract_validation kind=covariate SG_Weather/D/long
TIME run allocation action=new run=/fslarge/scratch/users/h61084/codes/selectime/outputs/selectime/chronos_bolt/retrieval/validation/covariate/SG_PM25/H/short/run_0 launch_id=selena_3584839 slurm_job_id=3584839 launched_at=2026-09-27T14:38:34.348385+00:00
[2026-09-27 14:38:34 UTC] extract_validation kind=covariate SG_PM25/H/short
TIME run allocation action=new run=/fslarge/scratch/users/h61084/codes/selectime/outputs/selectime/chronos_bolt/retrieval/validation/covariate/SG_PM25/H/medium/run_0 launch_id=selena_3584839 slurm_job_id=3584839 launched_at=2026-09-27T14:38:34.561617+00:00
[2026-09-27 14:38:34 UTC] extract_validation kind=covariate SG_PM25/H/medium
TIME run allocation action=new run=/fslarge/scratch/users/h61084/codes/selectime/outputs/selectime/chronos_bolt/retrieval/validation/covariate/SG_PM25/H/long/run_0 launch_id=selena_3584839 slurm_job_id=3584839 launched_at=2026-09-27T14:38:34.709617+00:00
[2026-09-27 14:38:34 UTC] extract_validation kind=covariate SG_PM25/H/long
TIME run allocation action=new run=/fslarge/scratch/users/h61084/codes/selectime/outputs/selectime/chronos_bolt/retrieval/validation/covariate/NE_China_Wind/H/short/run_0 launch_id=selena_3584839 slurm_job_id=3584839 launched_at=2026-09-27T14:38:34.835978+00:00
[2026-09-27 14:38:34 UTC] extract_validation kind=covariate NE_China_Wind/H/short
TIME run allocation action=new run=/fslarge/scratch/users/h61084/codes/selectime/outputs/selectime/chronos_bolt/retrieval/validation/covariate/NE_China_Wind/H/medium/run_0 launch_id=selena_3584839 slurm_job_id=3584839 launched_at=2026-09-27T14:38:34.895525+00:00
[2026-09-27 14:38:34 UTC] extract_validation kind=covariate NE_China_Wind/H/medium
TIME run allocation action=new run=/fslarge/scratch/users/h61084/codes/selectime/outputs/selectime/chronos_bolt/retrieval/validation/covariate/NE_China_Wind/H/long/run_0 launch_id=selena_3584839 slurm_job_id=3584839 launched_at=2026-09-27T14:38:34.948483+00:00
[2026-09-27 14:38:34 UTC] extract_validation kind=covariate NE_China_Wind/H/long
TIME run allocation action=new run=/fslarge/scratch/users/h61084/codes/selectime/outputs/selectime/chronos_bolt/retrieval/validation/covariate/Australia_Solar/H/short/run_0 launch_id=selena_3584839 slurm_job_id=3584839 launched_at=2026-09-27T14:38:34.994408+00:00
[2026-09-27 14:38:34 UTC] extract_validation kind=covariate Australia_Solar/H/short
TIME run allocation action=new run=/fslarge/scratch/users/h61084/codes/selectime/outputs/selectime/chronos_bolt/retrieval/validation/covariate/Australia_Solar/H/medium/run_0 launch_id=selena_3584839 slurm_job_id=3584839 launched_at=2026-09-27T14:38:35.107551+00:00
[2026-09-27 14:38:35 UTC] extract_validation kind=covariate Australia_Solar/H/medium
TIME run allocation action=new run=/fslarge/scratch/users/h61084/codes/selectime/outputs/selectime/chronos_bolt/retrieval/validation/covariate/Australia_Solar/H/long/run_0 launch_id=selena_3584839 slurm_job_id=3584839 launched_at=2026-09-27T14:38:35.193117+00:00
[2026-09-27 14:38:35 UTC] extract_validation kind=covariate Australia_Solar/H/long
TIME run allocation action=new run=/fslarge/scratch/users/h61084/codes/selectime/outputs/selectime/chronos_bolt/retrieval/validation/covariate/epf_electricity_price/H/short/run_0 launch_id=selena_3584839 slurm_job_id=3584839 launched_at=2026-09-27T14:38:35.271231+00:00
[2026-09-27 14:38:35 UTC] extract_validation kind=covariate epf_electricity_price/H/short
TIME run allocation action=new run=/fslarge/scratch/users/h61084/codes/selectime/outputs/selectime/chronos_bolt/retrieval/validation/covariate/epf_electricity_price/H/medium/run_0 launch_id=selena_3584839 slurm_job_id=3584839 launched_at=2026-09-27T14:38:35.570396+00:00
[2026-09-27 14:38:35 UTC] extract_validation kind=covariate epf_electricity_price/H/medium
TIME run allocation action=new run=/fslarge/scratch/users/h61084/codes/selectime/outputs/selectime/chronos_bolt/retrieval/validation/covariate/epf_electricity_price/H/long/run_0 launch_id=selena_3584839 slurm_job_id=3584839 launched_at=2026-09-27T14:38:35.764287+00:00
[2026-09-27 14:38:35 UTC] extract_validation kind=covariate epf_electricity_price/H/long
TIME run allocation action=new run=/fslarge/scratch/users/h61084/codes/selectime/outputs/selectime/chronos_bolt/retrieval/validation/covariate/OpenElectricity_NEM/5T/short/run_0 launch_id=selena_3584839 slurm_job_id=3584839 launched_at=2026-09-27T14:38:35.883774+00:00
[2026-09-27 14:38:35 UTC] extract_validation kind=covariate OpenElectricity_NEM/5T/short
TIME run allocation action=new run=/fslarge/scratch/users/h61084/codes/selectime/outputs/selectime/chronos_bolt/retrieval/validation/covariate/OpenElectricity_NEM/5T/medium/run_0 launch_id=selena_3584839 slurm_job_id=3584839 launched_at=2026-09-27T14:38:38.306954+00:00
[2026-09-27 14:38:38 UTC] extract_validation kind=covariate OpenElectricity_NEM/5T/medium
TIME run allocation action=new run=/fslarge/scratch/users/h61084/codes/selectime/outputs/selectime/chronos_bolt/retrieval/validation/covariate/OpenElectricity_NEM/5T/long/run_0 launch_id=selena_3584839 slurm_job_id=3584839 launched_at=2026-09-27T14:38:38.708881+00:00
[2026-09-27 14:38:38 UTC] extract_validation kind=covariate OpenElectricity_NEM/5T/long
TIME run allocation action=new run=/fslarge/scratch/users/h61084/codes/selectime/outputs/selectime/chronos_bolt/retrieval/validation/covariate/EWELD_Load/15T/short/run_0 launch_id=selena_3584839 slurm_job_id=3584839 launched_at=2026-09-27T14:38:38.895144+00:00
[2026-09-27 14:38:38 UTC] extract_validation kind=covariate EWELD_Load/15T/short
TIME run allocation action=new run=/fslarge/scratch/users/h61084/codes/selectime/outputs/selectime/chronos_bolt/retrieval/validation/covariate/EWELD_Load/15T/medium/run_0 launch_id=selena_3584839 slurm_job_id=3584839 launched_at=2026-09-27T14:38:39.258826+00:00
[2026-09-27 14:38:39 UTC] extract_validation kind=covariate EWELD_Load/15T/medium
TIME run allocation action=new run=/fslarge/scratch/users/h61084/codes/selectime/outputs/selectime/chronos_bolt/retrieval/validation/covariate/EWELD_Load/15T/long/run_0 launch_id=selena_3584839 slurm_job_id=3584839 launched_at=2026-09-27T14:38:39.374710+00:00
[2026-09-27 14:38:39 UTC] extract_validation kind=covariate EWELD_Load/15T/long
TIME run allocation action=new run=/fslarge/scratch/users/h61084/codes/selectime/outputs/selectime/chronos_bolt/retrieval/validation/covariate/SG_Carpark/15T/short/run_0 launch_id=selena_3584839 slurm_job_id=3584839 launched_at=2026-09-27T14:38:39.440580+00:00
[2026-09-27 14:38:39 UTC] extract_validation kind=covariate SG_Carpark/15T/short
TIME run allocation action=new run=/fslarge/scratch/users/h61084/codes/selectime/outputs/selectime/chronos_bolt/retrieval/validation/covariate/SG_Carpark/15T/medium/run_0 launch_id=selena_3584839 slurm_job_id=3584839 launched_at=2026-09-27T14:40:59.676130+00:00
[2026-09-27 14:40:59 UTC] extract_validation kind=covariate SG_Carpark/15T/medium
TIME run allocation action=new run=/fslarge/scratch/users/h61084/codes/selectime/outputs/selectime/chronos_bolt/retrieval/validation/covariate/SG_Carpark/15T/long/run_0 launch_id=selena_3584839 slurm_job_id=3584839 launched_at=2026-09-27T14:41:05.287754+00:00
[2026-09-27 14:41:05 UTC] extract_validation kind=covariate SG_Carpark/15T/long
TIME run allocation action=new run=/fslarge/scratch/users/h61084/codes/selectime/outputs/selectime/chronos_bolt/retrieval/validation/covariate/Finland_Traffic/15T/short/run_0 launch_id=selena_3584839 slurm_job_id=3584839 launched_at=2026-09-27T14:41:06.374922+00:00
[2026-09-27 14:41:06 UTC] extract_validation kind=covariate Finland_Traffic/15T/short
TIME run allocation action=new run=/fslarge/scratch/users/h61084/codes/selectime/outputs/selectime/chronos_bolt/retrieval/validation/covariate/Finland_Traffic/15T/medium/run_0 launch_id=selena_3584839 slurm_job_id=3584839 launched_at=2026-09-27T14:41:06.482122+00:00
[2026-09-27 14:41:06 UTC] extract_validation kind=covariate Finland_Traffic/15T/medium
TIME run allocation action=new run=/fslarge/scratch/users/h61084/codes/selectime/outputs/selectime/chronos_bolt/retrieval/validation/covariate/Finland_Traffic/15T/long/run_0 launch_id=selena_3584839 slurm_job_id=3584839 launched_at=2026-09-27T14:41:06.538072+00:00
[2026-09-27 14:41:06 UTC] extract_validation kind=covariate Finland_Traffic/15T/long
TIME run allocation action=new run=/fslarge/scratch/users/h61084/codes/selectime/outputs/selectime/chronos_bolt/retrieval/validation/covariate/Port_Activity/D/short/run_0 launch_id=selena_3584839 slurm_job_id=3584839 launched_at=2026-09-27T14:41:06.578235+00:00
[2026-09-27 14:41:06 UTC] extract_validation kind=covariate Port_Activity/D/short
TIME run allocation action=new run=/fslarge/scratch/users/h61084/codes/selectime/outputs/selectime/chronos_bolt/retrieval/validation/covariate/Port_Activity/W/short/run_0 launch_id=selena_3584839 slurm_job_id=3584839 launched_at=2026-09-27T14:41:19.151727+00:00
[2026-09-27 14:41:19 UTC] extract_validation kind=covariate Port_Activity/W/short
TIME run allocation action=new run=/fslarge/scratch/users/h61084/codes/selectime/outputs/selectime/chronos_bolt/retrieval/validation/covariate/ECDC_COVID/D/short/run_0 launch_id=selena_3584839 slurm_job_id=3584839 launched_at=2026-09-27T14:41:19.963423+00:00
[2026-09-27 14:41:19 UTC] extract_validation kind=covariate ECDC_COVID/D/short
TIME run allocation action=new run=/fslarge/scratch/users/h61084/codes/selectime/outputs/selectime/chronos_bolt/retrieval/validation/covariate/ECDC_COVID/W/short/run_0 launch_id=selena_3584839 slurm_job_id=3584839 launched_at=2026-09-27T14:41:20.049412+00:00
[2026-09-27 14:41:20 UTC] extract_validation kind=covariate ECDC_COVID/W/short
TIME run allocation action=new run=/fslarge/scratch/users/h61084/codes/selectime/outputs/selectime/chronos_bolt/retrieval/validation/covariate/Global_Influenza/W/short/run_0 launch_id=selena_3584839 slurm_job_id=3584839 launched_at=2026-09-27T14:41:20.090356+00:00
[2026-09-27 14:41:20 UTC] extract_validation kind=covariate Global_Influenza/W/short
TIME run allocation action=new run=/fslarge/scratch/users/h61084/codes/selectime/outputs/selectime/chronos_bolt/retrieval/validation/covariate/Crypto/D/short/run_0 launch_id=selena_3584839 slurm_job_id=3584839 launched_at=2026-09-27T14:41:20.177875+00:00
[2026-09-27 14:41:20 UTC] extract_validation kind=covariate Crypto/D/short
TIME run allocation action=new run=/fslarge/scratch/users/h61084/codes/selectime/outputs/selectime/chronos_bolt/retrieval/validation/covariate/US_Term_Structure/B/short/run_0 launch_id=selena_3584839 slurm_job_id=3584839 launched_at=2026-09-27T14:41:20.278166+00:00
[2026-09-27 14:41:20 UTC] extract_validation kind=covariate US_Term_Structure/B/short
TIME run allocation action=new run=/fslarge/scratch/users/h61084/codes/selectime/outputs/selectime/chronos_bolt/retrieval/validation/covariate/Oil_Price/B/short/run_0 launch_id=selena_3584839 slurm_job_id=3584839 launched_at=2026-09-27T14:41:29.727545+00:00
[2026-09-27 14:41:29 UTC] extract_validation kind=covariate Oil_Price/B/short
TIME run allocation action=new run=/fslarge/scratch/users/h61084/codes/selectime/outputs/selectime/chronos_bolt/retrieval/validation/covariate/Job_Claims/W/short/run_0 launch_id=selena_3584839 slurm_job_id=3584839 launched_at=2026-09-27T14:41:30.297369+00:00
[2026-09-27 14:41:30 UTC] extract_validation kind=covariate Job_Claims/W/short
TIME run allocation action=new run=/fslarge/scratch/users/h61084/codes/selectime/outputs/selectime/chronos_bolt/retrieval/validation/covariate/Uncertainty_1M/M/short/run_0 launch_id=selena_3584839 slurm_job_id=3584839 launched_at=2026-09-27T14:41:30.330413+00:00
[2026-09-27 14:41:30 UTC] extract_validation kind=covariate Uncertainty_1M/M/short
TIME run allocation action=new run=/fslarge/scratch/users/h61084/codes/selectime/outputs/selectime/chronos_bolt/retrieval/validation/covariate/Housing_Inventory/M/short/run_0 launch_id=selena_3584839 slurm_job_id=3584839 launched_at=2026-09-27T14:41:30.365508+00:00
[2026-09-27 14:41:30 UTC] extract_validation kind=covariate Housing_Inventory/M/short
TIME run allocation action=new run=/fslarge/scratch/users/h61084/codes/selectime/outputs/selectime/chronos_bolt/retrieval/validation/covariate/JOLTS/M/short/run_0 launch_id=selena_3584839 slurm_job_id=3584839 launched_at=2026-09-27T14:41:30.397517+00:00
[2026-09-27 14:41:30 UTC] extract_validation kind=covariate JOLTS/M/short
TIME run allocation action=new run=/fslarge/scratch/users/h61084/codes/selectime/outputs/selectime/chronos_bolt/retrieval/validation/covariate/US_Labor/M/short/run_0 launch_id=selena_3584839 slurm_job_id=3584839 launched_at=2026-09-27T14:41:30.430463+00:00
[2026-09-27 14:41:30 UTC] extract_validation kind=covariate US_Labor/M/short
TIME run allocation action=new run=/fslarge/scratch/users/h61084/codes/selectime/outputs/selectime/chronos_bolt/retrieval/validation/covariate/Vehicle_Supply/M/short/run_0 launch_id=selena_3584839 slurm_job_id=3584839 launched_at=2026-09-27T14:41:30.468858+00:00
[2026-09-27 14:41:30 UTC] extract_validation kind=covariate Vehicle_Supply/M/short
TIME run allocation action=new run=/fslarge/scratch/users/h61084/codes/selectime/outputs/selectime/chronos_bolt/retrieval/validation/covariate/Auto_Production_SF/M/short/run_0 launch_id=selena_3584839 slurm_job_id=3584839 launched_at=2026-09-27T14:41:30.502520+00:00
[2026-09-27 14:41:30 UTC] extract_validation kind=covariate Auto_Production_SF/M/short
TIME run allocation action=new run=/fslarge/scratch/users/h61084/codes/selectime/outputs/selectime/chronos_bolt/retrieval/validation/covariate/Commodity_Production/M/short/run_0 launch_id=selena_3584839 slurm_job_id=3584839 launched_at=2026-09-27T14:41:30.533850+00:00
[2026-09-27 14:41:30 UTC] extract_validation kind=covariate Commodity_Production/M/short
TIME run allocation action=new run=/fslarge/scratch/users/h61084/codes/selectime/outputs/selectime/chronos_bolt/retrieval/validation/covariate/Commodity_Import/M/short/run_0 launch_id=selena_3584839 slurm_job_id=3584839 launched_at=2026-09-27T14:41:30.605710+00:00
[2026-09-27 14:41:30 UTC] extract_validation kind=covariate Commodity_Import/M/short
TIME run allocation action=new run=/fslarge/scratch/users/h61084/codes/selectime/outputs/selectime/chronos_bolt/retrieval/validation/covariate/WUI_Global/Q/short/run_0 launch_id=selena_3584839 slurm_job_id=3584839 launched_at=2026-09-27T14:41:30.651216+00:00
[2026-09-27 14:41:30 UTC] extract_validation kind=covariate WUI_Global/Q/short
TIME run allocation action=new run=/fslarge/scratch/users/h61084/codes/selectime/outputs/selectime/chronos_bolt/retrieval/validation/covariate/Global_Price/Q/short/run_0 launch_id=selena_3584839 slurm_job_id=3584839 launched_at=2026-09-27T14:41:30.690959+00:00
[2026-09-27 14:41:30 UTC] extract_validation kind=covariate Global_Price/Q/short
TIME run allocation action=new run=/fslarge/scratch/users/h61084/codes/selectime/outputs/selectime/chronos_bolt/retrieval/validation/covariate/Vehicle_Sales/M/short/run_0 launch_id=selena_3584839 slurm_job_id=3584839 launched_at=2026-09-27T14:41:30.750966+00:00
[2026-09-27 14:41:30 UTC] extract_validation kind=covariate Vehicle_Sales/M/short
TIME run allocation action=new run=/fslarge/scratch/users/h61084/codes/selectime/outputs/selectime/chronos_bolt/retrieval/validation/covariate/Online_Retail_2_UCI/D/short/run_0 launch_id=selena_3584839 slurm_job_id=3584839 launched_at=2026-09-27T14:41:30.787476+00:00
[2026-09-27 14:41:30 UTC] extract_validation kind=covariate Online_Retail_2_UCI/D/short
TIME run allocation action=new run=/fslarge/scratch/users/h61084/codes/selectime/outputs/selectime/chronos_bolt/retrieval/validation/covariate/Supply_Chain_Customer/D/short/run_0 launch_id=selena_3584839 slurm_job_id=3584839 launched_at=2026-09-27T14:41:30.818975+00:00
[2026-09-27 14:41:30 UTC] extract_validation kind=covariate Supply_Chain_Customer/D/short
TIME run allocation action=new run=/fslarge/scratch/users/h61084/codes/selectime/outputs/selectime/chronos_bolt/retrieval/validation/covariate/Supply_Chain_Location/D/short/run_0 launch_id=selena_3584839 slurm_job_id=3584839 launched_at=2026-09-27T14:41:31.397142+00:00
[2026-09-27 14:41:31 UTC] extract_validation kind=covariate Supply_Chain_Location/D/short
TIME run allocation action=new run=/fslarge/scratch/users/h61084/codes/selectime/outputs/selectime/chronos_bolt/retrieval/validation/covariate/azure2019_U/5T/short/run_0 launch_id=selena_3584839 slurm_job_id=3584839 launched_at=2026-09-27T14:41:32.401407+00:00
[2026-09-27 14:41:32 UTC] extract_validation kind=covariate azure2019_U/5T/short
TIME run allocation action=new run=/fslarge/scratch/users/h61084/codes/selectime/outputs/selectime/chronos_bolt/retrieval/validation/covariate/Smart_Manufacturing/H/short/run_0 launch_id=selena_3584839 slurm_job_id=3584839 launched_at=2026-09-27T14:41:32.558204+00:00
[2026-09-27 14:41:32 UTC] extract_validation kind=covariate Smart_Manufacturing/H/short
TIME run allocation action=new run=/fslarge/scratch/users/h61084/codes/selectime/outputs/selectime/chronos_bolt/retrieval/validation/covariate/Smart_Manufacturing/H/medium/run_0 launch_id=selena_3584839 slurm_job_id=3584839 launched_at=2026-09-27T14:41:34.346457+00:00
[2026-09-27 14:41:34 UTC] extract_validation kind=covariate Smart_Manufacturing/H/medium
TIME run allocation action=new run=/fslarge/scratch/users/h61084/codes/selectime/outputs/selectime/chronos_bolt/retrieval/validation/covariate/Smart_Manufacturing/H/long/run_0 launch_id=selena_3584839 slurm_job_id=3584839 launched_at=2026-09-27T14:41:34.502667+00:00
[2026-09-27 14:41:34 UTC] extract_validation kind=covariate Smart_Manufacturing/H/long
TIME run allocation action=new run=/fslarge/scratch/users/h61084/codes/selectime/outputs/selectime/chronos_bolt/retrieval/validation/covariate/MetroPT-3/5T/short/run_0 launch_id=selena_3584839 slurm_job_id=3584839 launched_at=2026-09-27T14:41:34.623704+00:00
[2026-09-27 14:41:34 UTC] extract_validation kind=covariate MetroPT-3/5T/short
TIME run allocation action=new run=/fslarge/scratch/users/h61084/codes/selectime/outputs/selectime/chronos_bolt/retrieval/validation/covariate/MetroPT-3/5T/medium/run_0 launch_id=selena_3584839 slurm_job_id=3584839 launched_at=2026-09-27T14:41:34.808781+00:00
[2026-09-27 14:41:34 UTC] extract_validation kind=covariate MetroPT-3/5T/medium
TIME run allocation action=new run=/fslarge/scratch/users/h61084/codes/selectime/outputs/selectime/chronos_bolt/retrieval/validation/covariate/MetroPT-3/5T/long/run_0 launch_id=selena_3584839 slurm_job_id=3584839 launched_at=2026-09-27T14:41:34.937809+00:00
[2026-09-27 14:41:34 UTC] extract_validation kind=covariate MetroPT-3/5T/long
[2026-09-27 14:41:51 UTC] Slurm=3584839 launch=selena_3584839 stage=predict_validation prediction_group=vanilla
[2026-09-27 14:41:54 UTC] dataset_config=/fssmall/home/h61084/codes/selectime/src/timebench/config/datasets.yaml applied_keys=datasets,selectime_tasks tasks=90
[2026-09-27 14:41:54 UTC] resources selected_device {"component": "selectime", "device": "cuda", "stage": "predict_validation"}
[2026-09-27 14:41:54 UTC] stage=predict_validation tasks=90 seed=0 Slurm=3584839
[2026-09-27 16:41:54,909][datasets][INFO] - PyTorch version 2.9.1 available.
TIME run allocation action=new run=/fslarge/scratch/users/h61084/codes/selectime/outputs/selectime/chronos_bolt/predictions/validation/vanilla_univariate/Water_Quality_Darwin/15T/short/run_1 launch_id=selena_3584839 slurm_job_id=3584839 launched_at=2026-09-27T14:41:55.648793+00:00
[2026-09-27 14:41:55 UTC] predict_validation method=vanilla_univariate Water_Quality_Darwin/15T/short
[2026-09-27 14:42:11 UTC] resources selected_device {"device": "cuda", "model": "chronos_bolt", "stage": "forecast"}
TIME run allocation action=new run=/fslarge/scratch/users/h61084/codes/selectime/outputs/selectime/chronos_bolt/predictions/validation/vanilla_univariate/Water_Quality_Darwin/15T/medium/run_1 launch_id=selena_3584839 slurm_job_id=3584839 launched_at=2026-09-27T14:42:17.510239+00:00
[2026-09-27 14:42:17 UTC] predict_validation method=vanilla_univariate Water_Quality_Darwin/15T/medium
TIME run allocation action=new run=/fslarge/scratch/users/h61084/codes/selectime/outputs/selectime/chronos_bolt/predictions/validation/vanilla_univariate/Water_Quality_Darwin/15T/long/run_1 launch_id=selena_3584839 slurm_job_id=3584839 launched_at=2026-09-27T14:42:23.241520+00:00
[2026-09-27 14:42:23 UTC] predict_validation method=vanilla_univariate Water_Quality_Darwin/15T/long
TIME run allocation action=new run=/fslarge/scratch/users/h61084/codes/selectime/outputs/selectime/chronos_bolt/predictions/validation/vanilla_univariate/current_velocity/5T/short/run_1 launch_id=selena_3584839 slurm_job_id=3584839 launched_at=2026-09-27T14:42:29.105903+00:00
[2026-09-27 14:42:29 UTC] predict_validation method=vanilla_univariate current_velocity/5T/short
TIME run allocation action=new run=/fslarge/scratch/users/h61084/codes/selectime/outputs/selectime/chronos_bolt/predictions/validation/vanilla_univariate/current_velocity/5T/medium/run_1 launch_id=selena_3584839 slurm_job_id=3584839 launched_at=2026-09-27T14:42:29.960907+00:00
[2026-09-27 14:42:29 UTC] predict_validation method=vanilla_univariate current_velocity/5T/medium
TIME run allocation action=new run=/fslarge/scratch/users/h61084/codes/selectime/outputs/selectime/chronos_bolt/predictions/validation/vanilla_univariate/current_velocity/5T/long/run_1 launch_id=selena_3584839 slurm_job_id=3584839 launched_at=2026-09-27T14:42:32.895744+00:00
[2026-09-27 14:42:32 UTC] predict_validation method=vanilla_univariate current_velocity/5T/long
TIME run allocation action=new run=/fslarge/scratch/users/h61084/codes/selectime/outputs/selectime/chronos_bolt/predictions/validation/vanilla_univariate/current_velocity/10T/short/run_1 launch_id=selena_3584839 slurm_job_id=3584839 launched_at=2026-09-27T14:42:35.745072+00:00
[2026-09-27 14:42:35 UTC] predict_validation method=vanilla_univariate current_velocity/10T/short
TIME run allocation action=new run=/fslarge/scratch/users/h61084/codes/selectime/outputs/selectime/chronos_bolt/predictions/validation/vanilla_univariate/current_velocity/10T/medium/run_1 launch_id=selena_3584839 slurm_job_id=3584839 launched_at=2026-09-27T14:42:43.872642+00:00
[2026-09-27 14:42:43 UTC] predict_validation method=vanilla_univariate current_velocity/10T/medium
TIME run allocation action=new run=/fslarge/scratch/users/h61084/codes/selectime/outputs/selectime/chronos_bolt/predictions/validation/vanilla_univariate/current_velocity/10T/long/run_1 launch_id=selena_3584839 slurm_job_id=3584839 launched_at=2026-09-27T14:42:59.344447+00:00
[2026-09-27 14:42:59 UTC] predict_validation method=vanilla_univariate current_velocity/10T/long
TIME run allocation action=new run=/fslarge/scratch/users/h61084/codes/selectime/outputs/selectime/chronos_bolt/predictions/validation/vanilla_univariate/current_velocity/15T/short/run_1 launch_id=selena_3584839 slurm_job_id=3584839 launched_at=2026-09-27T14:43:11.992505+00:00
[2026-09-27 14:43:11 UTC] predict_validation method=vanilla_univariate current_velocity/15T/short
TIME run allocation action=new run=/fslarge/scratch/users/h61084/codes/selectime/outputs/selectime/chronos_bolt/predictions/validation/vanilla_univariate/current_velocity/15T/medium/run_1 launch_id=selena_3584839 slurm_job_id=3584839 launched_at=2026-09-27T14:43:15.967734+00:00
[2026-09-27 14:43:15 UTC] predict_validation method=vanilla_univariate current_velocity/15T/medium
TIME run allocation action=new run=/fslarge/scratch/users/h61084/codes/selectime/outputs/selectime/chronos_bolt/predictions/validation/vanilla_univariate/current_velocity/15T/long/run_1 launch_id=selena_3584839 slurm_job_id=3584839 launched_at=2026-09-27T14:43:20.128434+00:00
[2026-09-27 14:43:20 UTC] predict_validation method=vanilla_univariate current_velocity/15T/long
TIME run allocation action=new run=/fslarge/scratch/users/h61084/codes/selectime/outputs/selectime/chronos_bolt/predictions/validation/vanilla_univariate/current_velocity/H/short/run_1 launch_id=selena_3584839 slurm_job_id=3584839 launched_at=2026-09-27T14:43:24.525275+00:00
[2026-09-27 14:43:24 UTC] predict_validation method=vanilla_univariate current_velocity/H/short
TIME run allocation action=new run=/fslarge/scratch/users/h61084/codes/selectime/outputs/selectime/chronos_bolt/predictions/validation/vanilla_univariate/current_velocity/H/medium/run_1 launch_id=selena_3584839 slurm_job_id=3584839 launched_at=2026-09-27T14:43:28.400837+00:00
[2026-09-27 14:43:28 UTC] predict_validation method=vanilla_univariate current_velocity/H/medium
TIME run allocation action=new run=/fslarge/scratch/users/h61084/codes/selectime/outputs/selectime/chronos_bolt/predictions/validation/vanilla_univariate/current_velocity/H/long/run_1 launch_id=selena_3584839 slurm_job_id=3584839 launched_at=2026-09-27T14:43:34.898581+00:00
[2026-09-27 14:43:34 UTC] predict_validation method=vanilla_univariate current_velocity/H/long
TIME run allocation action=new run=/fslarge/scratch/users/h61084/codes/selectime/outputs/selectime/chronos_bolt/predictions/validation/vanilla_univariate/CPHL/15T/short/run_1 launch_id=selena_3584839 slurm_job_id=3584839 launched_at=2026-09-27T14:43:40.455206+00:00
[2026-09-27 14:43:40 UTC] predict_validation method=vanilla_univariate CPHL/15T/short
TIME run allocation action=new run=/fslarge/scratch/users/h61084/codes/selectime/outputs/selectime/chronos_bolt/predictions/validation/vanilla_univariate/CPHL/15T/medium/run_1 launch_id=selena_3584839 slurm_job_id=3584839 launched_at=2026-09-27T14:43:40.764077+00:00
[2026-09-27 14:43:40 UTC] predict_validation method=vanilla_univariate CPHL/15T/medium
TIME run allocation action=new run=/fslarge/scratch/users/h61084/codes/selectime/outputs/selectime/chronos_bolt/predictions/validation/vanilla_univariate/CPHL/15T/long/run_1 launch_id=selena_3584839 slurm_job_id=3584839 launched_at=2026-09-27T14:43:41.051559+00:00
[2026-09-27 14:43:41 UTC] predict_validation method=vanilla_univariate CPHL/15T/long
TIME run allocation action=new run=/fslarge/scratch/users/h61084/codes/selectime/outputs/selectime/chronos_bolt/predictions/validation/vanilla_univariate/CPHL/30T/short/run_1 launch_id=selena_3584839 slurm_job_id=3584839 launched_at=2026-09-27T14:43:41.385435+00:00
[2026-09-27 14:43:41 UTC] predict_validation method=vanilla_univariate CPHL/30T/short
TIME run allocation action=new run=/fslarge/scratch/users/h61084/codes/selectime/outputs/selectime/chronos_bolt/predictions/validation/vanilla_univariate/CPHL/30T/medium/run_1 launch_id=selena_3584839 slurm_job_id=3584839 launched_at=2026-09-27T14:43:41.698495+00:00
[2026-09-27 14:43:41 UTC] predict_validation method=vanilla_univariate CPHL/30T/medium
TIME run allocation action=new run=/fslarge/scratch/users/h61084/codes/selectime/outputs/selectime/chronos_bolt/predictions/validation/vanilla_univariate/CPHL/30T/long/run_1 launch_id=selena_3584839 slurm_job_id=3584839 launched_at=2026-09-27T14:43:41.803561+00:00
[2026-09-27 14:43:41 UTC] predict_validation method=vanilla_univariate CPHL/30T/long
TIME run allocation action=new run=/fslarge/scratch/users/h61084/codes/selectime/outputs/selectime/chronos_bolt/predictions/validation/vanilla_univariate/CPHL/H/short/run_1 launch_id=selena_3584839 slurm_job_id=3584839 launched_at=2026-09-27T14:43:42.158997+00:00
[2026-09-27 14:43:42 UTC] predict_validation method=vanilla_univariate CPHL/H/short
TIME run allocation action=new run=/fslarge/scratch/users/h61084/codes/selectime/outputs/selectime/chronos_bolt/predictions/validation/vanilla_univariate/CPHL/H/medium/run_1 launch_id=selena_3584839 slurm_job_id=3584839 launched_at=2026-09-27T14:43:42.330044+00:00
[2026-09-27 14:43:42 UTC] predict_validation method=vanilla_univariate CPHL/H/medium
TIME run allocation action=new run=/fslarge/scratch/users/h61084/codes/selectime/outputs/selectime/chronos_bolt/predictions/validation/vanilla_univariate/CPHL/H/long/run_1 launch_id=selena_3584839 slurm_job_id=3584839 launched_at=2026-09-27T14:43:42.601567+00:00
[2026-09-27 14:43:42 UTC] predict_validation method=vanilla_univariate CPHL/H/long
TIME run allocation action=new run=/fslarge/scratch/users/h61084/codes/selectime/outputs/selectime/chronos_bolt/predictions/validation/vanilla_univariate/Coastal_T_S/15T/short/run_1 launch_id=selena_3584839 slurm_job_id=3584839 launched_at=2026-09-27T14:43:42.913996+00:00
[2026-09-27 14:43:42 UTC] predict_validation method=vanilla_univariate Coastal_T_S/15T/short
TIME run allocation action=new run=/fslarge/scratch/users/h61084/codes/selectime/outputs/selectime/chronos_bolt/predictions/validation/vanilla_univariate/Coastal_T_S/15T/medium/run_1 launch_id=selena_3584839 slurm_job_id=3584839 launched_at=2026-09-27T14:43:44.979592+00:00
[2026-09-27 14:43:44 UTC] predict_validation method=vanilla_univariate Coastal_T_S/15T/medium
TIME run allocation action=new run=/fslarge/scratch/users/h61084/codes/selectime/outputs/selectime/chronos_bolt/predictions/validation/vanilla_univariate/Coastal_T_S/15T/long/run_1 launch_id=selena_3584839 slurm_job_id=3584839 launched_at=2026-09-27T14:43:47.063461+00:00
[2026-09-27 14:43:47 UTC] predict_validation method=vanilla_univariate Coastal_T_S/15T/long
TIME run allocation action=new run=/fslarge/scratch/users/h61084/codes/selectime/outputs/selectime/chronos_bolt/predictions/validation/vanilla_univariate/Coastal_T_S/20T/short/run_1 launch_id=selena_3584839 slurm_job_id=3584839 launched_at=2026-09-27T14:43:49.221209+00:00
[2026-09-27 14:43:49 UTC] predict_validation method=vanilla_univariate Coastal_T_S/20T/short
TIME run allocation action=new run=/fslarge/scratch/users/h61084/codes/selectime/outputs/selectime/chronos_bolt/predictions/validation/vanilla_univariate/Coastal_T_S/20T/medium/run_1 launch_id=selena_3584839 slurm_job_id=3584839 launched_at=2026-09-27T14:43:49.662055+00:00
[2026-09-27 14:43:49 UTC] predict_validation method=vanilla_univariate Coastal_T_S/20T/medium
TIME run allocation action=new run=/fslarge/scratch/users/h61084/codes/selectime/outputs/selectime/chronos_bolt/predictions/validation/vanilla_univariate/Coastal_T_S/20T/long/run_1 launch_id=selena_3584839 slurm_job_id=3584839 launched_at=2026-09-27T14:43:50.096469+00:00
[2026-09-27 14:43:50 UTC] predict_validation method=vanilla_univariate Coastal_T_S/20T/long
TIME run allocation action=new run=/fslarge/scratch/users/h61084/codes/selectime/outputs/selectime/chronos_bolt/predictions/validation/vanilla_univariate/Coastal_T_S/H/short/run_1 launch_id=selena_3584839 slurm_job_id=3584839 launched_at=2026-09-27T14:43:50.538218+00:00
[2026-09-27 14:43:50 UTC] predict_validation method=vanilla_univariate Coastal_T_S/H/short
TIME run allocation action=new run=/fslarge/scratch/users/h61084/codes/selectime/outputs/selectime/chronos_bolt/predictions/validation/vanilla_univariate/Coastal_T_S/H/medium/run_1 launch_id=selena_3584839 slurm_job_id=3584839 launched_at=2026-09-27T14:43:52.856194+00:00
[2026-09-27 14:43:52 UTC] predict_validation method=vanilla_univariate Coastal_T_S/H/medium
TIME run allocation action=new run=/fslarge/scratch/users/h61084/codes/selectime/outputs/selectime/chronos_bolt/predictions/validation/vanilla_univariate/Coastal_T_S/H/long/run_1 launch_id=selena_3584839 slurm_job_id=3584839 launched_at=2026-09-27T14:43:56.771596+00:00
[2026-09-27 14:43:56 UTC] predict_validation method=vanilla_univariate Coastal_T_S/H/long
TIME run allocation action=new run=/fslarge/scratch/users/h61084/codes/selectime/outputs/selectime/chronos_bolt/predictions/validation/vanilla_univariate/SG_Weather/D/short/run_1 launch_id=selena_3584839 slurm_job_id=3584839 launched_at=2026-09-27T14:44:00.154715+00:00
[2026-09-27 14:44:00 UTC] predict_validation method=vanilla_univariate SG_Weather/D/short
TIME run allocation action=new run=/fslarge/scratch/users/h61084/codes/selectime/outputs/selectime/chronos_bolt/predictions/validation/vanilla_univariate/SG_Weather/D/medium/run_1 launch_id=selena_3584839 slurm_job_id=3584839 launched_at=2026-09-27T14:44:03.446222+00:00
[2026-09-27 14:44:03 UTC] predict_validation method=vanilla_univariate SG_Weather/D/medium
TIME run allocation action=new run=/fslarge/scratch/users/h61084/codes/selectime/outputs/selectime/chronos_bolt/predictions/validation/vanilla_univariate/SG_Weather/D/long/run_1 launch_id=selena_3584839 slurm_job_id=3584839 launched_at=2026-09-27T14:44:04.875294+00:00
[2026-09-27 14:44:04 UTC] predict_validation method=vanilla_univariate SG_Weather/D/long
TIME run allocation action=new run=/fslarge/scratch/users/h61084/codes/selectime/outputs/selectime/chronos_bolt/predictions/validation/vanilla_univariate/SG_PM25/H/short/run_1 launch_id=selena_3584839 slurm_job_id=3584839 launched_at=2026-09-27T14:44:05.637291+00:00
[2026-09-27 14:44:05 UTC] predict_validation method=vanilla_univariate SG_PM25/H/short
TIME run allocation action=new run=/fslarge/scratch/users/h61084/codes/selectime/outputs/selectime/chronos_bolt/predictions/validation/vanilla_univariate/SG_PM25/H/medium/run_1 launch_id=selena_3584839 slurm_job_id=3584839 launched_at=2026-09-27T14:44:06.209450+00:00
[2026-09-27 14:44:06 UTC] predict_validation method=vanilla_univariate SG_PM25/H/medium
TIME run allocation action=new run=/fslarge/scratch/users/h61084/codes/selectime/outputs/selectime/chronos_bolt/predictions/validation/vanilla_univariate/SG_PM25/H/long/run_1 launch_id=selena_3584839 slurm_job_id=3584839 launched_at=2026-09-27T14:44:07.634476+00:00
[2026-09-27 14:44:07 UTC] predict_validation method=vanilla_univariate SG_PM25/H/long
TIME run allocation action=new run=/fslarge/scratch/users/h61084/codes/selectime/outputs/selectime/chronos_bolt/predictions/validation/vanilla_univariate/NE_China_Wind/H/short/run_1 launch_id=selena_3584839 slurm_job_id=3584839 launched_at=2026-09-27T14:44:08.746221+00:00
[2026-09-27 14:44:08 UTC] predict_validation method=vanilla_univariate NE_China_Wind/H/short
TIME run allocation action=new run=/fslarge/scratch/users/h61084/codes/selectime/outputs/selectime/chronos_bolt/predictions/validation/vanilla_univariate/NE_China_Wind/H/medium/run_1 launch_id=selena_3584839 slurm_job_id=3584839 launched_at=2026-09-27T14:44:08.922189+00:00
[2026-09-27 14:44:08 UTC] predict_validation method=vanilla_univariate NE_China_Wind/H/medium
TIME run allocation action=new run=/fslarge/scratch/users/h61084/codes/selectime/outputs/selectime/chronos_bolt/predictions/validation/vanilla_univariate/NE_China_Wind/H/long/run_1 launch_id=selena_3584839 slurm_job_id=3584839 launched_at=2026-09-27T14:44:09.299330+00:00
[2026-09-27 14:44:09 UTC] predict_validation method=vanilla_univariate NE_China_Wind/H/long
TIME run allocation action=new run=/fslarge/scratch/users/h61084/codes/selectime/outputs/selectime/chronos_bolt/predictions/validation/vanilla_univariate/Australia_Solar/H/short/run_1 launch_id=selena_3584839 slurm_job_id=3584839 launched_at=2026-09-27T14:44:09.575795+00:00
[2026-09-27 14:44:09 UTC] predict_validation method=vanilla_univariate Australia_Solar/H/short
TIME run allocation action=new run=/fslarge/scratch/users/h61084/codes/selectime/outputs/selectime/chronos_bolt/predictions/validation/vanilla_univariate/Australia_Solar/H/medium/run_1 launch_id=selena_3584839 slurm_job_id=3584839 launched_at=2026-09-27T14:44:09.970388+00:00
[2026-09-27 14:44:09 UTC] predict_validation method=vanilla_univariate Australia_Solar/H/medium
TIME run allocation action=new run=/fslarge/scratch/users/h61084/codes/selectime/outputs/selectime/chronos_bolt/predictions/validation/vanilla_univariate/Australia_Solar/H/long/run_1 launch_id=selena_3584839 slurm_job_id=3584839 launched_at=2026-09-27T14:44:10.977338+00:00
[2026-09-27 14:44:10 UTC] predict_validation method=vanilla_univariate Australia_Solar/H/long
TIME run allocation action=new run=/fslarge/scratch/users/h61084/codes/selectime/outputs/selectime/chronos_bolt/predictions/validation/vanilla_univariate/epf_electricity_price/H/short/run_1 launch_id=selena_3584839 slurm_job_id=3584839 launched_at=2026-09-27T14:44:11.805496+00:00
[2026-09-27 14:44:11 UTC] predict_validation method=vanilla_univariate epf_electricity_price/H/short
TIME run allocation action=new run=/fslarge/scratch/users/h61084/codes/selectime/outputs/selectime/chronos_bolt/predictions/validation/vanilla_univariate/epf_electricity_price/H/medium/run_1 launch_id=selena_3584839 slurm_job_id=3584839 launched_at=2026-09-27T14:44:12.476010+00:00
[2026-09-27 14:44:12 UTC] predict_validation method=vanilla_univariate epf_electricity_price/H/medium
TIME run allocation action=new run=/fslarge/scratch/users/h61084/codes/selectime/outputs/selectime/chronos_bolt/predictions/validation/vanilla_univariate/epf_electricity_price/H/long/run_1 launch_id=selena_3584839 slurm_job_id=3584839 launched_at=2026-09-27T14:44:14.155858+00:00
[2026-09-27 14:44:14 UTC] predict_validation method=vanilla_univariate epf_electricity_price/H/long
TIME run allocation action=new run=/fslarge/scratch/users/h61084/codes/selectime/outputs/selectime/chronos_bolt/predictions/validation/vanilla_univariate/OpenElectricity_NEM/5T/short/run_1 launch_id=selena_3584839 slurm_job_id=3584839 launched_at=2026-09-27T14:44:15.570371+00:00
[2026-09-27 14:44:15 UTC] predict_validation method=vanilla_univariate OpenElectricity_NEM/5T/short
TIME run allocation action=new run=/fslarge/scratch/users/h61084/codes/selectime/outputs/selectime/chronos_bolt/predictions/validation/vanilla_univariate/OpenElectricity_NEM/5T/medium/run_1 launch_id=selena_3584839 slurm_job_id=3584839 launched_at=2026-09-27T14:44:17.498374+00:00
[2026-09-27 14:44:17 UTC] predict_validation method=vanilla_univariate OpenElectricity_NEM/5T/medium
TIME run allocation action=new run=/fslarge/scratch/users/h61084/codes/selectime/outputs/selectime/chronos_bolt/predictions/validation/vanilla_univariate/OpenElectricity_NEM/5T/long/run_1 launch_id=selena_3584839 slurm_job_id=3584839 launched_at=2026-09-27T14:44:21.479031+00:00
[2026-09-27 14:44:21 UTC] predict_validation method=vanilla_univariate OpenElectricity_NEM/5T/long
TIME run allocation action=new run=/fslarge/scratch/users/h61084/codes/selectime/outputs/selectime/chronos_bolt/predictions/validation/vanilla_univariate/EWELD_Load/15T/short/run_1 launch_id=selena_3584839 slurm_job_id=3584839 launched_at=2026-09-27T14:44:26.106666+00:00
[2026-09-27 14:44:26 UTC] predict_validation method=vanilla_univariate EWELD_Load/15T/short
TIME run allocation action=new run=/fslarge/scratch/users/h61084/codes/selectime/outputs/selectime/chronos_bolt/predictions/validation/vanilla_univariate/EWELD_Load/15T/medium/run_1 launch_id=selena_3584839 slurm_job_id=3584839 launched_at=2026-09-27T14:44:26.785736+00:00
[2026-09-27 14:44:26 UTC] predict_validation method=vanilla_univariate EWELD_Load/15T/medium
TIME run allocation action=new run=/fslarge/scratch/users/h61084/codes/selectime/outputs/selectime/chronos_bolt/predictions/validation/vanilla_univariate/EWELD_Load/15T/long/run_1 launch_id=selena_3584839 slurm_job_id=3584839 launched_at=2026-09-27T14:44:28.087607+00:00
[2026-09-27 14:44:28 UTC] predict_validation method=vanilla_univariate EWELD_Load/15T/long
TIME run allocation action=new run=/fslarge/scratch/users/h61084/codes/selectime/outputs/selectime/chronos_bolt/predictions/validation/vanilla_univariate/SG_Carpark/15T/short/run_1 launch_id=selena_3584839 slurm_job_id=3584839 launched_at=2026-09-27T14:44:30.040942+00:00
[2026-09-27 14:44:30 UTC] predict_validation method=vanilla_univariate SG_Carpark/15T/short
TIME run allocation action=new run=/fslarge/scratch/users/h61084/codes/selectime/outputs/selectime/chronos_bolt/predictions/validation/vanilla_univariate/SG_Carpark/15T/medium/run_1 launch_id=selena_3584839 slurm_job_id=3584839 launched_at=2026-09-27T14:44:47.329636+00:00
[2026-09-27 14:44:47 UTC] predict_validation method=vanilla_univariate SG_Carpark/15T/medium
TIME run allocation action=new run=/fslarge/scratch/users/h61084/codes/selectime/outputs/selectime/chronos_bolt/predictions/validation/vanilla_univariate/SG_Carpark/15T/long/run_1 launch_id=selena_3584839 slurm_job_id=3584839 launched_at=2026-09-27T14:45:08.648850+00:00
[2026-09-27 14:45:08 UTC] predict_validation method=vanilla_univariate SG_Carpark/15T/long
TIME run allocation action=new run=/fslarge/scratch/users/h61084/codes/selectime/outputs/selectime/chronos_bolt/predictions/validation/vanilla_univariate/Finland_Traffic/15T/short/run_1 launch_id=selena_3584839 slurm_job_id=3584839 launched_at=2026-09-27T14:45:08.732169+00:00
[2026-09-27 14:45:08 UTC] predict_validation method=vanilla_univariate Finland_Traffic/15T/short
TIME run allocation action=new run=/fslarge/scratch/users/h61084/codes/selectime/outputs/selectime/chronos_bolt/predictions/validation/vanilla_univariate/Finland_Traffic/15T/medium/run_1 launch_id=selena_3584839 slurm_job_id=3584839 launched_at=2026-09-27T14:45:08.980148+00:00
[2026-09-27 14:45:08 UTC] predict_validation method=vanilla_univariate Finland_Traffic/15T/medium
TIME run allocation action=new run=/fslarge/scratch/users/h61084/codes/selectime/outputs/selectime/chronos_bolt/predictions/validation/vanilla_univariate/Finland_Traffic/15T/long/run_1 launch_id=selena_3584839 slurm_job_id=3584839 launched_at=2026-09-27T14:45:09.297168+00:00
[2026-09-27 14:45:09 UTC] predict_validation method=vanilla_univariate Finland_Traffic/15T/long
TIME run allocation action=new run=/fslarge/scratch/users/h61084/codes/selectime/outputs/selectime/chronos_bolt/predictions/validation/vanilla_univariate/Port_Activity/D/short/run_1 launch_id=selena_3584839 slurm_job_id=3584839 launched_at=2026-09-27T14:45:09.762762+00:00
[2026-09-27 14:45:09 UTC] predict_validation method=vanilla_univariate Port_Activity/D/short
TIME run allocation action=new run=/fslarge/scratch/users/h61084/codes/selectime/outputs/selectime/chronos_bolt/predictions/validation/vanilla_univariate/Port_Activity/W/short/run_1 launch_id=selena_3584839 slurm_job_id=3584839 launched_at=2026-09-27T14:45:12.015559+00:00
[2026-09-27 14:45:12 UTC] predict_validation method=vanilla_univariate Port_Activity/W/short
TIME run allocation action=new run=/fslarge/scratch/users/h61084/codes/selectime/outputs/selectime/chronos_bolt/predictions/validation/vanilla_univariate/ECDC_COVID/D/short/run_1 launch_id=selena_3584839 slurm_job_id=3584839 launched_at=2026-09-27T14:45:12.482529+00:00
[2026-09-27 14:45:12 UTC] predict_validation method=vanilla_univariate ECDC_COVID/D/short
TIME run allocation action=new run=/fslarge/scratch/users/h61084/codes/selectime/outputs/selectime/chronos_bolt/predictions/validation/vanilla_univariate/ECDC_COVID/W/short/run_1 launch_id=selena_3584839 slurm_job_id=3584839 launched_at=2026-09-27T14:45:12.563461+00:00
[2026-09-27 14:45:12 UTC] predict_validation method=vanilla_univariate ECDC_COVID/W/short
TIME run allocation action=new run=/fslarge/scratch/users/h61084/codes/selectime/outputs/selectime/chronos_bolt/predictions/validation/vanilla_univariate/Global_Influenza/W/short/run_1 launch_id=selena_3584839 slurm_job_id=3584839 launched_at=2026-09-27T14:45:12.644306+00:00
[2026-09-27 14:45:12 UTC] predict_validation method=vanilla_univariate Global_Influenza/W/short
TIME run allocation action=new run=/fslarge/scratch/users/h61084/codes/selectime/outputs/selectime/chronos_bolt/predictions/validation/vanilla_univariate/Crypto/D/short/run_1 launch_id=selena_3584839 slurm_job_id=3584839 launched_at=2026-09-27T14:45:12.821990+00:00
[2026-09-27 14:45:12 UTC] predict_validation method=vanilla_univariate Crypto/D/short
TIME run allocation action=new run=/fslarge/scratch/users/h61084/codes/selectime/outputs/selectime/chronos_bolt/predictions/validation/vanilla_univariate/US_Term_Structure/B/short/run_1 launch_id=selena_3584839 slurm_job_id=3584839 launched_at=2026-09-27T14:45:12.976471+00:00
[2026-09-27 14:45:12 UTC] predict_validation method=vanilla_univariate US_Term_Structure/B/short
TIME run allocation action=new run=/fslarge/scratch/users/h61084/codes/selectime/outputs/selectime/chronos_bolt/predictions/validation/vanilla_univariate/Oil_Price/B/short/run_1 launch_id=selena_3584839 slurm_job_id=3584839 launched_at=2026-09-27T14:45:14.543474+00:00
[2026-09-27 14:45:14 UTC] predict_validation method=vanilla_univariate Oil_Price/B/short
TIME run allocation action=new run=/fslarge/scratch/users/h61084/codes/selectime/outputs/selectime/chronos_bolt/predictions/validation/vanilla_univariate/Job_Claims/W/short/run_1 launch_id=selena_3584839 slurm_job_id=3584839 launched_at=2026-09-27T14:45:15.047074+00:00
[2026-09-27 14:45:15 UTC] predict_validation method=vanilla_univariate Job_Claims/W/short
TIME run allocation action=new run=/fslarge/scratch/users/h61084/codes/selectime/outputs/selectime/chronos_bolt/predictions/validation/vanilla_univariate/Uncertainty_1M/M/short/run_1 launch_id=selena_3584839 slurm_job_id=3584839 launched_at=2026-09-27T14:45:15.100304+00:00
[2026-09-27 14:45:15 UTC] predict_validation method=vanilla_univariate Uncertainty_1M/M/short
TIME run allocation action=new run=/fslarge/scratch/users/h61084/codes/selectime/outputs/selectime/chronos_bolt/predictions/validation/vanilla_univariate/Housing_Inventory/M/short/run_1 launch_id=selena_3584839 slurm_job_id=3584839 launched_at=2026-09-27T14:45:15.153577+00:00
[2026-09-27 14:45:15 UTC] predict_validation method=vanilla_univariate Housing_Inventory/M/short
TIME run allocation action=new run=/fslarge/scratch/users/h61084/codes/selectime/outputs/selectime/chronos_bolt/predictions/validation/vanilla_univariate/JOLTS/M/short/run_1 launch_id=selena_3584839 slurm_job_id=3584839 launched_at=2026-09-27T14:45:15.204759+00:00
[2026-09-27 14:45:15 UTC] predict_validation method=vanilla_univariate JOLTS/M/short
TIME run allocation action=new run=/fslarge/scratch/users/h61084/codes/selectime/outputs/selectime/chronos_bolt/predictions/validation/vanilla_univariate/US_Labor/M/short/run_1 launch_id=selena_3584839 slurm_job_id=3584839 launched_at=2026-09-27T14:45:15.259778+00:00
[2026-09-27 14:45:15 UTC] predict_validation method=vanilla_univariate US_Labor/M/short
TIME run allocation action=new run=/fslarge/scratch/users/h61084/codes/selectime/outputs/selectime/chronos_bolt/predictions/validation/vanilla_univariate/Vehicle_Supply/M/short/run_1 launch_id=selena_3584839 slurm_job_id=3584839 launched_at=2026-09-27T14:45:15.349021+00:00
[2026-09-27 14:45:15 UTC] predict_validation method=vanilla_univariate Vehicle_Supply/M/short
TIME run allocation action=new run=/fslarge/scratch/users/h61084/codes/selectime/outputs/selectime/chronos_bolt/predictions/validation/vanilla_univariate/Auto_Production_SF/M/short/run_1 launch_id=selena_3584839 slurm_job_id=3584839 launched_at=2026-09-27T14:45:15.400488+00:00
[2026-09-27 14:45:15 UTC] predict_validation method=vanilla_univariate Auto_Production_SF/M/short
TIME run allocation action=new run=/fslarge/scratch/users/h61084/codes/selectime/outputs/selectime/chronos_bolt/predictions/validation/vanilla_univariate/Commodity_Production/M/short/run_1 launch_id=selena_3584839 slurm_job_id=3584839 launched_at=2026-09-27T14:45:15.456128+00:00
[2026-09-27 14:45:15 UTC] predict_validation method=vanilla_univariate Commodity_Production/M/short
TIME run allocation action=new run=/fslarge/scratch/users/h61084/codes/selectime/outputs/selectime/chronos_bolt/predictions/validation/vanilla_univariate/Commodity_Import/M/short/run_1 launch_id=selena_3584839 slurm_job_id=3584839 launched_at=2026-09-27T14:45:15.583533+00:00
[2026-09-27 14:45:15 UTC] predict_validation method=vanilla_univariate Commodity_Import/M/short
TIME run allocation action=new run=/fslarge/scratch/users/h61084/codes/selectime/outputs/selectime/chronos_bolt/predictions/validation/vanilla_univariate/WUI_Global/Q/short/run_1 launch_id=selena_3584839 slurm_job_id=3584839 launched_at=2026-09-27T14:45:15.656654+00:00
[2026-09-27 14:45:15 UTC] predict_validation method=vanilla_univariate WUI_Global/Q/short
TIME run allocation action=new run=/fslarge/scratch/users/h61084/codes/selectime/outputs/selectime/chronos_bolt/predictions/validation/vanilla_univariate/Global_Price/Q/short/run_1 launch_id=selena_3584839 slurm_job_id=3584839 launched_at=2026-09-27T14:45:15.745043+00:00
[2026-09-27 14:45:15 UTC] predict_validation method=vanilla_univariate Global_Price/Q/short
TIME run allocation action=new run=/fslarge/scratch/users/h61084/codes/selectime/outputs/selectime/chronos_bolt/predictions/validation/vanilla_univariate/Vehicle_Sales/M/short/run_1 launch_id=selena_3584839 slurm_job_id=3584839 launched_at=2026-09-27T14:45:15.947326+00:00
[2026-09-27 14:45:15 UTC] predict_validation method=vanilla_univariate Vehicle_Sales/M/short
TIME run allocation action=new run=/fslarge/scratch/users/h61084/codes/selectime/outputs/selectime/chronos_bolt/predictions/validation/vanilla_univariate/Online_Retail_2_UCI/D/short/run_1 launch_id=selena_3584839 slurm_job_id=3584839 launched_at=2026-09-27T14:45:16.016483+00:00
[2026-09-27 14:45:16 UTC] predict_validation method=vanilla_univariate Online_Retail_2_UCI/D/short
TIME run allocation action=new run=/fslarge/scratch/users/h61084/codes/selectime/outputs/selectime/chronos_bolt/predictions/validation/vanilla_univariate/Supply_Chain_Customer/D/short/run_1 launch_id=selena_3584839 slurm_job_id=3584839 launched_at=2026-09-27T14:45:16.077259+00:00
[2026-09-27 14:45:16 UTC] predict_validation method=vanilla_univariate Supply_Chain_Customer/D/short
TIME run allocation action=new run=/fslarge/scratch/users/h61084/codes/selectime/outputs/selectime/chronos_bolt/predictions/validation/vanilla_univariate/Supply_Chain_Location/D/short/run_1 launch_id=selena_3584839 slurm_job_id=3584839 launched_at=2026-09-27T14:45:16.487082+00:00
[2026-09-27 14:45:16 UTC] predict_validation method=vanilla_univariate Supply_Chain_Location/D/short
TIME run allocation action=new run=/fslarge/scratch/users/h61084/codes/selectime/outputs/selectime/chronos_bolt/predictions/validation/vanilla_univariate/azure2019_U/5T/short/run_1 launch_id=selena_3584839 slurm_job_id=3584839 launched_at=2026-09-27T14:45:17.114877+00:00
[2026-09-27 14:45:17 UTC] predict_validation method=vanilla_univariate azure2019_U/5T/short
TIME run allocation action=new run=/fslarge/scratch/users/h61084/codes/selectime/outputs/selectime/chronos_bolt/predictions/validation/vanilla_univariate/Smart_Manufacturing/H/short/run_1 launch_id=selena_3584839 slurm_job_id=3584839 launched_at=2026-09-27T14:45:18.341155+00:00
[2026-09-27 14:45:18 UTC] predict_validation method=vanilla_univariate Smart_Manufacturing/H/short
TIME run allocation action=new run=/fslarge/scratch/users/h61084/codes/selectime/outputs/selectime/chronos_bolt/predictions/validation/vanilla_univariate/Smart_Manufacturing/H/medium/run_1 launch_id=selena_3584839 slurm_job_id=3584839 launched_at=2026-09-27T14:45:20.385171+00:00
[2026-09-27 14:45:20 UTC] predict_validation method=vanilla_univariate Smart_Manufacturing/H/medium
TIME run allocation action=new run=/fslarge/scratch/users/h61084/codes/selectime/outputs/selectime/chronos_bolt/predictions/validation/vanilla_univariate/Smart_Manufacturing/H/long/run_1 launch_id=selena_3584839 slurm_job_id=3584839 launched_at=2026-09-27T14:45:22.208908+00:00
[2026-09-27 14:45:22 UTC] predict_validation method=vanilla_univariate Smart_Manufacturing/H/long
TIME run allocation action=new run=/fslarge/scratch/users/h61084/codes/selectime/outputs/selectime/chronos_bolt/predictions/validation/vanilla_univariate/MetroPT-3/5T/short/run_1 launch_id=selena_3584839 slurm_job_id=3584839 launched_at=2026-09-27T14:45:22.260343+00:00
[2026-09-27 14:45:22 UTC] predict_validation method=vanilla_univariate MetroPT-3/5T/short
TIME run allocation action=new run=/fslarge/scratch/users/h61084/codes/selectime/outputs/selectime/chronos_bolt/predictions/validation/vanilla_univariate/MetroPT-3/5T/medium/run_1 launch_id=selena_3584839 slurm_job_id=3584839 launched_at=2026-09-27T14:45:22.529313+00:00
[2026-09-27 14:45:22 UTC] predict_validation method=vanilla_univariate MetroPT-3/5T/medium
TIME run allocation action=new run=/fslarge/scratch/users/h61084/codes/selectime/outputs/selectime/chronos_bolt/predictions/validation/vanilla_univariate/MetroPT-3/5T/long/run_1 launch_id=selena_3584839 slurm_job_id=3584839 launched_at=2026-09-27T14:45:23.648106+00:00
[2026-09-27 14:45:23 UTC] predict_validation method=vanilla_univariate MetroPT-3/5T/long
[2026-09-27 14:45:34 UTC] Slurm=3584839 launch=selena_3584839 stage=predict_validation prediction_group=remaining
[2026-09-27 14:45:35 UTC] dataset_config=/fssmall/home/h61084/codes/selectime/src/timebench/config/datasets.yaml applied_keys=datasets,selectime_tasks tasks=90
[2026-09-27 14:45:35 UTC] resources selected_device {"component": "selectime", "device": "cuda", "stage": "predict_validation"}
[2026-09-27 14:45:35 UTC] stage=predict_validation tasks=90 seed=0 Slurm=3584839
[2026-09-27 16:45:36,048][datasets][INFO] - PyTorch version 2.9.1 available.
[2026-09-27 14:45:50 UTC] Slurm=3584839 launch=selena_3584839 stage=calibrate prediction_group=all
[2026-09-27 14:45:51 UTC] dataset_config=/fssmall/home/h61084/codes/selectime/src/timebench/config/datasets.yaml applied_keys=datasets,selectime_tasks tasks=90
[2026-09-27 14:45:51 UTC] resources selected_device {"component": "selectime", "device": "cpu", "stage": "calibrate"}
[2026-09-27 14:45:51 UTC] stage=calibrate tasks=90 seed=0 Slurm=3584839
[2026-09-27 16:45:52,199][datasets][INFO] - PyTorch version 2.9.1 available.
[2026-09-27 14:46:03 UTC] Slurm=3584839 launch=selena_3584839 stage=extract_test prediction_group=all
[2026-09-27 14:46:04 UTC] dataset_config=/fssmall/home/h61084/codes/selectime/src/timebench/config/datasets.yaml applied_keys=datasets,selectime_tasks tasks=90
[2026-09-27 14:46:04 UTC] resources selected_device {"component": "selectime", "device": "cpu", "stage": "extract_test"}
[2026-09-27 14:46:04 UTC] stage=extract_test tasks=90 seed=0 Slurm=3584839
TIME run allocation action=new run=/fslarge/scratch/users/h61084/codes/selectime/outputs/selectime/chronos_bolt/retrieval/test/covariate/Water_Quality_Darwin/15T/short/run_0 launch_id=selena_3584839 slurm_job_id=3584839 launched_at=2026-09-27T14:46:04.401897+00:00
[2026-09-27 14:46:04 UTC] extract_test kind=covariate Water_Quality_Darwin/15T/short
[2026-09-27 16:46:04,752][datasets][INFO] - PyTorch version 2.9.1 available.
TIME run allocation action=new run=/fslarge/scratch/users/h61084/codes/selectime/outputs/selectime/chronos_bolt/retrieval/test/covariate/Water_Quality_Darwin/15T/medium/run_0 launch_id=selena_3584839 slurm_job_id=3584839 launched_at=2026-09-27T14:46:39.139117+00:00
[2026-09-27 14:46:39 UTC] extract_test kind=covariate Water_Quality_Darwin/15T/medium
TIME run allocation action=new run=/fslarge/scratch/users/h61084/codes/selectime/outputs/selectime/chronos_bolt/retrieval/test/covariate/Water_Quality_Darwin/15T/long/run_0 launch_id=selena_3584839 slurm_job_id=3584839 launched_at=2026-09-27T14:46:41.011307+00:00
[2026-09-27 14:46:41 UTC] extract_test kind=covariate Water_Quality_Darwin/15T/long
TIME run allocation action=new run=/fslarge/scratch/users/h61084/codes/selectime/outputs/selectime/chronos_bolt/retrieval/test/covariate/current_velocity/5T/short/run_0 launch_id=selena_3584839 slurm_job_id=3584839 launched_at=2026-09-27T14:46:42.388959+00:00
[2026-09-27 14:46:42 UTC] extract_test kind=covariate current_velocity/5T/short
TIME run allocation action=new run=/fslarge/scratch/users/h61084/codes/selectime/outputs/selectime/chronos_bolt/retrieval/test/covariate/current_velocity/5T/medium/run_0 launch_id=selena_3584839 slurm_job_id=3584839 launched_at=2026-09-27T14:46:42.846011+00:00
[2026-09-27 14:46:42 UTC] extract_test kind=covariate current_velocity/5T/medium
TIME run allocation action=new run=/fslarge/scratch/users/h61084/codes/selectime/outputs/selectime/chronos_bolt/retrieval/test/covariate/current_velocity/5T/long/run_0 launch_id=selena_3584839 slurm_job_id=3584839 launched_at=2026-09-27T14:46:42.951194+00:00
[2026-09-27 14:46:42 UTC] extract_test kind=covariate current_velocity/5T/long
TIME run allocation action=new run=/fslarge/scratch/users/h61084/codes/selectime/outputs/selectime/chronos_bolt/retrieval/test/covariate/current_velocity/10T/short/run_0 launch_id=selena_3584839 slurm_job_id=3584839 launched_at=2026-09-27T14:46:43.032910+00:00
[2026-09-27 14:46:43 UTC] extract_test kind=covariate current_velocity/10T/short
TIME run allocation action=new run=/fslarge/scratch/users/h61084/codes/selectime/outputs/selectime/chronos_bolt/retrieval/test/covariate/current_velocity/10T/medium/run_0 launch_id=selena_3584839 slurm_job_id=3584839 launched_at=2026-09-27T14:48:59.315261+00:00
[2026-09-27 14:48:59 UTC] extract_test kind=covariate current_velocity/10T/medium
TIME run allocation action=new run=/fslarge/scratch/users/h61084/codes/selectime/outputs/selectime/chronos_bolt/retrieval/test/covariate/current_velocity/10T/long/run_0 launch_id=selena_3584839 slurm_job_id=3584839 launched_at=2026-09-27T14:49:04.382899+00:00
[2026-09-27 14:49:04 UTC] extract_test kind=covariate current_velocity/10T/long
TIME run allocation action=new run=/fslarge/scratch/users/h61084/codes/selectime/outputs/selectime/chronos_bolt/retrieval/test/covariate/current_velocity/15T/short/run_0 launch_id=selena_3584839 slurm_job_id=3584839 launched_at=2026-09-27T14:49:07.528238+00:00
[2026-09-27 14:49:07 UTC] extract_test kind=covariate current_velocity/15T/short
TIME run allocation action=new run=/fslarge/scratch/users/h61084/codes/selectime/outputs/selectime/chronos_bolt/retrieval/test/covariate/current_velocity/15T/medium/run_0 launch_id=selena_3584839 slurm_job_id=3584839 launched_at=2026-09-27T14:49:18.153600+00:00
[2026-09-27 14:49:18 UTC] extract_test kind=covariate current_velocity/15T/medium
TIME run allocation action=new run=/fslarge/scratch/users/h61084/codes/selectime/outputs/selectime/chronos_bolt/retrieval/test/covariate/current_velocity/15T/long/run_0 launch_id=selena_3584839 slurm_job_id=3584839 launched_at=2026-09-27T14:49:18.609516+00:00
[2026-09-27 14:49:18 UTC] extract_test kind=covariate current_velocity/15T/long
TIME run allocation action=new run=/fslarge/scratch/users/h61084/codes/selectime/outputs/selectime/chronos_bolt/retrieval/test/covariate/current_velocity/H/short/run_0 launch_id=selena_3584839 slurm_job_id=3584839 launched_at=2026-09-27T14:49:18.931659+00:00
[2026-09-27 14:49:18 UTC] extract_test kind=covariate current_velocity/H/short
TIME run allocation action=new run=/fslarge/scratch/users/h61084/codes/selectime/outputs/selectime/chronos_bolt/retrieval/test/covariate/current_velocity/H/medium/run_0 launch_id=selena_3584839 slurm_job_id=3584839 launched_at=2026-09-27T14:49:30.183292+00:00
[2026-09-27 14:49:30 UTC] extract_test kind=covariate current_velocity/H/medium
TIME run allocation action=new run=/fslarge/scratch/users/h61084/codes/selectime/outputs/selectime/chronos_bolt/retrieval/test/covariate/current_velocity/H/long/run_0 launch_id=selena_3584839 slurm_job_id=3584839 launched_at=2026-09-27T14:49:33.021525+00:00
[2026-09-27 14:49:33 UTC] extract_test kind=covariate current_velocity/H/long
TIME run allocation action=new run=/fslarge/scratch/users/h61084/codes/selectime/outputs/selectime/chronos_bolt/retrieval/test/covariate/CPHL/15T/short/run_0 launch_id=selena_3584839 slurm_job_id=3584839 launched_at=2026-09-27T14:49:35.656864+00:00
[2026-09-27 14:49:35 UTC] extract_test kind=covariate CPHL/15T/short
TIME run allocation action=new run=/fslarge/scratch/users/h61084/codes/selectime/outputs/selectime/chronos_bolt/retrieval/test/covariate/CPHL/15T/medium/run_0 launch_id=selena_3584839 slurm_job_id=3584839 launched_at=2026-09-27T14:49:35.798566+00:00
[2026-09-27 14:49:35 UTC] extract_test kind=covariate CPHL/15T/medium
TIME run allocation action=new run=/fslarge/scratch/users/h61084/codes/selectime/outputs/selectime/chronos_bolt/retrieval/test/covariate/CPHL/15T/long/run_0 launch_id=selena_3584839 slurm_job_id=3584839 launched_at=2026-09-27T14:49:35.848554+00:00
[2026-09-27 14:49:35 UTC] extract_test kind=covariate CPHL/15T/long
TIME run allocation action=new run=/fslarge/scratch/users/h61084/codes/selectime/outputs/selectime/chronos_bolt/retrieval/test/covariate/CPHL/30T/short/run_0 launch_id=selena_3584839 slurm_job_id=3584839 launched_at=2026-09-27T14:49:35.894458+00:00
[2026-09-27 14:49:35 UTC] extract_test kind=covariate CPHL/30T/short
TIME run allocation action=new run=/fslarge/scratch/users/h61084/codes/selectime/outputs/selectime/chronos_bolt/retrieval/test/covariate/CPHL/30T/medium/run_0 launch_id=selena_3584839 slurm_job_id=3584839 launched_at=2026-09-27T14:49:36.030794+00:00
[2026-09-27 14:49:36 UTC] extract_test kind=covariate CPHL/30T/medium
TIME run allocation action=new run=/fslarge/scratch/users/h61084/codes/selectime/outputs/selectime/chronos_bolt/retrieval/test/covariate/CPHL/30T/long/run_0 launch_id=selena_3584839 slurm_job_id=3584839 launched_at=2026-09-27T14:49:36.089976+00:00
[2026-09-27 14:49:36 UTC] extract_test kind=covariate CPHL/30T/long
TIME run allocation action=new run=/fslarge/scratch/users/h61084/codes/selectime/outputs/selectime/chronos_bolt/retrieval/test/covariate/CPHL/H/short/run_0 launch_id=selena_3584839 slurm_job_id=3584839 launched_at=2026-09-27T14:49:36.148525+00:00
[2026-09-27 14:49:36 UTC] extract_test kind=covariate CPHL/H/short
TIME run allocation action=new run=/fslarge/scratch/users/h61084/codes/selectime/outputs/selectime/chronos_bolt/retrieval/test/covariate/CPHL/H/medium/run_0 launch_id=selena_3584839 slurm_job_id=3584839 launched_at=2026-09-27T14:49:36.224231+00:00
[2026-09-27 14:49:36 UTC] extract_test kind=covariate CPHL/H/medium
TIME run allocation action=new run=/fslarge/scratch/users/h61084/codes/selectime/outputs/selectime/chronos_bolt/retrieval/test/covariate/CPHL/H/long/run_0 launch_id=selena_3584839 slurm_job_id=3584839 launched_at=2026-09-27T14:49:36.286361+00:00
[2026-09-27 14:49:36 UTC] extract_test kind=covariate CPHL/H/long
TIME run allocation action=new run=/fslarge/scratch/users/h61084/codes/selectime/outputs/selectime/chronos_bolt/retrieval/test/covariate/Coastal_T_S/15T/short/run_0 launch_id=selena_3584839 slurm_job_id=3584839 launched_at=2026-09-27T14:49:36.358351+00:00
[2026-09-27 14:49:36 UTC] extract_test kind=covariate Coastal_T_S/15T/short
TIME run allocation action=new run=/fslarge/scratch/users/h61084/codes/selectime/outputs/selectime/chronos_bolt/retrieval/test/covariate/Coastal_T_S/15T/medium/run_0 launch_id=selena_3584839 slurm_job_id=3584839 launched_at=2026-09-27T14:49:40.272666+00:00
[2026-09-27 14:49:40 UTC] extract_test kind=covariate Coastal_T_S/15T/medium
TIME run allocation action=new run=/fslarge/scratch/users/h61084/codes/selectime/outputs/selectime/chronos_bolt/retrieval/test/covariate/Coastal_T_S/15T/long/run_0 launch_id=selena_3584839 slurm_job_id=3584839 launched_at=2026-09-27T14:49:40.551471+00:00
[2026-09-27 14:49:40 UTC] extract_test kind=covariate Coastal_T_S/15T/long
TIME run allocation action=new run=/fslarge/scratch/users/h61084/codes/selectime/outputs/selectime/chronos_bolt/retrieval/test/covariate/Coastal_T_S/20T/short/run_0 launch_id=selena_3584839 slurm_job_id=3584839 launched_at=2026-09-27T14:49:40.785593+00:00
[2026-09-27 14:49:40 UTC] extract_test kind=covariate Coastal_T_S/20T/short
TIME run allocation action=new run=/fslarge/scratch/users/h61084/codes/selectime/outputs/selectime/chronos_bolt/retrieval/test/covariate/Coastal_T_S/20T/medium/run_0 launch_id=selena_3584839 slurm_job_id=3584839 launched_at=2026-09-27T14:49:40.912951+00:00
[2026-09-27 14:49:40 UTC] extract_test kind=covariate Coastal_T_S/20T/medium
TIME run allocation action=new run=/fslarge/scratch/users/h61084/codes/selectime/outputs/selectime/chronos_bolt/retrieval/test/covariate/Coastal_T_S/20T/long/run_0 launch_id=selena_3584839 slurm_job_id=3584839 launched_at=2026-09-27T14:49:40.961564+00:00
[2026-09-27 14:49:40 UTC] extract_test kind=covariate Coastal_T_S/20T/long
TIME run allocation action=new run=/fslarge/scratch/users/h61084/codes/selectime/outputs/selectime/chronos_bolt/retrieval/test/covariate/Coastal_T_S/H/short/run_0 launch_id=selena_3584839 slurm_job_id=3584839 launched_at=2026-09-27T14:49:41.006610+00:00
[2026-09-27 14:49:41 UTC] extract_test kind=covariate Coastal_T_S/H/short
TIME run allocation action=new run=/fslarge/scratch/users/h61084/codes/selectime/outputs/selectime/chronos_bolt/retrieval/test/covariate/Coastal_T_S/H/medium/run_0 launch_id=selena_3584839 slurm_job_id=3584839 launched_at=2026-09-27T14:49:45.216049+00:00
[2026-09-27 14:49:45 UTC] extract_test kind=covariate Coastal_T_S/H/medium
TIME run allocation action=new run=/fslarge/scratch/users/h61084/codes/selectime/outputs/selectime/chronos_bolt/retrieval/test/covariate/Coastal_T_S/H/long/run_0 launch_id=selena_3584839 slurm_job_id=3584839 launched_at=2026-09-27T14:49:46.472259+00:00
[2026-09-27 14:49:46 UTC] extract_test kind=covariate Coastal_T_S/H/long
TIME run allocation action=new run=/fslarge/scratch/users/h61084/codes/selectime/outputs/selectime/chronos_bolt/retrieval/test/covariate/SG_Weather/D/short/run_0 launch_id=selena_3584839 slurm_job_id=3584839 launched_at=2026-09-27T14:49:47.823014+00:00
[2026-09-27 14:49:47 UTC] extract_test kind=covariate SG_Weather/D/short
TIME run allocation action=new run=/fslarge/scratch/users/h61084/codes/selectime/outputs/selectime/chronos_bolt/retrieval/test/covariate/SG_Weather/D/medium/run_0 launch_id=selena_3584839 slurm_job_id=3584839 launched_at=2026-09-27T14:49:51.888983+00:00
[2026-09-27 14:49:51 UTC] extract_test kind=covariate SG_Weather/D/medium
TIME run allocation action=new run=/fslarge/scratch/users/h61084/codes/selectime/outputs/selectime/chronos_bolt/retrieval/test/covariate/SG_Weather/D/long/run_0 launch_id=selena_3584839 slurm_job_id=3584839 launched_at=2026-09-27T14:49:53.750497+00:00
[2026-09-27 14:49:53 UTC] extract_test kind=covariate SG_Weather/D/long
TIME run allocation action=new run=/fslarge/scratch/users/h61084/codes/selectime/outputs/selectime/chronos_bolt/retrieval/test/covariate/SG_PM25/H/short/run_0 launch_id=selena_3584839 slurm_job_id=3584839 launched_at=2026-09-27T14:49:54.805882+00:00
[2026-09-27 14:49:54 UTC] extract_test kind=covariate SG_PM25/H/short
TIME run allocation action=new run=/fslarge/scratch/users/h61084/codes/selectime/outputs/selectime/chronos_bolt/retrieval/test/covariate/SG_PM25/H/medium/run_0 launch_id=selena_3584839 slurm_job_id=3584839 launched_at=2026-09-27T14:49:55.027250+00:00
[2026-09-27 14:49:55 UTC] extract_test kind=covariate SG_PM25/H/medium
TIME run allocation action=new run=/fslarge/scratch/users/h61084/codes/selectime/outputs/selectime/chronos_bolt/retrieval/test/covariate/SG_PM25/H/long/run_0 launch_id=selena_3584839 slurm_job_id=3584839 launched_at=2026-09-27T14:49:55.176721+00:00
[2026-09-27 14:49:55 UTC] extract_test kind=covariate SG_PM25/H/long
TIME run allocation action=new run=/fslarge/scratch/users/h61084/codes/selectime/outputs/selectime/chronos_bolt/retrieval/test/covariate/NE_China_Wind/H/short/run_0 launch_id=selena_3584839 slurm_job_id=3584839 launched_at=2026-09-27T14:49:55.307599+00:00
[2026-09-27 14:49:55 UTC] extract_test kind=covariate NE_China_Wind/H/short
TIME run allocation action=new run=/fslarge/scratch/users/h61084/codes/selectime/outputs/selectime/chronos_bolt/retrieval/test/covariate/NE_China_Wind/H/medium/run_0 launch_id=selena_3584839 slurm_job_id=3584839 launched_at=2026-09-27T14:49:55.367912+00:00
[2026-09-27 14:49:55 UTC] extract_test kind=covariate NE_China_Wind/H/medium
TIME run allocation action=new run=/fslarge/scratch/users/h61084/codes/selectime/outputs/selectime/chronos_bolt/retrieval/test/covariate/NE_China_Wind/H/long/run_0 launch_id=selena_3584839 slurm_job_id=3584839 launched_at=2026-09-27T14:49:55.422837+00:00
[2026-09-27 14:49:55 UTC] extract_test kind=covariate NE_China_Wind/H/long
TIME run allocation action=new run=/fslarge/scratch/users/h61084/codes/selectime/outputs/selectime/chronos_bolt/retrieval/test/covariate/Australia_Solar/H/short/run_0 launch_id=selena_3584839 slurm_job_id=3584839 launched_at=2026-09-27T14:49:55.473150+00:00
[2026-09-27 14:49:55 UTC] extract_test kind=covariate Australia_Solar/H/short
TIME run allocation action=new run=/fslarge/scratch/users/h61084/codes/selectime/outputs/selectime/chronos_bolt/retrieval/test/covariate/Australia_Solar/H/medium/run_0 launch_id=selena_3584839 slurm_job_id=3584839 launched_at=2026-09-27T14:49:55.592319+00:00
[2026-09-27 14:49:55 UTC] extract_test kind=covariate Australia_Solar/H/medium
TIME run allocation action=new run=/fslarge/scratch/users/h61084/codes/selectime/outputs/selectime/chronos_bolt/retrieval/test/covariate/Australia_Solar/H/long/run_0 launch_id=selena_3584839 slurm_job_id=3584839 launched_at=2026-09-27T14:49:55.683556+00:00
[2026-09-27 14:49:55 UTC] extract_test kind=covariate Australia_Solar/H/long
TIME run allocation action=new run=/fslarge/scratch/users/h61084/codes/selectime/outputs/selectime/chronos_bolt/retrieval/test/covariate/epf_electricity_price/H/short/run_0 launch_id=selena_3584839 slurm_job_id=3584839 launched_at=2026-09-27T14:49:55.775201+00:00
[2026-09-27 14:49:55 UTC] extract_test kind=covariate epf_electricity_price/H/short
TIME run allocation action=new run=/fslarge/scratch/users/h61084/codes/selectime/outputs/selectime/chronos_bolt/retrieval/test/covariate/epf_electricity_price/H/medium/run_0 launch_id=selena_3584839 slurm_job_id=3584839 launched_at=2026-09-27T14:49:56.072772+00:00
[2026-09-27 14:49:56 UTC] extract_test kind=covariate epf_electricity_price/H/medium
TIME run allocation action=new run=/fslarge/scratch/users/h61084/codes/selectime/outputs/selectime/chronos_bolt/retrieval/test/covariate/epf_electricity_price/H/long/run_0 launch_id=selena_3584839 slurm_job_id=3584839 launched_at=2026-09-27T14:49:56.280481+00:00
[2026-09-27 14:49:56 UTC] extract_test kind=covariate epf_electricity_price/H/long
TIME run allocation action=new run=/fslarge/scratch/users/h61084/codes/selectime/outputs/selectime/chronos_bolt/retrieval/test/covariate/OpenElectricity_NEM/5T/short/run_0 launch_id=selena_3584839 slurm_job_id=3584839 launched_at=2026-09-27T14:49:56.409391+00:00
[2026-09-27 14:49:56 UTC] extract_test kind=covariate OpenElectricity_NEM/5T/short
TIME run allocation action=new run=/fslarge/scratch/users/h61084/codes/selectime/outputs/selectime/chronos_bolt/retrieval/test/covariate/OpenElectricity_NEM/5T/medium/run_0 launch_id=selena_3584839 slurm_job_id=3584839 launched_at=2026-09-27T14:49:58.994017+00:00
[2026-09-27 14:49:58 UTC] extract_test kind=covariate OpenElectricity_NEM/5T/medium
TIME run allocation action=new run=/fslarge/scratch/users/h61084/codes/selectime/outputs/selectime/chronos_bolt/retrieval/test/covariate/OpenElectricity_NEM/5T/long/run_0 launch_id=selena_3584839 slurm_job_id=3584839 launched_at=2026-09-27T14:49:59.466766+00:00
[2026-09-27 14:49:59 UTC] extract_test kind=covariate OpenElectricity_NEM/5T/long
TIME run allocation action=new run=/fslarge/scratch/users/h61084/codes/selectime/outputs/selectime/chronos_bolt/retrieval/test/covariate/EWELD_Load/15T/short/run_0 launch_id=selena_3584839 slurm_job_id=3584839 launched_at=2026-09-27T14:49:59.681530+00:00
[2026-09-27 14:49:59 UTC] extract_test kind=covariate EWELD_Load/15T/short
TIME run allocation action=new run=/fslarge/scratch/users/h61084/codes/selectime/outputs/selectime/chronos_bolt/retrieval/test/covariate/EWELD_Load/15T/medium/run_0 launch_id=selena_3584839 slurm_job_id=3584839 launched_at=2026-09-27T14:50:00.065977+00:00
[2026-09-27 14:50:00 UTC] extract_test kind=covariate EWELD_Load/15T/medium
TIME run allocation action=new run=/fslarge/scratch/users/h61084/codes/selectime/outputs/selectime/chronos_bolt/retrieval/test/covariate/EWELD_Load/15T/long/run_0 launch_id=selena_3584839 slurm_job_id=3584839 launched_at=2026-09-27T14:50:00.185279+00:00
[2026-09-27 14:50:00 UTC] extract_test kind=covariate EWELD_Load/15T/long
TIME run allocation action=new run=/fslarge/scratch/users/h61084/codes/selectime/outputs/selectime/chronos_bolt/retrieval/test/covariate/SG_Carpark/15T/short/run_0 launch_id=selena_3584839 slurm_job_id=3584839 launched_at=2026-09-27T14:50:00.252224+00:00
[2026-09-27 14:50:00 UTC] extract_test kind=covariate SG_Carpark/15T/short
TIME run allocation action=new run=/fslarge/scratch/users/h61084/codes/selectime/outputs/selectime/chronos_bolt/retrieval/test/covariate/SG_Carpark/15T/medium/run_0 launch_id=selena_3584839 slurm_job_id=3584839 launched_at=2026-09-27T14:52:28.341334+00:00
[2026-09-27 14:52:28 UTC] extract_test kind=covariate SG_Carpark/15T/medium
TIME run allocation action=new run=/fslarge/scratch/users/h61084/codes/selectime/outputs/selectime/chronos_bolt/retrieval/test/covariate/SG_Carpark/15T/long/run_0 launch_id=selena_3584839 slurm_job_id=3584839 launched_at=2026-09-27T14:52:34.491277+00:00
[2026-09-27 14:52:34 UTC] extract_test kind=covariate SG_Carpark/15T/long
TIME run allocation action=new run=/fslarge/scratch/users/h61084/codes/selectime/outputs/selectime/chronos_bolt/retrieval/test/covariate/Finland_Traffic/15T/short/run_0 launch_id=selena_3584839 slurm_job_id=3584839 launched_at=2026-09-27T14:52:35.874059+00:00
[2026-09-27 14:52:35 UTC] extract_test kind=covariate Finland_Traffic/15T/short
TIME run allocation action=new run=/fslarge/scratch/users/h61084/codes/selectime/outputs/selectime/chronos_bolt/retrieval/test/covariate/Finland_Traffic/15T/medium/run_0 launch_id=selena_3584839 slurm_job_id=3584839 launched_at=2026-09-27T14:52:36.001468+00:00
[2026-09-27 14:52:36 UTC] extract_test kind=covariate Finland_Traffic/15T/medium
TIME run allocation action=new run=/fslarge/scratch/users/h61084/codes/selectime/outputs/selectime/chronos_bolt/retrieval/test/covariate/Finland_Traffic/15T/long/run_0 launch_id=selena_3584839 slurm_job_id=3584839 launched_at=2026-09-27T14:52:36.054592+00:00
[2026-09-27 14:52:36 UTC] extract_test kind=covariate Finland_Traffic/15T/long
TIME run allocation action=new run=/fslarge/scratch/users/h61084/codes/selectime/outputs/selectime/chronos_bolt/retrieval/test/covariate/Port_Activity/D/short/run_0 launch_id=selena_3584839 slurm_job_id=3584839 launched_at=2026-09-27T14:52:36.095919+00:00
[2026-09-27 14:52:36 UTC] extract_test kind=covariate Port_Activity/D/short
TIME run allocation action=new run=/fslarge/scratch/users/h61084/codes/selectime/outputs/selectime/chronos_bolt/retrieval/test/covariate/Port_Activity/W/short/run_0 launch_id=selena_3584839 slurm_job_id=3584839 launched_at=2026-09-27T14:52:51.791906+00:00
[2026-09-27 14:52:51 UTC] extract_test kind=covariate Port_Activity/W/short
TIME run allocation action=new run=/fslarge/scratch/users/h61084/codes/selectime/outputs/selectime/chronos_bolt/retrieval/test/covariate/ECDC_COVID/D/short/run_0 launch_id=selena_3584839 slurm_job_id=3584839 launched_at=2026-09-27T14:52:52.766178+00:00
[2026-09-27 14:52:52 UTC] extract_test kind=covariate ECDC_COVID/D/short
TIME run allocation action=new run=/fslarge/scratch/users/h61084/codes/selectime/outputs/selectime/chronos_bolt/retrieval/test/covariate/ECDC_COVID/W/short/run_0 launch_id=selena_3584839 slurm_job_id=3584839 launched_at=2026-09-27T14:52:52.856588+00:00
[2026-09-27 14:52:52 UTC] extract_test kind=covariate ECDC_COVID/W/short
TIME run allocation action=new run=/fslarge/scratch/users/h61084/codes/selectime/outputs/selectime/chronos_bolt/retrieval/test/covariate/Global_Influenza/W/short/run_0 launch_id=selena_3584839 slurm_job_id=3584839 launched_at=2026-09-27T14:52:52.904833+00:00
[2026-09-27 14:52:52 UTC] extract_test kind=covariate Global_Influenza/W/short
TIME run allocation action=new run=/fslarge/scratch/users/h61084/codes/selectime/outputs/selectime/chronos_bolt/retrieval/test/covariate/Crypto/D/short/run_0 launch_id=selena_3584839 slurm_job_id=3584839 launched_at=2026-09-27T14:52:53.021732+00:00
[2026-09-27 14:52:53 UTC] extract_test kind=covariate Crypto/D/short
TIME run allocation action=new run=/fslarge/scratch/users/h61084/codes/selectime/outputs/selectime/chronos_bolt/retrieval/test/covariate/US_Term_Structure/B/short/run_0 launch_id=selena_3584839 slurm_job_id=3584839 launched_at=2026-09-27T14:52:53.112576+00:00
[2026-09-27 14:52:53 UTC] extract_test kind=covariate US_Term_Structure/B/short
TIME run allocation action=new run=/fslarge/scratch/users/h61084/codes/selectime/outputs/selectime/chronos_bolt/retrieval/test/covariate/Oil_Price/B/short/run_0 launch_id=selena_3584839 slurm_job_id=3584839 launched_at=2026-09-27T14:53:03.308850+00:00
[2026-09-27 14:53:03 UTC] extract_test kind=covariate Oil_Price/B/short
TIME run allocation action=new run=/fslarge/scratch/users/h61084/codes/selectime/outputs/selectime/chronos_bolt/retrieval/test/covariate/Job_Claims/W/short/run_0 launch_id=selena_3584839 slurm_job_id=3584839 launched_at=2026-09-27T14:53:03.963498+00:00
[2026-09-27 14:53:03 UTC] extract_test kind=covariate Job_Claims/W/short
TIME run allocation action=new run=/fslarge/scratch/users/h61084/codes/selectime/outputs/selectime/chronos_bolt/retrieval/test/covariate/Uncertainty_1M/M/short/run_0 launch_id=selena_3584839 slurm_job_id=3584839 launched_at=2026-09-27T14:53:03.999965+00:00
[2026-09-27 14:53:04 UTC] extract_test kind=covariate Uncertainty_1M/M/short
TIME run allocation action=new run=/fslarge/scratch/users/h61084/codes/selectime/outputs/selectime/chronos_bolt/retrieval/test/covariate/Housing_Inventory/M/short/run_0 launch_id=selena_3584839 slurm_job_id=3584839 launched_at=2026-09-27T14:53:04.037609+00:00
[2026-09-27 14:53:04 UTC] extract_test kind=covariate Housing_Inventory/M/short
TIME run allocation action=new run=/fslarge/scratch/users/h61084/codes/selectime/outputs/selectime/chronos_bolt/retrieval/test/covariate/JOLTS/M/short/run_0 launch_id=selena_3584839 slurm_job_id=3584839 launched_at=2026-09-27T14:53:04.072051+00:00
[2026-09-27 14:53:04 UTC] extract_test kind=covariate JOLTS/M/short
TIME run allocation action=new run=/fslarge/scratch/users/h61084/codes/selectime/outputs/selectime/chronos_bolt/retrieval/test/covariate/US_Labor/M/short/run_0 launch_id=selena_3584839 slurm_job_id=3584839 launched_at=2026-09-27T14:53:04.108673+00:00
[2026-09-27 14:53:04 UTC] extract_test kind=covariate US_Labor/M/short
TIME run allocation action=new run=/fslarge/scratch/users/h61084/codes/selectime/outputs/selectime/chronos_bolt/retrieval/test/covariate/Vehicle_Supply/M/short/run_0 launch_id=selena_3584839 slurm_job_id=3584839 launched_at=2026-09-27T14:53:04.148085+00:00
[2026-09-27 14:53:04 UTC] extract_test kind=covariate Vehicle_Supply/M/short
TIME run allocation action=new run=/fslarge/scratch/users/h61084/codes/selectime/outputs/selectime/chronos_bolt/retrieval/test/covariate/Auto_Production_SF/M/short/run_0 launch_id=selena_3584839 slurm_job_id=3584839 launched_at=2026-09-27T14:53:04.183851+00:00
[2026-09-27 14:53:04 UTC] extract_test kind=covariate Auto_Production_SF/M/short
TIME run allocation action=new run=/fslarge/scratch/users/h61084/codes/selectime/outputs/selectime/chronos_bolt/retrieval/test/covariate/Commodity_Production/M/short/run_0 launch_id=selena_3584839 slurm_job_id=3584839 launched_at=2026-09-27T14:53:04.216974+00:00
[2026-09-27 14:53:04 UTC] extract_test kind=covariate Commodity_Production/M/short
TIME run allocation action=new run=/fslarge/scratch/users/h61084/codes/selectime/outputs/selectime/chronos_bolt/retrieval/test/covariate/Commodity_Import/M/short/run_0 launch_id=selena_3584839 slurm_job_id=3584839 launched_at=2026-09-27T14:53:04.300206+00:00
[2026-09-27 14:53:04 UTC] extract_test kind=covariate Commodity_Import/M/short
TIME run allocation action=new run=/fslarge/scratch/users/h61084/codes/selectime/outputs/selectime/chronos_bolt/retrieval/test/covariate/WUI_Global/Q/short/run_0 launch_id=selena_3584839 slurm_job_id=3584839 launched_at=2026-09-27T14:53:04.349474+00:00
[2026-09-27 14:53:04 UTC] extract_test kind=covariate WUI_Global/Q/short
TIME run allocation action=new run=/fslarge/scratch/users/h61084/codes/selectime/outputs/selectime/chronos_bolt/retrieval/test/covariate/Global_Price/Q/short/run_0 launch_id=selena_3584839 slurm_job_id=3584839 launched_at=2026-09-27T14:53:04.392027+00:00
[2026-09-27 14:53:04 UTC] extract_test kind=covariate Global_Price/Q/short
TIME run allocation action=new run=/fslarge/scratch/users/h61084/codes/selectime/outputs/selectime/chronos_bolt/retrieval/test/covariate/Vehicle_Sales/M/short/run_0 launch_id=selena_3584839 slurm_job_id=3584839 launched_at=2026-09-27T14:53:04.458504+00:00
[2026-09-27 14:53:04 UTC] extract_test kind=covariate Vehicle_Sales/M/short
TIME run allocation action=new run=/fslarge/scratch/users/h61084/codes/selectime/outputs/selectime/chronos_bolt/retrieval/test/covariate/Online_Retail_2_UCI/D/short/run_0 launch_id=selena_3584839 slurm_job_id=3584839 launched_at=2026-09-27T14:53:04.497770+00:00
[2026-09-27 14:53:04 UTC] extract_test kind=covariate Online_Retail_2_UCI/D/short
TIME run allocation action=new run=/fslarge/scratch/users/h61084/codes/selectime/outputs/selectime/chronos_bolt/retrieval/test/covariate/Supply_Chain_Customer/D/short/run_0 launch_id=selena_3584839 slurm_job_id=3584839 launched_at=2026-09-27T14:53:04.535572+00:00
[2026-09-27 14:53:04 UTC] extract_test kind=covariate Supply_Chain_Customer/D/short
TIME run allocation action=new run=/fslarge/scratch/users/h61084/codes/selectime/outputs/selectime/chronos_bolt/retrieval/test/covariate/Supply_Chain_Location/D/short/run_0 launch_id=selena_3584839 slurm_job_id=3584839 launched_at=2026-09-27T14:53:05.263846+00:00
[2026-09-27 14:53:05 UTC] extract_test kind=covariate Supply_Chain_Location/D/short
TIME run allocation action=new run=/fslarge/scratch/users/h61084/codes/selectime/outputs/selectime/chronos_bolt/retrieval/test/covariate/azure2019_U/5T/short/run_0 launch_id=selena_3584839 slurm_job_id=3584839 launched_at=2026-09-27T14:53:06.545272+00:00
[2026-09-27 14:53:06 UTC] extract_test kind=covariate azure2019_U/5T/short
TIME run allocation action=new run=/fslarge/scratch/users/h61084/codes/selectime/outputs/selectime/chronos_bolt/retrieval/test/covariate/Smart_Manufacturing/H/short/run_0 launch_id=selena_3584839 slurm_job_id=3584839 launched_at=2026-09-27T14:53:06.705165+00:00
[2026-09-27 14:53:06 UTC] extract_test kind=covariate Smart_Manufacturing/H/short
TIME run allocation action=new run=/fslarge/scratch/users/h61084/codes/selectime/outputs/selectime/chronos_bolt/retrieval/test/covariate/Smart_Manufacturing/H/medium/run_0 launch_id=selena_3584839 slurm_job_id=3584839 launched_at=2026-09-27T14:53:09.080069+00:00
[2026-09-27 14:53:09 UTC] extract_test kind=covariate Smart_Manufacturing/H/medium
TIME run allocation action=new run=/fslarge/scratch/users/h61084/codes/selectime/outputs/selectime/chronos_bolt/retrieval/test/covariate/Smart_Manufacturing/H/long/run_0 launch_id=selena_3584839 slurm_job_id=3584839 launched_at=2026-09-27T14:53:09.264024+00:00
[2026-09-27 14:53:09 UTC] extract_test kind=covariate Smart_Manufacturing/H/long
TIME run allocation action=new run=/fslarge/scratch/users/h61084/codes/selectime/outputs/selectime/chronos_bolt/retrieval/test/covariate/MetroPT-3/5T/short/run_0 launch_id=selena_3584839 slurm_job_id=3584839 launched_at=2026-09-27T14:53:09.420007+00:00
[2026-09-27 14:53:09 UTC] extract_test kind=covariate MetroPT-3/5T/short
TIME run allocation action=new run=/fslarge/scratch/users/h61084/codes/selectime/outputs/selectime/chronos_bolt/retrieval/test/covariate/MetroPT-3/5T/medium/run_0 launch_id=selena_3584839 slurm_job_id=3584839 launched_at=2026-09-27T14:53:09.625788+00:00
[2026-09-27 14:53:09 UTC] extract_test kind=covariate MetroPT-3/5T/medium
TIME run allocation action=new run=/fslarge/scratch/users/h61084/codes/selectime/outputs/selectime/chronos_bolt/retrieval/test/covariate/MetroPT-3/5T/long/run_0 launch_id=selena_3584839 slurm_job_id=3584839 launched_at=2026-09-27T14:53:09.698165+00:00
[2026-09-27 14:53:09 UTC] extract_test kind=covariate MetroPT-3/5T/long
[2026-09-27 14:53:26 UTC] Slurm=3584839 launch=selena_3584839 stage=predict_test prediction_group=vanilla
[2026-09-27 14:53:29 UTC] dataset_config=/fssmall/home/h61084/codes/selectime/src/timebench/config/datasets.yaml applied_keys=datasets,selectime_tasks tasks=90
[2026-09-27 14:53:29 UTC] resources selected_device {"component": "selectime", "device": "cuda", "stage": "predict_test"}
[2026-09-27 14:53:29 UTC] stage=predict_test tasks=90 seed=0 Slurm=3584839
[2026-09-27 16:53:29,995][datasets][INFO] - PyTorch version 2.9.1 available.
TIME run allocation action=new run=/fslarge/scratch/users/h61084/codes/selectime/outputs/selectime/chronos_bolt/predictions/test/vanilla_univariate/Water_Quality_Darwin/15T/short/run_1 launch_id=selena_3584839 slurm_job_id=3584839 launched_at=2026-09-27T14:53:30.691722+00:00
[2026-09-27 14:53:30 UTC] predict_test method=vanilla_univariate Water_Quality_Darwin/15T/short
TIME run allocation action=new run=/fslarge/scratch/users/h61084/codes/selectime/outputs/selectime/chronos_bolt/predictions/test/vanilla_univariate/Water_Quality_Darwin/15T/medium/run_1 launch_id=selena_3584839 slurm_job_id=3584839 launched_at=2026-09-27T14:53:36.325810+00:00
[2026-09-27 14:53:36 UTC] predict_test method=vanilla_univariate Water_Quality_Darwin/15T/medium
TIME run allocation action=new run=/fslarge/scratch/users/h61084/codes/selectime/outputs/selectime/chronos_bolt/predictions/test/vanilla_univariate/Water_Quality_Darwin/15T/long/run_1 launch_id=selena_3584839 slurm_job_id=3584839 launched_at=2026-09-27T14:53:36.452768+00:00
[2026-09-27 14:53:36 UTC] predict_test method=vanilla_univariate Water_Quality_Darwin/15T/long
TIME run allocation action=new run=/fslarge/scratch/users/h61084/codes/selectime/outputs/selectime/chronos_bolt/predictions/test/vanilla_univariate/current_velocity/5T/short/run_1 launch_id=selena_3584839 slurm_job_id=3584839 launched_at=2026-09-27T14:53:36.535521+00:00
[2026-09-27 14:53:36 UTC] predict_test method=vanilla_univariate current_velocity/5T/short
TIME run allocation action=new run=/fslarge/scratch/users/h61084/codes/selectime/outputs/selectime/chronos_bolt/predictions/test/vanilla_univariate/current_velocity/5T/medium/run_1 launch_id=selena_3584839 slurm_job_id=3584839 launched_at=2026-09-27T14:53:36.601056+00:00
[2026-09-27 14:53:36 UTC] predict_test method=vanilla_univariate current_velocity/5T/medium
TIME run allocation action=new run=/fslarge/scratch/users/h61084/codes/selectime/outputs/selectime/chronos_bolt/predictions/test/vanilla_univariate/current_velocity/5T/long/run_1 launch_id=selena_3584839 slurm_job_id=3584839 launched_at=2026-09-27T14:53:36.662338+00:00
[2026-09-27 14:53:36 UTC] predict_test method=vanilla_univariate current_velocity/5T/long
TIME run allocation action=new run=/fslarge/scratch/users/h61084/codes/selectime/outputs/selectime/chronos_bolt/predictions/test/vanilla_univariate/current_velocity/10T/short/run_1 launch_id=selena_3584839 slurm_job_id=3584839 launched_at=2026-09-27T14:53:36.880165+00:00
[2026-09-27 14:53:36 UTC] predict_test method=vanilla_univariate current_velocity/10T/short
TIME run allocation action=new run=/fslarge/scratch/users/h61084/codes/selectime/outputs/selectime/chronos_bolt/predictions/test/vanilla_univariate/current_velocity/10T/medium/run_1 launch_id=selena_3584839 slurm_job_id=3584839 launched_at=2026-09-27T14:53:37.094476+00:00
[2026-09-27 14:53:37 UTC] predict_test method=vanilla_univariate current_velocity/10T/medium
TIME run allocation action=new run=/fslarge/scratch/users/h61084/codes/selectime/outputs/selectime/chronos_bolt/predictions/test/vanilla_univariate/current_velocity/10T/long/run_1 launch_id=selena_3584839 slurm_job_id=3584839 launched_at=2026-09-27T14:53:37.298997+00:00
[2026-09-27 14:53:37 UTC] predict_test method=vanilla_univariate current_velocity/10T/long
TIME run allocation action=new run=/fslarge/scratch/users/h61084/codes/selectime/outputs/selectime/chronos_bolt/predictions/test/vanilla_univariate/current_velocity/15T/short/run_1 launch_id=selena_3584839 slurm_job_id=3584839 launched_at=2026-09-27T14:53:37.408465+00:00
[2026-09-27 14:53:37 UTC] predict_test method=vanilla_univariate current_velocity/15T/short
TIME run allocation action=new run=/fslarge/scratch/users/h61084/codes/selectime/outputs/selectime/chronos_bolt/predictions/test/vanilla_univariate/current_velocity/15T/medium/run_1 launch_id=selena_3584839 slurm_job_id=3584839 launched_at=2026-09-27T14:53:37.485420+00:00
[2026-09-27 14:53:37 UTC] predict_test method=vanilla_univariate current_velocity/15T/medium
TIME run allocation action=new run=/fslarge/scratch/users/h61084/codes/selectime/outputs/selectime/chronos_bolt/predictions/test/vanilla_univariate/current_velocity/15T/long/run_1 launch_id=selena_3584839 slurm_job_id=3584839 launched_at=2026-09-27T14:53:37.559613+00:00
[2026-09-27 14:53:37 UTC] predict_test method=vanilla_univariate current_velocity/15T/long
TIME run allocation action=new run=/fslarge/scratch/users/h61084/codes/selectime/outputs/selectime/chronos_bolt/predictions/test/vanilla_univariate/current_velocity/H/short/run_1 launch_id=selena_3584839 slurm_job_id=3584839 launched_at=2026-09-27T14:53:37.675473+00:00
[2026-09-27 14:53:37 UTC] predict_test method=vanilla_univariate current_velocity/H/short
TIME run allocation action=new run=/fslarge/scratch/users/h61084/codes/selectime/outputs/selectime/chronos_bolt/predictions/test/vanilla_univariate/current_velocity/H/medium/run_1 launch_id=selena_3584839 slurm_job_id=3584839 launched_at=2026-09-27T14:53:37.785691+00:00
[2026-09-27 14:53:37 UTC] predict_test method=vanilla_univariate current_velocity/H/medium
TIME run allocation action=new run=/fslarge/scratch/users/h61084/codes/selectime/outputs/selectime/chronos_bolt/predictions/test/vanilla_univariate/current_velocity/H/long/run_1 launch_id=selena_3584839 slurm_job_id=3584839 launched_at=2026-09-27T14:53:37.891999+00:00
[2026-09-27 14:53:37 UTC] predict_test method=vanilla_univariate current_velocity/H/long
TIME run allocation action=new run=/fslarge/scratch/users/h61084/codes/selectime/outputs/selectime/chronos_bolt/predictions/test/vanilla_univariate/CPHL/15T/short/run_1 launch_id=selena_3584839 slurm_job_id=3584839 launched_at=2026-09-27T14:53:37.953904+00:00
[2026-09-27 14:53:37 UTC] predict_test method=vanilla_univariate CPHL/15T/short
TIME run allocation action=new run=/fslarge/scratch/users/h61084/codes/selectime/outputs/selectime/chronos_bolt/predictions/test/vanilla_univariate/CPHL/15T/medium/run_1 launch_id=selena_3584839 slurm_job_id=3584839 launched_at=2026-09-27T14:53:37.991788+00:00
[2026-09-27 14:53:37 UTC] predict_test method=vanilla_univariate CPHL/15T/medium
TIME run allocation action=new run=/fslarge/scratch/users/h61084/codes/selectime/outputs/selectime/chronos_bolt/predictions/test/vanilla_univariate/CPHL/15T/long/run_1 launch_id=selena_3584839 slurm_job_id=3584839 launched_at=2026-09-27T14:53:38.029294+00:00
[2026-09-27 14:53:38 UTC] predict_test method=vanilla_univariate CPHL/15T/long
TIME run allocation action=new run=/fslarge/scratch/users/h61084/codes/selectime/outputs/selectime/chronos_bolt/predictions/test/vanilla_univariate/CPHL/30T/short/run_1 launch_id=selena_3584839 slurm_job_id=3584839 launched_at=2026-09-27T14:53:38.069325+00:00
[2026-09-27 14:53:38 UTC] predict_test method=vanilla_univariate CPHL/30T/short
TIME run allocation action=new run=/fslarge/scratch/users/h61084/codes/selectime/outputs/selectime/chronos_bolt/predictions/test/vanilla_univariate/CPHL/30T/medium/run_1 launch_id=selena_3584839 slurm_job_id=3584839 launched_at=2026-09-27T14:53:38.108169+00:00
[2026-09-27 14:53:38 UTC] predict_test method=vanilla_univariate CPHL/30T/medium
TIME run allocation action=new run=/fslarge/scratch/users/h61084/codes/selectime/outputs/selectime/chronos_bolt/predictions/test/vanilla_univariate/CPHL/30T/long/run_1 launch_id=selena_3584839 slurm_job_id=3584839 launched_at=2026-09-27T14:53:38.147145+00:00
[2026-09-27 14:53:38 UTC] predict_test method=vanilla_univariate CPHL/30T/long
TIME run allocation action=new run=/fslarge/scratch/users/h61084/codes/selectime/outputs/selectime/chronos_bolt/predictions/test/vanilla_univariate/CPHL/H/short/run_1 launch_id=selena_3584839 slurm_job_id=3584839 launched_at=2026-09-27T14:53:38.188573+00:00
[2026-09-27 14:53:38 UTC] predict_test method=vanilla_univariate CPHL/H/short
TIME run allocation action=new run=/fslarge/scratch/users/h61084/codes/selectime/outputs/selectime/chronos_bolt/predictions/test/vanilla_univariate/CPHL/H/medium/run_1 launch_id=selena_3584839 slurm_job_id=3584839 launched_at=2026-09-27T14:53:38.227951+00:00
[2026-09-27 14:53:38 UTC] predict_test method=vanilla_univariate CPHL/H/medium
TIME run allocation action=new run=/fslarge/scratch/users/h61084/codes/selectime/outputs/selectime/chronos_bolt/predictions/test/vanilla_univariate/CPHL/H/long/run_1 launch_id=selena_3584839 slurm_job_id=3584839 launched_at=2026-09-27T14:53:38.265801+00:00
[2026-09-27 14:53:38 UTC] predict_test method=vanilla_univariate CPHL/H/long
TIME run allocation action=new run=/fslarge/scratch/users/h61084/codes/selectime/outputs/selectime/chronos_bolt/predictions/test/vanilla_univariate/Coastal_T_S/15T/short/run_1 launch_id=selena_3584839 slurm_job_id=3584839 launched_at=2026-09-27T14:53:38.341988+00:00
[2026-09-27 14:53:38 UTC] predict_test method=vanilla_univariate Coastal_T_S/15T/short
TIME run allocation action=new run=/fslarge/scratch/users/h61084/codes/selectime/outputs/selectime/chronos_bolt/predictions/test/vanilla_univariate/Coastal_T_S/15T/medium/run_1 launch_id=selena_3584839 slurm_job_id=3584839 launched_at=2026-09-27T14:53:38.418825+00:00
[2026-09-27 14:53:38 UTC] predict_test method=vanilla_univariate Coastal_T_S/15T/medium
TIME run allocation action=new run=/fslarge/scratch/users/h61084/codes/selectime/outputs/selectime/chronos_bolt/predictions/test/vanilla_univariate/Coastal_T_S/15T/long/run_1 launch_id=selena_3584839 slurm_job_id=3584839 launched_at=2026-09-27T14:53:38.494203+00:00
[2026-09-27 14:53:38 UTC] predict_test method=vanilla_univariate Coastal_T_S/15T/long
TIME run allocation action=new run=/fslarge/scratch/users/h61084/codes/selectime/outputs/selectime/chronos_bolt/predictions/test/vanilla_univariate/Coastal_T_S/20T/short/run_1 launch_id=selena_3584839 slurm_job_id=3584839 launched_at=2026-09-27T14:53:38.539842+00:00
[2026-09-27 14:53:38 UTC] predict_test method=vanilla_univariate Coastal_T_S/20T/short
TIME run allocation action=new run=/fslarge/scratch/users/h61084/codes/selectime/outputs/selectime/chronos_bolt/predictions/test/vanilla_univariate/Coastal_T_S/20T/medium/run_1 launch_id=selena_3584839 slurm_job_id=3584839 launched_at=2026-09-27T14:53:38.577747+00:00
[2026-09-27 14:53:38 UTC] predict_test method=vanilla_univariate Coastal_T_S/20T/medium
TIME run allocation action=new run=/fslarge/scratch/users/h61084/codes/selectime/outputs/selectime/chronos_bolt/predictions/test/vanilla_univariate/Coastal_T_S/20T/long/run_1 launch_id=selena_3584839 slurm_job_id=3584839 launched_at=2026-09-27T14:53:38.615793+00:00
[2026-09-27 14:53:38 UTC] predict_test method=vanilla_univariate Coastal_T_S/20T/long
TIME run allocation action=new run=/fslarge/scratch/users/h61084/codes/selectime/outputs/selectime/chronos_bolt/predictions/test/vanilla_univariate/Coastal_T_S/H/short/run_1 launch_id=selena_3584839 slurm_job_id=3584839 launched_at=2026-09-27T14:53:38.702105+00:00
[2026-09-27 14:53:38 UTC] predict_test method=vanilla_univariate Coastal_T_S/H/short
TIME run allocation action=new run=/fslarge/scratch/users/h61084/codes/selectime/outputs/selectime/chronos_bolt/predictions/test/vanilla_univariate/Coastal_T_S/H/medium/run_1 launch_id=selena_3584839 slurm_job_id=3584839 launched_at=2026-09-27T14:53:38.796764+00:00
[2026-09-27 14:53:38 UTC] predict_test method=vanilla_univariate Coastal_T_S/H/medium
TIME run allocation action=new run=/fslarge/scratch/users/h61084/codes/selectime/outputs/selectime/chronos_bolt/predictions/test/vanilla_univariate/Coastal_T_S/H/long/run_1 launch_id=selena_3584839 slurm_job_id=3584839 launched_at=2026-09-27T14:53:38.889285+00:00
[2026-09-27 14:53:38 UTC] predict_test method=vanilla_univariate Coastal_T_S/H/long
TIME run allocation action=new run=/fslarge/scratch/users/h61084/codes/selectime/outputs/selectime/chronos_bolt/predictions/test/vanilla_univariate/SG_Weather/D/short/run_1 launch_id=selena_3584839 slurm_job_id=3584839 launched_at=2026-09-27T14:53:38.953276+00:00
[2026-09-27 14:53:38 UTC] predict_test method=vanilla_univariate SG_Weather/D/short
TIME run allocation action=new run=/fslarge/scratch/users/h61084/codes/selectime/outputs/selectime/chronos_bolt/predictions/test/vanilla_univariate/SG_Weather/D/medium/run_1 launch_id=selena_3584839 slurm_job_id=3584839 launched_at=2026-09-27T14:53:39.003667+00:00
[2026-09-27 14:53:39 UTC] predict_test method=vanilla_univariate SG_Weather/D/medium
TIME run allocation action=new run=/fslarge/scratch/users/h61084/codes/selectime/outputs/selectime/chronos_bolt/predictions/test/vanilla_univariate/SG_Weather/D/long/run_1 launch_id=selena_3584839 slurm_job_id=3584839 launched_at=2026-09-27T14:53:39.051189+00:00
[2026-09-27 14:53:39 UTC] predict_test method=vanilla_univariate SG_Weather/D/long
TIME run allocation action=new run=/fslarge/scratch/users/h61084/codes/selectime/outputs/selectime/chronos_bolt/predictions/test/vanilla_univariate/SG_PM25/H/short/run_1 launch_id=selena_3584839 slurm_job_id=3584839 launched_at=2026-09-27T14:53:39.115125+00:00
[2026-09-27 14:53:39 UTC] predict_test method=vanilla_univariate SG_PM25/H/short
TIME run allocation action=new run=/fslarge/scratch/users/h61084/codes/selectime/outputs/selectime/chronos_bolt/predictions/test/vanilla_univariate/SG_PM25/H/medium/run_1 launch_id=selena_3584839 slurm_job_id=3584839 launched_at=2026-09-27T14:53:39.175221+00:00
[2026-09-27 14:53:39 UTC] predict_test method=vanilla_univariate SG_PM25/H/medium
TIME run allocation action=new run=/fslarge/scratch/users/h61084/codes/selectime/outputs/selectime/chronos_bolt/predictions/test/vanilla_univariate/SG_PM25/H/long/run_1 launch_id=selena_3584839 slurm_job_id=3584839 launched_at=2026-09-27T14:53:39.236305+00:00
[2026-09-27 14:53:39 UTC] predict_test method=vanilla_univariate SG_PM25/H/long
TIME run allocation action=new run=/fslarge/scratch/users/h61084/codes/selectime/outputs/selectime/chronos_bolt/predictions/test/vanilla_univariate/NE_China_Wind/H/short/run_1 launch_id=selena_3584839 slurm_job_id=3584839 launched_at=2026-09-27T14:53:39.278116+00:00
[2026-09-27 14:53:39 UTC] predict_test method=vanilla_univariate NE_China_Wind/H/short
TIME run allocation action=new run=/fslarge/scratch/users/h61084/codes/selectime/outputs/selectime/chronos_bolt/predictions/test/vanilla_univariate/NE_China_Wind/H/medium/run_1 launch_id=selena_3584839 slurm_job_id=3584839 launched_at=2026-09-27T14:53:39.317132+00:00
[2026-09-27 14:53:39 UTC] predict_test method=vanilla_univariate NE_China_Wind/H/medium
TIME run allocation action=new run=/fslarge/scratch/users/h61084/codes/selectime/outputs/selectime/chronos_bolt/predictions/test/vanilla_univariate/NE_China_Wind/H/long/run_1 launch_id=selena_3584839 slurm_job_id=3584839 launched_at=2026-09-27T14:53:39.357008+00:00
[2026-09-27 14:53:39 UTC] predict_test method=vanilla_univariate NE_China_Wind/H/long
TIME run allocation action=new run=/fslarge/scratch/users/h61084/codes/selectime/outputs/selectime/chronos_bolt/predictions/test/vanilla_univariate/Australia_Solar/H/short/run_1 launch_id=selena_3584839 slurm_job_id=3584839 launched_at=2026-09-27T14:53:39.403299+00:00
[2026-09-27 14:53:39 UTC] predict_test method=vanilla_univariate Australia_Solar/H/short
TIME run allocation action=new run=/fslarge/scratch/users/h61084/codes/selectime/outputs/selectime/chronos_bolt/predictions/test/vanilla_univariate/Australia_Solar/H/medium/run_1 launch_id=selena_3584839 slurm_job_id=3584839 launched_at=2026-09-27T14:53:39.451711+00:00
[2026-09-27 14:53:39 UTC] predict_test method=vanilla_univariate Australia_Solar/H/medium
TIME run allocation action=new run=/fslarge/scratch/users/h61084/codes/selectime/outputs/selectime/chronos_bolt/predictions/test/vanilla_univariate/Australia_Solar/H/long/run_1 launch_id=selena_3584839 slurm_job_id=3584839 launched_at=2026-09-27T14:53:39.499320+00:00
[2026-09-27 14:53:39 UTC] predict_test method=vanilla_univariate Australia_Solar/H/long
TIME run allocation action=new run=/fslarge/scratch/users/h61084/codes/selectime/outputs/selectime/chronos_bolt/predictions/test/vanilla_univariate/epf_electricity_price/H/short/run_1 launch_id=selena_3584839 slurm_job_id=3584839 launched_at=2026-09-27T14:53:39.567663+00:00
[2026-09-27 14:53:39 UTC] predict_test method=vanilla_univariate epf_electricity_price/H/short
TIME run allocation action=new run=/fslarge/scratch/users/h61084/codes/selectime/outputs/selectime/chronos_bolt/predictions/test/vanilla_univariate/epf_electricity_price/H/medium/run_1 launch_id=selena_3584839 slurm_job_id=3584839 launched_at=2026-09-27T14:53:39.633776+00:00
[2026-09-27 14:53:39 UTC] predict_test method=vanilla_univariate epf_electricity_price/H/medium
TIME run allocation action=new run=/fslarge/scratch/users/h61084/codes/selectime/outputs/selectime/chronos_bolt/predictions/test/vanilla_univariate/epf_electricity_price/H/long/run_1 launch_id=selena_3584839 slurm_job_id=3584839 launched_at=2026-09-27T14:53:39.699302+00:00
[2026-09-27 14:53:39 UTC] predict_test method=vanilla_univariate epf_electricity_price/H/long
TIME run allocation action=new run=/fslarge/scratch/users/h61084/codes/selectime/outputs/selectime/chronos_bolt/predictions/test/vanilla_univariate/OpenElectricity_NEM/5T/short/run_1 launch_id=selena_3584839 slurm_job_id=3584839 launched_at=2026-09-27T14:53:39.800183+00:00
[2026-09-27 14:53:39 UTC] predict_test method=vanilla_univariate OpenElectricity_NEM/5T/short
TIME run allocation action=new run=/fslarge/scratch/users/h61084/codes/selectime/outputs/selectime/chronos_bolt/predictions/test/vanilla_univariate/OpenElectricity_NEM/5T/medium/run_1 launch_id=selena_3584839 slurm_job_id=3584839 launched_at=2026-09-27T14:53:39.903612+00:00
[2026-09-27 14:53:39 UTC] predict_test method=vanilla_univariate OpenElectricity_NEM/5T/medium
TIME run allocation action=new run=/fslarge/scratch/users/h61084/codes/selectime/outputs/selectime/chronos_bolt/predictions/test/vanilla_univariate/OpenElectricity_NEM/5T/long/run_1 launch_id=selena_3584839 slurm_job_id=3584839 launched_at=2026-09-27T14:53:40.004539+00:00
[2026-09-27 14:53:40 UTC] predict_test method=vanilla_univariate OpenElectricity_NEM/5T/long
TIME run allocation action=new run=/fslarge/scratch/users/h61084/codes/selectime/outputs/selectime/chronos_bolt/predictions/test/vanilla_univariate/EWELD_Load/15T/short/run_1 launch_id=selena_3584839 slurm_job_id=3584839 launched_at=2026-09-27T14:53:40.074969+00:00
[2026-09-27 14:53:40 UTC] predict_test method=vanilla_univariate EWELD_Load/15T/short
TIME run allocation action=new run=/fslarge/scratch/users/h61084/codes/selectime/outputs/selectime/chronos_bolt/predictions/test/vanilla_univariate/EWELD_Load/15T/medium/run_1 launch_id=selena_3584839 slurm_job_id=3584839 launched_at=2026-09-27T14:53:40.136924+00:00
[2026-09-27 14:53:40 UTC] predict_test method=vanilla_univariate EWELD_Load/15T/medium
TIME run allocation action=new run=/fslarge/scratch/users/h61084/codes/selectime/outputs/selectime/chronos_bolt/predictions/test/vanilla_univariate/EWELD_Load/15T/long/run_1 launch_id=selena_3584839 slurm_job_id=3584839 launched_at=2026-09-27T14:53:40.197621+00:00
[2026-09-27 14:53:40 UTC] predict_test method=vanilla_univariate EWELD_Load/15T/long
TIME run allocation action=new run=/fslarge/scratch/users/h61084/codes/selectime/outputs/selectime/chronos_bolt/predictions/test/vanilla_univariate/SG_Carpark/15T/short/run_1 launch_id=selena_3584839 slurm_job_id=3584839 launched_at=2026-09-27T14:53:40.845731+00:00
[2026-09-27 14:53:40 UTC] predict_test method=vanilla_univariate SG_Carpark/15T/short
TIME run allocation action=new run=/fslarge/scratch/users/h61084/codes/selectime/outputs/selectime/chronos_bolt/predictions/test/vanilla_univariate/SG_Carpark/15T/medium/run_1 launch_id=selena_3584839 slurm_job_id=3584839 launched_at=2026-09-27T14:53:41.536397+00:00
[2026-09-27 14:53:41 UTC] predict_test method=vanilla_univariate SG_Carpark/15T/medium
TIME run allocation action=new run=/fslarge/scratch/users/h61084/codes/selectime/outputs/selectime/chronos_bolt/predictions/test/vanilla_univariate/SG_Carpark/15T/long/run_1 launch_id=selena_3584839 slurm_job_id=3584839 launched_at=2026-09-27T14:53:42.199482+00:00
[2026-09-27 14:53:42 UTC] predict_test method=vanilla_univariate SG_Carpark/15T/long
TIME run allocation action=new run=/fslarge/scratch/users/h61084/codes/selectime/outputs/selectime/chronos_bolt/predictions/test/vanilla_univariate/Finland_Traffic/15T/short/run_1 launch_id=selena_3584839 slurm_job_id=3584839 launched_at=2026-09-27T14:53:42.298724+00:00
[2026-09-27 14:53:42 UTC] predict_test method=vanilla_univariate Finland_Traffic/15T/short
TIME run allocation action=new run=/fslarge/scratch/users/h61084/codes/selectime/outputs/selectime/chronos_bolt/predictions/test/vanilla_univariate/Finland_Traffic/15T/medium/run_1 launch_id=selena_3584839 slurm_job_id=3584839 launched_at=2026-09-27T14:53:42.339992+00:00
[2026-09-27 14:53:42 UTC] predict_test method=vanilla_univariate Finland_Traffic/15T/medium
TIME run allocation action=new run=/fslarge/scratch/users/h61084/codes/selectime/outputs/selectime/chronos_bolt/predictions/test/vanilla_univariate/Finland_Traffic/15T/long/run_1 launch_id=selena_3584839 slurm_job_id=3584839 launched_at=2026-09-27T14:53:42.379028+00:00
[2026-09-27 14:53:42 UTC] predict_test method=vanilla_univariate Finland_Traffic/15T/long
TIME run allocation action=new run=/fslarge/scratch/users/h61084/codes/selectime/outputs/selectime/chronos_bolt/predictions/test/vanilla_univariate/Port_Activity/D/short/run_1 launch_id=selena_3584839 slurm_job_id=3584839 launched_at=2026-09-27T14:53:42.478131+00:00
[2026-09-27 14:53:42 UTC] predict_test method=vanilla_univariate Port_Activity/D/short
TIME run allocation action=new run=/fslarge/scratch/users/h61084/codes/selectime/outputs/selectime/chronos_bolt/predictions/test/vanilla_univariate/Port_Activity/W/short/run_1 launch_id=selena_3584839 slurm_job_id=3584839 launched_at=2026-09-27T14:53:42.551973+00:00
[2026-09-27 14:53:42 UTC] predict_test method=vanilla_univariate Port_Activity/W/short
TIME run allocation action=new run=/fslarge/scratch/users/h61084/codes/selectime/outputs/selectime/chronos_bolt/predictions/test/vanilla_univariate/ECDC_COVID/D/short/run_1 launch_id=selena_3584839 slurm_job_id=3584839 launched_at=2026-09-27T14:53:42.594987+00:00
[2026-09-27 14:53:42 UTC] predict_test method=vanilla_univariate ECDC_COVID/D/short
TIME run allocation action=new run=/fslarge/scratch/users/h61084/codes/selectime/outputs/selectime/chronos_bolt/predictions/test/vanilla_univariate/ECDC_COVID/W/short/run_1 launch_id=selena_3584839 slurm_job_id=3584839 launched_at=2026-09-27T14:53:42.631573+00:00
[2026-09-27 14:53:42 UTC] predict_test method=vanilla_univariate ECDC_COVID/W/short
TIME run allocation action=new run=/fslarge/scratch/users/h61084/codes/selectime/outputs/selectime/chronos_bolt/predictions/test/vanilla_univariate/Global_Influenza/W/short/run_1 launch_id=selena_3584839 slurm_job_id=3584839 launched_at=2026-09-27T14:53:42.669518+00:00
[2026-09-27 14:53:42 UTC] predict_test method=vanilla_univariate Global_Influenza/W/short
TIME run allocation action=new run=/fslarge/scratch/users/h61084/codes/selectime/outputs/selectime/chronos_bolt/predictions/test/vanilla_univariate/Crypto/D/short/run_1 launch_id=selena_3584839 slurm_job_id=3584839 launched_at=2026-09-27T14:53:42.708105+00:00
[2026-09-27 14:53:42 UTC] predict_test method=vanilla_univariate Crypto/D/short
TIME run allocation action=new run=/fslarge/scratch/users/h61084/codes/selectime/outputs/selectime/chronos_bolt/predictions/test/vanilla_univariate/US_Term_Structure/B/short/run_1 launch_id=selena_3584839 slurm_job_id=3584839 launched_at=2026-09-27T14:53:42.795524+00:00
[2026-09-27 14:53:42 UTC] predict_test method=vanilla_univariate US_Term_Structure/B/short
TIME run allocation action=new run=/fslarge/scratch/users/h61084/codes/selectime/outputs/selectime/chronos_bolt/predictions/test/vanilla_univariate/Oil_Price/B/short/run_1 launch_id=selena_3584839 slurm_job_id=3584839 launched_at=2026-09-27T14:53:42.846601+00:00
[2026-09-27 14:53:42 UTC] predict_test method=vanilla_univariate Oil_Price/B/short
TIME run allocation action=new run=/fslarge/scratch/users/h61084/codes/selectime/outputs/selectime/chronos_bolt/predictions/test/vanilla_univariate/Job_Claims/W/short/run_1 launch_id=selena_3584839 slurm_job_id=3584839 launched_at=2026-09-27T14:53:42.884836+00:00
[2026-09-27 14:53:42 UTC] predict_test method=vanilla_univariate Job_Claims/W/short
TIME run allocation action=new run=/fslarge/scratch/users/h61084/codes/selectime/outputs/selectime/chronos_bolt/predictions/test/vanilla_univariate/Uncertainty_1M/M/short/run_1 launch_id=selena_3584839 slurm_job_id=3584839 launched_at=2026-09-27T14:53:42.918711+00:00
[2026-09-27 14:53:42 UTC] predict_test method=vanilla_univariate Uncertainty_1M/M/short
TIME run allocation action=new run=/fslarge/scratch/users/h61084/codes/selectime/outputs/selectime/chronos_bolt/predictions/test/vanilla_univariate/Housing_Inventory/M/short/run_1 launch_id=selena_3584839 slurm_job_id=3584839 launched_at=2026-09-27T14:53:42.952732+00:00
[2026-09-27 14:53:42 UTC] predict_test method=vanilla_univariate Housing_Inventory/M/short
TIME run allocation action=new run=/fslarge/scratch/users/h61084/codes/selectime/outputs/selectime/chronos_bolt/predictions/test/vanilla_univariate/JOLTS/M/short/run_1 launch_id=selena_3584839 slurm_job_id=3584839 launched_at=2026-09-27T14:53:42.987191+00:00
[2026-09-27 14:53:42 UTC] predict_test method=vanilla_univariate JOLTS/M/short
TIME run allocation action=new run=/fslarge/scratch/users/h61084/codes/selectime/outputs/selectime/chronos_bolt/predictions/test/vanilla_univariate/US_Labor/M/short/run_1 launch_id=selena_3584839 slurm_job_id=3584839 launched_at=2026-09-27T14:53:43.022439+00:00
[2026-09-27 14:53:43 UTC] predict_test method=vanilla_univariate US_Labor/M/short
TIME run allocation action=new run=/fslarge/scratch/users/h61084/codes/selectime/outputs/selectime/chronos_bolt/predictions/test/vanilla_univariate/Vehicle_Supply/M/short/run_1 launch_id=selena_3584839 slurm_job_id=3584839 launched_at=2026-09-27T14:53:43.058322+00:00
[2026-09-27 14:53:43 UTC] predict_test method=vanilla_univariate Vehicle_Supply/M/short
TIME run allocation action=new run=/fslarge/scratch/users/h61084/codes/selectime/outputs/selectime/chronos_bolt/predictions/test/vanilla_univariate/Auto_Production_SF/M/short/run_1 launch_id=selena_3584839 slurm_job_id=3584839 launched_at=2026-09-27T14:53:43.093121+00:00
[2026-09-27 14:53:43 UTC] predict_test method=vanilla_univariate Auto_Production_SF/M/short
TIME run allocation action=new run=/fslarge/scratch/users/h61084/codes/selectime/outputs/selectime/chronos_bolt/predictions/test/vanilla_univariate/Commodity_Production/M/short/run_1 launch_id=selena_3584839 slurm_job_id=3584839 launched_at=2026-09-27T14:53:43.131570+00:00
[2026-09-27 14:53:43 UTC] predict_test method=vanilla_univariate Commodity_Production/M/short
TIME run allocation action=new run=/fslarge/scratch/users/h61084/codes/selectime/outputs/selectime/chronos_bolt/predictions/test/vanilla_univariate/Commodity_Import/M/short/run_1 launch_id=selena_3584839 slurm_job_id=3584839 launched_at=2026-09-27T14:53:43.167853+00:00
[2026-09-27 14:53:43 UTC] predict_test method=vanilla_univariate Commodity_Import/M/short
TIME run allocation action=new run=/fslarge/scratch/users/h61084/codes/selectime/outputs/selectime/chronos_bolt/predictions/test/vanilla_univariate/WUI_Global/Q/short/run_1 launch_id=selena_3584839 slurm_job_id=3584839 launched_at=2026-09-27T14:53:43.202946+00:00
[2026-09-27 14:53:43 UTC] predict_test method=vanilla_univariate WUI_Global/Q/short
TIME run allocation action=new run=/fslarge/scratch/users/h61084/codes/selectime/outputs/selectime/chronos_bolt/predictions/test/vanilla_univariate/Global_Price/Q/short/run_1 launch_id=selena_3584839 slurm_job_id=3584839 launched_at=2026-09-27T14:53:43.238804+00:00
[2026-09-27 14:53:43 UTC] predict_test method=vanilla_univariate Global_Price/Q/short
TIME run allocation action=new run=/fslarge/scratch/users/h61084/codes/selectime/outputs/selectime/chronos_bolt/predictions/test/vanilla_univariate/Vehicle_Sales/M/short/run_1 launch_id=selena_3584839 slurm_job_id=3584839 launched_at=2026-09-27T14:53:43.275088+00:00
[2026-09-27 14:53:43 UTC] predict_test method=vanilla_univariate Vehicle_Sales/M/short
TIME run allocation action=new run=/fslarge/scratch/users/h61084/codes/selectime/outputs/selectime/chronos_bolt/predictions/test/vanilla_univariate/Online_Retail_2_UCI/D/short/run_1 launch_id=selena_3584839 slurm_job_id=3584839 launched_at=2026-09-27T14:53:43.309669+00:00
[2026-09-27 14:53:43 UTC] predict_test method=vanilla_univariate Online_Retail_2_UCI/D/short
TIME run allocation action=new run=/fslarge/scratch/users/h61084/codes/selectime/outputs/selectime/chronos_bolt/predictions/test/vanilla_univariate/Supply_Chain_Customer/D/short/run_1 launch_id=selena_3584839 slurm_job_id=3584839 launched_at=2026-09-27T14:53:43.352763+00:00
[2026-09-27 14:53:43 UTC] predict_test method=vanilla_univariate Supply_Chain_Customer/D/short
TIME run allocation action=new run=/fslarge/scratch/users/h61084/codes/selectime/outputs/selectime/chronos_bolt/predictions/test/vanilla_univariate/Supply_Chain_Location/D/short/run_1 launch_id=selena_3584839 slurm_job_id=3584839 launched_at=2026-09-27T14:53:43.405783+00:00
[2026-09-27 14:53:43 UTC] predict_test method=vanilla_univariate Supply_Chain_Location/D/short
TIME run allocation action=new run=/fslarge/scratch/users/h61084/codes/selectime/outputs/selectime/chronos_bolt/predictions/test/vanilla_univariate/azure2019_U/5T/short/run_1 launch_id=selena_3584839 slurm_job_id=3584839 launched_at=2026-09-27T14:53:43.495258+00:00
[2026-09-27 14:53:43 UTC] predict_test method=vanilla_univariate azure2019_U/5T/short
TIME run allocation action=new run=/fslarge/scratch/users/h61084/codes/selectime/outputs/selectime/chronos_bolt/predictions/test/vanilla_univariate/Smart_Manufacturing/H/short/run_1 launch_id=selena_3584839 slurm_job_id=3584839 launched_at=2026-09-27T14:53:43.593165+00:00
[2026-09-27 14:53:43 UTC] predict_test method=vanilla_univariate Smart_Manufacturing/H/short
TIME run allocation action=new run=/fslarge/scratch/users/h61084/codes/selectime/outputs/selectime/chronos_bolt/predictions/test/vanilla_univariate/Smart_Manufacturing/H/medium/run_1 launch_id=selena_3584839 slurm_job_id=3584839 launched_at=2026-09-27T14:53:43.681468+00:00
[2026-09-27 14:53:43 UTC] predict_test method=vanilla_univariate Smart_Manufacturing/H/medium
TIME run allocation action=new run=/fslarge/scratch/users/h61084/codes/selectime/outputs/selectime/chronos_bolt/predictions/test/vanilla_univariate/Smart_Manufacturing/H/long/run_1 launch_id=selena_3584839 slurm_job_id=3584839 launched_at=2026-09-27T14:53:43.768427+00:00
[2026-09-27 14:53:43 UTC] predict_test method=vanilla_univariate Smart_Manufacturing/H/long
TIME run allocation action=new run=/fslarge/scratch/users/h61084/codes/selectime/outputs/selectime/chronos_bolt/predictions/test/vanilla_univariate/MetroPT-3/5T/short/run_1 launch_id=selena_3584839 slurm_job_id=3584839 launched_at=2026-09-27T14:53:43.830437+00:00
[2026-09-27 14:53:43 UTC] predict_test method=vanilla_univariate MetroPT-3/5T/short
TIME run allocation action=new run=/fslarge/scratch/users/h61084/codes/selectime/outputs/selectime/chronos_bolt/predictions/test/vanilla_univariate/MetroPT-3/5T/medium/run_1 launch_id=selena_3584839 slurm_job_id=3584839 launched_at=2026-09-27T14:53:43.879213+00:00
[2026-09-27 14:53:43 UTC] predict_test method=vanilla_univariate MetroPT-3/5T/medium
TIME run allocation action=new run=/fslarge/scratch/users/h61084/codes/selectime/outputs/selectime/chronos_bolt/predictions/test/vanilla_univariate/MetroPT-3/5T/long/run_1 launch_id=selena_3584839 slurm_job_id=3584839 launched_at=2026-09-27T14:53:43.928345+00:00
[2026-09-27 14:53:43 UTC] predict_test method=vanilla_univariate MetroPT-3/5T/long
[2026-09-27 14:53:53 UTC] Slurm=3584839 launch=selena_3584839 stage=predict_test prediction_group=remaining
[2026-09-27 14:53:54 UTC] dataset_config=/fssmall/home/h61084/codes/selectime/src/timebench/config/datasets.yaml applied_keys=datasets,selectime_tasks tasks=90
[2026-09-27 14:53:54 UTC] resources selected_device {"component": "selectime", "device": "cuda", "stage": "predict_test"}
[2026-09-27 14:53:54 UTC] stage=predict_test tasks=90 seed=0 Slurm=3584839
[2026-09-27 16:53:55,286][datasets][INFO] - PyTorch version 2.9.1 available.
[2026-09-27 14:54:08 UTC] Slurm=3584839 launch=selena_3584839 stage=assemble prediction_group=all
[2026-09-27 14:54:09 UTC] dataset_config=/fssmall/home/h61084/codes/selectime/src/timebench/config/datasets.yaml applied_keys=datasets,selectime_tasks tasks=90
[2026-09-27 14:54:09 UTC] resources selected_device {"component": "selectime", "device": "cpu", "stage": "assemble"}
[2026-09-27 14:54:09 UTC] stage=assemble tasks=90 seed=0 Slurm=3584839
[2026-09-27 16:54:10,319][datasets][INFO] - PyTorch version 2.9.1 available.
[2026-09-27 14:54:23 UTC] Slurm=3584839 launch=selena_3584839 stage=evaluate prediction_group=all
[2026-09-27 14:54:25 UTC] dataset_config=/fssmall/home/h61084/codes/selectime/src/timebench/config/datasets.yaml applied_keys=datasets,selectime_tasks tasks=90
[2026-09-27 14:54:25 UTC] resources selected_device {"component": "selectime", "device": "cpu", "stage": "evaluate"}
[2026-09-27 14:54:25 UTC] stage=evaluate tasks=90 seed=0 Slurm=3584839
[2026-09-27 16:54:25,529][datasets][INFO] - PyTorch version 2.9.1 available.
TIME run allocation action=new run=/fslarge/scratch/users/h61084/codes/selectime/outputs/selectime/chronos_bolt/evaluations/vanilla_univariate/Water_Quality_Darwin/15T/short/run_1 launch_id=selena_3584839 slurm_job_id=3584839 launched_at=2026-09-27T14:54:25.807853+00:00
[2026-09-27 14:54:25 UTC] evaluate vanilla_univariate Water_Quality_Darwin/15T/short
    Total instances: 3780, Series during experiment: 42, Windows: 90
    Collecting ground truth and context...
    Detected to_univariate case: 42 flat series -> 7 series x 6 variates
    Organizing data into arrays...
    Saved predictions (quantiles) to /fslarge/scratch/users/h61084/codes/selectime/outputs/selectime/chronos_bolt/evaluations/vanilla_univariate/Water_Quality_Darwin/15T/short/run_1/predictions.npz
    Computing per-window metrics...
    Saved metrics to /fslarge/scratch/users/h61084/codes/selectime/outputs/selectime/chronos_bolt/evaluations/vanilla_univariate/Water_Quality_Darwin/15T/short/run_1/metrics.npz
    Saved config to /fslarge/scratch/users/h61084/codes/selectime/outputs/selectime/chronos_bolt/evaluations/vanilla_univariate/Water_Quality_Darwin/15T/short/run_1/config.json
    Saved aggregate metrics to /fslarge/scratch/users/h61084/codes/selectime/outputs/selectime/chronos_bolt/evaluations/vanilla_univariate/Water_Quality_Darwin/15T/short/run_1/metrics_summary.json
    Metrics summary (averaged over all series/windows/variates):
      MSE: 2.4861
      MAE: 0.4787
      RMSE: 0.5676
      MAPE: 0.0604
      sMAPE: 0.0574
      MASE: 0.6716
      ND: 0.0583
      CRPS: 0.0583
TIME run allocation action=new run=/fslarge/scratch/users/h61084/codes/selectime/outputs/selectime/chronos_bolt/evaluations/vanilla_univariate/Water_Quality_Darwin/15T/medium/run_1 launch_id=selena_3584839 slurm_job_id=3584839 launched_at=2026-09-27T14:54:26.565948+00:00
[2026-09-27 14:54:26 UTC] evaluate vanilla_univariate Water_Quality_Darwin/15T/medium
    Total instances: 630, Series during experiment: 42, Windows: 15
    Collecting ground truth and context...
    Detected to_univariate case: 42 flat series -> 7 series x 6 variates
    Organizing data into arrays...
    Saved predictions (quantiles) to /fslarge/scratch/users/h61084/codes/selectime/outputs/selectime/chronos_bolt/evaluations/vanilla_univariate/Water_Quality_Darwin/15T/medium/run_1/predictions.npz
    Computing per-window metrics...
    Saved metrics to /fslarge/scratch/users/h61084/codes/selectime/outputs/selectime/chronos_bolt/evaluations/vanilla_univariate/Water_Quality_Darwin/15T/medium/run_1/metrics.npz
    Saved config to /fslarge/scratch/users/h61084/codes/selectime/outputs/selectime/chronos_bolt/evaluations/vanilla_univariate/Water_Quality_Darwin/15T/medium/run_1/config.json
    Saved aggregate metrics to /fslarge/scratch/users/h61084/codes/selectime/outputs/selectime/chronos_bolt/evaluations/vanilla_univariate/Water_Quality_Darwin/15T/medium/run_1/metrics_summary.json
    Metrics summary (averaged over all series/windows/variates):
      MSE: 3.7326
      MAE: 0.6411
      RMSE: 0.8156
      MAPE: 0.0820
      sMAPE: 0.0749
      MASE: 0.9366
      ND: 0.0750
      CRPS: 0.0750
TIME run allocation action=new run=/fslarge/scratch/users/h61084/codes/selectime/outputs/selectime/chronos_bolt/evaluations/vanilla_univariate/Water_Quality_Darwin/15T/long/run_1 launch_id=selena_3584839 slurm_job_id=3584839 launched_at=2026-09-27T14:54:26.752689+00:00
[2026-09-27 14:54:26 UTC] evaluate vanilla_univariate Water_Quality_Darwin/15T/long
    Total instances: 210, Series during experiment: 42, Windows: 5
    Collecting ground truth and context...
    Detected to_univariate case: 42 flat series -> 7 series x 6 variates
    Organizing data into arrays...
    Saved predictions (quantiles) to /fslarge/scratch/users/h61084/codes/selectime/outputs/selectime/chronos_bolt/evaluations/vanilla_univariate/Water_Quality_Darwin/15T/long/run_1/predictions.npz
    Computing per-window metrics...
    Saved metrics to /fslarge/scratch/users/h61084/codes/selectime/outputs/selectime/chronos_bolt/evaluations/vanilla_univariate/Water_Quality_Darwin/15T/long/run_1/metrics.npz
    Saved config to /fslarge/scratch/users/h61084/codes/selectime/outputs/selectime/chronos_bolt/evaluations/vanilla_univariate/Water_Quality_Darwin/15T/long/run_1/config.json
    Saved aggregate metrics to /fslarge/scratch/users/h61084/codes/selectime/outputs/selectime/chronos_bolt/evaluations/vanilla_univariate/Water_Quality_Darwin/15T/long/run_1/metrics_summary.json
    Metrics summary (averaged over all series/windows/variates):
      MSE: 8.6272
      MAE: 0.9885
      RMSE: 1.2461
      MAPE: 0.1323
      sMAPE: 0.1098
      MASE: 1.4996
      ND: 0.1119
      CRPS: 0.1119
TIME run allocation action=new run=/fslarge/scratch/users/h61084/codes/selectime/outputs/selectime/chronos_bolt/evaluations/vanilla_univariate/current_velocity/5T/short/run_1 launch_id=selena_3584839 slurm_job_id=3584839 launched_at=2026-09-27T14:54:26.867023+00:00
[2026-09-27 14:54:26 UTC] evaluate vanilla_univariate current_velocity/5T/short
    Total instances: 720, Series during experiment: 6, Windows: 120
    Collecting ground truth and context...
    Detected to_univariate case: 6 flat series -> 1 series x 6 variates
    Organizing data into arrays...
    Saved predictions (quantiles) to /fslarge/scratch/users/h61084/codes/selectime/outputs/selectime/chronos_bolt/evaluations/vanilla_univariate/current_velocity/5T/short/run_1/predictions.npz
    Computing per-window metrics...
    Saved metrics to /fslarge/scratch/users/h61084/codes/selectime/outputs/selectime/chronos_bolt/evaluations/vanilla_univariate/current_velocity/5T/short/run_1/metrics.npz
    Saved config to /fslarge/scratch/users/h61084/codes/selectime/outputs/selectime/chronos_bolt/evaluations/vanilla_univariate/current_velocity/5T/short/run_1/config.json
    Saved aggregate metrics to /fslarge/scratch/users/h61084/codes/selectime/outputs/selectime/chronos_bolt/evaluations/vanilla_univariate/current_velocity/5T/short/run_1/metrics_summary.json
    Metrics summary (averaged over all series/windows/variates):
      MSE: 3.0384
      MAE: 0.5639
      RMSE: 0.6738
      MAPE: 0.4497
      sMAPE: 0.3494
      MASE: 0.4309
      ND: 0.3037
      CRPS: 0.3037
TIME run allocation action=new run=/fslarge/scratch/users/h61084/codes/selectime/outputs/selectime/chronos_bolt/evaluations/vanilla_univariate/current_velocity/5T/medium/run_1 launch_id=selena_3584839 slurm_job_id=3584839 launched_at=2026-09-27T14:54:27.064713+00:00
[2026-09-27 14:54:27 UTC] evaluate vanilla_univariate current_velocity/5T/medium
    Total instances: 90, Series during experiment: 6, Windows: 15
    Collecting ground truth and context...
    Detected to_univariate case: 6 flat series -> 1 series x 6 variates
    Organizing data into arrays...
    Saved predictions (quantiles) to /fslarge/scratch/users/h61084/codes/selectime/outputs/selectime/chronos_bolt/evaluations/vanilla_univariate/current_velocity/5T/medium/run_1/predictions.npz
    Computing per-window metrics...
    Saved metrics to /fslarge/scratch/users/h61084/codes/selectime/outputs/selectime/chronos_bolt/evaluations/vanilla_univariate/current_velocity/5T/medium/run_1/metrics.npz
    Saved config to /fslarge/scratch/users/h61084/codes/selectime/outputs/selectime/chronos_bolt/evaluations/vanilla_univariate/current_velocity/5T/medium/run_1/config.json
    Saved aggregate metrics to /fslarge/scratch/users/h61084/codes/selectime/outputs/selectime/chronos_bolt/evaluations/vanilla_univariate/current_velocity/5T/medium/run_1/metrics_summary.json
    Metrics summary (averaged over all series/windows/variates):
      MSE: 5.5105
      MAE: 0.8233
      RMSE: 1.0373
      MAPE: 0.7174
      sMAPE: 0.4182
      MASE: 0.7323
      ND: 0.3717
      CRPS: 0.3717
TIME run allocation action=new run=/fslarge/scratch/users/h61084/codes/selectime/outputs/selectime/chronos_bolt/evaluations/vanilla_univariate/current_velocity/5T/long/run_1 launch_id=selena_3584839 slurm_job_id=3584839 launched_at=2026-09-27T14:54:27.128788+00:00
[2026-09-27 14:54:27 UTC] evaluate vanilla_univariate current_velocity/5T/long
    Total instances: 30, Series during experiment: 6, Windows: 5
    Collecting ground truth and context...
    Detected to_univariate case: 6 flat series -> 1 series x 6 variates
    Organizing data into arrays...
    Saved predictions (quantiles) to /fslarge/scratch/users/h61084/codes/selectime/outputs/selectime/chronos_bolt/evaluations/vanilla_univariate/current_velocity/5T/long/run_1/predictions.npz
    Computing per-window metrics...
    Saved metrics to /fslarge/scratch/users/h61084/codes/selectime/outputs/selectime/chronos_bolt/evaluations/vanilla_univariate/current_velocity/5T/long/run_1/metrics.npz
    Saved config to /fslarge/scratch/users/h61084/codes/selectime/outputs/selectime/chronos_bolt/evaluations/vanilla_univariate/current_velocity/5T/long/run_1/config.json
    Saved aggregate metrics to /fslarge/scratch/users/h61084/codes/selectime/outputs/selectime/chronos_bolt/evaluations/vanilla_univariate/current_velocity/5T/long/run_1/metrics_summary.json
    Metrics summary (averaged over all series/windows/variates):
      MSE: 7.2960
      MAE: 0.9679
      RMSE: 1.2202
      MAPE: 0.9376
      sMAPE: 0.5434
      MASE: 1.0665
      ND: 0.4727
      CRPS: 0.4727
TIME run allocation action=new run=/fslarge/scratch/users/h61084/codes/selectime/outputs/selectime/chronos_bolt/evaluations/vanilla_univariate/current_velocity/10T/short/run_1 launch_id=selena_3584839 slurm_job_id=3584839 launched_at=2026-09-27T14:54:27.183565+00:00
[2026-09-27 14:54:27 UTC] evaluate vanilla_univariate current_velocity/10T/short
    Total instances: 7200, Series during experiment: 60, Windows: 120
    Collecting ground truth and context...
    Detected to_univariate case: 60 flat series -> 10 series x 6 variates
    Organizing data into arrays...
    Saved predictions (quantiles) to /fslarge/scratch/users/h61084/codes/selectime/outputs/selectime/chronos_bolt/evaluations/vanilla_univariate/current_velocity/10T/short/run_1/predictions.npz
    Computing per-window metrics...
    Saved metrics to /fslarge/scratch/users/h61084/codes/selectime/outputs/selectime/chronos_bolt/evaluations/vanilla_univariate/current_velocity/10T/short/run_1/metrics.npz
    Saved config to /fslarge/scratch/users/h61084/codes/selectime/outputs/selectime/chronos_bolt/evaluations/vanilla_univariate/current_velocity/10T/short/run_1/config.json
    Saved aggregate metrics to /fslarge/scratch/users/h61084/codes/selectime/outputs/selectime/chronos_bolt/evaluations/vanilla_univariate/current_velocity/10T/short/run_1/metrics_summary.json
    Metrics summary (averaged over all series/windows/variates):
      MSE: 7.9602
      MAE: 0.7884
      RMSE: 0.9842
      MAPE: 3153.9640
      sMAPE: 0.4770
      MASE: 0.6438
      ND: 0.3664
      CRPS: 0.3664
TIME run allocation action=new run=/fslarge/scratch/users/h61084/codes/selectime/outputs/selectime/chronos_bolt/evaluations/vanilla_univariate/current_velocity/10T/medium/run_1 launch_id=selena_3584839 slurm_job_id=3584839 launched_at=2026-09-27T14:54:28.901135+00:00
[2026-09-27 14:54:28 UTC] evaluate vanilla_univariate current_velocity/10T/medium
    Total instances: 900, Series during experiment: 60, Windows: 15
    Collecting ground truth and context...
    Detected to_univariate case: 60 flat series -> 10 series x 6 variates
    Organizing data into arrays...
    Saved predictions (quantiles) to /fslarge/scratch/users/h61084/codes/selectime/outputs/selectime/chronos_bolt/evaluations/vanilla_univariate/current_velocity/10T/medium/run_1/predictions.npz
    Computing per-window metrics...
    Saved metrics to /fslarge/scratch/users/h61084/codes/selectime/outputs/selectime/chronos_bolt/evaluations/vanilla_univariate/current_velocity/10T/medium/run_1/metrics.npz
    Saved config to /fslarge/scratch/users/h61084/codes/selectime/outputs/selectime/chronos_bolt/evaluations/vanilla_univariate/current_velocity/10T/medium/run_1/config.json
    Saved aggregate metrics to /fslarge/scratch/users/h61084/codes/selectime/outputs/selectime/chronos_bolt/evaluations/vanilla_univariate/current_velocity/10T/medium/run_1/metrics_summary.json
    Metrics summary (averaged over all series/windows/variates):
      MSE: 11.3586
      MAE: 1.0474
      RMSE: 1.3689
      MAPE: 3522.4399
      sMAPE: 0.5790
      MASE: 1.0028
      ND: 0.4063
      CRPS: 0.4063
TIME run allocation action=new run=/fslarge/scratch/users/h61084/codes/selectime/outputs/selectime/chronos_bolt/evaluations/vanilla_univariate/current_velocity/10T/long/run_1 launch_id=selena_3584839 slurm_job_id=3584839 launched_at=2026-09-27T14:54:29.217207+00:00
[2026-09-27 14:54:29 UTC] evaluate vanilla_univariate current_velocity/10T/long
    Total instances: 300, Series during experiment: 60, Windows: 5
    Collecting ground truth and context...
    Detected to_univariate case: 60 flat series -> 10 series x 6 variates
    Organizing data into arrays...
    Saved predictions (quantiles) to /fslarge/scratch/users/h61084/codes/selectime/outputs/selectime/chronos_bolt/evaluations/vanilla_univariate/current_velocity/10T/long/run_1/predictions.npz
    Computing per-window metrics...
    Saved metrics to /fslarge/scratch/users/h61084/codes/selectime/outputs/selectime/chronos_bolt/evaluations/vanilla_univariate/current_velocity/10T/long/run_1/metrics.npz
    Saved config to /fslarge/scratch/users/h61084/codes/selectime/outputs/selectime/chronos_bolt/evaluations/vanilla_univariate/current_velocity/10T/long/run_1/config.json
    Saved aggregate metrics to /fslarge/scratch/users/h61084/codes/selectime/outputs/selectime/chronos_bolt/evaluations/vanilla_univariate/current_velocity/10T/long/run_1/metrics_summary.json
    Metrics summary (averaged over all series/windows/variates):
      MSE: 15.1093
      MAE: 1.2842
      RMSE: 1.6389
      MAPE: 3748.8331
      sMAPE: 0.6637
      MASE: 1.3770
      ND: 0.4700
      CRPS: 0.4700
TIME run allocation action=new run=/fslarge/scratch/users/h61084/codes/selectime/outputs/selectime/chronos_bolt/evaluations/vanilla_univariate/current_velocity/15T/short/run_1 launch_id=selena_3584839 slurm_job_id=3584839 launched_at=2026-09-27T14:54:29.392994+00:00
[2026-09-27 14:54:29 UTC] evaluate vanilla_univariate current_velocity/15T/short
    Total instances: 3600, Series during experiment: 30, Windows: 120
    Collecting ground truth and context...
    Detected to_univariate case: 30 flat series -> 5 series x 6 variates
    Organizing data into arrays...
    Saved predictions (quantiles) to /fslarge/scratch/users/h61084/codes/selectime/outputs/selectime/chronos_bolt/evaluations/vanilla_univariate/current_velocity/15T/short/run_1/predictions.npz
    Computing per-window metrics...
    Saved metrics to /fslarge/scratch/users/h61084/codes/selectime/outputs/selectime/chronos_bolt/evaluations/vanilla_univariate/current_velocity/15T/short/run_1/metrics.npz
    Saved config to /fslarge/scratch/users/h61084/codes/selectime/outputs/selectime/chronos_bolt/evaluations/vanilla_univariate/current_velocity/15T/short/run_1/config.json
    Saved aggregate metrics to /fslarge/scratch/users/h61084/codes/selectime/outputs/selectime/chronos_bolt/evaluations/vanilla_univariate/current_velocity/15T/short/run_1/metrics_summary.json
    Metrics summary (averaged over all series/windows/variates):
      MSE: 6.1848
      MAE: 0.7491
      RMSE: 0.9121
      MAPE: 122084.3238
      sMAPE: 0.4684
      MASE: 0.5264
      ND: 0.3921
      CRPS: 0.3921
TIME run allocation action=new run=/fslarge/scratch/users/h61084/codes/selectime/outputs/selectime/chronos_bolt/evaluations/vanilla_univariate/current_velocity/15T/medium/run_1 launch_id=selena_3584839 slurm_job_id=3584839 launched_at=2026-09-27T14:54:30.071887+00:00
[2026-09-27 14:54:30 UTC] evaluate vanilla_univariate current_velocity/15T/medium
    Total instances: 450, Series during experiment: 30, Windows: 15
    Collecting ground truth and context...
    Detected to_univariate case: 30 flat series -> 5 series x 6 variates
    Organizing data into arrays...
    Saved predictions (quantiles) to /fslarge/scratch/users/h61084/codes/selectime/outputs/selectime/chronos_bolt/evaluations/vanilla_univariate/current_velocity/15T/medium/run_1/predictions.npz
    Computing per-window metrics...
    Saved metrics to /fslarge/scratch/users/h61084/codes/selectime/outputs/selectime/chronos_bolt/evaluations/vanilla_univariate/current_velocity/15T/medium/run_1/metrics.npz
    Saved config to /fslarge/scratch/users/h61084/codes/selectime/outputs/selectime/chronos_bolt/evaluations/vanilla_univariate/current_velocity/15T/medium/run_1/config.json
    Saved aggregate metrics to /fslarge/scratch/users/h61084/codes/selectime/outputs/selectime/chronos_bolt/evaluations/vanilla_univariate/current_velocity/15T/medium/run_1/metrics_summary.json
    Metrics summary (averaged over all series/windows/variates):
      MSE: 9.1512
      MAE: 0.9650
      RMSE: 1.2224
      MAPE: 139731.8603
      sMAPE: 0.5753
      MASE: 0.7820
      ND: 0.4432
      CRPS: 0.4432
TIME run allocation action=new run=/fslarge/scratch/users/h61084/codes/selectime/outputs/selectime/chronos_bolt/evaluations/vanilla_univariate/current_velocity/15T/long/run_1 launch_id=selena_3584839 slurm_job_id=3584839 launched_at=2026-09-27T14:54:30.201024+00:00
[2026-09-27 14:54:30 UTC] evaluate vanilla_univariate current_velocity/15T/long
    Total instances: 150, Series during experiment: 30, Windows: 5
    Collecting ground truth and context...
    Detected to_univariate case: 30 flat series -> 5 series x 6 variates
    Organizing data into arrays...
    Saved predictions (quantiles) to /fslarge/scratch/users/h61084/codes/selectime/outputs/selectime/chronos_bolt/evaluations/vanilla_univariate/current_velocity/15T/long/run_1/predictions.npz
    Computing per-window metrics...
    Saved metrics to /fslarge/scratch/users/h61084/codes/selectime/outputs/selectime/chronos_bolt/evaluations/vanilla_univariate/current_velocity/15T/long/run_1/metrics.npz
    Saved config to /fslarge/scratch/users/h61084/codes/selectime/outputs/selectime/chronos_bolt/evaluations/vanilla_univariate/current_velocity/15T/long/run_1/config.json
    Saved aggregate metrics to /fslarge/scratch/users/h61084/codes/selectime/outputs/selectime/chronos_bolt/evaluations/vanilla_univariate/current_velocity/15T/long/run_1/metrics_summary.json
    Metrics summary (averaged over all series/windows/variates):
      MSE: 10.5123
      MAE: 1.0601
      RMSE: 1.3442
      MAPE: 130329.3416
      sMAPE: 0.5984
      MASE: 0.9310
      ND: 0.4659
      CRPS: 0.4659
TIME run allocation action=new run=/fslarge/scratch/users/h61084/codes/selectime/outputs/selectime/chronos_bolt/evaluations/vanilla_univariate/current_velocity/H/short/run_1 launch_id=selena_3584839 slurm_job_id=3584839 launched_at=2026-09-27T14:54:30.272380+00:00
[2026-09-27 14:54:30 UTC] evaluate vanilla_univariate current_velocity/H/short
    Total instances: 3528, Series during experiment: 126, Windows: 28
    Collecting ground truth and context...
    Detected to_univariate case: 126 flat series -> 21 series x 6 variates
    Organizing data into arrays...
    Saved predictions (quantiles) to /fslarge/scratch/users/h61084/codes/selectime/outputs/selectime/chronos_bolt/evaluations/vanilla_univariate/current_velocity/H/short/run_1/predictions.npz
    Computing per-window metrics...
    Saved metrics to /fslarge/scratch/users/h61084/codes/selectime/outputs/selectime/chronos_bolt/evaluations/vanilla_univariate/current_velocity/H/short/run_1/metrics.npz
    Saved config to /fslarge/scratch/users/h61084/codes/selectime/outputs/selectime/chronos_bolt/evaluations/vanilla_univariate/current_velocity/H/short/run_1/config.json
    Saved aggregate metrics to /fslarge/scratch/users/h61084/codes/selectime/outputs/selectime/chronos_bolt/evaluations/vanilla_univariate/current_velocity/H/short/run_1/metrics_summary.json
    Metrics summary (averaged over all series/windows/variates):
      MSE: 6.7285
      MAE: 0.8328
      RMSE: 1.0341
      MAPE: 2160691016966.5737
      sMAPE: 0.4754
      MASE: 0.8281
      ND: 0.3649
      CRPS: 0.3649
TIME run allocation action=new run=/fslarge/scratch/users/h61084/codes/selectime/outputs/selectime/chronos_bolt/evaluations/vanilla_univariate/current_velocity/H/medium/run_1 launch_id=selena_3584839 slurm_job_id=3584839 launched_at=2026-09-27T14:54:30.795008+00:00
[2026-09-27 14:54:30 UTC] evaluate vanilla_univariate current_velocity/H/medium
    Total instances: 504, Series during experiment: 126, Windows: 4
    Collecting ground truth and context...
    Detected to_univariate case: 126 flat series -> 21 series x 6 variates
    Organizing data into arrays...
    Saved predictions (quantiles) to /fslarge/scratch/users/h61084/codes/selectime/outputs/selectime/chronos_bolt/evaluations/vanilla_univariate/current_velocity/H/medium/run_1/predictions.npz
    Computing per-window metrics...
    Saved metrics to /fslarge/scratch/users/h61084/codes/selectime/outputs/selectime/chronos_bolt/evaluations/vanilla_univariate/current_velocity/H/medium/run_1/metrics.npz
    Saved config to /fslarge/scratch/users/h61084/codes/selectime/outputs/selectime/chronos_bolt/evaluations/vanilla_univariate/current_velocity/H/medium/run_1/config.json
    Saved aggregate metrics to /fslarge/scratch/users/h61084/codes/selectime/outputs/selectime/chronos_bolt/evaluations/vanilla_univariate/current_velocity/H/medium/run_1/metrics_summary.json
    Metrics summary (averaged over all series/windows/variates):
      MSE: 10.8432
      MAE: 1.1585
      RMSE: 1.4553
      MAPE: 2082794889119.6157
      sMAPE: 0.6425
      MASE: 1.4834
      ND: 0.4845
      CRPS: 0.4845
TIME run allocation action=new run=/fslarge/scratch/users/h61084/codes/selectime/outputs/selectime/chronos_bolt/evaluations/vanilla_univariate/current_velocity/H/long/run_1 launch_id=selena_3584839 slurm_job_id=3584839 launched_at=2026-09-27T14:54:30.919436+00:00
[2026-09-27 14:54:30 UTC] evaluate vanilla_univariate current_velocity/H/long
    Total instances: 252, Series during experiment: 126, Windows: 2
    Collecting ground truth and context...
    Detected to_univariate case: 126 flat series -> 21 series x 6 variates
    Organizing data into arrays...
    Saved predictions (quantiles) to /fslarge/scratch/users/h61084/codes/selectime/outputs/selectime/chronos_bolt/evaluations/vanilla_univariate/current_velocity/H/long/run_1/predictions.npz
    Computing per-window metrics...
    Saved metrics to /fslarge/scratch/users/h61084/codes/selectime/outputs/selectime/chronos_bolt/evaluations/vanilla_univariate/current_velocity/H/long/run_1/metrics.npz
    Saved config to /fslarge/scratch/users/h61084/codes/selectime/outputs/selectime/chronos_bolt/evaluations/vanilla_univariate/current_velocity/H/long/run_1/config.json
    Saved aggregate metrics to /fslarge/scratch/users/h61084/codes/selectime/outputs/selectime/chronos_bolt/evaluations/vanilla_univariate/current_velocity/H/long/run_1/metrics_summary.json
    Metrics summary (averaged over all series/windows/variates):
      MSE: 11.8038
      MAE: 1.2344
      RMSE: 1.5632
      MAPE: 2119241934854.8811
      sMAPE: 0.6646
      MASE: 1.6267
      ND: 0.4879
      CRPS: 0.4879
TIME run allocation action=new run=/fslarge/scratch/users/h61084/codes/selectime/outputs/selectime/chronos_bolt/evaluations/vanilla_univariate/CPHL/15T/short/run_1 launch_id=selena_3584839 slurm_job_id=3584839 launched_at=2026-09-27T14:54:31.009285+00:00
[2026-09-27 14:54:31 UTC] evaluate vanilla_univariate CPHL/15T/short
    Total instances: 240, Series during experiment: 2, Windows: 120
    Collecting ground truth and context...
    Organizing data into arrays...
    Saved predictions (quantiles) to /fslarge/scratch/users/h61084/codes/selectime/outputs/selectime/chronos_bolt/evaluations/vanilla_univariate/CPHL/15T/short/run_1/predictions.npz
    Computing per-window metrics...
    Saved metrics to /fslarge/scratch/users/h61084/codes/selectime/outputs/selectime/chronos_bolt/evaluations/vanilla_univariate/CPHL/15T/short/run_1/metrics.npz
    Saved config to /fslarge/scratch/users/h61084/codes/selectime/outputs/selectime/chronos_bolt/evaluations/vanilla_univariate/CPHL/15T/short/run_1/config.json
    Saved aggregate metrics to /fslarge/scratch/users/h61084/codes/selectime/outputs/selectime/chronos_bolt/evaluations/vanilla_univariate/CPHL/15T/short/run_1/metrics_summary.json
    Metrics summary (averaged over all series/windows/variates):
      MSE: 0.0652
      MAE: 0.1387
      RMSE: 0.1624
      MAPE: 0.1952
      sMAPE: 0.1801
      MASE: 0.6561
      ND: 0.1871
      CRPS: 0.1871
TIME run allocation action=new run=/fslarge/scratch/users/h61084/codes/selectime/outputs/selectime/chronos_bolt/evaluations/vanilla_univariate/CPHL/15T/medium/run_1 launch_id=selena_3584839 slurm_job_id=3584839 launched_at=2026-09-27T14:54:31.073549+00:00
[2026-09-27 14:54:31 UTC] evaluate vanilla_univariate CPHL/15T/medium
    Total instances: 30, Series during experiment: 2, Windows: 15
    Collecting ground truth and context...
    Organizing data into arrays...
    Saved predictions (quantiles) to /fslarge/scratch/users/h61084/codes/selectime/outputs/selectime/chronos_bolt/evaluations/vanilla_univariate/CPHL/15T/medium/run_1/predictions.npz
    Computing per-window metrics...
    Saved metrics to /fslarge/scratch/users/h61084/codes/selectime/outputs/selectime/chronos_bolt/evaluations/vanilla_univariate/CPHL/15T/medium/run_1/metrics.npz
    Saved config to /fslarge/scratch/users/h61084/codes/selectime/outputs/selectime/chronos_bolt/evaluations/vanilla_univariate/CPHL/15T/medium/run_1/config.json
    Saved aggregate metrics to /fslarge/scratch/users/h61084/codes/selectime/outputs/selectime/chronos_bolt/evaluations/vanilla_univariate/CPHL/15T/medium/run_1/metrics_summary.json
    Metrics summary (averaged over all series/windows/variates):
      MSE: 0.1237
      MAE: 0.2165
      RMSE: 0.2740
      MAPE: 0.3424
      sMAPE: 0.2924
      MASE: 1.0637
      ND: 0.2915
      CRPS: 0.2915
TIME run allocation action=new run=/fslarge/scratch/users/h61084/codes/selectime/outputs/selectime/chronos_bolt/evaluations/vanilla_univariate/CPHL/15T/long/run_1 launch_id=selena_3584839 slurm_job_id=3584839 launched_at=2026-09-27T14:54:31.107113+00:00
[2026-09-27 14:54:31 UTC] evaluate vanilla_univariate CPHL/15T/long
    Total instances: 10, Series during experiment: 2, Windows: 5
    Collecting ground truth and context...
    Organizing data into arrays...
    Saved predictions (quantiles) to /fslarge/scratch/users/h61084/codes/selectime/outputs/selectime/chronos_bolt/evaluations/vanilla_univariate/CPHL/15T/long/run_1/predictions.npz
    Computing per-window metrics...
    Saved metrics to /fslarge/scratch/users/h61084/codes/selectime/outputs/selectime/chronos_bolt/evaluations/vanilla_univariate/CPHL/15T/long/run_1/metrics.npz
    Saved config to /fslarge/scratch/users/h61084/codes/selectime/outputs/selectime/chronos_bolt/evaluations/vanilla_univariate/CPHL/15T/long/run_1/config.json
    Saved aggregate metrics to /fslarge/scratch/users/h61084/codes/selectime/outputs/selectime/chronos_bolt/evaluations/vanilla_univariate/CPHL/15T/long/run_1/metrics_summary.json
    Metrics summary (averaged over all series/windows/variates):
      MSE: 0.1346
      MAE: 0.2401
      RMSE: 0.3164
      MAPE: 0.3809
      sMAPE: 0.3273
      MASE: 1.2028
      ND: 0.3301
      CRPS: 0.3301
TIME run allocation action=new run=/fslarge/scratch/users/h61084/codes/selectime/outputs/selectime/chronos_bolt/evaluations/vanilla_univariate/CPHL/30T/short/run_1 launch_id=selena_3584839 slurm_job_id=3584839 launched_at=2026-09-27T14:54:31.137526+00:00
[2026-09-27 14:54:31 UTC] evaluate vanilla_univariate CPHL/30T/short
    Total instances: 240, Series during experiment: 2, Windows: 120
    Collecting ground truth and context...
    Organizing data into arrays...
    Saved predictions (quantiles) to /fslarge/scratch/users/h61084/codes/selectime/outputs/selectime/chronos_bolt/evaluations/vanilla_univariate/CPHL/30T/short/run_1/predictions.npz
    Computing per-window metrics...
    Saved metrics to /fslarge/scratch/users/h61084/codes/selectime/outputs/selectime/chronos_bolt/evaluations/vanilla_univariate/CPHL/30T/short/run_1/metrics.npz
    Saved config to /fslarge/scratch/users/h61084/codes/selectime/outputs/selectime/chronos_bolt/evaluations/vanilla_univariate/CPHL/30T/short/run_1/config.json
    Saved aggregate metrics to /fslarge/scratch/users/h61084/codes/selectime/outputs/selectime/chronos_bolt/evaluations/vanilla_univariate/CPHL/30T/short/run_1/metrics_summary.json
    Metrics summary (averaged over all series/windows/variates):
      MSE: 0.6439
      MAE: 0.4658
      RMSE: 0.5679
      MAPE: 0.3936
      sMAPE: 0.2999
      MASE: 1.4041
      ND: 0.2962
      CRPS: 0.2962
TIME run allocation action=new run=/fslarge/scratch/users/h61084/codes/selectime/outputs/selectime/chronos_bolt/evaluations/vanilla_univariate/CPHL/30T/medium/run_1 launch_id=selena_3584839 slurm_job_id=3584839 launched_at=2026-09-27T14:54:31.209101+00:00
[2026-09-27 14:54:31 UTC] evaluate vanilla_univariate CPHL/30T/medium
    Total instances: 60, Series during experiment: 2, Windows: 30
    Collecting ground truth and context...
    Organizing data into arrays...
    Saved predictions (quantiles) to /fslarge/scratch/users/h61084/codes/selectime/outputs/selectime/chronos_bolt/evaluations/vanilla_univariate/CPHL/30T/medium/run_1/predictions.npz
    Computing per-window metrics...
    Saved metrics to /fslarge/scratch/users/h61084/codes/selectime/outputs/selectime/chronos_bolt/evaluations/vanilla_univariate/CPHL/30T/medium/run_1/metrics.npz
    Saved config to /fslarge/scratch/users/h61084/codes/selectime/outputs/selectime/chronos_bolt/evaluations/vanilla_univariate/CPHL/30T/medium/run_1/config.json
    Saved aggregate metrics to /fslarge/scratch/users/h61084/codes/selectime/outputs/selectime/chronos_bolt/evaluations/vanilla_univariate/CPHL/30T/medium/run_1/metrics_summary.json
    Metrics summary (averaged over all series/windows/variates):
      MSE: 0.7536
      MAE: 0.5195
      RMSE: 0.6372
      MAPE: 0.4635
      sMAPE: 0.3432
      MASE: 1.5695
      ND: 0.3360
      CRPS: 0.3360
TIME run allocation action=new run=/fslarge/scratch/users/h61084/codes/selectime/outputs/selectime/chronos_bolt/evaluations/vanilla_univariate/CPHL/30T/long/run_1 launch_id=selena_3584839 slurm_job_id=3584839 launched_at=2026-09-27T14:54:31.248568+00:00
[2026-09-27 14:54:31 UTC] evaluate vanilla_univariate CPHL/30T/long
    Total instances: 20, Series during experiment: 2, Windows: 10
    Collecting ground truth and context...
    Organizing data into arrays...
    Saved predictions (quantiles) to /fslarge/scratch/users/h61084/codes/selectime/outputs/selectime/chronos_bolt/evaluations/vanilla_univariate/CPHL/30T/long/run_1/predictions.npz
    Computing per-window metrics...
    Saved metrics to /fslarge/scratch/users/h61084/codes/selectime/outputs/selectime/chronos_bolt/evaluations/vanilla_univariate/CPHL/30T/long/run_1/metrics.npz
    Saved config to /fslarge/scratch/users/h61084/codes/selectime/outputs/selectime/chronos_bolt/evaluations/vanilla_univariate/CPHL/30T/long/run_1/config.json
    Saved aggregate metrics to /fslarge/scratch/users/h61084/codes/selectime/outputs/selectime/chronos_bolt/evaluations/vanilla_univariate/CPHL/30T/long/run_1/metrics_summary.json
    Metrics summary (averaged over all series/windows/variates):
      MSE: 1.0076
      MAE: 0.6106
      RMSE: 0.7453
      MAPE: 0.5646
      sMAPE: 0.4302
      MASE: 1.9159
      ND: 0.3980
      CRPS: 0.3980
TIME run allocation action=new run=/fslarge/scratch/users/h61084/codes/selectime/outputs/selectime/chronos_bolt/evaluations/vanilla_univariate/CPHL/H/short/run_1 launch_id=selena_3584839 slurm_job_id=3584839 launched_at=2026-09-27T14:54:31.281012+00:00
[2026-09-27 14:54:31 UTC] evaluate vanilla_univariate CPHL/H/short
    Total instances: 112, Series during experiment: 4, Windows: 28
    Collecting ground truth and context...
    Organizing data into arrays...
    Saved predictions (quantiles) to /fslarge/scratch/users/h61084/codes/selectime/outputs/selectime/chronos_bolt/evaluations/vanilla_univariate/CPHL/H/short/run_1/predictions.npz
    Computing per-window metrics...
    Saved metrics to /fslarge/scratch/users/h61084/codes/selectime/outputs/selectime/chronos_bolt/evaluations/vanilla_univariate/CPHL/H/short/run_1/metrics.npz
    Saved config to /fslarge/scratch/users/h61084/codes/selectime/outputs/selectime/chronos_bolt/evaluations/vanilla_univariate/CPHL/H/short/run_1/config.json
    Saved aggregate metrics to /fslarge/scratch/users/h61084/codes/selectime/outputs/selectime/chronos_bolt/evaluations/vanilla_univariate/CPHL/H/short/run_1/metrics_summary.json
    Metrics summary (averaged over all series/windows/variates):
      MSE: 0.3898
      MAE: 0.3531
      RMSE: 0.4289
      MAPE: 0.3400
      sMAPE: 0.3042
      MASE: 1.3161
      ND: 0.2990
      CRPS: 0.2990
TIME run allocation action=new run=/fslarge/scratch/users/h61084/codes/selectime/outputs/selectime/chronos_bolt/evaluations/vanilla_univariate/CPHL/H/medium/run_1 launch_id=selena_3584839 slurm_job_id=3584839 launched_at=2026-09-27T14:54:31.324970+00:00
[2026-09-27 14:54:31 UTC] evaluate vanilla_univariate CPHL/H/medium
    Total instances: 16, Series during experiment: 4, Windows: 4
    Collecting ground truth and context...
    Organizing data into arrays...
    Saved predictions (quantiles) to /fslarge/scratch/users/h61084/codes/selectime/outputs/selectime/chronos_bolt/evaluations/vanilla_univariate/CPHL/H/medium/run_1/predictions.npz
    Computing per-window metrics...
    Saved metrics to /fslarge/scratch/users/h61084/codes/selectime/outputs/selectime/chronos_bolt/evaluations/vanilla_univariate/CPHL/H/medium/run_1/metrics.npz
    Saved config to /fslarge/scratch/users/h61084/codes/selectime/outputs/selectime/chronos_bolt/evaluations/vanilla_univariate/CPHL/H/medium/run_1/config.json
    Saved aggregate metrics to /fslarge/scratch/users/h61084/codes/selectime/outputs/selectime/chronos_bolt/evaluations/vanilla_univariate/CPHL/H/medium/run_1/metrics_summary.json
    Metrics summary (averaged over all series/windows/variates):
      MSE: 0.5275
      MAE: 0.4578
      RMSE: 0.5686
      MAPE: 0.4883
      sMAPE: 0.4368
      MASE: 1.9465
      ND: 0.4288
      CRPS: 0.4288
TIME run allocation action=new run=/fslarge/scratch/users/h61084/codes/selectime/outputs/selectime/chronos_bolt/evaluations/vanilla_univariate/CPHL/H/long/run_1 launch_id=selena_3584839 slurm_job_id=3584839 launched_at=2026-09-27T14:54:31.355543+00:00
[2026-09-27 14:54:31 UTC] evaluate vanilla_univariate CPHL/H/long
    Total instances: 8, Series during experiment: 4, Windows: 2
    Collecting ground truth and context...
    Organizing data into arrays...
    Saved predictions (quantiles) to /fslarge/scratch/users/h61084/codes/selectime/outputs/selectime/chronos_bolt/evaluations/vanilla_univariate/CPHL/H/long/run_1/predictions.npz
    Computing per-window metrics...
    Saved metrics to /fslarge/scratch/users/h61084/codes/selectime/outputs/selectime/chronos_bolt/evaluations/vanilla_univariate/CPHL/H/long/run_1/metrics.npz
    Saved config to /fslarge/scratch/users/h61084/codes/selectime/outputs/selectime/chronos_bolt/evaluations/vanilla_univariate/CPHL/H/long/run_1/config.json
    Saved aggregate metrics to /fslarge/scratch/users/h61084/codes/selectime/outputs/selectime/chronos_bolt/evaluations/vanilla_univariate/CPHL/H/long/run_1/metrics_summary.json
    Metrics summary (averaged over all series/windows/variates):
      MSE: 0.5425
      MAE: 0.4768
      RMSE: 0.6004
      MAPE: 0.5200
      sMAPE: 0.4744
      MASE: 2.1538
      ND: 0.4488
      CRPS: 0.4488
TIME run allocation action=new run=/fslarge/scratch/users/h61084/codes/selectime/outputs/selectime/chronos_bolt/evaluations/vanilla_univariate/Coastal_T_S/15T/short/run_1 launch_id=selena_3584839 slurm_job_id=3584839 launched_at=2026-09-27T14:54:31.389514+00:00
[2026-09-27 14:54:31 UTC] evaluate vanilla_univariate Coastal_T_S/15T/short
    Total instances: 1800, Series during experiment: 15, Windows: 120
    Collecting ground truth and context...
    Detected to_univariate case: 15 flat series -> 5 series x 3 variates
    Organizing data into arrays...
    Saved predictions (quantiles) to /fslarge/scratch/users/h61084/codes/selectime/outputs/selectime/chronos_bolt/evaluations/vanilla_univariate/Coastal_T_S/15T/short/run_1/predictions.npz
    Computing per-window metrics...
    Saved metrics to /fslarge/scratch/users/h61084/codes/selectime/outputs/selectime/chronos_bolt/evaluations/vanilla_univariate/Coastal_T_S/15T/short/run_1/metrics.npz
    Saved config to /fslarge/scratch/users/h61084/codes/selectime/outputs/selectime/chronos_bolt/evaluations/vanilla_univariate/Coastal_T_S/15T/short/run_1/config.json
    Saved aggregate metrics to /fslarge/scratch/users/h61084/codes/selectime/outputs/selectime/chronos_bolt/evaluations/vanilla_univariate/Coastal_T_S/15T/short/run_1/metrics_summary.json
    Metrics summary (averaged over all series/windows/variates):
      MSE: 113.6218
      MAE: 4.6778
      RMSE: 4.8684
      MAPE: 0.1344
      sMAPE: 0.1200
      MASE: 1.1376
      ND: 0.1154
      CRPS: 0.1154
TIME run allocation action=new run=/fslarge/scratch/users/h61084/codes/selectime/outputs/selectime/chronos_bolt/evaluations/vanilla_univariate/Coastal_T_S/15T/medium/run_1 launch_id=selena_3584839 slurm_job_id=3584839 launched_at=2026-09-27T14:54:31.789293+00:00
[2026-09-27 14:54:31 UTC] evaluate vanilla_univariate Coastal_T_S/15T/medium
    Total instances: 225, Series during experiment: 15, Windows: 15
    Collecting ground truth and context...
    Detected to_univariate case: 15 flat series -> 5 series x 3 variates
    Organizing data into arrays...
    Saved predictions (quantiles) to /fslarge/scratch/users/h61084/codes/selectime/outputs/selectime/chronos_bolt/evaluations/vanilla_univariate/Coastal_T_S/15T/medium/run_1/predictions.npz
    Computing per-window metrics...
    Saved metrics to /fslarge/scratch/users/h61084/codes/selectime/outputs/selectime/chronos_bolt/evaluations/vanilla_univariate/Coastal_T_S/15T/medium/run_1/metrics.npz
    Saved config to /fslarge/scratch/users/h61084/codes/selectime/outputs/selectime/chronos_bolt/evaluations/vanilla_univariate/Coastal_T_S/15T/medium/run_1/config.json
    Saved aggregate metrics to /fslarge/scratch/users/h61084/codes/selectime/outputs/selectime/chronos_bolt/evaluations/vanilla_univariate/Coastal_T_S/15T/medium/run_1/metrics_summary.json
    Metrics summary (averaged over all series/windows/variates):
      MSE: 111.3977
      MAE: 4.7236
      RMSE: 4.8761
      MAPE: 0.1385
      sMAPE: 0.1215
      MASE: 1.2547
      ND: 0.1153
      CRPS: 0.1153
TIME run allocation action=new run=/fslarge/scratch/users/h61084/codes/selectime/outputs/selectime/chronos_bolt/evaluations/vanilla_univariate/Coastal_T_S/15T/long/run_1 launch_id=selena_3584839 slurm_job_id=3584839 launched_at=2026-09-27T14:54:31.883371+00:00
[2026-09-27 14:54:31 UTC] evaluate vanilla_univariate Coastal_T_S/15T/long
    Total instances: 75, Series during experiment: 15, Windows: 5
    Collecting ground truth and context...
    Detected to_univariate case: 15 flat series -> 5 series x 3 variates
    Organizing data into arrays...
    Saved predictions (quantiles) to /fslarge/scratch/users/h61084/codes/selectime/outputs/selectime/chronos_bolt/evaluations/vanilla_univariate/Coastal_T_S/15T/long/run_1/predictions.npz
    Computing per-window metrics...
    Saved metrics to /fslarge/scratch/users/h61084/codes/selectime/outputs/selectime/chronos_bolt/evaluations/vanilla_univariate/Coastal_T_S/15T/long/run_1/metrics.npz
    Saved config to /fslarge/scratch/users/h61084/codes/selectime/outputs/selectime/chronos_bolt/evaluations/vanilla_univariate/Coastal_T_S/15T/long/run_1/config.json
    Saved aggregate metrics to /fslarge/scratch/users/h61084/codes/selectime/outputs/selectime/chronos_bolt/evaluations/vanilla_univariate/Coastal_T_S/15T/long/run_1/metrics_summary.json
    Metrics summary (averaged over all series/windows/variates):
      MSE: 110.1648
      MAE: 4.7410
      RMSE: 4.8775
      MAPE: 0.1414
      sMAPE: 0.1223
      MASE: 1.3759
      ND: 0.1160
      CRPS: 0.1160
TIME run allocation action=new run=/fslarge/scratch/users/h61084/codes/selectime/outputs/selectime/chronos_bolt/evaluations/vanilla_univariate/Coastal_T_S/20T/short/run_1 launch_id=selena_3584839 slurm_job_id=3584839 launched_at=2026-09-27T14:54:31.944214+00:00
[2026-09-27 14:54:31 UTC] evaluate vanilla_univariate Coastal_T_S/20T/short
    Total instances: 360, Series during experiment: 3, Windows: 120
    Collecting ground truth and context...
    Detected to_univariate case: 3 flat series -> 1 series x 3 variates
    Organizing data into arrays...
    Saved predictions (quantiles) to /fslarge/scratch/users/h61084/codes/selectime/outputs/selectime/chronos_bolt/evaluations/vanilla_univariate/Coastal_T_S/20T/short/run_1/predictions.npz
    Computing per-window metrics...
    Saved metrics to /fslarge/scratch/users/h61084/codes/selectime/outputs/selectime/chronos_bolt/evaluations/vanilla_univariate/Coastal_T_S/20T/short/run_1/metrics.npz
    Saved config to /fslarge/scratch/users/h61084/codes/selectime/outputs/selectime/chronos_bolt/evaluations/vanilla_univariate/Coastal_T_S/20T/short/run_1/config.json
    Saved aggregate metrics to /fslarge/scratch/users/h61084/codes/selectime/outputs/selectime/chronos_bolt/evaluations/vanilla_univariate/Coastal_T_S/20T/short/run_1/metrics_summary.json
    Metrics summary (averaged over all series/windows/variates):
      MSE: 0.0147
      MAE: 0.0821
      RMSE: 0.0951
      MAPE: 0.0035
      sMAPE: 0.0035
      MASE: 0.6112
      ND: 0.0035
      CRPS: 0.0035
TIME run allocation action=new run=/fslarge/scratch/users/h61084/codes/selectime/outputs/selectime/chronos_bolt/evaluations/vanilla_univariate/Coastal_T_S/20T/medium/run_1 launch_id=selena_3584839 slurm_job_id=3584839 launched_at=2026-09-27T14:54:32.024151+00:00
[2026-09-27 14:54:32 UTC] evaluate vanilla_univariate Coastal_T_S/20T/medium
    Total instances: 45, Series during experiment: 3, Windows: 15
    Collecting ground truth and context...
    Detected to_univariate case: 3 flat series -> 1 series x 3 variates
    Organizing data into arrays...
    Saved predictions (quantiles) to /fslarge/scratch/users/h61084/codes/selectime/outputs/selectime/chronos_bolt/evaluations/vanilla_univariate/Coastal_T_S/20T/medium/run_1/predictions.npz
    Computing per-window metrics...
    Saved metrics to /fslarge/scratch/users/h61084/codes/selectime/outputs/selectime/chronos_bolt/evaluations/vanilla_univariate/Coastal_T_S/20T/medium/run_1/metrics.npz
    Saved config to /fslarge/scratch/users/h61084/codes/selectime/outputs/selectime/chronos_bolt/evaluations/vanilla_univariate/Coastal_T_S/20T/medium/run_1/config.json
    Saved aggregate metrics to /fslarge/scratch/users/h61084/codes/selectime/outputs/selectime/chronos_bolt/evaluations/vanilla_univariate/Coastal_T_S/20T/medium/run_1/metrics_summary.json
    Metrics summary (averaged over all series/windows/variates):
      MSE: 0.1288
      MAE: 0.2530
      RMSE: 0.3104
      MAPE: 0.0115
      sMAPE: 0.0114
      MASE: 1.7548
      ND: 0.0114
      CRPS: 0.0114
TIME run allocation action=new run=/fslarge/scratch/users/h61084/codes/selectime/outputs/selectime/chronos_bolt/evaluations/vanilla_univariate/Coastal_T_S/20T/long/run_1 launch_id=selena_3584839 slurm_job_id=3584839 launched_at=2026-09-27T14:54:32.060745+00:00
[2026-09-27 14:54:32 UTC] evaluate vanilla_univariate Coastal_T_S/20T/long
    Total instances: 15, Series during experiment: 3, Windows: 5
    Collecting ground truth and context...
    Detected to_univariate case: 3 flat series -> 1 series x 3 variates
    Organizing data into arrays...
    Saved predictions (quantiles) to /fslarge/scratch/users/h61084/codes/selectime/outputs/selectime/chronos_bolt/evaluations/vanilla_univariate/Coastal_T_S/20T/long/run_1/predictions.npz
    Computing per-window metrics...
    Saved metrics to /fslarge/scratch/users/h61084/codes/selectime/outputs/selectime/chronos_bolt/evaluations/vanilla_univariate/Coastal_T_S/20T/long/run_1/metrics.npz
    Saved config to /fslarge/scratch/users/h61084/codes/selectime/outputs/selectime/chronos_bolt/evaluations/vanilla_univariate/Coastal_T_S/20T/long/run_1/config.json
    Saved aggregate metrics to /fslarge/scratch/users/h61084/codes/selectime/outputs/selectime/chronos_bolt/evaluations/vanilla_univariate/Coastal_T_S/20T/long/run_1/metrics_summary.json
    Metrics summary (averaged over all series/windows/variates):
      MSE: 0.2062
      MAE: 0.3311
      RMSE: 0.4023
      MAPE: 0.0147
      sMAPE: 0.0147
      MASE: 2.3705
      ND: 0.0147
      CRPS: 0.0147
TIME run allocation action=new run=/fslarge/scratch/users/h61084/codes/selectime/outputs/selectime/chronos_bolt/evaluations/vanilla_univariate/Coastal_T_S/H/short/run_1 launch_id=selena_3584839 slurm_job_id=3584839 launched_at=2026-09-27T14:54:32.093349+00:00
[2026-09-27 14:54:32 UTC] evaluate vanilla_univariate Coastal_T_S/H/short
    Total instances: 2016, Series during experiment: 72, Windows: 28
    Collecting ground truth and context...
    Detected to_univariate case: 72 flat series -> 24 series x 3 variates
    Organizing data into arrays...
    Saved predictions (quantiles) to /fslarge/scratch/users/h61084/codes/selectime/outputs/selectime/chronos_bolt/evaluations/vanilla_univariate/Coastal_T_S/H/short/run_1/predictions.npz
    Computing per-window metrics...
    Saved metrics to /fslarge/scratch/users/h61084/codes/selectime/outputs/selectime/chronos_bolt/evaluations/vanilla_univariate/Coastal_T_S/H/short/run_1/metrics.npz
    Saved config to /fslarge/scratch/users/h61084/codes/selectime/outputs/selectime/chronos_bolt/evaluations/vanilla_univariate/Coastal_T_S/H/short/run_1/config.json
    Saved aggregate metrics to /fslarge/scratch/users/h61084/codes/selectime/outputs/selectime/chronos_bolt/evaluations/vanilla_univariate/Coastal_T_S/H/short/run_1/metrics_summary.json
    Metrics summary (averaged over all series/windows/variates):
      MSE: 15.3482
      MAE: 1.1244
      RMSE: 1.3869
      MAPE: 0.0307
      sMAPE: 0.0289
      MASE: 0.9819
      ND: 0.0285
      CRPS: 0.0285
TIME run allocation action=new run=/fslarge/scratch/users/h61084/codes/selectime/outputs/selectime/chronos_bolt/evaluations/vanilla_univariate/Coastal_T_S/H/medium/run_1 launch_id=selena_3584839 slurm_job_id=3584839 launched_at=2026-09-27T14:54:32.432039+00:00
[2026-09-27 14:54:32 UTC] evaluate vanilla_univariate Coastal_T_S/H/medium
    Total instances: 288, Series during experiment: 72, Windows: 4
    Collecting ground truth and context...
    Detected to_univariate case: 72 flat series -> 24 series x 3 variates
    Organizing data into arrays...
    Saved predictions (quantiles) to /fslarge/scratch/users/h61084/codes/selectime/outputs/selectime/chronos_bolt/evaluations/vanilla_univariate/Coastal_T_S/H/medium/run_1/predictions.npz
    Computing per-window metrics...
    Saved metrics to /fslarge/scratch/users/h61084/codes/selectime/outputs/selectime/chronos_bolt/evaluations/vanilla_univariate/Coastal_T_S/H/medium/run_1/metrics.npz
    Saved config to /fslarge/scratch/users/h61084/codes/selectime/outputs/selectime/chronos_bolt/evaluations/vanilla_univariate/Coastal_T_S/H/medium/run_1/config.json
    Saved aggregate metrics to /fslarge/scratch/users/h61084/codes/selectime/outputs/selectime/chronos_bolt/evaluations/vanilla_univariate/Coastal_T_S/H/medium/run_1/metrics_summary.json
    Metrics summary (averaged over all series/windows/variates):
      MSE: 21.9113
      MAE: 1.4095
      RMSE: 1.7617
      MAPE: 0.0429
      sMAPE: 0.0380
      MASE: 1.7441
      ND: 0.0406
      CRPS: 0.0406
TIME run allocation action=new run=/fslarge/scratch/users/h61084/codes/selectime/outputs/selectime/chronos_bolt/evaluations/vanilla_univariate/Coastal_T_S/H/long/run_1 launch_id=selena_3584839 slurm_job_id=3584839 launched_at=2026-09-27T14:54:32.525941+00:00
[2026-09-27 14:54:32 UTC] evaluate vanilla_univariate Coastal_T_S/H/long
    Total instances: 144, Series during experiment: 72, Windows: 2
    Collecting ground truth and context...
    Detected to_univariate case: 72 flat series -> 24 series x 3 variates
    Organizing data into arrays...
    Saved predictions (quantiles) to /fslarge/scratch/users/h61084/codes/selectime/outputs/selectime/chronos_bolt/evaluations/vanilla_univariate/Coastal_T_S/H/long/run_1/predictions.npz
    Computing per-window metrics...
    Saved metrics to /fslarge/scratch/users/h61084/codes/selectime/outputs/selectime/chronos_bolt/evaluations/vanilla_univariate/Coastal_T_S/H/long/run_1/metrics.npz
    Saved config to /fslarge/scratch/users/h61084/codes/selectime/outputs/selectime/chronos_bolt/evaluations/vanilla_univariate/Coastal_T_S/H/long/run_1/config.json
    Saved aggregate metrics to /fslarge/scratch/users/h61084/codes/selectime/outputs/selectime/chronos_bolt/evaluations/vanilla_univariate/Coastal_T_S/H/long/run_1/metrics_summary.json
    Metrics summary (averaged over all series/windows/variates):
      MSE: 22.8227
      MAE: 1.5095
      RMSE: 1.9304
      MAPE: 0.0476
      sMAPE: 0.0428
      MASE: 2.4030
      ND: 0.0428
      CRPS: 0.0428
TIME run allocation action=new run=/fslarge/scratch/users/h61084/codes/selectime/outputs/selectime/chronos_bolt/evaluations/vanilla_univariate/SG_Weather/D/short/run_1 launch_id=selena_3584839 slurm_job_id=3584839 launched_at=2026-09-27T14:54:32.597460+00:00
[2026-09-27 14:54:32 UTC] evaluate vanilla_univariate SG_Weather/D/short
    Total instances: 2928, Series during experiment: 24, Windows: 122
    Collecting ground truth and context...
    Detected to_univariate case: 24 flat series -> 6 series x 4 variates
    Organizing data into arrays...
    Saved predictions (quantiles) to /fslarge/scratch/users/h61084/codes/selectime/outputs/selectime/chronos_bolt/evaluations/vanilla_univariate/SG_Weather/D/short/run_1/predictions.npz
    Computing per-window metrics...
    Saved metrics to /fslarge/scratch/users/h61084/codes/selectime/outputs/selectime/chronos_bolt/evaluations/vanilla_univariate/SG_Weather/D/short/run_1/metrics.npz
    Saved config to /fslarge/scratch/users/h61084/codes/selectime/outputs/selectime/chronos_bolt/evaluations/vanilla_univariate/SG_Weather/D/short/run_1/config.json
    Saved aggregate metrics to /fslarge/scratch/users/h61084/codes/selectime/outputs/selectime/chronos_bolt/evaluations/vanilla_univariate/SG_Weather/D/short/run_1/metrics_summary.json
    Metrics summary (averaged over all series/windows/variates):
      MSE: 2187.5583
      MAE: 17.8336
      RMSE: 20.5050
      MAPE: 0.3912
      sMAPE: 0.2273
      MASE: 0.8705
      ND: 0.2521
      CRPS: 0.2521
TIME run allocation action=new run=/fslarge/scratch/users/h61084/codes/selectime/outputs/selectime/chronos_bolt/evaluations/vanilla_univariate/SG_Weather/D/medium/run_1 launch_id=selena_3584839 slurm_job_id=3584839 launched_at=2026-09-27T14:54:33.017174+00:00
[2026-09-27 14:54:33 UTC] evaluate vanilla_univariate SG_Weather/D/medium
    Total instances: 1248, Series during experiment: 24, Windows: 52
    Collecting ground truth and context...
    Detected to_univariate case: 24 flat series -> 6 series x 4 variates
    Organizing data into arrays...
    Saved predictions (quantiles) to /fslarge/scratch/users/h61084/codes/selectime/outputs/selectime/chronos_bolt/evaluations/vanilla_univariate/SG_Weather/D/medium/run_1/predictions.npz
    Computing per-window metrics...
    Saved metrics to /fslarge/scratch/users/h61084/codes/selectime/outputs/selectime/chronos_bolt/evaluations/vanilla_univariate/SG_Weather/D/medium/run_1/metrics.npz
    Saved config to /fslarge/scratch/users/h61084/codes/selectime/outputs/selectime/chronos_bolt/evaluations/vanilla_univariate/SG_Weather/D/medium/run_1/config.json
    Saved aggregate metrics to /fslarge/scratch/users/h61084/codes/selectime/outputs/selectime/chronos_bolt/evaluations/vanilla_univariate/SG_Weather/D/medium/run_1/metrics_summary.json
    Metrics summary (averaged over all series/windows/variates):
      MSE: 2264.9417
      MAE: 18.3903
      RMSE: 22.3920
      MAPE: 0.3959
      sMAPE: 0.2331
      MASE: 0.9120
      ND: 0.2322
      CRPS: 0.2322
TIME run allocation action=new run=/fslarge/scratch/users/h61084/codes/selectime/outputs/selectime/chronos_bolt/evaluations/vanilla_univariate/SG_Weather/D/long/run_1 launch_id=selena_3584839 slurm_job_id=3584839 launched_at=2026-09-27T14:54:33.198443+00:00
[2026-09-27 14:54:33 UTC] evaluate vanilla_univariate SG_Weather/D/long
    Total instances: 624, Series during experiment: 24, Windows: 26
    Collecting ground truth and context...
    Detected to_univariate case: 24 flat series -> 6 series x 4 variates
    Organizing data into arrays...
    Saved predictions (quantiles) to /fslarge/scratch/users/h61084/codes/selectime/outputs/selectime/chronos_bolt/evaluations/vanilla_univariate/SG_Weather/D/long/run_1/predictions.npz
    Computing per-window metrics...
    Saved metrics to /fslarge/scratch/users/h61084/codes/selectime/outputs/selectime/chronos_bolt/evaluations/vanilla_univariate/SG_Weather/D/long/run_1/metrics.npz
    Saved config to /fslarge/scratch/users/h61084/codes/selectime/outputs/selectime/chronos_bolt/evaluations/vanilla_univariate/SG_Weather/D/long/run_1/config.json
    Saved aggregate metrics to /fslarge/scratch/users/h61084/codes/selectime/outputs/selectime/chronos_bolt/evaluations/vanilla_univariate/SG_Weather/D/long/run_1/metrics_summary.json
    Metrics summary (averaged over all series/windows/variates):
      MSE: 2282.6128
      MAE: 18.5438
      RMSE: 23.2289
      MAPE: 0.4004
      sMAPE: 0.2365
      MASE: 0.9297
      ND: 0.2298
      CRPS: 0.2298
TIME run allocation action=new run=/fslarge/scratch/users/h61084/codes/selectime/outputs/selectime/chronos_bolt/evaluations/vanilla_univariate/SG_PM25/H/short/run_1 launch_id=selena_3584839 slurm_job_id=3584839 launched_at=2026-09-27T14:54:33.321351+00:00
[2026-09-27 14:54:33 UTC] evaluate vanilla_univariate SG_PM25/H/short
    Total instances: 460, Series during experiment: 5, Windows: 92
    Collecting ground truth and context...
    Detected to_univariate case: 5 flat series -> 1 series x 5 variates
    Organizing data into arrays...
    Saved predictions (quantiles) to /fslarge/scratch/users/h61084/codes/selectime/outputs/selectime/chronos_bolt/evaluations/vanilla_univariate/SG_PM25/H/short/run_1/predictions.npz
    Computing per-window metrics...
    Saved metrics to /fslarge/scratch/users/h61084/codes/selectime/outputs/selectime/chronos_bolt/evaluations/vanilla_univariate/SG_PM25/H/short/run_1/metrics.npz
    Saved config to /fslarge/scratch/users/h61084/codes/selectime/outputs/selectime/chronos_bolt/evaluations/vanilla_univariate/SG_PM25/H/short/run_1/config.json
    Saved aggregate metrics to /fslarge/scratch/users/h61084/codes/selectime/outputs/selectime/chronos_bolt/evaluations/vanilla_univariate/SG_PM25/H/short/run_1/metrics_summary.json
    Metrics summary (averaged over all series/windows/variates):
      MSE: 44.0598
      MAE: 4.7375
      RMSE: 5.8469
      MAPE: 0.5007
      sMAPE: 0.4009
      MASE: 0.9001
      ND: 0.4028
      CRPS: 0.4028
TIME run allocation action=new run=/fslarge/scratch/users/h61084/codes/selectime/outputs/selectime/chronos_bolt/evaluations/vanilla_univariate/SG_PM25/H/medium/run_1 launch_id=selena_3584839 slurm_job_id=3584839 launched_at=2026-09-27T14:54:33.491999+00:00
[2026-09-27 14:54:33 UTC] evaluate vanilla_univariate SG_PM25/H/medium
    Total instances: 150, Series during experiment: 5, Windows: 30
    Collecting ground truth and context...
    Detected to_univariate case: 5 flat series -> 1 series x 5 variates
    Organizing data into arrays...
    Saved predictions (quantiles) to /fslarge/scratch/users/h61084/codes/selectime/outputs/selectime/chronos_bolt/evaluations/vanilla_univariate/SG_PM25/H/medium/run_1/predictions.npz
    Computing per-window metrics...
    Saved metrics to /fslarge/scratch/users/h61084/codes/selectime/outputs/selectime/chronos_bolt/evaluations/vanilla_univariate/SG_PM25/H/medium/run_1/metrics.npz
    Saved config to /fslarge/scratch/users/h61084/codes/selectime/outputs/selectime/chronos_bolt/evaluations/vanilla_univariate/SG_PM25/H/medium/run_1/config.json
    Saved aggregate metrics to /fslarge/scratch/users/h61084/codes/selectime/outputs/selectime/chronos_bolt/evaluations/vanilla_univariate/SG_PM25/H/medium/run_1/metrics_summary.json
    Metrics summary (averaged over all series/windows/variates):
      MSE: 51.6239
      MAE: 5.1286
      RMSE: 6.5366
      MAPE: 0.5289
      sMAPE: 0.4297
      MASE: 0.9730
      ND: 0.4202
      CRPS: 0.4202
TIME run allocation action=new run=/fslarge/scratch/users/h61084/codes/selectime/outputs/selectime/chronos_bolt/evaluations/vanilla_univariate/SG_PM25/H/long/run_1 launch_id=selena_3584839 slurm_job_id=3584839 launched_at=2026-09-27T14:54:33.581235+00:00
[2026-09-27 14:54:33 UTC] evaluate vanilla_univariate SG_PM25/H/long
    Total instances: 65, Series during experiment: 5, Windows: 13
    Collecting ground truth and context...
    Detected to_univariate case: 5 flat series -> 1 series x 5 variates
    Organizing data into arrays...
    Saved predictions (quantiles) to /fslarge/scratch/users/h61084/codes/selectime/outputs/selectime/chronos_bolt/evaluations/vanilla_univariate/SG_PM25/H/long/run_1/predictions.npz
    Computing per-window metrics...
    Saved metrics to /fslarge/scratch/users/h61084/codes/selectime/outputs/selectime/chronos_bolt/evaluations/vanilla_univariate/SG_PM25/H/long/run_1/metrics.npz
    Saved config to /fslarge/scratch/users/h61084/codes/selectime/outputs/selectime/chronos_bolt/evaluations/vanilla_univariate/SG_PM25/H/long/run_1/config.json
    Saved aggregate metrics to /fslarge/scratch/users/h61084/codes/selectime/outputs/selectime/chronos_bolt/evaluations/vanilla_univariate/SG_PM25/H/long/run_1/metrics_summary.json
    Metrics summary (averaged over all series/windows/variates):
      MSE: 51.6894
      MAE: 5.1893
      RMSE: 6.8288
      MAPE: 0.5216
      sMAPE: 0.4365
      MASE: 0.9863
      ND: 0.4244
      CRPS: 0.4244
TIME run allocation action=new run=/fslarge/scratch/users/h61084/codes/selectime/outputs/selectime/chronos_bolt/evaluations/vanilla_univariate/NE_China_Wind/H/short/run_1 launch_id=selena_3584839 slurm_job_id=3584839 launched_at=2026-09-27T14:54:33.637686+00:00
[2026-09-27 14:54:33 UTC] evaluate vanilla_univariate NE_China_Wind/H/short
    Total instances: 120, Series during experiment: 4, Windows: 30
    Collecting ground truth and context...
    Detected to_univariate case: 4 flat series -> 1 series x 4 variates
    Organizing data into arrays...
    Saved predictions (quantiles) to /fslarge/scratch/users/h61084/codes/selectime/outputs/selectime/chronos_bolt/evaluations/vanilla_univariate/NE_China_Wind/H/short/run_1/predictions.npz
    Computing per-window metrics...
    Saved metrics to /fslarge/scratch/users/h61084/codes/selectime/outputs/selectime/chronos_bolt/evaluations/vanilla_univariate/NE_China_Wind/H/short/run_1/metrics.npz
    Saved config to /fslarge/scratch/users/h61084/codes/selectime/outputs/selectime/chronos_bolt/evaluations/vanilla_univariate/NE_China_Wind/H/short/run_1/config.json
    Saved aggregate metrics to /fslarge/scratch/users/h61084/codes/selectime/outputs/selectime/chronos_bolt/evaluations/vanilla_univariate/NE_China_Wind/H/short/run_1/metrics_summary.json
    Metrics summary (averaged over all series/windows/variates):
      MSE: 0.1024
      MAE: 0.2177
      RMSE: 0.2547
      MAPE: 0.8341
      sMAPE: 0.4933
      MASE: 0.5333
      ND: 0.4345
      CRPS: 0.4345
TIME run allocation action=new run=/fslarge/scratch/users/h61084/codes/selectime/outputs/selectime/chronos_bolt/evaluations/vanilla_univariate/NE_China_Wind/H/medium/run_1 launch_id=selena_3584839 slurm_job_id=3584839 launched_at=2026-09-27T14:54:33.685838+00:00
[2026-09-27 14:54:33 UTC] evaluate vanilla_univariate NE_China_Wind/H/medium
    Total instances: 40, Series during experiment: 4, Windows: 10
    Collecting ground truth and context...
    Detected to_univariate case: 4 flat series -> 1 series x 4 variates
    Organizing data into arrays...
    Saved predictions (quantiles) to /fslarge/scratch/users/h61084/codes/selectime/outputs/selectime/chronos_bolt/evaluations/vanilla_univariate/NE_China_Wind/H/medium/run_1/predictions.npz
    Computing per-window metrics...
    Saved metrics to /fslarge/scratch/users/h61084/codes/selectime/outputs/selectime/chronos_bolt/evaluations/vanilla_univariate/NE_China_Wind/H/medium/run_1/metrics.npz
    Saved config to /fslarge/scratch/users/h61084/codes/selectime/outputs/selectime/chronos_bolt/evaluations/vanilla_univariate/NE_China_Wind/H/medium/run_1/config.json
    Saved aggregate metrics to /fslarge/scratch/users/h61084/codes/selectime/outputs/selectime/chronos_bolt/evaluations/vanilla_univariate/NE_China_Wind/H/medium/run_1/metrics_summary.json
    Metrics summary (averaged over all series/windows/variates):
      MSE: 0.2650
      MAE: 0.3702
      RMSE: 0.4323
      MAPE: 0.8880
      sMAPE: 0.7226
      MASE: 0.9417
      ND: 0.5539
      CRPS: 0.5539
TIME run allocation action=new run=/fslarge/scratch/users/h61084/codes/selectime/outputs/selectime/chronos_bolt/evaluations/vanilla_univariate/NE_China_Wind/H/long/run_1 launch_id=selena_3584839 slurm_job_id=3584839 launched_at=2026-09-27T14:54:33.723010+00:00
[2026-09-27 14:54:33 UTC] evaluate vanilla_univariate NE_China_Wind/H/long
    Total instances: 16, Series during experiment: 4, Windows: 4
    Collecting ground truth and context...
    Detected to_univariate case: 4 flat series -> 1 series x 4 variates
    Organizing data into arrays...
    Saved predictions (quantiles) to /fslarge/scratch/users/h61084/codes/selectime/outputs/selectime/chronos_bolt/evaluations/vanilla_univariate/NE_China_Wind/H/long/run_1/predictions.npz
    Computing per-window metrics...
    Saved metrics to /fslarge/scratch/users/h61084/codes/selectime/outputs/selectime/chronos_bolt/evaluations/vanilla_univariate/NE_China_Wind/H/long/run_1/metrics.npz
    Saved config to /fslarge/scratch/users/h61084/codes/selectime/outputs/selectime/chronos_bolt/evaluations/vanilla_univariate/NE_China_Wind/H/long/run_1/config.json
    Saved aggregate metrics to /fslarge/scratch/users/h61084/codes/selectime/outputs/selectime/chronos_bolt/evaluations/vanilla_univariate/NE_China_Wind/H/long/run_1/metrics_summary.json
    Metrics summary (averaged over all series/windows/variates):
      MSE: 0.3511
      MAE: 0.4531
      RMSE: 0.5548
      MAPE: 1.0509
      sMAPE: 0.8280
      MASE: 1.2606
      ND: 0.6125
      CRPS: 0.6125
TIME run allocation action=new run=/fslarge/scratch/users/h61084/codes/selectime/outputs/selectime/chronos_bolt/evaluations/vanilla_univariate/Australia_Solar/H/short/run_1 launch_id=selena_3584839 slurm_job_id=3584839 launched_at=2026-09-27T14:54:33.761540+00:00
[2026-09-27 14:54:33 UTC] evaluate vanilla_univariate Australia_Solar/H/short
    Total instances: 315, Series during experiment: 3, Windows: 105
    Collecting ground truth and context...
    Detected to_univariate case: 3 flat series -> 1 series x 3 variates
    Organizing data into arrays...
    ⚠️  Predictions max value (1789314.12) exceeds float16 safe range.
    ⚠️  Applying scale factor: 100 (values will be divided)
    Saved predictions (quantiles) to /fslarge/scratch/users/h61084/codes/selectime/outputs/selectime/chronos_bolt/evaluations/vanilla_univariate/Australia_Solar/H/short/run_1/predictions.npz
    Computing per-window metrics...
    Saved metrics to /fslarge/scratch/users/h61084/codes/selectime/outputs/selectime/chronos_bolt/evaluations/vanilla_univariate/Australia_Solar/H/short/run_1/metrics.npz
    Saved config to /fslarge/scratch/users/h61084/codes/selectime/outputs/selectime/chronos_bolt/evaluations/vanilla_univariate/Australia_Solar/H/short/run_1/config.json
    Saved aggregate metrics to /fslarge/scratch/users/h61084/codes/selectime/outputs/selectime/chronos_bolt/evaluations/vanilla_univariate/Australia_Solar/H/short/run_1/metrics_summary.json
    Metrics summary (averaged over all series/windows/variates):
      MSE: 24319664550.3708
      MAE: 79146.9292
      RMSE: 103897.6770
      MAPE: 84.3251
      sMAPE: 0.5580
      MASE: 1.1027
      ND: 0.3368
      CRPS: 0.3368
TIME run allocation action=new run=/fslarge/scratch/users/h61084/codes/selectime/outputs/selectime/chronos_bolt/evaluations/vanilla_univariate/Australia_Solar/H/medium/run_1 launch_id=selena_3584839 slurm_job_id=3584839 launched_at=2026-09-27T14:54:33.877076+00:00
[2026-09-27 14:54:33 UTC] evaluate vanilla_univariate Australia_Solar/H/medium
    Total instances: 105, Series during experiment: 3, Windows: 35
    Collecting ground truth and context...
    Detected to_univariate case: 3 flat series -> 1 series x 3 variates
    Organizing data into arrays...
    ⚠️  Predictions max value (1756853.00) exceeds float16 safe range.
    ⚠️  Applying scale factor: 100 (values will be divided)
    Saved predictions (quantiles) to /fslarge/scratch/users/h61084/codes/selectime/outputs/selectime/chronos_bolt/evaluations/vanilla_univariate/Australia_Solar/H/medium/run_1/predictions.npz
    Computing per-window metrics...
    Saved metrics to /fslarge/scratch/users/h61084/codes/selectime/outputs/selectime/chronos_bolt/evaluations/vanilla_univariate/Australia_Solar/H/medium/run_1/metrics.npz
    Saved config to /fslarge/scratch/users/h61084/codes/selectime/outputs/selectime/chronos_bolt/evaluations/vanilla_univariate/Australia_Solar/H/medium/run_1/config.json
    Saved aggregate metrics to /fslarge/scratch/users/h61084/codes/selectime/outputs/selectime/chronos_bolt/evaluations/vanilla_univariate/Australia_Solar/H/medium/run_1/metrics_summary.json
    Metrics summary (averaged over all series/windows/variates):
      MSE: 25772969698.9003
      MAE: 82552.6843
      RMSE: 122263.7341
      MAPE: 84.2986
      sMAPE: 0.5705
      MASE: 1.1873
      ND: 0.3012
      CRPS: 0.3012
TIME run allocation action=new run=/fslarge/scratch/users/h61084/codes/selectime/outputs/selectime/chronos_bolt/evaluations/vanilla_univariate/Australia_Solar/H/long/run_1 launch_id=selena_3584839 slurm_job_id=3584839 launched_at=2026-09-27T14:54:33.940881+00:00
[2026-09-27 14:54:33 UTC] evaluate vanilla_univariate Australia_Solar/H/long
    Total instances: 45, Series during experiment: 3, Windows: 15
    Collecting ground truth and context...
    Detected to_univariate case: 3 flat series -> 1 series x 3 variates
    Organizing data into arrays...
    ⚠️  Predictions max value (1701006.25) exceeds float16 safe range.
    ⚠️  Applying scale factor: 100 (values will be divided)
    Saved predictions (quantiles) to /fslarge/scratch/users/h61084/codes/selectime/outputs/selectime/chronos_bolt/evaluations/vanilla_univariate/Australia_Solar/H/long/run_1/predictions.npz
    Computing per-window metrics...
    Saved metrics to /fslarge/scratch/users/h61084/codes/selectime/outputs/selectime/chronos_bolt/evaluations/vanilla_univariate/Australia_Solar/H/long/run_1/metrics.npz
    Saved config to /fslarge/scratch/users/h61084/codes/selectime/outputs/selectime/chronos_bolt/evaluations/vanilla_univariate/Australia_Solar/H/long/run_1/config.json
    Saved aggregate metrics to /fslarge/scratch/users/h61084/codes/selectime/outputs/selectime/chronos_bolt/evaluations/vanilla_univariate/Australia_Solar/H/long/run_1/metrics_summary.json
    Metrics summary (averaged over all series/windows/variates):
      MSE: 24593359652.9910
      MAE: 81252.4831
      RMSE: 125718.3052
      MAPE: 118.6876
      sMAPE: 0.5792
      MASE: 1.2014
      ND: 0.2758
      CRPS: 0.2758
TIME run allocation action=new run=/fslarge/scratch/users/h61084/codes/selectime/outputs/selectime/chronos_bolt/evaluations/vanilla_univariate/epf_electricity_price/H/short/run_1 launch_id=selena_3584839 slurm_job_id=3584839 launched_at=2026-09-27T14:54:33.987064+00:00
[2026-09-27 14:54:33 UTC] evaluate vanilla_univariate epf_electricity_price/H/short
    Total instances: 525, Series during experiment: 5, Windows: 105
    Collecting ground truth and context...
    Organizing data into arrays...
    Saved predictions (quantiles) to /fslarge/scratch/users/h61084/codes/selectime/outputs/selectime/chronos_bolt/evaluations/vanilla_univariate/epf_electricity_price/H/short/run_1/predictions.npz
    Computing per-window metrics...
    Saved metrics to /fslarge/scratch/users/h61084/codes/selectime/outputs/selectime/chronos_bolt/evaluations/vanilla_univariate/epf_electricity_price/H/short/run_1/metrics.npz
    Saved config to /fslarge/scratch/users/h61084/codes/selectime/outputs/selectime/chronos_bolt/evaluations/vanilla_univariate/epf_electricity_price/H/short/run_1/config.json
    Saved aggregate metrics to /fslarge/scratch/users/h61084/codes/selectime/outputs/selectime/chronos_bolt/evaluations/vanilla_univariate/epf_electricity_price/H/short/run_1/metrics_summary.json
    Metrics summary (averaged over all series/windows/variates):
      MSE: 126.7529
      MAE: 6.2887
      RMSE: 7.8819
      MAPE: 1.1943
      sMAPE: 0.1605
      MASE: 0.9865
      ND: 0.1631
      CRPS: 0.1631
TIME run allocation action=new run=/fslarge/scratch/users/h61084/codes/selectime/outputs/selectime/chronos_bolt/evaluations/vanilla_univariate/epf_electricity_price/H/medium/run_1 launch_id=selena_3584839 slurm_job_id=3584839 launched_at=2026-09-27T14:54:34.188964+00:00
[2026-09-27 14:54:34 UTC] evaluate vanilla_univariate epf_electricity_price/H/medium
    Total instances: 175, Series during experiment: 5, Windows: 35
    Collecting ground truth and context...
    Organizing data into arrays...
    Saved predictions (quantiles) to /fslarge/scratch/users/h61084/codes/selectime/outputs/selectime/chronos_bolt/evaluations/vanilla_univariate/epf_electricity_price/H/medium/run_1/predictions.npz
    Computing per-window metrics...
    Saved metrics to /fslarge/scratch/users/h61084/codes/selectime/outputs/selectime/chronos_bolt/evaluations/vanilla_univariate/epf_electricity_price/H/medium/run_1/metrics.npz
    Saved config to /fslarge/scratch/users/h61084/codes/selectime/outputs/selectime/chronos_bolt/evaluations/vanilla_univariate/epf_electricity_price/H/medium/run_1/config.json
    Saved aggregate metrics to /fslarge/scratch/users/h61084/codes/selectime/outputs/selectime/chronos_bolt/evaluations/vanilla_univariate/epf_electricity_price/H/medium/run_1/metrics_summary.json
    Metrics summary (averaged over all series/windows/variates):
      MSE: 196.4117
      MAE: 7.8488
      RMSE: 10.3060
      MAPE: 1.6921
      sMAPE: 0.1945
      MASE: 1.2502
      ND: 0.1935
      CRPS: 0.1935
TIME run allocation action=new run=/fslarge/scratch/users/h61084/codes/selectime/outputs/selectime/chronos_bolt/evaluations/vanilla_univariate/epf_electricity_price/H/long/run_1 launch_id=selena_3584839 slurm_job_id=3584839 launched_at=2026-09-27T14:54:34.287784+00:00
[2026-09-27 14:54:34 UTC] evaluate vanilla_univariate epf_electricity_price/H/long
    Total instances: 75, Series during experiment: 5, Windows: 15
    Collecting ground truth and context...
    Organizing data into arrays...
    Saved predictions (quantiles) to /fslarge/scratch/users/h61084/codes/selectime/outputs/selectime/chronos_bolt/evaluations/vanilla_univariate/epf_electricity_price/H/long/run_1/predictions.npz
    Computing per-window metrics...
    Saved metrics to /fslarge/scratch/users/h61084/codes/selectime/outputs/selectime/chronos_bolt/evaluations/vanilla_univariate/epf_electricity_price/H/long/run_1/metrics.npz
    Saved config to /fslarge/scratch/users/h61084/codes/selectime/outputs/selectime/chronos_bolt/evaluations/vanilla_univariate/epf_electricity_price/H/long/run_1/config.json
    Saved aggregate metrics to /fslarge/scratch/users/h61084/codes/selectime/outputs/selectime/chronos_bolt/evaluations/vanilla_univariate/epf_electricity_price/H/long/run_1/metrics_summary.json
    Metrics summary (averaged over all series/windows/variates):
      MSE: 241.9496
      MAE: 9.0736
      RMSE: 12.4090
      MAPE: 1.6789
      sMAPE: 0.2250
      MASE: 1.4696
      ND: 0.2150
      CRPS: 0.2150
TIME run allocation action=new run=/fslarge/scratch/users/h61084/codes/selectime/outputs/selectime/chronos_bolt/evaluations/vanilla_univariate/OpenElectricity_NEM/5T/short/run_1 launch_id=selena_3584839 slurm_job_id=3584839 launched_at=2026-09-27T14:54:34.387720+00:00
[2026-09-27 14:54:34 UTC] evaluate vanilla_univariate OpenElectricity_NEM/5T/short
    Total instances: 1680, Series during experiment: 10, Windows: 168
    Collecting ground truth and context...
    Detected to_univariate case: 10 flat series -> 1 series x 10 variates
    Organizing data into arrays...
    Saved predictions (quantiles) to /fslarge/scratch/users/h61084/codes/selectime/outputs/selectime/chronos_bolt/evaluations/vanilla_univariate/OpenElectricity_NEM/5T/short/run_1/predictions.npz
    Computing per-window metrics...
    Saved metrics to /fslarge/scratch/users/h61084/codes/selectime/outputs/selectime/chronos_bolt/evaluations/vanilla_univariate/OpenElectricity_NEM/5T/short/run_1/metrics.npz
    Saved config to /fslarge/scratch/users/h61084/codes/selectime/outputs/selectime/chronos_bolt/evaluations/vanilla_univariate/OpenElectricity_NEM/5T/short/run_1/config.json
    Saved aggregate metrics to /fslarge/scratch/users/h61084/codes/selectime/outputs/selectime/chronos_bolt/evaluations/vanilla_univariate/OpenElectricity_NEM/5T/short/run_1/metrics_summary.json
    Metrics summary (averaged over all series/windows/variates):
      MSE: 14827.2294
      MAE: 64.8012
      RMSE: 75.2163
      MAPE: 3.8644
      sMAPE: 0.1772
      MASE: 0.4593
      ND: 0.1687
      CRPS: 0.1687
TIME run allocation action=new run=/fslarge/scratch/users/h61084/codes/selectime/outputs/selectime/chronos_bolt/evaluations/vanilla_univariate/OpenElectricity_NEM/5T/medium/run_1 launch_id=selena_3584839 slurm_job_id=3584839 launched_at=2026-09-27T14:54:34.929543+00:00
[2026-09-27 14:54:34 UTC] evaluate vanilla_univariate OpenElectricity_NEM/5T/medium
    Total instances: 420, Series during experiment: 10, Windows: 42
    Collecting ground truth and context...
    Detected to_univariate case: 10 flat series -> 1 series x 10 variates
    Organizing data into arrays...
    Saved predictions (quantiles) to /fslarge/scratch/users/h61084/codes/selectime/outputs/selectime/chronos_bolt/evaluations/vanilla_univariate/OpenElectricity_NEM/5T/medium/run_1/predictions.npz
    Computing per-window metrics...
    Saved metrics to /fslarge/scratch/users/h61084/codes/selectime/outputs/selectime/chronos_bolt/evaluations/vanilla_univariate/OpenElectricity_NEM/5T/medium/run_1/metrics.npz
    Saved config to /fslarge/scratch/users/h61084/codes/selectime/outputs/selectime/chronos_bolt/evaluations/vanilla_univariate/OpenElectricity_NEM/5T/medium/run_1/config.json
    Saved aggregate metrics to /fslarge/scratch/users/h61084/codes/selectime/outputs/selectime/chronos_bolt/evaluations/vanilla_univariate/OpenElectricity_NEM/5T/medium/run_1/metrics_summary.json
    Metrics summary (averaged over all series/windows/variates):
      MSE: 64592.1884
      MAE: 121.2493
      RMSE: 148.6895
      MAPE: 6.1688
      sMAPE: 0.2385
      MASE: 0.7173
      ND: 0.2411
      CRPS: 0.2411
TIME run allocation action=new run=/fslarge/scratch/users/h61084/codes/selectime/outputs/selectime/chronos_bolt/evaluations/vanilla_univariate/OpenElectricity_NEM/5T/long/run_1 launch_id=selena_3584839 slurm_job_id=3584839 launched_at=2026-09-27T14:54:35.130903+00:00
[2026-09-27 14:54:35 UTC] evaluate vanilla_univariate OpenElectricity_NEM/5T/long
    Total instances: 140, Series during experiment: 10, Windows: 14
    Collecting ground truth and context...
    Detected to_univariate case: 10 flat series -> 1 series x 10 variates
    Organizing data into arrays...
    Saved predictions (quantiles) to /fslarge/scratch/users/h61084/codes/selectime/outputs/selectime/chronos_bolt/evaluations/vanilla_univariate/OpenElectricity_NEM/5T/long/run_1/predictions.npz
    Computing per-window metrics...
    Saved metrics to /fslarge/scratch/users/h61084/codes/selectime/outputs/selectime/chronos_bolt/evaluations/vanilla_univariate/OpenElectricity_NEM/5T/long/run_1/metrics.npz
    Saved config to /fslarge/scratch/users/h61084/codes/selectime/outputs/selectime/chronos_bolt/evaluations/vanilla_univariate/OpenElectricity_NEM/5T/long/run_1/config.json
    Saved aggregate metrics to /fslarge/scratch/users/h61084/codes/selectime/outputs/selectime/chronos_bolt/evaluations/vanilla_univariate/OpenElectricity_NEM/5T/long/run_1/metrics_summary.json
    Metrics summary (averaged over all series/windows/variates):
      MSE: 83413.1905
      MAE: 147.8150
      RMSE: 189.0113
      MAPE: 5.1860
      sMAPE: 0.3021
      MASE: 0.8973
      ND: 0.2679
      CRPS: 0.2679
TIME run allocation action=new run=/fslarge/scratch/users/h61084/codes/selectime/outputs/selectime/chronos_bolt/evaluations/vanilla_univariate/EWELD_Load/15T/short/run_1 launch_id=selena_3584839 slurm_job_id=3584839 launched_at=2026-09-27T14:54:35.237415+00:00
[2026-09-27 14:54:35 UTC] evaluate vanilla_univariate EWELD_Load/15T/short
    Total instances: 560, Series during experiment: 10, Windows: 56
    Collecting ground truth and context...
    Detected to_univariate case: 10 flat series -> 1 series x 10 variates
    Organizing data into arrays...
    Saved predictions (quantiles) to /fslarge/scratch/users/h61084/codes/selectime/outputs/selectime/chronos_bolt/evaluations/vanilla_univariate/EWELD_Load/15T/short/run_1/predictions.npz
    Computing per-window metrics...
    Saved metrics to /fslarge/scratch/users/h61084/codes/selectime/outputs/selectime/chronos_bolt/evaluations/vanilla_univariate/EWELD_Load/15T/short/run_1/metrics.npz
    Saved config to /fslarge/scratch/users/h61084/codes/selectime/outputs/selectime/chronos_bolt/evaluations/vanilla_univariate/EWELD_Load/15T/short/run_1/config.json
    Saved aggregate metrics to /fslarge/scratch/users/h61084/codes/selectime/outputs/selectime/chronos_bolt/evaluations/vanilla_univariate/EWELD_Load/15T/short/run_1/metrics_summary.json
    Metrics summary (averaged over all series/windows/variates):
      MSE: 1147.2521
      MAE: 13.1730
      RMSE: 16.5028
      MAPE: 0.3457
      sMAPE: 0.2953
      MASE: 0.5702
      ND: 0.3824
      CRPS: 0.3824
TIME run allocation action=new run=/fslarge/scratch/users/h61084/codes/selectime/outputs/selectime/chronos_bolt/evaluations/vanilla_univariate/EWELD_Load/15T/medium/run_1 launch_id=selena_3584839 slurm_job_id=3584839 launched_at=2026-09-27T14:54:35.395102+00:00
[2026-09-27 14:54:35 UTC] evaluate vanilla_univariate EWELD_Load/15T/medium
    Total instances: 140, Series during experiment: 10, Windows: 14
    Collecting ground truth and context...
    Detected to_univariate case: 10 flat series -> 1 series x 10 variates
    Organizing data into arrays...
    Saved predictions (quantiles) to /fslarge/scratch/users/h61084/codes/selectime/outputs/selectime/chronos_bolt/evaluations/vanilla_univariate/EWELD_Load/15T/medium/run_1/predictions.npz
    Computing per-window metrics...
    Saved metrics to /fslarge/scratch/users/h61084/codes/selectime/outputs/selectime/chronos_bolt/evaluations/vanilla_univariate/EWELD_Load/15T/medium/run_1/metrics.npz
    Saved config to /fslarge/scratch/users/h61084/codes/selectime/outputs/selectime/chronos_bolt/evaluations/vanilla_univariate/EWELD_Load/15T/medium/run_1/config.json
    Saved aggregate metrics to /fslarge/scratch/users/h61084/codes/selectime/outputs/selectime/chronos_bolt/evaluations/vanilla_univariate/EWELD_Load/15T/medium/run_1/metrics_summary.json
    Metrics summary (averaged over all series/windows/variates):
      MSE: 1284.3564
      MAE: 14.8336
      RMSE: 19.5553
      MAPE: 0.3850
      sMAPE: 0.3212
      MASE: 0.6762
      ND: 0.2255
      CRPS: 0.2255
TIME run allocation action=new run=/fslarge/scratch/users/h61084/codes/selectime/outputs/selectime/chronos_bolt/evaluations/vanilla_univariate/EWELD_Load/15T/long/run_1 launch_id=selena_3584839 slurm_job_id=3584839 launched_at=2026-09-27T14:54:35.472677+00:00
[2026-09-27 14:54:35 UTC] evaluate vanilla_univariate EWELD_Load/15T/long
    Total instances: 20, Series during experiment: 10, Windows: 2
    Collecting ground truth and context...
    Detected to_univariate case: 10 flat series -> 1 series x 10 variates
    Organizing data into arrays...
    Saved predictions (quantiles) to /fslarge/scratch/users/h61084/codes/selectime/outputs/selectime/chronos_bolt/evaluations/vanilla_univariate/EWELD_Load/15T/long/run_1/predictions.npz
    Computing per-window metrics...
    Saved metrics to /fslarge/scratch/users/h61084/codes/selectime/outputs/selectime/chronos_bolt/evaluations/vanilla_univariate/EWELD_Load/15T/long/run_1/metrics.npz
    Saved config to /fslarge/scratch/users/h61084/codes/selectime/outputs/selectime/chronos_bolt/evaluations/vanilla_univariate/EWELD_Load/15T/long/run_1/config.json
    Saved aggregate metrics to /fslarge/scratch/users/h61084/codes/selectime/outputs/selectime/chronos_bolt/evaluations/vanilla_univariate/EWELD_Load/15T/long/run_1/metrics_summary.json
    Metrics summary (averaged over all series/windows/variates):
      MSE: 1397.1484
      MAE: 15.8503
      RMSE: 21.1440
      MAPE: 0.4748
      sMAPE: 0.3647
      MASE: 0.7765
      ND: 0.2426
      CRPS: 0.2426
TIME run allocation action=new run=/fslarge/scratch/users/h61084/codes/selectime/outputs/selectime/chronos_bolt/evaluations/vanilla_univariate/SG_Carpark/15T/short/run_1 launch_id=selena_3584839 slurm_job_id=3584839 launched_at=2026-09-27T14:54:35.519124+00:00
[2026-09-27 14:54:35 UTC] evaluate vanilla_univariate SG_Carpark/15T/short
    Total instances: 14868, Series during experiment: 354, Windows: 42
    Collecting ground truth and context...
    Organizing data into arrays...
    Saved predictions (quantiles) to /fslarge/scratch/users/h61084/codes/selectime/outputs/selectime/chronos_bolt/evaluations/vanilla_univariate/SG_Carpark/15T/short/run_1/predictions.npz
    Computing per-window metrics...
    Saved metrics to /fslarge/scratch/users/h61084/codes/selectime/outputs/selectime/chronos_bolt/evaluations/vanilla_univariate/SG_Carpark/15T/short/run_1/metrics.npz
    Saved config to /fslarge/scratch/users/h61084/codes/selectime/outputs/selectime/chronos_bolt/evaluations/vanilla_univariate/SG_Carpark/15T/short/run_1/config.json
    Saved aggregate metrics to /fslarge/scratch/users/h61084/codes/selectime/outputs/selectime/chronos_bolt/evaluations/vanilla_univariate/SG_Carpark/15T/short/run_1/metrics_summary.json
    Metrics summary (averaged over all series/windows/variates):
      MSE: 220.1618
      MAE: 5.9515
      RMSE: 7.4339
      MAPE: 0.0375
      sMAPE: 0.0474
      MASE: 0.4072
      ND: 0.0370
      CRPS: 0.0370
TIME run allocation action=new run=/fslarge/scratch/users/h61084/codes/selectime/outputs/selectime/chronos_bolt/evaluations/vanilla_univariate/SG_Carpark/15T/medium/run_1 launch_id=selena_3584839 slurm_job_id=3584839 launched_at=2026-09-27T14:54:38.248230+00:00
[2026-09-27 14:54:38 UTC] evaluate vanilla_univariate SG_Carpark/15T/medium
    Total instances: 2478, Series during experiment: 354, Windows: 7
    Collecting ground truth and context...
    Organizing data into arrays...
    Saved predictions (quantiles) to /fslarge/scratch/users/h61084/codes/selectime/outputs/selectime/chronos_bolt/evaluations/vanilla_univariate/SG_Carpark/15T/medium/run_1/predictions.npz
    Computing per-window metrics...
    Saved metrics to /fslarge/scratch/users/h61084/codes/selectime/outputs/selectime/chronos_bolt/evaluations/vanilla_univariate/SG_Carpark/15T/medium/run_1/metrics.npz
    Saved config to /fslarge/scratch/users/h61084/codes/selectime/outputs/selectime/chronos_bolt/evaluations/vanilla_univariate/SG_Carpark/15T/medium/run_1/config.json
    Saved aggregate metrics to /fslarge/scratch/users/h61084/codes/selectime/outputs/selectime/chronos_bolt/evaluations/vanilla_univariate/SG_Carpark/15T/medium/run_1/metrics_summary.json
    Metrics summary (averaged over all series/windows/variates):
      MSE: 468.2439
      MAE: 9.2279
      RMSE: 12.4567
      MAPE: 0.0534
      sMAPE: 0.0614
      MASE: 0.6111
      ND: 0.0495
      CRPS: 0.0495
TIME run allocation action=new run=/fslarge/scratch/users/h61084/codes/selectime/outputs/selectime/chronos_bolt/evaluations/vanilla_univariate/SG_Carpark/15T/long/run_1 launch_id=selena_3584839 slurm_job_id=3584839 launched_at=2026-09-27T14:54:38.953407+00:00
[2026-09-27 14:54:38 UTC] evaluate vanilla_univariate SG_Carpark/15T/long
    Total instances: 354, Series during experiment: 354, Windows: 1
    Collecting ground truth and context...
    Organizing data into arrays...
    Saved predictions (quantiles) to /fslarge/scratch/users/h61084/codes/selectime/outputs/selectime/chronos_bolt/evaluations/vanilla_univariate/SG_Carpark/15T/long/run_1/predictions.npz
    Computing per-window metrics...
    Saved metrics to /fslarge/scratch/users/h61084/codes/selectime/outputs/selectime/chronos_bolt/evaluations/vanilla_univariate/SG_Carpark/15T/long/run_1/metrics.npz
    Saved config to /fslarge/scratch/users/h61084/codes/selectime/outputs/selectime/chronos_bolt/evaluations/vanilla_univariate/SG_Carpark/15T/long/run_1/config.json
    Saved aggregate metrics to /fslarge/scratch/users/h61084/codes/selectime/outputs/selectime/chronos_bolt/evaluations/vanilla_univariate/SG_Carpark/15T/long/run_1/metrics_summary.json
    Metrics summary (averaged over all series/windows/variates):
      MSE: 999.9019
      MAE: 15.0763
      RMSE: 20.4363
      MAPE: 0.0832
      sMAPE: 0.0864
      MASE: 0.9706
      ND: 0.0794
      CRPS: 0.0794
TIME run allocation action=new run=/fslarge/scratch/users/h61084/codes/selectime/outputs/selectime/chronos_bolt/evaluations/vanilla_univariate/Finland_Traffic/15T/short/run_1 launch_id=selena_3584839 slurm_job_id=3584839 launched_at=2026-09-27T14:54:39.317754+00:00
[2026-09-27 14:54:39 UTC] evaluate vanilla_univariate Finland_Traffic/15T/short
    Total instances: 186, Series during experiment: 1, Windows: 186
    Collecting ground truth and context...
    Organizing data into arrays...
    Saved predictions (quantiles) to /fslarge/scratch/users/h61084/codes/selectime/outputs/selectime/chronos_bolt/evaluations/vanilla_univariate/Finland_Traffic/15T/short/run_1/predictions.npz
    Computing per-window metrics...
    Saved metrics to /fslarge/scratch/users/h61084/codes/selectime/outputs/selectime/chronos_bolt/evaluations/vanilla_univariate/Finland_Traffic/15T/short/run_1/metrics.npz
    Saved config to /fslarge/scratch/users/h61084/codes/selectime/outputs/selectime/chronos_bolt/evaluations/vanilla_univariate/Finland_Traffic/15T/short/run_1/config.json
    Saved aggregate metrics to /fslarge/scratch/users/h61084/codes/selectime/outputs/selectime/chronos_bolt/evaluations/vanilla_univariate/Finland_Traffic/15T/short/run_1/metrics_summary.json
    Metrics summary (averaged over all series/windows/variates):
      MSE: 886.2001
      MAE: 18.3162
      RMSE: 22.2846
      MAPE: 0.2285
      sMAPE: 0.2034
      MASE: 0.4453
      ND: 0.2109
      CRPS: 0.2109
TIME run allocation action=new run=/fslarge/scratch/users/h61084/codes/selectime/outputs/selectime/chronos_bolt/evaluations/vanilla_univariate/Finland_Traffic/15T/medium/run_1 launch_id=selena_3584839 slurm_job_id=3584839 launched_at=2026-09-27T14:54:39.393824+00:00
[2026-09-27 14:54:39 UTC] evaluate vanilla_univariate Finland_Traffic/15T/medium
    Total instances: 31, Series during experiment: 1, Windows: 31
    Collecting ground truth and context...
    Organizing data into arrays...
    Saved predictions (quantiles) to /fslarge/scratch/users/h61084/codes/selectime/outputs/selectime/chronos_bolt/evaluations/vanilla_univariate/Finland_Traffic/15T/medium/run_1/predictions.npz
    Computing per-window metrics...
    Saved metrics to /fslarge/scratch/users/h61084/codes/selectime/outputs/selectime/chronos_bolt/evaluations/vanilla_univariate/Finland_Traffic/15T/medium/run_1/metrics.npz
    Saved config to /fslarge/scratch/users/h61084/codes/selectime/outputs/selectime/chronos_bolt/evaluations/vanilla_univariate/Finland_Traffic/15T/medium/run_1/config.json
    Saved aggregate metrics to /fslarge/scratch/users/h61084/codes/selectime/outputs/selectime/chronos_bolt/evaluations/vanilla_univariate/Finland_Traffic/15T/medium/run_1/metrics_summary.json
    Metrics summary (averaged over all series/windows/variates):
      MSE: 1548.3610
      MAE: 24.5482
      RMSE: 34.5191
      MAPE: 0.2860
      sMAPE: 0.2410
      MASE: 0.5967
      ND: 0.1971
      CRPS: 0.1971
TIME run allocation action=new run=/fslarge/scratch/users/h61084/codes/selectime/outputs/selectime/chronos_bolt/evaluations/vanilla_univariate/Finland_Traffic/15T/long/run_1 launch_id=selena_3584839 slurm_job_id=3584839 launched_at=2026-09-27T14:54:39.432181+00:00
[2026-09-27 14:54:39 UTC] evaluate vanilla_univariate Finland_Traffic/15T/long
    Total instances: 4, Series during experiment: 1, Windows: 4
    Collecting ground truth and context...
    Organizing data into arrays...
    Saved predictions (quantiles) to /fslarge/scratch/users/h61084/codes/selectime/outputs/selectime/chronos_bolt/evaluations/vanilla_univariate/Finland_Traffic/15T/long/run_1/predictions.npz
    Computing per-window metrics...
    Saved metrics to /fslarge/scratch/users/h61084/codes/selectime/outputs/selectime/chronos_bolt/evaluations/vanilla_univariate/Finland_Traffic/15T/long/run_1/metrics.npz
    Saved config to /fslarge/scratch/users/h61084/codes/selectime/outputs/selectime/chronos_bolt/evaluations/vanilla_univariate/Finland_Traffic/15T/long/run_1/config.json
    Saved aggregate metrics to /fslarge/scratch/users/h61084/codes/selectime/outputs/selectime/chronos_bolt/evaluations/vanilla_univariate/Finland_Traffic/15T/long/run_1/metrics_summary.json
    Metrics summary (averaged over all series/windows/variates):
      MSE: 1905.4599
      MAE: 26.2331
      RMSE: 41.0546
      MAPE: 0.3631
      sMAPE: 0.2460
      MASE: 0.6364
      ND: 0.2025
      CRPS: 0.2025
TIME run allocation action=new run=/fslarge/scratch/users/h61084/codes/selectime/outputs/selectime/chronos_bolt/evaluations/vanilla_univariate/Port_Activity/D/short/run_1 launch_id=selena_3584839 slurm_job_id=3584839 launched_at=2026-09-27T14:54:39.462499+00:00
[2026-09-27 14:54:39 UTC] evaluate vanilla_univariate Port_Activity/D/short
    Total instances: 2376, Series during experiment: 198, Windows: 12
    Collecting ground truth and context...
    Detected to_univariate case: 198 flat series -> 99 series x 2 variates
    Organizing data into arrays...
    ⚠️  Predictions max value (359352.38) exceeds float16 safe range.
    ⚠️  Applying scale factor: 10 (values will be divided)
    Saved predictions (quantiles) to /fslarge/scratch/users/h61084/codes/selectime/outputs/selectime/chronos_bolt/evaluations/vanilla_univariate/Port_Activity/D/short/run_1/predictions.npz
    Computing per-window metrics...
    Saved metrics to /fslarge/scratch/users/h61084/codes/selectime/outputs/selectime/chronos_bolt/evaluations/vanilla_univariate/Port_Activity/D/short/run_1/metrics.npz
    Saved config to /fslarge/scratch/users/h61084/codes/selectime/outputs/selectime/chronos_bolt/evaluations/vanilla_univariate/Port_Activity/D/short/run_1/config.json
    Saved aggregate metrics to /fslarge/scratch/users/h61084/codes/selectime/outputs/selectime/chronos_bolt/evaluations/vanilla_univariate/Port_Activity/D/short/run_1/metrics_summary.json
    Metrics summary (averaged over all series/windows/variates):
      MSE: 957024305.3891
      MAE: 15456.3284
      RMSE: 21287.8250
      MAPE: 2.6430
      sMAPE: 0.9476
      MASE: 0.6620
      ND: 0.7475
      CRPS: 0.7475
TIME run allocation action=new run=/fslarge/scratch/users/h61084/codes/selectime/outputs/selectime/chronos_bolt/evaluations/vanilla_univariate/Port_Activity/W/short/run_1 launch_id=selena_3584839 slurm_job_id=3584839 launched_at=2026-09-27T14:54:39.805891+00:00
[2026-09-27 14:54:39 UTC] evaluate vanilla_univariate Port_Activity/W/short
    Total instances: 792, Series during experiment: 198, Windows: 4
    Collecting ground truth and context...
    Detected to_univariate case: 198 flat series -> 99 series x 2 variates
    Organizing data into arrays...
    ⚠️  Predictions max value (2567403.75) exceeds float16 safe range.
    ⚠️  Applying scale factor: 100 (values will be divided)
    Saved predictions (quantiles) to /fslarge/scratch/users/h61084/codes/selectime/outputs/selectime/chronos_bolt/evaluations/vanilla_univariate/Port_Activity/W/short/run_1/predictions.npz
    Computing per-window metrics...
    Saved metrics to /fslarge/scratch/users/h61084/codes/selectime/outputs/selectime/chronos_bolt/evaluations/vanilla_univariate/Port_Activity/W/short/run_1/metrics.npz
    Saved config to /fslarge/scratch/users/h61084/codes/selectime/outputs/selectime/chronos_bolt/evaluations/vanilla_univariate/Port_Activity/W/short/run_1/config.json
    Saved aggregate metrics to /fslarge/scratch/users/h61084/codes/selectime/outputs/selectime/chronos_bolt/evaluations/vanilla_univariate/Port_Activity/W/short/run_1/metrics_summary.json
    Metrics summary (averaged over all series/windows/variates):
      MSE: 5952594017.6567
      MAE: 43928.4210
      RMSE: 53759.6599
      MAPE: 0.6903
      sMAPE: 0.3411
      MASE: 0.7834
      ND: 0.3434
      CRPS: 0.3434
TIME run allocation action=new run=/fslarge/scratch/users/h61084/codes/selectime/outputs/selectime/chronos_bolt/evaluations/vanilla_univariate/ECDC_COVID/D/short/run_1 launch_id=selena_3584839 slurm_job_id=3584839 launched_at=2026-09-27T14:54:39.930528+00:00
[2026-09-27 14:54:39 UTC] evaluate vanilla_univariate ECDC_COVID/D/short
    Total instances: 45, Series during experiment: 9, Windows: 5
    Collecting ground truth and context...
    Organizing data into arrays...
    Saved predictions (quantiles) to /fslarge/scratch/users/h61084/codes/selectime/outputs/selectime/chronos_bolt/evaluations/vanilla_univariate/ECDC_COVID/D/short/run_1/predictions.npz
    Computing per-window metrics...
    Saved metrics to /fslarge/scratch/users/h61084/codes/selectime/outputs/selectime/chronos_bolt/evaluations/vanilla_univariate/ECDC_COVID/D/short/run_1/metrics.npz
    Saved config to /fslarge/scratch/users/h61084/codes/selectime/outputs/selectime/chronos_bolt/evaluations/vanilla_univariate/ECDC_COVID/D/short/run_1/config.json
    Saved aggregate metrics to /fslarge/scratch/users/h61084/codes/selectime/outputs/selectime/chronos_bolt/evaluations/vanilla_univariate/ECDC_COVID/D/short/run_1/metrics_summary.json
    Metrics summary (averaged over all series/windows/variates):
      MSE: 60312.6465
      MAE: 134.3565
      RMSE: 156.9352
      MAPE: 0.5013
      sMAPE: 0.3378
      MASE: 3.5291
      ND: 0.3757
      CRPS: 0.3757
TIME run allocation action=new run=/fslarge/scratch/users/h61084/codes/selectime/outputs/selectime/chronos_bolt/evaluations/vanilla_univariate/ECDC_COVID/W/short/run_1 launch_id=selena_3584839 slurm_job_id=3584839 launched_at=2026-09-27T14:54:39.964315+00:00
[2026-09-27 14:54:39 UTC] evaluate vanilla_univariate ECDC_COVID/W/short
    Total instances: 64, Series during experiment: 16, Windows: 4
    Collecting ground truth and context...
    Organizing data into arrays...
    Saved predictions (quantiles) to /fslarge/scratch/users/h61084/codes/selectime/outputs/selectime/chronos_bolt/evaluations/vanilla_univariate/ECDC_COVID/W/short/run_1/predictions.npz
    Computing per-window metrics...
    Saved metrics to /fslarge/scratch/users/h61084/codes/selectime/outputs/selectime/chronos_bolt/evaluations/vanilla_univariate/ECDC_COVID/W/short/run_1/metrics.npz
    Saved config to /fslarge/scratch/users/h61084/codes/selectime/outputs/selectime/chronos_bolt/evaluations/vanilla_univariate/ECDC_COVID/W/short/run_1/config.json
    Saved aggregate metrics to /fslarge/scratch/users/h61084/codes/selectime/outputs/selectime/chronos_bolt/evaluations/vanilla_univariate/ECDC_COVID/W/short/run_1/metrics_summary.json
    Metrics summary (averaged over all series/windows/variates):
      MSE: 3144297.2215
      MAE: 570.0966
      RMSE: 646.4051
      MAPE: 0.9024
      sMAPE: 0.5312
      MASE: 1.3582
      ND: 0.5989
      CRPS: 0.5989
TIME run allocation action=new run=/fslarge/scratch/users/h61084/codes/selectime/outputs/selectime/chronos_bolt/evaluations/vanilla_univariate/Global_Influenza/W/short/run_1 launch_id=selena_3584839 slurm_job_id=3584839 launched_at=2026-09-27T14:54:40.000092+00:00
[2026-09-27 14:54:40 UTC] evaluate vanilla_univariate Global_Influenza/W/short
    Total instances: 240, Series during experiment: 60, Windows: 4
    Collecting ground truth and context...
    Detected to_univariate case: 60 flat series -> 15 series x 4 variates
    Organizing data into arrays...
    ⚠️  Predictions max value (78548.91) exceeds float16 safe range.
    ⚠️  Applying scale factor: 10 (values will be divided)
    Saved predictions (quantiles) to /fslarge/scratch/users/h61084/codes/selectime/outputs/selectime/chronos_bolt/evaluations/vanilla_univariate/Global_Influenza/W/short/run_1/predictions.npz
    Computing per-window metrics...
    Saved metrics to /fslarge/scratch/users/h61084/codes/selectime/outputs/selectime/chronos_bolt/evaluations/vanilla_univariate/Global_Influenza/W/short/run_1/metrics.npz
    Saved config to /fslarge/scratch/users/h61084/codes/selectime/outputs/selectime/chronos_bolt/evaluations/vanilla_univariate/Global_Influenza/W/short/run_1/config.json
    Saved aggregate metrics to /fslarge/scratch/users/h61084/codes/selectime/outputs/selectime/chronos_bolt/evaluations/vanilla_univariate/Global_Influenza/W/short/run_1/metrics_summary.json
    Metrics summary (averaged over all series/windows/variates):
      MSE: 4573334.8822
      MAE: 530.6044
      RMSE: 658.5585
      MAPE: 0.7362
      sMAPE: 0.5172
      MASE: 2.8884
      ND: 0.5298
      CRPS: 0.5298
TIME run allocation action=new run=/fslarge/scratch/users/h61084/codes/selectime/outputs/selectime/chronos_bolt/evaluations/vanilla_univariate/Crypto/D/short/run_1 launch_id=selena_3584839 slurm_job_id=3584839 launched_at=2026-09-27T14:54:40.057086+00:00
[2026-09-27 14:54:40 UTC] evaluate vanilla_univariate Crypto/D/short
    Total instances: 36, Series during experiment: 4, Windows: 9
    Collecting ground truth and context...
    Detected to_univariate case: 4 flat series -> 1 series x 4 variates
    Organizing data into arrays...
    ⚠️  Predictions max value (119615.09) exceeds float16 safe range.
    ⚠️  Applying scale factor: 10 (values will be divided)
    Saved predictions (quantiles) to /fslarge/scratch/users/h61084/codes/selectime/outputs/selectime/chronos_bolt/evaluations/vanilla_univariate/Crypto/D/short/run_1/predictions.npz
    Computing per-window metrics...
    Saved metrics to /fslarge/scratch/users/h61084/codes/selectime/outputs/selectime/chronos_bolt/evaluations/vanilla_univariate/Crypto/D/short/run_1/metrics.npz
    Saved config to /fslarge/scratch/users/h61084/codes/selectime/outputs/selectime/chronos_bolt/evaluations/vanilla_univariate/Crypto/D/short/run_1/config.json
    Saved aggregate metrics to /fslarge/scratch/users/h61084/codes/selectime/outputs/selectime/chronos_bolt/evaluations/vanilla_univariate/Crypto/D/short/run_1/metrics_summary.json
    Metrics summary (averaged over all series/windows/variates):
      MSE: 11710810.8312
      MAE: 1443.1458
      RMSE: 1686.3650
      MAPE: 0.0998
      sMAPE: 0.1008
      MASE: 6.6506
      ND: 0.1011
      CRPS: 0.1011
TIME run allocation action=new run=/fslarge/scratch/users/h61084/codes/selectime/outputs/selectime/chronos_bolt/evaluations/vanilla_univariate/US_Term_Structure/B/short/run_1 launch_id=selena_3584839 slurm_job_id=3584839 launched_at=2026-09-27T14:54:40.120132+00:00
[2026-09-27 14:54:40 UTC] evaluate vanilla_univariate US_Term_Structure/B/short
    Total instances: 1400, Series during experiment: 40, Windows: 35
    Collecting ground truth and context...
    Detected to_univariate case: 40 flat series -> 1 series x 40 variates
    Organizing data into arrays...
    Saved predictions (quantiles) to /fslarge/scratch/users/h61084/codes/selectime/outputs/selectime/chronos_bolt/evaluations/vanilla_univariate/US_Term_Structure/B/short/run_1/predictions.npz
    Computing per-window metrics...
    Saved metrics to /fslarge/scratch/users/h61084/codes/selectime/outputs/selectime/chronos_bolt/evaluations/vanilla_univariate/US_Term_Structure/B/short/run_1/metrics.npz
    Saved config to /fslarge/scratch/users/h61084/codes/selectime/outputs/selectime/chronos_bolt/evaluations/vanilla_univariate/US_Term_Structure/B/short/run_1/config.json
    Saved aggregate metrics to /fslarge/scratch/users/h61084/codes/selectime/outputs/selectime/chronos_bolt/evaluations/vanilla_univariate/US_Term_Structure/B/short/run_1/metrics_summary.json
    Metrics summary (averaged over all series/windows/variates):
      MSE: 0.0236
      MAE: 0.1060
      RMSE: 0.1262
      MAPE: 1.0101
      sMAPE: 0.2906
      MASE: 1.5723
      ND: 0.2842
      CRPS: 0.2842
TIME run allocation action=new run=/fslarge/scratch/users/h61084/codes/selectime/outputs/selectime/chronos_bolt/evaluations/vanilla_univariate/Oil_Price/B/short/run_1 launch_id=selena_3584839 slurm_job_id=3584839 launched_at=2026-09-27T14:54:40.385086+00:00
[2026-09-27 14:54:40 UTC] evaluate vanilla_univariate Oil_Price/B/short
    Total instances: 420, Series during experiment: 12, Windows: 35
    Collecting ground truth and context...
    Detected to_univariate case: 12 flat series -> 1 series x 12 variates
    Organizing data into arrays...
    Saved predictions (quantiles) to /fslarge/scratch/users/h61084/codes/selectime/outputs/selectime/chronos_bolt/evaluations/vanilla_univariate/Oil_Price/B/short/run_1/predictions.npz
    Computing per-window metrics...
    Saved metrics to /fslarge/scratch/users/h61084/codes/selectime/outputs/selectime/chronos_bolt/evaluations/vanilla_univariate/Oil_Price/B/short/run_1/metrics.npz
    Saved config to /fslarge/scratch/users/h61084/codes/selectime/outputs/selectime/chronos_bolt/evaluations/vanilla_univariate/Oil_Price/B/short/run_1/config.json
    Saved aggregate metrics to /fslarge/scratch/users/h61084/codes/selectime/outputs/selectime/chronos_bolt/evaluations/vanilla_univariate/Oil_Price/B/short/run_1/metrics_summary.json
    Metrics summary (averaged over all series/windows/variates):
      MSE: 3.1659
      MAE: 0.6828
      RMSE: 0.7864
      MAPE: 0.0590
      sMAPE: 0.0586
      MASE: 1.4220
      ND: 0.0588
      CRPS: 0.0588
TIME run allocation action=new run=/fslarge/scratch/users/h61084/codes/selectime/outputs/selectime/chronos_bolt/evaluations/vanilla_univariate/Job_Claims/W/short/run_1 launch_id=selena_3584839 slurm_job_id=3584839 launched_at=2026-09-27T14:54:40.471965+00:00
[2026-09-27 14:54:40 UTC] evaluate vanilla_univariate Job_Claims/W/short
    Total instances: 8, Series during experiment: 2, Windows: 4
    Collecting ground truth and context...
    Detected to_univariate case: 2 flat series -> 1 series x 2 variates
    Organizing data into arrays...
    ⚠️  Predictions max value (2034050.75) exceeds float16 safe range.
    ⚠️  Applying scale factor: 100 (values will be divided)
    Saved predictions (quantiles) to /fslarge/scratch/users/h61084/codes/selectime/outputs/selectime/chronos_bolt/evaluations/vanilla_univariate/Job_Claims/W/short/run_1/predictions.npz
    Computing per-window metrics...
    Saved metrics to /fslarge/scratch/users/h61084/codes/selectime/outputs/selectime/chronos_bolt/evaluations/vanilla_univariate/Job_Claims/W/short/run_1/metrics.npz
    Saved config to /fslarge/scratch/users/h61084/codes/selectime/outputs/selectime/chronos_bolt/evaluations/vanilla_univariate/Job_Claims/W/short/run_1/config.json
    Saved aggregate metrics to /fslarge/scratch/users/h61084/codes/selectime/outputs/selectime/chronos_bolt/evaluations/vanilla_univariate/Job_Claims/W/short/run_1/metrics_summary.json
    Metrics summary (averaged over all series/windows/variates):
      MSE: 1472408115.2955
      MAE: 25819.6809
      RMSE: 29300.8809
      MAPE: 0.0290
      sMAPE: 0.0290
      MASE: 4.1468
      ND: 0.0290
      CRPS: 0.0290
TIME run allocation action=new run=/fslarge/scratch/users/h61084/codes/selectime/outputs/selectime/chronos_bolt/evaluations/vanilla_univariate/Uncertainty_1M/M/short/run_1 launch_id=selena_3584839 slurm_job_id=3584839 launched_at=2026-09-27T14:54:40.500664+00:00
[2026-09-27 14:54:40 UTC] evaluate vanilla_univariate Uncertainty_1M/M/short
    Total instances: 21, Series during experiment: 3, Windows: 7
    Collecting ground truth and context...
    Detected to_univariate case: 3 flat series -> 1 series x 3 variates
    Organizing data into arrays...
    Saved predictions (quantiles) to /fslarge/scratch/users/h61084/codes/selectime/outputs/selectime/chronos_bolt/evaluations/vanilla_univariate/Uncertainty_1M/M/short/run_1/predictions.npz
    Computing per-window metrics...
    Saved metrics to /fslarge/scratch/users/h61084/codes/selectime/outputs/selectime/chronos_bolt/evaluations/vanilla_univariate/Uncertainty_1M/M/short/run_1/metrics.npz
    Saved config to /fslarge/scratch/users/h61084/codes/selectime/outputs/selectime/chronos_bolt/evaluations/vanilla_univariate/Uncertainty_1M/M/short/run_1/config.json
    Saved aggregate metrics to /fslarge/scratch/users/h61084/codes/selectime/outputs/selectime/chronos_bolt/evaluations/vanilla_univariate/Uncertainty_1M/M/short/run_1/metrics_summary.json
    Metrics summary (averaged over all series/windows/variates):
      MSE: 0.0021
      MAE: 0.0341
      RMSE: 0.0374
      MAPE: 0.0423
      sMAPE: 0.0411
      MASE: 0.4151
      ND: 0.0419
      CRPS: 0.0419
TIME run allocation action=new run=/fslarge/scratch/users/h61084/codes/selectime/outputs/selectime/chronos_bolt/evaluations/vanilla_univariate/Housing_Inventory/M/short/run_1 launch_id=selena_3584839 slurm_job_id=3584839 launched_at=2026-09-27T14:54:40.530354+00:00
[2026-09-27 14:54:40 UTC] evaluate vanilla_univariate Housing_Inventory/M/short
    Total instances: 12, Series during experiment: 4, Windows: 3
    Collecting ground truth and context...
    Detected to_univariate case: 4 flat series -> 1 series x 4 variates
    Organizing data into arrays...
    ⚠️  Predictions max value (982551.31) exceeds float16 safe range.
    ⚠️  Applying scale factor: 100 (values will be divided)
    Saved predictions (quantiles) to /fslarge/scratch/users/h61084/codes/selectime/outputs/selectime/chronos_bolt/evaluations/vanilla_univariate/Housing_Inventory/M/short/run_1/predictions.npz
    Computing per-window metrics...
    Saved metrics to /fslarge/scratch/users/h61084/codes/selectime/outputs/selectime/chronos_bolt/evaluations/vanilla_univariate/Housing_Inventory/M/short/run_1/metrics.npz
    Saved config to /fslarge/scratch/users/h61084/codes/selectime/outputs/selectime/chronos_bolt/evaluations/vanilla_univariate/Housing_Inventory/M/short/run_1/config.json
    Saved aggregate metrics to /fslarge/scratch/users/h61084/codes/selectime/outputs/selectime/chronos_bolt/evaluations/vanilla_univariate/Housing_Inventory/M/short/run_1/metrics_summary.json
    Metrics summary (averaged over all series/windows/variates):
      MSE: 5481882559.1403
      MAE: 30275.8777
      RMSE: 33075.9156
      MAPE: 0.0694
      sMAPE: 0.0658
      MASE: 0.5280
      ND: 0.0694
      CRPS: 0.0694
TIME run allocation action=new run=/fslarge/scratch/users/h61084/codes/selectime/outputs/selectime/chronos_bolt/evaluations/vanilla_univariate/JOLTS/M/short/run_1 launch_id=selena_3584839 slurm_job_id=3584839 launched_at=2026-09-27T14:54:40.558824+00:00
[2026-09-27 14:54:40 UTC] evaluate vanilla_univariate JOLTS/M/short
    Total instances: 30, Series during experiment: 6, Windows: 5
    Collecting ground truth and context...
    Detected to_univariate case: 6 flat series -> 1 series x 6 variates
    Organizing data into arrays...
    Saved predictions (quantiles) to /fslarge/scratch/users/h61084/codes/selectime/outputs/selectime/chronos_bolt/evaluations/vanilla_univariate/JOLTS/M/short/run_1/predictions.npz
    Computing per-window metrics...
    Saved metrics to /fslarge/scratch/users/h61084/codes/selectime/outputs/selectime/chronos_bolt/evaluations/vanilla_univariate/JOLTS/M/short/run_1/metrics.npz
    Saved config to /fslarge/scratch/users/h61084/codes/selectime/outputs/selectime/chronos_bolt/evaluations/vanilla_univariate/JOLTS/M/short/run_1/config.json
    Saved aggregate metrics to /fslarge/scratch/users/h61084/codes/selectime/outputs/selectime/chronos_bolt/evaluations/vanilla_univariate/JOLTS/M/short/run_1/metrics_summary.json
    Metrics summary (averaged over all series/windows/variates):
      MSE: 420672.3743
      MAE: 347.0063
      RMSE: 419.1783
      MAPE: 0.0820
      sMAPE: 0.0809
      MASE: 1.0554
      ND: 0.0816
      CRPS: 0.0816
TIME run allocation action=new run=/fslarge/scratch/users/h61084/codes/selectime/outputs/selectime/chronos_bolt/evaluations/vanilla_univariate/US_Labor/M/short/run_1 launch_id=selena_3584839 slurm_job_id=3584839 launched_at=2026-09-27T14:54:40.590325+00:00
[2026-09-27 14:54:40 UTC] evaluate vanilla_univariate US_Labor/M/short
    Total instances: 70, Series during experiment: 14, Windows: 5
    Collecting ground truth and context...
    Detected to_univariate case: 14 flat series -> 1 series x 14 variates
    Organizing data into arrays...
    ⚠️  Predictions max value (170896.88) exceeds float16 safe range.
    ⚠️  Applying scale factor: 10 (values will be divided)
    Saved predictions (quantiles) to /fslarge/scratch/users/h61084/codes/selectime/outputs/selectime/chronos_bolt/evaluations/vanilla_univariate/US_Labor/M/short/run_1/predictions.npz
    Computing per-window metrics...
    Saved metrics to /fslarge/scratch/users/h61084/codes/selectime/outputs/selectime/chronos_bolt/evaluations/vanilla_univariate/US_Labor/M/short/run_1/metrics.npz
    Saved config to /fslarge/scratch/users/h61084/codes/selectime/outputs/selectime/chronos_bolt/evaluations/vanilla_univariate/US_Labor/M/short/run_1/config.json
    Saved aggregate metrics to /fslarge/scratch/users/h61084/codes/selectime/outputs/selectime/chronos_bolt/evaluations/vanilla_univariate/US_Labor/M/short/run_1/metrics_summary.json
    Metrics summary (averaged over all series/windows/variates):
      MSE: 761910.0770
      MAE: 392.4604
      RMSE: 438.0243
      MAPE: 0.0725
      sMAPE: 0.0687
      MASE: 0.9464
      ND: 0.0713
      CRPS: 0.0713
TIME run allocation action=new run=/fslarge/scratch/users/h61084/codes/selectime/outputs/selectime/chronos_bolt/evaluations/vanilla_univariate/Vehicle_Supply/M/short/run_1 launch_id=selena_3584839 slurm_job_id=3584839 launched_at=2026-09-27T14:54:40.626251+00:00
[2026-09-27 14:54:40 UTC] evaluate vanilla_univariate Vehicle_Supply/M/short
    Total instances: 30, Series during experiment: 6, Windows: 5
    Collecting ground truth and context...
    Detected to_univariate case: 6 flat series -> 1 series x 6 variates
    Organizing data into arrays...
    Saved predictions (quantiles) to /fslarge/scratch/users/h61084/codes/selectime/outputs/selectime/chronos_bolt/evaluations/vanilla_univariate/Vehicle_Supply/M/short/run_1/predictions.npz
    Computing per-window metrics...
    Saved metrics to /fslarge/scratch/users/h61084/codes/selectime/outputs/selectime/chronos_bolt/evaluations/vanilla_univariate/Vehicle_Supply/M/short/run_1/metrics.npz
    Saved config to /fslarge/scratch/users/h61084/codes/selectime/outputs/selectime/chronos_bolt/evaluations/vanilla_univariate/Vehicle_Supply/M/short/run_1/config.json
    Saved aggregate metrics to /fslarge/scratch/users/h61084/codes/selectime/outputs/selectime/chronos_bolt/evaluations/vanilla_univariate/Vehicle_Supply/M/short/run_1/metrics_summary.json
    Metrics summary (averaged over all series/windows/variates):
      MSE: 2397.0626
      MAE: 22.1977
      RMSE: 26.8237
      MAPE: 0.2436
      sMAPE: 0.2429
      MASE: 0.8111
      ND: 0.2271
      CRPS: 0.2271
TIME run allocation action=new run=/fslarge/scratch/users/h61084/codes/selectime/outputs/selectime/chronos_bolt/evaluations/vanilla_univariate/Auto_Production_SF/M/short/run_1 launch_id=selena_3584839 slurm_job_id=3584839 launched_at=2026-09-27T14:54:40.656562+00:00
[2026-09-27 14:54:40 UTC] evaluate vanilla_univariate Auto_Production_SF/M/short
    Total instances: 5, Series during experiment: 1, Windows: 5
    Collecting ground truth and context...
    Organizing data into arrays...
    Saved predictions (quantiles) to /fslarge/scratch/users/h61084/codes/selectime/outputs/selectime/chronos_bolt/evaluations/vanilla_univariate/Auto_Production_SF/M/short/run_1/predictions.npz
    Computing per-window metrics...
    Saved metrics to /fslarge/scratch/users/h61084/codes/selectime/outputs/selectime/chronos_bolt/evaluations/vanilla_univariate/Auto_Production_SF/M/short/run_1/metrics.npz
    Saved config to /fslarge/scratch/users/h61084/codes/selectime/outputs/selectime/chronos_bolt/evaluations/vanilla_univariate/Auto_Production_SF/M/short/run_1/config.json
    Saved aggregate metrics to /fslarge/scratch/users/h61084/codes/selectime/outputs/selectime/chronos_bolt/evaluations/vanilla_univariate/Auto_Production_SF/M/short/run_1/metrics_summary.json
    Metrics summary (averaged over all series/windows/variates):
      MSE: 26.3340
      MAE: 4.0893
      RMSE: 5.0599
      MAPE: 0.0417
      sMAPE: 0.0414
      MASE: 1.0324
      ND: 0.0410
      CRPS: 0.0410
TIME run allocation action=new run=/fslarge/scratch/users/h61084/codes/selectime/outputs/selectime/chronos_bolt/evaluations/vanilla_univariate/Commodity_Production/M/short/run_1 launch_id=selena_3584839 slurm_job_id=3584839 launched_at=2026-09-27T14:54:40.683773+00:00
[2026-09-27 14:54:40 UTC] evaluate vanilla_univariate Commodity_Production/M/short
    Total instances: 160, Series during experiment: 32, Windows: 5
    Collecting ground truth and context...
    Organizing data into arrays...
    Saved predictions (quantiles) to /fslarge/scratch/users/h61084/codes/selectime/outputs/selectime/chronos_bolt/evaluations/vanilla_univariate/Commodity_Production/M/short/run_1/predictions.npz
    Computing per-window metrics...
    Saved metrics to /fslarge/scratch/users/h61084/codes/selectime/outputs/selectime/chronos_bolt/evaluations/vanilla_univariate/Commodity_Production/M/short/run_1/metrics.npz
    Saved config to /fslarge/scratch/users/h61084/codes/selectime/outputs/selectime/chronos_bolt/evaluations/vanilla_univariate/Commodity_Production/M/short/run_1/config.json
    Saved aggregate metrics to /fslarge/scratch/users/h61084/codes/selectime/outputs/selectime/chronos_bolt/evaluations/vanilla_univariate/Commodity_Production/M/short/run_1/metrics_summary.json
    Metrics summary (averaged over all series/windows/variates):
      MSE: 61141.7135
      MAE: 67.7134
      RMSE: 78.4478
      MAPE: 0.2140
      sMAPE: 0.1661
      MASE: 0.9386
      ND: 0.1597
      CRPS: 0.1597
TIME run allocation action=new run=/fslarge/scratch/users/h61084/codes/selectime/outputs/selectime/chronos_bolt/evaluations/vanilla_univariate/Commodity_Import/M/short/run_1 launch_id=selena_3584839 slurm_job_id=3584839 launched_at=2026-09-27T14:54:40.730820+00:00
[2026-09-27 14:54:40 UTC] evaluate vanilla_univariate Commodity_Import/M/short
    Total instances: 40, Series during experiment: 8, Windows: 5
    Collecting ground truth and context...
    Organizing data into arrays...
    Saved predictions (quantiles) to /fslarge/scratch/users/h61084/codes/selectime/outputs/selectime/chronos_bolt/evaluations/vanilla_univariate/Commodity_Import/M/short/run_1/predictions.npz
    Computing per-window metrics...
    Saved metrics to /fslarge/scratch/users/h61084/codes/selectime/outputs/selectime/chronos_bolt/evaluations/vanilla_univariate/Commodity_Import/M/short/run_1/metrics.npz
    Saved config to /fslarge/scratch/users/h61084/codes/selectime/outputs/selectime/chronos_bolt/evaluations/vanilla_univariate/Commodity_Import/M/short/run_1/config.json
    Saved aggregate metrics to /fslarge/scratch/users/h61084/codes/selectime/outputs/selectime/chronos_bolt/evaluations/vanilla_univariate/Commodity_Import/M/short/run_1/metrics_summary.json
    Metrics summary (averaged over all series/windows/variates):
      MSE: 1702244.8219
      MAE: 527.9195
      RMSE: 630.6833
      MAPE: 0.3501
      sMAPE: 0.2394
      MASE: 1.5321
      ND: 0.2731
      CRPS: 0.2731
TIME run allocation action=new run=/fslarge/scratch/users/h61084/codes/selectime/outputs/selectime/chronos_bolt/evaluations/vanilla_univariate/WUI_Global/Q/short/run_1 launch_id=selena_3584839 slurm_job_id=3584839 launched_at=2026-09-27T14:54:40.764222+00:00
[2026-09-27 14:54:40 UTC] evaluate vanilla_univariate WUI_Global/Q/short
    Total instances: 75, Series during experiment: 15, Windows: 5
    Collecting ground truth and context...
    Detected to_univariate case: 15 flat series -> 1 series x 15 variates
    Organizing data into arrays...
    Saved predictions (quantiles) to /fslarge/scratch/users/h61084/codes/selectime/outputs/selectime/chronos_bolt/evaluations/vanilla_univariate/WUI_Global/Q/short/run_1/predictions.npz
    Computing per-window metrics...
    Saved metrics to /fslarge/scratch/users/h61084/codes/selectime/outputs/selectime/chronos_bolt/evaluations/vanilla_univariate/WUI_Global/Q/short/run_1/metrics.npz
    Saved config to /fslarge/scratch/users/h61084/codes/selectime/outputs/selectime/chronos_bolt/evaluations/vanilla_univariate/WUI_Global/Q/short/run_1/config.json
    Saved aggregate metrics to /fslarge/scratch/users/h61084/codes/selectime/outputs/selectime/chronos_bolt/evaluations/vanilla_univariate/WUI_Global/Q/short/run_1/metrics_summary.json
    Metrics summary (averaged over all series/windows/variates):
      MSE: 0.0486
      MAE: 0.1491
      RMSE: 0.1769
      MAPE: 0.5773
      sMAPE: 0.6600
      MASE: 0.9985
      ND: 0.6986
      CRPS: 0.6986
TIME run allocation action=new run=/fslarge/scratch/users/h61084/codes/selectime/outputs/selectime/chronos_bolt/evaluations/vanilla_univariate/Global_Price/Q/short/run_1 launch_id=selena_3584839 slurm_job_id=3584839 launched_at=2026-09-27T14:54:40.801327+00:00
[2026-09-27 14:54:40 UTC] evaluate vanilla_univariate Global_Price/Q/short
    Total instances: 300, Series during experiment: 60, Windows: 5
    Collecting ground truth and context...
    Detected to_univariate case: 60 flat series -> 1 series x 60 variates
    Organizing data into arrays...
    Saved predictions (quantiles) to /fslarge/scratch/users/h61084/codes/selectime/outputs/selectime/chronos_bolt/evaluations/vanilla_univariate/Global_Price/Q/short/run_1/predictions.npz
    Computing per-window metrics...
    Saved metrics to /fslarge/scratch/users/h61084/codes/selectime/outputs/selectime/chronos_bolt/evaluations/vanilla_univariate/Global_Price/Q/short/run_1/metrics.npz
    Saved config to /fslarge/scratch/users/h61084/codes/selectime/outputs/selectime/chronos_bolt/evaluations/vanilla_univariate/Global_Price/Q/short/run_1/config.json
    Saved aggregate metrics to /fslarge/scratch/users/h61084/codes/selectime/outputs/selectime/chronos_bolt/evaluations/vanilla_univariate/Global_Price/Q/short/run_1/metrics_summary.json
    Metrics summary (averaged over all series/windows/variates):
      MSE: 1713971.9016
      MAE: 304.0817
      RMSE: 341.7313
      MAPE: 0.1793
      sMAPE: 0.1905
      MASE: 1.5685
      ND: 0.1799
      CRPS: 0.1799
TIME run allocation action=new run=/fslarge/scratch/users/h61084/codes/selectime/outputs/selectime/chronos_bolt/evaluations/vanilla_univariate/Vehicle_Sales/M/short/run_1 launch_id=selena_3584839 slurm_job_id=3584839 launched_at=2026-09-27T14:54:40.864884+00:00
[2026-09-27 14:54:40 UTC] evaluate vanilla_univariate Vehicle_Sales/M/short
    Total instances: 50, Series during experiment: 10, Windows: 5
    Collecting ground truth and context...
    Detected to_univariate case: 10 flat series -> 1 series x 10 variates
    Organizing data into arrays...
    Saved predictions (quantiles) to /fslarge/scratch/users/h61084/codes/selectime/outputs/selectime/chronos_bolt/evaluations/vanilla_univariate/Vehicle_Sales/M/short/run_1/predictions.npz
    Computing per-window metrics...
    Saved metrics to /fslarge/scratch/users/h61084/codes/selectime/outputs/selectime/chronos_bolt/evaluations/vanilla_univariate/Vehicle_Sales/M/short/run_1/metrics.npz
    Saved config to /fslarge/scratch/users/h61084/codes/selectime/outputs/selectime/chronos_bolt/evaluations/vanilla_univariate/Vehicle_Sales/M/short/run_1/config.json
    Saved aggregate metrics to /fslarge/scratch/users/h61084/codes/selectime/outputs/selectime/chronos_bolt/evaluations/vanilla_univariate/Vehicle_Sales/M/short/run_1/metrics_summary.json
    Metrics summary (averaged over all series/windows/variates):
      MSE: 1736.5521
      MAE: 10.7605
      RMSE: 12.6642
      MAPE: 0.0823
      sMAPE: 0.0821
      MASE: 0.7724
      ND: 0.0824
      CRPS: 0.0824
TIME run allocation action=new run=/fslarge/scratch/users/h61084/codes/selectime/outputs/selectime/chronos_bolt/evaluations/vanilla_univariate/Online_Retail_2_UCI/D/short/run_1 launch_id=selena_3584839 slurm_job_id=3584839 launched_at=2026-09-27T14:54:40.898243+00:00
[2026-09-27 14:54:40 UTC] evaluate vanilla_univariate Online_Retail_2_UCI/D/short
    Total instances: 6, Series during experiment: 1, Windows: 6
    Collecting ground truth and context...
    Organizing data into arrays...
    ⚠️  Predictions max value (73459.71) exceeds float16 safe range.
    ⚠️  Applying scale factor: 10 (values will be divided)
    Saved predictions (quantiles) to /fslarge/scratch/users/h61084/codes/selectime/outputs/selectime/chronos_bolt/evaluations/vanilla_univariate/Online_Retail_2_UCI/D/short/run_1/predictions.npz
    Computing per-window metrics...
    Saved metrics to /fslarge/scratch/users/h61084/codes/selectime/outputs/selectime/chronos_bolt/evaluations/vanilla_univariate/Online_Retail_2_UCI/D/short/run_1/metrics.npz
    Saved config to /fslarge/scratch/users/h61084/codes/selectime/outputs/selectime/chronos_bolt/evaluations/vanilla_univariate/Online_Retail_2_UCI/D/short/run_1/config.json
    Saved aggregate metrics to /fslarge/scratch/users/h61084/codes/selectime/outputs/selectime/chronos_bolt/evaluations/vanilla_univariate/Online_Retail_2_UCI/D/short/run_1/metrics_summary.json
    Metrics summary (averaged over all series/windows/variates):
      MSE: 314035391.6255
      MAE: 10246.2875
      RMSE: 16013.3716
      MAPE: 0.2655
      sMAPE: 0.5281
      MASE: 0.6195
      ND: 0.2986
      CRPS: 0.2986
TIME run allocation action=new run=/fslarge/scratch/users/h61084/codes/selectime/outputs/selectime/chronos_bolt/evaluations/vanilla_univariate/Supply_Chain_Customer/D/short/run_1 launch_id=selena_3584839 slurm_job_id=3584839 launched_at=2026-09-27T14:54:40.931062+00:00
[2026-09-27 14:54:40 UTC] evaluate vanilla_univariate Supply_Chain_Customer/D/short
    Total instances: 432, Series during experiment: 36, Windows: 12
    Collecting ground truth and context...
    Detected to_univariate case: 36 flat series -> 1 series x 36 variates
    Organizing data into arrays...
    ⚠️  Predictions max value (185497.48) exceeds float16 safe range.
    ⚠️  Applying scale factor: 10 (values will be divided)
    Saved predictions (quantiles) to /fslarge/scratch/users/h61084/codes/selectime/outputs/selectime/chronos_bolt/evaluations/vanilla_univariate/Supply_Chain_Customer/D/short/run_1/predictions.npz
    Computing per-window metrics...
    Saved metrics to /fslarge/scratch/users/h61084/codes/selectime/outputs/selectime/chronos_bolt/evaluations/vanilla_univariate/Supply_Chain_Customer/D/short/run_1/metrics.npz
    Saved config to /fslarge/scratch/users/h61084/codes/selectime/outputs/selectime/chronos_bolt/evaluations/vanilla_univariate/Supply_Chain_Customer/D/short/run_1/config.json
    Saved aggregate metrics to /fslarge/scratch/users/h61084/codes/selectime/outputs/selectime/chronos_bolt/evaluations/vanilla_univariate/Supply_Chain_Customer/D/short/run_1/metrics_summary.json
    Metrics summary (averaged over all series/windows/variates):
      MSE: 32848610.4769
      MAE: 1710.8665
      RMSE: 2393.5512
      MAPE: 0.4313
      sMAPE: 0.4205
      MASE: 0.6131
      ND: 0.3630
      CRPS: 0.3630
TIME run allocation action=new run=/fslarge/scratch/users/h61084/codes/selectime/outputs/selectime/chronos_bolt/evaluations/vanilla_univariate/Supply_Chain_Location/D/short/run_1 launch_id=selena_3584839 slurm_job_id=3584839 launched_at=2026-09-27T14:54:41.022133+00:00
[2026-09-27 14:54:41 UTC] evaluate vanilla_univariate Supply_Chain_Location/D/short
    Total instances: 612, Series during experiment: 51, Windows: 12
    Collecting ground truth and context...
    Detected to_univariate case: 51 flat series -> 1 series x 51 variates
    Organizing data into arrays...
    ⚠️  Predictions max value (86134.17) exceeds float16 safe range.
    ⚠️  Applying scale factor: 10 (values will be divided)
    Saved predictions (quantiles) to /fslarge/scratch/users/h61084/codes/selectime/outputs/selectime/chronos_bolt/evaluations/vanilla_univariate/Supply_Chain_Location/D/short/run_1/predictions.npz
    Computing per-window metrics...
    Saved metrics to /fslarge/scratch/users/h61084/codes/selectime/outputs/selectime/chronos_bolt/evaluations/vanilla_univariate/Supply_Chain_Location/D/short/run_1/metrics.npz
    Saved config to /fslarge/scratch/users/h61084/codes/selectime/outputs/selectime/chronos_bolt/evaluations/vanilla_univariate/Supply_Chain_Location/D/short/run_1/config.json
    Saved aggregate metrics to /fslarge/scratch/users/h61084/codes/selectime/outputs/selectime/chronos_bolt/evaluations/vanilla_univariate/Supply_Chain_Location/D/short/run_1/metrics_summary.json
    Metrics summary (averaged over all series/windows/variates):
      MSE: 21468139.9859
      MAE: 1791.9018
      RMSE: 2409.5008
      MAPE: 0.5009
      sMAPE: 0.4225
      MASE: 0.6500
      ND: 0.3807
      CRPS: 0.3807
TIME run allocation action=new run=/fslarge/scratch/users/h61084/codes/selectime/outputs/selectime/chronos_bolt/evaluations/vanilla_univariate/azure2019_U/5T/short/run_1 launch_id=selena_3584839 slurm_job_id=3584839 launched_at=2026-09-27T14:54:41.129676+00:00
[2026-09-27 14:54:41 UTC] evaluate vanilla_univariate azure2019_U/5T/short
    Total instances: 1404, Series during experiment: 234, Windows: 6
    Collecting ground truth and context...
    Detected to_univariate case: 234 flat series -> 78 series x 3 variates
    Organizing data into arrays...
    Saved predictions (quantiles) to /fslarge/scratch/users/h61084/codes/selectime/outputs/selectime/chronos_bolt/evaluations/vanilla_univariate/azure2019_U/5T/short/run_1/predictions.npz
    Computing per-window metrics...
    Saved metrics to /fslarge/scratch/users/h61084/codes/selectime/outputs/selectime/chronos_bolt/evaluations/vanilla_univariate/azure2019_U/5T/short/run_1/metrics.npz
    Saved config to /fslarge/scratch/users/h61084/codes/selectime/outputs/selectime/chronos_bolt/evaluations/vanilla_univariate/azure2019_U/5T/short/run_1/config.json
    Saved aggregate metrics to /fslarge/scratch/users/h61084/codes/selectime/outputs/selectime/chronos_bolt/evaluations/vanilla_univariate/azure2019_U/5T/short/run_1/metrics_summary.json
    Metrics summary (averaged over all series/windows/variates):
      MSE: 71.6663
      MAE: 2.6218
      RMSE: 3.5617
      MAPE: 0.4058
      sMAPE: 0.2047
      MASE: 0.7730
      ND: 0.2184
      CRPS: 0.2184
TIME run allocation action=new run=/fslarge/scratch/users/h61084/codes/selectime/outputs/selectime/chronos_bolt/evaluations/vanilla_univariate/Smart_Manufacturing/H/short/run_1 launch_id=selena_3584839 slurm_job_id=3584839 launched_at=2026-09-27T14:54:41.348412+00:00
[2026-09-27 14:54:41 UTC] evaluate vanilla_univariate Smart_Manufacturing/H/short
    Total instances: 2380, Series during experiment: 170, Windows: 14
    Collecting ground truth and context...
    Detected to_univariate case: 170 flat series -> 34 series x 5 variates
    Organizing data into arrays...
    Saved predictions (quantiles) to /fslarge/scratch/users/h61084/codes/selectime/outputs/selectime/chronos_bolt/evaluations/vanilla_univariate/Smart_Manufacturing/H/short/run_1/predictions.npz
    Computing per-window metrics...
    Saved metrics to /fslarge/scratch/users/h61084/codes/selectime/outputs/selectime/chronos_bolt/evaluations/vanilla_univariate/Smart_Manufacturing/H/short/run_1/metrics.npz
    Saved config to /fslarge/scratch/users/h61084/codes/selectime/outputs/selectime/chronos_bolt/evaluations/vanilla_univariate/Smart_Manufacturing/H/short/run_1/config.json
    Saved aggregate metrics to /fslarge/scratch/users/h61084/codes/selectime/outputs/selectime/chronos_bolt/evaluations/vanilla_univariate/Smart_Manufacturing/H/short/run_1/metrics_summary.json
    Metrics summary (averaged over all series/windows/variates):
      MSE: 79.1682
      MAE: 5.7509
      RMSE: 7.1013
      MAPE: 0.3446
      sMAPE: 0.2264
      MASE: 0.7167
      ND: 0.2186
      CRPS: 0.2186
TIME run allocation action=new run=/fslarge/scratch/users/h61084/codes/selectime/outputs/selectime/chronos_bolt/evaluations/vanilla_univariate/Smart_Manufacturing/H/medium/run_1 launch_id=selena_3584839 slurm_job_id=3584839 launched_at=2026-09-27T14:54:41.682826+00:00
[2026-09-27 14:54:41 UTC] evaluate vanilla_univariate Smart_Manufacturing/H/medium
    Total instances: 340, Series during experiment: 170, Windows: 2
    Collecting ground truth and context...
    Detected to_univariate case: 170 flat series -> 34 series x 5 variates
    Organizing data into arrays...
    Saved predictions (quantiles) to /fslarge/scratch/users/h61084/codes/selectime/outputs/selectime/chronos_bolt/evaluations/vanilla_univariate/Smart_Manufacturing/H/medium/run_1/predictions.npz
    Computing per-window metrics...
    Saved metrics to /fslarge/scratch/users/h61084/codes/selectime/outputs/selectime/chronos_bolt/evaluations/vanilla_univariate/Smart_Manufacturing/H/medium/run_1/metrics.npz
    Saved config to /fslarge/scratch/users/h61084/codes/selectime/outputs/selectime/chronos_bolt/evaluations/vanilla_univariate/Smart_Manufacturing/H/medium/run_1/config.json
    Saved aggregate metrics to /fslarge/scratch/users/h61084/codes/selectime/outputs/selectime/chronos_bolt/evaluations/vanilla_univariate/Smart_Manufacturing/H/medium/run_1/metrics_summary.json
    Metrics summary (averaged over all series/windows/variates):
      MSE: 78.6815
      MAE: 5.7346
      RMSE: 7.1633
      MAPE: 0.3461
      sMAPE: 0.2259
      MASE: 0.7140
      ND: 0.2162
      CRPS: 0.2162
TIME run allocation action=new run=/fslarge/scratch/users/h61084/codes/selectime/outputs/selectime/chronos_bolt/evaluations/vanilla_univariate/Smart_Manufacturing/H/long/run_1 launch_id=selena_3584839 slurm_job_id=3584839 launched_at=2026-09-27T14:54:41.773441+00:00
[2026-09-27 14:54:41 UTC] evaluate vanilla_univariate Smart_Manufacturing/H/long
    Total instances: 170, Series during experiment: 170, Windows: 1
    Collecting ground truth and context...
    Detected to_univariate case: 170 flat series -> 34 series x 5 variates
    Organizing data into arrays...
    Saved predictions (quantiles) to /fslarge/scratch/users/h61084/codes/selectime/outputs/selectime/chronos_bolt/evaluations/vanilla_univariate/Smart_Manufacturing/H/long/run_1/predictions.npz
    Computing per-window metrics...
    Saved metrics to /fslarge/scratch/users/h61084/codes/selectime/outputs/selectime/chronos_bolt/evaluations/vanilla_univariate/Smart_Manufacturing/H/long/run_1/metrics.npz
    Saved config to /fslarge/scratch/users/h61084/codes/selectime/outputs/selectime/chronos_bolt/evaluations/vanilla_univariate/Smart_Manufacturing/H/long/run_1/config.json
    Saved aggregate metrics to /fslarge/scratch/users/h61084/codes/selectime/outputs/selectime/chronos_bolt/evaluations/vanilla_univariate/Smart_Manufacturing/H/long/run_1/metrics_summary.json
    Metrics summary (averaged over all series/windows/variates):
      MSE: 78.7499
      MAE: 5.7349
      RMSE: 7.1749
      MAPE: 0.3493
      sMAPE: 0.2259
      MASE: 0.7137
      ND: 0.2162
      CRPS: 0.2162
TIME run allocation action=new run=/fslarge/scratch/users/h61084/codes/selectime/outputs/selectime/chronos_bolt/evaluations/vanilla_univariate/MetroPT-3/5T/short/run_1 launch_id=selena_3584839 slurm_job_id=3584839 launched_at=2026-09-27T14:54:41.850715+00:00
[2026-09-27 14:54:41 UTC] evaluate vanilla_univariate MetroPT-3/5T/short
    Total instances: 216, Series during experiment: 6, Windows: 36
    Collecting ground truth and context...
    Detected to_univariate case: 6 flat series -> 1 series x 6 variates
    Organizing data into arrays...
    Saved predictions (quantiles) to /fslarge/scratch/users/h61084/codes/selectime/outputs/selectime/chronos_bolt/evaluations/vanilla_univariate/MetroPT-3/5T/short/run_1/predictions.npz
    Computing per-window metrics...
    Saved metrics to /fslarge/scratch/users/h61084/codes/selectime/outputs/selectime/chronos_bolt/evaluations/vanilla_univariate/MetroPT-3/5T/short/run_1/metrics.npz
    Saved config to /fslarge/scratch/users/h61084/codes/selectime/outputs/selectime/chronos_bolt/evaluations/vanilla_univariate/MetroPT-3/5T/short/run_1/config.json
    Saved aggregate metrics to /fslarge/scratch/users/h61084/codes/selectime/outputs/selectime/chronos_bolt/evaluations/vanilla_univariate/MetroPT-3/5T/short/run_1/metrics_summary.json
    Metrics summary (averaged over all series/windows/variates):
      MSE: 3.5402
      MAE: 1.1859
      RMSE: 1.5190
      MAPE: 5.0638
      sMAPE: 0.4972
      MASE: 0.6495
      ND: 0.3394
      CRPS: 0.3394
TIME run allocation action=new run=/fslarge/scratch/users/h61084/codes/selectime/outputs/selectime/chronos_bolt/evaluations/vanilla_univariate/MetroPT-3/5T/medium/run_1 launch_id=selena_3584839 slurm_job_id=3584839 launched_at=2026-09-27T14:54:41.927066+00:00
[2026-09-27 14:54:41 UTC] evaluate vanilla_univariate MetroPT-3/5T/medium
    Total instances: 36, Series during experiment: 6, Windows: 6
    Collecting ground truth and context...
    Detected to_univariate case: 6 flat series -> 1 series x 6 variates
    Organizing data into arrays...
    Saved predictions (quantiles) to /fslarge/scratch/users/h61084/codes/selectime/outputs/selectime/chronos_bolt/evaluations/vanilla_univariate/MetroPT-3/5T/medium/run_1/predictions.npz
    Computing per-window metrics...
    Saved metrics to /fslarge/scratch/users/h61084/codes/selectime/outputs/selectime/chronos_bolt/evaluations/vanilla_univariate/MetroPT-3/5T/medium/run_1/metrics.npz
    Saved config to /fslarge/scratch/users/h61084/codes/selectime/outputs/selectime/chronos_bolt/evaluations/vanilla_univariate/MetroPT-3/5T/medium/run_1/config.json
    Saved aggregate metrics to /fslarge/scratch/users/h61084/codes/selectime/outputs/selectime/chronos_bolt/evaluations/vanilla_univariate/MetroPT-3/5T/medium/run_1/metrics_summary.json
    Metrics summary (averaged over all series/windows/variates):
      MSE: 3.4239
      MAE: 1.2081
      RMSE: 1.5178
      MAPE: 7.1321
      sMAPE: 0.4817
      MASE: 0.6856
      ND: 0.3474
      CRPS: 0.3474
TIME run allocation action=new run=/fslarge/scratch/users/h61084/codes/selectime/outputs/selectime/chronos_bolt/evaluations/vanilla_univariate/MetroPT-3/5T/long/run_1 launch_id=selena_3584839 slurm_job_id=3584839 launched_at=2026-09-27T14:54:41.973391+00:00
[2026-09-27 14:54:41 UTC] evaluate vanilla_univariate MetroPT-3/5T/long
    Total instances: 18, Series during experiment: 6, Windows: 3
    Collecting ground truth and context...
    Detected to_univariate case: 6 flat series -> 1 series x 6 variates
    Organizing data into arrays...
    Saved predictions (quantiles) to /fslarge/scratch/users/h61084/codes/selectime/outputs/selectime/chronos_bolt/evaluations/vanilla_univariate/MetroPT-3/5T/long/run_1/predictions.npz
    Computing per-window metrics...
    Saved metrics to /fslarge/scratch/users/h61084/codes/selectime/outputs/selectime/chronos_bolt/evaluations/vanilla_univariate/MetroPT-3/5T/long/run_1/metrics.npz
    Saved config to /fslarge/scratch/users/h61084/codes/selectime/outputs/selectime/chronos_bolt/evaluations/vanilla_univariate/MetroPT-3/5T/long/run_1/config.json
    Saved aggregate metrics to /fslarge/scratch/users/h61084/codes/selectime/outputs/selectime/chronos_bolt/evaluations/vanilla_univariate/MetroPT-3/5T/long/run_1/metrics_summary.json
    Metrics summary (averaged over all series/windows/variates):
      MSE: 3.3339
      MAE: 1.2067
      RMSE: 1.5065
      MAPE: 6.7195
      sMAPE: 0.4852
      MASE: 0.6948
      ND: 0.3485
      CRPS: 0.3485
[2026-09-27 14:54:51 UTC] Slurm=3584839 launch=selena_3584839 stage=report prediction_group=all
[2026-09-27 14:54:52 UTC] dataset_config=/fssmall/home/h61084/codes/selectime/src/timebench/config/datasets.yaml applied_keys=datasets,selectime_tasks tasks=90
[2026-09-27 14:54:52 UTC] resources selected_device {"component": "selectime", "device": "cpu", "stage": "report"}
[2026-09-27 14:54:52 UTC] stage=report tasks=90 seed=0 Slurm=3584839
TIME run allocation action=new run=/fslarge/scratch/users/h61084/codes/selectime/outputs/reports/selectime/chronos_bolt/comparison/Water_Quality_Darwin/15T/short/run_0 launch_id=selena_3584839 slurm_job_id=3584839 launched_at=2026-09-27T14:54:53.374853+00:00
[2026-09-27 14:54:53 UTC] vanilla_univariate: tasks=90 mean_task_MASE=1.1679046180375485
