[2026-09-17 10:23:16 UTC] Slurm=3458556 launch=selena_3458556 stage=prepare prediction_group=all
[2026-09-17 10:23:17 UTC] dataset_config=/fssmall/home/h61084/codes/selectime/src/timebench/config/datasets.yaml applied_keys=datasets,selectime_tasks tasks=90
[2026-09-17 10:23:17 UTC] stage=prepare tasks=90 seed=0 Slurm=3458556
TIME run allocation action=new run=/fslarge/scratch/users/h61084/codes/selectime/outputs/selectime/chronos_bolt/data/shared/Water_Quality_Darwin/15T/short/run_0 launch_id=selena_3458556 slurm_job_id=3458556 launched_at=2026-09-17T10:23:17.343116+00:00
[2026-09-17 10:23:17 UTC] prepare Water_Quality_Darwin/15T/short
[2026-09-17 12:23:17,684][datasets][INFO] - PyTorch version 2.9.1 available.
TIME run allocation action=new run=/fslarge/scratch/users/h61084/codes/selectime/outputs/selectime/chronos_bolt/data/shared/Water_Quality_Darwin/15T/medium/run_0 launch_id=selena_3458556 slurm_job_id=3458556 launched_at=2026-09-17T10:23:18.181233+00:00
[2026-09-17 10:23:18 UTC] prepare Water_Quality_Darwin/15T/medium
TIME run allocation action=new run=/fslarge/scratch/users/h61084/codes/selectime/outputs/selectime/chronos_bolt/data/shared/Water_Quality_Darwin/15T/long/run_0 launch_id=selena_3458556 slurm_job_id=3458556 launched_at=2026-09-17T10:23:18.349700+00:00
[2026-09-17 10:23:18 UTC] prepare Water_Quality_Darwin/15T/long
TIME run allocation action=new run=/fslarge/scratch/users/h61084/codes/selectime/outputs/selectime/chronos_bolt/data/shared/current_velocity/5T/short/run_0 launch_id=selena_3458556 slurm_job_id=3458556 launched_at=2026-09-17T10:23:18.478044+00:00
[2026-09-17 10:23:18 UTC] prepare current_velocity/5T/short
TIME run allocation action=new run=/fslarge/scratch/users/h61084/codes/selectime/outputs/selectime/chronos_bolt/data/shared/current_velocity/5T/medium/run_0 launch_id=selena_3458556 slurm_job_id=3458556 launched_at=2026-09-17T10:23:18.521652+00:00
[2026-09-17 10:23:18 UTC] prepare current_velocity/5T/medium
TIME run allocation action=new run=/fslarge/scratch/users/h61084/codes/selectime/outputs/selectime/chronos_bolt/data/shared/current_velocity/5T/long/run_0 launch_id=selena_3458556 slurm_job_id=3458556 launched_at=2026-09-17T10:23:18.551979+00:00
[2026-09-17 10:23:18 UTC] prepare current_velocity/5T/long
TIME run allocation action=new run=/fslarge/scratch/users/h61084/codes/selectime/outputs/selectime/chronos_bolt/data/shared/current_velocity/10T/short/run_0 launch_id=selena_3458556 slurm_job_id=3458556 launched_at=2026-09-17T10:23:18.580620+00:00
[2026-09-17 10:23:18 UTC] prepare current_velocity/10T/short
TIME run allocation action=new run=/fslarge/scratch/users/h61084/codes/selectime/outputs/selectime/chronos_bolt/data/shared/current_velocity/10T/medium/run_0 launch_id=selena_3458556 slurm_job_id=3458556 launched_at=2026-09-17T10:23:18.973506+00:00
[2026-09-17 10:23:18 UTC] prepare current_velocity/10T/medium
TIME run allocation action=new run=/fslarge/scratch/users/h61084/codes/selectime/outputs/selectime/chronos_bolt/data/shared/current_velocity/10T/long/run_0 launch_id=selena_3458556 slurm_job_id=3458556 launched_at=2026-09-17T10:23:19.317092+00:00
[2026-09-17 10:23:19 UTC] prepare current_velocity/10T/long
TIME run allocation action=new run=/fslarge/scratch/users/h61084/codes/selectime/outputs/selectime/chronos_bolt/data/shared/current_velocity/15T/short/run_0 launch_id=selena_3458556 slurm_job_id=3458556 launched_at=2026-09-17T10:23:19.543239+00:00
[2026-09-17 10:23:19 UTC] prepare current_velocity/15T/short
TIME run allocation action=new run=/fslarge/scratch/users/h61084/codes/selectime/outputs/selectime/chronos_bolt/data/shared/current_velocity/15T/medium/run_0 launch_id=selena_3458556 slurm_job_id=3458556 launched_at=2026-09-17T10:23:19.618554+00:00
[2026-09-17 10:23:19 UTC] prepare current_velocity/15T/medium
TIME run allocation action=new run=/fslarge/scratch/users/h61084/codes/selectime/outputs/selectime/chronos_bolt/data/shared/current_velocity/15T/long/run_0 launch_id=selena_3458556 slurm_job_id=3458556 launched_at=2026-09-17T10:23:19.673369+00:00
[2026-09-17 10:23:19 UTC] prepare current_velocity/15T/long
TIME run allocation action=new run=/fslarge/scratch/users/h61084/codes/selectime/outputs/selectime/chronos_bolt/data/shared/current_velocity/H/short/run_0 launch_id=selena_3458556 slurm_job_id=3458556 launched_at=2026-09-17T10:23:19.720761+00:00
[2026-09-17 10:23:19 UTC] prepare current_velocity/H/short
TIME run allocation action=new run=/fslarge/scratch/users/h61084/codes/selectime/outputs/selectime/chronos_bolt/data/shared/current_velocity/H/medium/run_0 launch_id=selena_3458556 slurm_job_id=3458556 launched_at=2026-09-17T10:23:19.838136+00:00
[2026-09-17 10:23:19 UTC] prepare current_velocity/H/medium
TIME run allocation action=new run=/fslarge/scratch/users/h61084/codes/selectime/outputs/selectime/chronos_bolt/data/shared/current_velocity/H/long/run_0 launch_id=selena_3458556 slurm_job_id=3458556 launched_at=2026-09-17T10:23:20.028413+00:00
[2026-09-17 10:23:20 UTC] prepare current_velocity/H/long
TIME run allocation action=new run=/fslarge/scratch/users/h61084/codes/selectime/outputs/selectime/chronos_bolt/data/shared/CPHL/15T/short/run_0 launch_id=selena_3458556 slurm_job_id=3458556 launched_at=2026-09-17T10:23:20.170329+00:00
[2026-09-17 10:23:20 UTC] prepare CPHL/15T/short
TIME run allocation action=new run=/fslarge/scratch/users/h61084/codes/selectime/outputs/selectime/chronos_bolt/data/shared/CPHL/15T/medium/run_0 launch_id=selena_3458556 slurm_job_id=3458556 launched_at=2026-09-17T10:23:20.193351+00:00
[2026-09-17 10:23:20 UTC] prepare CPHL/15T/medium
TIME run allocation action=new run=/fslarge/scratch/users/h61084/codes/selectime/outputs/selectime/chronos_bolt/data/shared/CPHL/15T/long/run_0 launch_id=selena_3458556 slurm_job_id=3458556 launched_at=2026-09-17T10:23:20.212759+00:00
[2026-09-17 10:23:20 UTC] prepare CPHL/15T/long
TIME run allocation action=new run=/fslarge/scratch/users/h61084/codes/selectime/outputs/selectime/chronos_bolt/data/shared/CPHL/30T/short/run_0 launch_id=selena_3458556 slurm_job_id=3458556 launched_at=2026-09-17T10:23:20.231618+00:00
[2026-09-17 10:23:20 UTC] prepare CPHL/30T/short
TIME run allocation action=new run=/fslarge/scratch/users/h61084/codes/selectime/outputs/selectime/chronos_bolt/data/shared/CPHL/30T/medium/run_0 launch_id=selena_3458556 slurm_job_id=3458556 launched_at=2026-09-17T10:23:20.255654+00:00
[2026-09-17 10:23:20 UTC] prepare CPHL/30T/medium
TIME run allocation action=new run=/fslarge/scratch/users/h61084/codes/selectime/outputs/selectime/chronos_bolt/data/shared/CPHL/30T/long/run_0 launch_id=selena_3458556 slurm_job_id=3458556 launched_at=2026-09-17T10:23:20.284484+00:00
[2026-09-17 10:23:20 UTC] prepare CPHL/30T/long
TIME run allocation action=new run=/fslarge/scratch/users/h61084/codes/selectime/outputs/selectime/chronos_bolt/data/shared/CPHL/H/short/run_0 launch_id=selena_3458556 slurm_job_id=3458556 launched_at=2026-09-17T10:23:20.307314+00:00
[2026-09-17 10:23:20 UTC] prepare CPHL/H/short
TIME run allocation action=new run=/fslarge/scratch/users/h61084/codes/selectime/outputs/selectime/chronos_bolt/data/shared/CPHL/H/medium/run_0 launch_id=selena_3458556 slurm_job_id=3458556 launched_at=2026-09-17T10:23:20.331792+00:00
[2026-09-17 10:23:20 UTC] prepare CPHL/H/medium
TIME run allocation action=new run=/fslarge/scratch/users/h61084/codes/selectime/outputs/selectime/chronos_bolt/data/shared/CPHL/H/long/run_0 launch_id=selena_3458556 slurm_job_id=3458556 launched_at=2026-09-17T10:23:20.354122+00:00
[2026-09-17 10:23:20 UTC] prepare CPHL/H/long
TIME run allocation action=new run=/fslarge/scratch/users/h61084/codes/selectime/outputs/selectime/chronos_bolt/data/shared/Coastal_T_S/15T/short/run_0 launch_id=selena_3458556 slurm_job_id=3458556 launched_at=2026-09-17T10:23:20.375304+00:00
[2026-09-17 10:23:20 UTC] prepare Coastal_T_S/15T/short
TIME run allocation action=new run=/fslarge/scratch/users/h61084/codes/selectime/outputs/selectime/chronos_bolt/data/shared/Coastal_T_S/15T/medium/run_0 launch_id=selena_3458556 slurm_job_id=3458556 launched_at=2026-09-17T10:23:20.458530+00:00
[2026-09-17 10:23:20 UTC] prepare Coastal_T_S/15T/medium
TIME run allocation action=new run=/fslarge/scratch/users/h61084/codes/selectime/outputs/selectime/chronos_bolt/data/shared/Coastal_T_S/15T/long/run_0 launch_id=selena_3458556 slurm_job_id=3458556 launched_at=2026-09-17T10:23:20.524852+00:00
[2026-09-17 10:23:20 UTC] prepare Coastal_T_S/15T/long
TIME run allocation action=new run=/fslarge/scratch/users/h61084/codes/selectime/outputs/selectime/chronos_bolt/data/shared/Coastal_T_S/20T/short/run_0 launch_id=selena_3458556 slurm_job_id=3458556 launched_at=2026-09-17T10:23:20.573904+00:00
[2026-09-17 10:23:20 UTC] prepare Coastal_T_S/20T/short
TIME run allocation action=new run=/fslarge/scratch/users/h61084/codes/selectime/outputs/selectime/chronos_bolt/data/shared/Coastal_T_S/20T/medium/run_0 launch_id=selena_3458556 slurm_job_id=3458556 launched_at=2026-09-17T10:23:20.595360+00:00
[2026-09-17 10:23:20 UTC] prepare Coastal_T_S/20T/medium
TIME run allocation action=new run=/fslarge/scratch/users/h61084/codes/selectime/outputs/selectime/chronos_bolt/data/shared/Coastal_T_S/20T/long/run_0 launch_id=selena_3458556 slurm_job_id=3458556 launched_at=2026-09-17T10:23:20.615368+00:00
[2026-09-17 10:23:20 UTC] prepare Coastal_T_S/20T/long
TIME run allocation action=new run=/fslarge/scratch/users/h61084/codes/selectime/outputs/selectime/chronos_bolt/data/shared/Coastal_T_S/H/short/run_0 launch_id=selena_3458556 slurm_job_id=3458556 launched_at=2026-09-17T10:23:20.634817+00:00
[2026-09-17 10:23:20 UTC] prepare Coastal_T_S/H/short
TIME run allocation action=new run=/fslarge/scratch/users/h61084/codes/selectime/outputs/selectime/chronos_bolt/data/shared/Coastal_T_S/H/medium/run_0 launch_id=selena_3458556 slurm_job_id=3458556 launched_at=2026-09-17T10:23:20.746882+00:00
[2026-09-17 10:23:20 UTC] prepare Coastal_T_S/H/medium
TIME run allocation action=new run=/fslarge/scratch/users/h61084/codes/selectime/outputs/selectime/chronos_bolt/data/shared/Coastal_T_S/H/long/run_0 launch_id=selena_3458556 slurm_job_id=3458556 launched_at=2026-09-17T10:23:20.908883+00:00
[2026-09-17 10:23:20 UTC] prepare Coastal_T_S/H/long
TIME run allocation action=new run=/fslarge/scratch/users/h61084/codes/selectime/outputs/selectime/chronos_bolt/data/shared/SG_Weather/D/short/run_0 launch_id=selena_3458556 slurm_job_id=3458556 launched_at=2026-09-17T10:23:21.039848+00:00
[2026-09-17 10:23:21 UTC] prepare SG_Weather/D/short
TIME run allocation action=new run=/fslarge/scratch/users/h61084/codes/selectime/outputs/selectime/chronos_bolt/data/shared/SG_Weather/D/medium/run_0 launch_id=selena_3458556 slurm_job_id=3458556 launched_at=2026-09-17T10:23:21.083608+00:00
[2026-09-17 10:23:21 UTC] prepare SG_Weather/D/medium
TIME run allocation action=new run=/fslarge/scratch/users/h61084/codes/selectime/outputs/selectime/chronos_bolt/data/shared/SG_Weather/D/long/run_0 launch_id=selena_3458556 slurm_job_id=3458556 launched_at=2026-09-17T10:23:21.145607+00:00
[2026-09-17 10:23:21 UTC] prepare SG_Weather/D/long
TIME run allocation action=new run=/fslarge/scratch/users/h61084/codes/selectime/outputs/selectime/chronos_bolt/data/shared/SG_PM25/H/short/run_0 launch_id=selena_3458556 slurm_job_id=3458556 launched_at=2026-09-17T10:23:21.213339+00:00
[2026-09-17 10:23:21 UTC] prepare SG_PM25/H/short
TIME run allocation action=new run=/fslarge/scratch/users/h61084/codes/selectime/outputs/selectime/chronos_bolt/data/shared/SG_PM25/H/medium/run_0 launch_id=selena_3458556 slurm_job_id=3458556 launched_at=2026-09-17T10:23:21.287146+00:00
[2026-09-17 10:23:21 UTC] prepare SG_PM25/H/medium
TIME run allocation action=new run=/fslarge/scratch/users/h61084/codes/selectime/outputs/selectime/chronos_bolt/data/shared/SG_PM25/H/long/run_0 launch_id=selena_3458556 slurm_job_id=3458556 launched_at=2026-09-17T10:23:21.373176+00:00
[2026-09-17 10:23:21 UTC] prepare SG_PM25/H/long
TIME run allocation action=new run=/fslarge/scratch/users/h61084/codes/selectime/outputs/selectime/chronos_bolt/data/shared/NE_China_Wind/H/short/run_0 launch_id=selena_3458556 slurm_job_id=3458556 launched_at=2026-09-17T10:23:21.435576+00:00
[2026-09-17 10:23:21 UTC] prepare NE_China_Wind/H/short
TIME run allocation action=new run=/fslarge/scratch/users/h61084/codes/selectime/outputs/selectime/chronos_bolt/data/shared/NE_China_Wind/H/medium/run_0 launch_id=selena_3458556 slurm_job_id=3458556 launched_at=2026-09-17T10:23:21.461911+00:00
[2026-09-17 10:23:21 UTC] prepare NE_China_Wind/H/medium
TIME run allocation action=new run=/fslarge/scratch/users/h61084/codes/selectime/outputs/selectime/chronos_bolt/data/shared/NE_China_Wind/H/long/run_0 launch_id=selena_3458556 slurm_job_id=3458556 launched_at=2026-09-17T10:23:21.485419+00:00
[2026-09-17 10:23:21 UTC] prepare NE_China_Wind/H/long
TIME run allocation action=new run=/fslarge/scratch/users/h61084/codes/selectime/outputs/selectime/chronos_bolt/data/shared/Australia_Solar/H/short/run_0 launch_id=selena_3458556 slurm_job_id=3458556 launched_at=2026-09-17T10:23:21.507714+00:00
[2026-09-17 10:23:21 UTC] prepare Australia_Solar/H/short
TIME run allocation action=new run=/fslarge/scratch/users/h61084/codes/selectime/outputs/selectime/chronos_bolt/data/shared/Australia_Solar/H/medium/run_0 launch_id=selena_3458556 slurm_job_id=3458556 launched_at=2026-09-17T10:23:21.551266+00:00
[2026-09-17 10:23:21 UTC] prepare Australia_Solar/H/medium
TIME run allocation action=new run=/fslarge/scratch/users/h61084/codes/selectime/outputs/selectime/chronos_bolt/data/shared/Australia_Solar/H/long/run_0 launch_id=selena_3458556 slurm_job_id=3458556 launched_at=2026-09-17T10:23:21.603876+00:00
[2026-09-17 10:23:21 UTC] prepare Australia_Solar/H/long
TIME run allocation action=new run=/fslarge/scratch/users/h61084/codes/selectime/outputs/selectime/chronos_bolt/data/shared/epf_electricity_price/H/short/run_0 launch_id=selena_3458556 slurm_job_id=3458556 launched_at=2026-09-17T10:23:21.647354+00:00
[2026-09-17 10:23:21 UTC] prepare epf_electricity_price/H/short
TIME run allocation action=new run=/fslarge/scratch/users/h61084/codes/selectime/outputs/selectime/chronos_bolt/data/shared/epf_electricity_price/H/medium/run_0 launch_id=selena_3458556 slurm_job_id=3458556 launched_at=2026-09-17T10:23:21.749572+00:00
[2026-09-17 10:23:21 UTC] prepare epf_electricity_price/H/medium
TIME run allocation action=new run=/fslarge/scratch/users/h61084/codes/selectime/outputs/selectime/chronos_bolt/data/shared/epf_electricity_price/H/long/run_0 launch_id=selena_3458556 slurm_job_id=3458556 launched_at=2026-09-17T10:23:21.826030+00:00
[2026-09-17 10:23:21 UTC] prepare epf_electricity_price/H/long
TIME run allocation action=new run=/fslarge/scratch/users/h61084/codes/selectime/outputs/selectime/chronos_bolt/data/shared/OpenElectricity_NEM/5T/short/run_0 launch_id=selena_3458556 slurm_job_id=3458556 launched_at=2026-09-17T10:23:21.883878+00:00
[2026-09-17 10:23:21 UTC] prepare OpenElectricity_NEM/5T/short
TIME run allocation action=new run=/fslarge/scratch/users/h61084/codes/selectime/outputs/selectime/chronos_bolt/data/shared/OpenElectricity_NEM/5T/medium/run_0 launch_id=selena_3458556 slurm_job_id=3458556 launched_at=2026-09-17T10:23:21.942649+00:00
[2026-09-17 10:23:21 UTC] prepare OpenElectricity_NEM/5T/medium
TIME run allocation action=new run=/fslarge/scratch/users/h61084/codes/selectime/outputs/selectime/chronos_bolt/data/shared/OpenElectricity_NEM/5T/long/run_0 launch_id=selena_3458556 slurm_job_id=3458556 launched_at=2026-09-17T10:23:21.994190+00:00
[2026-09-17 10:23:21 UTC] prepare OpenElectricity_NEM/5T/long
TIME run allocation action=new run=/fslarge/scratch/users/h61084/codes/selectime/outputs/selectime/chronos_bolt/data/shared/EWELD_Load/15T/short/run_0 launch_id=selena_3458556 slurm_job_id=3458556 launched_at=2026-09-17T10:23:22.043781+00:00
[2026-09-17 10:23:22 UTC] prepare EWELD_Load/15T/short
TIME run allocation action=new run=/fslarge/scratch/users/h61084/codes/selectime/outputs/selectime/chronos_bolt/data/shared/EWELD_Load/15T/medium/run_0 launch_id=selena_3458556 slurm_job_id=3458556 launched_at=2026-09-17T10:23:22.081291+00:00
[2026-09-17 10:23:22 UTC] prepare EWELD_Load/15T/medium
TIME run allocation action=new run=/fslarge/scratch/users/h61084/codes/selectime/outputs/selectime/chronos_bolt/data/shared/EWELD_Load/15T/long/run_0 launch_id=selena_3458556 slurm_job_id=3458556 launched_at=2026-09-17T10:23:22.113611+00:00
[2026-09-17 10:23:22 UTC] prepare EWELD_Load/15T/long
TIME run allocation action=new run=/fslarge/scratch/users/h61084/codes/selectime/outputs/selectime/chronos_bolt/data/shared/SG_Carpark/15T/short/run_0 launch_id=selena_3458556 slurm_job_id=3458556 launched_at=2026-09-17T10:23:22.144700+00:00
[2026-09-17 10:23:22 UTC] prepare SG_Carpark/15T/short
TIME run allocation action=new run=/fslarge/scratch/users/h61084/codes/selectime/outputs/selectime/chronos_bolt/data/shared/SG_Carpark/15T/medium/run_0 launch_id=selena_3458556 slurm_job_id=3458556 launched_at=2026-09-17T10:23:22.690802+00:00
[2026-09-17 10:23:22 UTC] prepare SG_Carpark/15T/medium
TIME run allocation action=new run=/fslarge/scratch/users/h61084/codes/selectime/outputs/selectime/chronos_bolt/data/shared/SG_Carpark/15T/long/run_0 launch_id=selena_3458556 slurm_job_id=3458556 launched_at=2026-09-17T10:23:23.077584+00:00
[2026-09-17 10:23:23 UTC] prepare SG_Carpark/15T/long
TIME run allocation action=new run=/fslarge/scratch/users/h61084/codes/selectime/outputs/selectime/chronos_bolt/data/shared/Finland_Traffic/15T/short/run_0 launch_id=selena_3458556 slurm_job_id=3458556 launched_at=2026-09-17T10:23:23.435437+00:00
[2026-09-17 10:23:23 UTC] prepare Finland_Traffic/15T/short
TIME run allocation action=new run=/fslarge/scratch/users/h61084/codes/selectime/outputs/selectime/chronos_bolt/data/shared/Finland_Traffic/15T/medium/run_0 launch_id=selena_3458556 slurm_job_id=3458556 launched_at=2026-09-17T10:23:23.457840+00:00
[2026-09-17 10:23:23 UTC] prepare Finland_Traffic/15T/medium
TIME run allocation action=new run=/fslarge/scratch/users/h61084/codes/selectime/outputs/selectime/chronos_bolt/data/shared/Finland_Traffic/15T/long/run_0 launch_id=selena_3458556 slurm_job_id=3458556 launched_at=2026-09-17T10:23:23.477564+00:00
[2026-09-17 10:23:23 UTC] prepare Finland_Traffic/15T/long
TIME run allocation action=new run=/fslarge/scratch/users/h61084/codes/selectime/outputs/selectime/chronos_bolt/data/shared/Port_Activity/D/short/run_0 launch_id=selena_3458556 slurm_job_id=3458556 launched_at=2026-09-17T10:23:23.497268+00:00
[2026-09-17 10:23:23 UTC] prepare Port_Activity/D/short
TIME run allocation action=new run=/fslarge/scratch/users/h61084/codes/selectime/outputs/selectime/chronos_bolt/data/shared/Port_Activity/W/short/run_0 launch_id=selena_3458556 slurm_job_id=3458556 launched_at=2026-09-17T10:23:23.754780+00:00
[2026-09-17 10:23:23 UTC] prepare Port_Activity/W/short
TIME run allocation action=new run=/fslarge/scratch/users/h61084/codes/selectime/outputs/selectime/chronos_bolt/data/shared/ECDC_COVID/D/short/run_0 launch_id=selena_3458556 slurm_job_id=3458556 launched_at=2026-09-17T10:23:23.809676+00:00
[2026-09-17 10:23:23 UTC] prepare ECDC_COVID/D/short
TIME run allocation action=new run=/fslarge/scratch/users/h61084/codes/selectime/outputs/selectime/chronos_bolt/data/shared/ECDC_COVID/W/short/run_0 launch_id=selena_3458556 slurm_job_id=3458556 launched_at=2026-09-17T10:23:23.834726+00:00
[2026-09-17 10:23:23 UTC] prepare ECDC_COVID/W/short
TIME run allocation action=new run=/fslarge/scratch/users/h61084/codes/selectime/outputs/selectime/chronos_bolt/data/shared/Global_Influenza/W/short/run_0 launch_id=selena_3458556 slurm_job_id=3458556 launched_at=2026-09-17T10:23:23.854276+00:00
[2026-09-17 10:23:23 UTC] prepare Global_Influenza/W/short
TIME run allocation action=new run=/fslarge/scratch/users/h61084/codes/selectime/outputs/selectime/chronos_bolt/data/shared/Crypto/D/short/run_0 launch_id=selena_3458556 slurm_job_id=3458556 launched_at=2026-09-17T10:23:23.878313+00:00
[2026-09-17 10:23:23 UTC] prepare Crypto/D/short
TIME run allocation action=new run=/fslarge/scratch/users/h61084/codes/selectime/outputs/selectime/chronos_bolt/data/shared/US_Term_Structure/B/short/run_0 launch_id=selena_3458556 slurm_job_id=3458556 launched_at=2026-09-17T10:23:23.903068+00:00
[2026-09-17 10:23:23 UTC] prepare US_Term_Structure/B/short
TIME run allocation action=new run=/fslarge/scratch/users/h61084/codes/selectime/outputs/selectime/chronos_bolt/data/shared/Oil_Price/B/short/run_0 launch_id=selena_3458556 slurm_job_id=3458556 launched_at=2026-09-17T10:23:24.159522+00:00
[2026-09-17 10:23:24 UTC] prepare Oil_Price/B/short
TIME run allocation action=new run=/fslarge/scratch/users/h61084/codes/selectime/outputs/selectime/chronos_bolt/data/shared/Job_Claims/W/short/run_0 launch_id=selena_3458556 slurm_job_id=3458556 launched_at=2026-09-17T10:23:24.211292+00:00
[2026-09-17 10:23:24 UTC] prepare Job_Claims/W/short
TIME run allocation action=new run=/fslarge/scratch/users/h61084/codes/selectime/outputs/selectime/chronos_bolt/data/shared/Uncertainty_1M/M/short/run_0 launch_id=selena_3458556 slurm_job_id=3458556 launched_at=2026-09-17T10:23:24.229677+00:00
[2026-09-17 10:23:24 UTC] prepare Uncertainty_1M/M/short
TIME run allocation action=new run=/fslarge/scratch/users/h61084/codes/selectime/outputs/selectime/chronos_bolt/data/shared/Housing_Inventory/M/short/run_0 launch_id=selena_3458556 slurm_job_id=3458556 launched_at=2026-09-17T10:23:24.248457+00:00
[2026-09-17 10:23:24 UTC] prepare Housing_Inventory/M/short
TIME run allocation action=new run=/fslarge/scratch/users/h61084/codes/selectime/outputs/selectime/chronos_bolt/data/shared/JOLTS/M/short/run_0 launch_id=selena_3458556 slurm_job_id=3458556 launched_at=2026-09-17T10:23:24.267104+00:00
[2026-09-17 10:23:24 UTC] prepare JOLTS/M/short
TIME run allocation action=new run=/fslarge/scratch/users/h61084/codes/selectime/outputs/selectime/chronos_bolt/data/shared/US_Labor/M/short/run_0 launch_id=selena_3458556 slurm_job_id=3458556 launched_at=2026-09-17T10:23:24.285334+00:00
[2026-09-17 10:23:24 UTC] prepare US_Labor/M/short
TIME run allocation action=new run=/fslarge/scratch/users/h61084/codes/selectime/outputs/selectime/chronos_bolt/data/shared/Vehicle_Supply/M/short/run_0 launch_id=selena_3458556 slurm_job_id=3458556 launched_at=2026-09-17T10:23:24.304066+00:00
[2026-09-17 10:23:24 UTC] prepare Vehicle_Supply/M/short
TIME run allocation action=new run=/fslarge/scratch/users/h61084/codes/selectime/outputs/selectime/chronos_bolt/data/shared/Auto_Production_SF/M/short/run_0 launch_id=selena_3458556 slurm_job_id=3458556 launched_at=2026-09-17T10:23:24.321850+00:00
[2026-09-17 10:23:24 UTC] prepare Auto_Production_SF/M/short
TIME run allocation action=new run=/fslarge/scratch/users/h61084/codes/selectime/outputs/selectime/chronos_bolt/data/shared/Commodity_Production/M/short/run_0 launch_id=selena_3458556 slurm_job_id=3458556 launched_at=2026-09-17T10:23:24.340326+00:00
[2026-09-17 10:23:24 UTC] prepare Commodity_Production/M/short
TIME run allocation action=new run=/fslarge/scratch/users/h61084/codes/selectime/outputs/selectime/chronos_bolt/data/shared/Commodity_Import/M/short/run_0 launch_id=selena_3458556 slurm_job_id=3458556 launched_at=2026-09-17T10:23:24.365676+00:00
[2026-09-17 10:23:24 UTC] prepare Commodity_Import/M/short
TIME run allocation action=new run=/fslarge/scratch/users/h61084/codes/selectime/outputs/selectime/chronos_bolt/data/shared/WUI_Global/Q/short/run_0 launch_id=selena_3458556 slurm_job_id=3458556 launched_at=2026-09-17T10:23:24.386854+00:00
[2026-09-17 10:23:24 UTC] prepare WUI_Global/Q/short
TIME run allocation action=new run=/fslarge/scratch/users/h61084/codes/selectime/outputs/selectime/chronos_bolt/data/shared/Global_Price/Q/short/run_0 launch_id=selena_3458556 slurm_job_id=3458556 launched_at=2026-09-17T10:23:24.405902+00:00
[2026-09-17 10:23:24 UTC] prepare Global_Price/Q/short
TIME run allocation action=new run=/fslarge/scratch/users/h61084/codes/selectime/outputs/selectime/chronos_bolt/data/shared/Vehicle_Sales/M/short/run_0 launch_id=selena_3458556 slurm_job_id=3458556 launched_at=2026-09-17T10:23:24.426253+00:00
[2026-09-17 10:23:24 UTC] prepare Vehicle_Sales/M/short
TIME run allocation action=new run=/fslarge/scratch/users/h61084/codes/selectime/outputs/selectime/chronos_bolt/data/shared/Online_Retail_2_UCI/D/short/run_0 launch_id=selena_3458556 slurm_job_id=3458556 launched_at=2026-09-17T10:23:24.445769+00:00
[2026-09-17 10:23:24 UTC] prepare Online_Retail_2_UCI/D/short
TIME run allocation action=new run=/fslarge/scratch/users/h61084/codes/selectime/outputs/selectime/chronos_bolt/data/shared/Supply_Chain_Customer/D/short/run_0 launch_id=selena_3458556 slurm_job_id=3458556 launched_at=2026-09-17T10:23:24.464054+00:00
[2026-09-17 10:23:24 UTC] prepare Supply_Chain_Customer/D/short
TIME run allocation action=new run=/fslarge/scratch/users/h61084/codes/selectime/outputs/selectime/chronos_bolt/data/shared/Supply_Chain_Location/D/short/run_0 launch_id=selena_3458556 slurm_job_id=3458556 launched_at=2026-09-17T10:23:24.518685+00:00
[2026-09-17 10:23:24 UTC] prepare Supply_Chain_Location/D/short
TIME run allocation action=new run=/fslarge/scratch/users/h61084/codes/selectime/outputs/selectime/chronos_bolt/data/shared/azure2019_U/5T/short/run_0 launch_id=selena_3458556 slurm_job_id=3458556 launched_at=2026-09-17T10:23:24.588840+00:00
[2026-09-17 10:23:24 UTC] prepare azure2019_U/5T/short
TIME run allocation action=new run=/fslarge/scratch/users/h61084/codes/selectime/outputs/selectime/chronos_bolt/data/shared/Smart_Manufacturing/H/short/run_0 launch_id=selena_3458556 slurm_job_id=3458556 launched_at=2026-09-17T10:23:24.688816+00:00
[2026-09-17 10:23:24 UTC] prepare Smart_Manufacturing/H/short
TIME run allocation action=new run=/fslarge/scratch/users/h61084/codes/selectime/outputs/selectime/chronos_bolt/data/shared/Smart_Manufacturing/H/medium/run_0 launch_id=selena_3458556 slurm_job_id=3458556 launched_at=2026-09-17T10:23:24.745936+00:00
[2026-09-17 10:23:24 UTC] prepare Smart_Manufacturing/H/medium
TIME run allocation action=new run=/fslarge/scratch/users/h61084/codes/selectime/outputs/selectime/chronos_bolt/data/shared/Smart_Manufacturing/H/long/run_0 launch_id=selena_3458556 slurm_job_id=3458556 launched_at=2026-09-17T10:23:24.791021+00:00
[2026-09-17 10:23:24 UTC] prepare Smart_Manufacturing/H/long
TIME run allocation action=new run=/fslarge/scratch/users/h61084/codes/selectime/outputs/selectime/chronos_bolt/data/shared/MetroPT-3/5T/short/run_0 launch_id=selena_3458556 slurm_job_id=3458556 launched_at=2026-09-17T10:23:24.833915+00:00
[2026-09-17 10:23:24 UTC] prepare MetroPT-3/5T/short
TIME run allocation action=new run=/fslarge/scratch/users/h61084/codes/selectime/outputs/selectime/chronos_bolt/data/shared/MetroPT-3/5T/medium/run_0 launch_id=selena_3458556 slurm_job_id=3458556 launched_at=2026-09-17T10:23:24.862186+00:00
[2026-09-17 10:23:24 UTC] prepare MetroPT-3/5T/medium
TIME run allocation action=new run=/fslarge/scratch/users/h61084/codes/selectime/outputs/selectime/chronos_bolt/data/shared/MetroPT-3/5T/long/run_0 launch_id=selena_3458556 slurm_job_id=3458556 launched_at=2026-09-17T10:23:24.887591+00:00
[2026-09-17 10:23:24 UTC] prepare MetroPT-3/5T/long
[2026-09-17 10:23:26 UTC] Slurm=3458556 launch=selena_3458556 stage=extract_validation prediction_group=all
[2026-09-17 10:23:27 UTC] dataset_config=/fssmall/home/h61084/codes/selectime/src/timebench/config/datasets.yaml applied_keys=datasets,selectime_tasks tasks=90
[2026-09-17 10:23:27 UTC] stage=extract_validation tasks=90 seed=0 Slurm=3458556
TIME run allocation action=new run=/fslarge/scratch/users/h61084/codes/selectime/outputs/selectime/chronos_bolt/retrieval/validation/Water_Quality_Darwin/15T/short/run_0 launch_id=selena_3458556 slurm_job_id=3458556 launched_at=2026-09-17T10:23:27.675564+00:00
[2026-09-17 10:23:27 UTC] extract_validation Water_Quality_Darwin/15T/short
[2026-09-17 12:23:28,018][datasets][INFO] - PyTorch version 2.9.1 available.
TIME run allocation action=new run=/fslarge/scratch/users/h61084/codes/selectime/outputs/selectime/chronos_bolt/retrieval/validation/Water_Quality_Darwin/15T/medium/run_0 launch_id=selena_3458556 slurm_job_id=3458556 launched_at=2026-09-17T10:23:55.241798+00:00
[2026-09-17 10:23:55 UTC] extract_validation Water_Quality_Darwin/15T/medium
TIME run allocation action=new run=/fslarge/scratch/users/h61084/codes/selectime/outputs/selectime/chronos_bolt/retrieval/validation/Water_Quality_Darwin/15T/long/run_0 launch_id=selena_3458556 slurm_job_id=3458556 launched_at=2026-09-17T10:24:11.306880+00:00
[2026-09-17 10:24:11 UTC] extract_validation Water_Quality_Darwin/15T/long
TIME run allocation action=new run=/fslarge/scratch/users/h61084/codes/selectime/outputs/selectime/chronos_bolt/retrieval/validation/current_velocity/5T/short/run_0 launch_id=selena_3458556 slurm_job_id=3458556 launched_at=2026-09-17T10:24:16.558074+00:00
[2026-09-17 10:24:16 UTC] extract_validation current_velocity/5T/short
TIME run allocation action=new run=/fslarge/scratch/users/h61084/codes/selectime/outputs/selectime/chronos_bolt/retrieval/validation/current_velocity/5T/medium/run_0 launch_id=selena_3458556 slurm_job_id=3458556 launched_at=2026-09-17T10:24:18.744821+00:00
[2026-09-17 10:24:18 UTC] extract_validation current_velocity/5T/medium
TIME run allocation action=new run=/fslarge/scratch/users/h61084/codes/selectime/outputs/selectime/chronos_bolt/retrieval/validation/current_velocity/5T/long/run_0 launch_id=selena_3458556 slurm_job_id=3458556 launched_at=2026-09-17T10:24:19.238998+00:00
[2026-09-17 10:24:19 UTC] extract_validation current_velocity/5T/long
TIME run allocation action=new run=/fslarge/scratch/users/h61084/codes/selectime/outputs/selectime/chronos_bolt/retrieval/validation/current_velocity/10T/short/run_0 launch_id=selena_3458556 slurm_job_id=3458556 launched_at=2026-09-17T10:24:19.435582+00:00
[2026-09-17 10:24:19 UTC] extract_validation current_velocity/10T/short
TIME run allocation action=new run=/fslarge/scratch/users/h61084/codes/selectime/outputs/selectime/chronos_bolt/retrieval/validation/current_velocity/10T/medium/run_0 launch_id=selena_3458556 slurm_job_id=3458556 launched_at=2026-09-17T10:26:45.651808+00:00
[2026-09-17 10:26:45 UTC] extract_validation current_velocity/10T/medium
TIME run allocation action=new run=/fslarge/scratch/users/h61084/codes/selectime/outputs/selectime/chronos_bolt/retrieval/validation/current_velocity/10T/long/run_0 launch_id=selena_3458556 slurm_job_id=3458556 launched_at=2026-09-17T10:27:44.963901+00:00
[2026-09-17 10:27:44 UTC] extract_validation current_velocity/10T/long
TIME run allocation action=new run=/fslarge/scratch/users/h61084/codes/selectime/outputs/selectime/chronos_bolt/retrieval/validation/current_velocity/15T/short/run_0 launch_id=selena_3458556 slurm_job_id=3458556 launched_at=2026-09-17T10:28:00.794182+00:00
[2026-09-17 10:28:00 UTC] extract_validation current_velocity/15T/short
TIME run allocation action=new run=/fslarge/scratch/users/h61084/codes/selectime/outputs/selectime/chronos_bolt/retrieval/validation/current_velocity/15T/medium/run_0 launch_id=selena_3458556 slurm_job_id=3458556 launched_at=2026-09-17T10:28:01.504109+00:00
[2026-09-17 10:28:01 UTC] extract_validation current_velocity/15T/medium
TIME run allocation action=new run=/fslarge/scratch/users/h61084/codes/selectime/outputs/selectime/chronos_bolt/retrieval/validation/current_velocity/15T/long/run_0 launch_id=selena_3458556 slurm_job_id=3458556 launched_at=2026-09-17T10:28:04.191456+00:00
[2026-09-17 10:28:04 UTC] extract_validation current_velocity/15T/long
TIME run allocation action=new run=/fslarge/scratch/users/h61084/codes/selectime/outputs/selectime/chronos_bolt/retrieval/validation/current_velocity/H/short/run_0 launch_id=selena_3458556 slurm_job_id=3458556 launched_at=2026-09-17T10:28:05.331156+00:00
[2026-09-17 10:28:05 UTC] extract_validation current_velocity/H/short
TIME run allocation action=new run=/fslarge/scratch/users/h61084/codes/selectime/outputs/selectime/chronos_bolt/retrieval/validation/current_velocity/H/medium/run_0 launch_id=selena_3458556 slurm_job_id=3458556 launched_at=2026-09-17T10:28:07.913251+00:00
[2026-09-17 10:28:07 UTC] extract_validation current_velocity/H/medium
TIME run allocation action=new run=/fslarge/scratch/users/h61084/codes/selectime/outputs/selectime/chronos_bolt/retrieval/validation/current_velocity/H/long/run_0 launch_id=selena_3458556 slurm_job_id=3458556 launched_at=2026-09-17T10:28:14.392364+00:00
[2026-09-17 10:28:14 UTC] extract_validation current_velocity/H/long
TIME run allocation action=new run=/fslarge/scratch/users/h61084/codes/selectime/outputs/selectime/chronos_bolt/retrieval/validation/CPHL/15T/short/run_0 launch_id=selena_3458556 slurm_job_id=3458556 launched_at=2026-09-17T10:28:18.662704+00:00
[2026-09-17 10:28:18 UTC] extract_validation CPHL/15T/short
TIME run allocation action=new run=/fslarge/scratch/users/h61084/codes/selectime/outputs/selectime/chronos_bolt/retrieval/validation/CPHL/15T/medium/run_0 launch_id=selena_3458556 slurm_job_id=3458556 launched_at=2026-09-17T10:28:18.714396+00:00
[2026-09-17 10:28:18 UTC] extract_validation CPHL/15T/medium
TIME run allocation action=new run=/fslarge/scratch/users/h61084/codes/selectime/outputs/selectime/chronos_bolt/retrieval/validation/CPHL/15T/long/run_0 launch_id=selena_3458556 slurm_job_id=3458556 launched_at=2026-09-17T10:28:18.844467+00:00
[2026-09-17 10:28:18 UTC] extract_validation CPHL/15T/long
TIME run allocation action=new run=/fslarge/scratch/users/h61084/codes/selectime/outputs/selectime/chronos_bolt/retrieval/validation/CPHL/30T/short/run_0 launch_id=selena_3458556 slurm_job_id=3458556 launched_at=2026-09-17T10:28:18.922272+00:00
[2026-09-17 10:28:18 UTC] extract_validation CPHL/30T/short
TIME run allocation action=new run=/fslarge/scratch/users/h61084/codes/selectime/outputs/selectime/chronos_bolt/retrieval/validation/CPHL/30T/medium/run_0 launch_id=selena_3458556 slurm_job_id=3458556 launched_at=2026-09-17T10:28:18.990321+00:00
[2026-09-17 10:28:18 UTC] extract_validation CPHL/30T/medium
TIME run allocation action=new run=/fslarge/scratch/users/h61084/codes/selectime/outputs/selectime/chronos_bolt/retrieval/validation/CPHL/30T/long/run_0 launch_id=selena_3458556 slurm_job_id=3458556 launched_at=2026-09-17T10:28:19.297583+00:00
[2026-09-17 10:28:19 UTC] extract_validation CPHL/30T/long
TIME run allocation action=new run=/fslarge/scratch/users/h61084/codes/selectime/outputs/selectime/chronos_bolt/retrieval/validation/CPHL/H/short/run_0 launch_id=selena_3458556 slurm_job_id=3458556 launched_at=2026-09-17T10:28:19.480101+00:00
[2026-09-17 10:28:19 UTC] extract_validation CPHL/H/short
TIME run allocation action=new run=/fslarge/scratch/users/h61084/codes/selectime/outputs/selectime/chronos_bolt/retrieval/validation/CPHL/H/medium/run_0 launch_id=selena_3458556 slurm_job_id=3458556 launched_at=2026-09-17T10:28:19.594782+00:00
[2026-09-17 10:28:19 UTC] extract_validation CPHL/H/medium
TIME run allocation action=new run=/fslarge/scratch/users/h61084/codes/selectime/outputs/selectime/chronos_bolt/retrieval/validation/CPHL/H/long/run_0 launch_id=selena_3458556 slurm_job_id=3458556 launched_at=2026-09-17T10:28:19.721410+00:00
[2026-09-17 10:28:19 UTC] extract_validation CPHL/H/long
TIME run allocation action=new run=/fslarge/scratch/users/h61084/codes/selectime/outputs/selectime/chronos_bolt/retrieval/validation/Coastal_T_S/15T/short/run_0 launch_id=selena_3458556 slurm_job_id=3458556 launched_at=2026-09-17T10:28:19.839259+00:00
[2026-09-17 10:28:19 UTC] extract_validation Coastal_T_S/15T/short
TIME run allocation action=new run=/fslarge/scratch/users/h61084/codes/selectime/outputs/selectime/chronos_bolt/retrieval/validation/Coastal_T_S/15T/medium/run_0 launch_id=selena_3458556 slurm_job_id=3458556 launched_at=2026-09-17T10:28:27.244736+00:00
[2026-09-17 10:28:27 UTC] extract_validation Coastal_T_S/15T/medium
TIME run allocation action=new run=/fslarge/scratch/users/h61084/codes/selectime/outputs/selectime/chronos_bolt/retrieval/validation/Coastal_T_S/15T/long/run_0 launch_id=selena_3458556 slurm_job_id=3458556 launched_at=2026-09-17T10:28:30.125000+00:00
[2026-09-17 10:28:30 UTC] extract_validation Coastal_T_S/15T/long
TIME run allocation action=new run=/fslarge/scratch/users/h61084/codes/selectime/outputs/selectime/chronos_bolt/retrieval/validation/Coastal_T_S/20T/short/run_0 launch_id=selena_3458556 slurm_job_id=3458556 launched_at=2026-09-17T10:28:31.115779+00:00
[2026-09-17 10:28:31 UTC] extract_validation Coastal_T_S/20T/short
TIME run allocation action=new run=/fslarge/scratch/users/h61084/codes/selectime/outputs/selectime/chronos_bolt/retrieval/validation/Coastal_T_S/20T/medium/run_0 launch_id=selena_3458556 slurm_job_id=3458556 launched_at=2026-09-17T10:28:31.161540+00:00
[2026-09-17 10:28:31 UTC] extract_validation Coastal_T_S/20T/medium
TIME run allocation action=new run=/fslarge/scratch/users/h61084/codes/selectime/outputs/selectime/chronos_bolt/retrieval/validation/Coastal_T_S/20T/long/run_0 launch_id=selena_3458556 slurm_job_id=3458556 launched_at=2026-09-17T10:28:31.264553+00:00
[2026-09-17 10:28:31 UTC] extract_validation Coastal_T_S/20T/long
TIME run allocation action=new run=/fslarge/scratch/users/h61084/codes/selectime/outputs/selectime/chronos_bolt/retrieval/validation/Coastal_T_S/H/short/run_0 launch_id=selena_3458556 slurm_job_id=3458556 launched_at=2026-09-17T10:28:31.339199+00:00
[2026-09-17 10:28:31 UTC] extract_validation Coastal_T_S/H/short
TIME run allocation action=new run=/fslarge/scratch/users/h61084/codes/selectime/outputs/selectime/chronos_bolt/retrieval/validation/Coastal_T_S/H/medium/run_0 launch_id=selena_3458556 slurm_job_id=3458556 launched_at=2026-09-17T10:28:39.499838+00:00
[2026-09-17 10:28:39 UTC] extract_validation Coastal_T_S/H/medium
TIME run allocation action=new run=/fslarge/scratch/users/h61084/codes/selectime/outputs/selectime/chronos_bolt/retrieval/validation/Coastal_T_S/H/long/run_0 launch_id=selena_3458556 slurm_job_id=3458556 launched_at=2026-09-17T10:28:44.504683+00:00
[2026-09-17 10:28:44 UTC] extract_validation Coastal_T_S/H/long
TIME run allocation action=new run=/fslarge/scratch/users/h61084/codes/selectime/outputs/selectime/chronos_bolt/retrieval/validation/SG_Weather/D/short/run_0 launch_id=selena_3458556 slurm_job_id=3458556 launched_at=2026-09-17T10:28:47.279309+00:00
[2026-09-17 10:28:47 UTC] extract_validation SG_Weather/D/short
TIME run allocation action=new run=/fslarge/scratch/users/h61084/codes/selectime/outputs/selectime/chronos_bolt/retrieval/validation/SG_Weather/D/medium/run_0 launch_id=selena_3458556 slurm_job_id=3458556 launched_at=2026-09-17T10:28:47.427121+00:00
[2026-09-17 10:28:47 UTC] extract_validation SG_Weather/D/medium
TIME run allocation action=new run=/fslarge/scratch/users/h61084/codes/selectime/outputs/selectime/chronos_bolt/retrieval/validation/SG_Weather/D/long/run_0 launch_id=selena_3458556 slurm_job_id=3458556 launched_at=2026-09-17T10:28:49.047889+00:00
[2026-09-17 10:28:49 UTC] extract_validation SG_Weather/D/long
TIME run allocation action=new run=/fslarge/scratch/users/h61084/codes/selectime/outputs/selectime/chronos_bolt/retrieval/validation/SG_PM25/H/short/run_0 launch_id=selena_3458556 slurm_job_id=3458556 launched_at=2026-09-17T10:28:50.382765+00:00
[2026-09-17 10:28:50 UTC] extract_validation SG_PM25/H/short
TIME run allocation action=new run=/fslarge/scratch/users/h61084/codes/selectime/outputs/selectime/chronos_bolt/retrieval/validation/SG_PM25/H/medium/run_0 launch_id=selena_3458556 slurm_job_id=3458556 launched_at=2026-09-17T10:28:53.638338+00:00
[2026-09-17 10:28:53 UTC] extract_validation SG_PM25/H/medium
TIME run allocation action=new run=/fslarge/scratch/users/h61084/codes/selectime/outputs/selectime/chronos_bolt/retrieval/validation/SG_PM25/H/long/run_0 launch_id=selena_3458556 slurm_job_id=3458556 launched_at=2026-09-17T10:28:55.973558+00:00
[2026-09-17 10:28:55 UTC] extract_validation SG_PM25/H/long
TIME run allocation action=new run=/fslarge/scratch/users/h61084/codes/selectime/outputs/selectime/chronos_bolt/retrieval/validation/NE_China_Wind/H/short/run_0 launch_id=selena_3458556 slurm_job_id=3458556 launched_at=2026-09-17T10:28:57.144557+00:00
[2026-09-17 10:28:57 UTC] extract_validation NE_China_Wind/H/short
TIME run allocation action=new run=/fslarge/scratch/users/h61084/codes/selectime/outputs/selectime/chronos_bolt/retrieval/validation/NE_China_Wind/H/medium/run_0 launch_id=selena_3458556 slurm_job_id=3458556 launched_at=2026-09-17T10:28:57.404730+00:00
[2026-09-17 10:28:57 UTC] extract_validation NE_China_Wind/H/medium
TIME run allocation action=new run=/fslarge/scratch/users/h61084/codes/selectime/outputs/selectime/chronos_bolt/retrieval/validation/NE_China_Wind/H/long/run_0 launch_id=selena_3458556 slurm_job_id=3458556 launched_at=2026-09-17T10:28:57.556226+00:00
[2026-09-17 10:28:57 UTC] extract_validation NE_China_Wind/H/long
TIME run allocation action=new run=/fslarge/scratch/users/h61084/codes/selectime/outputs/selectime/chronos_bolt/retrieval/validation/Australia_Solar/H/short/run_0 launch_id=selena_3458556 slurm_job_id=3458556 launched_at=2026-09-17T10:28:57.657295+00:00
[2026-09-17 10:28:57 UTC] extract_validation Australia_Solar/H/short
TIME run allocation action=new run=/fslarge/scratch/users/h61084/codes/selectime/outputs/selectime/chronos_bolt/retrieval/validation/Australia_Solar/H/medium/run_0 launch_id=selena_3458556 slurm_job_id=3458556 launched_at=2026-09-17T10:28:58.916147+00:00
[2026-09-17 10:28:58 UTC] extract_validation Australia_Solar/H/medium
TIME run allocation action=new run=/fslarge/scratch/users/h61084/codes/selectime/outputs/selectime/chronos_bolt/retrieval/validation/Australia_Solar/H/long/run_0 launch_id=selena_3458556 slurm_job_id=3458556 launched_at=2026-09-17T10:29:00.057062+00:00
[2026-09-17 10:29:00 UTC] extract_validation Australia_Solar/H/long
TIME run allocation action=new run=/fslarge/scratch/users/h61084/codes/selectime/outputs/selectime/chronos_bolt/retrieval/validation/epf_electricity_price/H/short/run_0 launch_id=selena_3458556 slurm_job_id=3458556 launched_at=2026-09-17T10:29:00.715136+00:00
[2026-09-17 10:29:00 UTC] extract_validation epf_electricity_price/H/short
TIME run allocation action=new run=/fslarge/scratch/users/h61084/codes/selectime/outputs/selectime/chronos_bolt/retrieval/validation/epf_electricity_price/H/medium/run_0 launch_id=selena_3458556 slurm_job_id=3458556 launched_at=2026-09-17T10:29:05.461245+00:00
[2026-09-17 10:29:05 UTC] extract_validation epf_electricity_price/H/medium
TIME run allocation action=new run=/fslarge/scratch/users/h61084/codes/selectime/outputs/selectime/chronos_bolt/retrieval/validation/epf_electricity_price/H/long/run_0 launch_id=selena_3458556 slurm_job_id=3458556 launched_at=2026-09-17T10:29:07.250304+00:00
[2026-09-17 10:29:07 UTC] extract_validation epf_electricity_price/H/long
TIME run allocation action=new run=/fslarge/scratch/users/h61084/codes/selectime/outputs/selectime/chronos_bolt/retrieval/validation/OpenElectricity_NEM/5T/short/run_0 launch_id=selena_3458556 slurm_job_id=3458556 launched_at=2026-09-17T10:29:08.058767+00:00
[2026-09-17 10:29:08 UTC] extract_validation OpenElectricity_NEM/5T/short
TIME run allocation action=new run=/fslarge/scratch/users/h61084/codes/selectime/outputs/selectime/chronos_bolt/retrieval/validation/OpenElectricity_NEM/5T/medium/run_0 launch_id=selena_3458556 slurm_job_id=3458556 launched_at=2026-09-17T10:29:11.634851+00:00
[2026-09-17 10:29:11 UTC] extract_validation OpenElectricity_NEM/5T/medium
TIME run allocation action=new run=/fslarge/scratch/users/h61084/codes/selectime/outputs/selectime/chronos_bolt/retrieval/validation/OpenElectricity_NEM/5T/long/run_0 launch_id=selena_3458556 slurm_job_id=3458556 launched_at=2026-09-17T10:29:12.518258+00:00
[2026-09-17 10:29:12 UTC] extract_validation OpenElectricity_NEM/5T/long
TIME run allocation action=new run=/fslarge/scratch/users/h61084/codes/selectime/outputs/selectime/chronos_bolt/retrieval/validation/EWELD_Load/15T/short/run_0 launch_id=selena_3458556 slurm_job_id=3458556 launched_at=2026-09-17T10:29:12.826789+00:00
[2026-09-17 10:29:12 UTC] extract_validation EWELD_Load/15T/short
TIME run allocation action=new run=/fslarge/scratch/users/h61084/codes/selectime/outputs/selectime/chronos_bolt/retrieval/validation/EWELD_Load/15T/medium/run_0 launch_id=selena_3458556 slurm_job_id=3458556 launched_at=2026-09-17T10:29:13.475654+00:00
[2026-09-17 10:29:13 UTC] extract_validation EWELD_Load/15T/medium
TIME run allocation action=new run=/fslarge/scratch/users/h61084/codes/selectime/outputs/selectime/chronos_bolt/retrieval/validation/EWELD_Load/15T/long/run_0 launch_id=selena_3458556 slurm_job_id=3458556 launched_at=2026-09-17T10:29:13.658798+00:00
[2026-09-17 10:29:13 UTC] extract_validation EWELD_Load/15T/long
TIME run allocation action=new run=/fslarge/scratch/users/h61084/codes/selectime/outputs/selectime/chronos_bolt/retrieval/validation/SG_Carpark/15T/short/run_0 launch_id=selena_3458556 slurm_job_id=3458556 launched_at=2026-09-17T10:29:13.733671+00:00
[2026-09-17 10:29:13 UTC] extract_validation SG_Carpark/15T/short
TIME run allocation action=new run=/fslarge/scratch/users/h61084/codes/selectime/outputs/selectime/chronos_bolt/retrieval/validation/SG_Carpark/15T/medium/run_0 launch_id=selena_3458556 slurm_job_id=3458556 launched_at=2026-09-17T10:32:05.588264+00:00
[2026-09-17 10:32:05 UTC] extract_validation SG_Carpark/15T/medium
TIME run allocation action=new run=/fslarge/scratch/users/h61084/codes/selectime/outputs/selectime/chronos_bolt/retrieval/validation/SG_Carpark/15T/long/run_0 launch_id=selena_3458556 slurm_job_id=3458556 launched_at=2026-09-17T10:32:14.556905+00:00
[2026-09-17 10:32:14 UTC] extract_validation SG_Carpark/15T/long
TIME run allocation action=new run=/fslarge/scratch/users/h61084/codes/selectime/outputs/selectime/chronos_bolt/retrieval/validation/Finland_Traffic/15T/short/run_0 launch_id=selena_3458556 slurm_job_id=3458556 launched_at=2026-09-17T10:32:15.699170+00:00
[2026-09-17 10:32:15 UTC] extract_validation Finland_Traffic/15T/short
TIME run allocation action=new run=/fslarge/scratch/users/h61084/codes/selectime/outputs/selectime/chronos_bolt/retrieval/validation/Finland_Traffic/15T/medium/run_0 launch_id=selena_3458556 slurm_job_id=3458556 launched_at=2026-09-17T10:32:15.841951+00:00
[2026-09-17 10:32:15 UTC] extract_validation Finland_Traffic/15T/medium
TIME run allocation action=new run=/fslarge/scratch/users/h61084/codes/selectime/outputs/selectime/chronos_bolt/retrieval/validation/Finland_Traffic/15T/long/run_0 launch_id=selena_3458556 slurm_job_id=3458556 launched_at=2026-09-17T10:32:15.922654+00:00
[2026-09-17 10:32:15 UTC] extract_validation Finland_Traffic/15T/long
TIME run allocation action=new run=/fslarge/scratch/users/h61084/codes/selectime/outputs/selectime/chronos_bolt/retrieval/validation/Port_Activity/D/short/run_0 launch_id=selena_3458556 slurm_job_id=3458556 launched_at=2026-09-17T10:32:15.973847+00:00
[2026-09-17 10:32:15 UTC] extract_validation Port_Activity/D/short
TIME run allocation action=new run=/fslarge/scratch/users/h61084/codes/selectime/outputs/selectime/chronos_bolt/retrieval/validation/Port_Activity/W/short/run_0 launch_id=selena_3458556 slurm_job_id=3458556 launched_at=2026-09-17T10:32:39.925567+00:00
[2026-09-17 10:32:39 UTC] extract_validation Port_Activity/W/short
TIME run allocation action=new run=/fslarge/scratch/users/h61084/codes/selectime/outputs/selectime/chronos_bolt/retrieval/validation/ECDC_COVID/D/short/run_0 launch_id=selena_3458556 slurm_job_id=3458556 launched_at=2026-09-17T10:32:41.295519+00:00
[2026-09-17 10:32:41 UTC] extract_validation ECDC_COVID/D/short
TIME run allocation action=new run=/fslarge/scratch/users/h61084/codes/selectime/outputs/selectime/chronos_bolt/retrieval/validation/ECDC_COVID/W/short/run_0 launch_id=selena_3458556 slurm_job_id=3458556 launched_at=2026-09-17T10:32:41.387345+00:00
[2026-09-17 10:32:41 UTC] extract_validation ECDC_COVID/W/short
TIME run allocation action=new run=/fslarge/scratch/users/h61084/codes/selectime/outputs/selectime/chronos_bolt/retrieval/validation/Global_Influenza/W/short/run_0 launch_id=selena_3458556 slurm_job_id=3458556 launched_at=2026-09-17T10:32:41.434997+00:00
[2026-09-17 10:32:41 UTC] extract_validation Global_Influenza/W/short
TIME run allocation action=new run=/fslarge/scratch/users/h61084/codes/selectime/outputs/selectime/chronos_bolt/retrieval/validation/Crypto/D/short/run_0 launch_id=selena_3458556 slurm_job_id=3458556 launched_at=2026-09-17T10:32:41.568196+00:00
[2026-09-17 10:32:41 UTC] extract_validation Crypto/D/short
TIME run allocation action=new run=/fslarge/scratch/users/h61084/codes/selectime/outputs/selectime/chronos_bolt/retrieval/validation/US_Term_Structure/B/short/run_0 launch_id=selena_3458556 slurm_job_id=3458556 launched_at=2026-09-17T10:32:41.666958+00:00
[2026-09-17 10:32:41 UTC] extract_validation US_Term_Structure/B/short
TIME run allocation action=new run=/fslarge/scratch/users/h61084/codes/selectime/outputs/selectime/chronos_bolt/retrieval/validation/Oil_Price/B/short/run_0 launch_id=selena_3458556 slurm_job_id=3458556 launched_at=2026-09-17T10:32:58.547914+00:00
[2026-09-17 10:32:58 UTC] extract_validation Oil_Price/B/short
TIME run allocation action=new run=/fslarge/scratch/users/h61084/codes/selectime/outputs/selectime/chronos_bolt/retrieval/validation/Job_Claims/W/short/run_0 launch_id=selena_3458556 slurm_job_id=3458556 launched_at=2026-09-17T10:32:59.404308+00:00
[2026-09-17 10:32:59 UTC] extract_validation Job_Claims/W/short
TIME run allocation action=new run=/fslarge/scratch/users/h61084/codes/selectime/outputs/selectime/chronos_bolt/retrieval/validation/Uncertainty_1M/M/short/run_0 launch_id=selena_3458556 slurm_job_id=3458556 launched_at=2026-09-17T10:32:59.443456+00:00
[2026-09-17 10:32:59 UTC] extract_validation Uncertainty_1M/M/short
TIME run allocation action=new run=/fslarge/scratch/users/h61084/codes/selectime/outputs/selectime/chronos_bolt/retrieval/validation/Housing_Inventory/M/short/run_0 launch_id=selena_3458556 slurm_job_id=3458556 launched_at=2026-09-17T10:32:59.486849+00:00
[2026-09-17 10:32:59 UTC] extract_validation Housing_Inventory/M/short
TIME run allocation action=new run=/fslarge/scratch/users/h61084/codes/selectime/outputs/selectime/chronos_bolt/retrieval/validation/JOLTS/M/short/run_0 launch_id=selena_3458556 slurm_job_id=3458556 launched_at=2026-09-17T10:32:59.523787+00:00
[2026-09-17 10:32:59 UTC] extract_validation JOLTS/M/short
TIME run allocation action=new run=/fslarge/scratch/users/h61084/codes/selectime/outputs/selectime/chronos_bolt/retrieval/validation/US_Labor/M/short/run_0 launch_id=selena_3458556 slurm_job_id=3458556 launched_at=2026-09-17T10:32:59.564481+00:00
[2026-09-17 10:32:59 UTC] extract_validation US_Labor/M/short
TIME run allocation action=new run=/fslarge/scratch/users/h61084/codes/selectime/outputs/selectime/chronos_bolt/retrieval/validation/Vehicle_Supply/M/short/run_0 launch_id=selena_3458556 slurm_job_id=3458556 launched_at=2026-09-17T10:32:59.615797+00:00
[2026-09-17 10:32:59 UTC] extract_validation Vehicle_Supply/M/short
TIME run allocation action=new run=/fslarge/scratch/users/h61084/codes/selectime/outputs/selectime/chronos_bolt/retrieval/validation/Auto_Production_SF/M/short/run_0 launch_id=selena_3458556 slurm_job_id=3458556 launched_at=2026-09-17T10:32:59.657792+00:00
[2026-09-17 10:32:59 UTC] extract_validation Auto_Production_SF/M/short
TIME run allocation action=new run=/fslarge/scratch/users/h61084/codes/selectime/outputs/selectime/chronos_bolt/retrieval/validation/Commodity_Production/M/short/run_0 launch_id=selena_3458556 slurm_job_id=3458556 launched_at=2026-09-17T10:32:59.693824+00:00
[2026-09-17 10:32:59 UTC] extract_validation Commodity_Production/M/short
TIME run allocation action=new run=/fslarge/scratch/users/h61084/codes/selectime/outputs/selectime/chronos_bolt/retrieval/validation/Commodity_Import/M/short/run_0 launch_id=selena_3458556 slurm_job_id=3458556 launched_at=2026-09-17T10:32:59.803520+00:00
[2026-09-17 10:32:59 UTC] extract_validation Commodity_Import/M/short
TIME run allocation action=new run=/fslarge/scratch/users/h61084/codes/selectime/outputs/selectime/chronos_bolt/retrieval/validation/WUI_Global/Q/short/run_0 launch_id=selena_3458556 slurm_job_id=3458556 launched_at=2026-09-17T10:32:59.870059+00:00
[2026-09-17 10:32:59 UTC] extract_validation WUI_Global/Q/short
TIME run allocation action=new run=/fslarge/scratch/users/h61084/codes/selectime/outputs/selectime/chronos_bolt/retrieval/validation/Global_Price/Q/short/run_0 launch_id=selena_3458556 slurm_job_id=3458556 launched_at=2026-09-17T10:32:59.934926+00:00
[2026-09-17 10:32:59 UTC] extract_validation Global_Price/Q/short
TIME run allocation action=new run=/fslarge/scratch/users/h61084/codes/selectime/outputs/selectime/chronos_bolt/retrieval/validation/Vehicle_Sales/M/short/run_0 launch_id=selena_3458556 slurm_job_id=3458556 launched_at=2026-09-17T10:33:00.075631+00:00
[2026-09-17 10:33:00 UTC] extract_validation Vehicle_Sales/M/short
TIME run allocation action=new run=/fslarge/scratch/users/h61084/codes/selectime/outputs/selectime/chronos_bolt/retrieval/validation/Online_Retail_2_UCI/D/short/run_0 launch_id=selena_3458556 slurm_job_id=3458556 launched_at=2026-09-17T10:33:00.128941+00:00
[2026-09-17 10:33:00 UTC] extract_validation Online_Retail_2_UCI/D/short
TIME run allocation action=new run=/fslarge/scratch/users/h61084/codes/selectime/outputs/selectime/chronos_bolt/retrieval/validation/Supply_Chain_Customer/D/short/run_0 launch_id=selena_3458556 slurm_job_id=3458556 launched_at=2026-09-17T10:33:00.168297+00:00
[2026-09-17 10:33:00 UTC] extract_validation Supply_Chain_Customer/D/short
TIME run allocation action=new run=/fslarge/scratch/users/h61084/codes/selectime/outputs/selectime/chronos_bolt/retrieval/validation/Supply_Chain_Location/D/short/run_0 launch_id=selena_3458556 slurm_job_id=3458556 launched_at=2026-09-17T10:33:01.117194+00:00
[2026-09-17 10:33:01 UTC] extract_validation Supply_Chain_Location/D/short
TIME run allocation action=new run=/fslarge/scratch/users/h61084/codes/selectime/outputs/selectime/chronos_bolt/retrieval/validation/azure2019_U/5T/short/run_0 launch_id=selena_3458556 slurm_job_id=3458556 launched_at=2026-09-17T10:33:02.835664+00:00
[2026-09-17 10:33:02 UTC] extract_validation azure2019_U/5T/short
TIME run allocation action=new run=/fslarge/scratch/users/h61084/codes/selectime/outputs/selectime/chronos_bolt/retrieval/validation/Smart_Manufacturing/H/short/run_0 launch_id=selena_3458556 slurm_job_id=3458556 launched_at=2026-09-17T10:33:03.003394+00:00
[2026-09-17 10:33:03 UTC] extract_validation Smart_Manufacturing/H/short
TIME run allocation action=new run=/fslarge/scratch/users/h61084/codes/selectime/outputs/selectime/chronos_bolt/retrieval/validation/Smart_Manufacturing/H/medium/run_0 launch_id=selena_3458556 slurm_job_id=3458556 launched_at=2026-09-17T10:33:03.168180+00:00
[2026-09-17 10:33:03 UTC] extract_validation Smart_Manufacturing/H/medium
TIME run allocation action=new run=/fslarge/scratch/users/h61084/codes/selectime/outputs/selectime/chronos_bolt/retrieval/validation/Smart_Manufacturing/H/long/run_0 launch_id=selena_3458556 slurm_job_id=3458556 launched_at=2026-09-17T10:33:03.440944+00:00
[2026-09-17 10:33:03 UTC] extract_validation Smart_Manufacturing/H/long
TIME run allocation action=new run=/fslarge/scratch/users/h61084/codes/selectime/outputs/selectime/chronos_bolt/retrieval/validation/MetroPT-3/5T/short/run_0 launch_id=selena_3458556 slurm_job_id=3458556 launched_at=2026-09-17T10:33:03.574952+00:00
[2026-09-17 10:33:03 UTC] extract_validation MetroPT-3/5T/short
TIME run allocation action=new run=/fslarge/scratch/users/h61084/codes/selectime/outputs/selectime/chronos_bolt/retrieval/validation/MetroPT-3/5T/medium/run_0 launch_id=selena_3458556 slurm_job_id=3458556 launched_at=2026-09-17T10:33:04.327160+00:00
[2026-09-17 10:33:04 UTC] extract_validation MetroPT-3/5T/medium
TIME run allocation action=new run=/fslarge/scratch/users/h61084/codes/selectime/outputs/selectime/chronos_bolt/retrieval/validation/MetroPT-3/5T/long/run_0 launch_id=selena_3458556 slurm_job_id=3458556 launched_at=2026-09-17T10:33:04.506346+00:00
[2026-09-17 10:33:04 UTC] extract_validation MetroPT-3/5T/long
[2026-09-17 10:33:07 UTC] Slurm=3458556 launch=selena_3458556 stage=predict_validation prediction_group=vanilla
[2026-09-17 10:33:09 UTC] dataset_config=/fssmall/home/h61084/codes/selectime/src/timebench/config/datasets.yaml applied_keys=datasets,selectime_tasks tasks=90
[2026-09-17 10:33:09 UTC] stage=predict_validation tasks=90 seed=0 Slurm=3458556
[2026-09-17 12:33:10,576][datasets][INFO] - PyTorch version 2.9.1 available.
TIME run allocation action=new run=/fslarge/scratch/users/h61084/codes/selectime/outputs/selectime/chronos_bolt/predictions/validation/vanilla_univariate/Water_Quality_Darwin/15T/short/run_0 launch_id=selena_3458556 slurm_job_id=3458556 launched_at=2026-09-17T10:33:11.280911+00:00
[2026-09-17 10:33:11 UTC] predict_validation method=vanilla_univariate Water_Quality_Darwin/15T/short
TIME run allocation action=new run=/fslarge/scratch/users/h61084/codes/selectime/outputs/selectime/chronos_bolt/predictions/validation/vanilla_univariate/Water_Quality_Darwin/15T/medium/run_0 launch_id=selena_3458556 slurm_job_id=3458556 launched_at=2026-09-17T10:33:29.908564+00:00
[2026-09-17 10:33:29 UTC] predict_validation method=vanilla_univariate Water_Quality_Darwin/15T/medium
TIME run allocation action=new run=/fslarge/scratch/users/h61084/codes/selectime/outputs/selectime/chronos_bolt/predictions/validation/vanilla_univariate/Water_Quality_Darwin/15T/long/run_0 launch_id=selena_3458556 slurm_job_id=3458556 launched_at=2026-09-17T10:33:35.859177+00:00
[2026-09-17 10:33:35 UTC] predict_validation method=vanilla_univariate Water_Quality_Darwin/15T/long
TIME run allocation action=new run=/fslarge/scratch/users/h61084/codes/selectime/outputs/selectime/chronos_bolt/predictions/validation/vanilla_univariate/current_velocity/5T/short/run_0 launch_id=selena_3458556 slurm_job_id=3458556 launched_at=2026-09-17T10:33:43.083940+00:00
[2026-09-17 10:33:43 UTC] predict_validation method=vanilla_univariate current_velocity/5T/short
TIME run allocation action=new run=/fslarge/scratch/users/h61084/codes/selectime/outputs/selectime/chronos_bolt/predictions/validation/vanilla_univariate/current_velocity/5T/medium/run_0 launch_id=selena_3458556 slurm_job_id=3458556 launched_at=2026-09-17T10:33:43.942238+00:00
[2026-09-17 10:33:43 UTC] predict_validation method=vanilla_univariate current_velocity/5T/medium
TIME run allocation action=new run=/fslarge/scratch/users/h61084/codes/selectime/outputs/selectime/chronos_bolt/predictions/validation/vanilla_univariate/current_velocity/5T/long/run_0 launch_id=selena_3458556 slurm_job_id=3458556 launched_at=2026-09-17T10:33:47.069204+00:00
[2026-09-17 10:33:47 UTC] predict_validation method=vanilla_univariate current_velocity/5T/long
TIME run allocation action=new run=/fslarge/scratch/users/h61084/codes/selectime/outputs/selectime/chronos_bolt/predictions/validation/vanilla_univariate/current_velocity/10T/short/run_0 launch_id=selena_3458556 slurm_job_id=3458556 launched_at=2026-09-17T10:33:50.598465+00:00
[2026-09-17 10:33:50 UTC] predict_validation method=vanilla_univariate current_velocity/10T/short
TIME run allocation action=new run=/fslarge/scratch/users/h61084/codes/selectime/outputs/selectime/chronos_bolt/predictions/validation/vanilla_univariate/current_velocity/10T/medium/run_0 launch_id=selena_3458556 slurm_job_id=3458556 launched_at=2026-09-17T10:33:57.321926+00:00
[2026-09-17 10:33:57 UTC] predict_validation method=vanilla_univariate current_velocity/10T/medium
TIME run allocation action=new run=/fslarge/scratch/users/h61084/codes/selectime/outputs/selectime/chronos_bolt/predictions/validation/vanilla_univariate/current_velocity/10T/long/run_0 launch_id=selena_3458556 slurm_job_id=3458556 launched_at=2026-09-17T10:34:13.555994+00:00
[2026-09-17 10:34:13 UTC] predict_validation method=vanilla_univariate current_velocity/10T/long
TIME run allocation action=new run=/fslarge/scratch/users/h61084/codes/selectime/outputs/selectime/chronos_bolt/predictions/validation/vanilla_univariate/current_velocity/15T/short/run_0 launch_id=selena_3458556 slurm_job_id=3458556 launched_at=2026-09-17T10:34:29.134314+00:00
[2026-09-17 10:34:29 UTC] predict_validation method=vanilla_univariate current_velocity/15T/short
TIME run allocation action=new run=/fslarge/scratch/users/h61084/codes/selectime/outputs/selectime/chronos_bolt/predictions/validation/vanilla_univariate/current_velocity/15T/medium/run_0 launch_id=selena_3458556 slurm_job_id=3458556 launched_at=2026-09-17T10:34:30.951263+00:00
[2026-09-17 10:34:30 UTC] predict_validation method=vanilla_univariate current_velocity/15T/medium
TIME run allocation action=new run=/fslarge/scratch/users/h61084/codes/selectime/outputs/selectime/chronos_bolt/predictions/validation/vanilla_univariate/current_velocity/15T/long/run_0 launch_id=selena_3458556 slurm_job_id=3458556 launched_at=2026-09-17T10:34:35.311559+00:00
[2026-09-17 10:34:35 UTC] predict_validation method=vanilla_univariate current_velocity/15T/long
TIME run allocation action=new run=/fslarge/scratch/users/h61084/codes/selectime/outputs/selectime/chronos_bolt/predictions/validation/vanilla_univariate/current_velocity/H/short/run_0 launch_id=selena_3458556 slurm_job_id=3458556 launched_at=2026-09-17T10:34:40.637429+00:00
[2026-09-17 10:34:40 UTC] predict_validation method=vanilla_univariate current_velocity/H/short
TIME run allocation action=new run=/fslarge/scratch/users/h61084/codes/selectime/outputs/selectime/chronos_bolt/predictions/validation/vanilla_univariate/current_velocity/H/medium/run_0 launch_id=selena_3458556 slurm_job_id=3458556 launched_at=2026-09-17T10:34:43.489474+00:00
[2026-09-17 10:34:43 UTC] predict_validation method=vanilla_univariate current_velocity/H/medium
TIME run allocation action=new run=/fslarge/scratch/users/h61084/codes/selectime/outputs/selectime/chronos_bolt/predictions/validation/vanilla_univariate/current_velocity/H/long/run_0 launch_id=selena_3458556 slurm_job_id=3458556 launched_at=2026-09-17T10:34:52.276011+00:00
[2026-09-17 10:34:52 UTC] predict_validation method=vanilla_univariate current_velocity/H/long
TIME run allocation action=new run=/fslarge/scratch/users/h61084/codes/selectime/outputs/selectime/chronos_bolt/predictions/validation/vanilla_univariate/CPHL/15T/short/run_0 launch_id=selena_3458556 slurm_job_id=3458556 launched_at=2026-09-17T10:35:02.989455+00:00
[2026-09-17 10:35:02 UTC] predict_validation method=vanilla_univariate CPHL/15T/short
TIME run allocation action=new run=/fslarge/scratch/users/h61084/codes/selectime/outputs/selectime/chronos_bolt/predictions/validation/vanilla_univariate/CPHL/15T/medium/run_0 launch_id=selena_3458556 slurm_job_id=3458556 launched_at=2026-09-17T10:35:03.186679+00:00
[2026-09-17 10:35:03 UTC] predict_validation method=vanilla_univariate CPHL/15T/medium
TIME run allocation action=new run=/fslarge/scratch/users/h61084/codes/selectime/outputs/selectime/chronos_bolt/predictions/validation/vanilla_univariate/CPHL/15T/long/run_0 launch_id=selena_3458556 slurm_job_id=3458556 launched_at=2026-09-17T10:35:03.489753+00:00
[2026-09-17 10:35:03 UTC] predict_validation method=vanilla_univariate CPHL/15T/long
TIME run allocation action=new run=/fslarge/scratch/users/h61084/codes/selectime/outputs/selectime/chronos_bolt/predictions/validation/vanilla_univariate/CPHL/30T/short/run_0 launch_id=selena_3458556 slurm_job_id=3458556 launched_at=2026-09-17T10:35:03.917071+00:00
[2026-09-17 10:35:03 UTC] predict_validation method=vanilla_univariate CPHL/30T/short
TIME run allocation action=new run=/fslarge/scratch/users/h61084/codes/selectime/outputs/selectime/chronos_bolt/predictions/validation/vanilla_univariate/CPHL/30T/medium/run_0 launch_id=selena_3458556 slurm_job_id=3458556 launched_at=2026-09-17T10:35:04.176639+00:00
[2026-09-17 10:35:04 UTC] predict_validation method=vanilla_univariate CPHL/30T/medium
TIME run allocation action=new run=/fslarge/scratch/users/h61084/codes/selectime/outputs/selectime/chronos_bolt/predictions/validation/vanilla_univariate/CPHL/30T/long/run_0 launch_id=selena_3458556 slurm_job_id=3458556 launched_at=2026-09-17T10:35:04.272061+00:00
[2026-09-17 10:35:04 UTC] predict_validation method=vanilla_univariate CPHL/30T/long
TIME run allocation action=new run=/fslarge/scratch/users/h61084/codes/selectime/outputs/selectime/chronos_bolt/predictions/validation/vanilla_univariate/CPHL/H/short/run_0 launch_id=selena_3458556 slurm_job_id=3458556 launched_at=2026-09-17T10:35:04.664784+00:00
[2026-09-17 10:35:04 UTC] predict_validation method=vanilla_univariate CPHL/H/short
TIME run allocation action=new run=/fslarge/scratch/users/h61084/codes/selectime/outputs/selectime/chronos_bolt/predictions/validation/vanilla_univariate/CPHL/H/medium/run_0 launch_id=selena_3458556 slurm_job_id=3458556 launched_at=2026-09-17T10:35:04.791460+00:00
[2026-09-17 10:35:04 UTC] predict_validation method=vanilla_univariate CPHL/H/medium
TIME run allocation action=new run=/fslarge/scratch/users/h61084/codes/selectime/outputs/selectime/chronos_bolt/predictions/validation/vanilla_univariate/CPHL/H/long/run_0 launch_id=selena_3458556 slurm_job_id=3458556 launched_at=2026-09-17T10:35:05.122063+00:00
[2026-09-17 10:35:05 UTC] predict_validation method=vanilla_univariate CPHL/H/long
TIME run allocation action=new run=/fslarge/scratch/users/h61084/codes/selectime/outputs/selectime/chronos_bolt/predictions/validation/vanilla_univariate/Coastal_T_S/15T/short/run_0 launch_id=selena_3458556 slurm_job_id=3458556 launched_at=2026-09-17T10:35:05.571967+00:00
[2026-09-17 10:35:05 UTC] predict_validation method=vanilla_univariate Coastal_T_S/15T/short
TIME run allocation action=new run=/fslarge/scratch/users/h61084/codes/selectime/outputs/selectime/chronos_bolt/predictions/validation/vanilla_univariate/Coastal_T_S/15T/medium/run_0 launch_id=selena_3458556 slurm_job_id=3458556 launched_at=2026-09-17T10:35:07.610800+00:00
[2026-09-17 10:35:07 UTC] predict_validation method=vanilla_univariate Coastal_T_S/15T/medium
TIME run allocation action=new run=/fslarge/scratch/users/h61084/codes/selectime/outputs/selectime/chronos_bolt/predictions/validation/vanilla_univariate/Coastal_T_S/15T/long/run_0 launch_id=selena_3458556 slurm_job_id=3458556 launched_at=2026-09-17T10:35:09.850716+00:00
[2026-09-17 10:35:09 UTC] predict_validation method=vanilla_univariate Coastal_T_S/15T/long
TIME run allocation action=new run=/fslarge/scratch/users/h61084/codes/selectime/outputs/selectime/chronos_bolt/predictions/validation/vanilla_univariate/Coastal_T_S/20T/short/run_0 launch_id=selena_3458556 slurm_job_id=3458556 launched_at=2026-09-17T10:35:12.515711+00:00
[2026-09-17 10:35:12 UTC] predict_validation method=vanilla_univariate Coastal_T_S/20T/short
TIME run allocation action=new run=/fslarge/scratch/users/h61084/codes/selectime/outputs/selectime/chronos_bolt/predictions/validation/vanilla_univariate/Coastal_T_S/20T/medium/run_0 launch_id=selena_3458556 slurm_job_id=3458556 launched_at=2026-09-17T10:35:12.739785+00:00
[2026-09-17 10:35:12 UTC] predict_validation method=vanilla_univariate Coastal_T_S/20T/medium
TIME run allocation action=new run=/fslarge/scratch/users/h61084/codes/selectime/outputs/selectime/chronos_bolt/predictions/validation/vanilla_univariate/Coastal_T_S/20T/long/run_0 launch_id=selena_3458556 slurm_job_id=3458556 launched_at=2026-09-17T10:35:13.190619+00:00
[2026-09-17 10:35:13 UTC] predict_validation method=vanilla_univariate Coastal_T_S/20T/long
TIME run allocation action=new run=/fslarge/scratch/users/h61084/codes/selectime/outputs/selectime/chronos_bolt/predictions/validation/vanilla_univariate/Coastal_T_S/H/short/run_0 launch_id=selena_3458556 slurm_job_id=3458556 launched_at=2026-09-17T10:35:13.711251+00:00
[2026-09-17 10:35:13 UTC] predict_validation method=vanilla_univariate Coastal_T_S/H/short
TIME run allocation action=new run=/fslarge/scratch/users/h61084/codes/selectime/outputs/selectime/chronos_bolt/predictions/validation/vanilla_univariate/Coastal_T_S/H/medium/run_0 launch_id=selena_3458556 slurm_job_id=3458556 launched_at=2026-09-17T10:35:15.934719+00:00
[2026-09-17 10:35:15 UTC] predict_validation method=vanilla_univariate Coastal_T_S/H/medium
TIME run allocation action=new run=/fslarge/scratch/users/h61084/codes/selectime/outputs/selectime/chronos_bolt/predictions/validation/vanilla_univariate/Coastal_T_S/H/long/run_0 launch_id=selena_3458556 slurm_job_id=3458556 launched_at=2026-09-17T10:35:21.160648+00:00
[2026-09-17 10:35:21 UTC] predict_validation method=vanilla_univariate Coastal_T_S/H/long
TIME run allocation action=new run=/fslarge/scratch/users/h61084/codes/selectime/outputs/selectime/chronos_bolt/predictions/validation/vanilla_univariate/SG_Weather/D/short/run_0 launch_id=selena_3458556 slurm_job_id=3458556 launched_at=2026-09-17T10:35:27.472102+00:00
[2026-09-17 10:35:27 UTC] predict_validation method=vanilla_univariate SG_Weather/D/short
TIME run allocation action=new run=/fslarge/scratch/users/h61084/codes/selectime/outputs/selectime/chronos_bolt/predictions/validation/vanilla_univariate/SG_Weather/D/medium/run_0 launch_id=selena_3458556 slurm_job_id=3458556 launched_at=2026-09-17T10:35:29.809808+00:00
[2026-09-17 10:35:29 UTC] predict_validation method=vanilla_univariate SG_Weather/D/medium
TIME run allocation action=new run=/fslarge/scratch/users/h61084/codes/selectime/outputs/selectime/chronos_bolt/predictions/validation/vanilla_univariate/SG_Weather/D/long/run_0 launch_id=selena_3458556 slurm_job_id=3458556 launched_at=2026-09-17T10:35:31.238317+00:00
[2026-09-17 10:35:31 UTC] predict_validation method=vanilla_univariate SG_Weather/D/long
TIME run allocation action=new run=/fslarge/scratch/users/h61084/codes/selectime/outputs/selectime/chronos_bolt/predictions/validation/vanilla_univariate/SG_PM25/H/short/run_0 launch_id=selena_3458556 slurm_job_id=3458556 launched_at=2026-09-17T10:35:32.014924+00:00
[2026-09-17 10:35:32 UTC] predict_validation method=vanilla_univariate SG_PM25/H/short
TIME run allocation action=new run=/fslarge/scratch/users/h61084/codes/selectime/outputs/selectime/chronos_bolt/predictions/validation/vanilla_univariate/SG_PM25/H/medium/run_0 launch_id=selena_3458556 slurm_job_id=3458556 launched_at=2026-09-17T10:35:32.581409+00:00
[2026-09-17 10:35:32 UTC] predict_validation method=vanilla_univariate SG_PM25/H/medium
TIME run allocation action=new run=/fslarge/scratch/users/h61084/codes/selectime/outputs/selectime/chronos_bolt/predictions/validation/vanilla_univariate/SG_PM25/H/long/run_0 launch_id=selena_3458556 slurm_job_id=3458556 launched_at=2026-09-17T10:35:34.042579+00:00
[2026-09-17 10:35:34 UTC] predict_validation method=vanilla_univariate SG_PM25/H/long
TIME run allocation action=new run=/fslarge/scratch/users/h61084/codes/selectime/outputs/selectime/chronos_bolt/predictions/validation/vanilla_univariate/NE_China_Wind/H/short/run_0 launch_id=selena_3458556 slurm_job_id=3458556 launched_at=2026-09-17T10:35:35.267424+00:00
[2026-09-17 10:35:35 UTC] predict_validation method=vanilla_univariate NE_China_Wind/H/short
TIME run allocation action=new run=/fslarge/scratch/users/h61084/codes/selectime/outputs/selectime/chronos_bolt/predictions/validation/vanilla_univariate/NE_China_Wind/H/medium/run_0 launch_id=selena_3458556 slurm_job_id=3458556 launched_at=2026-09-17T10:35:35.432308+00:00
[2026-09-17 10:35:35 UTC] predict_validation method=vanilla_univariate NE_China_Wind/H/medium
TIME run allocation action=new run=/fslarge/scratch/users/h61084/codes/selectime/outputs/selectime/chronos_bolt/predictions/validation/vanilla_univariate/NE_China_Wind/H/long/run_0 launch_id=selena_3458556 slurm_job_id=3458556 launched_at=2026-09-17T10:35:35.839716+00:00
[2026-09-17 10:35:35 UTC] predict_validation method=vanilla_univariate NE_China_Wind/H/long
TIME run allocation action=new run=/fslarge/scratch/users/h61084/codes/selectime/outputs/selectime/chronos_bolt/predictions/validation/vanilla_univariate/Australia_Solar/H/short/run_0 launch_id=selena_3458556 slurm_job_id=3458556 launched_at=2026-09-17T10:35:36.184948+00:00
[2026-09-17 10:35:36 UTC] predict_validation method=vanilla_univariate Australia_Solar/H/short
TIME run allocation action=new run=/fslarge/scratch/users/h61084/codes/selectime/outputs/selectime/chronos_bolt/predictions/validation/vanilla_univariate/Australia_Solar/H/medium/run_0 launch_id=selena_3458556 slurm_job_id=3458556 launched_at=2026-09-17T10:35:36.571183+00:00
[2026-09-17 10:35:36 UTC] predict_validation method=vanilla_univariate Australia_Solar/H/medium
TIME run allocation action=new run=/fslarge/scratch/users/h61084/codes/selectime/outputs/selectime/chronos_bolt/predictions/validation/vanilla_univariate/Australia_Solar/H/long/run_0 launch_id=selena_3458556 slurm_job_id=3458556 launched_at=2026-09-17T10:35:37.605029+00:00
[2026-09-17 10:35:37 UTC] predict_validation method=vanilla_univariate Australia_Solar/H/long
TIME run allocation action=new run=/fslarge/scratch/users/h61084/codes/selectime/outputs/selectime/chronos_bolt/predictions/validation/vanilla_univariate/epf_electricity_price/H/short/run_0 launch_id=selena_3458556 slurm_job_id=3458556 launched_at=2026-09-17T10:35:38.456110+00:00
[2026-09-17 10:35:38 UTC] predict_validation method=vanilla_univariate epf_electricity_price/H/short
TIME run allocation action=new run=/fslarge/scratch/users/h61084/codes/selectime/outputs/selectime/chronos_bolt/predictions/validation/vanilla_univariate/epf_electricity_price/H/medium/run_0 launch_id=selena_3458556 slurm_job_id=3458556 launched_at=2026-09-17T10:35:39.103012+00:00
[2026-09-17 10:35:39 UTC] predict_validation method=vanilla_univariate epf_electricity_price/H/medium
TIME run allocation action=new run=/fslarge/scratch/users/h61084/codes/selectime/outputs/selectime/chronos_bolt/predictions/validation/vanilla_univariate/epf_electricity_price/H/long/run_0 launch_id=selena_3458556 slurm_job_id=3458556 launched_at=2026-09-17T10:35:40.821701+00:00
[2026-09-17 10:35:40 UTC] predict_validation method=vanilla_univariate epf_electricity_price/H/long
TIME run allocation action=new run=/fslarge/scratch/users/h61084/codes/selectime/outputs/selectime/chronos_bolt/predictions/validation/vanilla_univariate/OpenElectricity_NEM/5T/short/run_0 launch_id=selena_3458556 slurm_job_id=3458556 launched_at=2026-09-17T10:35:42.288243+00:00
[2026-09-17 10:35:42 UTC] predict_validation method=vanilla_univariate OpenElectricity_NEM/5T/short
TIME run allocation action=new run=/fslarge/scratch/users/h61084/codes/selectime/outputs/selectime/chronos_bolt/predictions/validation/vanilla_univariate/OpenElectricity_NEM/5T/medium/run_0 launch_id=selena_3458556 slurm_job_id=3458556 launched_at=2026-09-17T10:35:44.202025+00:00
[2026-09-17 10:35:44 UTC] predict_validation method=vanilla_univariate OpenElectricity_NEM/5T/medium
TIME run allocation action=new run=/fslarge/scratch/users/h61084/codes/selectime/outputs/selectime/chronos_bolt/predictions/validation/vanilla_univariate/OpenElectricity_NEM/5T/long/run_0 launch_id=selena_3458556 slurm_job_id=3458556 launched_at=2026-09-17T10:35:48.262945+00:00
[2026-09-17 10:35:48 UTC] predict_validation method=vanilla_univariate OpenElectricity_NEM/5T/long
TIME run allocation action=new run=/fslarge/scratch/users/h61084/codes/selectime/outputs/selectime/chronos_bolt/predictions/validation/vanilla_univariate/EWELD_Load/15T/short/run_0 launch_id=selena_3458556 slurm_job_id=3458556 launched_at=2026-09-17T10:35:53.205927+00:00
[2026-09-17 10:35:53 UTC] predict_validation method=vanilla_univariate EWELD_Load/15T/short
TIME run allocation action=new run=/fslarge/scratch/users/h61084/codes/selectime/outputs/selectime/chronos_bolt/predictions/validation/vanilla_univariate/EWELD_Load/15T/medium/run_0 launch_id=selena_3458556 slurm_job_id=3458556 launched_at=2026-09-17T10:35:53.870937+00:00
[2026-09-17 10:35:53 UTC] predict_validation method=vanilla_univariate EWELD_Load/15T/medium
TIME run allocation action=new run=/fslarge/scratch/users/h61084/codes/selectime/outputs/selectime/chronos_bolt/predictions/validation/vanilla_univariate/EWELD_Load/15T/long/run_0 launch_id=selena_3458556 slurm_job_id=3458556 launched_at=2026-09-17T10:35:55.252085+00:00
[2026-09-17 10:35:55 UTC] predict_validation method=vanilla_univariate EWELD_Load/15T/long
TIME run allocation action=new run=/fslarge/scratch/users/h61084/codes/selectime/outputs/selectime/chronos_bolt/predictions/validation/vanilla_univariate/SG_Carpark/15T/short/run_0 launch_id=selena_3458556 slurm_job_id=3458556 launched_at=2026-09-17T10:35:57.633611+00:00
[2026-09-17 10:35:57 UTC] predict_validation method=vanilla_univariate SG_Carpark/15T/short
TIME run allocation action=new run=/fslarge/scratch/users/h61084/codes/selectime/outputs/selectime/chronos_bolt/predictions/validation/vanilla_univariate/SG_Carpark/15T/medium/run_0 launch_id=selena_3458556 slurm_job_id=3458556 launched_at=2026-09-17T10:36:14.597377+00:00
[2026-09-17 10:36:14 UTC] predict_validation method=vanilla_univariate SG_Carpark/15T/medium
TIME run allocation action=new run=/fslarge/scratch/users/h61084/codes/selectime/outputs/selectime/chronos_bolt/predictions/validation/vanilla_univariate/SG_Carpark/15T/long/run_0 launch_id=selena_3458556 slurm_job_id=3458556 launched_at=2026-09-17T10:36:38.818133+00:00
[2026-09-17 10:36:38 UTC] predict_validation method=vanilla_univariate SG_Carpark/15T/long
TIME run allocation action=new run=/fslarge/scratch/users/h61084/codes/selectime/outputs/selectime/chronos_bolt/predictions/validation/vanilla_univariate/Finland_Traffic/15T/short/run_0 launch_id=selena_3458556 slurm_job_id=3458556 launched_at=2026-09-17T10:37:09.300057+00:00
[2026-09-17 10:37:09 UTC] predict_validation method=vanilla_univariate Finland_Traffic/15T/short
TIME run allocation action=new run=/fslarge/scratch/users/h61084/codes/selectime/outputs/selectime/chronos_bolt/predictions/validation/vanilla_univariate/Finland_Traffic/15T/medium/run_0 launch_id=selena_3458556 slurm_job_id=3458556 launched_at=2026-09-17T10:37:09.540987+00:00
[2026-09-17 10:37:09 UTC] predict_validation method=vanilla_univariate Finland_Traffic/15T/medium
TIME run allocation action=new run=/fslarge/scratch/users/h61084/codes/selectime/outputs/selectime/chronos_bolt/predictions/validation/vanilla_univariate/Finland_Traffic/15T/long/run_0 launch_id=selena_3458556 slurm_job_id=3458556 launched_at=2026-09-17T10:37:09.851359+00:00
[2026-09-17 10:37:09 UTC] predict_validation method=vanilla_univariate Finland_Traffic/15T/long
TIME run allocation action=new run=/fslarge/scratch/users/h61084/codes/selectime/outputs/selectime/chronos_bolt/predictions/validation/vanilla_univariate/Port_Activity/D/short/run_0 launch_id=selena_3458556 slurm_job_id=3458556 launched_at=2026-09-17T10:37:10.338137+00:00
[2026-09-17 10:37:10 UTC] predict_validation method=vanilla_univariate Port_Activity/D/short
TIME run allocation action=new run=/fslarge/scratch/users/h61084/codes/selectime/outputs/selectime/chronos_bolt/predictions/validation/vanilla_univariate/Port_Activity/W/short/run_0 launch_id=selena_3458556 slurm_job_id=3458556 launched_at=2026-09-17T10:37:12.753128+00:00
[2026-09-17 10:37:12 UTC] predict_validation method=vanilla_univariate Port_Activity/W/short
TIME run allocation action=new run=/fslarge/scratch/users/h61084/codes/selectime/outputs/selectime/chronos_bolt/predictions/validation/vanilla_univariate/ECDC_COVID/D/short/run_0 launch_id=selena_3458556 slurm_job_id=3458556 launched_at=2026-09-17T10:37:13.204345+00:00
[2026-09-17 10:37:13 UTC] predict_validation method=vanilla_univariate ECDC_COVID/D/short
TIME run allocation action=new run=/fslarge/scratch/users/h61084/codes/selectime/outputs/selectime/chronos_bolt/predictions/validation/vanilla_univariate/ECDC_COVID/W/short/run_0 launch_id=selena_3458556 slurm_job_id=3458556 launched_at=2026-09-17T10:37:13.274623+00:00
[2026-09-17 10:37:13 UTC] predict_validation method=vanilla_univariate ECDC_COVID/W/short
TIME run allocation action=new run=/fslarge/scratch/users/h61084/codes/selectime/outputs/selectime/chronos_bolt/predictions/validation/vanilla_univariate/Global_Influenza/W/short/run_0 launch_id=selena_3458556 slurm_job_id=3458556 launched_at=2026-09-17T10:37:13.341259+00:00
[2026-09-17 10:37:13 UTC] predict_validation method=vanilla_univariate Global_Influenza/W/short
TIME run allocation action=new run=/fslarge/scratch/users/h61084/codes/selectime/outputs/selectime/chronos_bolt/predictions/validation/vanilla_univariate/Crypto/D/short/run_0 launch_id=selena_3458556 slurm_job_id=3458556 launched_at=2026-09-17T10:37:13.504976+00:00
[2026-09-17 10:37:13 UTC] predict_validation method=vanilla_univariate Crypto/D/short
TIME run allocation action=new run=/fslarge/scratch/users/h61084/codes/selectime/outputs/selectime/chronos_bolt/predictions/validation/vanilla_univariate/US_Term_Structure/B/short/run_0 launch_id=selena_3458556 slurm_job_id=3458556 launched_at=2026-09-17T10:37:13.646743+00:00
[2026-09-17 10:37:13 UTC] predict_validation method=vanilla_univariate US_Term_Structure/B/short
TIME run allocation action=new run=/fslarge/scratch/users/h61084/codes/selectime/outputs/selectime/chronos_bolt/predictions/validation/vanilla_univariate/Oil_Price/B/short/run_0 launch_id=selena_3458556 slurm_job_id=3458556 launched_at=2026-09-17T10:37:15.205657+00:00
[2026-09-17 10:37:15 UTC] predict_validation method=vanilla_univariate Oil_Price/B/short
TIME run allocation action=new run=/fslarge/scratch/users/h61084/codes/selectime/outputs/selectime/chronos_bolt/predictions/validation/vanilla_univariate/Job_Claims/W/short/run_0 launch_id=selena_3458556 slurm_job_id=3458556 launched_at=2026-09-17T10:37:15.697972+00:00
[2026-09-17 10:37:15 UTC] predict_validation method=vanilla_univariate Job_Claims/W/short
TIME run allocation action=new run=/fslarge/scratch/users/h61084/codes/selectime/outputs/selectime/chronos_bolt/predictions/validation/vanilla_univariate/Uncertainty_1M/M/short/run_0 launch_id=selena_3458556 slurm_job_id=3458556 launched_at=2026-09-17T10:37:15.739402+00:00
[2026-09-17 10:37:15 UTC] predict_validation method=vanilla_univariate Uncertainty_1M/M/short
TIME run allocation action=new run=/fslarge/scratch/users/h61084/codes/selectime/outputs/selectime/chronos_bolt/predictions/validation/vanilla_univariate/Housing_Inventory/M/short/run_0 launch_id=selena_3458556 slurm_job_id=3458556 launched_at=2026-09-17T10:37:15.782250+00:00
[2026-09-17 10:37:15 UTC] predict_validation method=vanilla_univariate Housing_Inventory/M/short
TIME run allocation action=new run=/fslarge/scratch/users/h61084/codes/selectime/outputs/selectime/chronos_bolt/predictions/validation/vanilla_univariate/JOLTS/M/short/run_0 launch_id=selena_3458556 slurm_job_id=3458556 launched_at=2026-09-17T10:37:15.823119+00:00
[2026-09-17 10:37:15 UTC] predict_validation method=vanilla_univariate JOLTS/M/short
TIME run allocation action=new run=/fslarge/scratch/users/h61084/codes/selectime/outputs/selectime/chronos_bolt/predictions/validation/vanilla_univariate/US_Labor/M/short/run_0 launch_id=selena_3458556 slurm_job_id=3458556 launched_at=2026-09-17T10:37:15.864621+00:00
[2026-09-17 10:37:15 UTC] predict_validation method=vanilla_univariate US_Labor/M/short
TIME run allocation action=new run=/fslarge/scratch/users/h61084/codes/selectime/outputs/selectime/chronos_bolt/predictions/validation/vanilla_univariate/Vehicle_Supply/M/short/run_0 launch_id=selena_3458556 slurm_job_id=3458556 launched_at=2026-09-17T10:37:15.937999+00:00
[2026-09-17 10:37:15 UTC] predict_validation method=vanilla_univariate Vehicle_Supply/M/short
TIME run allocation action=new run=/fslarge/scratch/users/h61084/codes/selectime/outputs/selectime/chronos_bolt/predictions/validation/vanilla_univariate/Auto_Production_SF/M/short/run_0 launch_id=selena_3458556 slurm_job_id=3458556 launched_at=2026-09-17T10:37:15.977879+00:00
[2026-09-17 10:37:15 UTC] predict_validation method=vanilla_univariate Auto_Production_SF/M/short
TIME run allocation action=new run=/fslarge/scratch/users/h61084/codes/selectime/outputs/selectime/chronos_bolt/predictions/validation/vanilla_univariate/Commodity_Production/M/short/run_0 launch_id=selena_3458556 slurm_job_id=3458556 launched_at=2026-09-17T10:37:16.019827+00:00
[2026-09-17 10:37:16 UTC] predict_validation method=vanilla_univariate Commodity_Production/M/short
TIME run allocation action=new run=/fslarge/scratch/users/h61084/codes/selectime/outputs/selectime/chronos_bolt/predictions/validation/vanilla_univariate/Commodity_Import/M/short/run_0 launch_id=selena_3458556 slurm_job_id=3458556 launched_at=2026-09-17T10:37:16.135748+00:00
[2026-09-17 10:37:16 UTC] predict_validation method=vanilla_univariate Commodity_Import/M/short
TIME run allocation action=new run=/fslarge/scratch/users/h61084/codes/selectime/outputs/selectime/chronos_bolt/predictions/validation/vanilla_univariate/WUI_Global/Q/short/run_0 launch_id=selena_3458556 slurm_job_id=3458556 launched_at=2026-09-17T10:37:16.198906+00:00
[2026-09-17 10:37:16 UTC] predict_validation method=vanilla_univariate WUI_Global/Q/short
TIME run allocation action=new run=/fslarge/scratch/users/h61084/codes/selectime/outputs/selectime/chronos_bolt/predictions/validation/vanilla_univariate/Global_Price/Q/short/run_0 launch_id=selena_3458556 slurm_job_id=3458556 launched_at=2026-09-17T10:37:16.273584+00:00
[2026-09-17 10:37:16 UTC] predict_validation method=vanilla_univariate Global_Price/Q/short
TIME run allocation action=new run=/fslarge/scratch/users/h61084/codes/selectime/outputs/selectime/chronos_bolt/predictions/validation/vanilla_univariate/Vehicle_Sales/M/short/run_0 launch_id=selena_3458556 slurm_job_id=3458556 launched_at=2026-09-17T10:37:16.465313+00:00
[2026-09-17 10:37:16 UTC] predict_validation method=vanilla_univariate Vehicle_Sales/M/short
TIME run allocation action=new run=/fslarge/scratch/users/h61084/codes/selectime/outputs/selectime/chronos_bolt/predictions/validation/vanilla_univariate/Online_Retail_2_UCI/D/short/run_0 launch_id=selena_3458556 slurm_job_id=3458556 launched_at=2026-09-17T10:37:16.524869+00:00
[2026-09-17 10:37:16 UTC] predict_validation method=vanilla_univariate Online_Retail_2_UCI/D/short
TIME run allocation action=new run=/fslarge/scratch/users/h61084/codes/selectime/outputs/selectime/chronos_bolt/predictions/validation/vanilla_univariate/Supply_Chain_Customer/D/short/run_0 launch_id=selena_3458556 slurm_job_id=3458556 launched_at=2026-09-17T10:37:16.572294+00:00
[2026-09-17 10:37:16 UTC] predict_validation method=vanilla_univariate Supply_Chain_Customer/D/short
TIME run allocation action=new run=/fslarge/scratch/users/h61084/codes/selectime/outputs/selectime/chronos_bolt/predictions/validation/vanilla_univariate/Supply_Chain_Location/D/short/run_0 launch_id=selena_3458556 slurm_job_id=3458556 launched_at=2026-09-17T10:37:17.031032+00:00
[2026-09-17 10:37:17 UTC] predict_validation method=vanilla_univariate Supply_Chain_Location/D/short
TIME run allocation action=new run=/fslarge/scratch/users/h61084/codes/selectime/outputs/selectime/chronos_bolt/predictions/validation/vanilla_univariate/azure2019_U/5T/short/run_0 launch_id=selena_3458556 slurm_job_id=3458556 launched_at=2026-09-17T10:37:17.706951+00:00
[2026-09-17 10:37:17 UTC] predict_validation method=vanilla_univariate azure2019_U/5T/short
TIME run allocation action=new run=/fslarge/scratch/users/h61084/codes/selectime/outputs/selectime/chronos_bolt/predictions/validation/vanilla_univariate/Smart_Manufacturing/H/short/run_0 launch_id=selena_3458556 slurm_job_id=3458556 launched_at=2026-09-17T10:37:18.956006+00:00
[2026-09-17 10:37:18 UTC] predict_validation method=vanilla_univariate Smart_Manufacturing/H/short
TIME run allocation action=new run=/fslarge/scratch/users/h61084/codes/selectime/outputs/selectime/chronos_bolt/predictions/validation/vanilla_univariate/Smart_Manufacturing/H/medium/run_0 launch_id=selena_3458556 slurm_job_id=3458556 launched_at=2026-09-17T10:37:20.415141+00:00
[2026-09-17 10:37:20 UTC] predict_validation method=vanilla_univariate Smart_Manufacturing/H/medium
TIME run allocation action=new run=/fslarge/scratch/users/h61084/codes/selectime/outputs/selectime/chronos_bolt/predictions/validation/vanilla_univariate/Smart_Manufacturing/H/long/run_0 launch_id=selena_3458556 slurm_job_id=3458556 launched_at=2026-09-17T10:37:24.185920+00:00
[2026-09-17 10:37:24 UTC] predict_validation method=vanilla_univariate Smart_Manufacturing/H/long
TIME run allocation action=new run=/fslarge/scratch/users/h61084/codes/selectime/outputs/selectime/chronos_bolt/predictions/validation/vanilla_univariate/MetroPT-3/5T/short/run_0 launch_id=selena_3458556 slurm_job_id=3458556 launched_at=2026-09-17T10:37:28.528761+00:00
[2026-09-17 10:37:28 UTC] predict_validation method=vanilla_univariate MetroPT-3/5T/short
TIME run allocation action=new run=/fslarge/scratch/users/h61084/codes/selectime/outputs/selectime/chronos_bolt/predictions/validation/vanilla_univariate/MetroPT-3/5T/medium/run_0 launch_id=selena_3458556 slurm_job_id=3458556 launched_at=2026-09-17T10:37:28.812039+00:00
[2026-09-17 10:37:28 UTC] predict_validation method=vanilla_univariate MetroPT-3/5T/medium
TIME run allocation action=new run=/fslarge/scratch/users/h61084/codes/selectime/outputs/selectime/chronos_bolt/predictions/validation/vanilla_univariate/MetroPT-3/5T/long/run_0 launch_id=selena_3458556 slurm_job_id=3458556 launched_at=2026-09-17T10:37:30.133891+00:00
[2026-09-17 10:37:30 UTC] predict_validation method=vanilla_univariate MetroPT-3/5T/long
[2026-09-17 10:37:34 UTC] Slurm=3458556 launch=selena_3458556 stage=predict_validation prediction_group=remaining
[2026-09-17 10:37:35 UTC] dataset_config=/fssmall/home/h61084/codes/selectime/src/timebench/config/datasets.yaml applied_keys=datasets,selectime_tasks tasks=90
[2026-09-17 10:37:35 UTC] stage=predict_validation tasks=90 seed=0 Slurm=3458556
[2026-09-17 12:37:35,514][datasets][INFO] - PyTorch version 2.9.1 available.
TIME run allocation action=new run=/fslarge/scratch/users/h61084/codes/selectime/outputs/selectime/chronos_bolt/predictions/validation/top1_horizon/Water_Quality_Darwin/15T/short/run_0 launch_id=selena_3458556 slurm_job_id=3458556 launched_at=2026-09-17T10:37:35.887309+00:00
[2026-09-17 10:37:35 UTC] predict_validation method=top1_horizon Water_Quality_Darwin/15T/short
TIME run allocation action=new run=/fslarge/scratch/users/h61084/codes/selectime/outputs/selectime/chronos_bolt/predictions/validation/top1_horizon/Water_Quality_Darwin/15T/medium/run_0 launch_id=selena_3458556 slurm_job_id=3458556 launched_at=2026-09-17T10:37:40.708195+00:00
[2026-09-17 10:37:40 UTC] predict_validation method=top1_horizon Water_Quality_Darwin/15T/medium
TIME run allocation action=new run=/fslarge/scratch/users/h61084/codes/selectime/outputs/selectime/chronos_bolt/predictions/validation/top1_horizon/Water_Quality_Darwin/15T/long/run_0 launch_id=selena_3458556 slurm_job_id=3458556 launched_at=2026-09-17T10:37:41.640969+00:00
[2026-09-17 10:37:41 UTC] predict_validation method=top1_horizon Water_Quality_Darwin/15T/long
TIME run allocation action=new run=/fslarge/scratch/users/h61084/codes/selectime/outputs/selectime/chronos_bolt/predictions/validation/top1_horizon/current_velocity/5T/short/run_0 launch_id=selena_3458556 slurm_job_id=3458556 launched_at=2026-09-17T10:37:42.032304+00:00
[2026-09-17 10:37:42 UTC] predict_validation method=top1_horizon current_velocity/5T/short
TIME run allocation action=new run=/fslarge/scratch/users/h61084/codes/selectime/outputs/selectime/chronos_bolt/predictions/validation/top1_horizon/current_velocity/5T/medium/run_0 launch_id=selena_3458556 slurm_job_id=3458556 launched_at=2026-09-17T10:37:42.198001+00:00
[2026-09-17 10:37:42 UTC] predict_validation method=top1_horizon current_velocity/5T/medium
TIME run allocation action=new run=/fslarge/scratch/users/h61084/codes/selectime/outputs/selectime/chronos_bolt/predictions/validation/top1_horizon/current_velocity/5T/long/run_0 launch_id=selena_3458556 slurm_job_id=3458556 launched_at=2026-09-17T10:37:42.281310+00:00
[2026-09-17 10:37:42 UTC] predict_validation method=top1_horizon current_velocity/5T/long
TIME run allocation action=new run=/fslarge/scratch/users/h61084/codes/selectime/outputs/selectime/chronos_bolt/predictions/validation/top1_horizon/current_velocity/10T/short/run_0 launch_id=selena_3458556 slurm_job_id=3458556 launched_at=2026-09-17T10:37:42.482163+00:00
[2026-09-17 10:37:42 UTC] predict_validation method=top1_horizon current_velocity/10T/short
TIME run allocation action=new run=/fslarge/scratch/users/h61084/codes/selectime/outputs/selectime/chronos_bolt/predictions/validation/top1_horizon/current_velocity/10T/medium/run_0 launch_id=selena_3458556 slurm_job_id=3458556 launched_at=2026-09-17T10:37:46.760723+00:00
[2026-09-17 10:37:46 UTC] predict_validation method=top1_horizon current_velocity/10T/medium
TIME run allocation action=new run=/fslarge/scratch/users/h61084/codes/selectime/outputs/selectime/chronos_bolt/predictions/validation/top1_horizon/current_velocity/10T/long/run_0 launch_id=selena_3458556 slurm_job_id=3458556 launched_at=2026-09-17T10:37:48.934454+00:00
[2026-09-17 10:37:48 UTC] predict_validation method=top1_horizon current_velocity/10T/long
TIME run allocation action=new run=/fslarge/scratch/users/h61084/codes/selectime/outputs/selectime/chronos_bolt/predictions/validation/top1_horizon/current_velocity/15T/short/run_0 launch_id=selena_3458556 slurm_job_id=3458556 launched_at=2026-09-17T10:37:49.521070+00:00
[2026-09-17 10:37:49 UTC] predict_validation method=top1_horizon current_velocity/15T/short
TIME run allocation action=new run=/fslarge/scratch/users/h61084/codes/selectime/outputs/selectime/chronos_bolt/predictions/validation/top1_horizon/current_velocity/15T/medium/run_0 launch_id=selena_3458556 slurm_job_id=3458556 launched_at=2026-09-17T10:37:49.814785+00:00
[2026-09-17 10:37:49 UTC] predict_validation method=top1_horizon current_velocity/15T/medium
TIME run allocation action=new run=/fslarge/scratch/users/h61084/codes/selectime/outputs/selectime/chronos_bolt/predictions/validation/top1_horizon/current_velocity/15T/long/run_0 launch_id=selena_3458556 slurm_job_id=3458556 launched_at=2026-09-17T10:37:50.053918+00:00
[2026-09-17 10:37:50 UTC] predict_validation method=top1_horizon current_velocity/15T/long
TIME run allocation action=new run=/fslarge/scratch/users/h61084/codes/selectime/outputs/selectime/chronos_bolt/predictions/validation/top1_horizon/current_velocity/H/short/run_0 launch_id=selena_3458556 slurm_job_id=3458556 launched_at=2026-09-17T10:37:50.255664+00:00
[2026-09-17 10:37:50 UTC] predict_validation method=top1_horizon current_velocity/H/short
TIME run allocation action=new run=/fslarge/scratch/users/h61084/codes/selectime/outputs/selectime/chronos_bolt/predictions/validation/top1_horizon/current_velocity/H/medium/run_0 launch_id=selena_3458556 slurm_job_id=3458556 launched_at=2026-09-17T10:37:51.368988+00:00
[2026-09-17 10:37:51 UTC] predict_validation method=top1_horizon current_velocity/H/medium
TIME run allocation action=new run=/fslarge/scratch/users/h61084/codes/selectime/outputs/selectime/chronos_bolt/predictions/validation/top1_horizon/current_velocity/H/long/run_0 launch_id=selena_3458556 slurm_job_id=3458556 launched_at=2026-09-17T10:37:51.832900+00:00
[2026-09-17 10:37:51 UTC] predict_validation method=top1_horizon current_velocity/H/long
TIME run allocation action=new run=/fslarge/scratch/users/h61084/codes/selectime/outputs/selectime/chronos_bolt/predictions/validation/top1_horizon/CPHL/15T/short/run_0 launch_id=selena_3458556 slurm_job_id=3458556 launched_at=2026-09-17T10:37:52.077745+00:00
[2026-09-17 10:37:52 UTC] predict_validation method=top1_horizon CPHL/15T/short
TIME run allocation action=new run=/fslarge/scratch/users/h61084/codes/selectime/outputs/selectime/chronos_bolt/predictions/validation/top1_horizon/CPHL/15T/medium/run_0 launch_id=selena_3458556 slurm_job_id=3458556 launched_at=2026-09-17T10:37:52.121159+00:00
[2026-09-17 10:37:52 UTC] predict_validation method=top1_horizon CPHL/15T/medium
TIME run allocation action=new run=/fslarge/scratch/users/h61084/codes/selectime/outputs/selectime/chronos_bolt/predictions/validation/top1_horizon/CPHL/15T/long/run_0 launch_id=selena_3458556 slurm_job_id=3458556 launched_at=2026-09-17T10:37:52.169744+00:00
[2026-09-17 10:37:52 UTC] predict_validation method=top1_horizon CPHL/15T/long
TIME run allocation action=new run=/fslarge/scratch/users/h61084/codes/selectime/outputs/selectime/chronos_bolt/predictions/validation/top1_horizon/CPHL/30T/short/run_0 launch_id=selena_3458556 slurm_job_id=3458556 launched_at=2026-09-17T10:37:52.215608+00:00
[2026-09-17 10:37:52 UTC] predict_validation method=top1_horizon CPHL/30T/short
TIME run allocation action=new run=/fslarge/scratch/users/h61084/codes/selectime/outputs/selectime/chronos_bolt/predictions/validation/top1_horizon/CPHL/30T/medium/run_0 launch_id=selena_3458556 slurm_job_id=3458556 launched_at=2026-09-17T10:37:52.281526+00:00
[2026-09-17 10:37:52 UTC] predict_validation method=top1_horizon CPHL/30T/medium
TIME run allocation action=new run=/fslarge/scratch/users/h61084/codes/selectime/outputs/selectime/chronos_bolt/predictions/validation/top1_horizon/CPHL/30T/long/run_0 launch_id=selena_3458556 slurm_job_id=3458556 launched_at=2026-09-17T10:37:52.333679+00:00
[2026-09-17 10:37:52 UTC] predict_validation method=top1_horizon CPHL/30T/long
TIME run allocation action=new run=/fslarge/scratch/users/h61084/codes/selectime/outputs/selectime/chronos_bolt/predictions/validation/top1_horizon/CPHL/H/short/run_0 launch_id=selena_3458556 slurm_job_id=3458556 launched_at=2026-09-17T10:37:52.379401+00:00
[2026-09-17 10:37:52 UTC] predict_validation method=top1_horizon CPHL/H/short
TIME run allocation action=new run=/fslarge/scratch/users/h61084/codes/selectime/outputs/selectime/chronos_bolt/predictions/validation/top1_horizon/CPHL/H/medium/run_0 launch_id=selena_3458556 slurm_job_id=3458556 launched_at=2026-09-17T10:37:52.431135+00:00
[2026-09-17 10:37:52 UTC] predict_validation method=top1_horizon CPHL/H/medium
TIME run allocation action=new run=/fslarge/scratch/users/h61084/codes/selectime/outputs/selectime/chronos_bolt/predictions/validation/top1_horizon/CPHL/H/long/run_0 launch_id=selena_3458556 slurm_job_id=3458556 launched_at=2026-09-17T10:37:52.479449+00:00
[2026-09-17 10:37:52 UTC] predict_validation method=top1_horizon CPHL/H/long
TIME run allocation action=new run=/fslarge/scratch/users/h61084/codes/selectime/outputs/selectime/chronos_bolt/predictions/validation/top1_horizon/Coastal_T_S/15T/short/run_0 launch_id=selena_3458556 slurm_job_id=3458556 launched_at=2026-09-17T10:37:52.562320+00:00
[2026-09-17 10:37:52 UTC] predict_validation method=top1_horizon Coastal_T_S/15T/short
TIME run allocation action=new run=/fslarge/scratch/users/h61084/codes/selectime/outputs/selectime/chronos_bolt/predictions/validation/top1_horizon/Coastal_T_S/15T/medium/run_0 launch_id=selena_3458556 slurm_job_id=3458556 launched_at=2026-09-17T10:37:53.808328+00:00
[2026-09-17 10:37:53 UTC] predict_validation method=top1_horizon Coastal_T_S/15T/medium
TIME run allocation action=new run=/fslarge/scratch/users/h61084/codes/selectime/outputs/selectime/chronos_bolt/predictions/validation/top1_horizon/Coastal_T_S/15T/long/run_0 launch_id=selena_3458556 slurm_job_id=3458556 launched_at=2026-09-17T10:37:54.128165+00:00
[2026-09-17 10:37:54 UTC] predict_validation method=top1_horizon Coastal_T_S/15T/long
TIME run allocation action=new run=/fslarge/scratch/users/h61084/codes/selectime/outputs/selectime/chronos_bolt/predictions/validation/top1_horizon/Coastal_T_S/20T/short/run_0 launch_id=selena_3458556 slurm_job_id=3458556 launched_at=2026-09-17T10:37:54.278733+00:00
[2026-09-17 10:37:54 UTC] predict_validation method=top1_horizon Coastal_T_S/20T/short
TIME run allocation action=new run=/fslarge/scratch/users/h61084/codes/selectime/outputs/selectime/chronos_bolt/predictions/validation/top1_horizon/Coastal_T_S/20T/medium/run_0 launch_id=selena_3458556 slurm_job_id=3458556 launched_at=2026-09-17T10:37:54.322025+00:00
[2026-09-17 10:37:54 UTC] predict_validation method=top1_horizon Coastal_T_S/20T/medium
TIME run allocation action=new run=/fslarge/scratch/users/h61084/codes/selectime/outputs/selectime/chronos_bolt/predictions/validation/top1_horizon/Coastal_T_S/20T/long/run_0 launch_id=selena_3458556 slurm_job_id=3458556 launched_at=2026-09-17T10:37:54.373638+00:00
[2026-09-17 10:37:54 UTC] predict_validation method=top1_horizon Coastal_T_S/20T/long
TIME run allocation action=new run=/fslarge/scratch/users/h61084/codes/selectime/outputs/selectime/chronos_bolt/predictions/validation/top1_horizon/Coastal_T_S/H/short/run_0 launch_id=selena_3458556 slurm_job_id=3458556 launched_at=2026-09-17T10:37:54.467272+00:00
[2026-09-17 10:37:54 UTC] predict_validation method=top1_horizon Coastal_T_S/H/short
TIME run allocation action=new run=/fslarge/scratch/users/h61084/codes/selectime/outputs/selectime/chronos_bolt/predictions/validation/top1_horizon/Coastal_T_S/H/medium/run_0 launch_id=selena_3458556 slurm_job_id=3458556 launched_at=2026-09-17T10:37:55.983410+00:00
[2026-09-17 10:37:55 UTC] predict_validation method=top1_horizon Coastal_T_S/H/medium
TIME run allocation action=new run=/fslarge/scratch/users/h61084/codes/selectime/outputs/selectime/chronos_bolt/predictions/validation/top1_horizon/Coastal_T_S/H/long/run_0 launch_id=selena_3458556 slurm_job_id=3458556 launched_at=2026-09-17T10:37:56.322575+00:00
[2026-09-17 10:37:56 UTC] predict_validation method=top1_horizon Coastal_T_S/H/long
TIME run allocation action=new run=/fslarge/scratch/users/h61084/codes/selectime/outputs/selectime/chronos_bolt/predictions/validation/top1_horizon/SG_Weather/D/short/run_0 launch_id=selena_3458556 slurm_job_id=3458556 launched_at=2026-09-17T10:37:56.502255+00:00
[2026-09-17 10:37:56 UTC] predict_validation method=top1_horizon SG_Weather/D/short
TIME run allocation action=new run=/fslarge/scratch/users/h61084/codes/selectime/outputs/selectime/chronos_bolt/predictions/validation/top1_horizon/SG_Weather/D/medium/run_0 launch_id=selena_3458556 slurm_job_id=3458556 launched_at=2026-09-17T10:37:56.555576+00:00
[2026-09-17 10:37:56 UTC] predict_validation method=top1_horizon SG_Weather/D/medium
TIME run allocation action=new run=/fslarge/scratch/users/h61084/codes/selectime/outputs/selectime/chronos_bolt/predictions/validation/top1_horizon/SG_Weather/D/long/run_0 launch_id=selena_3458556 slurm_job_id=3458556 launched_at=2026-09-17T10:37:57.254433+00:00
[2026-09-17 10:37:57 UTC] predict_validation method=top1_horizon SG_Weather/D/long
TIME run allocation action=new run=/fslarge/scratch/users/h61084/codes/selectime/outputs/selectime/chronos_bolt/predictions/validation/top1_horizon/SG_PM25/H/short/run_0 launch_id=selena_3458556 slurm_job_id=3458556 launched_at=2026-09-17T10:37:57.651504+00:00
[2026-09-17 10:37:57 UTC] predict_validation method=top1_horizon SG_PM25/H/short
TIME run allocation action=new run=/fslarge/scratch/users/h61084/codes/selectime/outputs/selectime/chronos_bolt/predictions/validation/top1_horizon/SG_PM25/H/medium/run_0 launch_id=selena_3458556 slurm_job_id=3458556 launched_at=2026-09-17T10:37:57.780895+00:00
[2026-09-17 10:37:57 UTC] predict_validation method=top1_horizon SG_PM25/H/medium
TIME run allocation action=new run=/fslarge/scratch/users/h61084/codes/selectime/outputs/selectime/chronos_bolt/predictions/validation/top1_horizon/SG_PM25/H/long/run_0 launch_id=selena_3458556 slurm_job_id=3458556 launched_at=2026-09-17T10:37:57.869200+00:00
[2026-09-17 10:37:57 UTC] predict_validation method=top1_horizon SG_PM25/H/long
TIME run allocation action=new run=/fslarge/scratch/users/h61084/codes/selectime/outputs/selectime/chronos_bolt/predictions/validation/top1_horizon/NE_China_Wind/H/short/run_0 launch_id=selena_3458556 slurm_job_id=3458556 launched_at=2026-09-17T10:37:57.926776+00:00
[2026-09-17 10:37:57 UTC] predict_validation method=top1_horizon NE_China_Wind/H/short
TIME run allocation action=new run=/fslarge/scratch/users/h61084/codes/selectime/outputs/selectime/chronos_bolt/predictions/validation/top1_horizon/NE_China_Wind/H/medium/run_0 launch_id=selena_3458556 slurm_job_id=3458556 launched_at=2026-09-17T10:37:57.988367+00:00
[2026-09-17 10:37:57 UTC] predict_validation method=top1_horizon NE_China_Wind/H/medium
TIME run allocation action=new run=/fslarge/scratch/users/h61084/codes/selectime/outputs/selectime/chronos_bolt/predictions/validation/top1_horizon/NE_China_Wind/H/long/run_0 launch_id=selena_3458556 slurm_job_id=3458556 launched_at=2026-09-17T10:37:58.038788+00:00
[2026-09-17 10:37:58 UTC] predict_validation method=top1_horizon NE_China_Wind/H/long
TIME run allocation action=new run=/fslarge/scratch/users/h61084/codes/selectime/outputs/selectime/chronos_bolt/predictions/validation/top1_horizon/Australia_Solar/H/short/run_0 launch_id=selena_3458556 slurm_job_id=3458556 launched_at=2026-09-17T10:37:58.094232+00:00
[2026-09-17 10:37:58 UTC] predict_validation method=top1_horizon Australia_Solar/H/short
TIME run allocation action=new run=/fslarge/scratch/users/h61084/codes/selectime/outputs/selectime/chronos_bolt/predictions/validation/top1_horizon/Australia_Solar/H/medium/run_0 launch_id=selena_3458556 slurm_job_id=3458556 launched_at=2026-09-17T10:37:58.164401+00:00
[2026-09-17 10:37:58 UTC] predict_validation method=top1_horizon Australia_Solar/H/medium
TIME run allocation action=new run=/fslarge/scratch/users/h61084/codes/selectime/outputs/selectime/chronos_bolt/predictions/validation/top1_horizon/Australia_Solar/H/long/run_0 launch_id=selena_3458556 slurm_job_id=3458556 launched_at=2026-09-17T10:37:58.223587+00:00
[2026-09-17 10:37:58 UTC] predict_validation method=top1_horizon Australia_Solar/H/long
TIME run allocation action=new run=/fslarge/scratch/users/h61084/codes/selectime/outputs/selectime/chronos_bolt/predictions/validation/top1_horizon/epf_electricity_price/H/short/run_0 launch_id=selena_3458556 slurm_job_id=3458556 launched_at=2026-09-17T10:37:58.298298+00:00
[2026-09-17 10:37:58 UTC] predict_validation method=top1_horizon epf_electricity_price/H/short
TIME run allocation action=new run=/fslarge/scratch/users/h61084/codes/selectime/outputs/selectime/chronos_bolt/predictions/validation/top1_horizon/epf_electricity_price/H/medium/run_0 launch_id=selena_3458556 slurm_job_id=3458556 launched_at=2026-09-17T10:37:58.660020+00:00
[2026-09-17 10:37:58 UTC] predict_validation method=top1_horizon epf_electricity_price/H/medium
TIME run allocation action=new run=/fslarge/scratch/users/h61084/codes/selectime/outputs/selectime/chronos_bolt/predictions/validation/top1_horizon/epf_electricity_price/H/long/run_0 launch_id=selena_3458556 slurm_job_id=3458556 launched_at=2026-09-17T10:37:58.856304+00:00
[2026-09-17 10:37:58 UTC] predict_validation method=top1_horizon epf_electricity_price/H/long
TIME run allocation action=new run=/fslarge/scratch/users/h61084/codes/selectime/outputs/selectime/chronos_bolt/predictions/validation/top1_horizon/OpenElectricity_NEM/5T/short/run_0 launch_id=selena_3458556 slurm_job_id=3458556 launched_at=2026-09-17T10:37:59.023073+00:00
[2026-09-17 10:37:59 UTC] predict_validation method=top1_horizon OpenElectricity_NEM/5T/short
TIME run allocation action=new run=/fslarge/scratch/users/h61084/codes/selectime/outputs/selectime/chronos_bolt/predictions/validation/top1_horizon/OpenElectricity_NEM/5T/medium/run_0 launch_id=selena_3458556 slurm_job_id=3458556 launched_at=2026-09-17T10:37:59.365666+00:00
[2026-09-17 10:37:59 UTC] predict_validation method=top1_horizon OpenElectricity_NEM/5T/medium
TIME run allocation action=new run=/fslarge/scratch/users/h61084/codes/selectime/outputs/selectime/chronos_bolt/predictions/validation/top1_horizon/OpenElectricity_NEM/5T/long/run_0 launch_id=selena_3458556 slurm_job_id=3458556 launched_at=2026-09-17T10:37:59.525047+00:00
[2026-09-17 10:37:59 UTC] predict_validation method=top1_horizon OpenElectricity_NEM/5T/long
TIME run allocation action=new run=/fslarge/scratch/users/h61084/codes/selectime/outputs/selectime/chronos_bolt/predictions/validation/top1_horizon/EWELD_Load/15T/short/run_0 launch_id=selena_3458556 slurm_job_id=3458556 launched_at=2026-09-17T10:37:59.614182+00:00
[2026-09-17 10:37:59 UTC] predict_validation method=top1_horizon EWELD_Load/15T/short
TIME run allocation action=new run=/fslarge/scratch/users/h61084/codes/selectime/outputs/selectime/chronos_bolt/predictions/validation/top1_horizon/EWELD_Load/15T/medium/run_0 launch_id=selena_3458556 slurm_job_id=3458556 launched_at=2026-09-17T10:37:59.754053+00:00
[2026-09-17 10:37:59 UTC] predict_validation method=top1_horizon EWELD_Load/15T/medium
TIME run allocation action=new run=/fslarge/scratch/users/h61084/codes/selectime/outputs/selectime/chronos_bolt/predictions/validation/top1_horizon/EWELD_Load/15T/long/run_0 launch_id=selena_3458556 slurm_job_id=3458556 launched_at=2026-09-17T10:37:59.837880+00:00
[2026-09-17 10:37:59 UTC] predict_validation method=top1_horizon EWELD_Load/15T/long
TIME run allocation action=new run=/fslarge/scratch/users/h61084/codes/selectime/outputs/selectime/chronos_bolt/predictions/validation/top1_horizon/SG_Carpark/15T/short/run_0 launch_id=selena_3458556 slurm_job_id=3458556 launched_at=2026-09-17T10:38:00.494552+00:00
[2026-09-17 10:38:00 UTC] predict_validation method=top1_horizon SG_Carpark/15T/short
TIME run allocation action=new run=/fslarge/scratch/users/h61084/codes/selectime/outputs/selectime/chronos_bolt/predictions/validation/top1_horizon/SG_Carpark/15T/medium/run_0 launch_id=selena_3458556 slurm_job_id=3458556 launched_at=2026-09-17T10:38:07.604954+00:00
[2026-09-17 10:38:07 UTC] predict_validation method=top1_horizon SG_Carpark/15T/medium
TIME run allocation action=new run=/fslarge/scratch/users/h61084/codes/selectime/outputs/selectime/chronos_bolt/predictions/validation/top1_horizon/SG_Carpark/15T/long/run_0 launch_id=selena_3458556 slurm_job_id=3458556 launched_at=2026-09-17T10:38:08.245634+00:00
[2026-09-17 10:38:08 UTC] predict_validation method=top1_horizon SG_Carpark/15T/long
TIME run allocation action=new run=/fslarge/scratch/users/h61084/codes/selectime/outputs/selectime/chronos_bolt/predictions/validation/top1_horizon/Finland_Traffic/15T/short/run_0 launch_id=selena_3458556 slurm_job_id=3458556 launched_at=2026-09-17T10:38:08.303702+00:00
[2026-09-17 10:38:08 UTC] predict_validation method=top1_horizon Finland_Traffic/15T/short
TIME run allocation action=new run=/fslarge/scratch/users/h61084/codes/selectime/outputs/selectime/chronos_bolt/predictions/validation/top1_horizon/Finland_Traffic/15T/medium/run_0 launch_id=selena_3458556 slurm_job_id=3458556 launched_at=2026-09-17T10:38:08.376361+00:00
[2026-09-17 10:38:08 UTC] predict_validation method=top1_horizon Finland_Traffic/15T/medium
TIME run allocation action=new run=/fslarge/scratch/users/h61084/codes/selectime/outputs/selectime/chronos_bolt/predictions/validation/top1_horizon/Finland_Traffic/15T/long/run_0 launch_id=selena_3458556 slurm_job_id=3458556 launched_at=2026-09-17T10:38:08.425066+00:00
[2026-09-17 10:38:08 UTC] predict_validation method=top1_horizon Finland_Traffic/15T/long
TIME run allocation action=new run=/fslarge/scratch/users/h61084/codes/selectime/outputs/selectime/chronos_bolt/predictions/validation/top1_horizon/Port_Activity/D/short/run_0 launch_id=selena_3458556 slurm_job_id=3458556 launched_at=2026-09-17T10:38:08.529224+00:00
[2026-09-17 10:38:08 UTC] predict_validation method=top1_horizon Port_Activity/D/short
TIME run allocation action=new run=/fslarge/scratch/users/h61084/codes/selectime/outputs/selectime/chronos_bolt/predictions/validation/top1_horizon/Port_Activity/W/short/run_0 launch_id=selena_3458556 slurm_job_id=3458556 launched_at=2026-09-17T10:38:09.575975+00:00
[2026-09-17 10:38:09 UTC] predict_validation method=top1_horizon Port_Activity/W/short
TIME run allocation action=new run=/fslarge/scratch/users/h61084/codes/selectime/outputs/selectime/chronos_bolt/predictions/validation/top1_horizon/ECDC_COVID/D/short/run_0 launch_id=selena_3458556 slurm_job_id=3458556 launched_at=2026-09-17T10:38:09.809362+00:00
[2026-09-17 10:38:09 UTC] predict_validation method=top1_horizon ECDC_COVID/D/short
TIME run allocation action=new run=/fslarge/scratch/users/h61084/codes/selectime/outputs/selectime/chronos_bolt/predictions/validation/top1_horizon/ECDC_COVID/W/short/run_0 launch_id=selena_3458556 slurm_job_id=3458556 launched_at=2026-09-17T10:38:09.861730+00:00
[2026-09-17 10:38:09 UTC] predict_validation method=top1_horizon ECDC_COVID/W/short
TIME run allocation action=new run=/fslarge/scratch/users/h61084/codes/selectime/outputs/selectime/chronos_bolt/predictions/validation/top1_horizon/Global_Influenza/W/short/run_0 launch_id=selena_3458556 slurm_job_id=3458556 launched_at=2026-09-17T10:38:09.919553+00:00
[2026-09-17 10:38:09 UTC] predict_validation method=top1_horizon Global_Influenza/W/short
TIME run allocation action=new run=/fslarge/scratch/users/h61084/codes/selectime/outputs/selectime/chronos_bolt/predictions/validation/top1_horizon/Crypto/D/short/run_0 launch_id=selena_3458556 slurm_job_id=3458556 launched_at=2026-09-17T10:38:10.018123+00:00
[2026-09-17 10:38:10 UTC] predict_validation method=top1_horizon Crypto/D/short
TIME run allocation action=new run=/fslarge/scratch/users/h61084/codes/selectime/outputs/selectime/chronos_bolt/predictions/validation/top1_horizon/US_Term_Structure/B/short/run_0 launch_id=selena_3458556 slurm_job_id=3458556 launched_at=2026-09-17T10:38:10.118452+00:00
[2026-09-17 10:38:10 UTC] predict_validation method=top1_horizon US_Term_Structure/B/short
TIME run allocation action=new run=/fslarge/scratch/users/h61084/codes/selectime/outputs/selectime/chronos_bolt/predictions/validation/top1_horizon/Oil_Price/B/short/run_0 launch_id=selena_3458556 slurm_job_id=3458556 launched_at=2026-09-17T10:38:10.371090+00:00
[2026-09-17 10:38:10 UTC] predict_validation method=top1_horizon Oil_Price/B/short
TIME run allocation action=new run=/fslarge/scratch/users/h61084/codes/selectime/outputs/selectime/chronos_bolt/predictions/validation/top1_horizon/Job_Claims/W/short/run_0 launch_id=selena_3458556 slurm_job_id=3458556 launched_at=2026-09-17T10:38:10.470144+00:00
[2026-09-17 10:38:10 UTC] predict_validation method=top1_horizon Job_Claims/W/short
TIME run allocation action=new run=/fslarge/scratch/users/h61084/codes/selectime/outputs/selectime/chronos_bolt/predictions/validation/top1_horizon/Uncertainty_1M/M/short/run_0 launch_id=selena_3458556 slurm_job_id=3458556 launched_at=2026-09-17T10:38:10.511817+00:00
[2026-09-17 10:38:10 UTC] predict_validation method=top1_horizon Uncertainty_1M/M/short
TIME run allocation action=new run=/fslarge/scratch/users/h61084/codes/selectime/outputs/selectime/chronos_bolt/predictions/validation/top1_horizon/Housing_Inventory/M/short/run_0 launch_id=selena_3458556 slurm_job_id=3458556 launched_at=2026-09-17T10:38:10.555500+00:00
[2026-09-17 10:38:10 UTC] predict_validation method=top1_horizon Housing_Inventory/M/short
TIME run allocation action=new run=/fslarge/scratch/users/h61084/codes/selectime/outputs/selectime/chronos_bolt/predictions/validation/top1_horizon/JOLTS/M/short/run_0 launch_id=selena_3458556 slurm_job_id=3458556 launched_at=2026-09-17T10:38:10.598292+00:00
[2026-09-17 10:38:10 UTC] predict_validation method=top1_horizon JOLTS/M/short
TIME run allocation action=new run=/fslarge/scratch/users/h61084/codes/selectime/outputs/selectime/chronos_bolt/predictions/validation/top1_horizon/US_Labor/M/short/run_0 launch_id=selena_3458556 slurm_job_id=3458556 launched_at=2026-09-17T10:38:10.643034+00:00
[2026-09-17 10:38:10 UTC] predict_validation method=top1_horizon US_Labor/M/short
TIME run allocation action=new run=/fslarge/scratch/users/h61084/codes/selectime/outputs/selectime/chronos_bolt/predictions/validation/top1_horizon/Vehicle_Supply/M/short/run_0 launch_id=selena_3458556 slurm_job_id=3458556 launched_at=2026-09-17T10:38:10.692762+00:00
[2026-09-17 10:38:10 UTC] predict_validation method=top1_horizon Vehicle_Supply/M/short
TIME run allocation action=new run=/fslarge/scratch/users/h61084/codes/selectime/outputs/selectime/chronos_bolt/predictions/validation/top1_horizon/Auto_Production_SF/M/short/run_0 launch_id=selena_3458556 slurm_job_id=3458556 launched_at=2026-09-17T10:38:10.736118+00:00
[2026-09-17 10:38:10 UTC] predict_validation method=top1_horizon Auto_Production_SF/M/short
TIME run allocation action=new run=/fslarge/scratch/users/h61084/codes/selectime/outputs/selectime/chronos_bolt/predictions/validation/top1_horizon/Commodity_Production/M/short/run_0 launch_id=selena_3458556 slurm_job_id=3458556 launched_at=2026-09-17T10:38:10.780764+00:00
[2026-09-17 10:38:10 UTC] predict_validation method=top1_horizon Commodity_Production/M/short
TIME run allocation action=new run=/fslarge/scratch/users/h61084/codes/selectime/outputs/selectime/chronos_bolt/predictions/validation/top1_horizon/Commodity_Import/M/short/run_0 launch_id=selena_3458556 slurm_job_id=3458556 launched_at=2026-09-17T10:38:10.855553+00:00
[2026-09-17 10:38:10 UTC] predict_validation method=top1_horizon Commodity_Import/M/short
TIME run allocation action=new run=/fslarge/scratch/users/h61084/codes/selectime/outputs/selectime/chronos_bolt/predictions/validation/top1_horizon/WUI_Global/Q/short/run_0 launch_id=selena_3458556 slurm_job_id=3458556 launched_at=2026-09-17T10:38:10.904630+00:00
[2026-09-17 10:38:10 UTC] predict_validation method=top1_horizon WUI_Global/Q/short
TIME run allocation action=new run=/fslarge/scratch/users/h61084/codes/selectime/outputs/selectime/chronos_bolt/predictions/validation/top1_horizon/Global_Price/Q/short/run_0 launch_id=selena_3458556 slurm_job_id=3458556 launched_at=2026-09-17T10:38:10.956575+00:00
[2026-09-17 10:38:10 UTC] predict_validation method=top1_horizon Global_Price/Q/short
TIME run allocation action=new run=/fslarge/scratch/users/h61084/codes/selectime/outputs/selectime/chronos_bolt/predictions/validation/top1_horizon/Vehicle_Sales/M/short/run_0 launch_id=selena_3458556 slurm_job_id=3458556 launched_at=2026-09-17T10:38:11.037222+00:00
[2026-09-17 10:38:11 UTC] predict_validation method=top1_horizon Vehicle_Sales/M/short
TIME run allocation action=new run=/fslarge/scratch/users/h61084/codes/selectime/outputs/selectime/chronos_bolt/predictions/validation/top1_horizon/Online_Retail_2_UCI/D/short/run_0 launch_id=selena_3458556 slurm_job_id=3458556 launched_at=2026-09-17T10:38:11.084394+00:00
[2026-09-17 10:38:11 UTC] predict_validation method=top1_horizon Online_Retail_2_UCI/D/short
TIME run allocation action=new run=/fslarge/scratch/users/h61084/codes/selectime/outputs/selectime/chronos_bolt/predictions/validation/top1_horizon/Supply_Chain_Customer/D/short/run_0 launch_id=selena_3458556 slurm_job_id=3458556 launched_at=2026-09-17T10:38:11.133797+00:00
[2026-09-17 10:38:11 UTC] predict_validation method=top1_horizon Supply_Chain_Customer/D/short
TIME run allocation action=new run=/fslarge/scratch/users/h61084/codes/selectime/outputs/selectime/chronos_bolt/predictions/validation/top1_horizon/Supply_Chain_Location/D/short/run_0 launch_id=selena_3458556 slurm_job_id=3458556 launched_at=2026-09-17T10:38:11.246350+00:00
[2026-09-17 10:38:11 UTC] predict_validation method=top1_horizon Supply_Chain_Location/D/short
TIME run allocation action=new run=/fslarge/scratch/users/h61084/codes/selectime/outputs/selectime/chronos_bolt/predictions/validation/top1_horizon/azure2019_U/5T/short/run_0 launch_id=selena_3458556 slurm_job_id=3458556 launched_at=2026-09-17T10:38:11.417306+00:00
[2026-09-17 10:38:11 UTC] predict_validation method=top1_horizon azure2019_U/5T/short
TIME run allocation action=new run=/fslarge/scratch/users/h61084/codes/selectime/outputs/selectime/chronos_bolt/predictions/validation/top1_horizon/Smart_Manufacturing/H/short/run_0 launch_id=selena_3458556 slurm_job_id=3458556 launched_at=2026-09-17T10:38:11.500088+00:00
[2026-09-17 10:38:11 UTC] predict_validation method=top1_horizon Smart_Manufacturing/H/short
TIME run allocation action=new run=/fslarge/scratch/users/h61084/codes/selectime/outputs/selectime/chronos_bolt/predictions/validation/top1_horizon/Smart_Manufacturing/H/medium/run_0 launch_id=selena_3458556 slurm_job_id=3458556 launched_at=2026-09-17T10:38:11.577486+00:00
[2026-09-17 10:38:11 UTC] predict_validation method=top1_horizon Smart_Manufacturing/H/medium
TIME run allocation action=new run=/fslarge/scratch/users/h61084/codes/selectime/outputs/selectime/chronos_bolt/predictions/validation/top1_horizon/Smart_Manufacturing/H/long/run_0 launch_id=selena_3458556 slurm_job_id=3458556 launched_at=2026-09-17T10:38:11.656224+00:00
[2026-09-17 10:38:11 UTC] predict_validation method=top1_horizon Smart_Manufacturing/H/long
TIME run allocation action=new run=/fslarge/scratch/users/h61084/codes/selectime/outputs/selectime/chronos_bolt/predictions/validation/top1_horizon/MetroPT-3/5T/short/run_0 launch_id=selena_3458556 slurm_job_id=3458556 launched_at=2026-09-17T10:38:11.711829+00:00
[2026-09-17 10:38:11 UTC] predict_validation method=top1_horizon MetroPT-3/5T/short
TIME run allocation action=new run=/fslarge/scratch/users/h61084/codes/selectime/outputs/selectime/chronos_bolt/predictions/validation/top1_horizon/MetroPT-3/5T/medium/run_0 launch_id=selena_3458556 slurm_job_id=3458556 launched_at=2026-09-17T10:38:11.789852+00:00
[2026-09-17 10:38:11 UTC] predict_validation method=top1_horizon MetroPT-3/5T/medium
TIME run allocation action=new run=/fslarge/scratch/users/h61084/codes/selectime/outputs/selectime/chronos_bolt/predictions/validation/top1_horizon/MetroPT-3/5T/long/run_0 launch_id=selena_3458556 slurm_job_id=3458556 launched_at=2026-09-17T10:38:11.843452+00:00
[2026-09-17 10:38:11 UTC] predict_validation method=top1_horizon MetroPT-3/5T/long
[2026-09-17 10:38:14 UTC] Slurm=3458556 launch=selena_3458556 stage=select_task prediction_group=all
[2026-09-17 10:38:15 UTC] dataset_config=/fssmall/home/h61084/codes/selectime/src/timebench/config/datasets.yaml applied_keys=datasets,selectime_tasks tasks=90
[2026-09-17 10:38:15 UTC] stage=select_task tasks=90 seed=0 Slurm=3458556
[2026-09-17 12:38:15,523][datasets][INFO] - PyTorch version 2.9.1 available.
TIME run allocation action=new run=/fslarge/scratch/users/h61084/codes/selectime/outputs/selectime/chronos_bolt/selections/top1-horizon-mix/Water_Quality_Darwin/15T/short/run_0 launch_id=selena_3458556 slurm_job_id=3458556 launched_at=2026-09-17T10:38:15.884413+00:00
TIME run allocation action=new run=/fslarge/scratch/users/h61084/codes/selectime/outputs/selectime/chronos_bolt/selections/top1-horizon-mix/Water_Quality_Darwin/15T/medium/run_0 launch_id=selena_3458556 slurm_job_id=3458556 launched_at=2026-09-17T10:38:16.057311+00:00
TIME run allocation action=new run=/fslarge/scratch/users/h61084/codes/selectime/outputs/selectime/chronos_bolt/selections/top1-horizon-mix/Water_Quality_Darwin/15T/long/run_0 launch_id=selena_3458556 slurm_job_id=3458556 launched_at=2026-09-17T10:38:16.208415+00:00
TIME run allocation action=new run=/fslarge/scratch/users/h61084/codes/selectime/outputs/selectime/chronos_bolt/selections/top1-horizon-mix/current_velocity/5T/short/run_0 launch_id=selena_3458556 slurm_job_id=3458556 launched_at=2026-09-17T10:38:16.327552+00:00
TIME run allocation action=new run=/fslarge/scratch/users/h61084/codes/selectime/outputs/selectime/chronos_bolt/selections/top1-horizon-mix/current_velocity/5T/medium/run_0 launch_id=selena_3458556 slurm_job_id=3458556 launched_at=2026-09-17T10:38:16.397849+00:00
TIME run allocation action=new run=/fslarge/scratch/users/h61084/codes/selectime/outputs/selectime/chronos_bolt/selections/top1-horizon-mix/current_velocity/5T/long/run_0 launch_id=selena_3458556 slurm_job_id=3458556 launched_at=2026-09-17T10:38:16.463824+00:00
TIME run allocation action=new run=/fslarge/scratch/users/h61084/codes/selectime/outputs/selectime/chronos_bolt/selections/top1-horizon-mix/current_velocity/10T/short/run_0 launch_id=selena_3458556 slurm_job_id=3458556 launched_at=2026-09-17T10:38:16.604121+00:00
TIME run allocation action=new run=/fslarge/scratch/users/h61084/codes/selectime/outputs/selectime/chronos_bolt/selections/top1-horizon-mix/current_velocity/10T/medium/run_0 launch_id=selena_3458556 slurm_job_id=3458556 launched_at=2026-09-17T10:38:16.889763+00:00
TIME run allocation action=new run=/fslarge/scratch/users/h61084/codes/selectime/outputs/selectime/chronos_bolt/selections/top1-horizon-mix/current_velocity/10T/long/run_0 launch_id=selena_3458556 slurm_job_id=3458556 launched_at=2026-09-17T10:38:17.143578+00:00
TIME run allocation action=new run=/fslarge/scratch/users/h61084/codes/selectime/outputs/selectime/chronos_bolt/selections/top1-horizon-mix/current_velocity/15T/short/run_0 launch_id=selena_3458556 slurm_job_id=3458556 launched_at=2026-09-17T10:38:17.329835+00:00
TIME run allocation action=new run=/fslarge/scratch/users/h61084/codes/selectime/outputs/selectime/chronos_bolt/selections/top1-horizon-mix/current_velocity/15T/medium/run_0 launch_id=selena_3458556 slurm_job_id=3458556 launched_at=2026-09-17T10:38:17.428777+00:00
TIME run allocation action=new run=/fslarge/scratch/users/h61084/codes/selectime/outputs/selectime/chronos_bolt/selections/top1-horizon-mix/current_velocity/15T/long/run_0 launch_id=selena_3458556 slurm_job_id=3458556 launched_at=2026-09-17T10:38:17.520772+00:00
TIME run allocation action=new run=/fslarge/scratch/users/h61084/codes/selectime/outputs/selectime/chronos_bolt/selections/top1-horizon-mix/current_velocity/H/short/run_0 launch_id=selena_3458556 slurm_job_id=3458556 launched_at=2026-09-17T10:38:17.625171+00:00
TIME run allocation action=new run=/fslarge/scratch/users/h61084/codes/selectime/outputs/selectime/chronos_bolt/selections/top1-horizon-mix/current_velocity/H/medium/run_0 launch_id=selena_3458556 slurm_job_id=3458556 launched_at=2026-09-17T10:38:17.762710+00:00
TIME run allocation action=new run=/fslarge/scratch/users/h61084/codes/selectime/outputs/selectime/chronos_bolt/selections/top1-horizon-mix/current_velocity/H/long/run_0 launch_id=selena_3458556 slurm_job_id=3458556 launched_at=2026-09-17T10:38:17.888576+00:00
TIME run allocation action=new run=/fslarge/scratch/users/h61084/codes/selectime/outputs/selectime/chronos_bolt/selections/top1-horizon-mix/CPHL/15T/short/run_0 launch_id=selena_3458556 slurm_job_id=3458556 launched_at=2026-09-17T10:38:17.985505+00:00
TIME run allocation action=new run=/fslarge/scratch/users/h61084/codes/selectime/outputs/selectime/chronos_bolt/selections/top1-horizon-mix/CPHL/15T/medium/run_0 launch_id=selena_3458556 slurm_job_id=3458556 launched_at=2026-09-17T10:38:18.036434+00:00
TIME run allocation action=new run=/fslarge/scratch/users/h61084/codes/selectime/outputs/selectime/chronos_bolt/selections/top1-horizon-mix/CPHL/15T/long/run_0 launch_id=selena_3458556 slurm_job_id=3458556 launched_at=2026-09-17T10:38:18.086534+00:00
TIME run allocation action=new run=/fslarge/scratch/users/h61084/codes/selectime/outputs/selectime/chronos_bolt/selections/top1-horizon-mix/CPHL/30T/short/run_0 launch_id=selena_3458556 slurm_job_id=3458556 launched_at=2026-09-17T10:38:18.137577+00:00
TIME run allocation action=new run=/fslarge/scratch/users/h61084/codes/selectime/outputs/selectime/chronos_bolt/selections/top1-horizon-mix/CPHL/30T/medium/run_0 launch_id=selena_3458556 slurm_job_id=3458556 launched_at=2026-09-17T10:38:18.189779+00:00
TIME run allocation action=new run=/fslarge/scratch/users/h61084/codes/selectime/outputs/selectime/chronos_bolt/selections/top1-horizon-mix/CPHL/30T/long/run_0 launch_id=selena_3458556 slurm_job_id=3458556 launched_at=2026-09-17T10:38:18.241013+00:00
TIME run allocation action=new run=/fslarge/scratch/users/h61084/codes/selectime/outputs/selectime/chronos_bolt/selections/top1-horizon-mix/CPHL/H/short/run_0 launch_id=selena_3458556 slurm_job_id=3458556 launched_at=2026-09-17T10:38:18.292449+00:00
TIME run allocation action=new run=/fslarge/scratch/users/h61084/codes/selectime/outputs/selectime/chronos_bolt/selections/top1-horizon-mix/CPHL/H/medium/run_0 launch_id=selena_3458556 slurm_job_id=3458556 launched_at=2026-09-17T10:38:18.345312+00:00
TIME run allocation action=new run=/fslarge/scratch/users/h61084/codes/selectime/outputs/selectime/chronos_bolt/selections/top1-horizon-mix/CPHL/H/long/run_0 launch_id=selena_3458556 slurm_job_id=3458556 launched_at=2026-09-17T10:38:18.396492+00:00
TIME run allocation action=new run=/fslarge/scratch/users/h61084/codes/selectime/outputs/selectime/chronos_bolt/selections/top1-horizon-mix/Coastal_T_S/15T/short/run_0 launch_id=selena_3458556 slurm_job_id=3458556 launched_at=2026-09-17T10:38:18.468171+00:00
TIME run allocation action=new run=/fslarge/scratch/users/h61084/codes/selectime/outputs/selectime/chronos_bolt/selections/top1-horizon-mix/Coastal_T_S/15T/medium/run_0 launch_id=selena_3458556 slurm_job_id=3458556 launched_at=2026-09-17T10:38:18.578193+00:00
TIME run allocation action=new run=/fslarge/scratch/users/h61084/codes/selectime/outputs/selectime/chronos_bolt/selections/top1-horizon-mix/Coastal_T_S/15T/long/run_0 launch_id=selena_3458556 slurm_job_id=3458556 launched_at=2026-09-17T10:38:18.679194+00:00
TIME run allocation action=new run=/fslarge/scratch/users/h61084/codes/selectime/outputs/selectime/chronos_bolt/selections/top1-horizon-mix/Coastal_T_S/20T/short/run_0 launch_id=selena_3458556 slurm_job_id=3458556 launched_at=2026-09-17T10:38:18.760101+00:00
TIME run allocation action=new run=/fslarge/scratch/users/h61084/codes/selectime/outputs/selectime/chronos_bolt/selections/top1-horizon-mix/Coastal_T_S/20T/medium/run_0 launch_id=selena_3458556 slurm_job_id=3458556 launched_at=2026-09-17T10:38:18.812131+00:00
TIME run allocation action=new run=/fslarge/scratch/users/h61084/codes/selectime/outputs/selectime/chronos_bolt/selections/top1-horizon-mix/Coastal_T_S/20T/long/run_0 launch_id=selena_3458556 slurm_job_id=3458556 launched_at=2026-09-17T10:38:18.863321+00:00
TIME run allocation action=new run=/fslarge/scratch/users/h61084/codes/selectime/outputs/selectime/chronos_bolt/selections/top1-horizon-mix/Coastal_T_S/H/short/run_0 launch_id=selena_3458556 slurm_job_id=3458556 launched_at=2026-09-17T10:38:18.940184+00:00
TIME run allocation action=new run=/fslarge/scratch/users/h61084/codes/selectime/outputs/selectime/chronos_bolt/selections/top1-horizon-mix/Coastal_T_S/H/medium/run_0 launch_id=selena_3458556 slurm_job_id=3458556 launched_at=2026-09-17T10:38:19.069751+00:00
TIME run allocation action=new run=/fslarge/scratch/users/h61084/codes/selectime/outputs/selectime/chronos_bolt/selections/top1-horizon-mix/Coastal_T_S/H/long/run_0 launch_id=selena_3458556 slurm_job_id=3458556 launched_at=2026-09-17T10:38:19.187320+00:00
TIME run allocation action=new run=/fslarge/scratch/users/h61084/codes/selectime/outputs/selectime/chronos_bolt/selections/top1-horizon-mix/SG_Weather/D/short/run_0 launch_id=selena_3458556 slurm_job_id=3458556 launched_at=2026-09-17T10:38:19.282884+00:00
TIME run allocation action=new run=/fslarge/scratch/users/h61084/codes/selectime/outputs/selectime/chronos_bolt/selections/top1-horizon-mix/SG_Weather/D/medium/run_0 launch_id=selena_3458556 slurm_job_id=3458556 launched_at=2026-09-17T10:38:19.356900+00:00
TIME run allocation action=new run=/fslarge/scratch/users/h61084/codes/selectime/outputs/selectime/chronos_bolt/selections/top1-horizon-mix/SG_Weather/D/long/run_0 launch_id=selena_3458556 slurm_job_id=3458556 launched_at=2026-09-17T10:38:19.425670+00:00
TIME run allocation action=new run=/fslarge/scratch/users/h61084/codes/selectime/outputs/selectime/chronos_bolt/selections/top1-horizon-mix/SG_PM25/H/short/run_0 launch_id=selena_3458556 slurm_job_id=3458556 launched_at=2026-09-17T10:38:19.499169+00:00
TIME run allocation action=new run=/fslarge/scratch/users/h61084/codes/selectime/outputs/selectime/chronos_bolt/selections/top1-horizon-mix/SG_PM25/H/medium/run_0 launch_id=selena_3458556 slurm_job_id=3458556 launched_at=2026-09-17T10:38:19.573616+00:00
TIME run allocation action=new run=/fslarge/scratch/users/h61084/codes/selectime/outputs/selectime/chronos_bolt/selections/top1-horizon-mix/SG_PM25/H/long/run_0 launch_id=selena_3458556 slurm_job_id=3458556 launched_at=2026-09-17T10:38:19.647551+00:00
TIME run allocation action=new run=/fslarge/scratch/users/h61084/codes/selectime/outputs/selectime/chronos_bolt/selections/top1-horizon-mix/NE_China_Wind/H/short/run_0 launch_id=selena_3458556 slurm_job_id=3458556 launched_at=2026-09-17T10:38:19.708659+00:00
TIME run allocation action=new run=/fslarge/scratch/users/h61084/codes/selectime/outputs/selectime/chronos_bolt/selections/top1-horizon-mix/NE_China_Wind/H/medium/run_0 launch_id=selena_3458556 slurm_job_id=3458556 launched_at=2026-09-17T10:38:19.761006+00:00
TIME run allocation action=new run=/fslarge/scratch/users/h61084/codes/selectime/outputs/selectime/chronos_bolt/selections/top1-horizon-mix/NE_China_Wind/H/long/run_0 launch_id=selena_3458556 slurm_job_id=3458556 launched_at=2026-09-17T10:38:19.813168+00:00
TIME run allocation action=new run=/fslarge/scratch/users/h61084/codes/selectime/outputs/selectime/chronos_bolt/selections/top1-horizon-mix/Australia_Solar/H/short/run_0 launch_id=selena_3458556 slurm_job_id=3458556 launched_at=2026-09-17T10:38:19.870349+00:00
TIME run allocation action=new run=/fslarge/scratch/users/h61084/codes/selectime/outputs/selectime/chronos_bolt/selections/top1-horizon-mix/Australia_Solar/H/medium/run_0 launch_id=selena_3458556 slurm_job_id=3458556 launched_at=2026-09-17T10:38:19.932777+00:00
TIME run allocation action=new run=/fslarge/scratch/users/h61084/codes/selectime/outputs/selectime/chronos_bolt/selections/top1-horizon-mix/Australia_Solar/H/long/run_0 launch_id=selena_3458556 slurm_job_id=3458556 launched_at=2026-09-17T10:38:19.992899+00:00
TIME run allocation action=new run=/fslarge/scratch/users/h61084/codes/selectime/outputs/selectime/chronos_bolt/selections/top1-horizon-mix/epf_electricity_price/H/short/run_0 launch_id=selena_3458556 slurm_job_id=3458556 launched_at=2026-09-17T10:38:20.062907+00:00
TIME run allocation action=new run=/fslarge/scratch/users/h61084/codes/selectime/outputs/selectime/chronos_bolt/selections/top1-horizon-mix/epf_electricity_price/H/medium/run_0 launch_id=selena_3458556 slurm_job_id=3458556 launched_at=2026-09-17T10:38:20.155987+00:00
TIME run allocation action=new run=/fslarge/scratch/users/h61084/codes/selectime/outputs/selectime/chronos_bolt/selections/top1-horizon-mix/epf_electricity_price/H/long/run_0 launch_id=selena_3458556 slurm_job_id=3458556 launched_at=2026-09-17T10:38:20.246418+00:00
TIME run allocation action=new run=/fslarge/scratch/users/h61084/codes/selectime/outputs/selectime/chronos_bolt/selections/top1-horizon-mix/OpenElectricity_NEM/5T/short/run_0 launch_id=selena_3458556 slurm_job_id=3458556 launched_at=2026-09-17T10:38:20.357168+00:00
TIME run allocation action=new run=/fslarge/scratch/users/h61084/codes/selectime/outputs/selectime/chronos_bolt/selections/top1-horizon-mix/OpenElectricity_NEM/5T/medium/run_0 launch_id=selena_3458556 slurm_job_id=3458556 launched_at=2026-09-17T10:38:20.479750+00:00
TIME run allocation action=new run=/fslarge/scratch/users/h61084/codes/selectime/outputs/selectime/chronos_bolt/selections/top1-horizon-mix/OpenElectricity_NEM/5T/long/run_0 launch_id=selena_3458556 slurm_job_id=3458556 launched_at=2026-09-17T10:38:20.589408+00:00
TIME run allocation action=new run=/fslarge/scratch/users/h61084/codes/selectime/outputs/selectime/chronos_bolt/selections/top1-horizon-mix/EWELD_Load/15T/short/run_0 launch_id=selena_3458556 slurm_job_id=3458556 launched_at=2026-09-17T10:38:20.676657+00:00
TIME run allocation action=new run=/fslarge/scratch/users/h61084/codes/selectime/outputs/selectime/chronos_bolt/selections/top1-horizon-mix/EWELD_Load/15T/medium/run_0 launch_id=selena_3458556 slurm_job_id=3458556 launched_at=2026-09-17T10:38:20.751344+00:00
TIME run allocation action=new run=/fslarge/scratch/users/h61084/codes/selectime/outputs/selectime/chronos_bolt/selections/top1-horizon-mix/EWELD_Load/15T/long/run_0 launch_id=selena_3458556 slurm_job_id=3458556 launched_at=2026-09-17T10:38:20.824974+00:00
TIME run allocation action=new run=/fslarge/scratch/users/h61084/codes/selectime/outputs/selectime/chronos_bolt/selections/top1-horizon-mix/SG_Carpark/15T/short/run_0 launch_id=selena_3458556 slurm_job_id=3458556 launched_at=2026-09-17T10:38:21.216277+00:00
TIME run allocation action=new run=/fslarge/scratch/users/h61084/codes/selectime/outputs/selectime/chronos_bolt/selections/top1-horizon-mix/SG_Carpark/15T/medium/run_0 launch_id=selena_3458556 slurm_job_id=3458556 launched_at=2026-09-17T10:38:22.196532+00:00
TIME run allocation action=new run=/fslarge/scratch/users/h61084/codes/selectime/outputs/selectime/chronos_bolt/selections/top1-horizon-mix/SG_Carpark/15T/long/run_0 launch_id=selena_3458556 slurm_job_id=3458556 launched_at=2026-09-17T10:38:23.107663+00:00
TIME run allocation action=new run=/fslarge/scratch/users/h61084/codes/selectime/outputs/selectime/chronos_bolt/selections/top1-horizon-mix/Finland_Traffic/15T/short/run_0 launch_id=selena_3458556 slurm_job_id=3458556 launched_at=2026-09-17T10:38:23.676021+00:00
TIME run allocation action=new run=/fslarge/scratch/users/h61084/codes/selectime/outputs/selectime/chronos_bolt/selections/top1-horizon-mix/Finland_Traffic/15T/medium/run_0 launch_id=selena_3458556 slurm_job_id=3458556 launched_at=2026-09-17T10:38:23.730639+00:00
TIME run allocation action=new run=/fslarge/scratch/users/h61084/codes/selectime/outputs/selectime/chronos_bolt/selections/top1-horizon-mix/Finland_Traffic/15T/long/run_0 launch_id=selena_3458556 slurm_job_id=3458556 launched_at=2026-09-17T10:38:23.784663+00:00
TIME run allocation action=new run=/fslarge/scratch/users/h61084/codes/selectime/outputs/selectime/chronos_bolt/selections/top1-horizon-mix/Port_Activity/D/short/run_0 launch_id=selena_3458556 slurm_job_id=3458556 launched_at=2026-09-17T10:38:23.869441+00:00
TIME run allocation action=new run=/fslarge/scratch/users/h61084/codes/selectime/outputs/selectime/chronos_bolt/selections/top1-horizon-mix/Port_Activity/W/short/run_0 launch_id=selena_3458556 slurm_job_id=3458556 launched_at=2026-09-17T10:38:23.995919+00:00
TIME run allocation action=new run=/fslarge/scratch/users/h61084/codes/selectime/outputs/selectime/chronos_bolt/selections/top1-horizon-mix/ECDC_COVID/D/short/run_0 launch_id=selena_3458556 slurm_job_id=3458556 launched_at=2026-09-17T10:38:24.069817+00:00
TIME run allocation action=new run=/fslarge/scratch/users/h61084/codes/selectime/outputs/selectime/chronos_bolt/selections/top1-horizon-mix/ECDC_COVID/W/short/run_0 launch_id=selena_3458556 slurm_job_id=3458556 launched_at=2026-09-17T10:38:24.121674+00:00
TIME run allocation action=new run=/fslarge/scratch/users/h61084/codes/selectime/outputs/selectime/chronos_bolt/selections/top1-horizon-mix/Global_Influenza/W/short/run_0 launch_id=selena_3458556 slurm_job_id=3458556 launched_at=2026-09-17T10:38:24.174788+00:00
TIME run allocation action=new run=/fslarge/scratch/users/h61084/codes/selectime/outputs/selectime/chronos_bolt/selections/top1-horizon-mix/Crypto/D/short/run_0 launch_id=selena_3458556 slurm_job_id=3458556 launched_at=2026-09-17T10:38:24.229730+00:00
TIME run allocation action=new run=/fslarge/scratch/users/h61084/codes/selectime/outputs/selectime/chronos_bolt/selections/top1-horizon-mix/US_Term_Structure/B/short/run_0 launch_id=selena_3458556 slurm_job_id=3458556 launched_at=2026-09-17T10:38:24.308116+00:00
TIME run allocation action=new run=/fslarge/scratch/users/h61084/codes/selectime/outputs/selectime/chronos_bolt/selections/top1-horizon-mix/Oil_Price/B/short/run_0 launch_id=selena_3458556 slurm_job_id=3458556 launched_at=2026-09-17T10:38:24.392622+00:00
TIME run allocation action=new run=/fslarge/scratch/users/h61084/codes/selectime/outputs/selectime/chronos_bolt/selections/top1-horizon-mix/Job_Claims/W/short/run_0 launch_id=selena_3458556 slurm_job_id=3458556 launched_at=2026-09-17T10:38:24.446800+00:00
TIME run allocation action=new run=/fslarge/scratch/users/h61084/codes/selectime/outputs/selectime/chronos_bolt/selections/top1-horizon-mix/Uncertainty_1M/M/short/run_0 launch_id=selena_3458556 slurm_job_id=3458556 launched_at=2026-09-17T10:38:24.496082+00:00
TIME run allocation action=new run=/fslarge/scratch/users/h61084/codes/selectime/outputs/selectime/chronos_bolt/selections/top1-horizon-mix/Housing_Inventory/M/short/run_0 launch_id=selena_3458556 slurm_job_id=3458556 launched_at=2026-09-17T10:38:24.544918+00:00
TIME run allocation action=new run=/fslarge/scratch/users/h61084/codes/selectime/outputs/selectime/chronos_bolt/selections/top1-horizon-mix/JOLTS/M/short/run_0 launch_id=selena_3458556 slurm_job_id=3458556 launched_at=2026-09-17T10:38:24.593813+00:00
TIME run allocation action=new run=/fslarge/scratch/users/h61084/codes/selectime/outputs/selectime/chronos_bolt/selections/top1-horizon-mix/US_Labor/M/short/run_0 launch_id=selena_3458556 slurm_job_id=3458556 launched_at=2026-09-17T10:38:24.642957+00:00
TIME run allocation action=new run=/fslarge/scratch/users/h61084/codes/selectime/outputs/selectime/chronos_bolt/selections/top1-horizon-mix/Vehicle_Supply/M/short/run_0 launch_id=selena_3458556 slurm_job_id=3458556 launched_at=2026-09-17T10:38:24.692495+00:00
TIME run allocation action=new run=/fslarge/scratch/users/h61084/codes/selectime/outputs/selectime/chronos_bolt/selections/top1-horizon-mix/Auto_Production_SF/M/short/run_0 launch_id=selena_3458556 slurm_job_id=3458556 launched_at=2026-09-17T10:38:24.741286+00:00
TIME run allocation action=new run=/fslarge/scratch/users/h61084/codes/selectime/outputs/selectime/chronos_bolt/selections/top1-horizon-mix/Commodity_Production/M/short/run_0 launch_id=selena_3458556 slurm_job_id=3458556 launched_at=2026-09-17T10:38:24.790912+00:00
TIME run allocation action=new run=/fslarge/scratch/users/h61084/codes/selectime/outputs/selectime/chronos_bolt/selections/top1-horizon-mix/Commodity_Import/M/short/run_0 launch_id=selena_3458556 slurm_job_id=3458556 launched_at=2026-09-17T10:38:24.845936+00:00
TIME run allocation action=new run=/fslarge/scratch/users/h61084/codes/selectime/outputs/selectime/chronos_bolt/selections/top1-horizon-mix/WUI_Global/Q/short/run_0 launch_id=selena_3458556 slurm_job_id=3458556 launched_at=2026-09-17T10:38:24.897153+00:00
TIME run allocation action=new run=/fslarge/scratch/users/h61084/codes/selectime/outputs/selectime/chronos_bolt/selections/top1-horizon-mix/Global_Price/Q/short/run_0 launch_id=selena_3458556 slurm_job_id=3458556 launched_at=2026-09-17T10:38:24.946533+00:00
TIME run allocation action=new run=/fslarge/scratch/users/h61084/codes/selectime/outputs/selectime/chronos_bolt/selections/top1-horizon-mix/Vehicle_Sales/M/short/run_0 launch_id=selena_3458556 slurm_job_id=3458556 launched_at=2026-09-17T10:38:24.997408+00:00
TIME run allocation action=new run=/fslarge/scratch/users/h61084/codes/selectime/outputs/selectime/chronos_bolt/selections/top1-horizon-mix/Online_Retail_2_UCI/D/short/run_0 launch_id=selena_3458556 slurm_job_id=3458556 launched_at=2026-09-17T10:38:25.046908+00:00
TIME run allocation action=new run=/fslarge/scratch/users/h61084/codes/selectime/outputs/selectime/chronos_bolt/selections/top1-horizon-mix/Supply_Chain_Customer/D/short/run_0 launch_id=selena_3458556 slurm_job_id=3458556 launched_at=2026-09-17T10:38:25.100094+00:00
TIME run allocation action=new run=/fslarge/scratch/users/h61084/codes/selectime/outputs/selectime/chronos_bolt/selections/top1-horizon-mix/Supply_Chain_Location/D/short/run_0 launch_id=selena_3458556 slurm_job_id=3458556 launched_at=2026-09-17T10:38:25.161267+00:00
TIME run allocation action=new run=/fslarge/scratch/users/h61084/codes/selectime/outputs/selectime/chronos_bolt/selections/top1-horizon-mix/azure2019_U/5T/short/run_0 launch_id=selena_3458556 slurm_job_id=3458556 launched_at=2026-09-17T10:38:25.245770+00:00
TIME run allocation action=new run=/fslarge/scratch/users/h61084/codes/selectime/outputs/selectime/chronos_bolt/selections/top1-horizon-mix/Smart_Manufacturing/H/short/run_0 launch_id=selena_3458556 slurm_job_id=3458556 launched_at=2026-09-17T10:38:25.366167+00:00
TIME run allocation action=new run=/fslarge/scratch/users/h61084/codes/selectime/outputs/selectime/chronos_bolt/selections/top1-horizon-mix/Smart_Manufacturing/H/medium/run_0 launch_id=selena_3458556 slurm_job_id=3458556 launched_at=2026-09-17T10:38:25.488653+00:00
TIME run allocation action=new run=/fslarge/scratch/users/h61084/codes/selectime/outputs/selectime/chronos_bolt/selections/top1-horizon-mix/Smart_Manufacturing/H/long/run_0 launch_id=selena_3458556 slurm_job_id=3458556 launched_at=2026-09-17T10:38:25.592053+00:00
TIME run allocation action=new run=/fslarge/scratch/users/h61084/codes/selectime/outputs/selectime/chronos_bolt/selections/top1-horizon-mix/MetroPT-3/5T/short/run_0 launch_id=selena_3458556 slurm_job_id=3458556 launched_at=2026-09-17T10:38:25.681877+00:00
TIME run allocation action=new run=/fslarge/scratch/users/h61084/codes/selectime/outputs/selectime/chronos_bolt/selections/top1-horizon-mix/MetroPT-3/5T/medium/run_0 launch_id=selena_3458556 slurm_job_id=3458556 launched_at=2026-09-17T10:38:25.742997+00:00
TIME run allocation action=new run=/fslarge/scratch/users/h61084/codes/selectime/outputs/selectime/chronos_bolt/selections/top1-horizon-mix/MetroPT-3/5T/long/run_0 launch_id=selena_3458556 slurm_job_id=3458556 launched_at=2026-09-17T10:38:25.803617+00:00
[2026-09-17 10:38:27 UTC] Slurm=3458556 launch=selena_3458556 stage=select_per_variate prediction_group=all
[2026-09-17 10:38:28 UTC] dataset_config=/fssmall/home/h61084/codes/selectime/src/timebench/config/datasets.yaml applied_keys=datasets,selectime_tasks tasks=90
[2026-09-17 10:38:28 UTC] stage=select_per_variate tasks=90 seed=0 Slurm=3458556
[2026-09-17 10:38:30 UTC] Slurm=3458556 launch=selena_3458556 stage=extract_test prediction_group=all
[2026-09-17 10:38:31 UTC] dataset_config=/fssmall/home/h61084/codes/selectime/src/timebench/config/datasets.yaml applied_keys=datasets,selectime_tasks tasks=90
[2026-09-17 10:38:31 UTC] stage=extract_test tasks=90 seed=0 Slurm=3458556
TIME run allocation action=new run=/fslarge/scratch/users/h61084/codes/selectime/outputs/selectime/chronos_bolt/retrieval/test/Water_Quality_Darwin/15T/short/run_0 launch_id=selena_3458556 slurm_job_id=3458556 launched_at=2026-09-17T10:38:31.533466+00:00
[2026-09-17 10:38:31 UTC] extract_test Water_Quality_Darwin/15T/short
[2026-09-17 12:38:31,881][datasets][INFO] - PyTorch version 2.9.1 available.
TIME run allocation action=new run=/fslarge/scratch/users/h61084/codes/selectime/outputs/selectime/chronos_bolt/retrieval/test/Water_Quality_Darwin/15T/medium/run_0 launch_id=selena_3458556 slurm_job_id=3458556 launched_at=2026-09-17T10:39:29.018452+00:00
[2026-09-17 10:39:29 UTC] extract_test Water_Quality_Darwin/15T/medium
TIME run allocation action=new run=/fslarge/scratch/users/h61084/codes/selectime/outputs/selectime/chronos_bolt/retrieval/test/Water_Quality_Darwin/15T/long/run_0 launch_id=selena_3458556 slurm_job_id=3458556 launched_at=2026-09-17T10:39:31.791128+00:00
[2026-09-17 10:39:31 UTC] extract_test Water_Quality_Darwin/15T/long
TIME run allocation action=new run=/fslarge/scratch/users/h61084/codes/selectime/outputs/selectime/chronos_bolt/retrieval/test/current_velocity/5T/short/run_0 launch_id=selena_3458556 slurm_job_id=3458556 launched_at=2026-09-17T10:39:33.392008+00:00
[2026-09-17 10:39:33 UTC] extract_test current_velocity/5T/short
TIME run allocation action=new run=/fslarge/scratch/users/h61084/codes/selectime/outputs/selectime/chronos_bolt/retrieval/test/current_velocity/5T/medium/run_0 launch_id=selena_3458556 slurm_job_id=3458556 launched_at=2026-09-17T10:39:33.996416+00:00
[2026-09-17 10:39:33 UTC] extract_test current_velocity/5T/medium
TIME run allocation action=new run=/fslarge/scratch/users/h61084/codes/selectime/outputs/selectime/chronos_bolt/retrieval/test/current_velocity/5T/long/run_0 launch_id=selena_3458556 slurm_job_id=3458556 launched_at=2026-09-17T10:39:34.098769+00:00
[2026-09-17 10:39:34 UTC] extract_test current_velocity/5T/long
TIME run allocation action=new run=/fslarge/scratch/users/h61084/codes/selectime/outputs/selectime/chronos_bolt/retrieval/test/current_velocity/10T/short/run_0 launch_id=selena_3458556 slurm_job_id=3458556 launched_at=2026-09-17T10:39:34.198836+00:00
[2026-09-17 10:39:34 UTC] extract_test current_velocity/10T/short
TIME run allocation action=new run=/fslarge/scratch/users/h61084/codes/selectime/outputs/selectime/chronos_bolt/retrieval/test/current_velocity/10T/medium/run_0 launch_id=selena_3458556 slurm_job_id=3458556 launched_at=2026-09-17T10:44:02.595304+00:00
[2026-09-17 10:44:02 UTC] extract_test current_velocity/10T/medium
TIME run allocation action=new run=/fslarge/scratch/users/h61084/codes/selectime/outputs/selectime/chronos_bolt/retrieval/test/current_velocity/10T/long/run_0 launch_id=selena_3458556 slurm_job_id=3458556 launched_at=2026-09-17T10:44:10.152464+00:00
[2026-09-17 10:44:10 UTC] extract_test current_velocity/10T/long
TIME run allocation action=new run=/fslarge/scratch/users/h61084/codes/selectime/outputs/selectime/chronos_bolt/retrieval/test/current_velocity/15T/short/run_0 launch_id=selena_3458556 slurm_job_id=3458556 launched_at=2026-09-17T10:44:14.244371+00:00
[2026-09-17 10:44:14 UTC] extract_test current_velocity/15T/short
TIME run allocation action=new run=/fslarge/scratch/users/h61084/codes/selectime/outputs/selectime/chronos_bolt/retrieval/test/current_velocity/15T/medium/run_0 launch_id=selena_3458556 slurm_job_id=3458556 launched_at=2026-09-17T10:44:33.399989+00:00
[2026-09-17 10:44:33 UTC] extract_test current_velocity/15T/medium
TIME run allocation action=new run=/fslarge/scratch/users/h61084/codes/selectime/outputs/selectime/chronos_bolt/retrieval/test/current_velocity/15T/long/run_0 launch_id=selena_3458556 slurm_job_id=3458556 launched_at=2026-09-17T10:44:34.065806+00:00
[2026-09-17 10:44:34 UTC] extract_test current_velocity/15T/long
TIME run allocation action=new run=/fslarge/scratch/users/h61084/codes/selectime/outputs/selectime/chronos_bolt/retrieval/test/current_velocity/H/short/run_0 launch_id=selena_3458556 slurm_job_id=3458556 launched_at=2026-09-17T10:44:34.529774+00:00
[2026-09-17 10:44:34 UTC] extract_test current_velocity/H/short
TIME run allocation action=new run=/fslarge/scratch/users/h61084/codes/selectime/outputs/selectime/chronos_bolt/retrieval/test/current_velocity/H/medium/run_0 launch_id=selena_3458556 slurm_job_id=3458556 launched_at=2026-09-17T10:44:56.367378+00:00
[2026-09-17 10:44:56 UTC] extract_test current_velocity/H/medium
TIME run allocation action=new run=/fslarge/scratch/users/h61084/codes/selectime/outputs/selectime/chronos_bolt/retrieval/test/current_velocity/H/long/run_0 launch_id=selena_3458556 slurm_job_id=3458556 launched_at=2026-09-17T10:45:00.411478+00:00
[2026-09-17 10:45:00 UTC] extract_test current_velocity/H/long
TIME run allocation action=new run=/fslarge/scratch/users/h61084/codes/selectime/outputs/selectime/chronos_bolt/retrieval/test/CPHL/15T/short/run_0 launch_id=selena_3458556 slurm_job_id=3458556 launched_at=2026-09-17T10:45:03.514063+00:00
[2026-09-17 10:45:03 UTC] extract_test CPHL/15T/short
TIME run allocation action=new run=/fslarge/scratch/users/h61084/codes/selectime/outputs/selectime/chronos_bolt/retrieval/test/CPHL/15T/medium/run_0 launch_id=selena_3458556 slurm_job_id=3458556 launched_at=2026-09-17T10:45:03.704484+00:00
[2026-09-17 10:45:03 UTC] extract_test CPHL/15T/medium
TIME run allocation action=new run=/fslarge/scratch/users/h61084/codes/selectime/outputs/selectime/chronos_bolt/retrieval/test/CPHL/15T/long/run_0 launch_id=selena_3458556 slurm_job_id=3458556 launched_at=2026-09-17T10:45:03.763593+00:00
[2026-09-17 10:45:03 UTC] extract_test CPHL/15T/long
TIME run allocation action=new run=/fslarge/scratch/users/h61084/codes/selectime/outputs/selectime/chronos_bolt/retrieval/test/CPHL/30T/short/run_0 launch_id=selena_3458556 slurm_job_id=3458556 launched_at=2026-09-17T10:45:03.822849+00:00
[2026-09-17 10:45:03 UTC] extract_test CPHL/30T/short
TIME run allocation action=new run=/fslarge/scratch/users/h61084/codes/selectime/outputs/selectime/chronos_bolt/retrieval/test/CPHL/30T/medium/run_0 launch_id=selena_3458556 slurm_job_id=3458556 launched_at=2026-09-17T10:45:03.993113+00:00
[2026-09-17 10:45:03 UTC] extract_test CPHL/30T/medium
TIME run allocation action=new run=/fslarge/scratch/users/h61084/codes/selectime/outputs/selectime/chronos_bolt/retrieval/test/CPHL/30T/long/run_0 launch_id=selena_3458556 slurm_job_id=3458556 launched_at=2026-09-17T10:45:04.075233+00:00
[2026-09-17 10:45:04 UTC] extract_test CPHL/30T/long
TIME run allocation action=new run=/fslarge/scratch/users/h61084/codes/selectime/outputs/selectime/chronos_bolt/retrieval/test/CPHL/H/short/run_0 launch_id=selena_3458556 slurm_job_id=3458556 launched_at=2026-09-17T10:45:04.136406+00:00
[2026-09-17 10:45:04 UTC] extract_test CPHL/H/short
TIME run allocation action=new run=/fslarge/scratch/users/h61084/codes/selectime/outputs/selectime/chronos_bolt/retrieval/test/CPHL/H/medium/run_0 launch_id=selena_3458556 slurm_job_id=3458556 launched_at=2026-09-17T10:45:04.225482+00:00
[2026-09-17 10:45:04 UTC] extract_test CPHL/H/medium
TIME run allocation action=new run=/fslarge/scratch/users/h61084/codes/selectime/outputs/selectime/chronos_bolt/retrieval/test/CPHL/H/long/run_0 launch_id=selena_3458556 slurm_job_id=3458556 launched_at=2026-09-17T10:45:04.295440+00:00
[2026-09-17 10:45:04 UTC] extract_test CPHL/H/long
TIME run allocation action=new run=/fslarge/scratch/users/h61084/codes/selectime/outputs/selectime/chronos_bolt/retrieval/test/Coastal_T_S/15T/short/run_0 launch_id=selena_3458556 slurm_job_id=3458556 launched_at=2026-09-17T10:45:04.374332+00:00
[2026-09-17 10:45:04 UTC] extract_test Coastal_T_S/15T/short
TIME run allocation action=new run=/fslarge/scratch/users/h61084/codes/selectime/outputs/selectime/chronos_bolt/retrieval/test/Coastal_T_S/15T/medium/run_0 launch_id=selena_3458556 slurm_job_id=3458556 launched_at=2026-09-17T10:45:10.756847+00:00
[2026-09-17 10:45:10 UTC] extract_test Coastal_T_S/15T/medium
TIME run allocation action=new run=/fslarge/scratch/users/h61084/codes/selectime/outputs/selectime/chronos_bolt/retrieval/test/Coastal_T_S/15T/long/run_0 launch_id=selena_3458556 slurm_job_id=3458556 launched_at=2026-09-17T10:45:11.092481+00:00
[2026-09-17 10:45:11 UTC] extract_test Coastal_T_S/15T/long
TIME run allocation action=new run=/fslarge/scratch/users/h61084/codes/selectime/outputs/selectime/chronos_bolt/retrieval/test/Coastal_T_S/20T/short/run_0 launch_id=selena_3458556 slurm_job_id=3458556 launched_at=2026-09-17T10:45:11.353998+00:00
[2026-09-17 10:45:11 UTC] extract_test Coastal_T_S/20T/short
TIME run allocation action=new run=/fslarge/scratch/users/h61084/codes/selectime/outputs/selectime/chronos_bolt/retrieval/test/Coastal_T_S/20T/medium/run_0 launch_id=selena_3458556 slurm_job_id=3458556 launched_at=2026-09-17T10:45:11.523601+00:00
[2026-09-17 10:45:11 UTC] extract_test Coastal_T_S/20T/medium
TIME run allocation action=new run=/fslarge/scratch/users/h61084/codes/selectime/outputs/selectime/chronos_bolt/retrieval/test/Coastal_T_S/20T/long/run_0 launch_id=selena_3458556 slurm_job_id=3458556 launched_at=2026-09-17T10:45:11.580335+00:00
[2026-09-17 10:45:11 UTC] extract_test Coastal_T_S/20T/long
TIME run allocation action=new run=/fslarge/scratch/users/h61084/codes/selectime/outputs/selectime/chronos_bolt/retrieval/test/Coastal_T_S/H/short/run_0 launch_id=selena_3458556 slurm_job_id=3458556 launched_at=2026-09-17T10:45:11.629121+00:00
[2026-09-17 10:45:11 UTC] extract_test Coastal_T_S/H/short
TIME run allocation action=new run=/fslarge/scratch/users/h61084/codes/selectime/outputs/selectime/chronos_bolt/retrieval/test/Coastal_T_S/H/medium/run_0 launch_id=selena_3458556 slurm_job_id=3458556 launched_at=2026-09-17T10:45:19.453260+00:00
[2026-09-17 10:45:19 UTC] extract_test Coastal_T_S/H/medium
TIME run allocation action=new run=/fslarge/scratch/users/h61084/codes/selectime/outputs/selectime/chronos_bolt/retrieval/test/Coastal_T_S/H/long/run_0 launch_id=selena_3458556 slurm_job_id=3458556 launched_at=2026-09-17T10:45:21.283072+00:00
[2026-09-17 10:45:21 UTC] extract_test Coastal_T_S/H/long
TIME run allocation action=new run=/fslarge/scratch/users/h61084/codes/selectime/outputs/selectime/chronos_bolt/retrieval/test/SG_Weather/D/short/run_0 launch_id=selena_3458556 slurm_job_id=3458556 launched_at=2026-09-17T10:45:23.007232+00:00
[2026-09-17 10:45:23 UTC] extract_test SG_Weather/D/short
TIME run allocation action=new run=/fslarge/scratch/users/h61084/codes/selectime/outputs/selectime/chronos_bolt/retrieval/test/SG_Weather/D/medium/run_0 launch_id=selena_3458556 slurm_job_id=3458556 launched_at=2026-09-17T10:45:30.818683+00:00
[2026-09-17 10:45:30 UTC] extract_test SG_Weather/D/medium
TIME run allocation action=new run=/fslarge/scratch/users/h61084/codes/selectime/outputs/selectime/chronos_bolt/retrieval/test/SG_Weather/D/long/run_0 launch_id=selena_3458556 slurm_job_id=3458556 launched_at=2026-09-17T10:45:34.263153+00:00
[2026-09-17 10:45:34 UTC] extract_test SG_Weather/D/long
TIME run allocation action=new run=/fslarge/scratch/users/h61084/codes/selectime/outputs/selectime/chronos_bolt/retrieval/test/SG_PM25/H/short/run_0 launch_id=selena_3458556 slurm_job_id=3458556 launched_at=2026-09-17T10:45:36.122207+00:00
[2026-09-17 10:45:36 UTC] extract_test SG_PM25/H/short
TIME run allocation action=new run=/fslarge/scratch/users/h61084/codes/selectime/outputs/selectime/chronos_bolt/retrieval/test/SG_PM25/H/medium/run_0 launch_id=selena_3458556 slurm_job_id=3458556 launched_at=2026-09-17T10:45:36.466588+00:00
[2026-09-17 10:45:36 UTC] extract_test SG_PM25/H/medium
TIME run allocation action=new run=/fslarge/scratch/users/h61084/codes/selectime/outputs/selectime/chronos_bolt/retrieval/test/SG_PM25/H/long/run_0 launch_id=selena_3458556 slurm_job_id=3458556 launched_at=2026-09-17T10:45:36.663187+00:00
[2026-09-17 10:45:36 UTC] extract_test SG_PM25/H/long
TIME run allocation action=new run=/fslarge/scratch/users/h61084/codes/selectime/outputs/selectime/chronos_bolt/retrieval/test/NE_China_Wind/H/short/run_0 launch_id=selena_3458556 slurm_job_id=3458556 launched_at=2026-09-17T10:45:36.822310+00:00
[2026-09-17 10:45:36 UTC] extract_test NE_China_Wind/H/short
TIME run allocation action=new run=/fslarge/scratch/users/h61084/codes/selectime/outputs/selectime/chronos_bolt/retrieval/test/NE_China_Wind/H/medium/run_0 launch_id=selena_3458556 slurm_job_id=3458556 launched_at=2026-09-17T10:45:36.896513+00:00
[2026-09-17 10:45:36 UTC] extract_test NE_China_Wind/H/medium
TIME run allocation action=new run=/fslarge/scratch/users/h61084/codes/selectime/outputs/selectime/chronos_bolt/retrieval/test/NE_China_Wind/H/long/run_0 launch_id=selena_3458556 slurm_job_id=3458556 launched_at=2026-09-17T10:45:36.954557+00:00
[2026-09-17 10:45:36 UTC] extract_test NE_China_Wind/H/long
TIME run allocation action=new run=/fslarge/scratch/users/h61084/codes/selectime/outputs/selectime/chronos_bolt/retrieval/test/Australia_Solar/H/short/run_0 launch_id=selena_3458556 slurm_job_id=3458556 launched_at=2026-09-17T10:45:37.009190+00:00
[2026-09-17 10:45:37 UTC] extract_test Australia_Solar/H/short
TIME run allocation action=new run=/fslarge/scratch/users/h61084/codes/selectime/outputs/selectime/chronos_bolt/retrieval/test/Australia_Solar/H/medium/run_0 launch_id=selena_3458556 slurm_job_id=3458556 launched_at=2026-09-17T10:45:37.175871+00:00
[2026-09-17 10:45:37 UTC] extract_test Australia_Solar/H/medium
TIME run allocation action=new run=/fslarge/scratch/users/h61084/codes/selectime/outputs/selectime/chronos_bolt/retrieval/test/Australia_Solar/H/long/run_0 launch_id=selena_3458556 slurm_job_id=3458556 launched_at=2026-09-17T10:45:37.284547+00:00
[2026-09-17 10:45:37 UTC] extract_test Australia_Solar/H/long
TIME run allocation action=new run=/fslarge/scratch/users/h61084/codes/selectime/outputs/selectime/chronos_bolt/retrieval/test/epf_electricity_price/H/short/run_0 launch_id=selena_3458556 slurm_job_id=3458556 launched_at=2026-09-17T10:45:37.394373+00:00
[2026-09-17 10:45:37 UTC] extract_test epf_electricity_price/H/short
TIME run allocation action=new run=/fslarge/scratch/users/h61084/codes/selectime/outputs/selectime/chronos_bolt/retrieval/test/epf_electricity_price/H/medium/run_0 launch_id=selena_3458556 slurm_job_id=3458556 launched_at=2026-09-17T10:45:37.832831+00:00
[2026-09-17 10:45:37 UTC] extract_test epf_electricity_price/H/medium
TIME run allocation action=new run=/fslarge/scratch/users/h61084/codes/selectime/outputs/selectime/chronos_bolt/retrieval/test/epf_electricity_price/H/long/run_0 launch_id=selena_3458556 slurm_job_id=3458556 launched_at=2026-09-17T10:45:38.076241+00:00
[2026-09-17 10:45:38 UTC] extract_test epf_electricity_price/H/long
TIME run allocation action=new run=/fslarge/scratch/users/h61084/codes/selectime/outputs/selectime/chronos_bolt/retrieval/test/OpenElectricity_NEM/5T/short/run_0 launch_id=selena_3458556 slurm_job_id=3458556 launched_at=2026-09-17T10:45:38.211173+00:00
[2026-09-17 10:45:38 UTC] extract_test OpenElectricity_NEM/5T/short
TIME run allocation action=new run=/fslarge/scratch/users/h61084/codes/selectime/outputs/selectime/chronos_bolt/retrieval/test/OpenElectricity_NEM/5T/medium/run_0 launch_id=selena_3458556 slurm_job_id=3458556 launched_at=2026-09-17T10:45:42.435611+00:00
[2026-09-17 10:45:42 UTC] extract_test OpenElectricity_NEM/5T/medium
TIME run allocation action=new run=/fslarge/scratch/users/h61084/codes/selectime/outputs/selectime/chronos_bolt/retrieval/test/OpenElectricity_NEM/5T/long/run_0 launch_id=selena_3458556 slurm_job_id=3458556 launched_at=2026-09-17T10:45:43.026624+00:00
[2026-09-17 10:45:43 UTC] extract_test OpenElectricity_NEM/5T/long
TIME run allocation action=new run=/fslarge/scratch/users/h61084/codes/selectime/outputs/selectime/chronos_bolt/retrieval/test/EWELD_Load/15T/short/run_0 launch_id=selena_3458556 slurm_job_id=3458556 launched_at=2026-09-17T10:45:43.244999+00:00
[2026-09-17 10:45:43 UTC] extract_test EWELD_Load/15T/short
TIME run allocation action=new run=/fslarge/scratch/users/h61084/codes/selectime/outputs/selectime/chronos_bolt/retrieval/test/EWELD_Load/15T/medium/run_0 launch_id=selena_3458556 slurm_job_id=3458556 launched_at=2026-09-17T10:45:43.780251+00:00
[2026-09-17 10:45:43 UTC] extract_test EWELD_Load/15T/medium
TIME run allocation action=new run=/fslarge/scratch/users/h61084/codes/selectime/outputs/selectime/chronos_bolt/retrieval/test/EWELD_Load/15T/long/run_0 launch_id=selena_3458556 slurm_job_id=3458556 launched_at=2026-09-17T10:45:43.927700+00:00
[2026-09-17 10:45:43 UTC] extract_test EWELD_Load/15T/long
TIME run allocation action=new run=/fslarge/scratch/users/h61084/codes/selectime/outputs/selectime/chronos_bolt/retrieval/test/SG_Carpark/15T/short/run_0 launch_id=selena_3458556 slurm_job_id=3458556 launched_at=2026-09-17T10:45:44.001035+00:00
[2026-09-17 10:45:44 UTC] extract_test SG_Carpark/15T/short
TIME run allocation action=new run=/fslarge/scratch/users/h61084/codes/selectime/outputs/selectime/chronos_bolt/retrieval/test/SG_Carpark/15T/medium/run_0 launch_id=selena_3458556 slurm_job_id=3458556 launched_at=2026-09-17T10:50:26.559499+00:00
[2026-09-17 10:50:26 UTC] extract_test SG_Carpark/15T/medium
TIME run allocation action=new run=/fslarge/scratch/users/h61084/codes/selectime/outputs/selectime/chronos_bolt/retrieval/test/SG_Carpark/15T/long/run_0 launch_id=selena_3458556 slurm_job_id=3458556 launched_at=2026-09-17T10:50:35.858187+00:00
[2026-09-17 10:50:35 UTC] extract_test SG_Carpark/15T/long
TIME run allocation action=new run=/fslarge/scratch/users/h61084/codes/selectime/outputs/selectime/chronos_bolt/retrieval/test/Finland_Traffic/15T/short/run_0 launch_id=selena_3458556 slurm_job_id=3458556 launched_at=2026-09-17T10:50:37.055557+00:00
[2026-09-17 10:50:37 UTC] extract_test Finland_Traffic/15T/short
TIME run allocation action=new run=/fslarge/scratch/users/h61084/codes/selectime/outputs/selectime/chronos_bolt/retrieval/test/Finland_Traffic/15T/medium/run_0 launch_id=selena_3458556 slurm_job_id=3458556 launched_at=2026-09-17T10:50:37.199127+00:00
[2026-09-17 10:50:37 UTC] extract_test Finland_Traffic/15T/medium
TIME run allocation action=new run=/fslarge/scratch/users/h61084/codes/selectime/outputs/selectime/chronos_bolt/retrieval/test/Finland_Traffic/15T/long/run_0 launch_id=selena_3458556 slurm_job_id=3458556 launched_at=2026-09-17T10:50:37.285992+00:00
[2026-09-17 10:50:37 UTC] extract_test Finland_Traffic/15T/long
TIME run allocation action=new run=/fslarge/scratch/users/h61084/codes/selectime/outputs/selectime/chronos_bolt/retrieval/test/Port_Activity/D/short/run_0 launch_id=selena_3458556 slurm_job_id=3458556 launched_at=2026-09-17T10:50:37.334886+00:00
[2026-09-17 10:50:37 UTC] extract_test Port_Activity/D/short
TIME run allocation action=new run=/fslarge/scratch/users/h61084/codes/selectime/outputs/selectime/chronos_bolt/retrieval/test/Port_Activity/W/short/run_0 launch_id=selena_3458556 slurm_job_id=3458556 launched_at=2026-09-17T10:51:07.023911+00:00
[2026-09-17 10:51:07 UTC] extract_test Port_Activity/W/short
TIME run allocation action=new run=/fslarge/scratch/users/h61084/codes/selectime/outputs/selectime/chronos_bolt/retrieval/test/ECDC_COVID/D/short/run_0 launch_id=selena_3458556 slurm_job_id=3458556 launched_at=2026-09-17T10:51:08.763126+00:00
[2026-09-17 10:51:08 UTC] extract_test ECDC_COVID/D/short
TIME run allocation action=new run=/fslarge/scratch/users/h61084/codes/selectime/outputs/selectime/chronos_bolt/retrieval/test/ECDC_COVID/W/short/run_0 launch_id=selena_3458556 slurm_job_id=3458556 launched_at=2026-09-17T10:51:08.992476+00:00
[2026-09-17 10:51:08 UTC] extract_test ECDC_COVID/W/short
TIME run allocation action=new run=/fslarge/scratch/users/h61084/codes/selectime/outputs/selectime/chronos_bolt/retrieval/test/Global_Influenza/W/short/run_0 launch_id=selena_3458556 slurm_job_id=3458556 launched_at=2026-09-17T10:51:09.048785+00:00
[2026-09-17 10:51:09 UTC] extract_test Global_Influenza/W/short
TIME run allocation action=new run=/fslarge/scratch/users/h61084/codes/selectime/outputs/selectime/chronos_bolt/retrieval/test/Crypto/D/short/run_0 launch_id=selena_3458556 slurm_job_id=3458556 launched_at=2026-09-17T10:51:09.215834+00:00
[2026-09-17 10:51:09 UTC] extract_test Crypto/D/short
TIME run allocation action=new run=/fslarge/scratch/users/h61084/codes/selectime/outputs/selectime/chronos_bolt/retrieval/test/US_Term_Structure/B/short/run_0 launch_id=selena_3458556 slurm_job_id=3458556 launched_at=2026-09-17T10:51:09.321123+00:00
[2026-09-17 10:51:09 UTC] extract_test US_Term_Structure/B/short
TIME run allocation action=new run=/fslarge/scratch/users/h61084/codes/selectime/outputs/selectime/chronos_bolt/retrieval/test/Oil_Price/B/short/run_0 launch_id=selena_3458556 slurm_job_id=3458556 launched_at=2026-09-17T10:51:28.195783+00:00
[2026-09-17 10:51:28 UTC] extract_test Oil_Price/B/short
TIME run allocation action=new run=/fslarge/scratch/users/h61084/codes/selectime/outputs/selectime/chronos_bolt/retrieval/test/Job_Claims/W/short/run_0 launch_id=selena_3458556 slurm_job_id=3458556 launched_at=2026-09-17T10:51:29.279013+00:00
[2026-09-17 10:51:29 UTC] extract_test Job_Claims/W/short
TIME run allocation action=new run=/fslarge/scratch/users/h61084/codes/selectime/outputs/selectime/chronos_bolt/retrieval/test/Uncertainty_1M/M/short/run_0 launch_id=selena_3458556 slurm_job_id=3458556 launched_at=2026-09-17T10:51:29.321898+00:00
[2026-09-17 10:51:29 UTC] extract_test Uncertainty_1M/M/short
TIME run allocation action=new run=/fslarge/scratch/users/h61084/codes/selectime/outputs/selectime/chronos_bolt/retrieval/test/Housing_Inventory/M/short/run_0 launch_id=selena_3458556 slurm_job_id=3458556 launched_at=2026-09-17T10:51:29.363313+00:00
[2026-09-17 10:51:29 UTC] extract_test Housing_Inventory/M/short
TIME run allocation action=new run=/fslarge/scratch/users/h61084/codes/selectime/outputs/selectime/chronos_bolt/retrieval/test/JOLTS/M/short/run_0 launch_id=selena_3458556 slurm_job_id=3458556 launched_at=2026-09-17T10:51:29.401276+00:00
[2026-09-17 10:51:29 UTC] extract_test JOLTS/M/short
TIME run allocation action=new run=/fslarge/scratch/users/h61084/codes/selectime/outputs/selectime/chronos_bolt/retrieval/test/US_Labor/M/short/run_0 launch_id=selena_3458556 slurm_job_id=3458556 launched_at=2026-09-17T10:51:29.442546+00:00
[2026-09-17 10:51:29 UTC] extract_test US_Labor/M/short
TIME run allocation action=new run=/fslarge/scratch/users/h61084/codes/selectime/outputs/selectime/chronos_bolt/retrieval/test/Vehicle_Supply/M/short/run_0 launch_id=selena_3458556 slurm_job_id=3458556 launched_at=2026-09-17T10:51:29.487050+00:00
[2026-09-17 10:51:29 UTC] extract_test Vehicle_Supply/M/short
TIME run allocation action=new run=/fslarge/scratch/users/h61084/codes/selectime/outputs/selectime/chronos_bolt/retrieval/test/Auto_Production_SF/M/short/run_0 launch_id=selena_3458556 slurm_job_id=3458556 launched_at=2026-09-17T10:51:29.528344+00:00
[2026-09-17 10:51:29 UTC] extract_test Auto_Production_SF/M/short
TIME run allocation action=new run=/fslarge/scratch/users/h61084/codes/selectime/outputs/selectime/chronos_bolt/retrieval/test/Commodity_Production/M/short/run_0 launch_id=selena_3458556 slurm_job_id=3458556 launched_at=2026-09-17T10:51:29.566639+00:00
[2026-09-17 10:51:29 UTC] extract_test Commodity_Production/M/short
TIME run allocation action=new run=/fslarge/scratch/users/h61084/codes/selectime/outputs/selectime/chronos_bolt/retrieval/test/Commodity_Import/M/short/run_0 launch_id=selena_3458556 slurm_job_id=3458556 launched_at=2026-09-17T10:51:29.673212+00:00
[2026-09-17 10:51:29 UTC] extract_test Commodity_Import/M/short
TIME run allocation action=new run=/fslarge/scratch/users/h61084/codes/selectime/outputs/selectime/chronos_bolt/retrieval/test/WUI_Global/Q/short/run_0 launch_id=selena_3458556 slurm_job_id=3458556 launched_at=2026-09-17T10:51:29.728321+00:00
[2026-09-17 10:51:29 UTC] extract_test WUI_Global/Q/short
TIME run allocation action=new run=/fslarge/scratch/users/h61084/codes/selectime/outputs/selectime/chronos_bolt/retrieval/test/Global_Price/Q/short/run_0 launch_id=selena_3458556 slurm_job_id=3458556 launched_at=2026-09-17T10:51:29.776397+00:00
[2026-09-17 10:51:29 UTC] extract_test Global_Price/Q/short
TIME run allocation action=new run=/fslarge/scratch/users/h61084/codes/selectime/outputs/selectime/chronos_bolt/retrieval/test/Vehicle_Sales/M/short/run_0 launch_id=selena_3458556 slurm_job_id=3458556 launched_at=2026-09-17T10:51:29.860641+00:00
[2026-09-17 10:51:29 UTC] extract_test Vehicle_Sales/M/short
TIME run allocation action=new run=/fslarge/scratch/users/h61084/codes/selectime/outputs/selectime/chronos_bolt/retrieval/test/Online_Retail_2_UCI/D/short/run_0 launch_id=selena_3458556 slurm_job_id=3458556 launched_at=2026-09-17T10:51:29.904982+00:00
[2026-09-17 10:51:29 UTC] extract_test Online_Retail_2_UCI/D/short
TIME run allocation action=new run=/fslarge/scratch/users/h61084/codes/selectime/outputs/selectime/chronos_bolt/retrieval/test/Supply_Chain_Customer/D/short/run_0 launch_id=selena_3458556 slurm_job_id=3458556 launched_at=2026-09-17T10:51:29.944570+00:00
[2026-09-17 10:51:29 UTC] extract_test Supply_Chain_Customer/D/short
TIME run allocation action=new run=/fslarge/scratch/users/h61084/codes/selectime/outputs/selectime/chronos_bolt/retrieval/test/Supply_Chain_Location/D/short/run_0 launch_id=selena_3458556 slurm_job_id=3458556 launched_at=2026-09-17T10:51:31.130792+00:00
[2026-09-17 10:51:31 UTC] extract_test Supply_Chain_Location/D/short
TIME run allocation action=new run=/fslarge/scratch/users/h61084/codes/selectime/outputs/selectime/chronos_bolt/retrieval/test/azure2019_U/5T/short/run_0 launch_id=selena_3458556 slurm_job_id=3458556 launched_at=2026-09-17T10:51:33.288575+00:00
[2026-09-17 10:51:33 UTC] extract_test azure2019_U/5T/short
TIME run allocation action=new run=/fslarge/scratch/users/h61084/codes/selectime/outputs/selectime/chronos_bolt/retrieval/test/Smart_Manufacturing/H/short/run_0 launch_id=selena_3458556 slurm_job_id=3458556 launched_at=2026-09-17T10:51:33.473602+00:00
[2026-09-17 10:51:33 UTC] extract_test Smart_Manufacturing/H/short
TIME run allocation action=new run=/fslarge/scratch/users/h61084/codes/selectime/outputs/selectime/chronos_bolt/retrieval/test/Smart_Manufacturing/H/medium/run_0 launch_id=selena_3458556 slurm_job_id=3458556 launched_at=2026-09-17T10:51:37.653909+00:00
[2026-09-17 10:51:37 UTC] extract_test Smart_Manufacturing/H/medium
TIME run allocation action=new run=/fslarge/scratch/users/h61084/codes/selectime/outputs/selectime/chronos_bolt/retrieval/test/Smart_Manufacturing/H/long/run_0 launch_id=selena_3458556 slurm_job_id=3458556 launched_at=2026-09-17T10:51:37.910892+00:00
[2026-09-17 10:51:37 UTC] extract_test Smart_Manufacturing/H/long
TIME run allocation action=new run=/fslarge/scratch/users/h61084/codes/selectime/outputs/selectime/chronos_bolt/retrieval/test/MetroPT-3/5T/short/run_0 launch_id=selena_3458556 slurm_job_id=3458556 launched_at=2026-09-17T10:51:38.163218+00:00
[2026-09-17 10:51:38 UTC] extract_test MetroPT-3/5T/short
TIME run allocation action=new run=/fslarge/scratch/users/h61084/codes/selectime/outputs/selectime/chronos_bolt/retrieval/test/MetroPT-3/5T/medium/run_0 launch_id=selena_3458556 slurm_job_id=3458556 launched_at=2026-09-17T10:51:38.422008+00:00
[2026-09-17 10:51:38 UTC] extract_test MetroPT-3/5T/medium
TIME run allocation action=new run=/fslarge/scratch/users/h61084/codes/selectime/outputs/selectime/chronos_bolt/retrieval/test/MetroPT-3/5T/long/run_0 launch_id=selena_3458556 slurm_job_id=3458556 launched_at=2026-09-17T10:51:38.512687+00:00
[2026-09-17 10:51:38 UTC] extract_test MetroPT-3/5T/long
[2026-09-17 10:51:42 UTC] Slurm=3458556 launch=selena_3458556 stage=predict_test prediction_group=vanilla
[2026-09-17 10:51:45 UTC] dataset_config=/fssmall/home/h61084/codes/selectime/src/timebench/config/datasets.yaml applied_keys=datasets,selectime_tasks tasks=90
[2026-09-17 10:51:45 UTC] stage=predict_test tasks=90 seed=0 Slurm=3458556
[2026-09-17 12:51:45,848][datasets][INFO] - PyTorch version 2.9.1 available.
TIME run allocation action=new run=/fslarge/scratch/users/h61084/codes/selectime/outputs/selectime/chronos_bolt/predictions/test/vanilla_univariate/Water_Quality_Darwin/15T/short/run_0 launch_id=selena_3458556 slurm_job_id=3458556 launched_at=2026-09-17T10:51:46.570441+00:00
[2026-09-17 10:51:46 UTC] predict_test method=vanilla_univariate Water_Quality_Darwin/15T/short
TIME run allocation action=new run=/fslarge/scratch/users/h61084/codes/selectime/outputs/selectime/chronos_bolt/predictions/test/vanilla_univariate/Water_Quality_Darwin/15T/medium/run_0 launch_id=selena_3458556 slurm_job_id=3458556 launched_at=2026-09-17T10:52:05.822480+00:00
[2026-09-17 10:52:05 UTC] predict_test method=vanilla_univariate Water_Quality_Darwin/15T/medium
TIME run allocation action=new run=/fslarge/scratch/users/h61084/codes/selectime/outputs/selectime/chronos_bolt/predictions/test/vanilla_univariate/Water_Quality_Darwin/15T/long/run_0 launch_id=selena_3458556 slurm_job_id=3458556 launched_at=2026-09-17T10:52:11.788143+00:00
[2026-09-17 10:52:11 UTC] predict_test method=vanilla_univariate Water_Quality_Darwin/15T/long
TIME run allocation action=new run=/fslarge/scratch/users/h61084/codes/selectime/outputs/selectime/chronos_bolt/predictions/test/vanilla_univariate/current_velocity/5T/short/run_0 launch_id=selena_3458556 slurm_job_id=3458556 launched_at=2026-09-17T10:52:19.015283+00:00
[2026-09-17 10:52:19 UTC] predict_test method=vanilla_univariate current_velocity/5T/short
TIME run allocation action=new run=/fslarge/scratch/users/h61084/codes/selectime/outputs/selectime/chronos_bolt/predictions/test/vanilla_univariate/current_velocity/5T/medium/run_0 launch_id=selena_3458556 slurm_job_id=3458556 launched_at=2026-09-17T10:52:19.854794+00:00
[2026-09-17 10:52:19 UTC] predict_test method=vanilla_univariate current_velocity/5T/medium
TIME run allocation action=new run=/fslarge/scratch/users/h61084/codes/selectime/outputs/selectime/chronos_bolt/predictions/test/vanilla_univariate/current_velocity/5T/long/run_0 launch_id=selena_3458556 slurm_job_id=3458556 launched_at=2026-09-17T10:52:22.986653+00:00
[2026-09-17 10:52:22 UTC] predict_test method=vanilla_univariate current_velocity/5T/long
TIME run allocation action=new run=/fslarge/scratch/users/h61084/codes/selectime/outputs/selectime/chronos_bolt/predictions/test/vanilla_univariate/current_velocity/10T/short/run_0 launch_id=selena_3458556 slurm_job_id=3458556 launched_at=2026-09-17T10:52:26.518079+00:00
[2026-09-17 10:52:26 UTC] predict_test method=vanilla_univariate current_velocity/10T/short
TIME run allocation action=new run=/fslarge/scratch/users/h61084/codes/selectime/outputs/selectime/chronos_bolt/predictions/test/vanilla_univariate/current_velocity/10T/medium/run_0 launch_id=selena_3458556 slurm_job_id=3458556 launched_at=2026-09-17T10:52:34.504451+00:00
[2026-09-17 10:52:34 UTC] predict_test method=vanilla_univariate current_velocity/10T/medium
TIME run allocation action=new run=/fslarge/scratch/users/h61084/codes/selectime/outputs/selectime/chronos_bolt/predictions/test/vanilla_univariate/current_velocity/10T/long/run_0 launch_id=selena_3458556 slurm_job_id=3458556 launched_at=2026-09-17T10:52:50.740386+00:00
[2026-09-17 10:52:50 UTC] predict_test method=vanilla_univariate current_velocity/10T/long
TIME run allocation action=new run=/fslarge/scratch/users/h61084/codes/selectime/outputs/selectime/chronos_bolt/predictions/test/vanilla_univariate/current_velocity/15T/short/run_0 launch_id=selena_3458556 slurm_job_id=3458556 launched_at=2026-09-17T10:53:06.330424+00:00
[2026-09-17 10:53:06 UTC] predict_test method=vanilla_univariate current_velocity/15T/short
TIME run allocation action=new run=/fslarge/scratch/users/h61084/codes/selectime/outputs/selectime/chronos_bolt/predictions/test/vanilla_univariate/current_velocity/15T/medium/run_0 launch_id=selena_3458556 slurm_job_id=3458556 launched_at=2026-09-17T10:53:10.281431+00:00
[2026-09-17 10:53:10 UTC] predict_test method=vanilla_univariate current_velocity/15T/medium
TIME run allocation action=new run=/fslarge/scratch/users/h61084/codes/selectime/outputs/selectime/chronos_bolt/predictions/test/vanilla_univariate/current_velocity/15T/long/run_0 launch_id=selena_3458556 slurm_job_id=3458556 launched_at=2026-09-17T10:53:14.614179+00:00
[2026-09-17 10:53:14 UTC] predict_test method=vanilla_univariate current_velocity/15T/long
TIME run allocation action=new run=/fslarge/scratch/users/h61084/codes/selectime/outputs/selectime/chronos_bolt/predictions/test/vanilla_univariate/current_velocity/H/short/run_0 launch_id=selena_3458556 slurm_job_id=3458556 launched_at=2026-09-17T10:53:19.913351+00:00
[2026-09-17 10:53:19 UTC] predict_test method=vanilla_univariate current_velocity/H/short
TIME run allocation action=new run=/fslarge/scratch/users/h61084/codes/selectime/outputs/selectime/chronos_bolt/predictions/test/vanilla_univariate/current_velocity/H/medium/run_0 launch_id=selena_3458556 slurm_job_id=3458556 launched_at=2026-09-17T10:53:23.897846+00:00
[2026-09-17 10:53:23 UTC] predict_test method=vanilla_univariate current_velocity/H/medium
TIME run allocation action=new run=/fslarge/scratch/users/h61084/codes/selectime/outputs/selectime/chronos_bolt/predictions/test/vanilla_univariate/current_velocity/H/long/run_0 launch_id=selena_3458556 slurm_job_id=3458556 launched_at=2026-09-17T10:53:33.041398+00:00
[2026-09-17 10:53:33 UTC] predict_test method=vanilla_univariate current_velocity/H/long
TIME run allocation action=new run=/fslarge/scratch/users/h61084/codes/selectime/outputs/selectime/chronos_bolt/predictions/test/vanilla_univariate/CPHL/15T/short/run_0 launch_id=selena_3458556 slurm_job_id=3458556 launched_at=2026-09-17T10:53:44.033228+00:00
[2026-09-17 10:53:44 UTC] predict_test method=vanilla_univariate CPHL/15T/short
TIME run allocation action=new run=/fslarge/scratch/users/h61084/codes/selectime/outputs/selectime/chronos_bolt/predictions/test/vanilla_univariate/CPHL/15T/medium/run_0 launch_id=selena_3458556 slurm_job_id=3458556 launched_at=2026-09-17T10:53:44.342622+00:00
[2026-09-17 10:53:44 UTC] predict_test method=vanilla_univariate CPHL/15T/medium
TIME run allocation action=new run=/fslarge/scratch/users/h61084/codes/selectime/outputs/selectime/chronos_bolt/predictions/test/vanilla_univariate/CPHL/15T/long/run_0 launch_id=selena_3458556 slurm_job_id=3458556 launched_at=2026-09-17T10:53:44.651811+00:00
[2026-09-17 10:53:44 UTC] predict_test method=vanilla_univariate CPHL/15T/long
TIME run allocation action=new run=/fslarge/scratch/users/h61084/codes/selectime/outputs/selectime/chronos_bolt/predictions/test/vanilla_univariate/CPHL/30T/short/run_0 launch_id=selena_3458556 slurm_job_id=3458556 launched_at=2026-09-17T10:53:45.084413+00:00
[2026-09-17 10:53:45 UTC] predict_test method=vanilla_univariate CPHL/30T/short
TIME run allocation action=new run=/fslarge/scratch/users/h61084/codes/selectime/outputs/selectime/chronos_bolt/predictions/test/vanilla_univariate/CPHL/30T/medium/run_0 launch_id=selena_3458556 slurm_job_id=3458556 launched_at=2026-09-17T10:53:45.385379+00:00
[2026-09-17 10:53:45 UTC] predict_test method=vanilla_univariate CPHL/30T/medium
TIME run allocation action=new run=/fslarge/scratch/users/h61084/codes/selectime/outputs/selectime/chronos_bolt/predictions/test/vanilla_univariate/CPHL/30T/long/run_0 launch_id=selena_3458556 slurm_job_id=3458556 launched_at=2026-09-17T10:53:45.486895+00:00
[2026-09-17 10:53:45 UTC] predict_test method=vanilla_univariate CPHL/30T/long
TIME run allocation action=new run=/fslarge/scratch/users/h61084/codes/selectime/outputs/selectime/chronos_bolt/predictions/test/vanilla_univariate/CPHL/H/short/run_0 launch_id=selena_3458556 slurm_job_id=3458556 launched_at=2026-09-17T10:53:45.887246+00:00
[2026-09-17 10:53:45 UTC] predict_test method=vanilla_univariate CPHL/H/short
TIME run allocation action=new run=/fslarge/scratch/users/h61084/codes/selectime/outputs/selectime/chronos_bolt/predictions/test/vanilla_univariate/CPHL/H/medium/run_0 launch_id=selena_3458556 slurm_job_id=3458556 launched_at=2026-09-17T10:53:46.054357+00:00
[2026-09-17 10:53:46 UTC] predict_test method=vanilla_univariate CPHL/H/medium
TIME run allocation action=new run=/fslarge/scratch/users/h61084/codes/selectime/outputs/selectime/chronos_bolt/predictions/test/vanilla_univariate/CPHL/H/long/run_0 launch_id=selena_3458556 slurm_job_id=3458556 launched_at=2026-09-17T10:53:46.389596+00:00
[2026-09-17 10:53:46 UTC] predict_test method=vanilla_univariate CPHL/H/long
TIME run allocation action=new run=/fslarge/scratch/users/h61084/codes/selectime/outputs/selectime/chronos_bolt/predictions/test/vanilla_univariate/Coastal_T_S/15T/short/run_0 launch_id=selena_3458556 slurm_job_id=3458556 launched_at=2026-09-17T10:53:46.844669+00:00
[2026-09-17 10:53:46 UTC] predict_test method=vanilla_univariate Coastal_T_S/15T/short
TIME run allocation action=new run=/fslarge/scratch/users/h61084/codes/selectime/outputs/selectime/chronos_bolt/predictions/test/vanilla_univariate/Coastal_T_S/15T/medium/run_0 launch_id=selena_3458556 slurm_job_id=3458556 launched_at=2026-09-17T10:53:48.877587+00:00
[2026-09-17 10:53:48 UTC] predict_test method=vanilla_univariate Coastal_T_S/15T/medium
TIME run allocation action=new run=/fslarge/scratch/users/h61084/codes/selectime/outputs/selectime/chronos_bolt/predictions/test/vanilla_univariate/Coastal_T_S/15T/long/run_0 launch_id=selena_3458556 slurm_job_id=3458556 launched_at=2026-09-17T10:53:51.095186+00:00
[2026-09-17 10:53:51 UTC] predict_test method=vanilla_univariate Coastal_T_S/15T/long
TIME run allocation action=new run=/fslarge/scratch/users/h61084/codes/selectime/outputs/selectime/chronos_bolt/predictions/test/vanilla_univariate/Coastal_T_S/20T/short/run_0 launch_id=selena_3458556 slurm_job_id=3458556 launched_at=2026-09-17T10:53:53.758031+00:00
[2026-09-17 10:53:53 UTC] predict_test method=vanilla_univariate Coastal_T_S/20T/short
TIME run allocation action=new run=/fslarge/scratch/users/h61084/codes/selectime/outputs/selectime/chronos_bolt/predictions/test/vanilla_univariate/Coastal_T_S/20T/medium/run_0 launch_id=selena_3458556 slurm_job_id=3458556 launched_at=2026-09-17T10:53:54.192197+00:00
[2026-09-17 10:53:54 UTC] predict_test method=vanilla_univariate Coastal_T_S/20T/medium
TIME run allocation action=new run=/fslarge/scratch/users/h61084/codes/selectime/outputs/selectime/chronos_bolt/predictions/test/vanilla_univariate/Coastal_T_S/20T/long/run_0 launch_id=selena_3458556 slurm_job_id=3458556 launched_at=2026-09-17T10:53:54.640549+00:00
[2026-09-17 10:53:54 UTC] predict_test method=vanilla_univariate Coastal_T_S/20T/long
TIME run allocation action=new run=/fslarge/scratch/users/h61084/codes/selectime/outputs/selectime/chronos_bolt/predictions/test/vanilla_univariate/Coastal_T_S/H/short/run_0 launch_id=selena_3458556 slurm_job_id=3458556 launched_at=2026-09-17T10:53:55.167938+00:00
[2026-09-17 10:53:55 UTC] predict_test method=vanilla_univariate Coastal_T_S/H/short
TIME run allocation action=new run=/fslarge/scratch/users/h61084/codes/selectime/outputs/selectime/chronos_bolt/predictions/test/vanilla_univariate/Coastal_T_S/H/medium/run_0 launch_id=selena_3458556 slurm_job_id=3458556 launched_at=2026-09-17T10:53:57.446117+00:00
[2026-09-17 10:53:57 UTC] predict_test method=vanilla_univariate Coastal_T_S/H/medium
TIME run allocation action=new run=/fslarge/scratch/users/h61084/codes/selectime/outputs/selectime/chronos_bolt/predictions/test/vanilla_univariate/Coastal_T_S/H/long/run_0 launch_id=selena_3458556 slurm_job_id=3458556 launched_at=2026-09-17T10:54:02.665533+00:00
[2026-09-17 10:54:02 UTC] predict_test method=vanilla_univariate Coastal_T_S/H/long
TIME run allocation action=new run=/fslarge/scratch/users/h61084/codes/selectime/outputs/selectime/chronos_bolt/predictions/test/vanilla_univariate/SG_Weather/D/short/run_0 launch_id=selena_3458556 slurm_job_id=3458556 launched_at=2026-09-17T10:54:08.964349+00:00
[2026-09-17 10:54:08 UTC] predict_test method=vanilla_univariate SG_Weather/D/short
TIME run allocation action=new run=/fslarge/scratch/users/h61084/codes/selectime/outputs/selectime/chronos_bolt/predictions/test/vanilla_univariate/SG_Weather/D/medium/run_0 launch_id=selena_3458556 slurm_job_id=3458556 launched_at=2026-09-17T10:54:12.222804+00:00
[2026-09-17 10:54:12 UTC] predict_test method=vanilla_univariate SG_Weather/D/medium
TIME run allocation action=new run=/fslarge/scratch/users/h61084/codes/selectime/outputs/selectime/chronos_bolt/predictions/test/vanilla_univariate/SG_Weather/D/long/run_0 launch_id=selena_3458556 slurm_job_id=3458556 launched_at=2026-09-17T10:54:13.636726+00:00
[2026-09-17 10:54:13 UTC] predict_test method=vanilla_univariate SG_Weather/D/long
TIME run allocation action=new run=/fslarge/scratch/users/h61084/codes/selectime/outputs/selectime/chronos_bolt/predictions/test/vanilla_univariate/SG_PM25/H/short/run_0 launch_id=selena_3458556 slurm_job_id=3458556 launched_at=2026-09-17T10:54:14.401623+00:00
[2026-09-17 10:54:14 UTC] predict_test method=vanilla_univariate SG_PM25/H/short
TIME run allocation action=new run=/fslarge/scratch/users/h61084/codes/selectime/outputs/selectime/chronos_bolt/predictions/test/vanilla_univariate/SG_PM25/H/medium/run_0 launch_id=selena_3458556 slurm_job_id=3458556 launched_at=2026-09-17T10:54:14.962676+00:00
[2026-09-17 10:54:14 UTC] predict_test method=vanilla_univariate SG_PM25/H/medium
TIME run allocation action=new run=/fslarge/scratch/users/h61084/codes/selectime/outputs/selectime/chronos_bolt/predictions/test/vanilla_univariate/SG_PM25/H/long/run_0 launch_id=selena_3458556 slurm_job_id=3458556 launched_at=2026-09-17T10:54:16.426844+00:00
[2026-09-17 10:54:16 UTC] predict_test method=vanilla_univariate SG_PM25/H/long
TIME run allocation action=new run=/fslarge/scratch/users/h61084/codes/selectime/outputs/selectime/chronos_bolt/predictions/test/vanilla_univariate/NE_China_Wind/H/short/run_0 launch_id=selena_3458556 slurm_job_id=3458556 launched_at=2026-09-17T10:54:17.655369+00:00
[2026-09-17 10:54:17 UTC] predict_test method=vanilla_univariate NE_China_Wind/H/short
TIME run allocation action=new run=/fslarge/scratch/users/h61084/codes/selectime/outputs/selectime/chronos_bolt/predictions/test/vanilla_univariate/NE_China_Wind/H/medium/run_0 launch_id=selena_3458556 slurm_job_id=3458556 launched_at=2026-09-17T10:54:17.824682+00:00
[2026-09-17 10:54:17 UTC] predict_test method=vanilla_univariate NE_China_Wind/H/medium
TIME run allocation action=new run=/fslarge/scratch/users/h61084/codes/selectime/outputs/selectime/chronos_bolt/predictions/test/vanilla_univariate/NE_China_Wind/H/long/run_0 launch_id=selena_3458556 slurm_job_id=3458556 launched_at=2026-09-17T10:54:18.232601+00:00
[2026-09-17 10:54:18 UTC] predict_test method=vanilla_univariate NE_China_Wind/H/long
TIME run allocation action=new run=/fslarge/scratch/users/h61084/codes/selectime/outputs/selectime/chronos_bolt/predictions/test/vanilla_univariate/Australia_Solar/H/short/run_0 launch_id=selena_3458556 slurm_job_id=3458556 launched_at=2026-09-17T10:54:18.579917+00:00
[2026-09-17 10:54:18 UTC] predict_test method=vanilla_univariate Australia_Solar/H/short
TIME run allocation action=new run=/fslarge/scratch/users/h61084/codes/selectime/outputs/selectime/chronos_bolt/predictions/test/vanilla_univariate/Australia_Solar/H/medium/run_0 launch_id=selena_3458556 slurm_job_id=3458556 launched_at=2026-09-17T10:54:18.970787+00:00
[2026-09-17 10:54:18 UTC] predict_test method=vanilla_univariate Australia_Solar/H/medium
TIME run allocation action=new run=/fslarge/scratch/users/h61084/codes/selectime/outputs/selectime/chronos_bolt/predictions/test/vanilla_univariate/Australia_Solar/H/long/run_0 launch_id=selena_3458556 slurm_job_id=3458556 launched_at=2026-09-17T10:54:20.010810+00:00
[2026-09-17 10:54:20 UTC] predict_test method=vanilla_univariate Australia_Solar/H/long
TIME run allocation action=new run=/fslarge/scratch/users/h61084/codes/selectime/outputs/selectime/chronos_bolt/predictions/test/vanilla_univariate/epf_electricity_price/H/short/run_0 launch_id=selena_3458556 slurm_job_id=3458556 launched_at=2026-09-17T10:54:20.878141+00:00
[2026-09-17 10:54:20 UTC] predict_test method=vanilla_univariate epf_electricity_price/H/short
TIME run allocation action=new run=/fslarge/scratch/users/h61084/codes/selectime/outputs/selectime/chronos_bolt/predictions/test/vanilla_univariate/epf_electricity_price/H/medium/run_0 launch_id=selena_3458556 slurm_job_id=3458556 launched_at=2026-09-17T10:54:21.524816+00:00
[2026-09-17 10:54:21 UTC] predict_test method=vanilla_univariate epf_electricity_price/H/medium
TIME run allocation action=new run=/fslarge/scratch/users/h61084/codes/selectime/outputs/selectime/chronos_bolt/predictions/test/vanilla_univariate/epf_electricity_price/H/long/run_0 launch_id=selena_3458556 slurm_job_id=3458556 launched_at=2026-09-17T10:54:23.244925+00:00
[2026-09-17 10:54:23 UTC] predict_test method=vanilla_univariate epf_electricity_price/H/long
TIME run allocation action=new run=/fslarge/scratch/users/h61084/codes/selectime/outputs/selectime/chronos_bolt/predictions/test/vanilla_univariate/OpenElectricity_NEM/5T/short/run_0 launch_id=selena_3458556 slurm_job_id=3458556 launched_at=2026-09-17T10:54:24.713608+00:00
[2026-09-17 10:54:24 UTC] predict_test method=vanilla_univariate OpenElectricity_NEM/5T/short
TIME run allocation action=new run=/fslarge/scratch/users/h61084/codes/selectime/outputs/selectime/chronos_bolt/predictions/test/vanilla_univariate/OpenElectricity_NEM/5T/medium/run_0 launch_id=selena_3458556 slurm_job_id=3458556 launched_at=2026-09-17T10:54:26.624181+00:00
[2026-09-17 10:54:26 UTC] predict_test method=vanilla_univariate OpenElectricity_NEM/5T/medium
TIME run allocation action=new run=/fslarge/scratch/users/h61084/codes/selectime/outputs/selectime/chronos_bolt/predictions/test/vanilla_univariate/OpenElectricity_NEM/5T/long/run_0 launch_id=selena_3458556 slurm_job_id=3458556 launched_at=2026-09-17T10:54:30.680012+00:00
[2026-09-17 10:54:30 UTC] predict_test method=vanilla_univariate OpenElectricity_NEM/5T/long
TIME run allocation action=new run=/fslarge/scratch/users/h61084/codes/selectime/outputs/selectime/chronos_bolt/predictions/test/vanilla_univariate/EWELD_Load/15T/short/run_0 launch_id=selena_3458556 slurm_job_id=3458556 launched_at=2026-09-17T10:54:35.615533+00:00
[2026-09-17 10:54:35 UTC] predict_test method=vanilla_univariate EWELD_Load/15T/short
TIME run allocation action=new run=/fslarge/scratch/users/h61084/codes/selectime/outputs/selectime/chronos_bolt/predictions/test/vanilla_univariate/EWELD_Load/15T/medium/run_0 launch_id=selena_3458556 slurm_job_id=3458556 launched_at=2026-09-17T10:54:36.282337+00:00
[2026-09-17 10:54:36 UTC] predict_test method=vanilla_univariate EWELD_Load/15T/medium
TIME run allocation action=new run=/fslarge/scratch/users/h61084/codes/selectime/outputs/selectime/chronos_bolt/predictions/test/vanilla_univariate/EWELD_Load/15T/long/run_0 launch_id=selena_3458556 slurm_job_id=3458556 launched_at=2026-09-17T10:54:37.663222+00:00
[2026-09-17 10:54:37 UTC] predict_test method=vanilla_univariate EWELD_Load/15T/long
TIME run allocation action=new run=/fslarge/scratch/users/h61084/codes/selectime/outputs/selectime/chronos_bolt/predictions/test/vanilla_univariate/SG_Carpark/15T/short/run_0 launch_id=selena_3458556 slurm_job_id=3458556 launched_at=2026-09-17T10:54:40.031440+00:00
[2026-09-17 10:54:40 UTC] predict_test method=vanilla_univariate SG_Carpark/15T/short
TIME run allocation action=new run=/fslarge/scratch/users/h61084/codes/selectime/outputs/selectime/chronos_bolt/predictions/test/vanilla_univariate/SG_Carpark/15T/medium/run_0 launch_id=selena_3458556 slurm_job_id=3458556 launched_at=2026-09-17T10:54:56.922206+00:00
[2026-09-17 10:54:56 UTC] predict_test method=vanilla_univariate SG_Carpark/15T/medium
TIME run allocation action=new run=/fslarge/scratch/users/h61084/codes/selectime/outputs/selectime/chronos_bolt/predictions/test/vanilla_univariate/SG_Carpark/15T/long/run_0 launch_id=selena_3458556 slurm_job_id=3458556 launched_at=2026-09-17T10:55:21.107099+00:00
[2026-09-17 10:55:21 UTC] predict_test method=vanilla_univariate SG_Carpark/15T/long
TIME run allocation action=new run=/fslarge/scratch/users/h61084/codes/selectime/outputs/selectime/chronos_bolt/predictions/test/vanilla_univariate/Finland_Traffic/15T/short/run_0 launch_id=selena_3458556 slurm_job_id=3458556 launched_at=2026-09-17T10:55:51.588212+00:00
[2026-09-17 10:55:51 UTC] predict_test method=vanilla_univariate Finland_Traffic/15T/short
TIME run allocation action=new run=/fslarge/scratch/users/h61084/codes/selectime/outputs/selectime/chronos_bolt/predictions/test/vanilla_univariate/Finland_Traffic/15T/medium/run_0 launch_id=selena_3458556 slurm_job_id=3458556 launched_at=2026-09-17T10:55:51.832266+00:00
[2026-09-17 10:55:51 UTC] predict_test method=vanilla_univariate Finland_Traffic/15T/medium
TIME run allocation action=new run=/fslarge/scratch/users/h61084/codes/selectime/outputs/selectime/chronos_bolt/predictions/test/vanilla_univariate/Finland_Traffic/15T/long/run_0 launch_id=selena_3458556 slurm_job_id=3458556 launched_at=2026-09-17T10:55:52.150763+00:00
[2026-09-17 10:55:52 UTC] predict_test method=vanilla_univariate Finland_Traffic/15T/long
TIME run allocation action=new run=/fslarge/scratch/users/h61084/codes/selectime/outputs/selectime/chronos_bolt/predictions/test/vanilla_univariate/Port_Activity/D/short/run_0 launch_id=selena_3458556 slurm_job_id=3458556 launched_at=2026-09-17T10:55:52.639936+00:00
[2026-09-17 10:55:52 UTC] predict_test method=vanilla_univariate Port_Activity/D/short
TIME run allocation action=new run=/fslarge/scratch/users/h61084/codes/selectime/outputs/selectime/chronos_bolt/predictions/test/vanilla_univariate/Port_Activity/W/short/run_0 launch_id=selena_3458556 slurm_job_id=3458556 launched_at=2026-09-17T10:55:55.359046+00:00
[2026-09-17 10:55:55 UTC] predict_test method=vanilla_univariate Port_Activity/W/short
TIME run allocation action=new run=/fslarge/scratch/users/h61084/codes/selectime/outputs/selectime/chronos_bolt/predictions/test/vanilla_univariate/ECDC_COVID/D/short/run_0 launch_id=selena_3458556 slurm_job_id=3458556 launched_at=2026-09-17T10:55:55.817215+00:00
[2026-09-17 10:55:55 UTC] predict_test method=vanilla_univariate ECDC_COVID/D/short
TIME run allocation action=new run=/fslarge/scratch/users/h61084/codes/selectime/outputs/selectime/chronos_bolt/predictions/test/vanilla_univariate/ECDC_COVID/W/short/run_0 launch_id=selena_3458556 slurm_job_id=3458556 launched_at=2026-09-17T10:55:55.893779+00:00
[2026-09-17 10:55:55 UTC] predict_test method=vanilla_univariate ECDC_COVID/W/short
TIME run allocation action=new run=/fslarge/scratch/users/h61084/codes/selectime/outputs/selectime/chronos_bolt/predictions/test/vanilla_univariate/Global_Influenza/W/short/run_0 launch_id=selena_3458556 slurm_job_id=3458556 launched_at=2026-09-17T10:55:55.960169+00:00
[2026-09-17 10:55:55 UTC] predict_test method=vanilla_univariate Global_Influenza/W/short
TIME run allocation action=new run=/fslarge/scratch/users/h61084/codes/selectime/outputs/selectime/chronos_bolt/predictions/test/vanilla_univariate/Crypto/D/short/run_0 launch_id=selena_3458556 slurm_job_id=3458556 launched_at=2026-09-17T10:55:56.127339+00:00
[2026-09-17 10:55:56 UTC] predict_test method=vanilla_univariate Crypto/D/short
TIME run allocation action=new run=/fslarge/scratch/users/h61084/codes/selectime/outputs/selectime/chronos_bolt/predictions/test/vanilla_univariate/US_Term_Structure/B/short/run_0 launch_id=selena_3458556 slurm_job_id=3458556 launched_at=2026-09-17T10:55:56.266431+00:00
[2026-09-17 10:55:56 UTC] predict_test method=vanilla_univariate US_Term_Structure/B/short
TIME run allocation action=new run=/fslarge/scratch/users/h61084/codes/selectime/outputs/selectime/chronos_bolt/predictions/test/vanilla_univariate/Oil_Price/B/short/run_0 launch_id=selena_3458556 slurm_job_id=3458556 launched_at=2026-09-17T10:55:57.819365+00:00
[2026-09-17 10:55:57 UTC] predict_test method=vanilla_univariate Oil_Price/B/short
TIME run allocation action=new run=/fslarge/scratch/users/h61084/codes/selectime/outputs/selectime/chronos_bolt/predictions/test/vanilla_univariate/Job_Claims/W/short/run_0 launch_id=selena_3458556 slurm_job_id=3458556 launched_at=2026-09-17T10:55:58.314887+00:00
[2026-09-17 10:55:58 UTC] predict_test method=vanilla_univariate Job_Claims/W/short
TIME run allocation action=new run=/fslarge/scratch/users/h61084/codes/selectime/outputs/selectime/chronos_bolt/predictions/test/vanilla_univariate/Uncertainty_1M/M/short/run_0 launch_id=selena_3458556 slurm_job_id=3458556 launched_at=2026-09-17T10:55:58.360686+00:00
[2026-09-17 10:55:58 UTC] predict_test method=vanilla_univariate Uncertainty_1M/M/short
TIME run allocation action=new run=/fslarge/scratch/users/h61084/codes/selectime/outputs/selectime/chronos_bolt/predictions/test/vanilla_univariate/Housing_Inventory/M/short/run_0 launch_id=selena_3458556 slurm_job_id=3458556 launched_at=2026-09-17T10:55:58.409803+00:00
[2026-09-17 10:55:58 UTC] predict_test method=vanilla_univariate Housing_Inventory/M/short
TIME run allocation action=new run=/fslarge/scratch/users/h61084/codes/selectime/outputs/selectime/chronos_bolt/predictions/test/vanilla_univariate/JOLTS/M/short/run_0 launch_id=selena_3458556 slurm_job_id=3458556 launched_at=2026-09-17T10:55:58.456148+00:00
[2026-09-17 10:55:58 UTC] predict_test method=vanilla_univariate JOLTS/M/short
TIME run allocation action=new run=/fslarge/scratch/users/h61084/codes/selectime/outputs/selectime/chronos_bolt/predictions/test/vanilla_univariate/US_Labor/M/short/run_0 launch_id=selena_3458556 slurm_job_id=3458556 launched_at=2026-09-17T10:55:58.502106+00:00
[2026-09-17 10:55:58 UTC] predict_test method=vanilla_univariate US_Labor/M/short
TIME run allocation action=new run=/fslarge/scratch/users/h61084/codes/selectime/outputs/selectime/chronos_bolt/predictions/test/vanilla_univariate/Vehicle_Supply/M/short/run_0 launch_id=selena_3458556 slurm_job_id=3458556 launched_at=2026-09-17T10:55:58.581472+00:00
[2026-09-17 10:55:58 UTC] predict_test method=vanilla_univariate Vehicle_Supply/M/short
TIME run allocation action=new run=/fslarge/scratch/users/h61084/codes/selectime/outputs/selectime/chronos_bolt/predictions/test/vanilla_univariate/Auto_Production_SF/M/short/run_0 launch_id=selena_3458556 slurm_job_id=3458556 launched_at=2026-09-17T10:55:58.628178+00:00
[2026-09-17 10:55:58 UTC] predict_test method=vanilla_univariate Auto_Production_SF/M/short
TIME run allocation action=new run=/fslarge/scratch/users/h61084/codes/selectime/outputs/selectime/chronos_bolt/predictions/test/vanilla_univariate/Commodity_Production/M/short/run_0 launch_id=selena_3458556 slurm_job_id=3458556 launched_at=2026-09-17T10:55:58.677611+00:00
[2026-09-17 10:55:58 UTC] predict_test method=vanilla_univariate Commodity_Production/M/short
TIME run allocation action=new run=/fslarge/scratch/users/h61084/codes/selectime/outputs/selectime/chronos_bolt/predictions/test/vanilla_univariate/Commodity_Import/M/short/run_0 launch_id=selena_3458556 slurm_job_id=3458556 launched_at=2026-09-17T10:55:58.801257+00:00
[2026-09-17 10:55:58 UTC] predict_test method=vanilla_univariate Commodity_Import/M/short
TIME run allocation action=new run=/fslarge/scratch/users/h61084/codes/selectime/outputs/selectime/chronos_bolt/predictions/test/vanilla_univariate/WUI_Global/Q/short/run_0 launch_id=selena_3458556 slurm_job_id=3458556 launched_at=2026-09-17T10:55:58.872441+00:00
[2026-09-17 10:55:58 UTC] predict_test method=vanilla_univariate WUI_Global/Q/short
TIME run allocation action=new run=/fslarge/scratch/users/h61084/codes/selectime/outputs/selectime/chronos_bolt/predictions/test/vanilla_univariate/Global_Price/Q/short/run_0 launch_id=selena_3458556 slurm_job_id=3458556 launched_at=2026-09-17T10:55:58.953419+00:00
[2026-09-17 10:55:58 UTC] predict_test method=vanilla_univariate Global_Price/Q/short
TIME run allocation action=new run=/fslarge/scratch/users/h61084/codes/selectime/outputs/selectime/chronos_bolt/predictions/test/vanilla_univariate/Vehicle_Sales/M/short/run_0 launch_id=selena_3458556 slurm_job_id=3458556 launched_at=2026-09-17T10:55:59.151180+00:00
[2026-09-17 10:55:59 UTC] predict_test method=vanilla_univariate Vehicle_Sales/M/short
TIME run allocation action=new run=/fslarge/scratch/users/h61084/codes/selectime/outputs/selectime/chronos_bolt/predictions/test/vanilla_univariate/Online_Retail_2_UCI/D/short/run_0 launch_id=selena_3458556 slurm_job_id=3458556 launched_at=2026-09-17T10:55:59.217285+00:00
[2026-09-17 10:55:59 UTC] predict_test method=vanilla_univariate Online_Retail_2_UCI/D/short
TIME run allocation action=new run=/fslarge/scratch/users/h61084/codes/selectime/outputs/selectime/chronos_bolt/predictions/test/vanilla_univariate/Supply_Chain_Customer/D/short/run_0 launch_id=selena_3458556 slurm_job_id=3458556 launched_at=2026-09-17T10:55:59.272101+00:00
[2026-09-17 10:55:59 UTC] predict_test method=vanilla_univariate Supply_Chain_Customer/D/short
TIME run allocation action=new run=/fslarge/scratch/users/h61084/codes/selectime/outputs/selectime/chronos_bolt/predictions/test/vanilla_univariate/Supply_Chain_Location/D/short/run_0 launch_id=selena_3458556 slurm_job_id=3458556 launched_at=2026-09-17T10:55:59.791392+00:00
[2026-09-17 10:55:59 UTC] predict_test method=vanilla_univariate Supply_Chain_Location/D/short
TIME run allocation action=new run=/fslarge/scratch/users/h61084/codes/selectime/outputs/selectime/chronos_bolt/predictions/test/vanilla_univariate/azure2019_U/5T/short/run_0 launch_id=selena_3458556 slurm_job_id=3458556 launched_at=2026-09-17T10:56:00.551235+00:00
[2026-09-17 10:56:00 UTC] predict_test method=vanilla_univariate azure2019_U/5T/short
TIME run allocation action=new run=/fslarge/scratch/users/h61084/codes/selectime/outputs/selectime/chronos_bolt/predictions/test/vanilla_univariate/Smart_Manufacturing/H/short/run_0 launch_id=selena_3458556 slurm_job_id=3458556 launched_at=2026-09-17T10:56:01.979239+00:00
[2026-09-17 10:56:01 UTC] predict_test method=vanilla_univariate Smart_Manufacturing/H/short
TIME run allocation action=new run=/fslarge/scratch/users/h61084/codes/selectime/outputs/selectime/chronos_bolt/predictions/test/vanilla_univariate/Smart_Manufacturing/H/medium/run_0 launch_id=selena_3458556 slurm_job_id=3458556 launched_at=2026-09-17T10:56:04.330704+00:00
[2026-09-17 10:56:04 UTC] predict_test method=vanilla_univariate Smart_Manufacturing/H/medium
TIME run allocation action=new run=/fslarge/scratch/users/h61084/codes/selectime/outputs/selectime/chronos_bolt/predictions/test/vanilla_univariate/Smart_Manufacturing/H/long/run_0 launch_id=selena_3458556 slurm_job_id=3458556 launched_at=2026-09-17T10:56:09.182883+00:00
[2026-09-17 10:56:09 UTC] predict_test method=vanilla_univariate Smart_Manufacturing/H/long
TIME run allocation action=new run=/fslarge/scratch/users/h61084/codes/selectime/outputs/selectime/chronos_bolt/predictions/test/vanilla_univariate/MetroPT-3/5T/short/run_0 launch_id=selena_3458556 slurm_job_id=3458556 launched_at=2026-09-17T10:56:14.645626+00:00
[2026-09-17 10:56:14 UTC] predict_test method=vanilla_univariate MetroPT-3/5T/short
TIME run allocation action=new run=/fslarge/scratch/users/h61084/codes/selectime/outputs/selectime/chronos_bolt/predictions/test/vanilla_univariate/MetroPT-3/5T/medium/run_0 launch_id=selena_3458556 slurm_job_id=3458556 launched_at=2026-09-17T10:56:14.932135+00:00
[2026-09-17 10:56:14 UTC] predict_test method=vanilla_univariate MetroPT-3/5T/medium
TIME run allocation action=new run=/fslarge/scratch/users/h61084/codes/selectime/outputs/selectime/chronos_bolt/predictions/test/vanilla_univariate/MetroPT-3/5T/long/run_0 launch_id=selena_3458556 slurm_job_id=3458556 launched_at=2026-09-17T10:56:16.262098+00:00
[2026-09-17 10:56:16 UTC] predict_test method=vanilla_univariate MetroPT-3/5T/long
[2026-09-17 10:56:20 UTC] Slurm=3458556 launch=selena_3458556 stage=predict_test prediction_group=remaining
[2026-09-17 10:56:21 UTC] dataset_config=/fssmall/home/h61084/codes/selectime/src/timebench/config/datasets.yaml applied_keys=datasets,selectime_tasks tasks=90
[2026-09-17 10:56:21 UTC] stage=predict_test tasks=90 seed=0 Slurm=3458556
[2026-09-17 12:56:22,204][datasets][INFO] - PyTorch version 2.9.1 available.
TIME run allocation action=new run=/fslarge/scratch/users/h61084/codes/selectime/outputs/selectime/chronos_bolt/predictions/test/top1_horizon/Water_Quality_Darwin/15T/short/run_0 launch_id=selena_3458556 slurm_job_id=3458556 launched_at=2026-09-17T10:56:22.585843+00:00
[2026-09-17 10:56:22 UTC] predict_test method=top1_horizon Water_Quality_Darwin/15T/short
TIME run allocation action=new run=/fslarge/scratch/users/h61084/codes/selectime/outputs/selectime/chronos_bolt/predictions/test/top1_horizon/Water_Quality_Darwin/15T/medium/run_0 launch_id=selena_3458556 slurm_job_id=3458556 launched_at=2026-09-17T10:56:26.517426+00:00
[2026-09-17 10:56:26 UTC] predict_test method=top1_horizon Water_Quality_Darwin/15T/medium
TIME run allocation action=new run=/fslarge/scratch/users/h61084/codes/selectime/outputs/selectime/chronos_bolt/predictions/test/top1_horizon/Water_Quality_Darwin/15T/long/run_0 launch_id=selena_3458556 slurm_job_id=3458556 launched_at=2026-09-17T10:56:27.336537+00:00
[2026-09-17 10:56:27 UTC] predict_test method=top1_horizon Water_Quality_Darwin/15T/long
TIME run allocation action=new run=/fslarge/scratch/users/h61084/codes/selectime/outputs/selectime/chronos_bolt/predictions/test/top1_horizon/current_velocity/5T/short/run_0 launch_id=selena_3458556 slurm_job_id=3458556 launched_at=2026-09-17T10:56:27.706444+00:00
[2026-09-17 10:56:27 UTC] predict_test method=top1_horizon current_velocity/5T/short
TIME run allocation action=new run=/fslarge/scratch/users/h61084/codes/selectime/outputs/selectime/chronos_bolt/predictions/test/top1_horizon/current_velocity/5T/medium/run_0 launch_id=selena_3458556 slurm_job_id=3458556 launched_at=2026-09-17T10:56:27.877831+00:00
[2026-09-17 10:56:27 UTC] predict_test method=top1_horizon current_velocity/5T/medium
TIME run allocation action=new run=/fslarge/scratch/users/h61084/codes/selectime/outputs/selectime/chronos_bolt/predictions/test/top1_horizon/current_velocity/5T/long/run_0 launch_id=selena_3458556 slurm_job_id=3458556 launched_at=2026-09-17T10:56:27.957545+00:00
[2026-09-17 10:56:27 UTC] predict_test method=top1_horizon current_velocity/5T/long
TIME run allocation action=new run=/fslarge/scratch/users/h61084/codes/selectime/outputs/selectime/chronos_bolt/predictions/test/top1_horizon/current_velocity/10T/short/run_0 launch_id=selena_3458556 slurm_job_id=3458556 launched_at=2026-09-17T10:56:28.166215+00:00
[2026-09-17 10:56:28 UTC] predict_test method=top1_horizon current_velocity/10T/short
TIME run allocation action=new run=/fslarge/scratch/users/h61084/codes/selectime/outputs/selectime/chronos_bolt/predictions/test/top1_horizon/current_velocity/10T/medium/run_0 launch_id=selena_3458556 slurm_job_id=3458556 launched_at=2026-09-17T10:56:31.225293+00:00
[2026-09-17 10:56:31 UTC] predict_test method=top1_horizon current_velocity/10T/medium
TIME run allocation action=new run=/fslarge/scratch/users/h61084/codes/selectime/outputs/selectime/chronos_bolt/predictions/test/top1_horizon/current_velocity/10T/long/run_0 launch_id=selena_3458556 slurm_job_id=3458556 launched_at=2026-09-17T10:56:32.463909+00:00
[2026-09-17 10:56:32 UTC] predict_test method=top1_horizon current_velocity/10T/long
TIME run allocation action=new run=/fslarge/scratch/users/h61084/codes/selectime/outputs/selectime/chronos_bolt/predictions/test/top1_horizon/current_velocity/15T/short/run_0 launch_id=selena_3458556 slurm_job_id=3458556 launched_at=2026-09-17T10:56:33.124374+00:00
[2026-09-17 10:56:33 UTC] predict_test method=top1_horizon current_velocity/15T/short
TIME run allocation action=new run=/fslarge/scratch/users/h61084/codes/selectime/outputs/selectime/chronos_bolt/predictions/test/top1_horizon/current_velocity/15T/medium/run_0 launch_id=selena_3458556 slurm_job_id=3458556 launched_at=2026-09-17T10:56:34.020626+00:00
[2026-09-17 10:56:34 UTC] predict_test method=top1_horizon current_velocity/15T/medium
TIME run allocation action=new run=/fslarge/scratch/users/h61084/codes/selectime/outputs/selectime/chronos_bolt/predictions/test/top1_horizon/current_velocity/15T/long/run_0 launch_id=selena_3458556 slurm_job_id=3458556 launched_at=2026-09-17T10:56:34.319254+00:00
[2026-09-17 10:56:34 UTC] predict_test method=top1_horizon current_velocity/15T/long
TIME run allocation action=new run=/fslarge/scratch/users/h61084/codes/selectime/outputs/selectime/chronos_bolt/predictions/test/top1_horizon/current_velocity/H/short/run_0 launch_id=selena_3458556 slurm_job_id=3458556 launched_at=2026-09-17T10:56:34.550600+00:00
[2026-09-17 10:56:34 UTC] predict_test method=top1_horizon current_velocity/H/short
TIME run allocation action=new run=/fslarge/scratch/users/h61084/codes/selectime/outputs/selectime/chronos_bolt/predictions/test/top1_horizon/current_velocity/H/medium/run_0 launch_id=selena_3458556 slurm_job_id=3458556 launched_at=2026-09-17T10:56:36.344149+00:00
[2026-09-17 10:56:36 UTC] predict_test method=top1_horizon current_velocity/H/medium
TIME run allocation action=new run=/fslarge/scratch/users/h61084/codes/selectime/outputs/selectime/chronos_bolt/predictions/test/top1_horizon/current_velocity/H/long/run_0 launch_id=selena_3458556 slurm_job_id=3458556 launched_at=2026-09-17T10:56:36.801414+00:00
[2026-09-17 10:56:36 UTC] predict_test method=top1_horizon current_velocity/H/long
TIME run allocation action=new run=/fslarge/scratch/users/h61084/codes/selectime/outputs/selectime/chronos_bolt/predictions/test/top1_horizon/CPHL/15T/short/run_0 launch_id=selena_3458556 slurm_job_id=3458556 launched_at=2026-09-17T10:56:37.058299+00:00
[2026-09-17 10:56:37 UTC] predict_test method=top1_horizon CPHL/15T/short
TIME run allocation action=new run=/fslarge/scratch/users/h61084/codes/selectime/outputs/selectime/chronos_bolt/predictions/test/top1_horizon/CPHL/15T/medium/run_0 launch_id=selena_3458556 slurm_job_id=3458556 launched_at=2026-09-17T10:56:37.140797+00:00
[2026-09-17 10:56:37 UTC] predict_test method=top1_horizon CPHL/15T/medium
TIME run allocation action=new run=/fslarge/scratch/users/h61084/codes/selectime/outputs/selectime/chronos_bolt/predictions/test/top1_horizon/CPHL/15T/long/run_0 launch_id=selena_3458556 slurm_job_id=3458556 launched_at=2026-09-17T10:56:37.194689+00:00
[2026-09-17 10:56:37 UTC] predict_test method=top1_horizon CPHL/15T/long
TIME run allocation action=new run=/fslarge/scratch/users/h61084/codes/selectime/outputs/selectime/chronos_bolt/predictions/test/top1_horizon/CPHL/30T/short/run_0 launch_id=selena_3458556 slurm_job_id=3458556 launched_at=2026-09-17T10:56:37.244602+00:00
[2026-09-17 10:56:37 UTC] predict_test method=top1_horizon CPHL/30T/short
TIME run allocation action=new run=/fslarge/scratch/users/h61084/codes/selectime/outputs/selectime/chronos_bolt/predictions/test/top1_horizon/CPHL/30T/medium/run_0 launch_id=selena_3458556 slurm_job_id=3458556 launched_at=2026-09-17T10:56:37.325495+00:00
[2026-09-17 10:56:37 UTC] predict_test method=top1_horizon CPHL/30T/medium
TIME run allocation action=new run=/fslarge/scratch/users/h61084/codes/selectime/outputs/selectime/chronos_bolt/predictions/test/top1_horizon/CPHL/30T/long/run_0 launch_id=selena_3458556 slurm_job_id=3458556 launched_at=2026-09-17T10:56:37.380870+00:00
[2026-09-17 10:56:37 UTC] predict_test method=top1_horizon CPHL/30T/long
TIME run allocation action=new run=/fslarge/scratch/users/h61084/codes/selectime/outputs/selectime/chronos_bolt/predictions/test/top1_horizon/CPHL/H/short/run_0 launch_id=selena_3458556 slurm_job_id=3458556 launched_at=2026-09-17T10:56:37.431774+00:00
[2026-09-17 10:56:37 UTC] predict_test method=top1_horizon CPHL/H/short
TIME run allocation action=new run=/fslarge/scratch/users/h61084/codes/selectime/outputs/selectime/chronos_bolt/predictions/test/top1_horizon/CPHL/H/medium/run_0 launch_id=selena_3458556 slurm_job_id=3458556 launched_at=2026-09-17T10:56:37.502176+00:00
[2026-09-17 10:56:37 UTC] predict_test method=top1_horizon CPHL/H/medium
TIME run allocation action=new run=/fslarge/scratch/users/h61084/codes/selectime/outputs/selectime/chronos_bolt/predictions/test/top1_horizon/CPHL/H/long/run_0 launch_id=selena_3458556 slurm_job_id=3458556 launched_at=2026-09-17T10:56:37.556399+00:00
[2026-09-17 10:56:37 UTC] predict_test method=top1_horizon CPHL/H/long
TIME run allocation action=new run=/fslarge/scratch/users/h61084/codes/selectime/outputs/selectime/chronos_bolt/predictions/test/top1_horizon/Coastal_T_S/15T/short/run_0 launch_id=selena_3458556 slurm_job_id=3458556 launched_at=2026-09-17T10:56:37.646796+00:00
[2026-09-17 10:56:37 UTC] predict_test method=top1_horizon Coastal_T_S/15T/short
TIME run allocation action=new run=/fslarge/scratch/users/h61084/codes/selectime/outputs/selectime/chronos_bolt/predictions/test/top1_horizon/Coastal_T_S/15T/medium/run_0 launch_id=selena_3458556 slurm_job_id=3458556 launched_at=2026-09-17T10:56:38.525536+00:00
[2026-09-17 10:56:38 UTC] predict_test method=top1_horizon Coastal_T_S/15T/medium
TIME run allocation action=new run=/fslarge/scratch/users/h61084/codes/selectime/outputs/selectime/chronos_bolt/predictions/test/top1_horizon/Coastal_T_S/15T/long/run_0 launch_id=selena_3458556 slurm_job_id=3458556 launched_at=2026-09-17T10:56:38.832227+00:00
[2026-09-17 10:56:38 UTC] predict_test method=top1_horizon Coastal_T_S/15T/long
TIME run allocation action=new run=/fslarge/scratch/users/h61084/codes/selectime/outputs/selectime/chronos_bolt/predictions/test/top1_horizon/Coastal_T_S/20T/short/run_0 launch_id=selena_3458556 slurm_job_id=3458556 launched_at=2026-09-17T10:56:38.996804+00:00
[2026-09-17 10:56:38 UTC] predict_test method=top1_horizon Coastal_T_S/20T/short
TIME run allocation action=new run=/fslarge/scratch/users/h61084/codes/selectime/outputs/selectime/chronos_bolt/predictions/test/top1_horizon/Coastal_T_S/20T/medium/run_0 launch_id=selena_3458556 slurm_job_id=3458556 launched_at=2026-09-17T10:56:39.097592+00:00
[2026-09-17 10:56:39 UTC] predict_test method=top1_horizon Coastal_T_S/20T/medium
TIME run allocation action=new run=/fslarge/scratch/users/h61084/codes/selectime/outputs/selectime/chronos_bolt/predictions/test/top1_horizon/Coastal_T_S/20T/long/run_0 launch_id=selena_3458556 slurm_job_id=3458556 launched_at=2026-09-17T10:56:39.151723+00:00
[2026-09-17 10:56:39 UTC] predict_test method=top1_horizon Coastal_T_S/20T/long
TIME run allocation action=new run=/fslarge/scratch/users/h61084/codes/selectime/outputs/selectime/chronos_bolt/predictions/test/top1_horizon/Coastal_T_S/H/short/run_0 launch_id=selena_3458556 slurm_job_id=3458556 launched_at=2026-09-17T10:56:39.249505+00:00
[2026-09-17 10:56:39 UTC] predict_test method=top1_horizon Coastal_T_S/H/short
TIME run allocation action=new run=/fslarge/scratch/users/h61084/codes/selectime/outputs/selectime/chronos_bolt/predictions/test/top1_horizon/Coastal_T_S/H/medium/run_0 launch_id=selena_3458556 slurm_job_id=3458556 launched_at=2026-09-17T10:56:40.454883+00:00
[2026-09-17 10:56:40 UTC] predict_test method=top1_horizon Coastal_T_S/H/medium
TIME run allocation action=new run=/fslarge/scratch/users/h61084/codes/selectime/outputs/selectime/chronos_bolt/predictions/test/top1_horizon/Coastal_T_S/H/long/run_0 launch_id=selena_3458556 slurm_job_id=3458556 launched_at=2026-09-17T10:56:40.783659+00:00
[2026-09-17 10:56:40 UTC] predict_test method=top1_horizon Coastal_T_S/H/long
TIME run allocation action=new run=/fslarge/scratch/users/h61084/codes/selectime/outputs/selectime/chronos_bolt/predictions/test/top1_horizon/SG_Weather/D/short/run_0 launch_id=selena_3458556 slurm_job_id=3458556 launched_at=2026-09-17T10:56:40.983400+00:00
[2026-09-17 10:56:40 UTC] predict_test method=top1_horizon SG_Weather/D/short
TIME run allocation action=new run=/fslarge/scratch/users/h61084/codes/selectime/outputs/selectime/chronos_bolt/predictions/test/top1_horizon/SG_Weather/D/medium/run_0 launch_id=selena_3458556 slurm_job_id=3458556 launched_at=2026-09-17T10:56:42.592284+00:00
[2026-09-17 10:56:42 UTC] predict_test method=top1_horizon SG_Weather/D/medium
TIME run allocation action=new run=/fslarge/scratch/users/h61084/codes/selectime/outputs/selectime/chronos_bolt/predictions/test/top1_horizon/SG_Weather/D/long/run_0 launch_id=selena_3458556 slurm_job_id=3458556 launched_at=2026-09-17T10:56:43.282345+00:00
[2026-09-17 10:56:43 UTC] predict_test method=top1_horizon SG_Weather/D/long
TIME run allocation action=new run=/fslarge/scratch/users/h61084/codes/selectime/outputs/selectime/chronos_bolt/predictions/test/top1_horizon/SG_PM25/H/short/run_0 launch_id=selena_3458556 slurm_job_id=3458556 launched_at=2026-09-17T10:56:43.693104+00:00
[2026-09-17 10:56:43 UTC] predict_test method=top1_horizon SG_PM25/H/short
TIME run allocation action=new run=/fslarge/scratch/users/h61084/codes/selectime/outputs/selectime/chronos_bolt/predictions/test/top1_horizon/SG_PM25/H/medium/run_0 launch_id=selena_3458556 slurm_job_id=3458556 launched_at=2026-09-17T10:56:43.823687+00:00
[2026-09-17 10:56:43 UTC] predict_test method=top1_horizon SG_PM25/H/medium
TIME run allocation action=new run=/fslarge/scratch/users/h61084/codes/selectime/outputs/selectime/chronos_bolt/predictions/test/top1_horizon/SG_PM25/H/long/run_0 launch_id=selena_3458556 slurm_job_id=3458556 launched_at=2026-09-17T10:56:43.912468+00:00
[2026-09-17 10:56:43 UTC] predict_test method=top1_horizon SG_PM25/H/long
TIME run allocation action=new run=/fslarge/scratch/users/h61084/codes/selectime/outputs/selectime/chronos_bolt/predictions/test/top1_horizon/NE_China_Wind/H/short/run_0 launch_id=selena_3458556 slurm_job_id=3458556 launched_at=2026-09-17T10:56:43.971796+00:00
[2026-09-17 10:56:43 UTC] predict_test method=top1_horizon NE_China_Wind/H/short
TIME run allocation action=new run=/fslarge/scratch/users/h61084/codes/selectime/outputs/selectime/chronos_bolt/predictions/test/top1_horizon/NE_China_Wind/H/medium/run_0 launch_id=selena_3458556 slurm_job_id=3458556 launched_at=2026-09-17T10:56:44.036656+00:00
[2026-09-17 10:56:44 UTC] predict_test method=top1_horizon NE_China_Wind/H/medium
TIME run allocation action=new run=/fslarge/scratch/users/h61084/codes/selectime/outputs/selectime/chronos_bolt/predictions/test/top1_horizon/NE_China_Wind/H/long/run_0 launch_id=selena_3458556 slurm_job_id=3458556 launched_at=2026-09-17T10:56:44.089901+00:00
[2026-09-17 10:56:44 UTC] predict_test method=top1_horizon NE_China_Wind/H/long
TIME run allocation action=new run=/fslarge/scratch/users/h61084/codes/selectime/outputs/selectime/chronos_bolt/predictions/test/top1_horizon/Australia_Solar/H/short/run_0 launch_id=selena_3458556 slurm_job_id=3458556 launched_at=2026-09-17T10:56:44.149136+00:00
[2026-09-17 10:56:44 UTC] predict_test method=top1_horizon Australia_Solar/H/short
TIME run allocation action=new run=/fslarge/scratch/users/h61084/codes/selectime/outputs/selectime/chronos_bolt/predictions/test/top1_horizon/Australia_Solar/H/medium/run_0 launch_id=selena_3458556 slurm_job_id=3458556 launched_at=2026-09-17T10:56:44.220252+00:00
[2026-09-17 10:56:44 UTC] predict_test method=top1_horizon Australia_Solar/H/medium
TIME run allocation action=new run=/fslarge/scratch/users/h61084/codes/selectime/outputs/selectime/chronos_bolt/predictions/test/top1_horizon/Australia_Solar/H/long/run_0 launch_id=selena_3458556 slurm_job_id=3458556 launched_at=2026-09-17T10:56:44.280166+00:00
[2026-09-17 10:56:44 UTC] predict_test method=top1_horizon Australia_Solar/H/long
TIME run allocation action=new run=/fslarge/scratch/users/h61084/codes/selectime/outputs/selectime/chronos_bolt/predictions/test/top1_horizon/epf_electricity_price/H/short/run_0 launch_id=selena_3458556 slurm_job_id=3458556 launched_at=2026-09-17T10:56:44.357385+00:00
[2026-09-17 10:56:44 UTC] predict_test method=top1_horizon epf_electricity_price/H/short
TIME run allocation action=new run=/fslarge/scratch/users/h61084/codes/selectime/outputs/selectime/chronos_bolt/predictions/test/top1_horizon/epf_electricity_price/H/medium/run_0 launch_id=selena_3458556 slurm_job_id=3458556 launched_at=2026-09-17T10:56:44.702065+00:00
[2026-09-17 10:56:44 UTC] predict_test method=top1_horizon epf_electricity_price/H/medium
TIME run allocation action=new run=/fslarge/scratch/users/h61084/codes/selectime/outputs/selectime/chronos_bolt/predictions/test/top1_horizon/epf_electricity_price/H/long/run_0 launch_id=selena_3458556 slurm_job_id=3458556 launched_at=2026-09-17T10:56:44.897201+00:00
[2026-09-17 10:56:44 UTC] predict_test method=top1_horizon epf_electricity_price/H/long
TIME run allocation action=new run=/fslarge/scratch/users/h61084/codes/selectime/outputs/selectime/chronos_bolt/predictions/test/top1_horizon/OpenElectricity_NEM/5T/short/run_0 launch_id=selena_3458556 slurm_job_id=3458556 launched_at=2026-09-17T10:56:45.103897+00:00
[2026-09-17 10:56:45 UTC] predict_test method=top1_horizon OpenElectricity_NEM/5T/short
TIME run allocation action=new run=/fslarge/scratch/users/h61084/codes/selectime/outputs/selectime/chronos_bolt/predictions/test/top1_horizon/OpenElectricity_NEM/5T/medium/run_0 launch_id=selena_3458556 slurm_job_id=3458556 launched_at=2026-09-17T10:56:45.454086+00:00
[2026-09-17 10:56:45 UTC] predict_test method=top1_horizon OpenElectricity_NEM/5T/medium
TIME run allocation action=new run=/fslarge/scratch/users/h61084/codes/selectime/outputs/selectime/chronos_bolt/predictions/test/top1_horizon/OpenElectricity_NEM/5T/long/run_0 launch_id=selena_3458556 slurm_job_id=3458556 launched_at=2026-09-17T10:56:45.622178+00:00
[2026-09-17 10:56:45 UTC] predict_test method=top1_horizon OpenElectricity_NEM/5T/long
TIME run allocation action=new run=/fslarge/scratch/users/h61084/codes/selectime/outputs/selectime/chronos_bolt/predictions/test/top1_horizon/EWELD_Load/15T/short/run_0 launch_id=selena_3458556 slurm_job_id=3458556 launched_at=2026-09-17T10:56:45.716536+00:00
[2026-09-17 10:56:45 UTC] predict_test method=top1_horizon EWELD_Load/15T/short
TIME run allocation action=new run=/fslarge/scratch/users/h61084/codes/selectime/outputs/selectime/chronos_bolt/predictions/test/top1_horizon/EWELD_Load/15T/medium/run_0 launch_id=selena_3458556 slurm_job_id=3458556 launched_at=2026-09-17T10:56:45.863053+00:00
[2026-09-17 10:56:45 UTC] predict_test method=top1_horizon EWELD_Load/15T/medium
TIME run allocation action=new run=/fslarge/scratch/users/h61084/codes/selectime/outputs/selectime/chronos_bolt/predictions/test/top1_horizon/EWELD_Load/15T/long/run_0 launch_id=selena_3458556 slurm_job_id=3458556 launched_at=2026-09-17T10:56:45.948675+00:00
[2026-09-17 10:56:45 UTC] predict_test method=top1_horizon EWELD_Load/15T/long
TIME run allocation action=new run=/fslarge/scratch/users/h61084/codes/selectime/outputs/selectime/chronos_bolt/predictions/test/top1_horizon/SG_Carpark/15T/short/run_0 launch_id=selena_3458556 slurm_job_id=3458556 launched_at=2026-09-17T10:56:46.653436+00:00
[2026-09-17 10:56:46 UTC] predict_test method=top1_horizon SG_Carpark/15T/short
TIME run allocation action=new run=/fslarge/scratch/users/h61084/codes/selectime/outputs/selectime/chronos_bolt/predictions/test/top1_horizon/SG_Carpark/15T/medium/run_0 launch_id=selena_3458556 slurm_job_id=3458556 launched_at=2026-09-17T10:56:51.183148+00:00
[2026-09-17 10:56:51 UTC] predict_test method=top1_horizon SG_Carpark/15T/medium
TIME run allocation action=new run=/fslarge/scratch/users/h61084/codes/selectime/outputs/selectime/chronos_bolt/predictions/test/top1_horizon/SG_Carpark/15T/long/run_0 launch_id=selena_3458556 slurm_job_id=3458556 launched_at=2026-09-17T10:56:51.808077+00:00
[2026-09-17 10:56:51 UTC] predict_test method=top1_horizon SG_Carpark/15T/long
TIME run allocation action=new run=/fslarge/scratch/users/h61084/codes/selectime/outputs/selectime/chronos_bolt/predictions/test/top1_horizon/Finland_Traffic/15T/short/run_0 launch_id=selena_3458556 slurm_job_id=3458556 launched_at=2026-09-17T10:56:51.868907+00:00
[2026-09-17 10:56:51 UTC] predict_test method=top1_horizon Finland_Traffic/15T/short
TIME run allocation action=new run=/fslarge/scratch/users/h61084/codes/selectime/outputs/selectime/chronos_bolt/predictions/test/top1_horizon/Finland_Traffic/15T/medium/run_0 launch_id=selena_3458556 slurm_job_id=3458556 launched_at=2026-09-17T10:56:51.944482+00:00
[2026-09-17 10:56:51 UTC] predict_test method=top1_horizon Finland_Traffic/15T/medium
TIME run allocation action=new run=/fslarge/scratch/users/h61084/codes/selectime/outputs/selectime/chronos_bolt/predictions/test/top1_horizon/Finland_Traffic/15T/long/run_0 launch_id=selena_3458556 slurm_job_id=3458556 launched_at=2026-09-17T10:56:51.996546+00:00
[2026-09-17 10:56:51 UTC] predict_test method=top1_horizon Finland_Traffic/15T/long
TIME run allocation action=new run=/fslarge/scratch/users/h61084/codes/selectime/outputs/selectime/chronos_bolt/predictions/test/top1_horizon/Port_Activity/D/short/run_0 launch_id=selena_3458556 slurm_job_id=3458556 launched_at=2026-09-17T10:56:52.105182+00:00
[2026-09-17 10:56:52 UTC] predict_test method=top1_horizon Port_Activity/D/short
TIME run allocation action=new run=/fslarge/scratch/users/h61084/codes/selectime/outputs/selectime/chronos_bolt/predictions/test/top1_horizon/Port_Activity/W/short/run_0 launch_id=selena_3458556 slurm_job_id=3458556 launched_at=2026-09-17T10:56:53.179751+00:00
[2026-09-17 10:56:53 UTC] predict_test method=top1_horizon Port_Activity/W/short
TIME run allocation action=new run=/fslarge/scratch/users/h61084/codes/selectime/outputs/selectime/chronos_bolt/predictions/test/top1_horizon/ECDC_COVID/D/short/run_0 launch_id=selena_3458556 slurm_job_id=3458556 launched_at=2026-09-17T10:56:53.421670+00:00
[2026-09-17 10:56:53 UTC] predict_test method=top1_horizon ECDC_COVID/D/short
TIME run allocation action=new run=/fslarge/scratch/users/h61084/codes/selectime/outputs/selectime/chronos_bolt/predictions/test/top1_horizon/ECDC_COVID/W/short/run_0 launch_id=selena_3458556 slurm_job_id=3458556 launched_at=2026-09-17T10:56:53.479669+00:00
[2026-09-17 10:56:53 UTC] predict_test method=top1_horizon ECDC_COVID/W/short
TIME run allocation action=new run=/fslarge/scratch/users/h61084/codes/selectime/outputs/selectime/chronos_bolt/predictions/test/top1_horizon/Global_Influenza/W/short/run_0 launch_id=selena_3458556 slurm_job_id=3458556 launched_at=2026-09-17T10:56:53.539528+00:00
[2026-09-17 10:56:53 UTC] predict_test method=top1_horizon Global_Influenza/W/short
TIME run allocation action=new run=/fslarge/scratch/users/h61084/codes/selectime/outputs/selectime/chronos_bolt/predictions/test/top1_horizon/Crypto/D/short/run_0 launch_id=selena_3458556 slurm_job_id=3458556 launched_at=2026-09-17T10:56:53.640628+00:00
[2026-09-17 10:56:53 UTC] predict_test method=top1_horizon Crypto/D/short
TIME run allocation action=new run=/fslarge/scratch/users/h61084/codes/selectime/outputs/selectime/chronos_bolt/predictions/test/top1_horizon/US_Term_Structure/B/short/run_0 launch_id=selena_3458556 slurm_job_id=3458556 launched_at=2026-09-17T10:56:53.744555+00:00
[2026-09-17 10:56:53 UTC] predict_test method=top1_horizon US_Term_Structure/B/short
TIME run allocation action=new run=/fslarge/scratch/users/h61084/codes/selectime/outputs/selectime/chronos_bolt/predictions/test/top1_horizon/Oil_Price/B/short/run_0 launch_id=selena_3458556 slurm_job_id=3458556 launched_at=2026-09-17T10:56:53.983331+00:00
[2026-09-17 10:56:53 UTC] predict_test method=top1_horizon Oil_Price/B/short
TIME run allocation action=new run=/fslarge/scratch/users/h61084/codes/selectime/outputs/selectime/chronos_bolt/predictions/test/top1_horizon/Job_Claims/W/short/run_0 launch_id=selena_3458556 slurm_job_id=3458556 launched_at=2026-09-17T10:56:54.084528+00:00
[2026-09-17 10:56:54 UTC] predict_test method=top1_horizon Job_Claims/W/short
TIME run allocation action=new run=/fslarge/scratch/users/h61084/codes/selectime/outputs/selectime/chronos_bolt/predictions/test/top1_horizon/Uncertainty_1M/M/short/run_0 launch_id=selena_3458556 slurm_job_id=3458556 launched_at=2026-09-17T10:56:54.129655+00:00
[2026-09-17 10:56:54 UTC] predict_test method=top1_horizon Uncertainty_1M/M/short
TIME run allocation action=new run=/fslarge/scratch/users/h61084/codes/selectime/outputs/selectime/chronos_bolt/predictions/test/top1_horizon/Housing_Inventory/M/short/run_0 launch_id=selena_3458556 slurm_job_id=3458556 launched_at=2026-09-17T10:56:54.177051+00:00
[2026-09-17 10:56:54 UTC] predict_test method=top1_horizon Housing_Inventory/M/short
TIME run allocation action=new run=/fslarge/scratch/users/h61084/codes/selectime/outputs/selectime/chronos_bolt/predictions/test/top1_horizon/JOLTS/M/short/run_0 launch_id=selena_3458556 slurm_job_id=3458556 launched_at=2026-09-17T10:56:54.222618+00:00
[2026-09-17 10:56:54 UTC] predict_test method=top1_horizon JOLTS/M/short
TIME run allocation action=new run=/fslarge/scratch/users/h61084/codes/selectime/outputs/selectime/chronos_bolt/predictions/test/top1_horizon/US_Labor/M/short/run_0 launch_id=selena_3458556 slurm_job_id=3458556 launched_at=2026-09-17T10:56:54.271061+00:00
[2026-09-17 10:56:54 UTC] predict_test method=top1_horizon US_Labor/M/short
TIME run allocation action=new run=/fslarge/scratch/users/h61084/codes/selectime/outputs/selectime/chronos_bolt/predictions/test/top1_horizon/Vehicle_Supply/M/short/run_0 launch_id=selena_3458556 slurm_job_id=3458556 launched_at=2026-09-17T10:56:54.324220+00:00
[2026-09-17 10:56:54 UTC] predict_test method=top1_horizon Vehicle_Supply/M/short
TIME run allocation action=new run=/fslarge/scratch/users/h61084/codes/selectime/outputs/selectime/chronos_bolt/predictions/test/top1_horizon/Auto_Production_SF/M/short/run_0 launch_id=selena_3458556 slurm_job_id=3458556 launched_at=2026-09-17T10:56:54.372025+00:00
[2026-09-17 10:56:54 UTC] predict_test method=top1_horizon Auto_Production_SF/M/short
TIME run allocation action=new run=/fslarge/scratch/users/h61084/codes/selectime/outputs/selectime/chronos_bolt/predictions/test/top1_horizon/Commodity_Production/M/short/run_0 launch_id=selena_3458556 slurm_job_id=3458556 launched_at=2026-09-17T10:56:54.421936+00:00
[2026-09-17 10:56:54 UTC] predict_test method=top1_horizon Commodity_Production/M/short
TIME run allocation action=new run=/fslarge/scratch/users/h61084/codes/selectime/outputs/selectime/chronos_bolt/predictions/test/top1_horizon/Commodity_Import/M/short/run_0 launch_id=selena_3458556 slurm_job_id=3458556 launched_at=2026-09-17T10:56:54.503106+00:00
[2026-09-17 10:56:54 UTC] predict_test method=top1_horizon Commodity_Import/M/short
TIME run allocation action=new run=/fslarge/scratch/users/h61084/codes/selectime/outputs/selectime/chronos_bolt/predictions/test/top1_horizon/WUI_Global/Q/short/run_0 launch_id=selena_3458556 slurm_job_id=3458556 launched_at=2026-09-17T10:56:54.556613+00:00
[2026-09-17 10:56:54 UTC] predict_test method=top1_horizon WUI_Global/Q/short
TIME run allocation action=new run=/fslarge/scratch/users/h61084/codes/selectime/outputs/selectime/chronos_bolt/predictions/test/top1_horizon/Global_Price/Q/short/run_0 launch_id=selena_3458556 slurm_job_id=3458556 launched_at=2026-09-17T10:56:54.612420+00:00
[2026-09-17 10:56:54 UTC] predict_test method=top1_horizon Global_Price/Q/short
TIME run allocation action=new run=/fslarge/scratch/users/h61084/codes/selectime/outputs/selectime/chronos_bolt/predictions/test/top1_horizon/Vehicle_Sales/M/short/run_0 launch_id=selena_3458556 slurm_job_id=3458556 launched_at=2026-09-17T10:56:54.696363+00:00
[2026-09-17 10:56:54 UTC] predict_test method=top1_horizon Vehicle_Sales/M/short
TIME run allocation action=new run=/fslarge/scratch/users/h61084/codes/selectime/outputs/selectime/chronos_bolt/predictions/test/top1_horizon/Online_Retail_2_UCI/D/short/run_0 launch_id=selena_3458556 slurm_job_id=3458556 launched_at=2026-09-17T10:56:54.747126+00:00
[2026-09-17 10:56:54 UTC] predict_test method=top1_horizon Online_Retail_2_UCI/D/short
TIME run allocation action=new run=/fslarge/scratch/users/h61084/codes/selectime/outputs/selectime/chronos_bolt/predictions/test/top1_horizon/Supply_Chain_Customer/D/short/run_0 launch_id=selena_3458556 slurm_job_id=3458556 launched_at=2026-09-17T10:56:54.801059+00:00
[2026-09-17 10:56:54 UTC] predict_test method=top1_horizon Supply_Chain_Customer/D/short
TIME run allocation action=new run=/fslarge/scratch/users/h61084/codes/selectime/outputs/selectime/chronos_bolt/predictions/test/top1_horizon/Supply_Chain_Location/D/short/run_0 launch_id=selena_3458556 slurm_job_id=3458556 launched_at=2026-09-17T10:56:54.916497+00:00
[2026-09-17 10:56:54 UTC] predict_test method=top1_horizon Supply_Chain_Location/D/short
TIME run allocation action=new run=/fslarge/scratch/users/h61084/codes/selectime/outputs/selectime/chronos_bolt/predictions/test/top1_horizon/azure2019_U/5T/short/run_0 launch_id=selena_3458556 slurm_job_id=3458556 launched_at=2026-09-17T10:56:55.092911+00:00
[2026-09-17 10:56:55 UTC] predict_test method=top1_horizon azure2019_U/5T/short
TIME run allocation action=new run=/fslarge/scratch/users/h61084/codes/selectime/outputs/selectime/chronos_bolt/predictions/test/top1_horizon/Smart_Manufacturing/H/short/run_0 launch_id=selena_3458556 slurm_job_id=3458556 launched_at=2026-09-17T10:56:55.181959+00:00
[2026-09-17 10:56:55 UTC] predict_test method=top1_horizon Smart_Manufacturing/H/short
TIME run allocation action=new run=/fslarge/scratch/users/h61084/codes/selectime/outputs/selectime/chronos_bolt/predictions/test/top1_horizon/Smart_Manufacturing/H/medium/run_0 launch_id=selena_3458556 slurm_job_id=3458556 launched_at=2026-09-17T10:56:55.265007+00:00
[2026-09-17 10:56:55 UTC] predict_test method=top1_horizon Smart_Manufacturing/H/medium
TIME run allocation action=new run=/fslarge/scratch/users/h61084/codes/selectime/outputs/selectime/chronos_bolt/predictions/test/top1_horizon/Smart_Manufacturing/H/long/run_0 launch_id=selena_3458556 slurm_job_id=3458556 launched_at=2026-09-17T10:56:55.346773+00:00
[2026-09-17 10:56:55 UTC] predict_test method=top1_horizon Smart_Manufacturing/H/long
TIME run allocation action=new run=/fslarge/scratch/users/h61084/codes/selectime/outputs/selectime/chronos_bolt/predictions/test/top1_horizon/MetroPT-3/5T/short/run_0 launch_id=selena_3458556 slurm_job_id=3458556 launched_at=2026-09-17T10:56:55.406265+00:00
[2026-09-17 10:56:55 UTC] predict_test method=top1_horizon MetroPT-3/5T/short
TIME run allocation action=new run=/fslarge/scratch/users/h61084/codes/selectime/outputs/selectime/chronos_bolt/predictions/test/top1_horizon/MetroPT-3/5T/medium/run_0 launch_id=selena_3458556 slurm_job_id=3458556 launched_at=2026-09-17T10:56:55.470558+00:00
[2026-09-17 10:56:55 UTC] predict_test method=top1_horizon MetroPT-3/5T/medium
TIME run allocation action=new run=/fslarge/scratch/users/h61084/codes/selectime/outputs/selectime/chronos_bolt/predictions/test/top1_horizon/MetroPT-3/5T/long/run_0 launch_id=selena_3458556 slurm_job_id=3458556 launched_at=2026-09-17T10:56:55.525675+00:00
[2026-09-17 10:56:55 UTC] predict_test method=top1_horizon MetroPT-3/5T/long
[2026-09-17 10:56:58 UTC] Slurm=3458556 launch=selena_3458556 stage=assemble prediction_group=all
[2026-09-17 10:56:59 UTC] dataset_config=/fssmall/home/h61084/codes/selectime/src/timebench/config/datasets.yaml applied_keys=datasets,selectime_tasks tasks=90
[2026-09-17 10:56:59 UTC] stage=assemble tasks=90 seed=0 Slurm=3458556
[2026-09-17 12:56:59,741][datasets][INFO] - PyTorch version 2.9.1 available.
TIME run allocation action=new run=/fslarge/scratch/users/h61084/codes/selectime/outputs/selectime/chronos_bolt/predictions/test/top1-horizon-mix/Water_Quality_Darwin/15T/short/run_0 launch_id=selena_3458556 slurm_job_id=3458556 launched_at=2026-09-17T10:57:00.181283+00:00
TIME run allocation action=new run=/fslarge/scratch/users/h61084/codes/selectime/outputs/selectime/chronos_bolt/predictions/test/top1-horizon-mix/Water_Quality_Darwin/15T/medium/run_0 launch_id=selena_3458556 slurm_job_id=3458556 launched_at=2026-09-17T10:57:00.376124+00:00
TIME run allocation action=new run=/fslarge/scratch/users/h61084/codes/selectime/outputs/selectime/chronos_bolt/predictions/test/top1-horizon-mix/Water_Quality_Darwin/15T/long/run_0 launch_id=selena_3458556 slurm_job_id=3458556 launched_at=2026-09-17T10:57:00.552408+00:00
TIME run allocation action=new run=/fslarge/scratch/users/h61084/codes/selectime/outputs/selectime/chronos_bolt/predictions/test/top1-horizon-mix/current_velocity/5T/short/run_0 launch_id=selena_3458556 slurm_job_id=3458556 launched_at=2026-09-17T10:57:00.680084+00:00
TIME run allocation action=new run=/fslarge/scratch/users/h61084/codes/selectime/outputs/selectime/chronos_bolt/predictions/test/top1-horizon-mix/current_velocity/5T/medium/run_0 launch_id=selena_3458556 slurm_job_id=3458556 launched_at=2026-09-17T10:57:00.802355+00:00
TIME run allocation action=new run=/fslarge/scratch/users/h61084/codes/selectime/outputs/selectime/chronos_bolt/predictions/test/top1-horizon-mix/current_velocity/5T/long/run_0 launch_id=selena_3458556 slurm_job_id=3458556 launched_at=2026-09-17T10:57:00.924928+00:00
TIME run allocation action=new run=/fslarge/scratch/users/h61084/codes/selectime/outputs/selectime/chronos_bolt/predictions/test/top1-horizon-mix/current_velocity/10T/short/run_0 launch_id=selena_3458556 slurm_job_id=3458556 launched_at=2026-09-17T10:57:01.185648+00:00
TIME run allocation action=new run=/fslarge/scratch/users/h61084/codes/selectime/outputs/selectime/chronos_bolt/predictions/test/top1-horizon-mix/current_velocity/10T/medium/run_0 launch_id=selena_3458556 slurm_job_id=3458556 launched_at=2026-09-17T10:57:01.437674+00:00
TIME run allocation action=new run=/fslarge/scratch/users/h61084/codes/selectime/outputs/selectime/chronos_bolt/predictions/test/top1-horizon-mix/current_velocity/10T/long/run_0 launch_id=selena_3458556 slurm_job_id=3458556 launched_at=2026-09-17T10:57:01.683630+00:00
TIME run allocation action=new run=/fslarge/scratch/users/h61084/codes/selectime/outputs/selectime/chronos_bolt/predictions/test/top1-horizon-mix/current_velocity/15T/short/run_0 launch_id=selena_3458556 slurm_job_id=3458556 launched_at=2026-09-17T10:57:01.833105+00:00
TIME run allocation action=new run=/fslarge/scratch/users/h61084/codes/selectime/outputs/selectime/chronos_bolt/predictions/test/top1-horizon-mix/current_velocity/15T/medium/run_0 launch_id=selena_3458556 slurm_job_id=3458556 launched_at=2026-09-17T10:57:01.969860+00:00
TIME run allocation action=new run=/fslarge/scratch/users/h61084/codes/selectime/outputs/selectime/chronos_bolt/predictions/test/top1-horizon-mix/current_velocity/15T/long/run_0 launch_id=selena_3458556 slurm_job_id=3458556 launched_at=2026-09-17T10:57:02.106221+00:00
TIME run allocation action=new run=/fslarge/scratch/users/h61084/codes/selectime/outputs/selectime/chronos_bolt/predictions/test/top1-horizon-mix/current_velocity/H/short/run_0 launch_id=selena_3458556 slurm_job_id=3458556 launched_at=2026-09-17T10:57:02.272048+00:00
TIME run allocation action=new run=/fslarge/scratch/users/h61084/codes/selectime/outputs/selectime/chronos_bolt/predictions/test/top1-horizon-mix/current_velocity/H/medium/run_0 launch_id=selena_3458556 slurm_job_id=3458556 launched_at=2026-09-17T10:57:02.432845+00:00
TIME run allocation action=new run=/fslarge/scratch/users/h61084/codes/selectime/outputs/selectime/chronos_bolt/predictions/test/top1-horizon-mix/current_velocity/H/long/run_0 launch_id=selena_3458556 slurm_job_id=3458556 launched_at=2026-09-17T10:57:02.591153+00:00
TIME run allocation action=new run=/fslarge/scratch/users/h61084/codes/selectime/outputs/selectime/chronos_bolt/predictions/test/top1-horizon-mix/CPHL/15T/short/run_0 launch_id=selena_3458556 slurm_job_id=3458556 launched_at=2026-09-17T10:57:02.703788+00:00
TIME run allocation action=new run=/fslarge/scratch/users/h61084/codes/selectime/outputs/selectime/chronos_bolt/predictions/test/top1-horizon-mix/CPHL/15T/medium/run_0 launch_id=selena_3458556 slurm_job_id=3458556 launched_at=2026-09-17T10:57:02.809617+00:00
TIME run allocation action=new run=/fslarge/scratch/users/h61084/codes/selectime/outputs/selectime/chronos_bolt/predictions/test/top1-horizon-mix/CPHL/15T/long/run_0 launch_id=selena_3458556 slurm_job_id=3458556 launched_at=2026-09-17T10:57:02.921401+00:00
TIME run allocation action=new run=/fslarge/scratch/users/h61084/codes/selectime/outputs/selectime/chronos_bolt/predictions/test/top1-horizon-mix/CPHL/30T/short/run_0 launch_id=selena_3458556 slurm_job_id=3458556 launched_at=2026-09-17T10:57:03.030855+00:00
TIME run allocation action=new run=/fslarge/scratch/users/h61084/codes/selectime/outputs/selectime/chronos_bolt/predictions/test/top1-horizon-mix/CPHL/30T/medium/run_0 launch_id=selena_3458556 slurm_job_id=3458556 launched_at=2026-09-17T10:57:03.141347+00:00
TIME run allocation action=new run=/fslarge/scratch/users/h61084/codes/selectime/outputs/selectime/chronos_bolt/predictions/test/top1-horizon-mix/CPHL/30T/long/run_0 launch_id=selena_3458556 slurm_job_id=3458556 launched_at=2026-09-17T10:57:03.247897+00:00
TIME run allocation action=new run=/fslarge/scratch/users/h61084/codes/selectime/outputs/selectime/chronos_bolt/predictions/test/top1-horizon-mix/CPHL/H/short/run_0 launch_id=selena_3458556 slurm_job_id=3458556 launched_at=2026-09-17T10:57:03.355866+00:00
TIME run allocation action=new run=/fslarge/scratch/users/h61084/codes/selectime/outputs/selectime/chronos_bolt/predictions/test/top1-horizon-mix/CPHL/H/medium/run_0 launch_id=selena_3458556 slurm_job_id=3458556 launched_at=2026-09-17T10:57:03.463722+00:00
TIME run allocation action=new run=/fslarge/scratch/users/h61084/codes/selectime/outputs/selectime/chronos_bolt/predictions/test/top1-horizon-mix/CPHL/H/long/run_0 launch_id=selena_3458556 slurm_job_id=3458556 launched_at=2026-09-17T10:57:03.572494+00:00
TIME run allocation action=new run=/fslarge/scratch/users/h61084/codes/selectime/outputs/selectime/chronos_bolt/predictions/test/top1-horizon-mix/Coastal_T_S/15T/short/run_0 launch_id=selena_3458556 slurm_job_id=3458556 launched_at=2026-09-17T10:57:03.717229+00:00
TIME run allocation action=new run=/fslarge/scratch/users/h61084/codes/selectime/outputs/selectime/chronos_bolt/predictions/test/top1-horizon-mix/Coastal_T_S/15T/medium/run_0 launch_id=selena_3458556 slurm_job_id=3458556 launched_at=2026-09-17T10:57:03.858923+00:00
TIME run allocation action=new run=/fslarge/scratch/users/h61084/codes/selectime/outputs/selectime/chronos_bolt/predictions/test/top1-horizon-mix/Coastal_T_S/15T/long/run_0 launch_id=selena_3458556 slurm_job_id=3458556 launched_at=2026-09-17T10:57:03.998603+00:00
TIME run allocation action=new run=/fslarge/scratch/users/h61084/codes/selectime/outputs/selectime/chronos_bolt/predictions/test/top1-horizon-mix/Coastal_T_S/20T/short/run_0 launch_id=selena_3458556 slurm_job_id=3458556 launched_at=2026-09-17T10:57:04.108504+00:00
TIME run allocation action=new run=/fslarge/scratch/users/h61084/codes/selectime/outputs/selectime/chronos_bolt/predictions/test/top1-horizon-mix/Coastal_T_S/20T/medium/run_0 launch_id=selena_3458556 slurm_job_id=3458556 launched_at=2026-09-17T10:57:04.216105+00:00
TIME run allocation action=new run=/fslarge/scratch/users/h61084/codes/selectime/outputs/selectime/chronos_bolt/predictions/test/top1-horizon-mix/Coastal_T_S/20T/long/run_0 launch_id=selena_3458556 slurm_job_id=3458556 launched_at=2026-09-17T10:57:04.322945+00:00
TIME run allocation action=new run=/fslarge/scratch/users/h61084/codes/selectime/outputs/selectime/chronos_bolt/predictions/test/top1-horizon-mix/Coastal_T_S/H/short/run_0 launch_id=selena_3458556 slurm_job_id=3458556 launched_at=2026-09-17T10:57:04.477552+00:00
TIME run allocation action=new run=/fslarge/scratch/users/h61084/codes/selectime/outputs/selectime/chronos_bolt/predictions/test/top1-horizon-mix/Coastal_T_S/H/medium/run_0 launch_id=selena_3458556 slurm_job_id=3458556 launched_at=2026-09-17T10:57:04.629806+00:00
TIME run allocation action=new run=/fslarge/scratch/users/h61084/codes/selectime/outputs/selectime/chronos_bolt/predictions/test/top1-horizon-mix/Coastal_T_S/H/long/run_0 launch_id=selena_3458556 slurm_job_id=3458556 launched_at=2026-09-17T10:57:04.780516+00:00
TIME run allocation action=new run=/fslarge/scratch/users/h61084/codes/selectime/outputs/selectime/chronos_bolt/predictions/test/top1-horizon-mix/SG_Weather/D/short/run_0 launch_id=selena_3458556 slurm_job_id=3458556 launched_at=2026-09-17T10:57:04.904584+00:00
TIME run allocation action=new run=/fslarge/scratch/users/h61084/codes/selectime/outputs/selectime/chronos_bolt/predictions/test/top1-horizon-mix/SG_Weather/D/medium/run_0 launch_id=selena_3458556 slurm_job_id=3458556 launched_at=2026-09-17T10:57:05.022260+00:00
TIME run allocation action=new run=/fslarge/scratch/users/h61084/codes/selectime/outputs/selectime/chronos_bolt/predictions/test/top1-horizon-mix/SG_Weather/D/long/run_0 launch_id=selena_3458556 slurm_job_id=3458556 launched_at=2026-09-17T10:57:05.137892+00:00
TIME run allocation action=new run=/fslarge/scratch/users/h61084/codes/selectime/outputs/selectime/chronos_bolt/predictions/test/top1-horizon-mix/SG_PM25/H/short/run_0 launch_id=selena_3458556 slurm_job_id=3458556 launched_at=2026-09-17T10:57:05.268409+00:00
TIME run allocation action=new run=/fslarge/scratch/users/h61084/codes/selectime/outputs/selectime/chronos_bolt/predictions/test/top1-horizon-mix/SG_PM25/H/medium/run_0 launch_id=selena_3458556 slurm_job_id=3458556 launched_at=2026-09-17T10:57:05.396606+00:00
TIME run allocation action=new run=/fslarge/scratch/users/h61084/codes/selectime/outputs/selectime/chronos_bolt/predictions/test/top1-horizon-mix/SG_PM25/H/long/run_0 launch_id=selena_3458556 slurm_job_id=3458556 launched_at=2026-09-17T10:57:05.523751+00:00
TIME run allocation action=new run=/fslarge/scratch/users/h61084/codes/selectime/outputs/selectime/chronos_bolt/predictions/test/top1-horizon-mix/NE_China_Wind/H/short/run_0 launch_id=selena_3458556 slurm_job_id=3458556 launched_at=2026-09-17T10:57:05.634245+00:00
TIME run allocation action=new run=/fslarge/scratch/users/h61084/codes/selectime/outputs/selectime/chronos_bolt/predictions/test/top1-horizon-mix/NE_China_Wind/H/medium/run_0 launch_id=selena_3458556 slurm_job_id=3458556 launched_at=2026-09-17T10:57:05.742972+00:00
TIME run allocation action=new run=/fslarge/scratch/users/h61084/codes/selectime/outputs/selectime/chronos_bolt/predictions/test/top1-horizon-mix/NE_China_Wind/H/long/run_0 launch_id=selena_3458556 slurm_job_id=3458556 launched_at=2026-09-17T10:57:05.852336+00:00
TIME run allocation action=new run=/fslarge/scratch/users/h61084/codes/selectime/outputs/selectime/chronos_bolt/predictions/test/top1-horizon-mix/Australia_Solar/H/short/run_0 launch_id=selena_3458556 slurm_job_id=3458556 launched_at=2026-09-17T10:57:05.970188+00:00
TIME run allocation action=new run=/fslarge/scratch/users/h61084/codes/selectime/outputs/selectime/chronos_bolt/predictions/test/top1-horizon-mix/Australia_Solar/H/medium/run_0 launch_id=selena_3458556 slurm_job_id=3458556 launched_at=2026-09-17T10:57:06.087412+00:00
TIME run allocation action=new run=/fslarge/scratch/users/h61084/codes/selectime/outputs/selectime/chronos_bolt/predictions/test/top1-horizon-mix/Australia_Solar/H/long/run_0 launch_id=selena_3458556 slurm_job_id=3458556 launched_at=2026-09-17T10:57:06.203305+00:00
TIME run allocation action=new run=/fslarge/scratch/users/h61084/codes/selectime/outputs/selectime/chronos_bolt/predictions/test/top1-horizon-mix/epf_electricity_price/H/short/run_0 launch_id=selena_3458556 slurm_job_id=3458556 launched_at=2026-09-17T10:57:06.338458+00:00
TIME run allocation action=new run=/fslarge/scratch/users/h61084/codes/selectime/outputs/selectime/chronos_bolt/predictions/test/top1-horizon-mix/epf_electricity_price/H/medium/run_0 launch_id=selena_3458556 slurm_job_id=3458556 launched_at=2026-09-17T10:57:06.472047+00:00
TIME run allocation action=new run=/fslarge/scratch/users/h61084/codes/selectime/outputs/selectime/chronos_bolt/predictions/test/top1-horizon-mix/epf_electricity_price/H/long/run_0 launch_id=selena_3458556 slurm_job_id=3458556 launched_at=2026-09-17T10:57:06.608578+00:00
TIME run allocation action=new run=/fslarge/scratch/users/h61084/codes/selectime/outputs/selectime/chronos_bolt/predictions/test/top1-horizon-mix/OpenElectricity_NEM/5T/short/run_0 launch_id=selena_3458556 slurm_job_id=3458556 launched_at=2026-09-17T10:57:06.778782+00:00
TIME run allocation action=new run=/fslarge/scratch/users/h61084/codes/selectime/outputs/selectime/chronos_bolt/predictions/test/top1-horizon-mix/OpenElectricity_NEM/5T/medium/run_0 launch_id=selena_3458556 slurm_job_id=3458556 launched_at=2026-09-17T10:57:06.946303+00:00
TIME run allocation action=new run=/fslarge/scratch/users/h61084/codes/selectime/outputs/selectime/chronos_bolt/predictions/test/top1-horizon-mix/OpenElectricity_NEM/5T/long/run_0 launch_id=selena_3458556 slurm_job_id=3458556 launched_at=2026-09-17T10:57:07.116360+00:00
TIME run allocation action=new run=/fslarge/scratch/users/h61084/codes/selectime/outputs/selectime/chronos_bolt/predictions/test/top1-horizon-mix/EWELD_Load/15T/short/run_0 launch_id=selena_3458556 slurm_job_id=3458556 launched_at=2026-09-17T10:57:07.248403+00:00
TIME run allocation action=new run=/fslarge/scratch/users/h61084/codes/selectime/outputs/selectime/chronos_bolt/predictions/test/top1-horizon-mix/EWELD_Load/15T/medium/run_0 launch_id=selena_3458556 slurm_job_id=3458556 launched_at=2026-09-17T10:57:07.381917+00:00
TIME run allocation action=new run=/fslarge/scratch/users/h61084/codes/selectime/outputs/selectime/chronos_bolt/predictions/test/top1-horizon-mix/EWELD_Load/15T/long/run_0 launch_id=selena_3458556 slurm_job_id=3458556 launched_at=2026-09-17T10:57:07.510413+00:00
TIME run allocation action=new run=/fslarge/scratch/users/h61084/codes/selectime/outputs/selectime/chronos_bolt/predictions/test/top1-horizon-mix/SG_Carpark/15T/short/run_0 launch_id=selena_3458556 slurm_job_id=3458556 launched_at=2026-09-17T10:57:08.224345+00:00
TIME run allocation action=new run=/fslarge/scratch/users/h61084/codes/selectime/outputs/selectime/chronos_bolt/predictions/test/top1-horizon-mix/SG_Carpark/15T/medium/run_0 launch_id=selena_3458556 slurm_job_id=3458556 launched_at=2026-09-17T10:57:08.928361+00:00
TIME run allocation action=new run=/fslarge/scratch/users/h61084/codes/selectime/outputs/selectime/chronos_bolt/predictions/test/top1-horizon-mix/SG_Carpark/15T/long/run_0 launch_id=selena_3458556 slurm_job_id=3458556 launched_at=2026-09-17T10:57:09.611350+00:00
TIME run allocation action=new run=/fslarge/scratch/users/h61084/codes/selectime/outputs/selectime/chronos_bolt/predictions/test/top1-horizon-mix/Finland_Traffic/15T/short/run_0 launch_id=selena_3458556 slurm_job_id=3458556 launched_at=2026-09-17T10:57:09.741540+00:00
TIME run allocation action=new run=/fslarge/scratch/users/h61084/codes/selectime/outputs/selectime/chronos_bolt/predictions/test/top1-horizon-mix/Finland_Traffic/15T/medium/run_0 launch_id=selena_3458556 slurm_job_id=3458556 launched_at=2026-09-17T10:57:09.852359+00:00
TIME run allocation action=new run=/fslarge/scratch/users/h61084/codes/selectime/outputs/selectime/chronos_bolt/predictions/test/top1-horizon-mix/Finland_Traffic/15T/long/run_0 launch_id=selena_3458556 slurm_job_id=3458556 launched_at=2026-09-17T10:57:09.962182+00:00
TIME run allocation action=new run=/fslarge/scratch/users/h61084/codes/selectime/outputs/selectime/chronos_bolt/predictions/test/top1-horizon-mix/Port_Activity/D/short/run_0 launch_id=selena_3458556 slurm_job_id=3458556 launched_at=2026-09-17T10:57:10.129547+00:00
TIME run allocation action=new run=/fslarge/scratch/users/h61084/codes/selectime/outputs/selectime/chronos_bolt/predictions/test/top1-horizon-mix/Port_Activity/W/short/run_0 launch_id=selena_3458556 slurm_job_id=3458556 launched_at=2026-09-17T10:57:10.255257+00:00
TIME run allocation action=new run=/fslarge/scratch/users/h61084/codes/selectime/outputs/selectime/chronos_bolt/predictions/test/top1-horizon-mix/ECDC_COVID/D/short/run_0 launch_id=selena_3458556 slurm_job_id=3458556 launched_at=2026-09-17T10:57:10.362242+00:00
TIME run allocation action=new run=/fslarge/scratch/users/h61084/codes/selectime/outputs/selectime/chronos_bolt/predictions/test/top1-horizon-mix/ECDC_COVID/W/short/run_0 launch_id=selena_3458556 slurm_job_id=3458556 launched_at=2026-09-17T10:57:10.467114+00:00
TIME run allocation action=new run=/fslarge/scratch/users/h61084/codes/selectime/outputs/selectime/chronos_bolt/predictions/test/top1-horizon-mix/Global_Influenza/W/short/run_0 launch_id=selena_3458556 slurm_job_id=3458556 launched_at=2026-09-17T10:57:10.574885+00:00
TIME run allocation action=new run=/fslarge/scratch/users/h61084/codes/selectime/outputs/selectime/chronos_bolt/predictions/test/top1-horizon-mix/Crypto/D/short/run_0 launch_id=selena_3458556 slurm_job_id=3458556 launched_at=2026-09-17T10:57:10.680383+00:00
TIME run allocation action=new run=/fslarge/scratch/users/h61084/codes/selectime/outputs/selectime/chronos_bolt/predictions/test/top1-horizon-mix/US_Term_Structure/B/short/run_0 launch_id=selena_3458556 slurm_job_id=3458556 launched_at=2026-09-17T10:57:10.867887+00:00
TIME run allocation action=new run=/fslarge/scratch/users/h61084/codes/selectime/outputs/selectime/chronos_bolt/predictions/test/top1-horizon-mix/Oil_Price/B/short/run_0 launch_id=selena_3458556 slurm_job_id=3458556 launched_at=2026-09-17T10:57:10.987638+00:00
TIME run allocation action=new run=/fslarge/scratch/users/h61084/codes/selectime/outputs/selectime/chronos_bolt/predictions/test/top1-horizon-mix/Job_Claims/W/short/run_0 launch_id=selena_3458556 slurm_job_id=3458556 launched_at=2026-09-17T10:57:11.094150+00:00
TIME run allocation action=new run=/fslarge/scratch/users/h61084/codes/selectime/outputs/selectime/chronos_bolt/predictions/test/top1-horizon-mix/Uncertainty_1M/M/short/run_0 launch_id=selena_3458556 slurm_job_id=3458556 launched_at=2026-09-17T10:57:11.200154+00:00
TIME run allocation action=new run=/fslarge/scratch/users/h61084/codes/selectime/outputs/selectime/chronos_bolt/predictions/test/top1-horizon-mix/Housing_Inventory/M/short/run_0 launch_id=selena_3458556 slurm_job_id=3458556 launched_at=2026-09-17T10:57:11.305075+00:00
TIME run allocation action=new run=/fslarge/scratch/users/h61084/codes/selectime/outputs/selectime/chronos_bolt/predictions/test/top1-horizon-mix/JOLTS/M/short/run_0 launch_id=selena_3458556 slurm_job_id=3458556 launched_at=2026-09-17T10:57:11.412356+00:00
TIME run allocation action=new run=/fslarge/scratch/users/h61084/codes/selectime/outputs/selectime/chronos_bolt/predictions/test/top1-horizon-mix/US_Labor/M/short/run_0 launch_id=selena_3458556 slurm_job_id=3458556 launched_at=2026-09-17T10:57:11.520754+00:00
TIME run allocation action=new run=/fslarge/scratch/users/h61084/codes/selectime/outputs/selectime/chronos_bolt/predictions/test/top1-horizon-mix/Vehicle_Supply/M/short/run_0 launch_id=selena_3458556 slurm_job_id=3458556 launched_at=2026-09-17T10:57:11.629360+00:00
TIME run allocation action=new run=/fslarge/scratch/users/h61084/codes/selectime/outputs/selectime/chronos_bolt/predictions/test/top1-horizon-mix/Auto_Production_SF/M/short/run_0 launch_id=selena_3458556 slurm_job_id=3458556 launched_at=2026-09-17T10:57:11.736896+00:00
TIME run allocation action=new run=/fslarge/scratch/users/h61084/codes/selectime/outputs/selectime/chronos_bolt/predictions/test/top1-horizon-mix/Commodity_Production/M/short/run_0 launch_id=selena_3458556 slurm_job_id=3458556 launched_at=2026-09-17T10:57:11.848098+00:00
TIME run allocation action=new run=/fslarge/scratch/users/h61084/codes/selectime/outputs/selectime/chronos_bolt/predictions/test/top1-horizon-mix/Commodity_Import/M/short/run_0 launch_id=selena_3458556 slurm_job_id=3458556 launched_at=2026-09-17T10:57:11.956421+00:00
TIME run allocation action=new run=/fslarge/scratch/users/h61084/codes/selectime/outputs/selectime/chronos_bolt/predictions/test/top1-horizon-mix/WUI_Global/Q/short/run_0 launch_id=selena_3458556 slurm_job_id=3458556 launched_at=2026-09-17T10:57:12.066163+00:00
TIME run allocation action=new run=/fslarge/scratch/users/h61084/codes/selectime/outputs/selectime/chronos_bolt/predictions/test/top1-horizon-mix/Global_Price/Q/short/run_0 launch_id=selena_3458556 slurm_job_id=3458556 launched_at=2026-09-17T10:57:12.173680+00:00
TIME run allocation action=new run=/fslarge/scratch/users/h61084/codes/selectime/outputs/selectime/chronos_bolt/predictions/test/top1-horizon-mix/Vehicle_Sales/M/short/run_0 launch_id=selena_3458556 slurm_job_id=3458556 launched_at=2026-09-17T10:57:12.280342+00:00
TIME run allocation action=new run=/fslarge/scratch/users/h61084/codes/selectime/outputs/selectime/chronos_bolt/predictions/test/top1-horizon-mix/Online_Retail_2_UCI/D/short/run_0 launch_id=selena_3458556 slurm_job_id=3458556 launched_at=2026-09-17T10:57:12.385683+00:00
TIME run allocation action=new run=/fslarge/scratch/users/h61084/codes/selectime/outputs/selectime/chronos_bolt/predictions/test/top1-horizon-mix/Supply_Chain_Customer/D/short/run_0 launch_id=selena_3458556 slurm_job_id=3458556 launched_at=2026-09-17T10:57:12.499953+00:00
TIME run allocation action=new run=/fslarge/scratch/users/h61084/codes/selectime/outputs/selectime/chronos_bolt/predictions/test/top1-horizon-mix/Supply_Chain_Location/D/short/run_0 launch_id=selena_3458556 slurm_job_id=3458556 launched_at=2026-09-17T10:57:12.619317+00:00
TIME run allocation action=new run=/fslarge/scratch/users/h61084/codes/selectime/outputs/selectime/chronos_bolt/predictions/test/top1-horizon-mix/azure2019_U/5T/short/run_0 launch_id=selena_3458556 slurm_job_id=3458556 launched_at=2026-09-17T10:57:12.776209+00:00
TIME run allocation action=new run=/fslarge/scratch/users/h61084/codes/selectime/outputs/selectime/chronos_bolt/predictions/test/top1-horizon-mix/Smart_Manufacturing/H/short/run_0 launch_id=selena_3458556 slurm_job_id=3458556 launched_at=2026-09-17T10:57:12.925071+00:00
TIME run allocation action=new run=/fslarge/scratch/users/h61084/codes/selectime/outputs/selectime/chronos_bolt/predictions/test/top1-horizon-mix/Smart_Manufacturing/H/medium/run_0 launch_id=selena_3458556 slurm_job_id=3458556 launched_at=2026-09-17T10:57:13.067932+00:00
TIME run allocation action=new run=/fslarge/scratch/users/h61084/codes/selectime/outputs/selectime/chronos_bolt/predictions/test/top1-horizon-mix/Smart_Manufacturing/H/long/run_0 launch_id=selena_3458556 slurm_job_id=3458556 launched_at=2026-09-17T10:57:13.208713+00:00
TIME run allocation action=new run=/fslarge/scratch/users/h61084/codes/selectime/outputs/selectime/chronos_bolt/predictions/test/top1-horizon-mix/MetroPT-3/5T/short/run_0 launch_id=selena_3458556 slurm_job_id=3458556 launched_at=2026-09-17T10:57:13.326446+00:00
TIME run allocation action=new run=/fslarge/scratch/users/h61084/codes/selectime/outputs/selectime/chronos_bolt/predictions/test/top1-horizon-mix/MetroPT-3/5T/medium/run_0 launch_id=selena_3458556 slurm_job_id=3458556 launched_at=2026-09-17T10:57:13.443127+00:00
TIME run allocation action=new run=/fslarge/scratch/users/h61084/codes/selectime/outputs/selectime/chronos_bolt/predictions/test/top1-horizon-mix/MetroPT-3/5T/long/run_0 launch_id=selena_3458556 slurm_job_id=3458556 launched_at=2026-09-17T10:57:13.560563+00:00
[2026-09-17 10:57:16 UTC] Slurm=3458556 launch=selena_3458556 stage=evaluate prediction_group=all
[2026-09-17 10:57:17 UTC] dataset_config=/fssmall/home/h61084/codes/selectime/src/timebench/config/datasets.yaml applied_keys=datasets,selectime_tasks tasks=90
[2026-09-17 10:57:17 UTC] stage=evaluate tasks=90 seed=0 Slurm=3458556
[2026-09-17 12:57:17,830][datasets][INFO] - PyTorch version 2.9.1 available.
TIME run allocation action=new run=/fslarge/scratch/users/h61084/codes/selectime/outputs/selectime/chronos_bolt/evaluations/vanilla_univariate/Water_Quality_Darwin/15T/short/run_0 launch_id=selena_3458556 slurm_job_id=3458556 launched_at=2026-09-17T10:57:18.107558+00:00
[2026-09-17 10:57:18 UTC] evaluate vanilla_univariate Water_Quality_Darwin/15T/short
    Total instances: 3780, Series during experiment: 42, Windows: 90
    Collecting ground truth and context...
    Detected to_univariate case: 42 flat series -> 7 series x 6 variates
    Organizing data into arrays...
    Saved predictions (quantiles) to /fslarge/scratch/users/h61084/codes/selectime/outputs/selectime/chronos_bolt/evaluations/vanilla_univariate/Water_Quality_Darwin/15T/short/run_0/predictions.npz
    Computing per-window metrics...
    Saved metrics to /fslarge/scratch/users/h61084/codes/selectime/outputs/selectime/chronos_bolt/evaluations/vanilla_univariate/Water_Quality_Darwin/15T/short/run_0/metrics.npz
    Saved config to /fslarge/scratch/users/h61084/codes/selectime/outputs/selectime/chronos_bolt/evaluations/vanilla_univariate/Water_Quality_Darwin/15T/short/run_0/config.json
    Saved aggregate metrics to /fslarge/scratch/users/h61084/codes/selectime/outputs/selectime/chronos_bolt/evaluations/vanilla_univariate/Water_Quality_Darwin/15T/short/run_0/metrics_summary.json
    Metrics summary (averaged over all series/windows/variates):
      MSE: 2.4861
      MAE: 0.4787
      RMSE: 0.5676
      MAPE: 0.0604
      sMAPE: 0.0574
      MASE: 0.6716
      ND: 0.0583
      CRPS: 0.0583
TIME run allocation action=new run=/fslarge/scratch/users/h61084/codes/selectime/outputs/selectime/chronos_bolt/evaluations/top1-horizon-mix/Water_Quality_Darwin/15T/short/run_0 launch_id=selena_3458556 slurm_job_id=3458556 launched_at=2026-09-17T10:57:18.709204+00:00
[2026-09-17 10:57:18 UTC] evaluate top1-horizon-mix Water_Quality_Darwin/15T/short
    Total instances: 3780, Series during experiment: 42, Windows: 90
    Collecting ground truth and context...
    Detected to_univariate case: 42 flat series -> 7 series x 6 variates
    Organizing data into arrays...
    Saved predictions (quantiles) to /fslarge/scratch/users/h61084/codes/selectime/outputs/selectime/chronos_bolt/evaluations/top1-horizon-mix/Water_Quality_Darwin/15T/short/run_0/predictions.npz
    Computing per-window metrics...
    Saved metrics to /fslarge/scratch/users/h61084/codes/selectime/outputs/selectime/chronos_bolt/evaluations/top1-horizon-mix/Water_Quality_Darwin/15T/short/run_0/metrics.npz
    Saved config to /fslarge/scratch/users/h61084/codes/selectime/outputs/selectime/chronos_bolt/evaluations/top1-horizon-mix/Water_Quality_Darwin/15T/short/run_0/config.json
    Saved aggregate metrics to /fslarge/scratch/users/h61084/codes/selectime/outputs/selectime/chronos_bolt/evaluations/top1-horizon-mix/Water_Quality_Darwin/15T/short/run_0/metrics_summary.json
    Metrics summary (averaged over all series/windows/variates):
      MSE: 2.6459
      MAE: 0.4910
      RMSE: 0.5770
      MAPE: 0.0611
      sMAPE: 0.0574
      MASE: 0.6794
      ND: 0.0585
      CRPS: 0.0585
TIME run allocation action=new run=/fslarge/scratch/users/h61084/codes/selectime/outputs/selectime/chronos_bolt/evaluations/vanilla_univariate/Water_Quality_Darwin/15T/medium/run_0 launch_id=selena_3458556 slurm_job_id=3458556 launched_at=2026-09-17T10:57:19.240418+00:00
[2026-09-17 10:57:19 UTC] evaluate vanilla_univariate Water_Quality_Darwin/15T/medium
    Total instances: 630, Series during experiment: 42, Windows: 15
    Collecting ground truth and context...
    Detected to_univariate case: 42 flat series -> 7 series x 6 variates
    Organizing data into arrays...
    Saved predictions (quantiles) to /fslarge/scratch/users/h61084/codes/selectime/outputs/selectime/chronos_bolt/evaluations/vanilla_univariate/Water_Quality_Darwin/15T/medium/run_0/predictions.npz
    Computing per-window metrics...
    Saved metrics to /fslarge/scratch/users/h61084/codes/selectime/outputs/selectime/chronos_bolt/evaluations/vanilla_univariate/Water_Quality_Darwin/15T/medium/run_0/metrics.npz
    Saved config to /fslarge/scratch/users/h61084/codes/selectime/outputs/selectime/chronos_bolt/evaluations/vanilla_univariate/Water_Quality_Darwin/15T/medium/run_0/config.json
    Saved aggregate metrics to /fslarge/scratch/users/h61084/codes/selectime/outputs/selectime/chronos_bolt/evaluations/vanilla_univariate/Water_Quality_Darwin/15T/medium/run_0/metrics_summary.json
    Metrics summary (averaged over all series/windows/variates):
      MSE: 3.7326
      MAE: 0.6411
      RMSE: 0.8156
      MAPE: 0.0820
      sMAPE: 0.0749
      MASE: 0.9366
      ND: 0.0750
      CRPS: 0.0750
TIME run allocation action=new run=/fslarge/scratch/users/h61084/codes/selectime/outputs/selectime/chronos_bolt/evaluations/top1-horizon-mix/Water_Quality_Darwin/15T/medium/run_0 launch_id=selena_3458556 slurm_job_id=3458556 launched_at=2026-09-17T10:57:19.449197+00:00
[2026-09-17 10:57:19 UTC] evaluate top1-horizon-mix Water_Quality_Darwin/15T/medium
    Total instances: 630, Series during experiment: 42, Windows: 15
    Collecting ground truth and context...
    Detected to_univariate case: 42 flat series -> 7 series x 6 variates
    Organizing data into arrays...
    Saved predictions (quantiles) to /fslarge/scratch/users/h61084/codes/selectime/outputs/selectime/chronos_bolt/evaluations/top1-horizon-mix/Water_Quality_Darwin/15T/medium/run_0/predictions.npz
    Computing per-window metrics...
    Saved metrics to /fslarge/scratch/users/h61084/codes/selectime/outputs/selectime/chronos_bolt/evaluations/top1-horizon-mix/Water_Quality_Darwin/15T/medium/run_0/metrics.npz
    Saved config to /fslarge/scratch/users/h61084/codes/selectime/outputs/selectime/chronos_bolt/evaluations/top1-horizon-mix/Water_Quality_Darwin/15T/medium/run_0/config.json
    Saved aggregate metrics to /fslarge/scratch/users/h61084/codes/selectime/outputs/selectime/chronos_bolt/evaluations/top1-horizon-mix/Water_Quality_Darwin/15T/medium/run_0/metrics_summary.json
    Metrics summary (averaged over all series/windows/variates):
      MSE: 3.6729
      MAE: 0.6315
      RMSE: 0.8032
      MAPE: 0.0800
      sMAPE: 0.0725
      MASE: 0.9244
      ND: 0.0727
      CRPS: 0.0727
TIME run allocation action=new run=/fslarge/scratch/users/h61084/codes/selectime/outputs/selectime/chronos_bolt/evaluations/vanilla_univariate/Water_Quality_Darwin/15T/long/run_0 launch_id=selena_3458556 slurm_job_id=3458556 launched_at=2026-09-17T10:57:19.595513+00:00
[2026-09-17 10:57:19 UTC] evaluate vanilla_univariate Water_Quality_Darwin/15T/long
    Total instances: 210, Series during experiment: 42, Windows: 5
    Collecting ground truth and context...
    Detected to_univariate case: 42 flat series -> 7 series x 6 variates
    Organizing data into arrays...
    Saved predictions (quantiles) to /fslarge/scratch/users/h61084/codes/selectime/outputs/selectime/chronos_bolt/evaluations/vanilla_univariate/Water_Quality_Darwin/15T/long/run_0/predictions.npz
    Computing per-window metrics...
    Saved metrics to /fslarge/scratch/users/h61084/codes/selectime/outputs/selectime/chronos_bolt/evaluations/vanilla_univariate/Water_Quality_Darwin/15T/long/run_0/metrics.npz
    Saved config to /fslarge/scratch/users/h61084/codes/selectime/outputs/selectime/chronos_bolt/evaluations/vanilla_univariate/Water_Quality_Darwin/15T/long/run_0/config.json
    Saved aggregate metrics to /fslarge/scratch/users/h61084/codes/selectime/outputs/selectime/chronos_bolt/evaluations/vanilla_univariate/Water_Quality_Darwin/15T/long/run_0/metrics_summary.json
    Metrics summary (averaged over all series/windows/variates):
      MSE: 8.6272
      MAE: 0.9885
      RMSE: 1.2461
      MAPE: 0.1323
      sMAPE: 0.1098
      MASE: 1.4996
      ND: 0.1119
      CRPS: 0.1119
TIME run allocation action=new run=/fslarge/scratch/users/h61084/codes/selectime/outputs/selectime/chronos_bolt/evaluations/top1-horizon-mix/Water_Quality_Darwin/15T/long/run_0 launch_id=selena_3458556 slurm_job_id=3458556 launched_at=2026-09-17T10:57:19.750738+00:00
[2026-09-17 10:57:19 UTC] evaluate top1-horizon-mix Water_Quality_Darwin/15T/long
    Total instances: 210, Series during experiment: 42, Windows: 5
    Collecting ground truth and context...
    Detected to_univariate case: 42 flat series -> 7 series x 6 variates
    Organizing data into arrays...
    Saved predictions (quantiles) to /fslarge/scratch/users/h61084/codes/selectime/outputs/selectime/chronos_bolt/evaluations/top1-horizon-mix/Water_Quality_Darwin/15T/long/run_0/predictions.npz
    Computing per-window metrics...
    Saved metrics to /fslarge/scratch/users/h61084/codes/selectime/outputs/selectime/chronos_bolt/evaluations/top1-horizon-mix/Water_Quality_Darwin/15T/long/run_0/metrics.npz
    Saved config to /fslarge/scratch/users/h61084/codes/selectime/outputs/selectime/chronos_bolt/evaluations/top1-horizon-mix/Water_Quality_Darwin/15T/long/run_0/config.json
    Saved aggregate metrics to /fslarge/scratch/users/h61084/codes/selectime/outputs/selectime/chronos_bolt/evaluations/top1-horizon-mix/Water_Quality_Darwin/15T/long/run_0/metrics_summary.json
    Metrics summary (averaged over all series/windows/variates):
      MSE: 7.5754
      MAE: 0.9211
      RMSE: 1.1698
      MAPE: 0.1251
      sMAPE: 0.1016
      MASE: 1.4148
      ND: 0.1033
      CRPS: 0.1033
TIME run allocation action=new run=/fslarge/scratch/users/h61084/codes/selectime/outputs/selectime/chronos_bolt/evaluations/vanilla_univariate/current_velocity/5T/short/run_0 launch_id=selena_3458556 slurm_job_id=3458556 launched_at=2026-09-17T10:57:19.848670+00:00
[2026-09-17 10:57:19 UTC] evaluate vanilla_univariate current_velocity/5T/short
    Total instances: 720, Series during experiment: 6, Windows: 120
    Collecting ground truth and context...
    Detected to_univariate case: 6 flat series -> 1 series x 6 variates
    Organizing data into arrays...
    Saved predictions (quantiles) to /fslarge/scratch/users/h61084/codes/selectime/outputs/selectime/chronos_bolt/evaluations/vanilla_univariate/current_velocity/5T/short/run_0/predictions.npz
    Computing per-window metrics...
    Saved metrics to /fslarge/scratch/users/h61084/codes/selectime/outputs/selectime/chronos_bolt/evaluations/vanilla_univariate/current_velocity/5T/short/run_0/metrics.npz
    Saved config to /fslarge/scratch/users/h61084/codes/selectime/outputs/selectime/chronos_bolt/evaluations/vanilla_univariate/current_velocity/5T/short/run_0/config.json
    Saved aggregate metrics to /fslarge/scratch/users/h61084/codes/selectime/outputs/selectime/chronos_bolt/evaluations/vanilla_univariate/current_velocity/5T/short/run_0/metrics_summary.json
    Metrics summary (averaged over all series/windows/variates):
      MSE: 3.0384
      MAE: 0.5639
      RMSE: 0.6738
      MAPE: 0.4497
      sMAPE: 0.3494
      MASE: 0.4309
      ND: 0.3037
      CRPS: 0.3037
TIME run allocation action=new run=/fslarge/scratch/users/h61084/codes/selectime/outputs/selectime/chronos_bolt/evaluations/top1-horizon-mix/current_velocity/5T/short/run_0 launch_id=selena_3458556 slurm_job_id=3458556 launched_at=2026-09-17T10:57:20.057237+00:00
[2026-09-17 10:57:20 UTC] evaluate top1-horizon-mix current_velocity/5T/short
    Total instances: 720, Series during experiment: 6, Windows: 120
    Collecting ground truth and context...
    Detected to_univariate case: 6 flat series -> 1 series x 6 variates
    Organizing data into arrays...
    Saved predictions (quantiles) to /fslarge/scratch/users/h61084/codes/selectime/outputs/selectime/chronos_bolt/evaluations/top1-horizon-mix/current_velocity/5T/short/run_0/predictions.npz
    Computing per-window metrics...
    Saved metrics to /fslarge/scratch/users/h61084/codes/selectime/outputs/selectime/chronos_bolt/evaluations/top1-horizon-mix/current_velocity/5T/short/run_0/metrics.npz
    Saved config to /fslarge/scratch/users/h61084/codes/selectime/outputs/selectime/chronos_bolt/evaluations/top1-horizon-mix/current_velocity/5T/short/run_0/config.json
    Saved aggregate metrics to /fslarge/scratch/users/h61084/codes/selectime/outputs/selectime/chronos_bolt/evaluations/top1-horizon-mix/current_velocity/5T/short/run_0/metrics_summary.json
    Metrics summary (averaged over all series/windows/variates):
      MSE: 3.2911
      MAE: 0.5883
      RMSE: 0.6984
      MAPE: 0.4541
      sMAPE: 0.3577
      MASE: 0.4378
      ND: 0.3109
      CRPS: 0.3109
TIME run allocation action=new run=/fslarge/scratch/users/h61084/codes/selectime/outputs/selectime/chronos_bolt/evaluations/vanilla_univariate/current_velocity/5T/medium/run_0 launch_id=selena_3458556 slurm_job_id=3458556 launched_at=2026-09-17T10:57:20.208597+00:00
[2026-09-17 10:57:20 UTC] evaluate vanilla_univariate current_velocity/5T/medium
    Total instances: 90, Series during experiment: 6, Windows: 15
    Collecting ground truth and context...
    Detected to_univariate case: 6 flat series -> 1 series x 6 variates
    Organizing data into arrays...
    Saved predictions (quantiles) to /fslarge/scratch/users/h61084/codes/selectime/outputs/selectime/chronos_bolt/evaluations/vanilla_univariate/current_velocity/5T/medium/run_0/predictions.npz
    Computing per-window metrics...
    Saved metrics to /fslarge/scratch/users/h61084/codes/selectime/outputs/selectime/chronos_bolt/evaluations/vanilla_univariate/current_velocity/5T/medium/run_0/metrics.npz
    Saved config to /fslarge/scratch/users/h61084/codes/selectime/outputs/selectime/chronos_bolt/evaluations/vanilla_univariate/current_velocity/5T/medium/run_0/config.json
    Saved aggregate metrics to /fslarge/scratch/users/h61084/codes/selectime/outputs/selectime/chronos_bolt/evaluations/vanilla_univariate/current_velocity/5T/medium/run_0/metrics_summary.json
    Metrics summary (averaged over all series/windows/variates):
      MSE: 5.5105
      MAE: 0.8233
      RMSE: 1.0373
      MAPE: 0.7174
      sMAPE: 0.4182
      MASE: 0.7323
      ND: 0.3717
      CRPS: 0.3717
TIME run allocation action=new run=/fslarge/scratch/users/h61084/codes/selectime/outputs/selectime/chronos_bolt/evaluations/top1-horizon-mix/current_velocity/5T/medium/run_0 launch_id=selena_3458556 slurm_job_id=3458556 launched_at=2026-09-17T10:57:20.324332+00:00
[2026-09-17 10:57:20 UTC] evaluate top1-horizon-mix current_velocity/5T/medium
    Total instances: 90, Series during experiment: 6, Windows: 15
    Collecting ground truth and context...
    Detected to_univariate case: 6 flat series -> 1 series x 6 variates
    Organizing data into arrays...
    Saved predictions (quantiles) to /fslarge/scratch/users/h61084/codes/selectime/outputs/selectime/chronos_bolt/evaluations/top1-horizon-mix/current_velocity/5T/medium/run_0/predictions.npz
    Computing per-window metrics...
    Saved metrics to /fslarge/scratch/users/h61084/codes/selectime/outputs/selectime/chronos_bolt/evaluations/top1-horizon-mix/current_velocity/5T/medium/run_0/metrics.npz
    Saved config to /fslarge/scratch/users/h61084/codes/selectime/outputs/selectime/chronos_bolt/evaluations/top1-horizon-mix/current_velocity/5T/medium/run_0/config.json
    Saved aggregate metrics to /fslarge/scratch/users/h61084/codes/selectime/outputs/selectime/chronos_bolt/evaluations/top1-horizon-mix/current_velocity/5T/medium/run_0/metrics_summary.json
    Metrics summary (averaged over all series/windows/variates):
      MSE: 5.7950
      MAE: 0.8623
      RMSE: 1.0564
      MAPE: 0.7420
      sMAPE: 0.4449
      MASE: 0.7210
      ND: 0.3907
      CRPS: 0.3907
TIME run allocation action=new run=/fslarge/scratch/users/h61084/codes/selectime/outputs/selectime/chronos_bolt/evaluations/vanilla_univariate/current_velocity/5T/long/run_0 launch_id=selena_3458556 slurm_job_id=3458556 launched_at=2026-09-17T10:57:20.380841+00:00
[2026-09-17 10:57:20 UTC] evaluate vanilla_univariate current_velocity/5T/long
    Total instances: 30, Series during experiment: 6, Windows: 5
    Collecting ground truth and context...
    Detected to_univariate case: 6 flat series -> 1 series x 6 variates
    Organizing data into arrays...
    Saved predictions (quantiles) to /fslarge/scratch/users/h61084/codes/selectime/outputs/selectime/chronos_bolt/evaluations/vanilla_univariate/current_velocity/5T/long/run_0/predictions.npz
    Computing per-window metrics...
    Saved metrics to /fslarge/scratch/users/h61084/codes/selectime/outputs/selectime/chronos_bolt/evaluations/vanilla_univariate/current_velocity/5T/long/run_0/metrics.npz
    Saved config to /fslarge/scratch/users/h61084/codes/selectime/outputs/selectime/chronos_bolt/evaluations/vanilla_univariate/current_velocity/5T/long/run_0/config.json
    Saved aggregate metrics to /fslarge/scratch/users/h61084/codes/selectime/outputs/selectime/chronos_bolt/evaluations/vanilla_univariate/current_velocity/5T/long/run_0/metrics_summary.json
    Metrics summary (averaged over all series/windows/variates):
      MSE: 7.2960
      MAE: 0.9679
      RMSE: 1.2202
      MAPE: 0.9376
      sMAPE: 0.5434
      MASE: 1.0665
      ND: 0.4727
      CRPS: 0.4727
TIME run allocation action=new run=/fslarge/scratch/users/h61084/codes/selectime/outputs/selectime/chronos_bolt/evaluations/top1-horizon-mix/current_velocity/5T/long/run_0 launch_id=selena_3458556 slurm_job_id=3458556 launched_at=2026-09-17T10:57:20.487717+00:00
[2026-09-17 10:57:20 UTC] evaluate top1-horizon-mix current_velocity/5T/long
    Total instances: 30, Series during experiment: 6, Windows: 5
    Collecting ground truth and context...
    Detected to_univariate case: 6 flat series -> 1 series x 6 variates
    Organizing data into arrays...
    Saved predictions (quantiles) to /fslarge/scratch/users/h61084/codes/selectime/outputs/selectime/chronos_bolt/evaluations/top1-horizon-mix/current_velocity/5T/long/run_0/predictions.npz
    Computing per-window metrics...
    Saved metrics to /fslarge/scratch/users/h61084/codes/selectime/outputs/selectime/chronos_bolt/evaluations/top1-horizon-mix/current_velocity/5T/long/run_0/metrics.npz
    Saved config to /fslarge/scratch/users/h61084/codes/selectime/outputs/selectime/chronos_bolt/evaluations/top1-horizon-mix/current_velocity/5T/long/run_0/config.json
    Saved aggregate metrics to /fslarge/scratch/users/h61084/codes/selectime/outputs/selectime/chronos_bolt/evaluations/top1-horizon-mix/current_velocity/5T/long/run_0/metrics_summary.json
    Metrics summary (averaged over all series/windows/variates):
      MSE: 7.1029
      MAE: 0.9657
      RMSE: 1.2076
      MAPE: 0.8600
      sMAPE: 0.5272
      MASE: 0.9543
      ND: 0.4599
      CRPS: 0.4599
TIME run allocation action=new run=/fslarge/scratch/users/h61084/codes/selectime/outputs/selectime/chronos_bolt/evaluations/vanilla_univariate/current_velocity/10T/short/run_0 launch_id=selena_3458556 slurm_job_id=3458556 launched_at=2026-09-17T10:57:20.537970+00:00
[2026-09-17 10:57:20 UTC] evaluate vanilla_univariate current_velocity/10T/short
    Total instances: 7200, Series during experiment: 60, Windows: 120
    Collecting ground truth and context...
    Detected to_univariate case: 60 flat series -> 10 series x 6 variates
    Organizing data into arrays...
    Saved predictions (quantiles) to /fslarge/scratch/users/h61084/codes/selectime/outputs/selectime/chronos_bolt/evaluations/vanilla_univariate/current_velocity/10T/short/run_0/predictions.npz
    Computing per-window metrics...
    Saved metrics to /fslarge/scratch/users/h61084/codes/selectime/outputs/selectime/chronos_bolt/evaluations/vanilla_univariate/current_velocity/10T/short/run_0/metrics.npz
    Saved config to /fslarge/scratch/users/h61084/codes/selectime/outputs/selectime/chronos_bolt/evaluations/vanilla_univariate/current_velocity/10T/short/run_0/config.json
    Saved aggregate metrics to /fslarge/scratch/users/h61084/codes/selectime/outputs/selectime/chronos_bolt/evaluations/vanilla_univariate/current_velocity/10T/short/run_0/metrics_summary.json
    Metrics summary (averaged over all series/windows/variates):
      MSE: 7.9602
      MAE: 0.7884
      RMSE: 0.9842
      MAPE: 3153.9640
      sMAPE: 0.4770
      MASE: 0.6438
      ND: 0.3664
      CRPS: 0.3664
TIME run allocation action=new run=/fslarge/scratch/users/h61084/codes/selectime/outputs/selectime/chronos_bolt/evaluations/top1-horizon-mix/current_velocity/10T/short/run_0 launch_id=selena_3458556 slurm_job_id=3458556 launched_at=2026-09-17T10:57:21.870999+00:00
[2026-09-17 10:57:21 UTC] evaluate top1-horizon-mix current_velocity/10T/short
    Total instances: 7200, Series during experiment: 60, Windows: 120
    Collecting ground truth and context...
    Detected to_univariate case: 60 flat series -> 10 series x 6 variates
    Organizing data into arrays...
    Saved predictions (quantiles) to /fslarge/scratch/users/h61084/codes/selectime/outputs/selectime/chronos_bolt/evaluations/top1-horizon-mix/current_velocity/10T/short/run_0/predictions.npz
    Computing per-window metrics...
    Saved metrics to /fslarge/scratch/users/h61084/codes/selectime/outputs/selectime/chronos_bolt/evaluations/top1-horizon-mix/current_velocity/10T/short/run_0/metrics.npz
    Saved config to /fslarge/scratch/users/h61084/codes/selectime/outputs/selectime/chronos_bolt/evaluations/top1-horizon-mix/current_velocity/10T/short/run_0/config.json
    Saved aggregate metrics to /fslarge/scratch/users/h61084/codes/selectime/outputs/selectime/chronos_bolt/evaluations/top1-horizon-mix/current_velocity/10T/short/run_0/metrics_summary.json
    Metrics summary (averaged over all series/windows/variates):
      MSE: 8.0541
      MAE: 0.7983
      RMSE: 0.9898
      MAPE: 3726.0021
      sMAPE: 0.4656
      MASE: 0.6313
      ND: 0.3644
      CRPS: 0.3644
TIME run allocation action=new run=/fslarge/scratch/users/h61084/codes/selectime/outputs/selectime/chronos_bolt/evaluations/vanilla_univariate/current_velocity/10T/medium/run_0 launch_id=selena_3458556 slurm_job_id=3458556 launched_at=2026-09-17T10:57:23.143664+00:00
[2026-09-17 10:57:23 UTC] evaluate vanilla_univariate current_velocity/10T/medium
    Total instances: 900, Series during experiment: 60, Windows: 15
    Collecting ground truth and context...
    Detected to_univariate case: 60 flat series -> 10 series x 6 variates
    Organizing data into arrays...
    Saved predictions (quantiles) to /fslarge/scratch/users/h61084/codes/selectime/outputs/selectime/chronos_bolt/evaluations/vanilla_univariate/current_velocity/10T/medium/run_0/predictions.npz
    Computing per-window metrics...
    Saved metrics to /fslarge/scratch/users/h61084/codes/selectime/outputs/selectime/chronos_bolt/evaluations/vanilla_univariate/current_velocity/10T/medium/run_0/metrics.npz
    Saved config to /fslarge/scratch/users/h61084/codes/selectime/outputs/selectime/chronos_bolt/evaluations/vanilla_univariate/current_velocity/10T/medium/run_0/config.json
    Saved aggregate metrics to /fslarge/scratch/users/h61084/codes/selectime/outputs/selectime/chronos_bolt/evaluations/vanilla_univariate/current_velocity/10T/medium/run_0/metrics_summary.json
    Metrics summary (averaged over all series/windows/variates):
      MSE: 11.3586
      MAE: 1.0474
      RMSE: 1.3689
      MAPE: 3522.4399
      sMAPE: 0.5790
      MASE: 1.0028
      ND: 0.4063
      CRPS: 0.4063
TIME run allocation action=new run=/fslarge/scratch/users/h61084/codes/selectime/outputs/selectime/chronos_bolt/evaluations/top1-horizon-mix/current_velocity/10T/medium/run_0 launch_id=selena_3458556 slurm_job_id=3458556 launched_at=2026-09-17T10:57:23.456844+00:00
[2026-09-17 10:57:23 UTC] evaluate top1-horizon-mix current_velocity/10T/medium
    Total instances: 900, Series during experiment: 60, Windows: 15
    Collecting ground truth and context...
    Detected to_univariate case: 60 flat series -> 10 series x 6 variates
    Organizing data into arrays...
    Saved predictions (quantiles) to /fslarge/scratch/users/h61084/codes/selectime/outputs/selectime/chronos_bolt/evaluations/top1-horizon-mix/current_velocity/10T/medium/run_0/predictions.npz
    Computing per-window metrics...
    Saved metrics to /fslarge/scratch/users/h61084/codes/selectime/outputs/selectime/chronos_bolt/evaluations/top1-horizon-mix/current_velocity/10T/medium/run_0/metrics.npz
    Saved config to /fslarge/scratch/users/h61084/codes/selectime/outputs/selectime/chronos_bolt/evaluations/top1-horizon-mix/current_velocity/10T/medium/run_0/config.json
    Saved aggregate metrics to /fslarge/scratch/users/h61084/codes/selectime/outputs/selectime/chronos_bolt/evaluations/top1-horizon-mix/current_velocity/10T/medium/run_0/metrics_summary.json
    Metrics summary (averaged over all series/windows/variates):
      MSE: 11.8646
      MAE: 1.0607
      RMSE: 1.3654
      MAPE: 4977.4968
      sMAPE: 0.5357
      MASE: 0.9100
      ND: 0.3982
      CRPS: 0.3982
TIME run allocation action=new run=/fslarge/scratch/users/h61084/codes/selectime/outputs/selectime/chronos_bolt/evaluations/vanilla_univariate/current_velocity/10T/long/run_0 launch_id=selena_3458556 slurm_job_id=3458556 launched_at=2026-09-17T10:57:23.712197+00:00
[2026-09-17 10:57:23 UTC] evaluate vanilla_univariate current_velocity/10T/long
    Total instances: 300, Series during experiment: 60, Windows: 5
    Collecting ground truth and context...
    Detected to_univariate case: 60 flat series -> 10 series x 6 variates
    Organizing data into arrays...
    Saved predictions (quantiles) to /fslarge/scratch/users/h61084/codes/selectime/outputs/selectime/chronos_bolt/evaluations/vanilla_univariate/current_velocity/10T/long/run_0/predictions.npz
    Computing per-window metrics...
    Saved metrics to /fslarge/scratch/users/h61084/codes/selectime/outputs/selectime/chronos_bolt/evaluations/vanilla_univariate/current_velocity/10T/long/run_0/metrics.npz
    Saved config to /fslarge/scratch/users/h61084/codes/selectime/outputs/selectime/chronos_bolt/evaluations/vanilla_univariate/current_velocity/10T/long/run_0/config.json
    Saved aggregate metrics to /fslarge/scratch/users/h61084/codes/selectime/outputs/selectime/chronos_bolt/evaluations/vanilla_univariate/current_velocity/10T/long/run_0/metrics_summary.json
    Metrics summary (averaged over all series/windows/variates):
      MSE: 15.1093
      MAE: 1.2842
      RMSE: 1.6389
      MAPE: 3748.8332
      sMAPE: 0.6637
      MASE: 1.3770
      ND: 0.4700
      CRPS: 0.4700
TIME run allocation action=new run=/fslarge/scratch/users/h61084/codes/selectime/outputs/selectime/chronos_bolt/evaluations/top1-horizon-mix/current_velocity/10T/long/run_0 launch_id=selena_3458556 slurm_job_id=3458556 launched_at=2026-09-17T10:57:23.928204+00:00
[2026-09-17 10:57:23 UTC] evaluate top1-horizon-mix current_velocity/10T/long
    Total instances: 300, Series during experiment: 60, Windows: 5
    Collecting ground truth and context...
    Detected to_univariate case: 60 flat series -> 10 series x 6 variates
    Organizing data into arrays...
    Saved predictions (quantiles) to /fslarge/scratch/users/h61084/codes/selectime/outputs/selectime/chronos_bolt/evaluations/top1-horizon-mix/current_velocity/10T/long/run_0/predictions.npz
    Computing per-window metrics...
    Saved metrics to /fslarge/scratch/users/h61084/codes/selectime/outputs/selectime/chronos_bolt/evaluations/top1-horizon-mix/current_velocity/10T/long/run_0/metrics.npz
    Saved config to /fslarge/scratch/users/h61084/codes/selectime/outputs/selectime/chronos_bolt/evaluations/top1-horizon-mix/current_velocity/10T/long/run_0/config.json
    Saved aggregate metrics to /fslarge/scratch/users/h61084/codes/selectime/outputs/selectime/chronos_bolt/evaluations/top1-horizon-mix/current_velocity/10T/long/run_0/metrics_summary.json
    Metrics summary (averaged over all series/windows/variates):
      MSE: 17.8242
      MAE: 1.2816
      RMSE: 1.6522
      MAPE: 4954.7771
      sMAPE: 0.6041
      MASE: 1.2043
      ND: 0.4586
      CRPS: 0.4586
TIME run allocation action=new run=/fslarge/scratch/users/h61084/codes/selectime/outputs/selectime/chronos_bolt/evaluations/vanilla_univariate/current_velocity/15T/short/run_0 launch_id=selena_3458556 slurm_job_id=3458556 launched_at=2026-09-17T10:57:24.079607+00:00
[2026-09-17 10:57:24 UTC] evaluate vanilla_univariate current_velocity/15T/short
    Total instances: 3600, Series during experiment: 30, Windows: 120
    Collecting ground truth and context...
    Detected to_univariate case: 30 flat series -> 5 series x 6 variates
    Organizing data into arrays...
    Saved predictions (quantiles) to /fslarge/scratch/users/h61084/codes/selectime/outputs/selectime/chronos_bolt/evaluations/vanilla_univariate/current_velocity/15T/short/run_0/predictions.npz
    Computing per-window metrics...
    Saved metrics to /fslarge/scratch/users/h61084/codes/selectime/outputs/selectime/chronos_bolt/evaluations/vanilla_univariate/current_velocity/15T/short/run_0/metrics.npz
    Saved config to /fslarge/scratch/users/h61084/codes/selectime/outputs/selectime/chronos_bolt/evaluations/vanilla_univariate/current_velocity/15T/short/run_0/config.json
    Saved aggregate metrics to /fslarge/scratch/users/h61084/codes/selectime/outputs/selectime/chronos_bolt/evaluations/vanilla_univariate/current_velocity/15T/short/run_0/metrics_summary.json
    Metrics summary (averaged over all series/windows/variates):
      MSE: 6.1848
      MAE: 0.7491
      RMSE: 0.9121
      MAPE: 122084.3246
      sMAPE: 0.4684
      MASE: 0.5264
      ND: 0.3921
      CRPS: 0.3921
TIME run allocation action=new run=/fslarge/scratch/users/h61084/codes/selectime/outputs/selectime/chronos_bolt/evaluations/top1-horizon-mix/current_velocity/15T/short/run_0 launch_id=selena_3458556 slurm_job_id=3458556 launched_at=2026-09-17T10:57:24.612940+00:00
[2026-09-17 10:57:24 UTC] evaluate top1-horizon-mix current_velocity/15T/short
    Total instances: 3600, Series during experiment: 30, Windows: 120
    Collecting ground truth and context...
    Detected to_univariate case: 30 flat series -> 5 series x 6 variates
    Organizing data into arrays...
    Saved predictions (quantiles) to /fslarge/scratch/users/h61084/codes/selectime/outputs/selectime/chronos_bolt/evaluations/top1-horizon-mix/current_velocity/15T/short/run_0/predictions.npz
    Computing per-window metrics...
    Saved metrics to /fslarge/scratch/users/h61084/codes/selectime/outputs/selectime/chronos_bolt/evaluations/top1-horizon-mix/current_velocity/15T/short/run_0/metrics.npz
    Saved config to /fslarge/scratch/users/h61084/codes/selectime/outputs/selectime/chronos_bolt/evaluations/top1-horizon-mix/current_velocity/15T/short/run_0/config.json
    Saved aggregate metrics to /fslarge/scratch/users/h61084/codes/selectime/outputs/selectime/chronos_bolt/evaluations/top1-horizon-mix/current_velocity/15T/short/run_0/metrics_summary.json
    Metrics summary (averaged over all series/windows/variates):
      MSE: 6.1945
      MAE: 0.7559
      RMSE: 0.9173
      MAPE: 111340.9108
      sMAPE: 0.4772
      MASE: 0.5343
      ND: 0.3958
      CRPS: 0.3958
TIME run allocation action=new run=/fslarge/scratch/users/h61084/codes/selectime/outputs/selectime/chronos_bolt/evaluations/vanilla_univariate/current_velocity/15T/medium/run_0 launch_id=selena_3458556 slurm_job_id=3458556 launched_at=2026-09-17T10:57:25.085049+00:00
[2026-09-17 10:57:25 UTC] evaluate vanilla_univariate current_velocity/15T/medium
    Total instances: 450, Series during experiment: 30, Windows: 15
    Collecting ground truth and context...
    Detected to_univariate case: 30 flat series -> 5 series x 6 variates
    Organizing data into arrays...
    Saved predictions (quantiles) to /fslarge/scratch/users/h61084/codes/selectime/outputs/selectime/chronos_bolt/evaluations/vanilla_univariate/current_velocity/15T/medium/run_0/predictions.npz
    Computing per-window metrics...
    Saved metrics to /fslarge/scratch/users/h61084/codes/selectime/outputs/selectime/chronos_bolt/evaluations/vanilla_univariate/current_velocity/15T/medium/run_0/metrics.npz
    Saved config to /fslarge/scratch/users/h61084/codes/selectime/outputs/selectime/chronos_bolt/evaluations/vanilla_univariate/current_velocity/15T/medium/run_0/config.json
    Saved aggregate metrics to /fslarge/scratch/users/h61084/codes/selectime/outputs/selectime/chronos_bolt/evaluations/vanilla_univariate/current_velocity/15T/medium/run_0/metrics_summary.json
    Metrics summary (averaged over all series/windows/variates):
      MSE: 9.1512
      MAE: 0.9650
      RMSE: 1.2224
      MAPE: 139731.8669
      sMAPE: 0.5753
      MASE: 0.7820
      ND: 0.4432
      CRPS: 0.4432
TIME run allocation action=new run=/fslarge/scratch/users/h61084/codes/selectime/outputs/selectime/chronos_bolt/evaluations/top1-horizon-mix/current_velocity/15T/medium/run_0 launch_id=selena_3458556 slurm_job_id=3458556 launched_at=2026-09-17T10:57:25.249598+00:00
[2026-09-17 10:57:25 UTC] evaluate top1-horizon-mix current_velocity/15T/medium
    Total instances: 450, Series during experiment: 30, Windows: 15
    Collecting ground truth and context...
    Detected to_univariate case: 30 flat series -> 5 series x 6 variates
    Organizing data into arrays...
    Saved predictions (quantiles) to /fslarge/scratch/users/h61084/codes/selectime/outputs/selectime/chronos_bolt/evaluations/top1-horizon-mix/current_velocity/15T/medium/run_0/predictions.npz
    Computing per-window metrics...
    Saved metrics to /fslarge/scratch/users/h61084/codes/selectime/outputs/selectime/chronos_bolt/evaluations/top1-horizon-mix/current_velocity/15T/medium/run_0/metrics.npz
    Saved config to /fslarge/scratch/users/h61084/codes/selectime/outputs/selectime/chronos_bolt/evaluations/top1-horizon-mix/current_velocity/15T/medium/run_0/config.json
    Saved aggregate metrics to /fslarge/scratch/users/h61084/codes/selectime/outputs/selectime/chronos_bolt/evaluations/top1-horizon-mix/current_velocity/15T/medium/run_0/metrics_summary.json
    Metrics summary (averaged over all series/windows/variates):
      MSE: 9.2783
      MAE: 0.9780
      RMSE: 1.2342
      MAPE: 84410.0620
      sMAPE: 0.5834
      MASE: 0.7809
      ND: 0.4499
      CRPS: 0.4499
TIME run allocation action=new run=/fslarge/scratch/users/h61084/codes/selectime/outputs/selectime/chronos_bolt/evaluations/vanilla_univariate/current_velocity/15T/long/run_0 launch_id=selena_3458556 slurm_job_id=3458556 launched_at=2026-09-17T10:57:25.351455+00:00
[2026-09-17 10:57:25 UTC] evaluate vanilla_univariate current_velocity/15T/long
    Total instances: 150, Series during experiment: 30, Windows: 5
    Collecting ground truth and context...
    Detected to_univariate case: 30 flat series -> 5 series x 6 variates
    Organizing data into arrays...
    Saved predictions (quantiles) to /fslarge/scratch/users/h61084/codes/selectime/outputs/selectime/chronos_bolt/evaluations/vanilla_univariate/current_velocity/15T/long/run_0/predictions.npz
    Computing per-window metrics...
    Saved metrics to /fslarge/scratch/users/h61084/codes/selectime/outputs/selectime/chronos_bolt/evaluations/vanilla_univariate/current_velocity/15T/long/run_0/metrics.npz
    Saved config to /fslarge/scratch/users/h61084/codes/selectime/outputs/selectime/chronos_bolt/evaluations/vanilla_univariate/current_velocity/15T/long/run_0/config.json
    Saved aggregate metrics to /fslarge/scratch/users/h61084/codes/selectime/outputs/selectime/chronos_bolt/evaluations/vanilla_univariate/current_velocity/15T/long/run_0/metrics_summary.json
    Metrics summary (averaged over all series/windows/variates):
      MSE: 10.5123
      MAE: 1.0601
      RMSE: 1.3442
      MAPE: 130329.3529
      sMAPE: 0.5984
      MASE: 0.9310
      ND: 0.4659
      CRPS: 0.4659
TIME run allocation action=new run=/fslarge/scratch/users/h61084/codes/selectime/outputs/selectime/chronos_bolt/evaluations/top1-horizon-mix/current_velocity/15T/long/run_0 launch_id=selena_3458556 slurm_job_id=3458556 launched_at=2026-09-17T10:57:25.477955+00:00
[2026-09-17 10:57:25 UTC] evaluate top1-horizon-mix current_velocity/15T/long
    Total instances: 150, Series during experiment: 30, Windows: 5
    Collecting ground truth and context...
    Detected to_univariate case: 30 flat series -> 5 series x 6 variates
    Organizing data into arrays...
    Saved predictions (quantiles) to /fslarge/scratch/users/h61084/codes/selectime/outputs/selectime/chronos_bolt/evaluations/top1-horizon-mix/current_velocity/15T/long/run_0/predictions.npz
    Computing per-window metrics...
    Saved metrics to /fslarge/scratch/users/h61084/codes/selectime/outputs/selectime/chronos_bolt/evaluations/top1-horizon-mix/current_velocity/15T/long/run_0/metrics.npz
    Saved config to /fslarge/scratch/users/h61084/codes/selectime/outputs/selectime/chronos_bolt/evaluations/top1-horizon-mix/current_velocity/15T/long/run_0/config.json
    Saved aggregate metrics to /fslarge/scratch/users/h61084/codes/selectime/outputs/selectime/chronos_bolt/evaluations/top1-horizon-mix/current_velocity/15T/long/run_0/metrics_summary.json
    Metrics summary (averaged over all series/windows/variates):
      MSE: 10.6413
      MAE: 1.0833
      RMSE: 1.3710
      MAPE: 69663.4652
      sMAPE: 0.6137
      MASE: 0.9402
      ND: 0.4849
      CRPS: 0.4849
TIME run allocation action=new run=/fslarge/scratch/users/h61084/codes/selectime/outputs/selectime/chronos_bolt/evaluations/vanilla_univariate/current_velocity/H/short/run_0 launch_id=selena_3458556 slurm_job_id=3458556 launched_at=2026-09-17T10:57:25.537868+00:00
[2026-09-17 10:57:25 UTC] evaluate vanilla_univariate current_velocity/H/short
    Total instances: 3528, Series during experiment: 126, Windows: 28
    Collecting ground truth and context...
    Detected to_univariate case: 126 flat series -> 21 series x 6 variates
    Organizing data into arrays...
    Saved predictions (quantiles) to /fslarge/scratch/users/h61084/codes/selectime/outputs/selectime/chronos_bolt/evaluations/vanilla_univariate/current_velocity/H/short/run_0/predictions.npz
    Computing per-window metrics...
    Saved metrics to /fslarge/scratch/users/h61084/codes/selectime/outputs/selectime/chronos_bolt/evaluations/vanilla_univariate/current_velocity/H/short/run_0/metrics.npz
    Saved config to /fslarge/scratch/users/h61084/codes/selectime/outputs/selectime/chronos_bolt/evaluations/vanilla_univariate/current_velocity/H/short/run_0/config.json
    Saved aggregate metrics to /fslarge/scratch/users/h61084/codes/selectime/outputs/selectime/chronos_bolt/evaluations/vanilla_univariate/current_velocity/H/short/run_0/metrics_summary.json
    Metrics summary (averaged over all series/windows/variates):
      MSE: 6.7285
      MAE: 0.8328
      RMSE: 1.0341
      MAPE: 2160691041360.9495
      sMAPE: 0.4754
      MASE: 0.8281
      ND: 0.3649
      CRPS: 0.3649
TIME run allocation action=new run=/fslarge/scratch/users/h61084/codes/selectime/outputs/selectime/chronos_bolt/evaluations/top1-horizon-mix/current_velocity/H/short/run_0 launch_id=selena_3458556 slurm_job_id=3458556 launched_at=2026-09-17T10:57:25.943710+00:00
[2026-09-17 10:57:25 UTC] evaluate top1-horizon-mix current_velocity/H/short
    Total instances: 3528, Series during experiment: 126, Windows: 28
    Collecting ground truth and context...
    Detected to_univariate case: 126 flat series -> 21 series x 6 variates
    Organizing data into arrays...
    Saved predictions (quantiles) to /fslarge/scratch/users/h61084/codes/selectime/outputs/selectime/chronos_bolt/evaluations/top1-horizon-mix/current_velocity/H/short/run_0/predictions.npz
    Computing per-window metrics...
    Saved metrics to /fslarge/scratch/users/h61084/codes/selectime/outputs/selectime/chronos_bolt/evaluations/top1-horizon-mix/current_velocity/H/short/run_0/metrics.npz
    Saved config to /fslarge/scratch/users/h61084/codes/selectime/outputs/selectime/chronos_bolt/evaluations/top1-horizon-mix/current_velocity/H/short/run_0/config.json
    Saved aggregate metrics to /fslarge/scratch/users/h61084/codes/selectime/outputs/selectime/chronos_bolt/evaluations/top1-horizon-mix/current_velocity/H/short/run_0/metrics_summary.json
    Metrics summary (averaged over all series/windows/variates):
      MSE: 6.6997
      MAE: 0.8305
      RMSE: 1.0292
      MAPE: 2397425663922.0322
      sMAPE: 0.4715
      MASE: 0.8131
      ND: 0.3633
      CRPS: 0.3633
TIME run allocation action=new run=/fslarge/scratch/users/h61084/codes/selectime/outputs/selectime/chronos_bolt/evaluations/vanilla_univariate/current_velocity/H/medium/run_0 launch_id=selena_3458556 slurm_job_id=3458556 launched_at=2026-09-17T10:57:26.281894+00:00
[2026-09-17 10:57:26 UTC] evaluate vanilla_univariate current_velocity/H/medium
    Total instances: 504, Series during experiment: 126, Windows: 4
    Collecting ground truth and context...
    Detected to_univariate case: 126 flat series -> 21 series x 6 variates
    Organizing data into arrays...
    Saved predictions (quantiles) to /fslarge/scratch/users/h61084/codes/selectime/outputs/selectime/chronos_bolt/evaluations/vanilla_univariate/current_velocity/H/medium/run_0/predictions.npz
    Computing per-window metrics...
    Saved metrics to /fslarge/scratch/users/h61084/codes/selectime/outputs/selectime/chronos_bolt/evaluations/vanilla_univariate/current_velocity/H/medium/run_0/metrics.npz
    Saved config to /fslarge/scratch/users/h61084/codes/selectime/outputs/selectime/chronos_bolt/evaluations/vanilla_univariate/current_velocity/H/medium/run_0/config.json
    Saved aggregate metrics to /fslarge/scratch/users/h61084/codes/selectime/outputs/selectime/chronos_bolt/evaluations/vanilla_univariate/current_velocity/H/medium/run_0/metrics_summary.json
    Metrics summary (averaged over all series/windows/variates):
      MSE: 10.8432
      MAE: 1.1585
      RMSE: 1.4553
      MAPE: 2082794964917.6562
      sMAPE: 0.6425
      MASE: 1.4834
      ND: 0.4845
      CRPS: 0.4845
TIME run allocation action=new run=/fslarge/scratch/users/h61084/codes/selectime/outputs/selectime/chronos_bolt/evaluations/top1-horizon-mix/current_velocity/H/medium/run_0 launch_id=selena_3458556 slurm_job_id=3458556 launched_at=2026-09-17T10:57:26.444844+00:00
[2026-09-17 10:57:26 UTC] evaluate top1-horizon-mix current_velocity/H/medium
    Total instances: 504, Series during experiment: 126, Windows: 4
    Collecting ground truth and context...
    Detected to_univariate case: 126 flat series -> 21 series x 6 variates
    Organizing data into arrays...
    Saved predictions (quantiles) to /fslarge/scratch/users/h61084/codes/selectime/outputs/selectime/chronos_bolt/evaluations/top1-horizon-mix/current_velocity/H/medium/run_0/predictions.npz
    Computing per-window metrics...
    Saved metrics to /fslarge/scratch/users/h61084/codes/selectime/outputs/selectime/chronos_bolt/evaluations/top1-horizon-mix/current_velocity/H/medium/run_0/metrics.npz
    Saved config to /fslarge/scratch/users/h61084/codes/selectime/outputs/selectime/chronos_bolt/evaluations/top1-horizon-mix/current_velocity/H/medium/run_0/config.json
    Saved aggregate metrics to /fslarge/scratch/users/h61084/codes/selectime/outputs/selectime/chronos_bolt/evaluations/top1-horizon-mix/current_velocity/H/medium/run_0/metrics_summary.json
    Metrics summary (averaged over all series/windows/variates):
      MSE: 11.6873
      MAE: 1.1846
      RMSE: 1.4742
      MAPE: 3667259336881.6919
      sMAPE: 0.6243
      MASE: 1.4353
      ND: 0.5034
      CRPS: 0.5034
TIME run allocation action=new run=/fslarge/scratch/users/h61084/codes/selectime/outputs/selectime/chronos_bolt/evaluations/vanilla_univariate/current_velocity/H/long/run_0 launch_id=selena_3458556 slurm_job_id=3458556 launched_at=2026-09-17T10:57:26.541218+00:00
[2026-09-17 10:57:26 UTC] evaluate vanilla_univariate current_velocity/H/long
    Total instances: 252, Series during experiment: 126, Windows: 2
    Collecting ground truth and context...
    Detected to_univariate case: 126 flat series -> 21 series x 6 variates
    Organizing data into arrays...
    Saved predictions (quantiles) to /fslarge/scratch/users/h61084/codes/selectime/outputs/selectime/chronos_bolt/evaluations/vanilla_univariate/current_velocity/H/long/run_0/predictions.npz
    Computing per-window metrics...
    Saved metrics to /fslarge/scratch/users/h61084/codes/selectime/outputs/selectime/chronos_bolt/evaluations/vanilla_univariate/current_velocity/H/long/run_0/metrics.npz
    Saved config to /fslarge/scratch/users/h61084/codes/selectime/outputs/selectime/chronos_bolt/evaluations/vanilla_univariate/current_velocity/H/long/run_0/config.json
    Saved aggregate metrics to /fslarge/scratch/users/h61084/codes/selectime/outputs/selectime/chronos_bolt/evaluations/vanilla_univariate/current_velocity/H/long/run_0/metrics_summary.json
    Metrics summary (averaged over all series/windows/variates):
      MSE: 11.8038
      MAE: 1.2344
      RMSE: 1.5632
      MAPE: 2119241958802.5740
      sMAPE: 0.6646
      MASE: 1.6267
      ND: 0.4879
      CRPS: 0.4879
TIME run allocation action=new run=/fslarge/scratch/users/h61084/codes/selectime/outputs/selectime/chronos_bolt/evaluations/top1-horizon-mix/current_velocity/H/long/run_0 launch_id=selena_3458556 slurm_job_id=3458556 launched_at=2026-09-17T10:57:26.715035+00:00
[2026-09-17 10:57:26 UTC] evaluate top1-horizon-mix current_velocity/H/long
    Total instances: 252, Series during experiment: 126, Windows: 2
    Collecting ground truth and context...
    Detected to_univariate case: 126 flat series -> 21 series x 6 variates
    Organizing data into arrays...
    Saved predictions (quantiles) to /fslarge/scratch/users/h61084/codes/selectime/outputs/selectime/chronos_bolt/evaluations/top1-horizon-mix/current_velocity/H/long/run_0/predictions.npz
    Computing per-window metrics...
    Saved metrics to /fslarge/scratch/users/h61084/codes/selectime/outputs/selectime/chronos_bolt/evaluations/top1-horizon-mix/current_velocity/H/long/run_0/metrics.npz
    Saved config to /fslarge/scratch/users/h61084/codes/selectime/outputs/selectime/chronos_bolt/evaluations/top1-horizon-mix/current_velocity/H/long/run_0/config.json
    Saved aggregate metrics to /fslarge/scratch/users/h61084/codes/selectime/outputs/selectime/chronos_bolt/evaluations/top1-horizon-mix/current_velocity/H/long/run_0/metrics_summary.json
    Metrics summary (averaged over all series/windows/variates):
      MSE: 15.5990
      MAE: 1.3702
      RMSE: 1.7173
      MAPE: 2690635360072.8291
      sMAPE: 0.6344
      MASE: 1.5758
      ND: 0.5014
      CRPS: 0.5014
TIME run allocation action=new run=/fslarge/scratch/users/h61084/codes/selectime/outputs/selectime/chronos_bolt/evaluations/vanilla_univariate/CPHL/15T/short/run_0 launch_id=selena_3458556 slurm_job_id=3458556 launched_at=2026-09-17T10:57:26.791183+00:00
[2026-09-17 10:57:26 UTC] evaluate vanilla_univariate CPHL/15T/short
    Total instances: 240, Series during experiment: 2, Windows: 120
    Collecting ground truth and context...
    Organizing data into arrays...
    Saved predictions (quantiles) to /fslarge/scratch/users/h61084/codes/selectime/outputs/selectime/chronos_bolt/evaluations/vanilla_univariate/CPHL/15T/short/run_0/predictions.npz
    Computing per-window metrics...
    Saved metrics to /fslarge/scratch/users/h61084/codes/selectime/outputs/selectime/chronos_bolt/evaluations/vanilla_univariate/CPHL/15T/short/run_0/metrics.npz
    Saved config to /fslarge/scratch/users/h61084/codes/selectime/outputs/selectime/chronos_bolt/evaluations/vanilla_univariate/CPHL/15T/short/run_0/config.json
    Saved aggregate metrics to /fslarge/scratch/users/h61084/codes/selectime/outputs/selectime/chronos_bolt/evaluations/vanilla_univariate/CPHL/15T/short/run_0/metrics_summary.json
    Metrics summary (averaged over all series/windows/variates):
      MSE: 0.0652
      MAE: 0.1387
      RMSE: 0.1624
      MAPE: 0.1952
      sMAPE: 0.1801
      MASE: 0.6561
      ND: 0.1871
      CRPS: 0.1871
TIME run allocation action=new run=/fslarge/scratch/users/h61084/codes/selectime/outputs/selectime/chronos_bolt/evaluations/top1-horizon-mix/CPHL/15T/short/run_0 launch_id=selena_3458556 slurm_job_id=3458556 launched_at=2026-09-17T10:57:26.909418+00:00
[2026-09-17 10:57:26 UTC] evaluate top1-horizon-mix CPHL/15T/short
    Total instances: 240, Series during experiment: 2, Windows: 120
    Collecting ground truth and context...
    Organizing data into arrays...
    Saved predictions (quantiles) to /fslarge/scratch/users/h61084/codes/selectime/outputs/selectime/chronos_bolt/evaluations/top1-horizon-mix/CPHL/15T/short/run_0/predictions.npz
    Computing per-window metrics...
    Saved metrics to /fslarge/scratch/users/h61084/codes/selectime/outputs/selectime/chronos_bolt/evaluations/top1-horizon-mix/CPHL/15T/short/run_0/metrics.npz
    Saved config to /fslarge/scratch/users/h61084/codes/selectime/outputs/selectime/chronos_bolt/evaluations/top1-horizon-mix/CPHL/15T/short/run_0/config.json
    Saved aggregate metrics to /fslarge/scratch/users/h61084/codes/selectime/outputs/selectime/chronos_bolt/evaluations/top1-horizon-mix/CPHL/15T/short/run_0/metrics_summary.json
    Metrics summary (averaged over all series/windows/variates):
      MSE: 0.0652
      MAE: 0.1387
      RMSE: 0.1624
      MAPE: 0.1952
      sMAPE: 0.1801
      MASE: 0.6561
      ND: 0.1871
      CRPS: 0.1871
TIME run allocation action=new run=/fslarge/scratch/users/h61084/codes/selectime/outputs/selectime/chronos_bolt/evaluations/vanilla_univariate/CPHL/15T/medium/run_0 launch_id=selena_3458556 slurm_job_id=3458556 launched_at=2026-09-17T10:57:26.959476+00:00
[2026-09-17 10:57:26 UTC] evaluate vanilla_univariate CPHL/15T/medium
    Total instances: 30, Series during experiment: 2, Windows: 15
    Collecting ground truth and context...
    Organizing data into arrays...
    Saved predictions (quantiles) to /fslarge/scratch/users/h61084/codes/selectime/outputs/selectime/chronos_bolt/evaluations/vanilla_univariate/CPHL/15T/medium/run_0/predictions.npz
    Computing per-window metrics...
    Saved metrics to /fslarge/scratch/users/h61084/codes/selectime/outputs/selectime/chronos_bolt/evaluations/vanilla_univariate/CPHL/15T/medium/run_0/metrics.npz
    Saved config to /fslarge/scratch/users/h61084/codes/selectime/outputs/selectime/chronos_bolt/evaluations/vanilla_univariate/CPHL/15T/medium/run_0/config.json
    Saved aggregate metrics to /fslarge/scratch/users/h61084/codes/selectime/outputs/selectime/chronos_bolt/evaluations/vanilla_univariate/CPHL/15T/medium/run_0/metrics_summary.json
    Metrics summary (averaged over all series/windows/variates):
      MSE: 0.1237
      MAE: 0.2165
      RMSE: 0.2740
      MAPE: 0.3424
      sMAPE: 0.2924
      MASE: 1.0637
      ND: 0.2915
      CRPS: 0.2915
TIME run allocation action=new run=/fslarge/scratch/users/h61084/codes/selectime/outputs/selectime/chronos_bolt/evaluations/top1-horizon-mix/CPHL/15T/medium/run_0 launch_id=selena_3458556 slurm_job_id=3458556 launched_at=2026-09-17T10:57:27.058158+00:00
[2026-09-17 10:57:27 UTC] evaluate top1-horizon-mix CPHL/15T/medium
    Total instances: 30, Series during experiment: 2, Windows: 15
    Collecting ground truth and context...
    Organizing data into arrays...
    Saved predictions (quantiles) to /fslarge/scratch/users/h61084/codes/selectime/outputs/selectime/chronos_bolt/evaluations/top1-horizon-mix/CPHL/15T/medium/run_0/predictions.npz
    Computing per-window metrics...
    Saved metrics to /fslarge/scratch/users/h61084/codes/selectime/outputs/selectime/chronos_bolt/evaluations/top1-horizon-mix/CPHL/15T/medium/run_0/metrics.npz
    Saved config to /fslarge/scratch/users/h61084/codes/selectime/outputs/selectime/chronos_bolt/evaluations/top1-horizon-mix/CPHL/15T/medium/run_0/config.json
    Saved aggregate metrics to /fslarge/scratch/users/h61084/codes/selectime/outputs/selectime/chronos_bolt/evaluations/top1-horizon-mix/CPHL/15T/medium/run_0/metrics_summary.json
    Metrics summary (averaged over all series/windows/variates):
      MSE: 0.1222
      MAE: 0.2181
      RMSE: 0.2750
      MAPE: 0.3504
      sMAPE: 0.2912
      MASE: 1.0620
      ND: 0.2956
      CRPS: 0.2956
TIME run allocation action=new run=/fslarge/scratch/users/h61084/codes/selectime/outputs/selectime/chronos_bolt/evaluations/vanilla_univariate/CPHL/15T/long/run_0 launch_id=selena_3458556 slurm_job_id=3458556 launched_at=2026-09-17T10:57:27.089443+00:00
[2026-09-17 10:57:27 UTC] evaluate vanilla_univariate CPHL/15T/long
    Total instances: 10, Series during experiment: 2, Windows: 5
    Collecting ground truth and context...
    Organizing data into arrays...
    Saved predictions (quantiles) to /fslarge/scratch/users/h61084/codes/selectime/outputs/selectime/chronos_bolt/evaluations/vanilla_univariate/CPHL/15T/long/run_0/predictions.npz
    Computing per-window metrics...
    Saved metrics to /fslarge/scratch/users/h61084/codes/selectime/outputs/selectime/chronos_bolt/evaluations/vanilla_univariate/CPHL/15T/long/run_0/metrics.npz
    Saved config to /fslarge/scratch/users/h61084/codes/selectime/outputs/selectime/chronos_bolt/evaluations/vanilla_univariate/CPHL/15T/long/run_0/config.json
    Saved aggregate metrics to /fslarge/scratch/users/h61084/codes/selectime/outputs/selectime/chronos_bolt/evaluations/vanilla_univariate/CPHL/15T/long/run_0/metrics_summary.json
    Metrics summary (averaged over all series/windows/variates):
      MSE: 0.1346
      MAE: 0.2401
      RMSE: 0.3164
      MAPE: 0.3809
      sMAPE: 0.3273
      MASE: 1.2028
      ND: 0.3301
      CRPS: 0.3301
TIME run allocation action=new run=/fslarge/scratch/users/h61084/codes/selectime/outputs/selectime/chronos_bolt/evaluations/top1-horizon-mix/CPHL/15T/long/run_0 launch_id=selena_3458556 slurm_job_id=3458556 launched_at=2026-09-17T10:57:27.185414+00:00
[2026-09-17 10:57:27 UTC] evaluate top1-horizon-mix CPHL/15T/long
    Total instances: 10, Series during experiment: 2, Windows: 5
    Collecting ground truth and context...
    Organizing data into arrays...
    Saved predictions (quantiles) to /fslarge/scratch/users/h61084/codes/selectime/outputs/selectime/chronos_bolt/evaluations/top1-horizon-mix/CPHL/15T/long/run_0/predictions.npz
    Computing per-window metrics...
    Saved metrics to /fslarge/scratch/users/h61084/codes/selectime/outputs/selectime/chronos_bolt/evaluations/top1-horizon-mix/CPHL/15T/long/run_0/metrics.npz
    Saved config to /fslarge/scratch/users/h61084/codes/selectime/outputs/selectime/chronos_bolt/evaluations/top1-horizon-mix/CPHL/15T/long/run_0/config.json
    Saved aggregate metrics to /fslarge/scratch/users/h61084/codes/selectime/outputs/selectime/chronos_bolt/evaluations/top1-horizon-mix/CPHL/15T/long/run_0/metrics_summary.json
    Metrics summary (averaged over all series/windows/variates):
      MSE: 0.1647
      MAE: 0.2798
      RMSE: 0.3532
      MAPE: 0.4895
      sMAPE: 0.3674
      MASE: 1.3850
      ND: 0.3925
      CRPS: 0.3925
TIME run allocation action=new run=/fslarge/scratch/users/h61084/codes/selectime/outputs/selectime/chronos_bolt/evaluations/vanilla_univariate/CPHL/30T/short/run_0 launch_id=selena_3458556 slurm_job_id=3458556 launched_at=2026-09-17T10:57:27.215144+00:00
[2026-09-17 10:57:27 UTC] evaluate vanilla_univariate CPHL/30T/short
    Total instances: 240, Series during experiment: 2, Windows: 120
    Collecting ground truth and context...
    Organizing data into arrays...
    Saved predictions (quantiles) to /fslarge/scratch/users/h61084/codes/selectime/outputs/selectime/chronos_bolt/evaluations/vanilla_univariate/CPHL/30T/short/run_0/predictions.npz
    Computing per-window metrics...
    Saved metrics to /fslarge/scratch/users/h61084/codes/selectime/outputs/selectime/chronos_bolt/evaluations/vanilla_univariate/CPHL/30T/short/run_0/metrics.npz
    Saved config to /fslarge/scratch/users/h61084/codes/selectime/outputs/selectime/chronos_bolt/evaluations/vanilla_univariate/CPHL/30T/short/run_0/config.json
    Saved aggregate metrics to /fslarge/scratch/users/h61084/codes/selectime/outputs/selectime/chronos_bolt/evaluations/vanilla_univariate/CPHL/30T/short/run_0/metrics_summary.json
    Metrics summary (averaged over all series/windows/variates):
      MSE: 0.6439
      MAE: 0.4658
      RMSE: 0.5679
      MAPE: 0.3936
      sMAPE: 0.2999
      MASE: 1.4041
      ND: 0.2962
      CRPS: 0.2962
TIME run allocation action=new run=/fslarge/scratch/users/h61084/codes/selectime/outputs/selectime/chronos_bolt/evaluations/top1-horizon-mix/CPHL/30T/short/run_0 launch_id=selena_3458556 slurm_job_id=3458556 launched_at=2026-09-17T10:57:27.338021+00:00
[2026-09-17 10:57:27 UTC] evaluate top1-horizon-mix CPHL/30T/short
    Total instances: 240, Series during experiment: 2, Windows: 120
    Collecting ground truth and context...
    Organizing data into arrays...
    Saved predictions (quantiles) to /fslarge/scratch/users/h61084/codes/selectime/outputs/selectime/chronos_bolt/evaluations/top1-horizon-mix/CPHL/30T/short/run_0/predictions.npz
    Computing per-window metrics...
    Saved metrics to /fslarge/scratch/users/h61084/codes/selectime/outputs/selectime/chronos_bolt/evaluations/top1-horizon-mix/CPHL/30T/short/run_0/metrics.npz
    Saved config to /fslarge/scratch/users/h61084/codes/selectime/outputs/selectime/chronos_bolt/evaluations/top1-horizon-mix/CPHL/30T/short/run_0/config.json
    Saved aggregate metrics to /fslarge/scratch/users/h61084/codes/selectime/outputs/selectime/chronos_bolt/evaluations/top1-horizon-mix/CPHL/30T/short/run_0/metrics_summary.json
    Metrics summary (averaged over all series/windows/variates):
      MSE: 0.6464
      MAE: 0.4652
      RMSE: 0.5673
      MAPE: 0.3958
      sMAPE: 0.2984
      MASE: 1.3958
      ND: 0.2956
      CRPS: 0.2956
TIME run allocation action=new run=/fslarge/scratch/users/h61084/codes/selectime/outputs/selectime/chronos_bolt/evaluations/vanilla_univariate/CPHL/30T/medium/run_0 launch_id=selena_3458556 slurm_job_id=3458556 launched_at=2026-09-17T10:57:27.393163+00:00
[2026-09-17 10:57:27 UTC] evaluate vanilla_univariate CPHL/30T/medium
    Total instances: 60, Series during experiment: 2, Windows: 30
    Collecting ground truth and context...
    Organizing data into arrays...
    Saved predictions (quantiles) to /fslarge/scratch/users/h61084/codes/selectime/outputs/selectime/chronos_bolt/evaluations/vanilla_univariate/CPHL/30T/medium/run_0/predictions.npz
    Computing per-window metrics...
    Saved metrics to /fslarge/scratch/users/h61084/codes/selectime/outputs/selectime/chronos_bolt/evaluations/vanilla_univariate/CPHL/30T/medium/run_0/metrics.npz
    Saved config to /fslarge/scratch/users/h61084/codes/selectime/outputs/selectime/chronos_bolt/evaluations/vanilla_univariate/CPHL/30T/medium/run_0/config.json
    Saved aggregate metrics to /fslarge/scratch/users/h61084/codes/selectime/outputs/selectime/chronos_bolt/evaluations/vanilla_univariate/CPHL/30T/medium/run_0/metrics_summary.json
    Metrics summary (averaged over all series/windows/variates):
      MSE: 0.7536
      MAE: 0.5195
      RMSE: 0.6372
      MAPE: 0.4635
      sMAPE: 0.3432
      MASE: 1.5695
      ND: 0.3360
      CRPS: 0.3360
TIME run allocation action=new run=/fslarge/scratch/users/h61084/codes/selectime/outputs/selectime/chronos_bolt/evaluations/top1-horizon-mix/CPHL/30T/medium/run_0 launch_id=selena_3458556 slurm_job_id=3458556 launched_at=2026-09-17T10:57:27.495761+00:00
[2026-09-17 10:57:27 UTC] evaluate top1-horizon-mix CPHL/30T/medium
    Total instances: 60, Series during experiment: 2, Windows: 30
    Collecting ground truth and context...
    Organizing data into arrays...
    Saved predictions (quantiles) to /fslarge/scratch/users/h61084/codes/selectime/outputs/selectime/chronos_bolt/evaluations/top1-horizon-mix/CPHL/30T/medium/run_0/predictions.npz
    Computing per-window metrics...
    Saved metrics to /fslarge/scratch/users/h61084/codes/selectime/outputs/selectime/chronos_bolt/evaluations/top1-horizon-mix/CPHL/30T/medium/run_0/metrics.npz
    Saved config to /fslarge/scratch/users/h61084/codes/selectime/outputs/selectime/chronos_bolt/evaluations/top1-horizon-mix/CPHL/30T/medium/run_0/config.json
    Saved aggregate metrics to /fslarge/scratch/users/h61084/codes/selectime/outputs/selectime/chronos_bolt/evaluations/top1-horizon-mix/CPHL/30T/medium/run_0/metrics_summary.json
    Metrics summary (averaged over all series/windows/variates):
      MSE: 0.8162
      MAE: 0.5350
      RMSE: 0.6535
      MAPE: 0.4937
      sMAPE: 0.3496
      MASE: 1.6007
      ND: 0.3455
      CRPS: 0.3455
TIME run allocation action=new run=/fslarge/scratch/users/h61084/codes/selectime/outputs/selectime/chronos_bolt/evaluations/vanilla_univariate/CPHL/30T/long/run_0 launch_id=selena_3458556 slurm_job_id=3458556 launched_at=2026-09-17T10:57:27.531115+00:00
[2026-09-17 10:57:27 UTC] evaluate vanilla_univariate CPHL/30T/long
    Total instances: 20, Series during experiment: 2, Windows: 10
    Collecting ground truth and context...
    Organizing data into arrays...
    Saved predictions (quantiles) to /fslarge/scratch/users/h61084/codes/selectime/outputs/selectime/chronos_bolt/evaluations/vanilla_univariate/CPHL/30T/long/run_0/predictions.npz
    Computing per-window metrics...
    Saved metrics to /fslarge/scratch/users/h61084/codes/selectime/outputs/selectime/chronos_bolt/evaluations/vanilla_univariate/CPHL/30T/long/run_0/metrics.npz
    Saved config to /fslarge/scratch/users/h61084/codes/selectime/outputs/selectime/chronos_bolt/evaluations/vanilla_univariate/CPHL/30T/long/run_0/config.json
    Saved aggregate metrics to /fslarge/scratch/users/h61084/codes/selectime/outputs/selectime/chronos_bolt/evaluations/vanilla_univariate/CPHL/30T/long/run_0/metrics_summary.json
    Metrics summary (averaged over all series/windows/variates):
      MSE: 1.0076
      MAE: 0.6106
      RMSE: 0.7453
      MAPE: 0.5646
      sMAPE: 0.4302
      MASE: 1.9159
      ND: 0.3980
      CRPS: 0.3980
TIME run allocation action=new run=/fslarge/scratch/users/h61084/codes/selectime/outputs/selectime/chronos_bolt/evaluations/top1-horizon-mix/CPHL/30T/long/run_0 launch_id=selena_3458556 slurm_job_id=3458556 launched_at=2026-09-17T10:57:27.627961+00:00
[2026-09-17 10:57:27 UTC] evaluate top1-horizon-mix CPHL/30T/long
    Total instances: 20, Series during experiment: 2, Windows: 10
    Collecting ground truth and context...
    Organizing data into arrays...
    Saved predictions (quantiles) to /fslarge/scratch/users/h61084/codes/selectime/outputs/selectime/chronos_bolt/evaluations/top1-horizon-mix/CPHL/30T/long/run_0/predictions.npz
    Computing per-window metrics...
    Saved metrics to /fslarge/scratch/users/h61084/codes/selectime/outputs/selectime/chronos_bolt/evaluations/top1-horizon-mix/CPHL/30T/long/run_0/metrics.npz
    Saved config to /fslarge/scratch/users/h61084/codes/selectime/outputs/selectime/chronos_bolt/evaluations/top1-horizon-mix/CPHL/30T/long/run_0/config.json
    Saved aggregate metrics to /fslarge/scratch/users/h61084/codes/selectime/outputs/selectime/chronos_bolt/evaluations/top1-horizon-mix/CPHL/30T/long/run_0/metrics_summary.json
    Metrics summary (averaged over all series/windows/variates):
      MSE: 1.4848
      MAE: 0.7191
      RMSE: 0.8572
      MAPE: 0.7033
      sMAPE: 0.4997
      MASE: 2.1378
      ND: 0.4502
      CRPS: 0.4502
TIME run allocation action=new run=/fslarge/scratch/users/h61084/codes/selectime/outputs/selectime/chronos_bolt/evaluations/vanilla_univariate/CPHL/H/short/run_0 launch_id=selena_3458556 slurm_job_id=3458556 launched_at=2026-09-17T10:57:27.658843+00:00
[2026-09-17 10:57:27 UTC] evaluate vanilla_univariate CPHL/H/short
    Total instances: 112, Series during experiment: 4, Windows: 28
    Collecting ground truth and context...
    Organizing data into arrays...
    Saved predictions (quantiles) to /fslarge/scratch/users/h61084/codes/selectime/outputs/selectime/chronos_bolt/evaluations/vanilla_univariate/CPHL/H/short/run_0/predictions.npz
    Computing per-window metrics...
    Saved metrics to /fslarge/scratch/users/h61084/codes/selectime/outputs/selectime/chronos_bolt/evaluations/vanilla_univariate/CPHL/H/short/run_0/metrics.npz
    Saved config to /fslarge/scratch/users/h61084/codes/selectime/outputs/selectime/chronos_bolt/evaluations/vanilla_univariate/CPHL/H/short/run_0/config.json
    Saved aggregate metrics to /fslarge/scratch/users/h61084/codes/selectime/outputs/selectime/chronos_bolt/evaluations/vanilla_univariate/CPHL/H/short/run_0/metrics_summary.json
    Metrics summary (averaged over all series/windows/variates):
      MSE: 0.3898
      MAE: 0.3531
      RMSE: 0.4289
      MAPE: 0.3400
      sMAPE: 0.3042
      MASE: 1.3161
      ND: 0.2990
      CRPS: 0.2990
TIME run allocation action=new run=/fslarge/scratch/users/h61084/codes/selectime/outputs/selectime/chronos_bolt/evaluations/top1-horizon-mix/CPHL/H/short/run_0 launch_id=selena_3458556 slurm_job_id=3458556 launched_at=2026-09-17T10:57:27.763935+00:00
[2026-09-17 10:57:27 UTC] evaluate top1-horizon-mix CPHL/H/short
    Total instances: 112, Series during experiment: 4, Windows: 28
    Collecting ground truth and context...
    Organizing data into arrays...
    Saved predictions (quantiles) to /fslarge/scratch/users/h61084/codes/selectime/outputs/selectime/chronos_bolt/evaluations/top1-horizon-mix/CPHL/H/short/run_0/predictions.npz
    Computing per-window metrics...
    Saved metrics to /fslarge/scratch/users/h61084/codes/selectime/outputs/selectime/chronos_bolt/evaluations/top1-horizon-mix/CPHL/H/short/run_0/metrics.npz
    Saved config to /fslarge/scratch/users/h61084/codes/selectime/outputs/selectime/chronos_bolt/evaluations/top1-horizon-mix/CPHL/H/short/run_0/config.json
    Saved aggregate metrics to /fslarge/scratch/users/h61084/codes/selectime/outputs/selectime/chronos_bolt/evaluations/top1-horizon-mix/CPHL/H/short/run_0/metrics_summary.json
    Metrics summary (averaged over all series/windows/variates):
      MSE: 0.3868
      MAE: 0.3530
      RMSE: 0.4270
      MAPE: 0.3465
      sMAPE: 0.3028
      MASE: 1.3122
      ND: 0.3009
      CRPS: 0.3009
TIME run allocation action=new run=/fslarge/scratch/users/h61084/codes/selectime/outputs/selectime/chronos_bolt/evaluations/vanilla_univariate/CPHL/H/medium/run_0 launch_id=selena_3458556 slurm_job_id=3458556 launched_at=2026-09-17T10:57:27.801486+00:00
[2026-09-17 10:57:27 UTC] evaluate vanilla_univariate CPHL/H/medium
    Total instances: 16, Series during experiment: 4, Windows: 4
    Collecting ground truth and context...
    Organizing data into arrays...
    Saved predictions (quantiles) to /fslarge/scratch/users/h61084/codes/selectime/outputs/selectime/chronos_bolt/evaluations/vanilla_univariate/CPHL/H/medium/run_0/predictions.npz
    Computing per-window metrics...
    Saved metrics to /fslarge/scratch/users/h61084/codes/selectime/outputs/selectime/chronos_bolt/evaluations/vanilla_univariate/CPHL/H/medium/run_0/metrics.npz
    Saved config to /fslarge/scratch/users/h61084/codes/selectime/outputs/selectime/chronos_bolt/evaluations/vanilla_univariate/CPHL/H/medium/run_0/config.json
    Saved aggregate metrics to /fslarge/scratch/users/h61084/codes/selectime/outputs/selectime/chronos_bolt/evaluations/vanilla_univariate/CPHL/H/medium/run_0/metrics_summary.json
    Metrics summary (averaged over all series/windows/variates):
      MSE: 0.5275
      MAE: 0.4578
      RMSE: 0.5686
      MAPE: 0.4883
      sMAPE: 0.4368
      MASE: 1.9465
      ND: 0.4288
      CRPS: 0.4288
TIME run allocation action=new run=/fslarge/scratch/users/h61084/codes/selectime/outputs/selectime/chronos_bolt/evaluations/top1-horizon-mix/CPHL/H/medium/run_0 launch_id=selena_3458556 slurm_job_id=3458556 launched_at=2026-09-17T10:57:27.898494+00:00
[2026-09-17 10:57:27 UTC] evaluate top1-horizon-mix CPHL/H/medium
    Total instances: 16, Series during experiment: 4, Windows: 4
    Collecting ground truth and context...
    Organizing data into arrays...
    Saved predictions (quantiles) to /fslarge/scratch/users/h61084/codes/selectime/outputs/selectime/chronos_bolt/evaluations/top1-horizon-mix/CPHL/H/medium/run_0/predictions.npz
    Computing per-window metrics...
    Saved metrics to /fslarge/scratch/users/h61084/codes/selectime/outputs/selectime/chronos_bolt/evaluations/top1-horizon-mix/CPHL/H/medium/run_0/metrics.npz
    Saved config to /fslarge/scratch/users/h61084/codes/selectime/outputs/selectime/chronos_bolt/evaluations/top1-horizon-mix/CPHL/H/medium/run_0/config.json
    Saved aggregate metrics to /fslarge/scratch/users/h61084/codes/selectime/outputs/selectime/chronos_bolt/evaluations/top1-horizon-mix/CPHL/H/medium/run_0/metrics_summary.json
    Metrics summary (averaged over all series/windows/variates):
      MSE: 0.5363
      MAE: 0.4637
      RMSE: 0.5680
      MAPE: 0.5139
      sMAPE: 0.4311
      MASE: 1.9371
      ND: 0.4205
      CRPS: 0.4205
TIME run allocation action=new run=/fslarge/scratch/users/h61084/codes/selectime/outputs/selectime/chronos_bolt/evaluations/vanilla_univariate/CPHL/H/long/run_0 launch_id=selena_3458556 slurm_job_id=3458556 launched_at=2026-09-17T10:57:27.927781+00:00
[2026-09-17 10:57:27 UTC] evaluate vanilla_univariate CPHL/H/long
    Total instances: 8, Series during experiment: 4, Windows: 2
    Collecting ground truth and context...
    Organizing data into arrays...
    Saved predictions (quantiles) to /fslarge/scratch/users/h61084/codes/selectime/outputs/selectime/chronos_bolt/evaluations/vanilla_univariate/CPHL/H/long/run_0/predictions.npz
    Computing per-window metrics...
    Saved metrics to /fslarge/scratch/users/h61084/codes/selectime/outputs/selectime/chronos_bolt/evaluations/vanilla_univariate/CPHL/H/long/run_0/metrics.npz
    Saved config to /fslarge/scratch/users/h61084/codes/selectime/outputs/selectime/chronos_bolt/evaluations/vanilla_univariate/CPHL/H/long/run_0/config.json
    Saved aggregate metrics to /fslarge/scratch/users/h61084/codes/selectime/outputs/selectime/chronos_bolt/evaluations/vanilla_univariate/CPHL/H/long/run_0/metrics_summary.json
    Metrics summary (averaged over all series/windows/variates):
      MSE: 0.5425
      MAE: 0.4768
      RMSE: 0.6004
      MAPE: 0.5200
      sMAPE: 0.4744
      MASE: 2.1538
      ND: 0.4488
      CRPS: 0.4488
TIME run allocation action=new run=/fslarge/scratch/users/h61084/codes/selectime/outputs/selectime/chronos_bolt/evaluations/top1-horizon-mix/CPHL/H/long/run_0 launch_id=selena_3458556 slurm_job_id=3458556 launched_at=2026-09-17T10:57:28.024058+00:00
[2026-09-17 10:57:28 UTC] evaluate top1-horizon-mix CPHL/H/long
    Total instances: 8, Series during experiment: 4, Windows: 2
    Collecting ground truth and context...
    Organizing data into arrays...
    Saved predictions (quantiles) to /fslarge/scratch/users/h61084/codes/selectime/outputs/selectime/chronos_bolt/evaluations/top1-horizon-mix/CPHL/H/long/run_0/predictions.npz
    Computing per-window metrics...
    Saved metrics to /fslarge/scratch/users/h61084/codes/selectime/outputs/selectime/chronos_bolt/evaluations/top1-horizon-mix/CPHL/H/long/run_0/metrics.npz
    Saved config to /fslarge/scratch/users/h61084/codes/selectime/outputs/selectime/chronos_bolt/evaluations/top1-horizon-mix/CPHL/H/long/run_0/config.json
    Saved aggregate metrics to /fslarge/scratch/users/h61084/codes/selectime/outputs/selectime/chronos_bolt/evaluations/top1-horizon-mix/CPHL/H/long/run_0/metrics_summary.json
    Metrics summary (averaged over all series/windows/variates):
      MSE: 0.5381
      MAE: 0.4733
      RMSE: 0.5901
      MAPE: 0.4985
      sMAPE: 0.4679
      MASE: 2.0915
      ND: 0.4323
      CRPS: 0.4323
TIME run allocation action=new run=/fslarge/scratch/users/h61084/codes/selectime/outputs/selectime/chronos_bolt/evaluations/vanilla_univariate/Coastal_T_S/15T/short/run_0 launch_id=selena_3458556 slurm_job_id=3458556 launched_at=2026-09-17T10:57:28.057311+00:00
[2026-09-17 10:57:28 UTC] evaluate vanilla_univariate Coastal_T_S/15T/short
    Total instances: 1800, Series during experiment: 15, Windows: 120
    Collecting ground truth and context...
    Detected to_univariate case: 15 flat series -> 5 series x 3 variates
    Organizing data into arrays...
    Saved predictions (quantiles) to /fslarge/scratch/users/h61084/codes/selectime/outputs/selectime/chronos_bolt/evaluations/vanilla_univariate/Coastal_T_S/15T/short/run_0/predictions.npz
    Computing per-window metrics...
    Saved metrics to /fslarge/scratch/users/h61084/codes/selectime/outputs/selectime/chronos_bolt/evaluations/vanilla_univariate/Coastal_T_S/15T/short/run_0/metrics.npz
    Saved config to /fslarge/scratch/users/h61084/codes/selectime/outputs/selectime/chronos_bolt/evaluations/vanilla_univariate/Coastal_T_S/15T/short/run_0/config.json
    Saved aggregate metrics to /fslarge/scratch/users/h61084/codes/selectime/outputs/selectime/chronos_bolt/evaluations/vanilla_univariate/Coastal_T_S/15T/short/run_0/metrics_summary.json
    Metrics summary (averaged over all series/windows/variates):
      MSE: 113.6218
      MAE: 4.6778
      RMSE: 4.8684
      MAPE: 0.1344
      sMAPE: 0.1200
      MASE: 1.1376
      ND: 0.1154
      CRPS: 0.1154
TIME run allocation action=new run=/fslarge/scratch/users/h61084/codes/selectime/outputs/selectime/chronos_bolt/evaluations/top1-horizon-mix/Coastal_T_S/15T/short/run_0 launch_id=selena_3458556 slurm_job_id=3458556 launched_at=2026-09-17T10:57:28.413968+00:00
[2026-09-17 10:57:28 UTC] evaluate top1-horizon-mix Coastal_T_S/15T/short
    Total instances: 1800, Series during experiment: 15, Windows: 120
    Collecting ground truth and context...
    Detected to_univariate case: 15 flat series -> 5 series x 3 variates
    Organizing data into arrays...
    Saved predictions (quantiles) to /fslarge/scratch/users/h61084/codes/selectime/outputs/selectime/chronos_bolt/evaluations/top1-horizon-mix/Coastal_T_S/15T/short/run_0/predictions.npz
    Computing per-window metrics...
    Saved metrics to /fslarge/scratch/users/h61084/codes/selectime/outputs/selectime/chronos_bolt/evaluations/top1-horizon-mix/Coastal_T_S/15T/short/run_0/metrics.npz
    Saved config to /fslarge/scratch/users/h61084/codes/selectime/outputs/selectime/chronos_bolt/evaluations/top1-horizon-mix/Coastal_T_S/15T/short/run_0/config.json
    Saved aggregate metrics to /fslarge/scratch/users/h61084/codes/selectime/outputs/selectime/chronos_bolt/evaluations/top1-horizon-mix/Coastal_T_S/15T/short/run_0/metrics_summary.json
    Metrics summary (averaged over all series/windows/variates):
      MSE: 116.6555
      MAE: 4.6902
      RMSE: 4.9356
      MAPE: 0.1376
      sMAPE: 0.1198
      MASE: 1.1456
      ND: 0.1158
      CRPS: 0.1158
TIME run allocation action=new run=/fslarge/scratch/users/h61084/codes/selectime/outputs/selectime/chronos_bolt/evaluations/vanilla_univariate/Coastal_T_S/15T/medium/run_0 launch_id=selena_3458556 slurm_job_id=3458556 launched_at=2026-09-17T10:57:28.706826+00:00
[2026-09-17 10:57:28 UTC] evaluate vanilla_univariate Coastal_T_S/15T/medium
    Total instances: 225, Series during experiment: 15, Windows: 15
    Collecting ground truth and context...
    Detected to_univariate case: 15 flat series -> 5 series x 3 variates
    Organizing data into arrays...
    Saved predictions (quantiles) to /fslarge/scratch/users/h61084/codes/selectime/outputs/selectime/chronos_bolt/evaluations/vanilla_univariate/Coastal_T_S/15T/medium/run_0/predictions.npz
    Computing per-window metrics...
    Saved metrics to /fslarge/scratch/users/h61084/codes/selectime/outputs/selectime/chronos_bolt/evaluations/vanilla_univariate/Coastal_T_S/15T/medium/run_0/metrics.npz
    Saved config to /fslarge/scratch/users/h61084/codes/selectime/outputs/selectime/chronos_bolt/evaluations/vanilla_univariate/Coastal_T_S/15T/medium/run_0/config.json
    Saved aggregate metrics to /fslarge/scratch/users/h61084/codes/selectime/outputs/selectime/chronos_bolt/evaluations/vanilla_univariate/Coastal_T_S/15T/medium/run_0/metrics_summary.json
    Metrics summary (averaged over all series/windows/variates):
      MSE: 111.3977
      MAE: 4.7236
      RMSE: 4.8761
      MAPE: 0.1385
      sMAPE: 0.1215
      MASE: 1.2547
      ND: 0.1153
      CRPS: 0.1153
TIME run allocation action=new run=/fslarge/scratch/users/h61084/codes/selectime/outputs/selectime/chronos_bolt/evaluations/top1-horizon-mix/Coastal_T_S/15T/medium/run_0 launch_id=selena_3458556 slurm_job_id=3458556 launched_at=2026-09-17T10:57:28.850052+00:00
[2026-09-17 10:57:28 UTC] evaluate top1-horizon-mix Coastal_T_S/15T/medium
    Total instances: 225, Series during experiment: 15, Windows: 15
    Collecting ground truth and context...
    Detected to_univariate case: 15 flat series -> 5 series x 3 variates
    Organizing data into arrays...
    Saved predictions (quantiles) to /fslarge/scratch/users/h61084/codes/selectime/outputs/selectime/chronos_bolt/evaluations/top1-horizon-mix/Coastal_T_S/15T/medium/run_0/predictions.npz
    Computing per-window metrics...
    Saved metrics to /fslarge/scratch/users/h61084/codes/selectime/outputs/selectime/chronos_bolt/evaluations/top1-horizon-mix/Coastal_T_S/15T/medium/run_0/metrics.npz
    Saved config to /fslarge/scratch/users/h61084/codes/selectime/outputs/selectime/chronos_bolt/evaluations/top1-horizon-mix/Coastal_T_S/15T/medium/run_0/config.json
    Saved aggregate metrics to /fslarge/scratch/users/h61084/codes/selectime/outputs/selectime/chronos_bolt/evaluations/top1-horizon-mix/Coastal_T_S/15T/medium/run_0/metrics_summary.json
    Metrics summary (averaged over all series/windows/variates):
      MSE: 114.0042
      MAE: 4.7233
      RMSE: 4.9283
      MAPE: 0.1385
      sMAPE: 0.1212
      MASE: 1.2611
      ND: 0.1152
      CRPS: 0.1152
TIME run allocation action=new run=/fslarge/scratch/users/h61084/codes/selectime/outputs/selectime/chronos_bolt/evaluations/vanilla_univariate/Coastal_T_S/15T/long/run_0 launch_id=selena_3458556 slurm_job_id=3458556 launched_at=2026-09-17T10:57:28.928165+00:00
[2026-09-17 10:57:28 UTC] evaluate vanilla_univariate Coastal_T_S/15T/long
    Total instances: 75, Series during experiment: 15, Windows: 5
    Collecting ground truth and context...
    Detected to_univariate case: 15 flat series -> 5 series x 3 variates
    Organizing data into arrays...
    Saved predictions (quantiles) to /fslarge/scratch/users/h61084/codes/selectime/outputs/selectime/chronos_bolt/evaluations/vanilla_univariate/Coastal_T_S/15T/long/run_0/predictions.npz
    Computing per-window metrics...
    Saved metrics to /fslarge/scratch/users/h61084/codes/selectime/outputs/selectime/chronos_bolt/evaluations/vanilla_univariate/Coastal_T_S/15T/long/run_0/metrics.npz
    Saved config to /fslarge/scratch/users/h61084/codes/selectime/outputs/selectime/chronos_bolt/evaluations/vanilla_univariate/Coastal_T_S/15T/long/run_0/config.json
    Saved aggregate metrics to /fslarge/scratch/users/h61084/codes/selectime/outputs/selectime/chronos_bolt/evaluations/vanilla_univariate/Coastal_T_S/15T/long/run_0/metrics_summary.json
    Metrics summary (averaged over all series/windows/variates):
      MSE: 110.1648
      MAE: 4.7410
      RMSE: 4.8775
      MAPE: 0.1414
      sMAPE: 0.1223
      MASE: 1.3759
      ND: 0.1160
      CRPS: 0.1160
TIME run allocation action=new run=/fslarge/scratch/users/h61084/codes/selectime/outputs/selectime/chronos_bolt/evaluations/top1-horizon-mix/Coastal_T_S/15T/long/run_0 launch_id=selena_3458556 slurm_job_id=3458556 launched_at=2026-09-17T10:57:29.049349+00:00
[2026-09-17 10:57:29 UTC] evaluate top1-horizon-mix Coastal_T_S/15T/long
    Total instances: 75, Series during experiment: 15, Windows: 5
    Collecting ground truth and context...
    Detected to_univariate case: 15 flat series -> 5 series x 3 variates
    Organizing data into arrays...
    Saved predictions (quantiles) to /fslarge/scratch/users/h61084/codes/selectime/outputs/selectime/chronos_bolt/evaluations/top1-horizon-mix/Coastal_T_S/15T/long/run_0/predictions.npz
    Computing per-window metrics...
    Saved metrics to /fslarge/scratch/users/h61084/codes/selectime/outputs/selectime/chronos_bolt/evaluations/top1-horizon-mix/Coastal_T_S/15T/long/run_0/metrics.npz
    Saved config to /fslarge/scratch/users/h61084/codes/selectime/outputs/selectime/chronos_bolt/evaluations/top1-horizon-mix/Coastal_T_S/15T/long/run_0/config.json
    Saved aggregate metrics to /fslarge/scratch/users/h61084/codes/selectime/outputs/selectime/chronos_bolt/evaluations/top1-horizon-mix/Coastal_T_S/15T/long/run_0/metrics_summary.json
    Metrics summary (averaged over all series/windows/variates):
      MSE: 117.7156
      MAE: 4.7461
      RMSE: 5.0532
      MAPE: 0.1385
      sMAPE: 0.1221
      MASE: 1.3889
      ND: 0.1162
      CRPS: 0.1162
TIME run allocation action=new run=/fslarge/scratch/users/h61084/codes/selectime/outputs/selectime/chronos_bolt/evaluations/vanilla_univariate/Coastal_T_S/20T/short/run_0 launch_id=selena_3458556 slurm_job_id=3458556 launched_at=2026-09-17T10:57:29.102966+00:00
[2026-09-17 10:57:29 UTC] evaluate vanilla_univariate Coastal_T_S/20T/short
    Total instances: 360, Series during experiment: 3, Windows: 120
    Collecting ground truth and context...
    Detected to_univariate case: 3 flat series -> 1 series x 3 variates
    Organizing data into arrays...
    Saved predictions (quantiles) to /fslarge/scratch/users/h61084/codes/selectime/outputs/selectime/chronos_bolt/evaluations/vanilla_univariate/Coastal_T_S/20T/short/run_0/predictions.npz
    Computing per-window metrics...
    Saved metrics to /fslarge/scratch/users/h61084/codes/selectime/outputs/selectime/chronos_bolt/evaluations/vanilla_univariate/Coastal_T_S/20T/short/run_0/metrics.npz
    Saved config to /fslarge/scratch/users/h61084/codes/selectime/outputs/selectime/chronos_bolt/evaluations/vanilla_univariate/Coastal_T_S/20T/short/run_0/config.json
    Saved aggregate metrics to /fslarge/scratch/users/h61084/codes/selectime/outputs/selectime/chronos_bolt/evaluations/vanilla_univariate/Coastal_T_S/20T/short/run_0/metrics_summary.json
    Metrics summary (averaged over all series/windows/variates):
      MSE: 0.0147
      MAE: 0.0821
      RMSE: 0.0951
      MAPE: 0.0035
      sMAPE: 0.0035
      MASE: 0.6112
      ND: 0.0035
      CRPS: 0.0035
TIME run allocation action=new run=/fslarge/scratch/users/h61084/codes/selectime/outputs/selectime/chronos_bolt/evaluations/top1-horizon-mix/Coastal_T_S/20T/short/run_0 launch_id=selena_3458556 slurm_job_id=3458556 launched_at=2026-09-17T10:57:29.230459+00:00
[2026-09-17 10:57:29 UTC] evaluate top1-horizon-mix Coastal_T_S/20T/short
    Total instances: 360, Series during experiment: 3, Windows: 120
    Collecting ground truth and context...
    Detected to_univariate case: 3 flat series -> 1 series x 3 variates
    Organizing data into arrays...
    Saved predictions (quantiles) to /fslarge/scratch/users/h61084/codes/selectime/outputs/selectime/chronos_bolt/evaluations/top1-horizon-mix/Coastal_T_S/20T/short/run_0/predictions.npz
    Computing per-window metrics...
    Saved metrics to /fslarge/scratch/users/h61084/codes/selectime/outputs/selectime/chronos_bolt/evaluations/top1-horizon-mix/Coastal_T_S/20T/short/run_0/metrics.npz
    Saved config to /fslarge/scratch/users/h61084/codes/selectime/outputs/selectime/chronos_bolt/evaluations/top1-horizon-mix/Coastal_T_S/20T/short/run_0/config.json
    Saved aggregate metrics to /fslarge/scratch/users/h61084/codes/selectime/outputs/selectime/chronos_bolt/evaluations/top1-horizon-mix/Coastal_T_S/20T/short/run_0/metrics_summary.json
    Metrics summary (averaged over all series/windows/variates):
      MSE: 0.0147
      MAE: 0.0821
      RMSE: 0.0951
      MAPE: 0.0035
      sMAPE: 0.0035
      MASE: 0.6112
      ND: 0.0035
      CRPS: 0.0035
TIME run allocation action=new run=/fslarge/scratch/users/h61084/codes/selectime/outputs/selectime/chronos_bolt/evaluations/vanilla_univariate/Coastal_T_S/20T/medium/run_0 launch_id=selena_3458556 slurm_job_id=3458556 launched_at=2026-09-17T10:57:29.292486+00:00
[2026-09-17 10:57:29 UTC] evaluate vanilla_univariate Coastal_T_S/20T/medium
    Total instances: 45, Series during experiment: 3, Windows: 15
    Collecting ground truth and context...
    Detected to_univariate case: 3 flat series -> 1 series x 3 variates
    Organizing data into arrays...
    Saved predictions (quantiles) to /fslarge/scratch/users/h61084/codes/selectime/outputs/selectime/chronos_bolt/evaluations/vanilla_univariate/Coastal_T_S/20T/medium/run_0/predictions.npz
    Computing per-window metrics...
    Saved metrics to /fslarge/scratch/users/h61084/codes/selectime/outputs/selectime/chronos_bolt/evaluations/vanilla_univariate/Coastal_T_S/20T/medium/run_0/metrics.npz
    Saved config to /fslarge/scratch/users/h61084/codes/selectime/outputs/selectime/chronos_bolt/evaluations/vanilla_univariate/Coastal_T_S/20T/medium/run_0/config.json
    Saved aggregate metrics to /fslarge/scratch/users/h61084/codes/selectime/outputs/selectime/chronos_bolt/evaluations/vanilla_univariate/Coastal_T_S/20T/medium/run_0/metrics_summary.json
    Metrics summary (averaged over all series/windows/variates):
      MSE: 0.1288
      MAE: 0.2530
      RMSE: 0.3104
      MAPE: 0.0115
      sMAPE: 0.0114
      MASE: 1.7548
      ND: 0.0114
      CRPS: 0.0114
TIME run allocation action=new run=/fslarge/scratch/users/h61084/codes/selectime/outputs/selectime/chronos_bolt/evaluations/top1-horizon-mix/Coastal_T_S/20T/medium/run_0 launch_id=selena_3458556 slurm_job_id=3458556 launched_at=2026-09-17T10:57:29.392117+00:00
[2026-09-17 10:57:29 UTC] evaluate top1-horizon-mix Coastal_T_S/20T/medium
    Total instances: 45, Series during experiment: 3, Windows: 15
    Collecting ground truth and context...
    Detected to_univariate case: 3 flat series -> 1 series x 3 variates
    Organizing data into arrays...
    Saved predictions (quantiles) to /fslarge/scratch/users/h61084/codes/selectime/outputs/selectime/chronos_bolt/evaluations/top1-horizon-mix/Coastal_T_S/20T/medium/run_0/predictions.npz
    Computing per-window metrics...
    Saved metrics to /fslarge/scratch/users/h61084/codes/selectime/outputs/selectime/chronos_bolt/evaluations/top1-horizon-mix/Coastal_T_S/20T/medium/run_0/metrics.npz
    Saved config to /fslarge/scratch/users/h61084/codes/selectime/outputs/selectime/chronos_bolt/evaluations/top1-horizon-mix/Coastal_T_S/20T/medium/run_0/config.json
    Saved aggregate metrics to /fslarge/scratch/users/h61084/codes/selectime/outputs/selectime/chronos_bolt/evaluations/top1-horizon-mix/Coastal_T_S/20T/medium/run_0/metrics_summary.json
    Metrics summary (averaged over all series/windows/variates):
      MSE: 0.0623
      MAE: 0.1886
      RMSE: 0.2267
      MAPE: 0.0081
      sMAPE: 0.0081
      MASE: 1.3985
      ND: 0.0081
      CRPS: 0.0081
TIME run allocation action=new run=/fslarge/scratch/users/h61084/codes/selectime/outputs/selectime/chronos_bolt/evaluations/vanilla_univariate/Coastal_T_S/20T/long/run_0 launch_id=selena_3458556 slurm_job_id=3458556 launched_at=2026-09-17T10:57:29.425395+00:00
[2026-09-17 10:57:29 UTC] evaluate vanilla_univariate Coastal_T_S/20T/long
    Total instances: 15, Series during experiment: 3, Windows: 5
    Collecting ground truth and context...
    Detected to_univariate case: 3 flat series -> 1 series x 3 variates
    Organizing data into arrays...
    Saved predictions (quantiles) to /fslarge/scratch/users/h61084/codes/selectime/outputs/selectime/chronos_bolt/evaluations/vanilla_univariate/Coastal_T_S/20T/long/run_0/predictions.npz
    Computing per-window metrics...
    Saved metrics to /fslarge/scratch/users/h61084/codes/selectime/outputs/selectime/chronos_bolt/evaluations/vanilla_univariate/Coastal_T_S/20T/long/run_0/metrics.npz
    Saved config to /fslarge/scratch/users/h61084/codes/selectime/outputs/selectime/chronos_bolt/evaluations/vanilla_univariate/Coastal_T_S/20T/long/run_0/config.json
    Saved aggregate metrics to /fslarge/scratch/users/h61084/codes/selectime/outputs/selectime/chronos_bolt/evaluations/vanilla_univariate/Coastal_T_S/20T/long/run_0/metrics_summary.json
    Metrics summary (averaged over all series/windows/variates):
      MSE: 0.2062
      MAE: 0.3311
      RMSE: 0.4023
      MAPE: 0.0147
      sMAPE: 0.0147
      MASE: 2.3705
      ND: 0.0147
      CRPS: 0.0147
TIME run allocation action=new run=/fslarge/scratch/users/h61084/codes/selectime/outputs/selectime/chronos_bolt/evaluations/top1-horizon-mix/Coastal_T_S/20T/long/run_0 launch_id=selena_3458556 slurm_job_id=3458556 launched_at=2026-09-17T10:57:29.522427+00:00
[2026-09-17 10:57:29 UTC] evaluate top1-horizon-mix Coastal_T_S/20T/long
    Total instances: 15, Series during experiment: 3, Windows: 5
    Collecting ground truth and context...
    Detected to_univariate case: 3 flat series -> 1 series x 3 variates
    Organizing data into arrays...
    Saved predictions (quantiles) to /fslarge/scratch/users/h61084/codes/selectime/outputs/selectime/chronos_bolt/evaluations/top1-horizon-mix/Coastal_T_S/20T/long/run_0/predictions.npz
    Computing per-window metrics...
    Saved metrics to /fslarge/scratch/users/h61084/codes/selectime/outputs/selectime/chronos_bolt/evaluations/top1-horizon-mix/Coastal_T_S/20T/long/run_0/metrics.npz
    Saved config to /fslarge/scratch/users/h61084/codes/selectime/outputs/selectime/chronos_bolt/evaluations/top1-horizon-mix/Coastal_T_S/20T/long/run_0/config.json
    Saved aggregate metrics to /fslarge/scratch/users/h61084/codes/selectime/outputs/selectime/chronos_bolt/evaluations/top1-horizon-mix/Coastal_T_S/20T/long/run_0/metrics_summary.json
    Metrics summary (averaged over all series/windows/variates):
      MSE: 0.1024
      MAE: 0.2381
      RMSE: 0.2933
      MAPE: 0.0101
      sMAPE: 0.0101
      MASE: 1.7967
      ND: 0.0101
      CRPS: 0.0101
TIME run allocation action=new run=/fslarge/scratch/users/h61084/codes/selectime/outputs/selectime/chronos_bolt/evaluations/vanilla_univariate/Coastal_T_S/H/short/run_0 launch_id=selena_3458556 slurm_job_id=3458556 launched_at=2026-09-17T10:57:29.554129+00:00
[2026-09-17 10:57:29 UTC] evaluate vanilla_univariate Coastal_T_S/H/short
    Total instances: 2016, Series during experiment: 72, Windows: 28
    Collecting ground truth and context...
    Detected to_univariate case: 72 flat series -> 24 series x 3 variates
    Organizing data into arrays...
    Saved predictions (quantiles) to /fslarge/scratch/users/h61084/codes/selectime/outputs/selectime/chronos_bolt/evaluations/vanilla_univariate/Coastal_T_S/H/short/run_0/predictions.npz
    Computing per-window metrics...
    Saved metrics to /fslarge/scratch/users/h61084/codes/selectime/outputs/selectime/chronos_bolt/evaluations/vanilla_univariate/Coastal_T_S/H/short/run_0/metrics.npz
    Saved config to /fslarge/scratch/users/h61084/codes/selectime/outputs/selectime/chronos_bolt/evaluations/vanilla_univariate/Coastal_T_S/H/short/run_0/config.json
    Saved aggregate metrics to /fslarge/scratch/users/h61084/codes/selectime/outputs/selectime/chronos_bolt/evaluations/vanilla_univariate/Coastal_T_S/H/short/run_0/metrics_summary.json
    Metrics summary (averaged over all series/windows/variates):
      MSE: 15.3482
      MAE: 1.1244
      RMSE: 1.3869
      MAPE: 0.0307
      sMAPE: 0.0289
      MASE: 0.9819
      ND: 0.0285
      CRPS: 0.0285
TIME run allocation action=new run=/fslarge/scratch/users/h61084/codes/selectime/outputs/selectime/chronos_bolt/evaluations/top1-horizon-mix/Coastal_T_S/H/short/run_0 launch_id=selena_3458556 slurm_job_id=3458556 launched_at=2026-09-17T10:57:29.855021+00:00
[2026-09-17 10:57:29 UTC] evaluate top1-horizon-mix Coastal_T_S/H/short
    Total instances: 2016, Series during experiment: 72, Windows: 28
    Collecting ground truth and context...
    Detected to_univariate case: 72 flat series -> 24 series x 3 variates
    Organizing data into arrays...
    Saved predictions (quantiles) to /fslarge/scratch/users/h61084/codes/selectime/outputs/selectime/chronos_bolt/evaluations/top1-horizon-mix/Coastal_T_S/H/short/run_0/predictions.npz
    Computing per-window metrics...
    Saved metrics to /fslarge/scratch/users/h61084/codes/selectime/outputs/selectime/chronos_bolt/evaluations/top1-horizon-mix/Coastal_T_S/H/short/run_0/metrics.npz
    Saved config to /fslarge/scratch/users/h61084/codes/selectime/outputs/selectime/chronos_bolt/evaluations/top1-horizon-mix/Coastal_T_S/H/short/run_0/config.json
    Saved aggregate metrics to /fslarge/scratch/users/h61084/codes/selectime/outputs/selectime/chronos_bolt/evaluations/top1-horizon-mix/Coastal_T_S/H/short/run_0/metrics_summary.json
    Metrics summary (averaged over all series/windows/variates):
      MSE: 16.1254
      MAE: 1.1597
      RMSE: 1.4144
      MAPE: 0.0316
      sMAPE: 0.0298
      MASE: 0.9876
      ND: 0.0294
      CRPS: 0.0294
TIME run allocation action=new run=/fslarge/scratch/users/h61084/codes/selectime/outputs/selectime/chronos_bolt/evaluations/vanilla_univariate/Coastal_T_S/H/medium/run_0 launch_id=selena_3458556 slurm_job_id=3458556 launched_at=2026-09-17T10:57:30.086080+00:00
[2026-09-17 10:57:30 UTC] evaluate vanilla_univariate Coastal_T_S/H/medium
    Total instances: 288, Series during experiment: 72, Windows: 4
    Collecting ground truth and context...
    Detected to_univariate case: 72 flat series -> 24 series x 3 variates
    Organizing data into arrays...
    Saved predictions (quantiles) to /fslarge/scratch/users/h61084/codes/selectime/outputs/selectime/chronos_bolt/evaluations/vanilla_univariate/Coastal_T_S/H/medium/run_0/predictions.npz
    Computing per-window metrics...
    Saved metrics to /fslarge/scratch/users/h61084/codes/selectime/outputs/selectime/chronos_bolt/evaluations/vanilla_univariate/Coastal_T_S/H/medium/run_0/metrics.npz
    Saved config to /fslarge/scratch/users/h61084/codes/selectime/outputs/selectime/chronos_bolt/evaluations/vanilla_univariate/Coastal_T_S/H/medium/run_0/config.json
    Saved aggregate metrics to /fslarge/scratch/users/h61084/codes/selectime/outputs/selectime/chronos_bolt/evaluations/vanilla_univariate/Coastal_T_S/H/medium/run_0/metrics_summary.json
    Metrics summary (averaged over all series/windows/variates):
      MSE: 21.9113
      MAE: 1.4095
      RMSE: 1.7617
      MAPE: 0.0429
      sMAPE: 0.0380
      MASE: 1.7441
      ND: 0.0406
      CRPS: 0.0406
TIME run allocation action=new run=/fslarge/scratch/users/h61084/codes/selectime/outputs/selectime/chronos_bolt/evaluations/top1-horizon-mix/Coastal_T_S/H/medium/run_0 launch_id=selena_3458556 slurm_job_id=3458556 launched_at=2026-09-17T10:57:30.228685+00:00
[2026-09-17 10:57:30 UTC] evaluate top1-horizon-mix Coastal_T_S/H/medium
    Total instances: 288, Series during experiment: 72, Windows: 4
    Collecting ground truth and context...
    Detected to_univariate case: 72 flat series -> 24 series x 3 variates
    Organizing data into arrays...
    Saved predictions (quantiles) to /fslarge/scratch/users/h61084/codes/selectime/outputs/selectime/chronos_bolt/evaluations/top1-horizon-mix/Coastal_T_S/H/medium/run_0/predictions.npz
    Computing per-window metrics...
    Saved metrics to /fslarge/scratch/users/h61084/codes/selectime/outputs/selectime/chronos_bolt/evaluations/top1-horizon-mix/Coastal_T_S/H/medium/run_0/metrics.npz
    Saved config to /fslarge/scratch/users/h61084/codes/selectime/outputs/selectime/chronos_bolt/evaluations/top1-horizon-mix/Coastal_T_S/H/medium/run_0/config.json
    Saved aggregate metrics to /fslarge/scratch/users/h61084/codes/selectime/outputs/selectime/chronos_bolt/evaluations/top1-horizon-mix/Coastal_T_S/H/medium/run_0/metrics_summary.json
    Metrics summary (averaged over all series/windows/variates):
      MSE: 72.6305
      MAE: 1.9302
      RMSE: 2.3922
      MAPE: 0.0651
      sMAPE: 0.0469
      MASE: 2.0488
      ND: 0.0619
      CRPS: 0.0619
TIME run allocation action=new run=/fslarge/scratch/users/h61084/codes/selectime/outputs/selectime/chronos_bolt/evaluations/vanilla_univariate/Coastal_T_S/H/long/run_0 launch_id=selena_3458556 slurm_job_id=3458556 launched_at=2026-09-17T10:57:30.304828+00:00
[2026-09-17 10:57:30 UTC] evaluate vanilla_univariate Coastal_T_S/H/long
    Total instances: 144, Series during experiment: 72, Windows: 2
    Collecting ground truth and context...
    Detected to_univariate case: 72 flat series -> 24 series x 3 variates
    Organizing data into arrays...
    Saved predictions (quantiles) to /fslarge/scratch/users/h61084/codes/selectime/outputs/selectime/chronos_bolt/evaluations/vanilla_univariate/Coastal_T_S/H/long/run_0/predictions.npz
    Computing per-window metrics...
    Saved metrics to /fslarge/scratch/users/h61084/codes/selectime/outputs/selectime/chronos_bolt/evaluations/vanilla_univariate/Coastal_T_S/H/long/run_0/metrics.npz
    Saved config to /fslarge/scratch/users/h61084/codes/selectime/outputs/selectime/chronos_bolt/evaluations/vanilla_univariate/Coastal_T_S/H/long/run_0/config.json
    Saved aggregate metrics to /fslarge/scratch/users/h61084/codes/selectime/outputs/selectime/chronos_bolt/evaluations/vanilla_univariate/Coastal_T_S/H/long/run_0/metrics_summary.json
    Metrics summary (averaged over all series/windows/variates):
      MSE: 22.8227
      MAE: 1.5095
      RMSE: 1.9304
      MAPE: 0.0476
      sMAPE: 0.0428
      MASE: 2.4030
      ND: 0.0428
      CRPS: 0.0428
TIME run allocation action=new run=/fslarge/scratch/users/h61084/codes/selectime/outputs/selectime/chronos_bolt/evaluations/top1-horizon-mix/Coastal_T_S/H/long/run_0 launch_id=selena_3458556 slurm_job_id=3458556 launched_at=2026-09-17T10:57:30.434653+00:00
[2026-09-17 10:57:30 UTC] evaluate top1-horizon-mix Coastal_T_S/H/long
    Total instances: 144, Series during experiment: 72, Windows: 2
    Collecting ground truth and context...
    Detected to_univariate case: 72 flat series -> 24 series x 3 variates
    Organizing data into arrays...
    Saved predictions (quantiles) to /fslarge/scratch/users/h61084/codes/selectime/outputs/selectime/chronos_bolt/evaluations/top1-horizon-mix/Coastal_T_S/H/long/run_0/predictions.npz
    Computing per-window metrics...
    Saved metrics to /fslarge/scratch/users/h61084/codes/selectime/outputs/selectime/chronos_bolt/evaluations/top1-horizon-mix/Coastal_T_S/H/long/run_0/metrics.npz
    Saved config to /fslarge/scratch/users/h61084/codes/selectime/outputs/selectime/chronos_bolt/evaluations/top1-horizon-mix/Coastal_T_S/H/long/run_0/config.json
    Saved aggregate metrics to /fslarge/scratch/users/h61084/codes/selectime/outputs/selectime/chronos_bolt/evaluations/top1-horizon-mix/Coastal_T_S/H/long/run_0/metrics_summary.json
    Metrics summary (averaged over all series/windows/variates):
      MSE: 30.3361
      MAE: 1.7133
      RMSE: 2.1309
      MAPE: 0.0547
      sMAPE: 0.0472
      MASE: 2.5099
      ND: 0.0487
      CRPS: 0.0487
TIME run allocation action=new run=/fslarge/scratch/users/h61084/codes/selectime/outputs/selectime/chronos_bolt/evaluations/vanilla_univariate/SG_Weather/D/short/run_0 launch_id=selena_3458556 slurm_job_id=3458556 launched_at=2026-09-17T10:57:30.497640+00:00
[2026-09-17 10:57:30 UTC] evaluate vanilla_univariate SG_Weather/D/short
    Total instances: 2928, Series during experiment: 24, Windows: 122
    Collecting ground truth and context...
    Detected to_univariate case: 24 flat series -> 6 series x 4 variates
    Organizing data into arrays...
    Saved predictions (quantiles) to /fslarge/scratch/users/h61084/codes/selectime/outputs/selectime/chronos_bolt/evaluations/vanilla_univariate/SG_Weather/D/short/run_0/predictions.npz
    Computing per-window metrics...
    Saved metrics to /fslarge/scratch/users/h61084/codes/selectime/outputs/selectime/chronos_bolt/evaluations/vanilla_univariate/SG_Weather/D/short/run_0/metrics.npz
    Saved config to /fslarge/scratch/users/h61084/codes/selectime/outputs/selectime/chronos_bolt/evaluations/vanilla_univariate/SG_Weather/D/short/run_0/config.json
    Saved aggregate metrics to /fslarge/scratch/users/h61084/codes/selectime/outputs/selectime/chronos_bolt/evaluations/vanilla_univariate/SG_Weather/D/short/run_0/metrics_summary.json
    Metrics summary (averaged over all series/windows/variates):
      MSE: 2187.5583
      MAE: 17.8336
      RMSE: 20.5050
      MAPE: 0.3912
      sMAPE: 0.2273
      MASE: 0.8705
      ND: 0.2521
      CRPS: 0.2521
TIME run allocation action=new run=/fslarge/scratch/users/h61084/codes/selectime/outputs/selectime/chronos_bolt/evaluations/top1-horizon-mix/SG_Weather/D/short/run_0 launch_id=selena_3458556 slurm_job_id=3458556 launched_at=2026-09-17T10:57:30.806975+00:00
[2026-09-17 10:57:30 UTC] evaluate top1-horizon-mix SG_Weather/D/short
    Total instances: 2928, Series during experiment: 24, Windows: 122
    Collecting ground truth and context...
    Detected to_univariate case: 24 flat series -> 6 series x 4 variates
    Organizing data into arrays...
    Saved predictions (quantiles) to /fslarge/scratch/users/h61084/codes/selectime/outputs/selectime/chronos_bolt/evaluations/top1-horizon-mix/SG_Weather/D/short/run_0/predictions.npz
    Computing per-window metrics...
    Saved metrics to /fslarge/scratch/users/h61084/codes/selectime/outputs/selectime/chronos_bolt/evaluations/top1-horizon-mix/SG_Weather/D/short/run_0/metrics.npz
    Saved config to /fslarge/scratch/users/h61084/codes/selectime/outputs/selectime/chronos_bolt/evaluations/top1-horizon-mix/SG_Weather/D/short/run_0/config.json
    Saved aggregate metrics to /fslarge/scratch/users/h61084/codes/selectime/outputs/selectime/chronos_bolt/evaluations/top1-horizon-mix/SG_Weather/D/short/run_0/metrics_summary.json
    Metrics summary (averaged over all series/windows/variates):
      MSE: 2187.5583
      MAE: 17.8336
      RMSE: 20.5050
      MAPE: 0.3912
      sMAPE: 0.2273
      MASE: 0.8705
      ND: 0.2521
      CRPS: 0.2521
TIME run allocation action=new run=/fslarge/scratch/users/h61084/codes/selectime/outputs/selectime/chronos_bolt/evaluations/vanilla_univariate/SG_Weather/D/medium/run_0 launch_id=selena_3458556 slurm_job_id=3458556 launched_at=2026-09-17T10:57:31.050250+00:00
[2026-09-17 10:57:31 UTC] evaluate vanilla_univariate SG_Weather/D/medium
    Total instances: 1248, Series during experiment: 24, Windows: 52
    Collecting ground truth and context...
    Detected to_univariate case: 24 flat series -> 6 series x 4 variates
    Organizing data into arrays...
    Saved predictions (quantiles) to /fslarge/scratch/users/h61084/codes/selectime/outputs/selectime/chronos_bolt/evaluations/vanilla_univariate/SG_Weather/D/medium/run_0/predictions.npz
    Computing per-window metrics...
    Saved metrics to /fslarge/scratch/users/h61084/codes/selectime/outputs/selectime/chronos_bolt/evaluations/vanilla_univariate/SG_Weather/D/medium/run_0/metrics.npz
    Saved config to /fslarge/scratch/users/h61084/codes/selectime/outputs/selectime/chronos_bolt/evaluations/vanilla_univariate/SG_Weather/D/medium/run_0/config.json
    Saved aggregate metrics to /fslarge/scratch/users/h61084/codes/selectime/outputs/selectime/chronos_bolt/evaluations/vanilla_univariate/SG_Weather/D/medium/run_0/metrics_summary.json
    Metrics summary (averaged over all series/windows/variates):
      MSE: 2264.9417
      MAE: 18.3903
      RMSE: 22.3920
      MAPE: 0.3959
      sMAPE: 0.2331
      MASE: 0.9120
      ND: 0.2322
      CRPS: 0.2322
TIME run allocation action=new run=/fslarge/scratch/users/h61084/codes/selectime/outputs/selectime/chronos_bolt/evaluations/top1-horizon-mix/SG_Weather/D/medium/run_0 launch_id=selena_3458556 slurm_job_id=3458556 launched_at=2026-09-17T10:57:31.237294+00:00
[2026-09-17 10:57:31 UTC] evaluate top1-horizon-mix SG_Weather/D/medium
    Total instances: 1248, Series during experiment: 24, Windows: 52
    Collecting ground truth and context...
    Detected to_univariate case: 24 flat series -> 6 series x 4 variates
    Organizing data into arrays...
    Saved predictions (quantiles) to /fslarge/scratch/users/h61084/codes/selectime/outputs/selectime/chronos_bolt/evaluations/top1-horizon-mix/SG_Weather/D/medium/run_0/predictions.npz
    Computing per-window metrics...
    Saved metrics to /fslarge/scratch/users/h61084/codes/selectime/outputs/selectime/chronos_bolt/evaluations/top1-horizon-mix/SG_Weather/D/medium/run_0/metrics.npz
    Saved config to /fslarge/scratch/users/h61084/codes/selectime/outputs/selectime/chronos_bolt/evaluations/top1-horizon-mix/SG_Weather/D/medium/run_0/config.json
    Saved aggregate metrics to /fslarge/scratch/users/h61084/codes/selectime/outputs/selectime/chronos_bolt/evaluations/top1-horizon-mix/SG_Weather/D/medium/run_0/metrics_summary.json
    Metrics summary (averaged over all series/windows/variates):
      MSE: 2444.3143
      MAE: 19.1457
      RMSE: 23.2442
      MAPE: 0.4263
      sMAPE: 0.2438
      MASE: 0.9717
      ND: 0.2469
      CRPS: 0.2469
TIME run allocation action=new run=/fslarge/scratch/users/h61084/codes/selectime/outputs/selectime/chronos_bolt/evaluations/vanilla_univariate/SG_Weather/D/long/run_0 launch_id=selena_3458556 slurm_job_id=3458556 launched_at=2026-09-17T10:57:31.356397+00:00
[2026-09-17 10:57:31 UTC] evaluate vanilla_univariate SG_Weather/D/long
    Total instances: 624, Series during experiment: 24, Windows: 26
    Collecting ground truth and context...
    Detected to_univariate case: 24 flat series -> 6 series x 4 variates
    Organizing data into arrays...
    Saved predictions (quantiles) to /fslarge/scratch/users/h61084/codes/selectime/outputs/selectime/chronos_bolt/evaluations/vanilla_univariate/SG_Weather/D/long/run_0/predictions.npz
    Computing per-window metrics...
    Saved metrics to /fslarge/scratch/users/h61084/codes/selectime/outputs/selectime/chronos_bolt/evaluations/vanilla_univariate/SG_Weather/D/long/run_0/metrics.npz
    Saved config to /fslarge/scratch/users/h61084/codes/selectime/outputs/selectime/chronos_bolt/evaluations/vanilla_univariate/SG_Weather/D/long/run_0/config.json
    Saved aggregate metrics to /fslarge/scratch/users/h61084/codes/selectime/outputs/selectime/chronos_bolt/evaluations/vanilla_univariate/SG_Weather/D/long/run_0/metrics_summary.json
    Metrics summary (averaged over all series/windows/variates):
      MSE: 2282.6128
      MAE: 18.5438
      RMSE: 23.2289
      MAPE: 0.4004
      sMAPE: 0.2365
      MASE: 0.9297
      ND: 0.2298
      CRPS: 0.2298
TIME run allocation action=new run=/fslarge/scratch/users/h61084/codes/selectime/outputs/selectime/chronos_bolt/evaluations/top1-horizon-mix/SG_Weather/D/long/run_0 launch_id=selena_3458556 slurm_job_id=3458556 launched_at=2026-09-17T10:57:31.500549+00:00
[2026-09-17 10:57:31 UTC] evaluate top1-horizon-mix SG_Weather/D/long
    Total instances: 624, Series during experiment: 24, Windows: 26
    Collecting ground truth and context...
    Detected to_univariate case: 24 flat series -> 6 series x 4 variates
    Organizing data into arrays...
    Saved predictions (quantiles) to /fslarge/scratch/users/h61084/codes/selectime/outputs/selectime/chronos_bolt/evaluations/top1-horizon-mix/SG_Weather/D/long/run_0/predictions.npz
    Computing per-window metrics...
    Saved metrics to /fslarge/scratch/users/h61084/codes/selectime/outputs/selectime/chronos_bolt/evaluations/top1-horizon-mix/SG_Weather/D/long/run_0/metrics.npz
    Saved config to /fslarge/scratch/users/h61084/codes/selectime/outputs/selectime/chronos_bolt/evaluations/top1-horizon-mix/SG_Weather/D/long/run_0/config.json
    Saved aggregate metrics to /fslarge/scratch/users/h61084/codes/selectime/outputs/selectime/chronos_bolt/evaluations/top1-horizon-mix/SG_Weather/D/long/run_0/metrics_summary.json
    Metrics summary (averaged over all series/windows/variates):
      MSE: 2296.5280
      MAE: 18.7466
      RMSE: 23.3748
      MAPE: 0.4205
      sMAPE: 0.2407
      MASE: 0.9589
      ND: 0.2394
      CRPS: 0.2394
TIME run allocation action=new run=/fslarge/scratch/users/h61084/codes/selectime/outputs/selectime/chronos_bolt/evaluations/vanilla_univariate/SG_PM25/H/short/run_0 launch_id=selena_3458556 slurm_job_id=3458556 launched_at=2026-09-17T10:57:31.589668+00:00
[2026-09-17 10:57:31 UTC] evaluate vanilla_univariate SG_PM25/H/short
    Total instances: 460, Series during experiment: 5, Windows: 92
    Collecting ground truth and context...
    Detected to_univariate case: 5 flat series -> 1 series x 5 variates
    Organizing data into arrays...
    Saved predictions (quantiles) to /fslarge/scratch/users/h61084/codes/selectime/outputs/selectime/chronos_bolt/evaluations/vanilla_univariate/SG_PM25/H/short/run_0/predictions.npz
    Computing per-window metrics...
    Saved metrics to /fslarge/scratch/users/h61084/codes/selectime/outputs/selectime/chronos_bolt/evaluations/vanilla_univariate/SG_PM25/H/short/run_0/metrics.npz
    Saved config to /fslarge/scratch/users/h61084/codes/selectime/outputs/selectime/chronos_bolt/evaluations/vanilla_univariate/SG_PM25/H/short/run_0/config.json
    Saved aggregate metrics to /fslarge/scratch/users/h61084/codes/selectime/outputs/selectime/chronos_bolt/evaluations/vanilla_univariate/SG_PM25/H/short/run_0/metrics_summary.json
    Metrics summary (averaged over all series/windows/variates):
      MSE: 44.0598
      MAE: 4.7375
      RMSE: 5.8469
      MAPE: 0.5007
      sMAPE: 0.4009
      MASE: 0.9001
      ND: 0.4028
      CRPS: 0.4028
TIME run allocation action=new run=/fslarge/scratch/users/h61084/codes/selectime/outputs/selectime/chronos_bolt/evaluations/top1-horizon-mix/SG_PM25/H/short/run_0 launch_id=selena_3458556 slurm_job_id=3458556 launched_at=2026-09-17T10:57:31.780640+00:00
[2026-09-17 10:57:31 UTC] evaluate top1-horizon-mix SG_PM25/H/short
    Total instances: 460, Series during experiment: 5, Windows: 92
    Collecting ground truth and context...
    Detected to_univariate case: 5 flat series -> 1 series x 5 variates
    Organizing data into arrays...
    Saved predictions (quantiles) to /fslarge/scratch/users/h61084/codes/selectime/outputs/selectime/chronos_bolt/evaluations/top1-horizon-mix/SG_PM25/H/short/run_0/predictions.npz
    Computing per-window metrics...
    Saved metrics to /fslarge/scratch/users/h61084/codes/selectime/outputs/selectime/chronos_bolt/evaluations/top1-horizon-mix/SG_PM25/H/short/run_0/metrics.npz
    Saved config to /fslarge/scratch/users/h61084/codes/selectime/outputs/selectime/chronos_bolt/evaluations/top1-horizon-mix/SG_PM25/H/short/run_0/config.json
    Saved aggregate metrics to /fslarge/scratch/users/h61084/codes/selectime/outputs/selectime/chronos_bolt/evaluations/top1-horizon-mix/SG_PM25/H/short/run_0/metrics_summary.json
    Metrics summary (averaged over all series/windows/variates):
      MSE: 43.6232
      MAE: 4.7394
      RMSE: 5.8394
      MAPE: 0.5053
      sMAPE: 0.4014
      MASE: 0.9010
      ND: 0.4038
      CRPS: 0.4038
TIME run allocation action=new run=/fslarge/scratch/users/h61084/codes/selectime/outputs/selectime/chronos_bolt/evaluations/vanilla_univariate/SG_PM25/H/medium/run_0 launch_id=selena_3458556 slurm_job_id=3458556 launched_at=2026-09-17T10:57:31.916020+00:00
[2026-09-17 10:57:31 UTC] evaluate vanilla_univariate SG_PM25/H/medium
    Total instances: 150, Series during experiment: 5, Windows: 30
    Collecting ground truth and context...
    Detected to_univariate case: 5 flat series -> 1 series x 5 variates
    Organizing data into arrays...
    Saved predictions (quantiles) to /fslarge/scratch/users/h61084/codes/selectime/outputs/selectime/chronos_bolt/evaluations/vanilla_univariate/SG_PM25/H/medium/run_0/predictions.npz
    Computing per-window metrics...
    Saved metrics to /fslarge/scratch/users/h61084/codes/selectime/outputs/selectime/chronos_bolt/evaluations/vanilla_univariate/SG_PM25/H/medium/run_0/metrics.npz
    Saved config to /fslarge/scratch/users/h61084/codes/selectime/outputs/selectime/chronos_bolt/evaluations/vanilla_univariate/SG_PM25/H/medium/run_0/config.json
    Saved aggregate metrics to /fslarge/scratch/users/h61084/codes/selectime/outputs/selectime/chronos_bolt/evaluations/vanilla_univariate/SG_PM25/H/medium/run_0/metrics_summary.json
    Metrics summary (averaged over all series/windows/variates):
      MSE: 51.6239
      MAE: 5.1286
      RMSE: 6.5366
      MAPE: 0.5289
      sMAPE: 0.4297
      MASE: 0.9730
      ND: 0.4202
      CRPS: 0.4202
TIME run allocation action=new run=/fslarge/scratch/users/h61084/codes/selectime/outputs/selectime/chronos_bolt/evaluations/top1-horizon-mix/SG_PM25/H/medium/run_0 launch_id=selena_3458556 slurm_job_id=3458556 launched_at=2026-09-17T10:57:32.050035+00:00
[2026-09-17 10:57:32 UTC] evaluate top1-horizon-mix SG_PM25/H/medium
    Total instances: 150, Series during experiment: 5, Windows: 30
    Collecting ground truth and context...
    Detected to_univariate case: 5 flat series -> 1 series x 5 variates
    Organizing data into arrays...
    Saved predictions (quantiles) to /fslarge/scratch/users/h61084/codes/selectime/outputs/selectime/chronos_bolt/evaluations/top1-horizon-mix/SG_PM25/H/medium/run_0/predictions.npz
    Computing per-window metrics...
    Saved metrics to /fslarge/scratch/users/h61084/codes/selectime/outputs/selectime/chronos_bolt/evaluations/top1-horizon-mix/SG_PM25/H/medium/run_0/metrics.npz
    Saved config to /fslarge/scratch/users/h61084/codes/selectime/outputs/selectime/chronos_bolt/evaluations/top1-horizon-mix/SG_PM25/H/medium/run_0/config.json
    Saved aggregate metrics to /fslarge/scratch/users/h61084/codes/selectime/outputs/selectime/chronos_bolt/evaluations/top1-horizon-mix/SG_PM25/H/medium/run_0/metrics_summary.json
    Metrics summary (averaged over all series/windows/variates):
      MSE: 51.1833
      MAE: 5.1381
      RMSE: 6.5359
      MAPE: 0.5390
      sMAPE: 0.4305
      MASE: 0.9753
      ND: 0.4222
      CRPS: 0.4222
TIME run allocation action=new run=/fslarge/scratch/users/h61084/codes/selectime/outputs/selectime/chronos_bolt/evaluations/vanilla_univariate/SG_PM25/H/long/run_0 launch_id=selena_3458556 slurm_job_id=3458556 launched_at=2026-09-17T10:57:32.126777+00:00
[2026-09-17 10:57:32 UTC] evaluate vanilla_univariate SG_PM25/H/long
    Total instances: 65, Series during experiment: 5, Windows: 13
    Collecting ground truth and context...
    Detected to_univariate case: 5 flat series -> 1 series x 5 variates
    Organizing data into arrays...
    Saved predictions (quantiles) to /fslarge/scratch/users/h61084/codes/selectime/outputs/selectime/chronos_bolt/evaluations/vanilla_univariate/SG_PM25/H/long/run_0/predictions.npz
    Computing per-window metrics...
    Saved metrics to /fslarge/scratch/users/h61084/codes/selectime/outputs/selectime/chronos_bolt/evaluations/vanilla_univariate/SG_PM25/H/long/run_0/metrics.npz
    Saved config to /fslarge/scratch/users/h61084/codes/selectime/outputs/selectime/chronos_bolt/evaluations/vanilla_univariate/SG_PM25/H/long/run_0/config.json
    Saved aggregate metrics to /fslarge/scratch/users/h61084/codes/selectime/outputs/selectime/chronos_bolt/evaluations/vanilla_univariate/SG_PM25/H/long/run_0/metrics_summary.json
    Metrics summary (averaged over all series/windows/variates):
      MSE: 51.6894
      MAE: 5.1893
      RMSE: 6.8288
      MAPE: 0.5216
      sMAPE: 0.4365
      MASE: 0.9863
      ND: 0.4244
      CRPS: 0.4244
TIME run allocation action=new run=/fslarge/scratch/users/h61084/codes/selectime/outputs/selectime/chronos_bolt/evaluations/top1-horizon-mix/SG_PM25/H/long/run_0 launch_id=selena_3458556 slurm_job_id=3458556 launched_at=2026-09-17T10:57:32.242920+00:00
[2026-09-17 10:57:32 UTC] evaluate top1-horizon-mix SG_PM25/H/long
    Total instances: 65, Series during experiment: 5, Windows: 13
    Collecting ground truth and context...
    Detected to_univariate case: 5 flat series -> 1 series x 5 variates
    Organizing data into arrays...
    Saved predictions (quantiles) to /fslarge/scratch/users/h61084/codes/selectime/outputs/selectime/chronos_bolt/evaluations/top1-horizon-mix/SG_PM25/H/long/run_0/predictions.npz
    Computing per-window metrics...
    Saved metrics to /fslarge/scratch/users/h61084/codes/selectime/outputs/selectime/chronos_bolt/evaluations/top1-horizon-mix/SG_PM25/H/long/run_0/metrics.npz
    Saved config to /fslarge/scratch/users/h61084/codes/selectime/outputs/selectime/chronos_bolt/evaluations/top1-horizon-mix/SG_PM25/H/long/run_0/config.json
    Saved aggregate metrics to /fslarge/scratch/users/h61084/codes/selectime/outputs/selectime/chronos_bolt/evaluations/top1-horizon-mix/SG_PM25/H/long/run_0/metrics_summary.json
    Metrics summary (averaged over all series/windows/variates):
      MSE: 51.0180
      MAE: 5.1633
      RMSE: 6.7864
      MAPE: 0.5236
      sMAPE: 0.4345
      MASE: 0.9814
      ND: 0.4226
      CRPS: 0.4226
TIME run allocation action=new run=/fslarge/scratch/users/h61084/codes/selectime/outputs/selectime/chronos_bolt/evaluations/vanilla_univariate/NE_China_Wind/H/short/run_0 launch_id=selena_3458556 slurm_job_id=3458556 launched_at=2026-09-17T10:57:32.293508+00:00
[2026-09-17 10:57:32 UTC] evaluate vanilla_univariate NE_China_Wind/H/short
    Total instances: 120, Series during experiment: 4, Windows: 30
    Collecting ground truth and context...
    Detected to_univariate case: 4 flat series -> 1 series x 4 variates
    Organizing data into arrays...
    Saved predictions (quantiles) to /fslarge/scratch/users/h61084/codes/selectime/outputs/selectime/chronos_bolt/evaluations/vanilla_univariate/NE_China_Wind/H/short/run_0/predictions.npz
    Computing per-window metrics...
    Saved metrics to /fslarge/scratch/users/h61084/codes/selectime/outputs/selectime/chronos_bolt/evaluations/vanilla_univariate/NE_China_Wind/H/short/run_0/metrics.npz
    Saved config to /fslarge/scratch/users/h61084/codes/selectime/outputs/selectime/chronos_bolt/evaluations/vanilla_univariate/NE_China_Wind/H/short/run_0/config.json
    Saved aggregate metrics to /fslarge/scratch/users/h61084/codes/selectime/outputs/selectime/chronos_bolt/evaluations/vanilla_univariate/NE_China_Wind/H/short/run_0/metrics_summary.json
    Metrics summary (averaged over all series/windows/variates):
      MSE: 0.1024
      MAE: 0.2177
      RMSE: 0.2547
      MAPE: 0.8341
      sMAPE: 0.4933
      MASE: 0.5333
      ND: 0.4345
      CRPS: 0.4345
TIME run allocation action=new run=/fslarge/scratch/users/h61084/codes/selectime/outputs/selectime/chronos_bolt/evaluations/top1-horizon-mix/NE_China_Wind/H/short/run_0 launch_id=selena_3458556 slurm_job_id=3458556 launched_at=2026-09-17T10:57:32.401215+00:00
[2026-09-17 10:57:32 UTC] evaluate top1-horizon-mix NE_China_Wind/H/short
    Total instances: 120, Series during experiment: 4, Windows: 30
    Collecting ground truth and context...
    Detected to_univariate case: 4 flat series -> 1 series x 4 variates
    Organizing data into arrays...
    Saved predictions (quantiles) to /fslarge/scratch/users/h61084/codes/selectime/outputs/selectime/chronos_bolt/evaluations/top1-horizon-mix/NE_China_Wind/H/short/run_0/predictions.npz
    Computing per-window metrics...
    Saved metrics to /fslarge/scratch/users/h61084/codes/selectime/outputs/selectime/chronos_bolt/evaluations/top1-horizon-mix/NE_China_Wind/H/short/run_0/metrics.npz
    Saved config to /fslarge/scratch/users/h61084/codes/selectime/outputs/selectime/chronos_bolt/evaluations/top1-horizon-mix/NE_China_Wind/H/short/run_0/config.json
    Saved aggregate metrics to /fslarge/scratch/users/h61084/codes/selectime/outputs/selectime/chronos_bolt/evaluations/top1-horizon-mix/NE_China_Wind/H/short/run_0/metrics_summary.json
    Metrics summary (averaged over all series/windows/variates):
      MSE: 0.1087
      MAE: 0.2211
      RMSE: 0.2570
      MAPE: 0.8149
      sMAPE: 0.5111
      MASE: 0.5293
      ND: 0.4502
      CRPS: 0.4502
TIME run allocation action=new run=/fslarge/scratch/users/h61084/codes/selectime/outputs/selectime/chronos_bolt/evaluations/vanilla_univariate/NE_China_Wind/H/medium/run_0 launch_id=selena_3458556 slurm_job_id=3458556 launched_at=2026-09-17T10:57:32.442043+00:00
[2026-09-17 10:57:32 UTC] evaluate vanilla_univariate NE_China_Wind/H/medium
    Total instances: 40, Series during experiment: 4, Windows: 10
    Collecting ground truth and context...
    Detected to_univariate case: 4 flat series -> 1 series x 4 variates
    Organizing data into arrays...
    Saved predictions (quantiles) to /fslarge/scratch/users/h61084/codes/selectime/outputs/selectime/chronos_bolt/evaluations/vanilla_univariate/NE_China_Wind/H/medium/run_0/predictions.npz
    Computing per-window metrics...
    Saved metrics to /fslarge/scratch/users/h61084/codes/selectime/outputs/selectime/chronos_bolt/evaluations/vanilla_univariate/NE_China_Wind/H/medium/run_0/metrics.npz
    Saved config to /fslarge/scratch/users/h61084/codes/selectime/outputs/selectime/chronos_bolt/evaluations/vanilla_univariate/NE_China_Wind/H/medium/run_0/config.json
    Saved aggregate metrics to /fslarge/scratch/users/h61084/codes/selectime/outputs/selectime/chronos_bolt/evaluations/vanilla_univariate/NE_China_Wind/H/medium/run_0/metrics_summary.json
    Metrics summary (averaged over all series/windows/variates):
      MSE: 0.2650
      MAE: 0.3702
      RMSE: 0.4323
      MAPE: 0.8880
      sMAPE: 0.7226
      MASE: 0.9417
      ND: 0.5539
      CRPS: 0.5539
TIME run allocation action=new run=/fslarge/scratch/users/h61084/codes/selectime/outputs/selectime/chronos_bolt/evaluations/top1-horizon-mix/NE_China_Wind/H/medium/run_0 launch_id=selena_3458556 slurm_job_id=3458556 launched_at=2026-09-17T10:57:32.543366+00:00
[2026-09-17 10:57:32 UTC] evaluate top1-horizon-mix NE_China_Wind/H/medium
    Total instances: 40, Series during experiment: 4, Windows: 10
    Collecting ground truth and context...
    Detected to_univariate case: 4 flat series -> 1 series x 4 variates
    Organizing data into arrays...
    Saved predictions (quantiles) to /fslarge/scratch/users/h61084/codes/selectime/outputs/selectime/chronos_bolt/evaluations/top1-horizon-mix/NE_China_Wind/H/medium/run_0/predictions.npz
    Computing per-window metrics...
    Saved metrics to /fslarge/scratch/users/h61084/codes/selectime/outputs/selectime/chronos_bolt/evaluations/top1-horizon-mix/NE_China_Wind/H/medium/run_0/metrics.npz
    Saved config to /fslarge/scratch/users/h61084/codes/selectime/outputs/selectime/chronos_bolt/evaluations/top1-horizon-mix/NE_China_Wind/H/medium/run_0/config.json
    Saved aggregate metrics to /fslarge/scratch/users/h61084/codes/selectime/outputs/selectime/chronos_bolt/evaluations/top1-horizon-mix/NE_China_Wind/H/medium/run_0/metrics_summary.json
    Metrics summary (averaged over all series/windows/variates):
      MSE: 0.2554
      MAE: 0.3597
      RMSE: 0.4212
      MAPE: 0.9420
      sMAPE: 0.7244
      MASE: 0.9029
      ND: 0.5535
      CRPS: 0.5535
TIME run allocation action=new run=/fslarge/scratch/users/h61084/codes/selectime/outputs/selectime/chronos_bolt/evaluations/vanilla_univariate/NE_China_Wind/H/long/run_0 launch_id=selena_3458556 slurm_job_id=3458556 launched_at=2026-09-17T10:57:32.577257+00:00
[2026-09-17 10:57:32 UTC] evaluate vanilla_univariate NE_China_Wind/H/long
    Total instances: 16, Series during experiment: 4, Windows: 4
    Collecting ground truth and context...
    Detected to_univariate case: 4 flat series -> 1 series x 4 variates
    Organizing data into arrays...
    Saved predictions (quantiles) to /fslarge/scratch/users/h61084/codes/selectime/outputs/selectime/chronos_bolt/evaluations/vanilla_univariate/NE_China_Wind/H/long/run_0/predictions.npz
    Computing per-window metrics...
    Saved metrics to /fslarge/scratch/users/h61084/codes/selectime/outputs/selectime/chronos_bolt/evaluations/vanilla_univariate/NE_China_Wind/H/long/run_0/metrics.npz
    Saved config to /fslarge/scratch/users/h61084/codes/selectime/outputs/selectime/chronos_bolt/evaluations/vanilla_univariate/NE_China_Wind/H/long/run_0/config.json
    Saved aggregate metrics to /fslarge/scratch/users/h61084/codes/selectime/outputs/selectime/chronos_bolt/evaluations/vanilla_univariate/NE_China_Wind/H/long/run_0/metrics_summary.json
    Metrics summary (averaged over all series/windows/variates):
      MSE: 0.3511
      MAE: 0.4531
      RMSE: 0.5548
      MAPE: 1.0509
      sMAPE: 0.8280
      MASE: 1.2606
      ND: 0.6125
      CRPS: 0.6125
TIME run allocation action=new run=/fslarge/scratch/users/h61084/codes/selectime/outputs/selectime/chronos_bolt/evaluations/top1-horizon-mix/NE_China_Wind/H/long/run_0 launch_id=selena_3458556 slurm_job_id=3458556 launched_at=2026-09-17T10:57:32.675784+00:00
[2026-09-17 10:57:32 UTC] evaluate top1-horizon-mix NE_China_Wind/H/long
    Total instances: 16, Series during experiment: 4, Windows: 4
    Collecting ground truth and context...
    Detected to_univariate case: 4 flat series -> 1 series x 4 variates
    Organizing data into arrays...
    Saved predictions (quantiles) to /fslarge/scratch/users/h61084/codes/selectime/outputs/selectime/chronos_bolt/evaluations/top1-horizon-mix/NE_China_Wind/H/long/run_0/predictions.npz
    Computing per-window metrics...
    Saved metrics to /fslarge/scratch/users/h61084/codes/selectime/outputs/selectime/chronos_bolt/evaluations/top1-horizon-mix/NE_China_Wind/H/long/run_0/metrics.npz
    Saved config to /fslarge/scratch/users/h61084/codes/selectime/outputs/selectime/chronos_bolt/evaluations/top1-horizon-mix/NE_China_Wind/H/long/run_0/config.json
    Saved aggregate metrics to /fslarge/scratch/users/h61084/codes/selectime/outputs/selectime/chronos_bolt/evaluations/top1-horizon-mix/NE_China_Wind/H/long/run_0/metrics_summary.json
    Metrics summary (averaged over all series/windows/variates):
      MSE: 0.3375
      MAE: 0.4362
      RMSE: 0.5408
      MAPE: 1.0278
      sMAPE: 0.7967
      MASE: 1.2074
      ND: 0.5922
      CRPS: 0.5922
TIME run allocation action=new run=/fslarge/scratch/users/h61084/codes/selectime/outputs/selectime/chronos_bolt/evaluations/vanilla_univariate/Australia_Solar/H/short/run_0 launch_id=selena_3458556 slurm_job_id=3458556 launched_at=2026-09-17T10:57:32.712965+00:00
[2026-09-17 10:57:32 UTC] evaluate vanilla_univariate Australia_Solar/H/short
    Total instances: 315, Series during experiment: 3, Windows: 105
    Collecting ground truth and context...
    Detected to_univariate case: 3 flat series -> 1 series x 3 variates
    Organizing data into arrays...
    ⚠️  Predictions max value (1789314.00) exceeds float16 safe range.
    ⚠️  Applying scale factor: 100 (values will be divided)
    Saved predictions (quantiles) to /fslarge/scratch/users/h61084/codes/selectime/outputs/selectime/chronos_bolt/evaluations/vanilla_univariate/Australia_Solar/H/short/run_0/predictions.npz
    Computing per-window metrics...
    Saved metrics to /fslarge/scratch/users/h61084/codes/selectime/outputs/selectime/chronos_bolt/evaluations/vanilla_univariate/Australia_Solar/H/short/run_0/metrics.npz
    Saved config to /fslarge/scratch/users/h61084/codes/selectime/outputs/selectime/chronos_bolt/evaluations/vanilla_univariate/Australia_Solar/H/short/run_0/config.json
    Saved aggregate metrics to /fslarge/scratch/users/h61084/codes/selectime/outputs/selectime/chronos_bolt/evaluations/vanilla_univariate/Australia_Solar/H/short/run_0/metrics_summary.json
    Metrics summary (averaged over all series/windows/variates):
      MSE: 24319664966.6561
      MAE: 79146.9306
      RMSE: 103897.6783
      MAPE: 84.3252
      sMAPE: 0.5580
      MASE: 1.1027
      ND: 0.3368
      CRPS: 0.3368
TIME run allocation action=new run=/fslarge/scratch/users/h61084/codes/selectime/outputs/selectime/chronos_bolt/evaluations/top1-horizon-mix/Australia_Solar/H/short/run_0 launch_id=selena_3458556 slurm_job_id=3458556 launched_at=2026-09-17T10:57:32.870055+00:00
[2026-09-17 10:57:32 UTC] evaluate top1-horizon-mix Australia_Solar/H/short
    Total instances: 315, Series during experiment: 3, Windows: 105
    Collecting ground truth and context...
    Detected to_univariate case: 3 flat series -> 1 series x 3 variates
    Organizing data into arrays...
    ⚠️  Predictions max value (1867892.88) exceeds float16 safe range.
    ⚠️  Applying scale factor: 100 (values will be divided)
    Saved predictions (quantiles) to /fslarge/scratch/users/h61084/codes/selectime/outputs/selectime/chronos_bolt/evaluations/top1-horizon-mix/Australia_Solar/H/short/run_0/predictions.npz
    Computing per-window metrics...
    Saved metrics to /fslarge/scratch/users/h61084/codes/selectime/outputs/selectime/chronos_bolt/evaluations/top1-horizon-mix/Australia_Solar/H/short/run_0/metrics.npz
    Saved config to /fslarge/scratch/users/h61084/codes/selectime/outputs/selectime/chronos_bolt/evaluations/top1-horizon-mix/Australia_Solar/H/short/run_0/config.json
    Saved aggregate metrics to /fslarge/scratch/users/h61084/codes/selectime/outputs/selectime/chronos_bolt/evaluations/top1-horizon-mix/Australia_Solar/H/short/run_0/metrics_summary.json
    Metrics summary (averaged over all series/windows/variates):
      MSE: 24317206011.7861
      MAE: 79728.5991
      RMSE: 104421.4740
      MAPE: 85.3936
      sMAPE: 0.5657
      MASE: 1.1074
      ND: 0.3349
      CRPS: 0.3349
TIME run allocation action=new run=/fslarge/scratch/users/h61084/codes/selectime/outputs/selectime/chronos_bolt/evaluations/vanilla_univariate/Australia_Solar/H/medium/run_0 launch_id=selena_3458556 slurm_job_id=3458556 launched_at=2026-09-17T10:57:32.964700+00:00
[2026-09-17 10:57:32 UTC] evaluate vanilla_univariate Australia_Solar/H/medium
    Total instances: 105, Series during experiment: 3, Windows: 35
    Collecting ground truth and context...
    Detected to_univariate case: 3 flat series -> 1 series x 3 variates
    Organizing data into arrays...
    ⚠️  Predictions max value (1756853.00) exceeds float16 safe range.
    ⚠️  Applying scale factor: 100 (values will be divided)
    Saved predictions (quantiles) to /fslarge/scratch/users/h61084/codes/selectime/outputs/selectime/chronos_bolt/evaluations/vanilla_univariate/Australia_Solar/H/medium/run_0/predictions.npz
    Computing per-window metrics...
    Saved metrics to /fslarge/scratch/users/h61084/codes/selectime/outputs/selectime/chronos_bolt/evaluations/vanilla_univariate/Australia_Solar/H/medium/run_0/metrics.npz
    Saved config to /fslarge/scratch/users/h61084/codes/selectime/outputs/selectime/chronos_bolt/evaluations/vanilla_univariate/Australia_Solar/H/medium/run_0/config.json
    Saved aggregate metrics to /fslarge/scratch/users/h61084/codes/selectime/outputs/selectime/chronos_bolt/evaluations/vanilla_univariate/Australia_Solar/H/medium/run_0/metrics_summary.json
    Metrics summary (averaged over all series/windows/variates):
      MSE: 25772971386.1128
      MAE: 82552.6867
      RMSE: 122263.7378
      MAPE: 84.2985
      sMAPE: 0.5705
      MASE: 1.1873
      ND: 0.3012
      CRPS: 0.3012
TIME run allocation action=new run=/fslarge/scratch/users/h61084/codes/selectime/outputs/selectime/chronos_bolt/evaluations/top1-horizon-mix/Australia_Solar/H/medium/run_0 launch_id=selena_3458556 slurm_job_id=3458556 launched_at=2026-09-17T10:57:33.084080+00:00
[2026-09-17 10:57:33 UTC] evaluate top1-horizon-mix Australia_Solar/H/medium
    Total instances: 105, Series during experiment: 3, Windows: 35
    Collecting ground truth and context...
    Detected to_univariate case: 3 flat series -> 1 series x 3 variates
    Organizing data into arrays...
    ⚠️  Predictions max value (1780328.75) exceeds float16 safe range.
    ⚠️  Applying scale factor: 100 (values will be divided)
    Saved predictions (quantiles) to /fslarge/scratch/users/h61084/codes/selectime/outputs/selectime/chronos_bolt/evaluations/top1-horizon-mix/Australia_Solar/H/medium/run_0/predictions.npz
    Computing per-window metrics...
    Saved metrics to /fslarge/scratch/users/h61084/codes/selectime/outputs/selectime/chronos_bolt/evaluations/top1-horizon-mix/Australia_Solar/H/medium/run_0/metrics.npz
    Saved config to /fslarge/scratch/users/h61084/codes/selectime/outputs/selectime/chronos_bolt/evaluations/top1-horizon-mix/Australia_Solar/H/medium/run_0/config.json
    Saved aggregate metrics to /fslarge/scratch/users/h61084/codes/selectime/outputs/selectime/chronos_bolt/evaluations/top1-horizon-mix/Australia_Solar/H/medium/run_0/metrics_summary.json
    Metrics summary (averaged over all series/windows/variates):
      MSE: 26718587007.2865
      MAE: 84055.5981
      RMSE: 122970.3152
      MAPE: 76.0043
      sMAPE: 0.5788
      MASE: 1.1993
      ND: 0.3034
      CRPS: 0.3034
TIME run allocation action=new run=/fslarge/scratch/users/h61084/codes/selectime/outputs/selectime/chronos_bolt/evaluations/vanilla_univariate/Australia_Solar/H/long/run_0 launch_id=selena_3458556 slurm_job_id=3458556 launched_at=2026-09-17T10:57:33.140752+00:00
[2026-09-17 10:57:33 UTC] evaluate vanilla_univariate Australia_Solar/H/long
    Total instances: 45, Series during experiment: 3, Windows: 15
    Collecting ground truth and context...
    Detected to_univariate case: 3 flat series -> 1 series x 3 variates
    Organizing data into arrays...
    ⚠️  Predictions max value (1701006.25) exceeds float16 safe range.
    ⚠️  Applying scale factor: 100 (values will be divided)
    Saved predictions (quantiles) to /fslarge/scratch/users/h61084/codes/selectime/outputs/selectime/chronos_bolt/evaluations/vanilla_univariate/Australia_Solar/H/long/run_0/predictions.npz
    Computing per-window metrics...
    Saved metrics to /fslarge/scratch/users/h61084/codes/selectime/outputs/selectime/chronos_bolt/evaluations/vanilla_univariate/Australia_Solar/H/long/run_0/metrics.npz
    Saved config to /fslarge/scratch/users/h61084/codes/selectime/outputs/selectime/chronos_bolt/evaluations/vanilla_univariate/Australia_Solar/H/long/run_0/config.json
    Saved aggregate metrics to /fslarge/scratch/users/h61084/codes/selectime/outputs/selectime/chronos_bolt/evaluations/vanilla_univariate/Australia_Solar/H/long/run_0/metrics_summary.json
    Metrics summary (averaged over all series/windows/variates):
      MSE: 24593358585.4995
      MAE: 81252.4825
      RMSE: 125718.3038
      MAPE: 118.6877
      sMAPE: 0.5792
      MASE: 1.2014
      ND: 0.2758
      CRPS: 0.2758
TIME run allocation action=new run=/fslarge/scratch/users/h61084/codes/selectime/outputs/selectime/chronos_bolt/evaluations/top1-horizon-mix/Australia_Solar/H/long/run_0 launch_id=selena_3458556 slurm_job_id=3458556 launched_at=2026-09-17T10:57:33.249201+00:00
[2026-09-17 10:57:33 UTC] evaluate top1-horizon-mix Australia_Solar/H/long
    Total instances: 45, Series during experiment: 3, Windows: 15
    Collecting ground truth and context...
    Detected to_univariate case: 3 flat series -> 1 series x 3 variates
    Organizing data into arrays...
    ⚠️  Predictions max value (1692102.88) exceeds float16 safe range.
    ⚠️  Applying scale factor: 100 (values will be divided)
    Saved predictions (quantiles) to /fslarge/scratch/users/h61084/codes/selectime/outputs/selectime/chronos_bolt/evaluations/top1-horizon-mix/Australia_Solar/H/long/run_0/predictions.npz
    Computing per-window metrics...
    Saved metrics to /fslarge/scratch/users/h61084/codes/selectime/outputs/selectime/chronos_bolt/evaluations/top1-horizon-mix/Australia_Solar/H/long/run_0/metrics.npz
    Saved config to /fslarge/scratch/users/h61084/codes/selectime/outputs/selectime/chronos_bolt/evaluations/top1-horizon-mix/Australia_Solar/H/long/run_0/config.json
    Saved aggregate metrics to /fslarge/scratch/users/h61084/codes/selectime/outputs/selectime/chronos_bolt/evaluations/top1-horizon-mix/Australia_Solar/H/long/run_0/metrics_summary.json
    Metrics summary (averaged over all series/windows/variates):
      MSE: 23849839681.8995
      MAE: 80092.0475
      RMSE: 124130.3181
      MAPE: 122.3745
      sMAPE: 0.5818
      MASE: 1.1924
      ND: 0.2732
      CRPS: 0.2732
TIME run allocation action=new run=/fslarge/scratch/users/h61084/codes/selectime/outputs/selectime/chronos_bolt/evaluations/vanilla_univariate/epf_electricity_price/H/short/run_0 launch_id=selena_3458556 slurm_job_id=3458556 launched_at=2026-09-17T10:57:33.293042+00:00
[2026-09-17 10:57:33 UTC] evaluate vanilla_univariate epf_electricity_price/H/short
    Total instances: 525, Series during experiment: 5, Windows: 105
    Collecting ground truth and context...
    Organizing data into arrays...
    Saved predictions (quantiles) to /fslarge/scratch/users/h61084/codes/selectime/outputs/selectime/chronos_bolt/evaluations/vanilla_univariate/epf_electricity_price/H/short/run_0/predictions.npz
    Computing per-window metrics...
    Saved metrics to /fslarge/scratch/users/h61084/codes/selectime/outputs/selectime/chronos_bolt/evaluations/vanilla_univariate/epf_electricity_price/H/short/run_0/metrics.npz
    Saved config to /fslarge/scratch/users/h61084/codes/selectime/outputs/selectime/chronos_bolt/evaluations/vanilla_univariate/epf_electricity_price/H/short/run_0/config.json
    Saved aggregate metrics to /fslarge/scratch/users/h61084/codes/selectime/outputs/selectime/chronos_bolt/evaluations/vanilla_univariate/epf_electricity_price/H/short/run_0/metrics_summary.json
    Metrics summary (averaged over all series/windows/variates):
      MSE: 126.7529
      MAE: 6.2887
      RMSE: 7.8819
      MAPE: 1.1943
      sMAPE: 0.1605
      MASE: 0.9865
      ND: 0.1631
      CRPS: 0.1631
TIME run allocation action=new run=/fslarge/scratch/users/h61084/codes/selectime/outputs/selectime/chronos_bolt/evaluations/top1-horizon-mix/epf_electricity_price/H/short/run_0 launch_id=selena_3458556 slurm_job_id=3458556 launched_at=2026-09-17T10:57:33.523331+00:00
[2026-09-17 10:57:33 UTC] evaluate top1-horizon-mix epf_electricity_price/H/short
    Total instances: 525, Series during experiment: 5, Windows: 105
    Collecting ground truth and context...
    Organizing data into arrays...
    Saved predictions (quantiles) to /fslarge/scratch/users/h61084/codes/selectime/outputs/selectime/chronos_bolt/evaluations/top1-horizon-mix/epf_electricity_price/H/short/run_0/predictions.npz
    Computing per-window metrics...
    Saved metrics to /fslarge/scratch/users/h61084/codes/selectime/outputs/selectime/chronos_bolt/evaluations/top1-horizon-mix/epf_electricity_price/H/short/run_0/metrics.npz
    Saved config to /fslarge/scratch/users/h61084/codes/selectime/outputs/selectime/chronos_bolt/evaluations/top1-horizon-mix/epf_electricity_price/H/short/run_0/config.json
    Saved aggregate metrics to /fslarge/scratch/users/h61084/codes/selectime/outputs/selectime/chronos_bolt/evaluations/top1-horizon-mix/epf_electricity_price/H/short/run_0/metrics_summary.json
    Metrics summary (averaged over all series/windows/variates):
      MSE: 126.5167
      MAE: 6.3408
      RMSE: 7.9273
      MAPE: 1.2531
      sMAPE: 0.1629
      MASE: 1.0027
      ND: 0.1663
      CRPS: 0.1663
TIME run allocation action=new run=/fslarge/scratch/users/h61084/codes/selectime/outputs/selectime/chronos_bolt/evaluations/vanilla_univariate/epf_electricity_price/H/medium/run_0 launch_id=selena_3458556 slurm_job_id=3458556 launched_at=2026-09-17T10:57:33.687669+00:00
[2026-09-17 10:57:33 UTC] evaluate vanilla_univariate epf_electricity_price/H/medium
    Total instances: 175, Series during experiment: 5, Windows: 35
    Collecting ground truth and context...
    Organizing data into arrays...
    Saved predictions (quantiles) to /fslarge/scratch/users/h61084/codes/selectime/outputs/selectime/chronos_bolt/evaluations/vanilla_univariate/epf_electricity_price/H/medium/run_0/predictions.npz
    Computing per-window metrics...
    Saved metrics to /fslarge/scratch/users/h61084/codes/selectime/outputs/selectime/chronos_bolt/evaluations/vanilla_univariate/epf_electricity_price/H/medium/run_0/metrics.npz
    Saved config to /fslarge/scratch/users/h61084/codes/selectime/outputs/selectime/chronos_bolt/evaluations/vanilla_univariate/epf_electricity_price/H/medium/run_0/config.json
    Saved aggregate metrics to /fslarge/scratch/users/h61084/codes/selectime/outputs/selectime/chronos_bolt/evaluations/vanilla_univariate/epf_electricity_price/H/medium/run_0/metrics_summary.json
    Metrics summary (averaged over all series/windows/variates):
      MSE: 196.4117
      MAE: 7.8488
      RMSE: 10.3060
      MAPE: 1.6921
      sMAPE: 0.1945
      MASE: 1.2502
      ND: 0.1935
      CRPS: 0.1935
TIME run allocation action=new run=/fslarge/scratch/users/h61084/codes/selectime/outputs/selectime/chronos_bolt/evaluations/top1-horizon-mix/epf_electricity_price/H/medium/run_0 launch_id=selena_3458556 slurm_job_id=3458556 launched_at=2026-09-17T10:57:33.838158+00:00
[2026-09-17 10:57:33 UTC] evaluate top1-horizon-mix epf_electricity_price/H/medium
    Total instances: 175, Series during experiment: 5, Windows: 35
    Collecting ground truth and context...
    Organizing data into arrays...
    Saved predictions (quantiles) to /fslarge/scratch/users/h61084/codes/selectime/outputs/selectime/chronos_bolt/evaluations/top1-horizon-mix/epf_electricity_price/H/medium/run_0/predictions.npz
    Computing per-window metrics...
    Saved metrics to /fslarge/scratch/users/h61084/codes/selectime/outputs/selectime/chronos_bolt/evaluations/top1-horizon-mix/epf_electricity_price/H/medium/run_0/metrics.npz
    Saved config to /fslarge/scratch/users/h61084/codes/selectime/outputs/selectime/chronos_bolt/evaluations/top1-horizon-mix/epf_electricity_price/H/medium/run_0/config.json
    Saved aggregate metrics to /fslarge/scratch/users/h61084/codes/selectime/outputs/selectime/chronos_bolt/evaluations/top1-horizon-mix/epf_electricity_price/H/medium/run_0/metrics_summary.json
    Metrics summary (averaged over all series/windows/variates):
      MSE: 196.5435
      MAE: 7.9262
      RMSE: 10.3800
      MAPE: 1.7903
      sMAPE: 0.1975
      MASE: 1.2686
      ND: 0.1964
      CRPS: 0.1964
TIME run allocation action=new run=/fslarge/scratch/users/h61084/codes/selectime/outputs/selectime/chronos_bolt/evaluations/vanilla_univariate/epf_electricity_price/H/long/run_0 launch_id=selena_3458556 slurm_job_id=3458556 launched_at=2026-09-17T10:57:33.922362+00:00
[2026-09-17 10:57:33 UTC] evaluate vanilla_univariate epf_electricity_price/H/long
    Total instances: 75, Series during experiment: 5, Windows: 15
    Collecting ground truth and context...
    Organizing data into arrays...
    Saved predictions (quantiles) to /fslarge/scratch/users/h61084/codes/selectime/outputs/selectime/chronos_bolt/evaluations/vanilla_univariate/epf_electricity_price/H/long/run_0/predictions.npz
    Computing per-window metrics...
    Saved metrics to /fslarge/scratch/users/h61084/codes/selectime/outputs/selectime/chronos_bolt/evaluations/vanilla_univariate/epf_electricity_price/H/long/run_0/metrics.npz
    Saved config to /fslarge/scratch/users/h61084/codes/selectime/outputs/selectime/chronos_bolt/evaluations/vanilla_univariate/epf_electricity_price/H/long/run_0/config.json
    Saved aggregate metrics to /fslarge/scratch/users/h61084/codes/selectime/outputs/selectime/chronos_bolt/evaluations/vanilla_univariate/epf_electricity_price/H/long/run_0/metrics_summary.json
    Metrics summary (averaged over all series/windows/variates):
      MSE: 241.9496
      MAE: 9.0736
      RMSE: 12.4090
      MAPE: 1.6789
      sMAPE: 0.2250
      MASE: 1.4696
      ND: 0.2150
      CRPS: 0.2150
TIME run allocation action=new run=/fslarge/scratch/users/h61084/codes/selectime/outputs/selectime/chronos_bolt/evaluations/top1-horizon-mix/epf_electricity_price/H/long/run_0 launch_id=selena_3458556 slurm_job_id=3458556 launched_at=2026-09-17T10:57:34.047714+00:00
[2026-09-17 10:57:34 UTC] evaluate top1-horizon-mix epf_electricity_price/H/long
    Total instances: 75, Series during experiment: 5, Windows: 15
    Collecting ground truth and context...
    Organizing data into arrays...
    Saved predictions (quantiles) to /fslarge/scratch/users/h61084/codes/selectime/outputs/selectime/chronos_bolt/evaluations/top1-horizon-mix/epf_electricity_price/H/long/run_0/predictions.npz
    Computing per-window metrics...
    Saved metrics to /fslarge/scratch/users/h61084/codes/selectime/outputs/selectime/chronos_bolt/evaluations/top1-horizon-mix/epf_electricity_price/H/long/run_0/metrics.npz
    Saved config to /fslarge/scratch/users/h61084/codes/selectime/outputs/selectime/chronos_bolt/evaluations/top1-horizon-mix/epf_electricity_price/H/long/run_0/config.json
    Saved aggregate metrics to /fslarge/scratch/users/h61084/codes/selectime/outputs/selectime/chronos_bolt/evaluations/top1-horizon-mix/epf_electricity_price/H/long/run_0/metrics_summary.json
    Metrics summary (averaged over all series/windows/variates):
      MSE: 240.0473
      MAE: 9.1555
      RMSE: 12.4644
      MAPE: 1.7497
      sMAPE: 0.2273
      MASE: 1.4892
      ND: 0.2180
      CRPS: 0.2180
TIME run allocation action=new run=/fslarge/scratch/users/h61084/codes/selectime/outputs/selectime/chronos_bolt/evaluations/vanilla_univariate/OpenElectricity_NEM/5T/short/run_0 launch_id=selena_3458556 slurm_job_id=3458556 launched_at=2026-09-17T10:57:34.139212+00:00
[2026-09-17 10:57:34 UTC] evaluate vanilla_univariate OpenElectricity_NEM/5T/short
    Total instances: 1680, Series during experiment: 10, Windows: 168
    Collecting ground truth and context...
    Detected to_univariate case: 10 flat series -> 1 series x 10 variates
    Organizing data into arrays...
    Saved predictions (quantiles) to /fslarge/scratch/users/h61084/codes/selectime/outputs/selectime/chronos_bolt/evaluations/vanilla_univariate/OpenElectricity_NEM/5T/short/run_0/predictions.npz
    Computing per-window metrics...
    Saved metrics to /fslarge/scratch/users/h61084/codes/selectime/outputs/selectime/chronos_bolt/evaluations/vanilla_univariate/OpenElectricity_NEM/5T/short/run_0/metrics.npz
    Saved config to /fslarge/scratch/users/h61084/codes/selectime/outputs/selectime/chronos_bolt/evaluations/vanilla_univariate/OpenElectricity_NEM/5T/short/run_0/config.json
    Saved aggregate metrics to /fslarge/scratch/users/h61084/codes/selectime/outputs/selectime/chronos_bolt/evaluations/vanilla_univariate/OpenElectricity_NEM/5T/short/run_0/metrics_summary.json
    Metrics summary (averaged over all series/windows/variates):
      MSE: 14827.2295
      MAE: 64.8012
      RMSE: 75.2163
      MAPE: 3.8644
      sMAPE: 0.1772
      MASE: 0.4593
      ND: 0.1687
      CRPS: 0.1687
TIME run allocation action=new run=/fslarge/scratch/users/h61084/codes/selectime/outputs/selectime/chronos_bolt/evaluations/top1-horizon-mix/OpenElectricity_NEM/5T/short/run_0 launch_id=selena_3458556 slurm_job_id=3458556 launched_at=2026-09-17T10:57:34.597426+00:00
[2026-09-17 10:57:34 UTC] evaluate top1-horizon-mix OpenElectricity_NEM/5T/short
    Total instances: 1680, Series during experiment: 10, Windows: 168
    Collecting ground truth and context...
    Detected to_univariate case: 10 flat series -> 1 series x 10 variates
    Organizing data into arrays...
    Saved predictions (quantiles) to /fslarge/scratch/users/h61084/codes/selectime/outputs/selectime/chronos_bolt/evaluations/top1-horizon-mix/OpenElectricity_NEM/5T/short/run_0/predictions.npz
    Computing per-window metrics...
    Saved metrics to /fslarge/scratch/users/h61084/codes/selectime/outputs/selectime/chronos_bolt/evaluations/top1-horizon-mix/OpenElectricity_NEM/5T/short/run_0/metrics.npz
    Saved config to /fslarge/scratch/users/h61084/codes/selectime/outputs/selectime/chronos_bolt/evaluations/top1-horizon-mix/OpenElectricity_NEM/5T/short/run_0/config.json
    Saved aggregate metrics to /fslarge/scratch/users/h61084/codes/selectime/outputs/selectime/chronos_bolt/evaluations/top1-horizon-mix/OpenElectricity_NEM/5T/short/run_0/metrics_summary.json
    Metrics summary (averaged over all series/windows/variates):
      MSE: 14978.0510
      MAE: 65.6918
      RMSE: 75.2540
      MAPE: 4.0278
      sMAPE: 0.1913
      MASE: 0.4653
      ND: 0.1906
      CRPS: 0.1906
TIME run allocation action=new run=/fslarge/scratch/users/h61084/codes/selectime/outputs/selectime/chronos_bolt/evaluations/vanilla_univariate/OpenElectricity_NEM/5T/medium/run_0 launch_id=selena_3458556 slurm_job_id=3458556 launched_at=2026-09-17T10:57:35.016963+00:00
[2026-09-17 10:57:35 UTC] evaluate vanilla_univariate OpenElectricity_NEM/5T/medium
    Total instances: 420, Series during experiment: 10, Windows: 42
    Collecting ground truth and context...
    Detected to_univariate case: 10 flat series -> 1 series x 10 variates
    Organizing data into arrays...
    Saved predictions (quantiles) to /fslarge/scratch/users/h61084/codes/selectime/outputs/selectime/chronos_bolt/evaluations/vanilla_univariate/OpenElectricity_NEM/5T/medium/run_0/predictions.npz
    Computing per-window metrics...
    Saved metrics to /fslarge/scratch/users/h61084/codes/selectime/outputs/selectime/chronos_bolt/evaluations/vanilla_univariate/OpenElectricity_NEM/5T/medium/run_0/metrics.npz
    Saved config to /fslarge/scratch/users/h61084/codes/selectime/outputs/selectime/chronos_bolt/evaluations/vanilla_univariate/OpenElectricity_NEM/5T/medium/run_0/config.json
    Saved aggregate metrics to /fslarge/scratch/users/h61084/codes/selectime/outputs/selectime/chronos_bolt/evaluations/vanilla_univariate/OpenElectricity_NEM/5T/medium/run_0/metrics_summary.json
    Metrics summary (averaged over all series/windows/variates):
      MSE: 64592.1821
      MAE: 121.2493
      RMSE: 148.6895
      MAPE: 6.1688
      sMAPE: 0.2385
      MASE: 0.7173
      ND: 0.2411
      CRPS: 0.2411
TIME run allocation action=new run=/fslarge/scratch/users/h61084/codes/selectime/outputs/selectime/chronos_bolt/evaluations/top1-horizon-mix/OpenElectricity_NEM/5T/medium/run_0 launch_id=selena_3458556 slurm_job_id=3458556 launched_at=2026-09-17T10:57:35.222942+00:00
[2026-09-17 10:57:35 UTC] evaluate top1-horizon-mix OpenElectricity_NEM/5T/medium
    Total instances: 420, Series during experiment: 10, Windows: 42
    Collecting ground truth and context...
    Detected to_univariate case: 10 flat series -> 1 series x 10 variates
    Organizing data into arrays...
    Saved predictions (quantiles) to /fslarge/scratch/users/h61084/codes/selectime/outputs/selectime/chronos_bolt/evaluations/top1-horizon-mix/OpenElectricity_NEM/5T/medium/run_0/predictions.npz
    Computing per-window metrics...
    Saved metrics to /fslarge/scratch/users/h61084/codes/selectime/outputs/selectime/chronos_bolt/evaluations/top1-horizon-mix/OpenElectricity_NEM/5T/medium/run_0/metrics.npz
    Saved config to /fslarge/scratch/users/h61084/codes/selectime/outputs/selectime/chronos_bolt/evaluations/top1-horizon-mix/OpenElectricity_NEM/5T/medium/run_0/config.json
    Saved aggregate metrics to /fslarge/scratch/users/h61084/codes/selectime/outputs/selectime/chronos_bolt/evaluations/top1-horizon-mix/OpenElectricity_NEM/5T/medium/run_0/metrics_summary.json
    Metrics summary (averaged over all series/windows/variates):
      MSE: 59500.7097
      MAE: 117.1360
      RMSE: 141.5473
      MAPE: 5.8461
      sMAPE: 0.2469
      MASE: 0.7019
      ND: 0.2546
      CRPS: 0.2546
TIME run allocation action=new run=/fslarge/scratch/users/h61084/codes/selectime/outputs/selectime/chronos_bolt/evaluations/vanilla_univariate/OpenElectricity_NEM/5T/long/run_0 launch_id=selena_3458556 slurm_job_id=3458556 launched_at=2026-09-17T10:57:35.388602+00:00
[2026-09-17 10:57:35 UTC] evaluate vanilla_univariate OpenElectricity_NEM/5T/long
    Total instances: 140, Series during experiment: 10, Windows: 14
    Collecting ground truth and context...
    Detected to_univariate case: 10 flat series -> 1 series x 10 variates
    Organizing data into arrays...
    Saved predictions (quantiles) to /fslarge/scratch/users/h61084/codes/selectime/outputs/selectime/chronos_bolt/evaluations/vanilla_univariate/OpenElectricity_NEM/5T/long/run_0/predictions.npz
    Computing per-window metrics...
    Saved metrics to /fslarge/scratch/users/h61084/codes/selectime/outputs/selectime/chronos_bolt/evaluations/vanilla_univariate/OpenElectricity_NEM/5T/long/run_0/metrics.npz
    Saved config to /fslarge/scratch/users/h61084/codes/selectime/outputs/selectime/chronos_bolt/evaluations/vanilla_univariate/OpenElectricity_NEM/5T/long/run_0/config.json
    Saved aggregate metrics to /fslarge/scratch/users/h61084/codes/selectime/outputs/selectime/chronos_bolt/evaluations/vanilla_univariate/OpenElectricity_NEM/5T/long/run_0/metrics_summary.json
    Metrics summary (averaged over all series/windows/variates):
      MSE: 83413.2226
      MAE: 147.8150
      RMSE: 189.0113
      MAPE: 5.1860
      sMAPE: 0.3021
      MASE: 0.8973
      ND: 0.2679
      CRPS: 0.2679
TIME run allocation action=new run=/fslarge/scratch/users/h61084/codes/selectime/outputs/selectime/chronos_bolt/evaluations/top1-horizon-mix/OpenElectricity_NEM/5T/long/run_0 launch_id=selena_3458556 slurm_job_id=3458556 launched_at=2026-09-17T10:57:35.536190+00:00
[2026-09-17 10:57:35 UTC] evaluate top1-horizon-mix OpenElectricity_NEM/5T/long
    Total instances: 140, Series during experiment: 10, Windows: 14
    Collecting ground truth and context...
    Detected to_univariate case: 10 flat series -> 1 series x 10 variates
    Organizing data into arrays...
    Saved predictions (quantiles) to /fslarge/scratch/users/h61084/codes/selectime/outputs/selectime/chronos_bolt/evaluations/top1-horizon-mix/OpenElectricity_NEM/5T/long/run_0/predictions.npz
    Computing per-window metrics...
    Saved metrics to /fslarge/scratch/users/h61084/codes/selectime/outputs/selectime/chronos_bolt/evaluations/top1-horizon-mix/OpenElectricity_NEM/5T/long/run_0/metrics.npz
    Saved config to /fslarge/scratch/users/h61084/codes/selectime/outputs/selectime/chronos_bolt/evaluations/top1-horizon-mix/OpenElectricity_NEM/5T/long/run_0/config.json
    Saved aggregate metrics to /fslarge/scratch/users/h61084/codes/selectime/outputs/selectime/chronos_bolt/evaluations/top1-horizon-mix/OpenElectricity_NEM/5T/long/run_0/metrics_summary.json
    Metrics summary (averaged over all series/windows/variates):
      MSE: 73015.8827
      MAE: 137.4904
      RMSE: 175.0213
      MAPE: 5.8081
      sMAPE: 0.2818
      MASE: 0.8334
      ND: 0.2660
      CRPS: 0.2660
TIME run allocation action=new run=/fslarge/scratch/users/h61084/codes/selectime/outputs/selectime/chronos_bolt/evaluations/vanilla_univariate/EWELD_Load/15T/short/run_0 launch_id=selena_3458556 slurm_job_id=3458556 launched_at=2026-09-17T10:57:35.628916+00:00
[2026-09-17 10:57:35 UTC] evaluate vanilla_univariate EWELD_Load/15T/short
    Total instances: 560, Series during experiment: 10, Windows: 56
    Collecting ground truth and context...
    Detected to_univariate case: 10 flat series -> 1 series x 10 variates
    Organizing data into arrays...
    Saved predictions (quantiles) to /fslarge/scratch/users/h61084/codes/selectime/outputs/selectime/chronos_bolt/evaluations/vanilla_univariate/EWELD_Load/15T/short/run_0/predictions.npz
    Computing per-window metrics...
    Saved metrics to /fslarge/scratch/users/h61084/codes/selectime/outputs/selectime/chronos_bolt/evaluations/vanilla_univariate/EWELD_Load/15T/short/run_0/metrics.npz
    Saved config to /fslarge/scratch/users/h61084/codes/selectime/outputs/selectime/chronos_bolt/evaluations/vanilla_univariate/EWELD_Load/15T/short/run_0/config.json
    Saved aggregate metrics to /fslarge/scratch/users/h61084/codes/selectime/outputs/selectime/chronos_bolt/evaluations/vanilla_univariate/EWELD_Load/15T/short/run_0/metrics_summary.json
    Metrics summary (averaged over all series/windows/variates):
      MSE: 1147.2520
      MAE: 13.1730
      RMSE: 16.5028
      MAPE: 0.3457
      sMAPE: 0.2953
      MASE: 0.5702
      ND: 0.3824
      CRPS: 0.3824
TIME run allocation action=new run=/fslarge/scratch/users/h61084/codes/selectime/outputs/selectime/chronos_bolt/evaluations/top1-horizon-mix/EWELD_Load/15T/short/run_0 launch_id=selena_3458556 slurm_job_id=3458556 launched_at=2026-09-17T10:57:35.809153+00:00
[2026-09-17 10:57:35 UTC] evaluate top1-horizon-mix EWELD_Load/15T/short
    Total instances: 560, Series during experiment: 10, Windows: 56
    Collecting ground truth and context...
    Detected to_univariate case: 10 flat series -> 1 series x 10 variates
    Organizing data into arrays...
    Saved predictions (quantiles) to /fslarge/scratch/users/h61084/codes/selectime/outputs/selectime/chronos_bolt/evaluations/top1-horizon-mix/EWELD_Load/15T/short/run_0/predictions.npz
    Computing per-window metrics...
    Saved metrics to /fslarge/scratch/users/h61084/codes/selectime/outputs/selectime/chronos_bolt/evaluations/top1-horizon-mix/EWELD_Load/15T/short/run_0/metrics.npz
    Saved config to /fslarge/scratch/users/h61084/codes/selectime/outputs/selectime/chronos_bolt/evaluations/top1-horizon-mix/EWELD_Load/15T/short/run_0/config.json
    Saved aggregate metrics to /fslarge/scratch/users/h61084/codes/selectime/outputs/selectime/chronos_bolt/evaluations/top1-horizon-mix/EWELD_Load/15T/short/run_0/metrics_summary.json
    Metrics summary (averaged over all series/windows/variates):
      MSE: 1164.1962
      MAE: 13.3081
      RMSE: 16.6380
      MAPE: 0.3741
      sMAPE: 0.2920
      MASE: 0.5750
      ND: 0.5855
      CRPS: 0.5855
TIME run allocation action=new run=/fslarge/scratch/users/h61084/codes/selectime/outputs/selectime/chronos_bolt/evaluations/vanilla_univariate/EWELD_Load/15T/medium/run_0 launch_id=selena_3458556 slurm_job_id=3458556 launched_at=2026-09-17T10:57:35.932365+00:00
[2026-09-17 10:57:35 UTC] evaluate vanilla_univariate EWELD_Load/15T/medium
    Total instances: 140, Series during experiment: 10, Windows: 14
    Collecting ground truth and context...
    Detected to_univariate case: 10 flat series -> 1 series x 10 variates
    Organizing data into arrays...
    Saved predictions (quantiles) to /fslarge/scratch/users/h61084/codes/selectime/outputs/selectime/chronos_bolt/evaluations/vanilla_univariate/EWELD_Load/15T/medium/run_0/predictions.npz
    Computing per-window metrics...
    Saved metrics to /fslarge/scratch/users/h61084/codes/selectime/outputs/selectime/chronos_bolt/evaluations/vanilla_univariate/EWELD_Load/15T/medium/run_0/metrics.npz
    Saved config to /fslarge/scratch/users/h61084/codes/selectime/outputs/selectime/chronos_bolt/evaluations/vanilla_univariate/EWELD_Load/15T/medium/run_0/config.json
    Saved aggregate metrics to /fslarge/scratch/users/h61084/codes/selectime/outputs/selectime/chronos_bolt/evaluations/vanilla_univariate/EWELD_Load/15T/medium/run_0/metrics_summary.json
    Metrics summary (averaged over all series/windows/variates):
      MSE: 1284.3565
      MAE: 14.8336
      RMSE: 19.5553
      MAPE: 0.3850
      sMAPE: 0.3212
      MASE: 0.6762
      ND: 0.2255
      CRPS: 0.2255
TIME run allocation action=new run=/fslarge/scratch/users/h61084/codes/selectime/outputs/selectime/chronos_bolt/evaluations/top1-horizon-mix/EWELD_Load/15T/medium/run_0 launch_id=selena_3458556 slurm_job_id=3458556 launched_at=2026-09-17T10:57:36.055975+00:00
[2026-09-17 10:57:36 UTC] evaluate top1-horizon-mix EWELD_Load/15T/medium
    Total instances: 140, Series during experiment: 10, Windows: 14
    Collecting ground truth and context...
    Detected to_univariate case: 10 flat series -> 1 series x 10 variates
    Organizing data into arrays...
    Saved predictions (quantiles) to /fslarge/scratch/users/h61084/codes/selectime/outputs/selectime/chronos_bolt/evaluations/top1-horizon-mix/EWELD_Load/15T/medium/run_0/predictions.npz
    Computing per-window metrics...
    Saved metrics to /fslarge/scratch/users/h61084/codes/selectime/outputs/selectime/chronos_bolt/evaluations/top1-horizon-mix/EWELD_Load/15T/medium/run_0/metrics.npz
    Saved config to /fslarge/scratch/users/h61084/codes/selectime/outputs/selectime/chronos_bolt/evaluations/top1-horizon-mix/EWELD_Load/15T/medium/run_0/config.json
    Saved aggregate metrics to /fslarge/scratch/users/h61084/codes/selectime/outputs/selectime/chronos_bolt/evaluations/top1-horizon-mix/EWELD_Load/15T/medium/run_0/metrics_summary.json
    Metrics summary (averaged over all series/windows/variates):
      MSE: 1283.4259
      MAE: 14.8408
      RMSE: 19.4885
      MAPE: 0.3962
      sMAPE: 0.3182
      MASE: 0.6730
      ND: 0.2262
      CRPS: 0.2262
TIME run allocation action=new run=/fslarge/scratch/users/h61084/codes/selectime/outputs/selectime/chronos_bolt/evaluations/vanilla_univariate/EWELD_Load/15T/long/run_0 launch_id=selena_3458556 slurm_job_id=3458556 launched_at=2026-09-17T10:57:36.122703+00:00
[2026-09-17 10:57:36 UTC] evaluate vanilla_univariate EWELD_Load/15T/long
    Total instances: 20, Series during experiment: 10, Windows: 2
    Collecting ground truth and context...
    Detected to_univariate case: 10 flat series -> 1 series x 10 variates
    Organizing data into arrays...
    Saved predictions (quantiles) to /fslarge/scratch/users/h61084/codes/selectime/outputs/selectime/chronos_bolt/evaluations/vanilla_univariate/EWELD_Load/15T/long/run_0/predictions.npz
    Computing per-window metrics...
    Saved metrics to /fslarge/scratch/users/h61084/codes/selectime/outputs/selectime/chronos_bolt/evaluations/vanilla_univariate/EWELD_Load/15T/long/run_0/metrics.npz
    Saved config to /fslarge/scratch/users/h61084/codes/selectime/outputs/selectime/chronos_bolt/evaluations/vanilla_univariate/EWELD_Load/15T/long/run_0/config.json
    Saved aggregate metrics to /fslarge/scratch/users/h61084/codes/selectime/outputs/selectime/chronos_bolt/evaluations/vanilla_univariate/EWELD_Load/15T/long/run_0/metrics_summary.json
    Metrics summary (averaged over all series/windows/variates):
      MSE: 1397.1483
      MAE: 15.8503
      RMSE: 21.1440
      MAPE: 0.4748
      sMAPE: 0.3647
      MASE: 0.7765
      ND: 0.2426
      CRPS: 0.2426
TIME run allocation action=new run=/fslarge/scratch/users/h61084/codes/selectime/outputs/selectime/chronos_bolt/evaluations/top1-horizon-mix/EWELD_Load/15T/long/run_0 launch_id=selena_3458556 slurm_job_id=3458556 launched_at=2026-09-17T10:57:36.231712+00:00
[2026-09-17 10:57:36 UTC] evaluate top1-horizon-mix EWELD_Load/15T/long
    Total instances: 20, Series during experiment: 10, Windows: 2
    Collecting ground truth and context...
    Detected to_univariate case: 10 flat series -> 1 series x 10 variates
    Organizing data into arrays...
    Saved predictions (quantiles) to /fslarge/scratch/users/h61084/codes/selectime/outputs/selectime/chronos_bolt/evaluations/top1-horizon-mix/EWELD_Load/15T/long/run_0/predictions.npz
    Computing per-window metrics...
    Saved metrics to /fslarge/scratch/users/h61084/codes/selectime/outputs/selectime/chronos_bolt/evaluations/top1-horizon-mix/EWELD_Load/15T/long/run_0/metrics.npz
    Saved config to /fslarge/scratch/users/h61084/codes/selectime/outputs/selectime/chronos_bolt/evaluations/top1-horizon-mix/EWELD_Load/15T/long/run_0/config.json
    Saved aggregate metrics to /fslarge/scratch/users/h61084/codes/selectime/outputs/selectime/chronos_bolt/evaluations/top1-horizon-mix/EWELD_Load/15T/long/run_0/metrics_summary.json
    Metrics summary (averaged over all series/windows/variates):
      MSE: 1380.0211
      MAE: 15.7215
      RMSE: 20.9388
      MAPE: 0.4711
      sMAPE: 0.3610
      MASE: 0.7678
      ND: 0.2409
      CRPS: 0.2409
TIME run allocation action=new run=/fslarge/scratch/users/h61084/codes/selectime/outputs/selectime/chronos_bolt/evaluations/vanilla_univariate/SG_Carpark/15T/short/run_0 launch_id=selena_3458556 slurm_job_id=3458556 launched_at=2026-09-17T10:57:36.273758+00:00
[2026-09-17 10:57:36 UTC] evaluate vanilla_univariate SG_Carpark/15T/short
    Total instances: 14868, Series during experiment: 354, Windows: 42
    Collecting ground truth and context...
    Organizing data into arrays...
    Saved predictions (quantiles) to /fslarge/scratch/users/h61084/codes/selectime/outputs/selectime/chronos_bolt/evaluations/vanilla_univariate/SG_Carpark/15T/short/run_0/predictions.npz
    Computing per-window metrics...
    Saved metrics to /fslarge/scratch/users/h61084/codes/selectime/outputs/selectime/chronos_bolt/evaluations/vanilla_univariate/SG_Carpark/15T/short/run_0/metrics.npz
    Saved config to /fslarge/scratch/users/h61084/codes/selectime/outputs/selectime/chronos_bolt/evaluations/vanilla_univariate/SG_Carpark/15T/short/run_0/config.json
    Saved aggregate metrics to /fslarge/scratch/users/h61084/codes/selectime/outputs/selectime/chronos_bolt/evaluations/vanilla_univariate/SG_Carpark/15T/short/run_0/metrics_summary.json
    Metrics summary (averaged over all series/windows/variates):
      MSE: 220.1618
      MAE: 5.9515
      RMSE: 7.4339
      MAPE: 0.0375
      sMAPE: 0.0474
      MASE: 0.4072
      ND: 0.0370
      CRPS: 0.0370
TIME run allocation action=new run=/fslarge/scratch/users/h61084/codes/selectime/outputs/selectime/chronos_bolt/evaluations/top1-horizon-mix/SG_Carpark/15T/short/run_0 launch_id=selena_3458556 slurm_job_id=3458556 launched_at=2026-09-17T10:57:38.246928+00:00
[2026-09-17 10:57:38 UTC] evaluate top1-horizon-mix SG_Carpark/15T/short
    Total instances: 14868, Series during experiment: 354, Windows: 42
    Collecting ground truth and context...
    Organizing data into arrays...
    ⚠️  Predictions max value (379119403008.00) exceeds float16 safe range.
    ⚠️  Applying scale factor: 10000000 (values will be divided)
    Saved predictions (quantiles) to /fslarge/scratch/users/h61084/codes/selectime/outputs/selectime/chronos_bolt/evaluations/top1-horizon-mix/SG_Carpark/15T/short/run_0/predictions.npz
    Computing per-window metrics...
    Saved metrics to /fslarge/scratch/users/h61084/codes/selectime/outputs/selectime/chronos_bolt/evaluations/top1-horizon-mix/SG_Carpark/15T/short/run_0/metrics.npz
    Saved config to /fslarge/scratch/users/h61084/codes/selectime/outputs/selectime/chronos_bolt/evaluations/top1-horizon-mix/SG_Carpark/15T/short/run_0/config.json
    Saved aggregate metrics to /fslarge/scratch/users/h61084/codes/selectime/outputs/selectime/chronos_bolt/evaluations/top1-horizon-mix/SG_Carpark/15T/short/run_0/metrics_summary.json
    Metrics summary (averaged over all series/windows/variates):
      MSE: 3020991429177846272.0000
      MAE: 7968449.3792
      RMSE: 14254392.2357
      MAPE: 82438.5278
      sMAPE: 0.0480
      MASE: 382464.8224
      ND: 103048.1498
      CRPS: 103048.1498
TIME run allocation action=new run=/fslarge/scratch/users/h61084/codes/selectime/outputs/selectime/chronos_bolt/evaluations/vanilla_univariate/SG_Carpark/15T/medium/run_0 launch_id=selena_3458556 slurm_job_id=3458556 launched_at=2026-09-17T10:57:40.164713+00:00
[2026-09-17 10:57:40 UTC] evaluate vanilla_univariate SG_Carpark/15T/medium
    Total instances: 2478, Series during experiment: 354, Windows: 7
    Collecting ground truth and context...
    Organizing data into arrays...
    Saved predictions (quantiles) to /fslarge/scratch/users/h61084/codes/selectime/outputs/selectime/chronos_bolt/evaluations/vanilla_univariate/SG_Carpark/15T/medium/run_0/predictions.npz
    Computing per-window metrics...
    Saved metrics to /fslarge/scratch/users/h61084/codes/selectime/outputs/selectime/chronos_bolt/evaluations/vanilla_univariate/SG_Carpark/15T/medium/run_0/metrics.npz
    Saved config to /fslarge/scratch/users/h61084/codes/selectime/outputs/selectime/chronos_bolt/evaluations/vanilla_univariate/SG_Carpark/15T/medium/run_0/config.json
    Saved aggregate metrics to /fslarge/scratch/users/h61084/codes/selectime/outputs/selectime/chronos_bolt/evaluations/vanilla_univariate/SG_Carpark/15T/medium/run_0/metrics_summary.json
    Metrics summary (averaged over all series/windows/variates):
      MSE: 468.2439
      MAE: 9.2279
      RMSE: 12.4567
      MAPE: 0.0534
      sMAPE: 0.0614
      MASE: 0.6111
      ND: 0.0495
      CRPS: 0.0495
TIME run allocation action=new run=/fslarge/scratch/users/h61084/codes/selectime/outputs/selectime/chronos_bolt/evaluations/top1-horizon-mix/SG_Carpark/15T/medium/run_0 launch_id=selena_3458556 slurm_job_id=3458556 launched_at=2026-09-17T10:57:40.799066+00:00
[2026-09-17 10:57:40 UTC] evaluate top1-horizon-mix SG_Carpark/15T/medium
    Total instances: 2478, Series during experiment: 354, Windows: 7
    Collecting ground truth and context...
    Organizing data into arrays...
    Saved predictions (quantiles) to /fslarge/scratch/users/h61084/codes/selectime/outputs/selectime/chronos_bolt/evaluations/top1-horizon-mix/SG_Carpark/15T/medium/run_0/predictions.npz
    Computing per-window metrics...
    Saved metrics to /fslarge/scratch/users/h61084/codes/selectime/outputs/selectime/chronos_bolt/evaluations/top1-horizon-mix/SG_Carpark/15T/medium/run_0/metrics.npz
    Saved config to /fslarge/scratch/users/h61084/codes/selectime/outputs/selectime/chronos_bolt/evaluations/top1-horizon-mix/SG_Carpark/15T/medium/run_0/config.json
    Saved aggregate metrics to /fslarge/scratch/users/h61084/codes/selectime/outputs/selectime/chronos_bolt/evaluations/top1-horizon-mix/SG_Carpark/15T/medium/run_0/metrics_summary.json
    Metrics summary (averaged over all series/windows/variates):
      MSE: 468.2439
      MAE: 9.2279
      RMSE: 12.4567
      MAPE: 0.0534
      sMAPE: 0.0614
      MASE: 0.6111
      ND: 0.0495
      CRPS: 0.0495
TIME run allocation action=new run=/fslarge/scratch/users/h61084/codes/selectime/outputs/selectime/chronos_bolt/evaluations/vanilla_univariate/SG_Carpark/15T/long/run_0 launch_id=selena_3458556 slurm_job_id=3458556 launched_at=2026-09-17T10:57:41.355938+00:00
[2026-09-17 10:57:41 UTC] evaluate vanilla_univariate SG_Carpark/15T/long
    Total instances: 354, Series during experiment: 354, Windows: 1
    Collecting ground truth and context...
    Organizing data into arrays...
    Saved predictions (quantiles) to /fslarge/scratch/users/h61084/codes/selectime/outputs/selectime/chronos_bolt/evaluations/vanilla_univariate/SG_Carpark/15T/long/run_0/predictions.npz
    Computing per-window metrics...
    Saved metrics to /fslarge/scratch/users/h61084/codes/selectime/outputs/selectime/chronos_bolt/evaluations/vanilla_univariate/SG_Carpark/15T/long/run_0/metrics.npz
    Saved config to /fslarge/scratch/users/h61084/codes/selectime/outputs/selectime/chronos_bolt/evaluations/vanilla_univariate/SG_Carpark/15T/long/run_0/config.json
    Saved aggregate metrics to /fslarge/scratch/users/h61084/codes/selectime/outputs/selectime/chronos_bolt/evaluations/vanilla_univariate/SG_Carpark/15T/long/run_0/metrics_summary.json
    Metrics summary (averaged over all series/windows/variates):
      MSE: 999.9016
      MAE: 15.0763
      RMSE: 20.4363
      MAPE: 0.0832
      sMAPE: 0.0864
      MASE: 0.9706
      ND: 0.0794
      CRPS: 0.0794
TIME run allocation action=new run=/fslarge/scratch/users/h61084/codes/selectime/outputs/selectime/chronos_bolt/evaluations/top1-horizon-mix/SG_Carpark/15T/long/run_0 launch_id=selena_3458556 slurm_job_id=3458556 launched_at=2026-09-17T10:57:41.763379+00:00
[2026-09-17 10:57:41 UTC] evaluate top1-horizon-mix SG_Carpark/15T/long
    Total instances: 354, Series during experiment: 354, Windows: 1
    Collecting ground truth and context...
    Organizing data into arrays...
    Saved predictions (quantiles) to /fslarge/scratch/users/h61084/codes/selectime/outputs/selectime/chronos_bolt/evaluations/top1-horizon-mix/SG_Carpark/15T/long/run_0/predictions.npz
    Computing per-window metrics...
    Saved metrics to /fslarge/scratch/users/h61084/codes/selectime/outputs/selectime/chronos_bolt/evaluations/top1-horizon-mix/SG_Carpark/15T/long/run_0/metrics.npz
    Saved config to /fslarge/scratch/users/h61084/codes/selectime/outputs/selectime/chronos_bolt/evaluations/top1-horizon-mix/SG_Carpark/15T/long/run_0/config.json
    Saved aggregate metrics to /fslarge/scratch/users/h61084/codes/selectime/outputs/selectime/chronos_bolt/evaluations/top1-horizon-mix/SG_Carpark/15T/long/run_0/metrics_summary.json
    Metrics summary (averaged over all series/windows/variates):
      MSE: 999.9016
      MAE: 15.0763
      RMSE: 20.4363
      MAPE: 0.0832
      sMAPE: 0.0864
      MASE: 0.9706
      ND: 0.0794
      CRPS: 0.0794
TIME run allocation action=new run=/fslarge/scratch/users/h61084/codes/selectime/outputs/selectime/chronos_bolt/evaluations/vanilla_univariate/Finland_Traffic/15T/short/run_0 launch_id=selena_3458556 slurm_job_id=3458556 launched_at=2026-09-17T10:57:42.097418+00:00
[2026-09-17 10:57:42 UTC] evaluate vanilla_univariate Finland_Traffic/15T/short
    Total instances: 186, Series during experiment: 1, Windows: 186
    Collecting ground truth and context...
    Organizing data into arrays...
    Saved predictions (quantiles) to /fslarge/scratch/users/h61084/codes/selectime/outputs/selectime/chronos_bolt/evaluations/vanilla_univariate/Finland_Traffic/15T/short/run_0/predictions.npz
    Computing per-window metrics...
    Saved metrics to /fslarge/scratch/users/h61084/codes/selectime/outputs/selectime/chronos_bolt/evaluations/vanilla_univariate/Finland_Traffic/15T/short/run_0/metrics.npz
    Saved config to /fslarge/scratch/users/h61084/codes/selectime/outputs/selectime/chronos_bolt/evaluations/vanilla_univariate/Finland_Traffic/15T/short/run_0/config.json
    Saved aggregate metrics to /fslarge/scratch/users/h61084/codes/selectime/outputs/selectime/chronos_bolt/evaluations/vanilla_univariate/Finland_Traffic/15T/short/run_0/metrics_summary.json
    Metrics summary (averaged over all series/windows/variates):
      MSE: 886.2001
      MAE: 18.3162
      RMSE: 22.2846
      MAPE: 0.2285
      sMAPE: 0.2034
      MASE: 0.4453
      ND: 0.2109
      CRPS: 0.2109
TIME run allocation action=new run=/fslarge/scratch/users/h61084/codes/selectime/outputs/selectime/chronos_bolt/evaluations/top1-horizon-mix/Finland_Traffic/15T/short/run_0 launch_id=selena_3458556 slurm_job_id=3458556 launched_at=2026-09-17T10:57:42.229664+00:00
[2026-09-17 10:57:42 UTC] evaluate top1-horizon-mix Finland_Traffic/15T/short
    Total instances: 186, Series during experiment: 1, Windows: 186
    Collecting ground truth and context...
    Organizing data into arrays...
    Saved predictions (quantiles) to /fslarge/scratch/users/h61084/codes/selectime/outputs/selectime/chronos_bolt/evaluations/top1-horizon-mix/Finland_Traffic/15T/short/run_0/predictions.npz
    Computing per-window metrics...
    Saved metrics to /fslarge/scratch/users/h61084/codes/selectime/outputs/selectime/chronos_bolt/evaluations/top1-horizon-mix/Finland_Traffic/15T/short/run_0/metrics.npz
    Saved config to /fslarge/scratch/users/h61084/codes/selectime/outputs/selectime/chronos_bolt/evaluations/top1-horizon-mix/Finland_Traffic/15T/short/run_0/config.json
    Saved aggregate metrics to /fslarge/scratch/users/h61084/codes/selectime/outputs/selectime/chronos_bolt/evaluations/top1-horizon-mix/Finland_Traffic/15T/short/run_0/metrics_summary.json
    Metrics summary (averaged over all series/windows/variates):
      MSE: 825.5642
      MAE: 17.8707
      RMSE: 21.7348
      MAPE: 0.2327
      sMAPE: 0.2084
      MASE: 0.4346
      ND: 0.2160
      CRPS: 0.2160
TIME run allocation action=new run=/fslarge/scratch/users/h61084/codes/selectime/outputs/selectime/chronos_bolt/evaluations/vanilla_univariate/Finland_Traffic/15T/medium/run_0 launch_id=selena_3458556 slurm_job_id=3458556 launched_at=2026-09-17T10:57:42.293835+00:00
[2026-09-17 10:57:42 UTC] evaluate vanilla_univariate Finland_Traffic/15T/medium
    Total instances: 31, Series during experiment: 1, Windows: 31
    Collecting ground truth and context...
    Organizing data into arrays...
    Saved predictions (quantiles) to /fslarge/scratch/users/h61084/codes/selectime/outputs/selectime/chronos_bolt/evaluations/vanilla_univariate/Finland_Traffic/15T/medium/run_0/predictions.npz
    Computing per-window metrics...
    Saved metrics to /fslarge/scratch/users/h61084/codes/selectime/outputs/selectime/chronos_bolt/evaluations/vanilla_univariate/Finland_Traffic/15T/medium/run_0/metrics.npz
    Saved config to /fslarge/scratch/users/h61084/codes/selectime/outputs/selectime/chronos_bolt/evaluations/vanilla_univariate/Finland_Traffic/15T/medium/run_0/config.json
    Saved aggregate metrics to /fslarge/scratch/users/h61084/codes/selectime/outputs/selectime/chronos_bolt/evaluations/vanilla_univariate/Finland_Traffic/15T/medium/run_0/metrics_summary.json
    Metrics summary (averaged over all series/windows/variates):
      MSE: 1548.3612
      MAE: 24.5482
      RMSE: 34.5191
      MAPE: 0.2860
      sMAPE: 0.2410
      MASE: 0.5967
      ND: 0.1971
      CRPS: 0.1971
TIME run allocation action=new run=/fslarge/scratch/users/h61084/codes/selectime/outputs/selectime/chronos_bolt/evaluations/top1-horizon-mix/Finland_Traffic/15T/medium/run_0 launch_id=selena_3458556 slurm_job_id=3458556 launched_at=2026-09-17T10:57:42.395985+00:00
[2026-09-17 10:57:42 UTC] evaluate top1-horizon-mix Finland_Traffic/15T/medium
    Total instances: 31, Series during experiment: 1, Windows: 31
    Collecting ground truth and context...
    Organizing data into arrays...
    Saved predictions (quantiles) to /fslarge/scratch/users/h61084/codes/selectime/outputs/selectime/chronos_bolt/evaluations/top1-horizon-mix/Finland_Traffic/15T/medium/run_0/predictions.npz
    Computing per-window metrics...
    Saved metrics to /fslarge/scratch/users/h61084/codes/selectime/outputs/selectime/chronos_bolt/evaluations/top1-horizon-mix/Finland_Traffic/15T/medium/run_0/metrics.npz
    Saved config to /fslarge/scratch/users/h61084/codes/selectime/outputs/selectime/chronos_bolt/evaluations/top1-horizon-mix/Finland_Traffic/15T/medium/run_0/config.json
    Saved aggregate metrics to /fslarge/scratch/users/h61084/codes/selectime/outputs/selectime/chronos_bolt/evaluations/top1-horizon-mix/Finland_Traffic/15T/medium/run_0/metrics_summary.json
    Metrics summary (averaged over all series/windows/variates):
      MSE: 1433.7292
      MAE: 23.1593
      RMSE: 32.1745
      MAPE: 0.3015
      sMAPE: 0.2679
      MASE: 0.5629
      ND: 0.1857
      CRPS: 0.1857
TIME run allocation action=new run=/fslarge/scratch/users/h61084/codes/selectime/outputs/selectime/chronos_bolt/evaluations/vanilla_univariate/Finland_Traffic/15T/long/run_0 launch_id=selena_3458556 slurm_job_id=3458556 launched_at=2026-09-17T10:57:42.430824+00:00
[2026-09-17 10:57:42 UTC] evaluate vanilla_univariate Finland_Traffic/15T/long
    Total instances: 4, Series during experiment: 1, Windows: 4
    Collecting ground truth and context...
    Organizing data into arrays...
    Saved predictions (quantiles) to /fslarge/scratch/users/h61084/codes/selectime/outputs/selectime/chronos_bolt/evaluations/vanilla_univariate/Finland_Traffic/15T/long/run_0/predictions.npz
    Computing per-window metrics...
    Saved metrics to /fslarge/scratch/users/h61084/codes/selectime/outputs/selectime/chronos_bolt/evaluations/vanilla_univariate/Finland_Traffic/15T/long/run_0/metrics.npz
    Saved config to /fslarge/scratch/users/h61084/codes/selectime/outputs/selectime/chronos_bolt/evaluations/vanilla_univariate/Finland_Traffic/15T/long/run_0/config.json
    Saved aggregate metrics to /fslarge/scratch/users/h61084/codes/selectime/outputs/selectime/chronos_bolt/evaluations/vanilla_univariate/Finland_Traffic/15T/long/run_0/metrics_summary.json
    Metrics summary (averaged over all series/windows/variates):
      MSE: 1905.4599
      MAE: 26.2331
      RMSE: 41.0546
      MAPE: 0.3631
      sMAPE: 0.2460
      MASE: 0.6364
      ND: 0.2025
      CRPS: 0.2025
TIME run allocation action=new run=/fslarge/scratch/users/h61084/codes/selectime/outputs/selectime/chronos_bolt/evaluations/top1-horizon-mix/Finland_Traffic/15T/long/run_0 launch_id=selena_3458556 slurm_job_id=3458556 launched_at=2026-09-17T10:57:42.529062+00:00
[2026-09-17 10:57:42 UTC] evaluate top1-horizon-mix Finland_Traffic/15T/long
    Total instances: 4, Series during experiment: 1, Windows: 4
    Collecting ground truth and context...
    Organizing data into arrays...
    Saved predictions (quantiles) to /fslarge/scratch/users/h61084/codes/selectime/outputs/selectime/chronos_bolt/evaluations/top1-horizon-mix/Finland_Traffic/15T/long/run_0/predictions.npz
    Computing per-window metrics...
    Saved metrics to /fslarge/scratch/users/h61084/codes/selectime/outputs/selectime/chronos_bolt/evaluations/top1-horizon-mix/Finland_Traffic/15T/long/run_0/metrics.npz
    Saved config to /fslarge/scratch/users/h61084/codes/selectime/outputs/selectime/chronos_bolt/evaluations/top1-horizon-mix/Finland_Traffic/15T/long/run_0/config.json
    Saved aggregate metrics to /fslarge/scratch/users/h61084/codes/selectime/outputs/selectime/chronos_bolt/evaluations/top1-horizon-mix/Finland_Traffic/15T/long/run_0/metrics_summary.json
    Metrics summary (averaged over all series/windows/variates):
      MSE: 1852.9544
      MAE: 25.2901
      RMSE: 39.8125
      MAPE: 0.3582
      sMAPE: 0.2363
      MASE: 0.6136
      ND: 0.1954
      CRPS: 0.1954
TIME run allocation action=new run=/fslarge/scratch/users/h61084/codes/selectime/outputs/selectime/chronos_bolt/evaluations/vanilla_univariate/Port_Activity/D/short/run_0 launch_id=selena_3458556 slurm_job_id=3458556 launched_at=2026-09-17T10:57:42.559249+00:00
[2026-09-17 10:57:42 UTC] evaluate vanilla_univariate Port_Activity/D/short
    Total instances: 2376, Series during experiment: 198, Windows: 12
    Collecting ground truth and context...
    Detected to_univariate case: 198 flat series -> 99 series x 2 variates
    Organizing data into arrays...
    ⚠️  Predictions max value (359352.38) exceeds float16 safe range.
    ⚠️  Applying scale factor: 10 (values will be divided)
    Saved predictions (quantiles) to /fslarge/scratch/users/h61084/codes/selectime/outputs/selectime/chronos_bolt/evaluations/vanilla_univariate/Port_Activity/D/short/run_0/predictions.npz
    Computing per-window metrics...
    Saved metrics to /fslarge/scratch/users/h61084/codes/selectime/outputs/selectime/chronos_bolt/evaluations/vanilla_univariate/Port_Activity/D/short/run_0/metrics.npz
    Saved config to /fslarge/scratch/users/h61084/codes/selectime/outputs/selectime/chronos_bolt/evaluations/vanilla_univariate/Port_Activity/D/short/run_0/config.json
    Saved aggregate metrics to /fslarge/scratch/users/h61084/codes/selectime/outputs/selectime/chronos_bolt/evaluations/vanilla_univariate/Port_Activity/D/short/run_0/metrics_summary.json
    Metrics summary (averaged over all series/windows/variates):
      MSE: 957024307.0050
      MAE: 15456.3284
      RMSE: 21287.8250
      MAPE: 2.6430
      sMAPE: 0.9476
      MASE: 0.6620
      ND: 0.7475
      CRPS: 0.7475
TIME run allocation action=new run=/fslarge/scratch/users/h61084/codes/selectime/outputs/selectime/chronos_bolt/evaluations/top1-horizon-mix/Port_Activity/D/short/run_0 launch_id=selena_3458556 slurm_job_id=3458556 launched_at=2026-09-17T10:57:42.853095+00:00
[2026-09-17 10:57:42 UTC] evaluate top1-horizon-mix Port_Activity/D/short
    Total instances: 2376, Series during experiment: 198, Windows: 12
    Collecting ground truth and context...
    Detected to_univariate case: 198 flat series -> 99 series x 2 variates
    Organizing data into arrays...
    ⚠️  Predictions max value (372456.44) exceeds float16 safe range.
    ⚠️  Applying scale factor: 10 (values will be divided)
    Saved predictions (quantiles) to /fslarge/scratch/users/h61084/codes/selectime/outputs/selectime/chronos_bolt/evaluations/top1-horizon-mix/Port_Activity/D/short/run_0/predictions.npz
    Computing per-window metrics...
    Saved metrics to /fslarge/scratch/users/h61084/codes/selectime/outputs/selectime/chronos_bolt/evaluations/top1-horizon-mix/Port_Activity/D/short/run_0/metrics.npz
    Saved config to /fslarge/scratch/users/h61084/codes/selectime/outputs/selectime/chronos_bolt/evaluations/top1-horizon-mix/Port_Activity/D/short/run_0/config.json
    Saved aggregate metrics to /fslarge/scratch/users/h61084/codes/selectime/outputs/selectime/chronos_bolt/evaluations/top1-horizon-mix/Port_Activity/D/short/run_0/metrics_summary.json
    Metrics summary (averaged over all series/windows/variates):
      MSE: 954477415.2111
      MAE: 15503.0212
      RMSE: 21233.9693
      MAPE: 2.8450
      sMAPE: 0.9418
      MASE: 0.6639
      ND: 0.7516
      CRPS: 0.7516
TIME run allocation action=new run=/fslarge/scratch/users/h61084/codes/selectime/outputs/selectime/chronos_bolt/evaluations/vanilla_univariate/Port_Activity/W/short/run_0 launch_id=selena_3458556 slurm_job_id=3458556 launched_at=2026-09-17T10:57:43.078260+00:00
[2026-09-17 10:57:43 UTC] evaluate vanilla_univariate Port_Activity/W/short
    Total instances: 792, Series during experiment: 198, Windows: 4
    Collecting ground truth and context...
    Detected to_univariate case: 198 flat series -> 99 series x 2 variates
    Organizing data into arrays...
    ⚠️  Predictions max value (2567403.75) exceeds float16 safe range.
    ⚠️  Applying scale factor: 100 (values will be divided)
    Saved predictions (quantiles) to /fslarge/scratch/users/h61084/codes/selectime/outputs/selectime/chronos_bolt/evaluations/vanilla_univariate/Port_Activity/W/short/run_0/predictions.npz
    Computing per-window metrics...
    Saved metrics to /fslarge/scratch/users/h61084/codes/selectime/outputs/selectime/chronos_bolt/evaluations/vanilla_univariate/Port_Activity/W/short/run_0/metrics.npz
    Saved config to /fslarge/scratch/users/h61084/codes/selectime/outputs/selectime/chronos_bolt/evaluations/vanilla_univariate/Port_Activity/W/short/run_0/config.json
    Saved aggregate metrics to /fslarge/scratch/users/h61084/codes/selectime/outputs/selectime/chronos_bolt/evaluations/vanilla_univariate/Port_Activity/W/short/run_0/metrics_summary.json
    Metrics summary (averaged over all series/windows/variates):
      MSE: 5952594008.4286
      MAE: 43928.4211
      RMSE: 53759.6599
      MAPE: 0.6903
      sMAPE: 0.3411
      MASE: 0.7834
      ND: 0.3434
      CRPS: 0.3434
TIME run allocation action=new run=/fslarge/scratch/users/h61084/codes/selectime/outputs/selectime/chronos_bolt/evaluations/top1-horizon-mix/Port_Activity/W/short/run_0 launch_id=selena_3458556 slurm_job_id=3458556 launched_at=2026-09-17T10:57:43.231057+00:00
[2026-09-17 10:57:43 UTC] evaluate top1-horizon-mix Port_Activity/W/short
    Total instances: 792, Series during experiment: 198, Windows: 4
    Collecting ground truth and context...
    Detected to_univariate case: 198 flat series -> 99 series x 2 variates
    Organizing data into arrays...
    ⚠️  Predictions max value (2571744.75) exceeds float16 safe range.
    ⚠️  Applying scale factor: 100 (values will be divided)
    Saved predictions (quantiles) to /fslarge/scratch/users/h61084/codes/selectime/outputs/selectime/chronos_bolt/evaluations/top1-horizon-mix/Port_Activity/W/short/run_0/predictions.npz
    Computing per-window metrics...
    Saved metrics to /fslarge/scratch/users/h61084/codes/selectime/outputs/selectime/chronos_bolt/evaluations/top1-horizon-mix/Port_Activity/W/short/run_0/metrics.npz
    Saved config to /fslarge/scratch/users/h61084/codes/selectime/outputs/selectime/chronos_bolt/evaluations/top1-horizon-mix/Port_Activity/W/short/run_0/config.json
    Saved aggregate metrics to /fslarge/scratch/users/h61084/codes/selectime/outputs/selectime/chronos_bolt/evaluations/top1-horizon-mix/Port_Activity/W/short/run_0/metrics_summary.json
    Metrics summary (averaged over all series/windows/variates):
      MSE: 5907277070.3695
      MAE: 43954.5862
      RMSE: 53718.8912
      MAPE: 0.6878
      sMAPE: 0.3416
      MASE: 0.7855
      ND: 0.3440
      CRPS: 0.3440
TIME run allocation action=new run=/fslarge/scratch/users/h61084/codes/selectime/outputs/selectime/chronos_bolt/evaluations/vanilla_univariate/ECDC_COVID/D/short/run_0 launch_id=selena_3458556 slurm_job_id=3458556 launched_at=2026-09-17T10:57:43.315347+00:00
[2026-09-17 10:57:43 UTC] evaluate vanilla_univariate ECDC_COVID/D/short
    Total instances: 45, Series during experiment: 9, Windows: 5
    Collecting ground truth and context...
    Organizing data into arrays...
    Saved predictions (quantiles) to /fslarge/scratch/users/h61084/codes/selectime/outputs/selectime/chronos_bolt/evaluations/vanilla_univariate/ECDC_COVID/D/short/run_0/predictions.npz
    Computing per-window metrics...
    Saved metrics to /fslarge/scratch/users/h61084/codes/selectime/outputs/selectime/chronos_bolt/evaluations/vanilla_univariate/ECDC_COVID/D/short/run_0/metrics.npz
    Saved config to /fslarge/scratch/users/h61084/codes/selectime/outputs/selectime/chronos_bolt/evaluations/vanilla_univariate/ECDC_COVID/D/short/run_0/config.json
    Saved aggregate metrics to /fslarge/scratch/users/h61084/codes/selectime/outputs/selectime/chronos_bolt/evaluations/vanilla_univariate/ECDC_COVID/D/short/run_0/metrics_summary.json
    Metrics summary (averaged over all series/windows/variates):
      MSE: 60312.6301
      MAE: 134.3565
      RMSE: 156.9351
      MAPE: 0.5013
      sMAPE: 0.3378
      MASE: 3.5291
      ND: 0.3757
      CRPS: 0.3757
TIME run allocation action=new run=/fslarge/scratch/users/h61084/codes/selectime/outputs/selectime/chronos_bolt/evaluations/top1-horizon-mix/ECDC_COVID/D/short/run_0 launch_id=selena_3458556 slurm_job_id=3458556 launched_at=2026-09-17T10:57:43.415593+00:00
[2026-09-17 10:57:43 UTC] evaluate top1-horizon-mix ECDC_COVID/D/short
    Total instances: 45, Series during experiment: 9, Windows: 5
    Collecting ground truth and context...
    Organizing data into arrays...
    Saved predictions (quantiles) to /fslarge/scratch/users/h61084/codes/selectime/outputs/selectime/chronos_bolt/evaluations/top1-horizon-mix/ECDC_COVID/D/short/run_0/predictions.npz
    Computing per-window metrics...
    Saved metrics to /fslarge/scratch/users/h61084/codes/selectime/outputs/selectime/chronos_bolt/evaluations/top1-horizon-mix/ECDC_COVID/D/short/run_0/metrics.npz
    Saved config to /fslarge/scratch/users/h61084/codes/selectime/outputs/selectime/chronos_bolt/evaluations/top1-horizon-mix/ECDC_COVID/D/short/run_0/config.json
    Saved aggregate metrics to /fslarge/scratch/users/h61084/codes/selectime/outputs/selectime/chronos_bolt/evaluations/top1-horizon-mix/ECDC_COVID/D/short/run_0/metrics_summary.json
    Metrics summary (averaged over all series/windows/variates):
      MSE: 216684.8649
      MAE: 177.1035
      RMSE: 220.7011
      MAPE: 0.4943
      sMAPE: 0.3262
      MASE: 4.2426
      ND: 0.3829
      CRPS: 0.3829
TIME run allocation action=new run=/fslarge/scratch/users/h61084/codes/selectime/outputs/selectime/chronos_bolt/evaluations/vanilla_univariate/ECDC_COVID/W/short/run_0 launch_id=selena_3458556 slurm_job_id=3458556 launched_at=2026-09-17T10:57:43.447193+00:00
[2026-09-17 10:57:43 UTC] evaluate vanilla_univariate ECDC_COVID/W/short
    Total instances: 64, Series during experiment: 16, Windows: 4
    Collecting ground truth and context...
    Organizing data into arrays...
    Saved predictions (quantiles) to /fslarge/scratch/users/h61084/codes/selectime/outputs/selectime/chronos_bolt/evaluations/vanilla_univariate/ECDC_COVID/W/short/run_0/predictions.npz
    Computing per-window metrics...
    Saved metrics to /fslarge/scratch/users/h61084/codes/selectime/outputs/selectime/chronos_bolt/evaluations/vanilla_univariate/ECDC_COVID/W/short/run_0/metrics.npz
    Saved config to /fslarge/scratch/users/h61084/codes/selectime/outputs/selectime/chronos_bolt/evaluations/vanilla_univariate/ECDC_COVID/W/short/run_0/config.json
    Saved aggregate metrics to /fslarge/scratch/users/h61084/codes/selectime/outputs/selectime/chronos_bolt/evaluations/vanilla_univariate/ECDC_COVID/W/short/run_0/metrics_summary.json
    Metrics summary (averaged over all series/windows/variates):
      MSE: 3144297.4611
      MAE: 570.0966
      RMSE: 646.4050
      MAPE: 0.9024
      sMAPE: 0.5312
      MASE: 1.3582
      ND: 0.5989
      CRPS: 0.5989
TIME run allocation action=new run=/fslarge/scratch/users/h61084/codes/selectime/outputs/selectime/chronos_bolt/evaluations/top1-horizon-mix/ECDC_COVID/W/short/run_0 launch_id=selena_3458556 slurm_job_id=3458556 launched_at=2026-09-17T10:57:43.547570+00:00
[2026-09-17 10:57:43 UTC] evaluate top1-horizon-mix ECDC_COVID/W/short
    Total instances: 64, Series during experiment: 16, Windows: 4
    Collecting ground truth and context...
    Organizing data into arrays...
    Saved predictions (quantiles) to /fslarge/scratch/users/h61084/codes/selectime/outputs/selectime/chronos_bolt/evaluations/top1-horizon-mix/ECDC_COVID/W/short/run_0/predictions.npz
    Computing per-window metrics...
    Saved metrics to /fslarge/scratch/users/h61084/codes/selectime/outputs/selectime/chronos_bolt/evaluations/top1-horizon-mix/ECDC_COVID/W/short/run_0/metrics.npz
    Saved config to /fslarge/scratch/users/h61084/codes/selectime/outputs/selectime/chronos_bolt/evaluations/top1-horizon-mix/ECDC_COVID/W/short/run_0/config.json
    Saved aggregate metrics to /fslarge/scratch/users/h61084/codes/selectime/outputs/selectime/chronos_bolt/evaluations/top1-horizon-mix/ECDC_COVID/W/short/run_0/metrics_summary.json
    Metrics summary (averaged over all series/windows/variates):
      MSE: 3486364.1139
      MAE: 570.4390
      RMSE: 710.6353
      MAPE: 1.3491
      sMAPE: 0.5885
      MASE: 1.6131
      ND: 0.7404
      CRPS: 0.7404
TIME run allocation action=new run=/fslarge/scratch/users/h61084/codes/selectime/outputs/selectime/chronos_bolt/evaluations/vanilla_univariate/Global_Influenza/W/short/run_0 launch_id=selena_3458556 slurm_job_id=3458556 launched_at=2026-09-17T10:57:43.579145+00:00
[2026-09-17 10:57:43 UTC] evaluate vanilla_univariate Global_Influenza/W/short
    Total instances: 240, Series during experiment: 60, Windows: 4
    Collecting ground truth and context...
    Detected to_univariate case: 60 flat series -> 15 series x 4 variates
    Organizing data into arrays...
    ⚠️  Predictions max value (78548.91) exceeds float16 safe range.
    ⚠️  Applying scale factor: 10 (values will be divided)
    Saved predictions (quantiles) to /fslarge/scratch/users/h61084/codes/selectime/outputs/selectime/chronos_bolt/evaluations/vanilla_univariate/Global_Influenza/W/short/run_0/predictions.npz
    Computing per-window metrics...
    Saved metrics to /fslarge/scratch/users/h61084/codes/selectime/outputs/selectime/chronos_bolt/evaluations/vanilla_univariate/Global_Influenza/W/short/run_0/metrics.npz
    Saved config to /fslarge/scratch/users/h61084/codes/selectime/outputs/selectime/chronos_bolt/evaluations/vanilla_univariate/Global_Influenza/W/short/run_0/config.json
    Saved aggregate metrics to /fslarge/scratch/users/h61084/codes/selectime/outputs/selectime/chronos_bolt/evaluations/vanilla_univariate/Global_Influenza/W/short/run_0/metrics_summary.json
    Metrics summary (averaged over all series/windows/variates):
      MSE: 4573334.8691
      MAE: 530.6044
      RMSE: 658.5585
      MAPE: 0.7362
      sMAPE: 0.5172
      MASE: 2.8884
      ND: 0.5298
      CRPS: 0.5298
TIME run allocation action=new run=/fslarge/scratch/users/h61084/codes/selectime/outputs/selectime/chronos_bolt/evaluations/top1-horizon-mix/Global_Influenza/W/short/run_0 launch_id=selena_3458556 slurm_job_id=3458556 launched_at=2026-09-17T10:57:43.696347+00:00
[2026-09-17 10:57:43 UTC] evaluate top1-horizon-mix Global_Influenza/W/short
    Total instances: 240, Series during experiment: 60, Windows: 4
    Collecting ground truth and context...
    Detected to_univariate case: 60 flat series -> 15 series x 4 variates
    Organizing data into arrays...
    ⚠️  Predictions max value (76235.06) exceeds float16 safe range.
    ⚠️  Applying scale factor: 10 (values will be divided)
    Saved predictions (quantiles) to /fslarge/scratch/users/h61084/codes/selectime/outputs/selectime/chronos_bolt/evaluations/top1-horizon-mix/Global_Influenza/W/short/run_0/predictions.npz
    Computing per-window metrics...
    Saved metrics to /fslarge/scratch/users/h61084/codes/selectime/outputs/selectime/chronos_bolt/evaluations/top1-horizon-mix/Global_Influenza/W/short/run_0/metrics.npz
    Saved config to /fslarge/scratch/users/h61084/codes/selectime/outputs/selectime/chronos_bolt/evaluations/top1-horizon-mix/Global_Influenza/W/short/run_0/config.json
    Saved aggregate metrics to /fslarge/scratch/users/h61084/codes/selectime/outputs/selectime/chronos_bolt/evaluations/top1-horizon-mix/Global_Influenza/W/short/run_0/metrics_summary.json
    Metrics summary (averaged over all series/windows/variates):
      MSE: 3657914.4841
      MAE: 562.3577
      RMSE: 694.1095
      MAPE: 0.9870
      sMAPE: 0.5466
      MASE: 3.8236
      ND: 0.6889
      CRPS: 0.6889
TIME run allocation action=new run=/fslarge/scratch/users/h61084/codes/selectime/outputs/selectime/chronos_bolt/evaluations/vanilla_univariate/Crypto/D/short/run_0 launch_id=selena_3458556 slurm_job_id=3458556 launched_at=2026-09-17T10:57:43.741705+00:00
[2026-09-17 10:57:43 UTC] evaluate vanilla_univariate Crypto/D/short
    Total instances: 36, Series during experiment: 4, Windows: 9
    Collecting ground truth and context...
    Detected to_univariate case: 4 flat series -> 1 series x 4 variates
    Organizing data into arrays...
    ⚠️  Predictions max value (119615.10) exceeds float16 safe range.
    ⚠️  Applying scale factor: 10 (values will be divided)
    Saved predictions (quantiles) to /fslarge/scratch/users/h61084/codes/selectime/outputs/selectime/chronos_bolt/evaluations/vanilla_univariate/Crypto/D/short/run_0/predictions.npz
    Computing per-window metrics...
    Saved metrics to /fslarge/scratch/users/h61084/codes/selectime/outputs/selectime/chronos_bolt/evaluations/vanilla_univariate/Crypto/D/short/run_0/metrics.npz
    Saved config to /fslarge/scratch/users/h61084/codes/selectime/outputs/selectime/chronos_bolt/evaluations/vanilla_univariate/Crypto/D/short/run_0/config.json
    Saved aggregate metrics to /fslarge/scratch/users/h61084/codes/selectime/outputs/selectime/chronos_bolt/evaluations/vanilla_univariate/Crypto/D/short/run_0/metrics_summary.json
    Metrics summary (averaged over all series/windows/variates):
      MSE: 11710806.9858
      MAE: 1443.1455
      RMSE: 1686.3647
      MAPE: 0.0998
      sMAPE: 0.1008
      MASE: 6.6506
      ND: 0.1011
      CRPS: 0.1011
TIME run allocation action=new run=/fslarge/scratch/users/h61084/codes/selectime/outputs/selectime/chronos_bolt/evaluations/top1-horizon-mix/Crypto/D/short/run_0 launch_id=selena_3458556 slurm_job_id=3458556 launched_at=2026-09-17T10:57:43.841784+00:00
[2026-09-17 10:57:43 UTC] evaluate top1-horizon-mix Crypto/D/short
    Total instances: 36, Series during experiment: 4, Windows: 9
    Collecting ground truth and context...
    Detected to_univariate case: 4 flat series -> 1 series x 4 variates
    Organizing data into arrays...
    ⚠️  Predictions max value (118824.77) exceeds float16 safe range.
    ⚠️  Applying scale factor: 10 (values will be divided)
    Saved predictions (quantiles) to /fslarge/scratch/users/h61084/codes/selectime/outputs/selectime/chronos_bolt/evaluations/top1-horizon-mix/Crypto/D/short/run_0/predictions.npz
    Computing per-window metrics...
    Saved metrics to /fslarge/scratch/users/h61084/codes/selectime/outputs/selectime/chronos_bolt/evaluations/top1-horizon-mix/Crypto/D/short/run_0/metrics.npz
    Saved config to /fslarge/scratch/users/h61084/codes/selectime/outputs/selectime/chronos_bolt/evaluations/top1-horizon-mix/Crypto/D/short/run_0/config.json
    Saved aggregate metrics to /fslarge/scratch/users/h61084/codes/selectime/outputs/selectime/chronos_bolt/evaluations/top1-horizon-mix/Crypto/D/short/run_0/metrics_summary.json
    Metrics summary (averaged over all series/windows/variates):
      MSE: 12022444.2828
      MAE: 1440.7518
      RMSE: 1682.7794
      MAPE: 0.1063
      sMAPE: 0.1067
      MASE: 7.0215
      ND: 0.1071
      CRPS: 0.1071
TIME run allocation action=new run=/fslarge/scratch/users/h61084/codes/selectime/outputs/selectime/chronos_bolt/evaluations/vanilla_univariate/US_Term_Structure/B/short/run_0 launch_id=selena_3458556 slurm_job_id=3458556 launched_at=2026-09-17T10:57:43.901983+00:00
[2026-09-17 10:57:43 UTC] evaluate vanilla_univariate US_Term_Structure/B/short
    Total instances: 1400, Series during experiment: 40, Windows: 35
    Collecting ground truth and context...
    Detected to_univariate case: 40 flat series -> 1 series x 40 variates
    Organizing data into arrays...
    Saved predictions (quantiles) to /fslarge/scratch/users/h61084/codes/selectime/outputs/selectime/chronos_bolt/evaluations/vanilla_univariate/US_Term_Structure/B/short/run_0/predictions.npz
    Computing per-window metrics...
    Saved metrics to /fslarge/scratch/users/h61084/codes/selectime/outputs/selectime/chronos_bolt/evaluations/vanilla_univariate/US_Term_Structure/B/short/run_0/metrics.npz
    Saved config to /fslarge/scratch/users/h61084/codes/selectime/outputs/selectime/chronos_bolt/evaluations/vanilla_univariate/US_Term_Structure/B/short/run_0/config.json
    Saved aggregate metrics to /fslarge/scratch/users/h61084/codes/selectime/outputs/selectime/chronos_bolt/evaluations/vanilla_univariate/US_Term_Structure/B/short/run_0/metrics_summary.json
    Metrics summary (averaged over all series/windows/variates):
      MSE: 0.0236
      MAE: 0.1060
      RMSE: 0.1262
      MAPE: 1.0101
      sMAPE: 0.2906
      MASE: 1.5723
      ND: 0.2842
      CRPS: 0.2842
TIME run allocation action=new run=/fslarge/scratch/users/h61084/codes/selectime/outputs/selectime/chronos_bolt/evaluations/top1-horizon-mix/US_Term_Structure/B/short/run_0 launch_id=selena_3458556 slurm_job_id=3458556 launched_at=2026-09-17T10:57:44.156056+00:00
[2026-09-17 10:57:44 UTC] evaluate top1-horizon-mix US_Term_Structure/B/short
    Total instances: 1400, Series during experiment: 40, Windows: 35
    Collecting ground truth and context...
    Detected to_univariate case: 40 flat series -> 1 series x 40 variates
    Organizing data into arrays...
    Saved predictions (quantiles) to /fslarge/scratch/users/h61084/codes/selectime/outputs/selectime/chronos_bolt/evaluations/top1-horizon-mix/US_Term_Structure/B/short/run_0/predictions.npz
    Computing per-window metrics...
    Saved metrics to /fslarge/scratch/users/h61084/codes/selectime/outputs/selectime/chronos_bolt/evaluations/top1-horizon-mix/US_Term_Structure/B/short/run_0/metrics.npz
    Saved config to /fslarge/scratch/users/h61084/codes/selectime/outputs/selectime/chronos_bolt/evaluations/top1-horizon-mix/US_Term_Structure/B/short/run_0/config.json
    Saved aggregate metrics to /fslarge/scratch/users/h61084/codes/selectime/outputs/selectime/chronos_bolt/evaluations/top1-horizon-mix/US_Term_Structure/B/short/run_0/metrics_summary.json
    Metrics summary (averaged over all series/windows/variates):
      MSE: 0.0272
      MAE: 0.1137
      RMSE: 0.1353
      MAPE: 1.0669
      sMAPE: 0.3003
      MASE: 1.6810
      ND: 0.3071
      CRPS: 0.3071
TIME run allocation action=new run=/fslarge/scratch/users/h61084/codes/selectime/outputs/selectime/chronos_bolt/evaluations/vanilla_univariate/Oil_Price/B/short/run_0 launch_id=selena_3458556 slurm_job_id=3458556 launched_at=2026-09-17T10:57:44.344875+00:00
[2026-09-17 10:57:44 UTC] evaluate vanilla_univariate Oil_Price/B/short
    Total instances: 420, Series during experiment: 12, Windows: 35
    Collecting ground truth and context...
    Detected to_univariate case: 12 flat series -> 1 series x 12 variates
    Organizing data into arrays...
    Saved predictions (quantiles) to /fslarge/scratch/users/h61084/codes/selectime/outputs/selectime/chronos_bolt/evaluations/vanilla_univariate/Oil_Price/B/short/run_0/predictions.npz
    Computing per-window metrics...
    Saved metrics to /fslarge/scratch/users/h61084/codes/selectime/outputs/selectime/chronos_bolt/evaluations/vanilla_univariate/Oil_Price/B/short/run_0/metrics.npz
    Saved config to /fslarge/scratch/users/h61084/codes/selectime/outputs/selectime/chronos_bolt/evaluations/vanilla_univariate/Oil_Price/B/short/run_0/config.json
    Saved aggregate metrics to /fslarge/scratch/users/h61084/codes/selectime/outputs/selectime/chronos_bolt/evaluations/vanilla_univariate/Oil_Price/B/short/run_0/metrics_summary.json
    Metrics summary (averaged over all series/windows/variates):
      MSE: 3.1659
      MAE: 0.6828
      RMSE: 0.7864
      MAPE: 0.0590
      sMAPE: 0.0586
      MASE: 1.4220
      ND: 0.0588
      CRPS: 0.0588
TIME run allocation action=new run=/fslarge/scratch/users/h61084/codes/selectime/outputs/selectime/chronos_bolt/evaluations/top1-horizon-mix/Oil_Price/B/short/run_0 launch_id=selena_3458556 slurm_job_id=3458556 launched_at=2026-09-17T10:57:44.480343+00:00
[2026-09-17 10:57:44 UTC] evaluate top1-horizon-mix Oil_Price/B/short
    Total instances: 420, Series during experiment: 12, Windows: 35
    Collecting ground truth and context...
    Detected to_univariate case: 12 flat series -> 1 series x 12 variates
    Organizing data into arrays...
    Saved predictions (quantiles) to /fslarge/scratch/users/h61084/codes/selectime/outputs/selectime/chronos_bolt/evaluations/top1-horizon-mix/Oil_Price/B/short/run_0/predictions.npz
    Computing per-window metrics...
    Saved metrics to /fslarge/scratch/users/h61084/codes/selectime/outputs/selectime/chronos_bolt/evaluations/top1-horizon-mix/Oil_Price/B/short/run_0/metrics.npz
    Saved config to /fslarge/scratch/users/h61084/codes/selectime/outputs/selectime/chronos_bolt/evaluations/top1-horizon-mix/Oil_Price/B/short/run_0/config.json
    Saved aggregate metrics to /fslarge/scratch/users/h61084/codes/selectime/outputs/selectime/chronos_bolt/evaluations/top1-horizon-mix/Oil_Price/B/short/run_0/metrics_summary.json
    Metrics summary (averaged over all series/windows/variates):
      MSE: 3.7325
      MAE: 0.7027
      RMSE: 0.8227
      MAPE: 0.0618
      sMAPE: 0.0621
      MASE: 1.4628
      ND: 0.0617
      CRPS: 0.0617
TIME run allocation action=new run=/fslarge/scratch/users/h61084/codes/selectime/outputs/selectime/chronos_bolt/evaluations/vanilla_univariate/Job_Claims/W/short/run_0 launch_id=selena_3458556 slurm_job_id=3458556 launched_at=2026-09-17T10:57:44.545120+00:00
[2026-09-17 10:57:44 UTC] evaluate vanilla_univariate Job_Claims/W/short
    Total instances: 8, Series during experiment: 2, Windows: 4
    Collecting ground truth and context...
    Detected to_univariate case: 2 flat series -> 1 series x 2 variates
    Organizing data into arrays...
    ⚠️  Predictions max value (2034050.75) exceeds float16 safe range.
    ⚠️  Applying scale factor: 100 (values will be divided)
    Saved predictions (quantiles) to /fslarge/scratch/users/h61084/codes/selectime/outputs/selectime/chronos_bolt/evaluations/vanilla_univariate/Job_Claims/W/short/run_0/predictions.npz
    Computing per-window metrics...
    Saved metrics to /fslarge/scratch/users/h61084/codes/selectime/outputs/selectime/chronos_bolt/evaluations/vanilla_univariate/Job_Claims/W/short/run_0/metrics.npz
    Saved config to /fslarge/scratch/users/h61084/codes/selectime/outputs/selectime/chronos_bolt/evaluations/vanilla_univariate/Job_Claims/W/short/run_0/config.json
    Saved aggregate metrics to /fslarge/scratch/users/h61084/codes/selectime/outputs/selectime/chronos_bolt/evaluations/vanilla_univariate/Job_Claims/W/short/run_0/metrics_summary.json
    Metrics summary (averaged over all series/windows/variates):
      MSE: 1472408115.2955
      MAE: 25819.6809
      RMSE: 29300.8809
      MAPE: 0.0290
      sMAPE: 0.0290
      MASE: 4.1468
      ND: 0.0290
      CRPS: 0.0290
TIME run allocation action=new run=/fslarge/scratch/users/h61084/codes/selectime/outputs/selectime/chronos_bolt/evaluations/top1-horizon-mix/Job_Claims/W/short/run_0 launch_id=selena_3458556 slurm_job_id=3458556 launched_at=2026-09-17T10:57:44.641929+00:00
[2026-09-17 10:57:44 UTC] evaluate top1-horizon-mix Job_Claims/W/short
    Total instances: 8, Series during experiment: 2, Windows: 4
    Collecting ground truth and context...
    Detected to_univariate case: 2 flat series -> 1 series x 2 variates
    Organizing data into arrays...
    ⚠️  Predictions max value (2025333.12) exceeds float16 safe range.
    ⚠️  Applying scale factor: 100 (values will be divided)
    Saved predictions (quantiles) to /fslarge/scratch/users/h61084/codes/selectime/outputs/selectime/chronos_bolt/evaluations/top1-horizon-mix/Job_Claims/W/short/run_0/predictions.npz
    Computing per-window metrics...
    Saved metrics to /fslarge/scratch/users/h61084/codes/selectime/outputs/selectime/chronos_bolt/evaluations/top1-horizon-mix/Job_Claims/W/short/run_0/metrics.npz
    Saved config to /fslarge/scratch/users/h61084/codes/selectime/outputs/selectime/chronos_bolt/evaluations/top1-horizon-mix/Job_Claims/W/short/run_0/config.json
    Saved aggregate metrics to /fslarge/scratch/users/h61084/codes/selectime/outputs/selectime/chronos_bolt/evaluations/top1-horizon-mix/Job_Claims/W/short/run_0/metrics_summary.json
    Metrics summary (averaged over all series/windows/variates):
      MSE: 985401642.1662
      MAE: 22006.6349
      RMSE: 25435.1724
      MAPE: 0.0296
      sMAPE: 0.0299
      MASE: 3.8383
      ND: 0.0298
      CRPS: 0.0298
TIME run allocation action=new run=/fslarge/scratch/users/h61084/codes/selectime/outputs/selectime/chronos_bolt/evaluations/vanilla_univariate/Uncertainty_1M/M/short/run_0 launch_id=selena_3458556 slurm_job_id=3458556 launched_at=2026-09-17T10:57:44.669937+00:00
[2026-09-17 10:57:44 UTC] evaluate vanilla_univariate Uncertainty_1M/M/short
    Total instances: 21, Series during experiment: 3, Windows: 7
    Collecting ground truth and context...
    Detected to_univariate case: 3 flat series -> 1 series x 3 variates
    Organizing data into arrays...
    Saved predictions (quantiles) to /fslarge/scratch/users/h61084/codes/selectime/outputs/selectime/chronos_bolt/evaluations/vanilla_univariate/Uncertainty_1M/M/short/run_0/predictions.npz
    Computing per-window metrics...
    Saved metrics to /fslarge/scratch/users/h61084/codes/selectime/outputs/selectime/chronos_bolt/evaluations/vanilla_univariate/Uncertainty_1M/M/short/run_0/metrics.npz
    Saved config to /fslarge/scratch/users/h61084/codes/selectime/outputs/selectime/chronos_bolt/evaluations/vanilla_univariate/Uncertainty_1M/M/short/run_0/config.json
    Saved aggregate metrics to /fslarge/scratch/users/h61084/codes/selectime/outputs/selectime/chronos_bolt/evaluations/vanilla_univariate/Uncertainty_1M/M/short/run_0/metrics_summary.json
    Metrics summary (averaged over all series/windows/variates):
      MSE: 0.0021
      MAE: 0.0341
      RMSE: 0.0374
      MAPE: 0.0423
      sMAPE: 0.0411
      MASE: 0.4151
      ND: 0.0419
      CRPS: 0.0419
TIME run allocation action=new run=/fslarge/scratch/users/h61084/codes/selectime/outputs/selectime/chronos_bolt/evaluations/top1-horizon-mix/Uncertainty_1M/M/short/run_0 launch_id=selena_3458556 slurm_job_id=3458556 launched_at=2026-09-17T10:57:44.767543+00:00
[2026-09-17 10:57:44 UTC] evaluate top1-horizon-mix Uncertainty_1M/M/short
    Total instances: 21, Series during experiment: 3, Windows: 7
    Collecting ground truth and context...
    Detected to_univariate case: 3 flat series -> 1 series x 3 variates
    Organizing data into arrays...
    Saved predictions (quantiles) to /fslarge/scratch/users/h61084/codes/selectime/outputs/selectime/chronos_bolt/evaluations/top1-horizon-mix/Uncertainty_1M/M/short/run_0/predictions.npz
    Computing per-window metrics...
    Saved metrics to /fslarge/scratch/users/h61084/codes/selectime/outputs/selectime/chronos_bolt/evaluations/top1-horizon-mix/Uncertainty_1M/M/short/run_0/metrics.npz
    Saved config to /fslarge/scratch/users/h61084/codes/selectime/outputs/selectime/chronos_bolt/evaluations/top1-horizon-mix/Uncertainty_1M/M/short/run_0/config.json
    Saved aggregate metrics to /fslarge/scratch/users/h61084/codes/selectime/outputs/selectime/chronos_bolt/evaluations/top1-horizon-mix/Uncertainty_1M/M/short/run_0/metrics_summary.json
    Metrics summary (averaged over all series/windows/variates):
      MSE: 0.0028
      MAE: 0.0385
      RMSE: 0.0425
      MAPE: 0.0473
      sMAPE: 0.0456
      MASE: 0.4612
      ND: 0.0467
      CRPS: 0.0467
TIME run allocation action=new run=/fslarge/scratch/users/h61084/codes/selectime/outputs/selectime/chronos_bolt/evaluations/vanilla_univariate/Housing_Inventory/M/short/run_0 launch_id=selena_3458556 slurm_job_id=3458556 launched_at=2026-09-17T10:57:44.796717+00:00
[2026-09-17 10:57:44 UTC] evaluate vanilla_univariate Housing_Inventory/M/short
    Total instances: 12, Series during experiment: 4, Windows: 3
    Collecting ground truth and context...
    Detected to_univariate case: 4 flat series -> 1 series x 4 variates
    Organizing data into arrays...
    ⚠️  Predictions max value (982551.31) exceeds float16 safe range.
    ⚠️  Applying scale factor: 100 (values will be divided)
    Saved predictions (quantiles) to /fslarge/scratch/users/h61084/codes/selectime/outputs/selectime/chronos_bolt/evaluations/vanilla_univariate/Housing_Inventory/M/short/run_0/predictions.npz
    Computing per-window metrics...
    Saved metrics to /fslarge/scratch/users/h61084/codes/selectime/outputs/selectime/chronos_bolt/evaluations/vanilla_univariate/Housing_Inventory/M/short/run_0/metrics.npz
    Saved config to /fslarge/scratch/users/h61084/codes/selectime/outputs/selectime/chronos_bolt/evaluations/vanilla_univariate/Housing_Inventory/M/short/run_0/config.json
    Saved aggregate metrics to /fslarge/scratch/users/h61084/codes/selectime/outputs/selectime/chronos_bolt/evaluations/vanilla_univariate/Housing_Inventory/M/short/run_0/metrics_summary.json
    Metrics summary (averaged over all series/windows/variates):
      MSE: 5481882559.1403
      MAE: 30275.8777
      RMSE: 33075.9156
      MAPE: 0.0694
      sMAPE: 0.0658
      MASE: 0.5280
      ND: 0.0694
      CRPS: 0.0694
TIME run allocation action=new run=/fslarge/scratch/users/h61084/codes/selectime/outputs/selectime/chronos_bolt/evaluations/top1-horizon-mix/Housing_Inventory/M/short/run_0 launch_id=selena_3458556 slurm_job_id=3458556 launched_at=2026-09-17T10:57:44.893071+00:00
[2026-09-17 10:57:44 UTC] evaluate top1-horizon-mix Housing_Inventory/M/short
    Total instances: 12, Series during experiment: 4, Windows: 3
    Collecting ground truth and context...
    Detected to_univariate case: 4 flat series -> 1 series x 4 variates
    Organizing data into arrays...
    ⚠️  Predictions max value (919779.88) exceeds float16 safe range.
    ⚠️  Applying scale factor: 100 (values will be divided)
    Saved predictions (quantiles) to /fslarge/scratch/users/h61084/codes/selectime/outputs/selectime/chronos_bolt/evaluations/top1-horizon-mix/Housing_Inventory/M/short/run_0/predictions.npz
    Computing per-window metrics...
    Saved metrics to /fslarge/scratch/users/h61084/codes/selectime/outputs/selectime/chronos_bolt/evaluations/top1-horizon-mix/Housing_Inventory/M/short/run_0/metrics.npz
    Saved config to /fslarge/scratch/users/h61084/codes/selectime/outputs/selectime/chronos_bolt/evaluations/top1-horizon-mix/Housing_Inventory/M/short/run_0/config.json
    Saved aggregate metrics to /fslarge/scratch/users/h61084/codes/selectime/outputs/selectime/chronos_bolt/evaluations/top1-horizon-mix/Housing_Inventory/M/short/run_0/metrics_summary.json
    Metrics summary (averaged over all series/windows/variates):
      MSE: 3973682229.7260
      MAE: 29129.9961
      RMSE: 31757.6648
      MAPE: 0.0611
      sMAPE: 0.0633
      MASE: 0.5637
      ND: 0.0612
      CRPS: 0.0612
TIME run allocation action=new run=/fslarge/scratch/users/h61084/codes/selectime/outputs/selectime/chronos_bolt/evaluations/vanilla_univariate/JOLTS/M/short/run_0 launch_id=selena_3458556 slurm_job_id=3458556 launched_at=2026-09-17T10:57:44.921690+00:00
[2026-09-17 10:57:44 UTC] evaluate vanilla_univariate JOLTS/M/short
    Total instances: 30, Series during experiment: 6, Windows: 5
    Collecting ground truth and context...
    Detected to_univariate case: 6 flat series -> 1 series x 6 variates
    Organizing data into arrays...
    Saved predictions (quantiles) to /fslarge/scratch/users/h61084/codes/selectime/outputs/selectime/chronos_bolt/evaluations/vanilla_univariate/JOLTS/M/short/run_0/predictions.npz
    Computing per-window metrics...
    Saved metrics to /fslarge/scratch/users/h61084/codes/selectime/outputs/selectime/chronos_bolt/evaluations/vanilla_univariate/JOLTS/M/short/run_0/metrics.npz
    Saved config to /fslarge/scratch/users/h61084/codes/selectime/outputs/selectime/chronos_bolt/evaluations/vanilla_univariate/JOLTS/M/short/run_0/config.json
    Saved aggregate metrics to /fslarge/scratch/users/h61084/codes/selectime/outputs/selectime/chronos_bolt/evaluations/vanilla_univariate/JOLTS/M/short/run_0/metrics_summary.json
    Metrics summary (averaged over all series/windows/variates):
      MSE: 420672.3918
      MAE: 347.0063
      RMSE: 419.1784
      MAPE: 0.0820
      sMAPE: 0.0809
      MASE: 1.0554
      ND: 0.0816
      CRPS: 0.0816
TIME run allocation action=new run=/fslarge/scratch/users/h61084/codes/selectime/outputs/selectime/chronos_bolt/evaluations/top1-horizon-mix/JOLTS/M/short/run_0 launch_id=selena_3458556 slurm_job_id=3458556 launched_at=2026-09-17T10:57:45.020350+00:00
[2026-09-17 10:57:45 UTC] evaluate top1-horizon-mix JOLTS/M/short
    Total instances: 30, Series during experiment: 6, Windows: 5
    Collecting ground truth and context...
    Detected to_univariate case: 6 flat series -> 1 series x 6 variates
    Organizing data into arrays...
    Saved predictions (quantiles) to /fslarge/scratch/users/h61084/codes/selectime/outputs/selectime/chronos_bolt/evaluations/top1-horizon-mix/JOLTS/M/short/run_0/predictions.npz
    Computing per-window metrics...
    Saved metrics to /fslarge/scratch/users/h61084/codes/selectime/outputs/selectime/chronos_bolt/evaluations/top1-horizon-mix/JOLTS/M/short/run_0/metrics.npz
    Saved config to /fslarge/scratch/users/h61084/codes/selectime/outputs/selectime/chronos_bolt/evaluations/top1-horizon-mix/JOLTS/M/short/run_0/config.json
    Saved aggregate metrics to /fslarge/scratch/users/h61084/codes/selectime/outputs/selectime/chronos_bolt/evaluations/top1-horizon-mix/JOLTS/M/short/run_0/metrics_summary.json
    Metrics summary (averaged over all series/windows/variates):
      MSE: 532360.4336
      MAE: 397.7634
      RMSE: 480.5443
      MAPE: 0.0923
      sMAPE: 0.0910
      MASE: 1.2107
      ND: 0.0915
      CRPS: 0.0915
TIME run allocation action=new run=/fslarge/scratch/users/h61084/codes/selectime/outputs/selectime/chronos_bolt/evaluations/vanilla_univariate/US_Labor/M/short/run_0 launch_id=selena_3458556 slurm_job_id=3458556 launched_at=2026-09-17T10:57:45.050575+00:00
[2026-09-17 10:57:45 UTC] evaluate vanilla_univariate US_Labor/M/short
    Total instances: 70, Series during experiment: 14, Windows: 5
    Collecting ground truth and context...
    Detected to_univariate case: 14 flat series -> 1 series x 14 variates
    Organizing data into arrays...
    ⚠️  Predictions max value (170896.88) exceeds float16 safe range.
    ⚠️  Applying scale factor: 10 (values will be divided)
    Saved predictions (quantiles) to /fslarge/scratch/users/h61084/codes/selectime/outputs/selectime/chronos_bolt/evaluations/vanilla_univariate/US_Labor/M/short/run_0/predictions.npz
    Computing per-window metrics...
    Saved metrics to /fslarge/scratch/users/h61084/codes/selectime/outputs/selectime/chronos_bolt/evaluations/vanilla_univariate/US_Labor/M/short/run_0/metrics.npz
    Saved config to /fslarge/scratch/users/h61084/codes/selectime/outputs/selectime/chronos_bolt/evaluations/vanilla_univariate/US_Labor/M/short/run_0/config.json
    Saved aggregate metrics to /fslarge/scratch/users/h61084/codes/selectime/outputs/selectime/chronos_bolt/evaluations/vanilla_univariate/US_Labor/M/short/run_0/metrics_summary.json
    Metrics summary (averaged over all series/windows/variates):
      MSE: 761910.2892
      MAE: 392.4605
      RMSE: 438.0244
      MAPE: 0.0725
      sMAPE: 0.0687
      MASE: 0.9464
      ND: 0.0713
      CRPS: 0.0713
TIME run allocation action=new run=/fslarge/scratch/users/h61084/codes/selectime/outputs/selectime/chronos_bolt/evaluations/top1-horizon-mix/US_Labor/M/short/run_0 launch_id=selena_3458556 slurm_job_id=3458556 launched_at=2026-09-17T10:57:45.151550+00:00
[2026-09-17 10:57:45 UTC] evaluate top1-horizon-mix US_Labor/M/short
    Total instances: 70, Series during experiment: 14, Windows: 5
    Collecting ground truth and context...
    Detected to_univariate case: 14 flat series -> 1 series x 14 variates
    Organizing data into arrays...
    ⚠️  Predictions max value (171119.53) exceeds float16 safe range.
    ⚠️  Applying scale factor: 10 (values will be divided)
    Saved predictions (quantiles) to /fslarge/scratch/users/h61084/codes/selectime/outputs/selectime/chronos_bolt/evaluations/top1-horizon-mix/US_Labor/M/short/run_0/predictions.npz
    Computing per-window metrics...
    Saved metrics to /fslarge/scratch/users/h61084/codes/selectime/outputs/selectime/chronos_bolt/evaluations/top1-horizon-mix/US_Labor/M/short/run_0/metrics.npz
    Saved config to /fslarge/scratch/users/h61084/codes/selectime/outputs/selectime/chronos_bolt/evaluations/top1-horizon-mix/US_Labor/M/short/run_0/config.json
    Saved aggregate metrics to /fslarge/scratch/users/h61084/codes/selectime/outputs/selectime/chronos_bolt/evaluations/top1-horizon-mix/US_Labor/M/short/run_0/metrics_summary.json
    Metrics summary (averaged over all series/windows/variates):
      MSE: 1498612.2112
      MAE: 488.7860
      RMSE: 555.5957
      MAPE: 0.1152
      sMAPE: 0.1034
      MASE: 1.4099
      ND: 0.1129
      CRPS: 0.1129
TIME run allocation action=new run=/fslarge/scratch/users/h61084/codes/selectime/outputs/selectime/chronos_bolt/evaluations/vanilla_univariate/Vehicle_Supply/M/short/run_0 launch_id=selena_3458556 slurm_job_id=3458556 launched_at=2026-09-17T10:57:45.184243+00:00
[2026-09-17 10:57:45 UTC] evaluate vanilla_univariate Vehicle_Supply/M/short
    Total instances: 30, Series during experiment: 6, Windows: 5
    Collecting ground truth and context...
    Detected to_univariate case: 6 flat series -> 1 series x 6 variates
    Organizing data into arrays...
    Saved predictions (quantiles) to /fslarge/scratch/users/h61084/codes/selectime/outputs/selectime/chronos_bolt/evaluations/vanilla_univariate/Vehicle_Supply/M/short/run_0/predictions.npz
    Computing per-window metrics...
    Saved metrics to /fslarge/scratch/users/h61084/codes/selectime/outputs/selectime/chronos_bolt/evaluations/vanilla_univariate/Vehicle_Supply/M/short/run_0/metrics.npz
    Saved config to /fslarge/scratch/users/h61084/codes/selectime/outputs/selectime/chronos_bolt/evaluations/vanilla_univariate/Vehicle_Supply/M/short/run_0/config.json
    Saved aggregate metrics to /fslarge/scratch/users/h61084/codes/selectime/outputs/selectime/chronos_bolt/evaluations/vanilla_univariate/Vehicle_Supply/M/short/run_0/metrics_summary.json
    Metrics summary (averaged over all series/windows/variates):
      MSE: 2397.0628
      MAE: 22.1977
      RMSE: 26.8237
      MAPE: 0.2436
      sMAPE: 0.2429
      MASE: 0.8111
      ND: 0.2271
      CRPS: 0.2271
TIME run allocation action=new run=/fslarge/scratch/users/h61084/codes/selectime/outputs/selectime/chronos_bolt/evaluations/top1-horizon-mix/Vehicle_Supply/M/short/run_0 launch_id=selena_3458556 slurm_job_id=3458556 launched_at=2026-09-17T10:57:45.282349+00:00
[2026-09-17 10:57:45 UTC] evaluate top1-horizon-mix Vehicle_Supply/M/short
    Total instances: 30, Series during experiment: 6, Windows: 5
    Collecting ground truth and context...
    Detected to_univariate case: 6 flat series -> 1 series x 6 variates
    Organizing data into arrays...
    Saved predictions (quantiles) to /fslarge/scratch/users/h61084/codes/selectime/outputs/selectime/chronos_bolt/evaluations/top1-horizon-mix/Vehicle_Supply/M/short/run_0/predictions.npz
    Computing per-window metrics...
    Saved metrics to /fslarge/scratch/users/h61084/codes/selectime/outputs/selectime/chronos_bolt/evaluations/top1-horizon-mix/Vehicle_Supply/M/short/run_0/metrics.npz
    Saved config to /fslarge/scratch/users/h61084/codes/selectime/outputs/selectime/chronos_bolt/evaluations/top1-horizon-mix/Vehicle_Supply/M/short/run_0/config.json
    Saved aggregate metrics to /fslarge/scratch/users/h61084/codes/selectime/outputs/selectime/chronos_bolt/evaluations/top1-horizon-mix/Vehicle_Supply/M/short/run_0/metrics_summary.json
    Metrics summary (averaged over all series/windows/variates):
      MSE: 2343.6671
      MAE: 22.8786
      RMSE: 27.1177
      MAPE: 0.2513
      sMAPE: 0.2435
      MASE: 0.8795
      ND: 0.2370
      CRPS: 0.2370
TIME run allocation action=new run=/fslarge/scratch/users/h61084/codes/selectime/outputs/selectime/chronos_bolt/evaluations/vanilla_univariate/Auto_Production_SF/M/short/run_0 launch_id=selena_3458556 slurm_job_id=3458556 launched_at=2026-09-17T10:57:45.311908+00:00
[2026-09-17 10:57:45 UTC] evaluate vanilla_univariate Auto_Production_SF/M/short
    Total instances: 5, Series during experiment: 1, Windows: 5
    Collecting ground truth and context...
    Organizing data into arrays...
    Saved predictions (quantiles) to /fslarge/scratch/users/h61084/codes/selectime/outputs/selectime/chronos_bolt/evaluations/vanilla_univariate/Auto_Production_SF/M/short/run_0/predictions.npz
    Computing per-window metrics...
    Saved metrics to /fslarge/scratch/users/h61084/codes/selectime/outputs/selectime/chronos_bolt/evaluations/vanilla_univariate/Auto_Production_SF/M/short/run_0/metrics.npz
    Saved config to /fslarge/scratch/users/h61084/codes/selectime/outputs/selectime/chronos_bolt/evaluations/vanilla_univariate/Auto_Production_SF/M/short/run_0/config.json
    Saved aggregate metrics to /fslarge/scratch/users/h61084/codes/selectime/outputs/selectime/chronos_bolt/evaluations/vanilla_univariate/Auto_Production_SF/M/short/run_0/metrics_summary.json
    Metrics summary (averaged over all series/windows/variates):
      MSE: 26.3340
      MAE: 4.0893
      RMSE: 5.0599
      MAPE: 0.0417
      sMAPE: 0.0414
      MASE: 1.0324
      ND: 0.0410
      CRPS: 0.0410
TIME run allocation action=new run=/fslarge/scratch/users/h61084/codes/selectime/outputs/selectime/chronos_bolt/evaluations/top1-horizon-mix/Auto_Production_SF/M/short/run_0 launch_id=selena_3458556 slurm_job_id=3458556 launched_at=2026-09-17T10:57:45.408374+00:00
[2026-09-17 10:57:45 UTC] evaluate top1-horizon-mix Auto_Production_SF/M/short
    Total instances: 5, Series during experiment: 1, Windows: 5
    Collecting ground truth and context...
    Organizing data into arrays...
    Saved predictions (quantiles) to /fslarge/scratch/users/h61084/codes/selectime/outputs/selectime/chronos_bolt/evaluations/top1-horizon-mix/Auto_Production_SF/M/short/run_0/predictions.npz
    Computing per-window metrics...
    Saved metrics to /fslarge/scratch/users/h61084/codes/selectime/outputs/selectime/chronos_bolt/evaluations/top1-horizon-mix/Auto_Production_SF/M/short/run_0/metrics.npz
    Saved config to /fslarge/scratch/users/h61084/codes/selectime/outputs/selectime/chronos_bolt/evaluations/top1-horizon-mix/Auto_Production_SF/M/short/run_0/config.json
    Saved aggregate metrics to /fslarge/scratch/users/h61084/codes/selectime/outputs/selectime/chronos_bolt/evaluations/top1-horizon-mix/Auto_Production_SF/M/short/run_0/metrics_summary.json
    Metrics summary (averaged over all series/windows/variates):
      MSE: 12.9635
      MAE: 2.8349
      RMSE: 3.4439
      MAPE: 0.0292
      sMAPE: 0.0289
      MASE: 0.7157
      ND: 0.0284
      CRPS: 0.0284
TIME run allocation action=new run=/fslarge/scratch/users/h61084/codes/selectime/outputs/selectime/chronos_bolt/evaluations/vanilla_univariate/Commodity_Production/M/short/run_0 launch_id=selena_3458556 slurm_job_id=3458556 launched_at=2026-09-17T10:57:45.435679+00:00
[2026-09-17 10:57:45 UTC] evaluate vanilla_univariate Commodity_Production/M/short
    Total instances: 160, Series during experiment: 32, Windows: 5
    Collecting ground truth and context...
    Organizing data into arrays...
    Saved predictions (quantiles) to /fslarge/scratch/users/h61084/codes/selectime/outputs/selectime/chronos_bolt/evaluations/vanilla_univariate/Commodity_Production/M/short/run_0/predictions.npz
    Computing per-window metrics...
    Saved metrics to /fslarge/scratch/users/h61084/codes/selectime/outputs/selectime/chronos_bolt/evaluations/vanilla_univariate/Commodity_Production/M/short/run_0/metrics.npz
    Saved config to /fslarge/scratch/users/h61084/codes/selectime/outputs/selectime/chronos_bolt/evaluations/vanilla_univariate/Commodity_Production/M/short/run_0/config.json
    Saved aggregate metrics to /fslarge/scratch/users/h61084/codes/selectime/outputs/selectime/chronos_bolt/evaluations/vanilla_univariate/Commodity_Production/M/short/run_0/metrics_summary.json
    Metrics summary (averaged over all series/windows/variates):
      MSE: 61141.7066
      MAE: 67.7134
      RMSE: 78.4478
      MAPE: 0.2140
      sMAPE: 0.1661
      MASE: 0.9386
      ND: 0.1597
      CRPS: 0.1597
TIME run allocation action=new run=/fslarge/scratch/users/h61084/codes/selectime/outputs/selectime/chronos_bolt/evaluations/top1-horizon-mix/Commodity_Production/M/short/run_0 launch_id=selena_3458556 slurm_job_id=3458556 launched_at=2026-09-17T10:57:45.543166+00:00
[2026-09-17 10:57:45 UTC] evaluate top1-horizon-mix Commodity_Production/M/short
    Total instances: 160, Series during experiment: 32, Windows: 5
    Collecting ground truth and context...
    Organizing data into arrays...
    Saved predictions (quantiles) to /fslarge/scratch/users/h61084/codes/selectime/outputs/selectime/chronos_bolt/evaluations/top1-horizon-mix/Commodity_Production/M/short/run_0/predictions.npz
    Computing per-window metrics...
    Saved metrics to /fslarge/scratch/users/h61084/codes/selectime/outputs/selectime/chronos_bolt/evaluations/top1-horizon-mix/Commodity_Production/M/short/run_0/metrics.npz
    Saved config to /fslarge/scratch/users/h61084/codes/selectime/outputs/selectime/chronos_bolt/evaluations/top1-horizon-mix/Commodity_Production/M/short/run_0/config.json
    Saved aggregate metrics to /fslarge/scratch/users/h61084/codes/selectime/outputs/selectime/chronos_bolt/evaluations/top1-horizon-mix/Commodity_Production/M/short/run_0/metrics_summary.json
    Metrics summary (averaged over all series/windows/variates):
      MSE: 59712.7777
      MAE: 68.4474
      RMSE: 80.0118
      MAPE: 0.2154
      sMAPE: 0.1666
      MASE: 0.9511
      ND: 0.1629
      CRPS: 0.1629
TIME run allocation action=new run=/fslarge/scratch/users/h61084/codes/selectime/outputs/selectime/chronos_bolt/evaluations/vanilla_univariate/Commodity_Import/M/short/run_0 launch_id=selena_3458556 slurm_job_id=3458556 launched_at=2026-09-17T10:57:45.582445+00:00
[2026-09-17 10:57:45 UTC] evaluate vanilla_univariate Commodity_Import/M/short
    Total instances: 40, Series during experiment: 8, Windows: 5
    Collecting ground truth and context...
    Organizing data into arrays...
    Saved predictions (quantiles) to /fslarge/scratch/users/h61084/codes/selectime/outputs/selectime/chronos_bolt/evaluations/vanilla_univariate/Commodity_Import/M/short/run_0/predictions.npz
    Computing per-window metrics...
    Saved metrics to /fslarge/scratch/users/h61084/codes/selectime/outputs/selectime/chronos_bolt/evaluations/vanilla_univariate/Commodity_Import/M/short/run_0/metrics.npz
    Saved config to /fslarge/scratch/users/h61084/codes/selectime/outputs/selectime/chronos_bolt/evaluations/vanilla_univariate/Commodity_Import/M/short/run_0/config.json
    Saved aggregate metrics to /fslarge/scratch/users/h61084/codes/selectime/outputs/selectime/chronos_bolt/evaluations/vanilla_univariate/Commodity_Import/M/short/run_0/metrics_summary.json
    Metrics summary (averaged over all series/windows/variates):
      MSE: 1702244.8150
      MAE: 527.9195
      RMSE: 630.6833
      MAPE: 0.3501
      sMAPE: 0.2394
      MASE: 1.5321
      ND: 0.2731
      CRPS: 0.2731
TIME run allocation action=new run=/fslarge/scratch/users/h61084/codes/selectime/outputs/selectime/chronos_bolt/evaluations/top1-horizon-mix/Commodity_Import/M/short/run_0 launch_id=selena_3458556 slurm_job_id=3458556 launched_at=2026-09-17T10:57:45.681940+00:00
[2026-09-17 10:57:45 UTC] evaluate top1-horizon-mix Commodity_Import/M/short
    Total instances: 40, Series during experiment: 8, Windows: 5
    Collecting ground truth and context...
    Organizing data into arrays...
    Saved predictions (quantiles) to /fslarge/scratch/users/h61084/codes/selectime/outputs/selectime/chronos_bolt/evaluations/top1-horizon-mix/Commodity_Import/M/short/run_0/predictions.npz
    Computing per-window metrics...
    Saved metrics to /fslarge/scratch/users/h61084/codes/selectime/outputs/selectime/chronos_bolt/evaluations/top1-horizon-mix/Commodity_Import/M/short/run_0/metrics.npz
    Saved config to /fslarge/scratch/users/h61084/codes/selectime/outputs/selectime/chronos_bolt/evaluations/top1-horizon-mix/Commodity_Import/M/short/run_0/config.json
    Saved aggregate metrics to /fslarge/scratch/users/h61084/codes/selectime/outputs/selectime/chronos_bolt/evaluations/top1-horizon-mix/Commodity_Import/M/short/run_0/metrics_summary.json
    Metrics summary (averaged over all series/windows/variates):
      MSE: 1283496.6421
      MAE: 478.0958
      RMSE: 582.9918
      MAPE: 0.3330
      sMAPE: 0.2266
      MASE: 1.4696
      ND: 0.2568
      CRPS: 0.2568
TIME run allocation action=new run=/fslarge/scratch/users/h61084/codes/selectime/outputs/selectime/chronos_bolt/evaluations/vanilla_univariate/WUI_Global/Q/short/run_0 launch_id=selena_3458556 slurm_job_id=3458556 launched_at=2026-09-17T10:57:45.713378+00:00
[2026-09-17 10:57:45 UTC] evaluate vanilla_univariate WUI_Global/Q/short
    Total instances: 75, Series during experiment: 15, Windows: 5
    Collecting ground truth and context...
    Detected to_univariate case: 15 flat series -> 1 series x 15 variates
    Organizing data into arrays...
    Saved predictions (quantiles) to /fslarge/scratch/users/h61084/codes/selectime/outputs/selectime/chronos_bolt/evaluations/vanilla_univariate/WUI_Global/Q/short/run_0/predictions.npz
    Computing per-window metrics...
    Saved metrics to /fslarge/scratch/users/h61084/codes/selectime/outputs/selectime/chronos_bolt/evaluations/vanilla_univariate/WUI_Global/Q/short/run_0/metrics.npz
    Saved config to /fslarge/scratch/users/h61084/codes/selectime/outputs/selectime/chronos_bolt/evaluations/vanilla_univariate/WUI_Global/Q/short/run_0/config.json
    Saved aggregate metrics to /fslarge/scratch/users/h61084/codes/selectime/outputs/selectime/chronos_bolt/evaluations/vanilla_univariate/WUI_Global/Q/short/run_0/metrics_summary.json
    Metrics summary (averaged over all series/windows/variates):
      MSE: 0.0486
      MAE: 0.1491
      RMSE: 0.1769
      MAPE: 0.5773
      sMAPE: 0.6600
      MASE: 0.9985
      ND: 0.6986
      CRPS: 0.6986
TIME run allocation action=new run=/fslarge/scratch/users/h61084/codes/selectime/outputs/selectime/chronos_bolt/evaluations/top1-horizon-mix/WUI_Global/Q/short/run_0 launch_id=selena_3458556 slurm_job_id=3458556 launched_at=2026-09-17T10:57:45.815773+00:00
[2026-09-17 10:57:45 UTC] evaluate top1-horizon-mix WUI_Global/Q/short
    Total instances: 75, Series during experiment: 15, Windows: 5
    Collecting ground truth and context...
    Detected to_univariate case: 15 flat series -> 1 series x 15 variates
    Organizing data into arrays...
    Saved predictions (quantiles) to /fslarge/scratch/users/h61084/codes/selectime/outputs/selectime/chronos_bolt/evaluations/top1-horizon-mix/WUI_Global/Q/short/run_0/predictions.npz
    Computing per-window metrics...
    Saved metrics to /fslarge/scratch/users/h61084/codes/selectime/outputs/selectime/chronos_bolt/evaluations/top1-horizon-mix/WUI_Global/Q/short/run_0/metrics.npz
    Saved config to /fslarge/scratch/users/h61084/codes/selectime/outputs/selectime/chronos_bolt/evaluations/top1-horizon-mix/WUI_Global/Q/short/run_0/config.json
    Saved aggregate metrics to /fslarge/scratch/users/h61084/codes/selectime/outputs/selectime/chronos_bolt/evaluations/top1-horizon-mix/WUI_Global/Q/short/run_0/metrics_summary.json
    Metrics summary (averaged over all series/windows/variates):
      MSE: 0.0636
      MAE: 0.1732
      RMSE: 0.2029
      MAPE: 0.7199
      sMAPE: 0.7321
      MASE: 1.1727
      ND: 0.8371
      CRPS: 0.8371
TIME run allocation action=new run=/fslarge/scratch/users/h61084/codes/selectime/outputs/selectime/chronos_bolt/evaluations/vanilla_univariate/Global_Price/Q/short/run_0 launch_id=selena_3458556 slurm_job_id=3458556 launched_at=2026-09-17T10:57:45.849044+00:00
[2026-09-17 10:57:45 UTC] evaluate vanilla_univariate Global_Price/Q/short
    Total instances: 300, Series during experiment: 60, Windows: 5
    Collecting ground truth and context...
    Detected to_univariate case: 60 flat series -> 1 series x 60 variates
    Organizing data into arrays...
    Saved predictions (quantiles) to /fslarge/scratch/users/h61084/codes/selectime/outputs/selectime/chronos_bolt/evaluations/vanilla_univariate/Global_Price/Q/short/run_0/predictions.npz
    Computing per-window metrics...
    Saved metrics to /fslarge/scratch/users/h61084/codes/selectime/outputs/selectime/chronos_bolt/evaluations/vanilla_univariate/Global_Price/Q/short/run_0/metrics.npz
    Saved config to /fslarge/scratch/users/h61084/codes/selectime/outputs/selectime/chronos_bolt/evaluations/vanilla_univariate/Global_Price/Q/short/run_0/config.json
    Saved aggregate metrics to /fslarge/scratch/users/h61084/codes/selectime/outputs/selectime/chronos_bolt/evaluations/vanilla_univariate/Global_Price/Q/short/run_0/metrics_summary.json
    Metrics summary (averaged over all series/windows/variates):
      MSE: 1713971.9929
      MAE: 304.0817
      RMSE: 341.7313
      MAPE: 0.1793
      sMAPE: 0.1905
      MASE: 1.5685
      ND: 0.1799
      CRPS: 0.1799
TIME run allocation action=new run=/fslarge/scratch/users/h61084/codes/selectime/outputs/selectime/chronos_bolt/evaluations/top1-horizon-mix/Global_Price/Q/short/run_0 launch_id=selena_3458556 slurm_job_id=3458556 launched_at=2026-09-17T10:57:45.965125+00:00
[2026-09-17 10:57:45 UTC] evaluate top1-horizon-mix Global_Price/Q/short
    Total instances: 300, Series during experiment: 60, Windows: 5
    Collecting ground truth and context...
    Detected to_univariate case: 60 flat series -> 1 series x 60 variates
    Organizing data into arrays...
    Saved predictions (quantiles) to /fslarge/scratch/users/h61084/codes/selectime/outputs/selectime/chronos_bolt/evaluations/top1-horizon-mix/Global_Price/Q/short/run_0/predictions.npz
    Computing per-window metrics...
    Saved metrics to /fslarge/scratch/users/h61084/codes/selectime/outputs/selectime/chronos_bolt/evaluations/top1-horizon-mix/Global_Price/Q/short/run_0/metrics.npz
    Saved config to /fslarge/scratch/users/h61084/codes/selectime/outputs/selectime/chronos_bolt/evaluations/top1-horizon-mix/Global_Price/Q/short/run_0/config.json
    Saved aggregate metrics to /fslarge/scratch/users/h61084/codes/selectime/outputs/selectime/chronos_bolt/evaluations/top1-horizon-mix/Global_Price/Q/short/run_0/metrics_summary.json
    Metrics summary (averaged over all series/windows/variates):
      MSE: 2329813.9901
      MAE: 379.5988
      RMSE: 416.1602
      MAPE: 0.2187
      sMAPE: 0.2244
      MASE: 1.8493
      ND: 0.2179
      CRPS: 0.2179
TIME run allocation action=new run=/fslarge/scratch/users/h61084/codes/selectime/outputs/selectime/chronos_bolt/evaluations/vanilla_univariate/Vehicle_Sales/M/short/run_0 launch_id=selena_3458556 slurm_job_id=3458556 launched_at=2026-09-17T10:57:46.012864+00:00
[2026-09-17 10:57:46 UTC] evaluate vanilla_univariate Vehicle_Sales/M/short
    Total instances: 50, Series during experiment: 10, Windows: 5
    Collecting ground truth and context...
    Detected to_univariate case: 10 flat series -> 1 series x 10 variates
    Organizing data into arrays...
    Saved predictions (quantiles) to /fslarge/scratch/users/h61084/codes/selectime/outputs/selectime/chronos_bolt/evaluations/vanilla_univariate/Vehicle_Sales/M/short/run_0/predictions.npz
    Computing per-window metrics...
    Saved metrics to /fslarge/scratch/users/h61084/codes/selectime/outputs/selectime/chronos_bolt/evaluations/vanilla_univariate/Vehicle_Sales/M/short/run_0/metrics.npz
    Saved config to /fslarge/scratch/users/h61084/codes/selectime/outputs/selectime/chronos_bolt/evaluations/vanilla_univariate/Vehicle_Sales/M/short/run_0/config.json
    Saved aggregate metrics to /fslarge/scratch/users/h61084/codes/selectime/outputs/selectime/chronos_bolt/evaluations/vanilla_univariate/Vehicle_Sales/M/short/run_0/metrics_summary.json
    Metrics summary (averaged over all series/windows/variates):
      MSE: 1736.5520
      MAE: 10.7605
      RMSE: 12.6642
      MAPE: 0.0823
      sMAPE: 0.0821
      MASE: 0.7724
      ND: 0.0824
      CRPS: 0.0824
TIME run allocation action=new run=/fslarge/scratch/users/h61084/codes/selectime/outputs/selectime/chronos_bolt/evaluations/top1-horizon-mix/Vehicle_Sales/M/short/run_0 launch_id=selena_3458556 slurm_job_id=3458556 launched_at=2026-09-17T10:57:46.112161+00:00
[2026-09-17 10:57:46 UTC] evaluate top1-horizon-mix Vehicle_Sales/M/short
    Total instances: 50, Series during experiment: 10, Windows: 5
    Collecting ground truth and context...
    Detected to_univariate case: 10 flat series -> 1 series x 10 variates
    Organizing data into arrays...
    Saved predictions (quantiles) to /fslarge/scratch/users/h61084/codes/selectime/outputs/selectime/chronos_bolt/evaluations/top1-horizon-mix/Vehicle_Sales/M/short/run_0/predictions.npz
    Computing per-window metrics...
    Saved metrics to /fslarge/scratch/users/h61084/codes/selectime/outputs/selectime/chronos_bolt/evaluations/top1-horizon-mix/Vehicle_Sales/M/short/run_0/metrics.npz
    Saved config to /fslarge/scratch/users/h61084/codes/selectime/outputs/selectime/chronos_bolt/evaluations/top1-horizon-mix/Vehicle_Sales/M/short/run_0/config.json
    Saved aggregate metrics to /fslarge/scratch/users/h61084/codes/selectime/outputs/selectime/chronos_bolt/evaluations/top1-horizon-mix/Vehicle_Sales/M/short/run_0/metrics_summary.json
    Metrics summary (averaged over all series/windows/variates):
      MSE: 4477.8728
      MAE: 12.7564
      RMSE: 17.0008
      MAPE: 0.1095
      sMAPE: 0.1130
      MASE: 1.0911
      ND: 0.1108
      CRPS: 0.1108
TIME run allocation action=new run=/fslarge/scratch/users/h61084/codes/selectime/outputs/selectime/chronos_bolt/evaluations/vanilla_univariate/Online_Retail_2_UCI/D/short/run_0 launch_id=selena_3458556 slurm_job_id=3458556 launched_at=2026-09-17T10:57:46.143229+00:00
[2026-09-17 10:57:46 UTC] evaluate vanilla_univariate Online_Retail_2_UCI/D/short
    Total instances: 6, Series during experiment: 1, Windows: 6
    Collecting ground truth and context...
    Organizing data into arrays...
    ⚠️  Predictions max value (73459.71) exceeds float16 safe range.
    ⚠️  Applying scale factor: 10 (values will be divided)
    Saved predictions (quantiles) to /fslarge/scratch/users/h61084/codes/selectime/outputs/selectime/chronos_bolt/evaluations/vanilla_univariate/Online_Retail_2_UCI/D/short/run_0/predictions.npz
    Computing per-window metrics...
    Saved metrics to /fslarge/scratch/users/h61084/codes/selectime/outputs/selectime/chronos_bolt/evaluations/vanilla_univariate/Online_Retail_2_UCI/D/short/run_0/metrics.npz
    Saved config to /fslarge/scratch/users/h61084/codes/selectime/outputs/selectime/chronos_bolt/evaluations/vanilla_univariate/Online_Retail_2_UCI/D/short/run_0/config.json
    Saved aggregate metrics to /fslarge/scratch/users/h61084/codes/selectime/outputs/selectime/chronos_bolt/evaluations/vanilla_univariate/Online_Retail_2_UCI/D/short/run_0/metrics_summary.json
    Metrics summary (averaged over all series/windows/variates):
      MSE: 314035391.6255
      MAE: 10246.2875
      RMSE: 16013.3716
      MAPE: 0.2655
      sMAPE: 0.5281
      MASE: 0.6195
      ND: 0.2986
      CRPS: 0.2986
TIME run allocation action=new run=/fslarge/scratch/users/h61084/codes/selectime/outputs/selectime/chronos_bolt/evaluations/top1-horizon-mix/Online_Retail_2_UCI/D/short/run_0 launch_id=selena_3458556 slurm_job_id=3458556 launched_at=2026-09-17T10:57:46.239308+00:00
[2026-09-17 10:57:46 UTC] evaluate top1-horizon-mix Online_Retail_2_UCI/D/short
    Total instances: 6, Series during experiment: 1, Windows: 6
    Collecting ground truth and context...
    Organizing data into arrays...
    ⚠️  Predictions max value (75372.75) exceeds float16 safe range.
    ⚠️  Applying scale factor: 10 (values will be divided)
    Saved predictions (quantiles) to /fslarge/scratch/users/h61084/codes/selectime/outputs/selectime/chronos_bolt/evaluations/top1-horizon-mix/Online_Retail_2_UCI/D/short/run_0/predictions.npz
    Computing per-window metrics...
    Saved metrics to /fslarge/scratch/users/h61084/codes/selectime/outputs/selectime/chronos_bolt/evaluations/top1-horizon-mix/Online_Retail_2_UCI/D/short/run_0/metrics.npz
    Saved config to /fslarge/scratch/users/h61084/codes/selectime/outputs/selectime/chronos_bolt/evaluations/top1-horizon-mix/Online_Retail_2_UCI/D/short/run_0/config.json
    Saved aggregate metrics to /fslarge/scratch/users/h61084/codes/selectime/outputs/selectime/chronos_bolt/evaluations/top1-horizon-mix/Online_Retail_2_UCI/D/short/run_0/metrics_summary.json
    Metrics summary (averaged over all series/windows/variates):
      MSE: 317642643.1371
      MAE: 10295.1703
      RMSE: 16159.8615
      MAPE: 0.2764
      sMAPE: 0.5330
      MASE: 0.6224
      ND: 0.3004
      CRPS: 0.3004
TIME run allocation action=new run=/fslarge/scratch/users/h61084/codes/selectime/outputs/selectime/chronos_bolt/evaluations/vanilla_univariate/Supply_Chain_Customer/D/short/run_0 launch_id=selena_3458556 slurm_job_id=3458556 launched_at=2026-09-17T10:57:46.271961+00:00
[2026-09-17 10:57:46 UTC] evaluate vanilla_univariate Supply_Chain_Customer/D/short
    Total instances: 432, Series during experiment: 36, Windows: 12
    Collecting ground truth and context...
    Detected to_univariate case: 36 flat series -> 1 series x 36 variates
    Organizing data into arrays...
    ⚠️  Predictions max value (185497.48) exceeds float16 safe range.
    ⚠️  Applying scale factor: 10 (values will be divided)
    Saved predictions (quantiles) to /fslarge/scratch/users/h61084/codes/selectime/outputs/selectime/chronos_bolt/evaluations/vanilla_univariate/Supply_Chain_Customer/D/short/run_0/predictions.npz
    Computing per-window metrics...
    Saved metrics to /fslarge/scratch/users/h61084/codes/selectime/outputs/selectime/chronos_bolt/evaluations/vanilla_univariate/Supply_Chain_Customer/D/short/run_0/metrics.npz
    Saved config to /fslarge/scratch/users/h61084/codes/selectime/outputs/selectime/chronos_bolt/evaluations/vanilla_univariate/Supply_Chain_Customer/D/short/run_0/config.json
    Saved aggregate metrics to /fslarge/scratch/users/h61084/codes/selectime/outputs/selectime/chronos_bolt/evaluations/vanilla_univariate/Supply_Chain_Customer/D/short/run_0/metrics_summary.json
    Metrics summary (averaged over all series/windows/variates):
      MSE: 32848612.0971
      MAE: 1710.8665
      RMSE: 2393.5512
      MAPE: 0.4313
      sMAPE: 0.4205
      MASE: 0.6131
      ND: 0.3630
      CRPS: 0.3630
TIME run allocation action=new run=/fslarge/scratch/users/h61084/codes/selectime/outputs/selectime/chronos_bolt/evaluations/top1-horizon-mix/Supply_Chain_Customer/D/short/run_0 launch_id=selena_3458556 slurm_job_id=3458556 launched_at=2026-09-17T10:57:46.403379+00:00
[2026-09-17 10:57:46 UTC] evaluate top1-horizon-mix Supply_Chain_Customer/D/short
    Total instances: 432, Series during experiment: 36, Windows: 12
    Collecting ground truth and context...
    Detected to_univariate case: 36 flat series -> 1 series x 36 variates
    Organizing data into arrays...
    ⚠️  Predictions max value (191738.17) exceeds float16 safe range.
    ⚠️  Applying scale factor: 10 (values will be divided)
    Saved predictions (quantiles) to /fslarge/scratch/users/h61084/codes/selectime/outputs/selectime/chronos_bolt/evaluations/top1-horizon-mix/Supply_Chain_Customer/D/short/run_0/predictions.npz
    Computing per-window metrics...
    Saved metrics to /fslarge/scratch/users/h61084/codes/selectime/outputs/selectime/chronos_bolt/evaluations/top1-horizon-mix/Supply_Chain_Customer/D/short/run_0/metrics.npz
    Saved config to /fslarge/scratch/users/h61084/codes/selectime/outputs/selectime/chronos_bolt/evaluations/top1-horizon-mix/Supply_Chain_Customer/D/short/run_0/config.json
    Saved aggregate metrics to /fslarge/scratch/users/h61084/codes/selectime/outputs/selectime/chronos_bolt/evaluations/top1-horizon-mix/Supply_Chain_Customer/D/short/run_0/metrics_summary.json
    Metrics summary (averaged over all series/windows/variates):
      MSE: 32098236.4083
      MAE: 1695.2566
      RMSE: 2372.5294
      MAPE: 0.4294
      sMAPE: 0.4168
      MASE: 0.6075
      ND: 0.3602
      CRPS: 0.3602
TIME run allocation action=new run=/fslarge/scratch/users/h61084/codes/selectime/outputs/selectime/chronos_bolt/evaluations/vanilla_univariate/Supply_Chain_Location/D/short/run_0 launch_id=selena_3458556 slurm_job_id=3458556 launched_at=2026-09-17T10:57:46.471920+00:00
[2026-09-17 10:57:46 UTC] evaluate vanilla_univariate Supply_Chain_Location/D/short
    Total instances: 612, Series during experiment: 51, Windows: 12
    Collecting ground truth and context...
    Detected to_univariate case: 51 flat series -> 1 series x 51 variates
    Organizing data into arrays...
    ⚠️  Predictions max value (86134.17) exceeds float16 safe range.
    ⚠️  Applying scale factor: 10 (values will be divided)
    Saved predictions (quantiles) to /fslarge/scratch/users/h61084/codes/selectime/outputs/selectime/chronos_bolt/evaluations/vanilla_univariate/Supply_Chain_Location/D/short/run_0/predictions.npz
    Computing per-window metrics...
    Saved metrics to /fslarge/scratch/users/h61084/codes/selectime/outputs/selectime/chronos_bolt/evaluations/vanilla_univariate/Supply_Chain_Location/D/short/run_0/metrics.npz
    Saved config to /fslarge/scratch/users/h61084/codes/selectime/outputs/selectime/chronos_bolt/evaluations/vanilla_univariate/Supply_Chain_Location/D/short/run_0/config.json
    Saved aggregate metrics to /fslarge/scratch/users/h61084/codes/selectime/outputs/selectime/chronos_bolt/evaluations/vanilla_univariate/Supply_Chain_Location/D/short/run_0/metrics_summary.json
    Metrics summary (averaged over all series/windows/variates):
      MSE: 21468139.9751
      MAE: 1791.9018
      RMSE: 2409.5008
      MAPE: 0.5009
      sMAPE: 0.4225
      MASE: 0.6500
      ND: 0.3807
      CRPS: 0.3807
TIME run allocation action=new run=/fslarge/scratch/users/h61084/codes/selectime/outputs/selectime/chronos_bolt/evaluations/top1-horizon-mix/Supply_Chain_Location/D/short/run_0 launch_id=selena_3458556 slurm_job_id=3458556 launched_at=2026-09-17T10:57:46.617271+00:00
[2026-09-17 10:57:46 UTC] evaluate top1-horizon-mix Supply_Chain_Location/D/short
    Total instances: 612, Series during experiment: 51, Windows: 12
    Collecting ground truth and context...
    Detected to_univariate case: 51 flat series -> 1 series x 51 variates
    Organizing data into arrays...
    ⚠️  Predictions max value (88688.09) exceeds float16 safe range.
    ⚠️  Applying scale factor: 10 (values will be divided)
    Saved predictions (quantiles) to /fslarge/scratch/users/h61084/codes/selectime/outputs/selectime/chronos_bolt/evaluations/top1-horizon-mix/Supply_Chain_Location/D/short/run_0/predictions.npz
    Computing per-window metrics...
    Saved metrics to /fslarge/scratch/users/h61084/codes/selectime/outputs/selectime/chronos_bolt/evaluations/top1-horizon-mix/Supply_Chain_Location/D/short/run_0/metrics.npz
    Saved config to /fslarge/scratch/users/h61084/codes/selectime/outputs/selectime/chronos_bolt/evaluations/top1-horizon-mix/Supply_Chain_Location/D/short/run_0/config.json
    Saved aggregate metrics to /fslarge/scratch/users/h61084/codes/selectime/outputs/selectime/chronos_bolt/evaluations/top1-horizon-mix/Supply_Chain_Location/D/short/run_0/metrics_summary.json
    Metrics summary (averaged over all series/windows/variates):
      MSE: 21383632.7079
      MAE: 1787.4260
      RMSE: 2399.4766
      MAPE: 0.5001
      sMAPE: 0.4200
      MASE: 0.6477
      ND: 0.3789
      CRPS: 0.3789
TIME run allocation action=new run=/fslarge/scratch/users/h61084/codes/selectime/outputs/selectime/chronos_bolt/evaluations/vanilla_univariate/azure2019_U/5T/short/run_0 launch_id=selena_3458556 slurm_job_id=3458556 launched_at=2026-09-17T10:57:46.694247+00:00
[2026-09-17 10:57:46 UTC] evaluate vanilla_univariate azure2019_U/5T/short
    Total instances: 1404, Series during experiment: 234, Windows: 6
    Collecting ground truth and context...
    Detected to_univariate case: 234 flat series -> 78 series x 3 variates
    Organizing data into arrays...
    Saved predictions (quantiles) to /fslarge/scratch/users/h61084/codes/selectime/outputs/selectime/chronos_bolt/evaluations/vanilla_univariate/azure2019_U/5T/short/run_0/predictions.npz
    Computing per-window metrics...
    Saved metrics to /fslarge/scratch/users/h61084/codes/selectime/outputs/selectime/chronos_bolt/evaluations/vanilla_univariate/azure2019_U/5T/short/run_0/metrics.npz
    Saved config to /fslarge/scratch/users/h61084/codes/selectime/outputs/selectime/chronos_bolt/evaluations/vanilla_univariate/azure2019_U/5T/short/run_0/config.json
    Saved aggregate metrics to /fslarge/scratch/users/h61084/codes/selectime/outputs/selectime/chronos_bolt/evaluations/vanilla_univariate/azure2019_U/5T/short/run_0/metrics_summary.json
    Metrics summary (averaged over all series/windows/variates):
      MSE: 71.6663
      MAE: 2.6218
      RMSE: 3.5617
      MAPE: 0.4058
      sMAPE: 0.2047
      MASE: 0.7730
      ND: 0.2184
      CRPS: 0.2184
TIME run allocation action=new run=/fslarge/scratch/users/h61084/codes/selectime/outputs/selectime/chronos_bolt/evaluations/top1-horizon-mix/azure2019_U/5T/short/run_0 launch_id=selena_3458556 slurm_job_id=3458556 launched_at=2026-09-17T10:57:46.914452+00:00
[2026-09-17 10:57:46 UTC] evaluate top1-horizon-mix azure2019_U/5T/short
    Total instances: 1404, Series during experiment: 234, Windows: 6
    Collecting ground truth and context...
    Detected to_univariate case: 234 flat series -> 78 series x 3 variates
    Organizing data into arrays...
    Saved predictions (quantiles) to /fslarge/scratch/users/h61084/codes/selectime/outputs/selectime/chronos_bolt/evaluations/top1-horizon-mix/azure2019_U/5T/short/run_0/predictions.npz
    Computing per-window metrics...
    Saved metrics to /fslarge/scratch/users/h61084/codes/selectime/outputs/selectime/chronos_bolt/evaluations/top1-horizon-mix/azure2019_U/5T/short/run_0/metrics.npz
    Saved config to /fslarge/scratch/users/h61084/codes/selectime/outputs/selectime/chronos_bolt/evaluations/top1-horizon-mix/azure2019_U/5T/short/run_0/config.json
    Saved aggregate metrics to /fslarge/scratch/users/h61084/codes/selectime/outputs/selectime/chronos_bolt/evaluations/top1-horizon-mix/azure2019_U/5T/short/run_0/metrics_summary.json
    Metrics summary (averaged over all series/windows/variates):
      MSE: 71.6663
      MAE: 2.6218
      RMSE: 3.5617
      MAPE: 0.4058
      sMAPE: 0.2047
      MASE: 0.7730
      ND: 0.2184
      CRPS: 0.2184
TIME run allocation action=new run=/fslarge/scratch/users/h61084/codes/selectime/outputs/selectime/chronos_bolt/evaluations/vanilla_univariate/Smart_Manufacturing/H/short/run_0 launch_id=selena_3458556 slurm_job_id=3458556 launched_at=2026-09-17T10:57:47.061728+00:00
[2026-09-17 10:57:47 UTC] evaluate vanilla_univariate Smart_Manufacturing/H/short
    Total instances: 2380, Series during experiment: 170, Windows: 14
    Collecting ground truth and context...
    Detected to_univariate case: 170 flat series -> 34 series x 5 variates
    Organizing data into arrays...
    Saved predictions (quantiles) to /fslarge/scratch/users/h61084/codes/selectime/outputs/selectime/chronos_bolt/evaluations/vanilla_univariate/Smart_Manufacturing/H/short/run_0/predictions.npz
    Computing per-window metrics...
    Saved metrics to /fslarge/scratch/users/h61084/codes/selectime/outputs/selectime/chronos_bolt/evaluations/vanilla_univariate/Smart_Manufacturing/H/short/run_0/metrics.npz
    Saved config to /fslarge/scratch/users/h61084/codes/selectime/outputs/selectime/chronos_bolt/evaluations/vanilla_univariate/Smart_Manufacturing/H/short/run_0/config.json
    Saved aggregate metrics to /fslarge/scratch/users/h61084/codes/selectime/outputs/selectime/chronos_bolt/evaluations/vanilla_univariate/Smart_Manufacturing/H/short/run_0/metrics_summary.json
    Metrics summary (averaged over all series/windows/variates):
      MSE: 79.1682
      MAE: 5.7509
      RMSE: 7.1013
      MAPE: 0.3446
      sMAPE: 0.2264
      MASE: 0.7167
      ND: 0.2186
      CRPS: 0.2186
TIME run allocation action=new run=/fslarge/scratch/users/h61084/codes/selectime/outputs/selectime/chronos_bolt/evaluations/top1-horizon-mix/Smart_Manufacturing/H/short/run_0 launch_id=selena_3458556 slurm_job_id=3458556 launched_at=2026-09-17T10:57:47.346493+00:00
[2026-09-17 10:57:47 UTC] evaluate top1-horizon-mix Smart_Manufacturing/H/short
    Total instances: 2380, Series during experiment: 170, Windows: 14
    Collecting ground truth and context...
    Detected to_univariate case: 170 flat series -> 34 series x 5 variates
    Organizing data into arrays...
    Saved predictions (quantiles) to /fslarge/scratch/users/h61084/codes/selectime/outputs/selectime/chronos_bolt/evaluations/top1-horizon-mix/Smart_Manufacturing/H/short/run_0/predictions.npz
    Computing per-window metrics...
    Saved metrics to /fslarge/scratch/users/h61084/codes/selectime/outputs/selectime/chronos_bolt/evaluations/top1-horizon-mix/Smart_Manufacturing/H/short/run_0/metrics.npz
    Saved config to /fslarge/scratch/users/h61084/codes/selectime/outputs/selectime/chronos_bolt/evaluations/top1-horizon-mix/Smart_Manufacturing/H/short/run_0/config.json
    Saved aggregate metrics to /fslarge/scratch/users/h61084/codes/selectime/outputs/selectime/chronos_bolt/evaluations/top1-horizon-mix/Smart_Manufacturing/H/short/run_0/metrics_summary.json
    Metrics summary (averaged over all series/windows/variates):
      MSE: 79.1682
      MAE: 5.7509
      RMSE: 7.1013
      MAPE: 0.3446
      sMAPE: 0.2264
      MASE: 0.7167
      ND: 0.2186
      CRPS: 0.2186
TIME run allocation action=new run=/fslarge/scratch/users/h61084/codes/selectime/outputs/selectime/chronos_bolt/evaluations/vanilla_univariate/Smart_Manufacturing/H/medium/run_0 launch_id=selena_3458556 slurm_job_id=3458556 launched_at=2026-09-17T10:57:47.558706+00:00
[2026-09-17 10:57:47 UTC] evaluate vanilla_univariate Smart_Manufacturing/H/medium
    Total instances: 340, Series during experiment: 170, Windows: 2
    Collecting ground truth and context...
    Detected to_univariate case: 170 flat series -> 34 series x 5 variates
    Organizing data into arrays...
    Saved predictions (quantiles) to /fslarge/scratch/users/h61084/codes/selectime/outputs/selectime/chronos_bolt/evaluations/vanilla_univariate/Smart_Manufacturing/H/medium/run_0/predictions.npz
    Computing per-window metrics...
    Saved metrics to /fslarge/scratch/users/h61084/codes/selectime/outputs/selectime/chronos_bolt/evaluations/vanilla_univariate/Smart_Manufacturing/H/medium/run_0/metrics.npz
    Saved config to /fslarge/scratch/users/h61084/codes/selectime/outputs/selectime/chronos_bolt/evaluations/vanilla_univariate/Smart_Manufacturing/H/medium/run_0/config.json
    Saved aggregate metrics to /fslarge/scratch/users/h61084/codes/selectime/outputs/selectime/chronos_bolt/evaluations/vanilla_univariate/Smart_Manufacturing/H/medium/run_0/metrics_summary.json
    Metrics summary (averaged over all series/windows/variates):
      MSE: 78.6815
      MAE: 5.7346
      RMSE: 7.1633
      MAPE: 0.3461
      sMAPE: 0.2259
      MASE: 0.7140
      ND: 0.2162
      CRPS: 0.2162
TIME run allocation action=new run=/fslarge/scratch/users/h61084/codes/selectime/outputs/selectime/chronos_bolt/evaluations/top1-horizon-mix/Smart_Manufacturing/H/medium/run_0 launch_id=selena_3458556 slurm_job_id=3458556 launched_at=2026-09-17T10:57:47.699920+00:00
[2026-09-17 10:57:47 UTC] evaluate top1-horizon-mix Smart_Manufacturing/H/medium
    Total instances: 340, Series during experiment: 170, Windows: 2
    Collecting ground truth and context...
    Detected to_univariate case: 170 flat series -> 34 series x 5 variates
    Organizing data into arrays...
    Saved predictions (quantiles) to /fslarge/scratch/users/h61084/codes/selectime/outputs/selectime/chronos_bolt/evaluations/top1-horizon-mix/Smart_Manufacturing/H/medium/run_0/predictions.npz
    Computing per-window metrics...
    Saved metrics to /fslarge/scratch/users/h61084/codes/selectime/outputs/selectime/chronos_bolt/evaluations/top1-horizon-mix/Smart_Manufacturing/H/medium/run_0/metrics.npz
    Saved config to /fslarge/scratch/users/h61084/codes/selectime/outputs/selectime/chronos_bolt/evaluations/top1-horizon-mix/Smart_Manufacturing/H/medium/run_0/config.json
    Saved aggregate metrics to /fslarge/scratch/users/h61084/codes/selectime/outputs/selectime/chronos_bolt/evaluations/top1-horizon-mix/Smart_Manufacturing/H/medium/run_0/metrics_summary.json
    Metrics summary (averaged over all series/windows/variates):
      MSE: 78.6815
      MAE: 5.7346
      RMSE: 7.1633
      MAPE: 0.3461
      sMAPE: 0.2259
      MASE: 0.7140
      ND: 0.2162
      CRPS: 0.2162
TIME run allocation action=new run=/fslarge/scratch/users/h61084/codes/selectime/outputs/selectime/chronos_bolt/evaluations/vanilla_univariate/Smart_Manufacturing/H/long/run_0 launch_id=selena_3458556 slurm_job_id=3458556 launched_at=2026-09-17T10:57:47.770824+00:00
[2026-09-17 10:57:47 UTC] evaluate vanilla_univariate Smart_Manufacturing/H/long
    Total instances: 170, Series during experiment: 170, Windows: 1
    Collecting ground truth and context...
    Detected to_univariate case: 170 flat series -> 34 series x 5 variates
    Organizing data into arrays...
    Saved predictions (quantiles) to /fslarge/scratch/users/h61084/codes/selectime/outputs/selectime/chronos_bolt/evaluations/vanilla_univariate/Smart_Manufacturing/H/long/run_0/predictions.npz
    Computing per-window metrics...
    Saved metrics to /fslarge/scratch/users/h61084/codes/selectime/outputs/selectime/chronos_bolt/evaluations/vanilla_univariate/Smart_Manufacturing/H/long/run_0/metrics.npz
    Saved config to /fslarge/scratch/users/h61084/codes/selectime/outputs/selectime/chronos_bolt/evaluations/vanilla_univariate/Smart_Manufacturing/H/long/run_0/config.json
    Saved aggregate metrics to /fslarge/scratch/users/h61084/codes/selectime/outputs/selectime/chronos_bolt/evaluations/vanilla_univariate/Smart_Manufacturing/H/long/run_0/metrics_summary.json
    Metrics summary (averaged over all series/windows/variates):
      MSE: 78.7499
      MAE: 5.7349
      RMSE: 7.1749
      MAPE: 0.3493
      sMAPE: 0.2259
      MASE: 0.7137
      ND: 0.2162
      CRPS: 0.2162
TIME run allocation action=new run=/fslarge/scratch/users/h61084/codes/selectime/outputs/selectime/chronos_bolt/evaluations/top1-horizon-mix/Smart_Manufacturing/H/long/run_0 launch_id=selena_3458556 slurm_job_id=3458556 launched_at=2026-09-17T10:57:47.899154+00:00
[2026-09-17 10:57:47 UTC] evaluate top1-horizon-mix Smart_Manufacturing/H/long
    Total instances: 170, Series during experiment: 170, Windows: 1
    Collecting ground truth and context...
    Detected to_univariate case: 170 flat series -> 34 series x 5 variates
    Organizing data into arrays...
    Saved predictions (quantiles) to /fslarge/scratch/users/h61084/codes/selectime/outputs/selectime/chronos_bolt/evaluations/top1-horizon-mix/Smart_Manufacturing/H/long/run_0/predictions.npz
    Computing per-window metrics...
    Saved metrics to /fslarge/scratch/users/h61084/codes/selectime/outputs/selectime/chronos_bolt/evaluations/top1-horizon-mix/Smart_Manufacturing/H/long/run_0/metrics.npz
    Saved config to /fslarge/scratch/users/h61084/codes/selectime/outputs/selectime/chronos_bolt/evaluations/top1-horizon-mix/Smart_Manufacturing/H/long/run_0/config.json
    Saved aggregate metrics to /fslarge/scratch/users/h61084/codes/selectime/outputs/selectime/chronos_bolt/evaluations/top1-horizon-mix/Smart_Manufacturing/H/long/run_0/metrics_summary.json
    Metrics summary (averaged over all series/windows/variates):
      MSE: 78.7499
      MAE: 5.7349
      RMSE: 7.1749
      MAPE: 0.3493
      sMAPE: 0.2259
      MASE: 0.7137
      ND: 0.2162
      CRPS: 0.2162
TIME run allocation action=new run=/fslarge/scratch/users/h61084/codes/selectime/outputs/selectime/chronos_bolt/evaluations/vanilla_univariate/MetroPT-3/5T/short/run_0 launch_id=selena_3458556 slurm_job_id=3458556 launched_at=2026-09-17T10:57:47.965862+00:00
[2026-09-17 10:57:47 UTC] evaluate vanilla_univariate MetroPT-3/5T/short
    Total instances: 216, Series during experiment: 6, Windows: 36
    Collecting ground truth and context...
    Detected to_univariate case: 6 flat series -> 1 series x 6 variates
    Organizing data into arrays...
    Saved predictions (quantiles) to /fslarge/scratch/users/h61084/codes/selectime/outputs/selectime/chronos_bolt/evaluations/vanilla_univariate/MetroPT-3/5T/short/run_0/predictions.npz
    Computing per-window metrics...
    Saved metrics to /fslarge/scratch/users/h61084/codes/selectime/outputs/selectime/chronos_bolt/evaluations/vanilla_univariate/MetroPT-3/5T/short/run_0/metrics.npz
    Saved config to /fslarge/scratch/users/h61084/codes/selectime/outputs/selectime/chronos_bolt/evaluations/vanilla_univariate/MetroPT-3/5T/short/run_0/config.json
    Saved aggregate metrics to /fslarge/scratch/users/h61084/codes/selectime/outputs/selectime/chronos_bolt/evaluations/vanilla_univariate/MetroPT-3/5T/short/run_0/metrics_summary.json
    Metrics summary (averaged over all series/windows/variates):
      MSE: 3.5402
      MAE: 1.1859
      RMSE: 1.5190
      MAPE: 5.0638
      sMAPE: 0.4972
      MASE: 0.6495
      ND: 0.3394
      CRPS: 0.3394
TIME run allocation action=new run=/fslarge/scratch/users/h61084/codes/selectime/outputs/selectime/chronos_bolt/evaluations/top1-horizon-mix/MetroPT-3/5T/short/run_0 launch_id=selena_3458556 slurm_job_id=3458556 launched_at=2026-09-17T10:57:48.092207+00:00
[2026-09-17 10:57:48 UTC] evaluate top1-horizon-mix MetroPT-3/5T/short
    Total instances: 216, Series during experiment: 6, Windows: 36
    Collecting ground truth and context...
    Detected to_univariate case: 6 flat series -> 1 series x 6 variates
    Organizing data into arrays...
    Saved predictions (quantiles) to /fslarge/scratch/users/h61084/codes/selectime/outputs/selectime/chronos_bolt/evaluations/top1-horizon-mix/MetroPT-3/5T/short/run_0/predictions.npz
    Computing per-window metrics...
    Saved metrics to /fslarge/scratch/users/h61084/codes/selectime/outputs/selectime/chronos_bolt/evaluations/top1-horizon-mix/MetroPT-3/5T/short/run_0/metrics.npz
    Saved config to /fslarge/scratch/users/h61084/codes/selectime/outputs/selectime/chronos_bolt/evaluations/top1-horizon-mix/MetroPT-3/5T/short/run_0/config.json
    Saved aggregate metrics to /fslarge/scratch/users/h61084/codes/selectime/outputs/selectime/chronos_bolt/evaluations/top1-horizon-mix/MetroPT-3/5T/short/run_0/metrics_summary.json
    Metrics summary (averaged over all series/windows/variates):
      MSE: 3.5366
      MAE: 1.1886
      RMSE: 1.5184
      MAPE: 5.2102
      sMAPE: 0.4968
      MASE: 0.6512
      ND: 0.3407
      CRPS: 0.3407
TIME run allocation action=new run=/fslarge/scratch/users/h61084/codes/selectime/outputs/selectime/chronos_bolt/evaluations/vanilla_univariate/MetroPT-3/5T/medium/run_0 launch_id=selena_3458556 slurm_job_id=3458556 launched_at=2026-09-17T10:57:48.155995+00:00
[2026-09-17 10:57:48 UTC] evaluate vanilla_univariate MetroPT-3/5T/medium
    Total instances: 36, Series during experiment: 6, Windows: 6
    Collecting ground truth and context...
    Detected to_univariate case: 6 flat series -> 1 series x 6 variates
    Organizing data into arrays...
    Saved predictions (quantiles) to /fslarge/scratch/users/h61084/codes/selectime/outputs/selectime/chronos_bolt/evaluations/vanilla_univariate/MetroPT-3/5T/medium/run_0/predictions.npz
    Computing per-window metrics...
    Saved metrics to /fslarge/scratch/users/h61084/codes/selectime/outputs/selectime/chronos_bolt/evaluations/vanilla_univariate/MetroPT-3/5T/medium/run_0/metrics.npz
    Saved config to /fslarge/scratch/users/h61084/codes/selectime/outputs/selectime/chronos_bolt/evaluations/vanilla_univariate/MetroPT-3/5T/medium/run_0/config.json
    Saved aggregate metrics to /fslarge/scratch/users/h61084/codes/selectime/outputs/selectime/chronos_bolt/evaluations/vanilla_univariate/MetroPT-3/5T/medium/run_0/metrics_summary.json
    Metrics summary (averaged over all series/windows/variates):
      MSE: 3.4239
      MAE: 1.2081
      RMSE: 1.5178
      MAPE: 7.1321
      sMAPE: 0.4817
      MASE: 0.6856
      ND: 0.3474
      CRPS: 0.3474
TIME run allocation action=new run=/fslarge/scratch/users/h61084/codes/selectime/outputs/selectime/chronos_bolt/evaluations/top1-horizon-mix/MetroPT-3/5T/medium/run_0 launch_id=selena_3458556 slurm_job_id=3458556 launched_at=2026-09-17T10:57:48.261054+00:00
[2026-09-17 10:57:48 UTC] evaluate top1-horizon-mix MetroPT-3/5T/medium
    Total instances: 36, Series during experiment: 6, Windows: 6
    Collecting ground truth and context...
    Detected to_univariate case: 6 flat series -> 1 series x 6 variates
    Organizing data into arrays...
    Saved predictions (quantiles) to /fslarge/scratch/users/h61084/codes/selectime/outputs/selectime/chronos_bolt/evaluations/top1-horizon-mix/MetroPT-3/5T/medium/run_0/predictions.npz
    Computing per-window metrics...
    Saved metrics to /fslarge/scratch/users/h61084/codes/selectime/outputs/selectime/chronos_bolt/evaluations/top1-horizon-mix/MetroPT-3/5T/medium/run_0/metrics.npz
    Saved config to /fslarge/scratch/users/h61084/codes/selectime/outputs/selectime/chronos_bolt/evaluations/top1-horizon-mix/MetroPT-3/5T/medium/run_0/config.json
    Saved aggregate metrics to /fslarge/scratch/users/h61084/codes/selectime/outputs/selectime/chronos_bolt/evaluations/top1-horizon-mix/MetroPT-3/5T/medium/run_0/metrics_summary.json
    Metrics summary (averaged over all series/windows/variates):
      MSE: 3.4435
      MAE: 1.2147
      RMSE: 1.5219
      MAPE: 7.2543
      sMAPE: 0.4822
      MASE: 0.6917
      ND: 0.3497
      CRPS: 0.3497
TIME run allocation action=new run=/fslarge/scratch/users/h61084/codes/selectime/outputs/selectime/chronos_bolt/evaluations/vanilla_univariate/MetroPT-3/5T/long/run_0 launch_id=selena_3458556 slurm_job_id=3458556 launched_at=2026-09-17T10:57:48.303861+00:00
[2026-09-17 10:57:48 UTC] evaluate vanilla_univariate MetroPT-3/5T/long
    Total instances: 18, Series during experiment: 6, Windows: 3
    Collecting ground truth and context...
    Detected to_univariate case: 6 flat series -> 1 series x 6 variates
    Organizing data into arrays...
    Saved predictions (quantiles) to /fslarge/scratch/users/h61084/codes/selectime/outputs/selectime/chronos_bolt/evaluations/vanilla_univariate/MetroPT-3/5T/long/run_0/predictions.npz
    Computing per-window metrics...
    Saved metrics to /fslarge/scratch/users/h61084/codes/selectime/outputs/selectime/chronos_bolt/evaluations/vanilla_univariate/MetroPT-3/5T/long/run_0/metrics.npz
    Saved config to /fslarge/scratch/users/h61084/codes/selectime/outputs/selectime/chronos_bolt/evaluations/vanilla_univariate/MetroPT-3/5T/long/run_0/config.json
    Saved aggregate metrics to /fslarge/scratch/users/h61084/codes/selectime/outputs/selectime/chronos_bolt/evaluations/vanilla_univariate/MetroPT-3/5T/long/run_0/metrics_summary.json
    Metrics summary (averaged over all series/windows/variates):
      MSE: 3.3339
      MAE: 1.2067
      RMSE: 1.5065
      MAPE: 6.7195
      sMAPE: 0.4852
      MASE: 0.6948
      ND: 0.3485
      CRPS: 0.3485
TIME run allocation action=new run=/fslarge/scratch/users/h61084/codes/selectime/outputs/selectime/chronos_bolt/evaluations/top1-horizon-mix/MetroPT-3/5T/long/run_0 launch_id=selena_3458556 slurm_job_id=3458556 launched_at=2026-09-17T10:57:48.407112+00:00
[2026-09-17 10:57:48 UTC] evaluate top1-horizon-mix MetroPT-3/5T/long
    Total instances: 18, Series during experiment: 6, Windows: 3
    Collecting ground truth and context...
    Detected to_univariate case: 6 flat series -> 1 series x 6 variates
    Organizing data into arrays...
    Saved predictions (quantiles) to /fslarge/scratch/users/h61084/codes/selectime/outputs/selectime/chronos_bolt/evaluations/top1-horizon-mix/MetroPT-3/5T/long/run_0/predictions.npz
    Computing per-window metrics...
    Saved metrics to /fslarge/scratch/users/h61084/codes/selectime/outputs/selectime/chronos_bolt/evaluations/top1-horizon-mix/MetroPT-3/5T/long/run_0/metrics.npz
    Saved config to /fslarge/scratch/users/h61084/codes/selectime/outputs/selectime/chronos_bolt/evaluations/top1-horizon-mix/MetroPT-3/5T/long/run_0/config.json
    Saved aggregate metrics to /fslarge/scratch/users/h61084/codes/selectime/outputs/selectime/chronos_bolt/evaluations/top1-horizon-mix/MetroPT-3/5T/long/run_0/metrics_summary.json
    Metrics summary (averaged over all series/windows/variates):
      MSE: 3.3339
      MAE: 1.2067
      RMSE: 1.5065
      MAPE: 6.7195
      sMAPE: 0.4852
      MASE: 0.6948
      ND: 0.3485
      CRPS: 0.3485
[2026-09-17 10:57:51 UTC] Slurm=3458556 launch=selena_3458556 stage=report prediction_group=all
[2026-09-17 10:57:53 UTC] dataset_config=/fssmall/home/h61084/codes/selectime/src/timebench/config/datasets.yaml applied_keys=datasets,selectime_tasks tasks=90
[2026-09-17 10:57:53 UTC] stage=report tasks=90 seed=0 Slurm=3458556
TIME run allocation action=new run=/fslarge/scratch/users/h61084/codes/selectime/outputs/selectime/chronos_bolt/reports/comparison/Water_Quality_Darwin/15T/short/run_0 launch_id=selena_3458556 slurm_job_id=3458556 launched_at=2026-09-17T10:58:02.216306+00:00
[2026-09-17 10:58:03 UTC] vanilla_univariate: tasks=90 mean_task_MASE=1.167904574003762
[2026-09-17 10:58:03 UTC] top1-horizon-mix: tasks=90 mean_task_MASE=4250.800135209014
