dataset,term,method,report_label,inference_seconds,query_retrieval_seconds,datastore_preprocessing_seconds,timing_policy,fallback_count,alternative,alternative_weight,grid_rows,fallback_rate,MSE_mean,MSE_variance,MSE_std,MSE_dispersion_ddof,MSE_finite_values,MSE_evaluation_values,MSE_total_values,MAE_mean,MAE_variance,MAE_std,MAE_dispersion_ddof,MAE_finite_values,MAE_evaluation_values,MAE_total_values,RMSE_mean,RMSE_variance,RMSE_std,RMSE_dispersion_ddof,RMSE_finite_values,RMSE_evaluation_values,RMSE_total_values,MAPE_mean,MAPE_variance,MAPE_std,MAPE_dispersion_ddof,MAPE_finite_values,MAPE_evaluation_values,MAPE_total_values,sMAPE_mean,sMAPE_variance,sMAPE_std,sMAPE_dispersion_ddof,sMAPE_finite_values,sMAPE_evaluation_values,sMAPE_total_values,MASE_mean,MASE_variance,MASE_std,MASE_dispersion_ddof,MASE_finite_values,MASE_evaluation_values,MASE_total_values,ND_mean,ND_variance,ND_std,ND_dispersion_ddof,ND_finite_values,ND_evaluation_values,ND_total_values,CRPS_mean,CRPS_variance,CRPS_std,CRPS_dispersion_ddof,CRPS_finite_values,CRPS_evaluation_values,CRPS_total_values,seasonal_MASE_mean,seasonal_MASE_variance,scaled_MASE_mean,scaled_MASE_std,scaled_MASE_variance,MASE_variance_ratio_to_seasonal
Water_Quality_Darwin/15T,short,vanilla_univariate,vanilla_univariate,4.817112822085619,0.0,0.0,measured_candidate_query_loop_precomputed_vanilla_fallback_separate_retrieval,0.0,,,3780.0,0.0,2.48605301458497,296.6890804620419,17.224664886784936,0.0,3780.0,3780.0,3780.0,0.4787444428658472,1.6018863683608715,1.2656564969852095,0.0,3780.0,3780.0,3780.0,0.5675718864313799,2.1639151683176947,1.4710252099531451,0.0,3780.0,3780.0,3780.0,0.060436745134990456,0.015061945729579918,0.1227271189655323,0.0,3780.0,3780.0,3780.0,0.05742912408968257,0.010724405364757519,0.10355870492024086,0.0,3780.0,3780.0,3780.0,0.6716427228108365,0.713415739303938,0.8446394137760432,0.0,3780.0,3780.0,3780.0,0.05833080143492809,0.011970199691223897,0.10940840777208988,0.0,3780.0,3780.0,3780.0,0.05833080143492809,0.011970199691223897,0.10940840777208988,0.0,3780.0,3780.0,3780.0,1.0871610587899843,1.3381496638898256,0.6177950519662452,0.7769220640740491,0.6036078936450808,0.5331359851260075
Water_Quality_Darwin/15T,short,top1-horizon-mix,top1-horizon-mix,,,,assembled_from_candidate_artifacts_no_independent_selected_method_latency,0.0,top1_horizon,0.2227751756440281,3780.0,0.0,2.645855670563879,349.5648514870331,18.696653483632655,0.0,3780.0,3780.0,3780.0,0.49101215066055465,1.7530690128456632,1.324035125231073,0.0,3780.0,3780.0,3780.0,0.5770175145734368,2.3129064584393726,1.520824269414245,0.0,3780.0,3780.0,3780.0,0.06105586924621125,0.016024512143092636,0.1265879620781243,0.0,3780.0,3780.0,3780.0,0.05736008585022959,0.010932757288587008,0.10455982636073478,0.0,3780.0,3780.0,3780.0,0.6794242370500546,0.6935408463520243,0.8327909980013138,0.0,3780.0,3780.0,3780.0,0.05852105856105081,0.01249764930813563,0.11179288576709892,0.0,3780.0,3780.0,3780.0,0.05852105856105081,0.01249764930813563,0.11179288576709892,0.0,3780.0,3780.0,3780.0,1.0871610587899843,1.3381496638898256,0.6249526981827855,0.7660235723750208,0.5867921134341888,0.518283466391937
Water_Quality_Darwin/15T,medium,vanilla_univariate,vanilla_univariate,5.856245515868068,0.0,0.0,measured_candidate_query_loop_precomputed_vanilla_fallback_separate_retrieval,0.0,,,630.0,0.0,3.7326111402683675,297.8910729403874,17.25952122569996,0.0,630.0,630.0,630.0,0.6411112742956167,1.9052870777954456,1.380321367579103,0.0,630.0,630.0,630.0,0.8156034324246739,3.067402181285458,1.7514000631738764,0.0,630.0,630.0,630.0,0.082025363370173,0.02157639464376244,0.14688905556154427,0.0,630.0,630.0,630.0,0.07488747820274688,0.014293957705983426,0.11955734066122174,0.0,630.0,630.0,630.0,0.9366178700006613,0.7119858910042999,0.8437925639659903,0.0,630.0,630.0,630.0,0.07504074476218647,0.015047329487757855,0.12266755678563854,0.0,630.0,630.0,630.0,0.07504074476218647,0.015047329487757855,0.12266755678563854,0.0,630.0,630.0,630.0,1.0892248555624096,0.8662032158339698,0.8598939559794095,0.774672520239457,0.6001175136141519,0.8219617267511627
Water_Quality_Darwin/15T,medium,top1-horizon-mix,top1-horizon-mix,,,,assembled_from_candidate_artifacts_no_independent_selected_method_latency,0.0,top1_horizon,0.22626582278481014,630.0,0.0,3.6728832106126093,314.36013441152693,17.730204014943734,0.0,630.0,630.0,630.0,0.6314816680125986,1.86278297252322,1.3648380755691203,0.0,630.0,630.0,630.0,0.8031793353014601,3.0277861659573144,1.7400534951424091,0.0,630.0,630.0,630.0,0.07995061321831375,0.020968745888638174,0.1448058903796326,0.0,630.0,630.0,630.0,0.07250660545364837,0.013764836728814461,0.117323640962998,0.0,630.0,630.0,630.0,0.9243522946866504,0.7086423208935217,0.8418089574799746,0.0,630.0,630.0,630.0,0.07265389778895676,0.014544762523362275,0.12060166882494734,0.0,630.0,630.0,630.0,0.07265389778895676,0.014544762523362275,0.12060166882494734,0.0,630.0,630.0,630.0,1.0892248555624096,0.8662032158339698,0.8486331265451806,0.7728514027026271,0.5972992906594183,0.8181016970841533
Water_Quality_Darwin/15T,long,vanilla_univariate,vanilla_univariate,7.163581086322665,0.0,0.0,measured_candidate_query_loop_precomputed_vanilla_fallback_separate_retrieval,0.0,,,210.0,0.0,8.627233667155702,1972.3585522914132,44.41124353462097,0.0,210.0,210.0,210.0,0.9885113809355461,4.592968839884914,2.143121284455202,0.0,210.0,210.0,210.0,1.246140515945102,7.074367481675776,2.6597683135333003,0.0,210.0,210.0,210.0,0.13233976789590426,0.07462887271284376,0.273182855817937,0.0,210.0,210.0,210.0,0.10980295500136371,0.03213644851840946,0.17926641770953494,0.0,210.0,210.0,210.0,1.4995830492022377,1.63422301421295,1.278367323664427,0.0,210.0,210.0,210.0,0.11187146308183972,0.03628916385092444,0.19049714919369382,0.0,210.0,210.0,210.0,0.11187146308183972,0.03628916385092444,0.19049714919369382,0.0,210.0,210.0,210.0,1.591229713377238,1.5257973604856987,0.942405132706774,0.8033832657330227,0.6454246716598564,1.0710616340906087
Water_Quality_Darwin/15T,long,top1-horizon-mix,top1-horizon-mix,,,,assembled_from_candidate_artifacts_no_independent_selected_method_latency,0.0,top1_horizon,0.32075471698113206,210.0,0.0,7.575390065234452,1435.0019702589882,37.881419855372215,0.0,210.0,210.0,210.0,0.9210754547005306,3.8177663819893946,1.9539105358202546,0.0,210.0,210.0,210.0,1.1698023351593516,6.206952561890181,2.491375636448703,0.0,210.0,210.0,210.0,0.12510796517305847,0.06462038200437717,0.2542053933424253,0.0,210.0,210.0,210.0,0.1016448590891846,0.029338466567528327,0.17128475287522918,0.0,210.0,210.0,210.0,1.414815839515976,1.1959284875649119,1.0935851533213643,0.0,210.0,210.0,210.0,0.10328867869640426,0.03231623025908564,0.17976715567390403,0.0,210.0,210.0,210.0,0.10328867869640426,0.03231623025908564,0.17976715567390403,0.0,210.0,210.0,210.0,1.591229713377238,1.5257973604856987,0.8891336226453189,0.6872578761744782,0.47232338836385446,0.7838055816168266
current_velocity/5T,short,vanilla_univariate,vanilla_univariate,0.7860732115805149,0.0,0.0,measured_candidate_query_loop_precomputed_vanilla_fallback_separate_retrieval,0.0,,,720.0,0.0,3.038420630255172,108.13578664275563,10.398835831128196,0.0,720.0,720.0,720.0,0.5638663843048584,1.8685705206924228,1.3669566637945854,0.0,720.0,720.0,720.0,0.6738370428042927,2.5843642699999374,1.6075958042990588,0.0,720.0,720.0,720.0,0.44970037044658634,0.9094160421406331,0.9536330752132254,0.0,720.0,720.0,720.0,0.3493648926026466,0.2576403487028669,0.5075828491023577,0.0,720.0,720.0,720.0,0.4309424108512903,0.09657239017524911,0.31076098560670246,0.0,720.0,720.0,720.0,0.30365889940214447,0.20715066500438217,0.4551380724619532,0.0,720.0,720.0,720.0,0.30365889940214447,0.20715066500438217,0.4551380724619532,0.0,720.0,720.0,720.0,0.9105016048084428,0.38424047675878115,0.47330219801419765,0.341307455105565,0.11649077891063724,0.2513332041170546
current_velocity/5T,short,top1-horizon-mix,top1-horizon-mix,,,,assembled_from_candidate_artifacts_no_independent_selected_method_latency,0.0,top1_horizon,0.1329639889196676,720.0,0.0,3.291085639154795,129.38235403686818,11.374636435370942,0.0,720.0,720.0,720.0,0.5883050231821577,2.0663672024544932,1.437486418180879,0.0,720.0,720.0,720.0,0.6984396571865601,2.8032676844239157,1.674296175837452,0.0,720.0,720.0,720.0,0.4540708864352957,0.7877240977207399,0.8875382232449146,0.0,720.0,720.0,720.0,0.35771781211236775,0.26507671906814795,0.5148560178031796,0.0,720.0,720.0,720.0,0.43776240271998385,0.0896735975044737,0.2994555017101434,0.0,720.0,720.0,720.0,0.31091850470197735,0.20636812722681594,0.45427758829466364,0.0,720.0,720.0,720.0,0.31091850470197735,0.20636812722681594,0.45427758829466364,0.0,720.0,720.0,720.0,0.9105016048084428,0.38424047675878115,0.48079256577706214,0.32889069072332366,0.10816908644446493,0.2333788419713238
current_velocity/5T,medium,vanilla_univariate,vanilla_univariate,3.075744090601802,0.0,0.0,measured_candidate_query_loop_precomputed_vanilla_fallback_separate_retrieval,0.0,,,90.0,0.0,5.510481150746615,174.15872781537638,13.196921149092935,0.0,90.0,90.0,90.0,0.8233448678261902,2.777232209465684,1.6665029881358402,0.0,90.0,90.0,90.0,1.0372535001039764,4.434586327268663,2.105845751062661,0.0,90.0,90.0,90.0,0.717391737056692,1.819144260981392,1.348756561052213,0.0,90.0,90.0,90.0,0.4182349540769833,0.2568655116361069,0.5068190127018785,0.0,90.0,90.0,90.0,0.732340623550814,0.1325137856389597,0.3640244300029322,0.0,90.0,90.0,90.0,0.3717323790065653,0.20744608914143758,0.45546250025818547,0.0,90.0,90.0,90.0,0.3717323790065653,0.20744608914143758,0.45546250025818547,0.0,90.0,90.0,90.0,0.9106922601897061,0.11522061713881367,0.804158172375661,0.3997227668621038,0.15977829034789578,1.1500874490136765
current_velocity/5T,medium,top1-horizon-mix,top1-horizon-mix,,,,assembled_from_candidate_artifacts_no_independent_selected_method_latency,0.0,top1_horizon,0.2608695652173913,90.0,0.0,5.794995273853281,191.06461950094365,13.822612614876526,0.0,90.0,90.0,90.0,0.86226282637614,3.137510502938154,1.7713019231452762,0.0,90.0,90.0,90.0,1.0563644851447864,4.679089348378071,2.1631202806081014,0.0,90.0,90.0,90.0,0.7419998289144962,1.875137702017951,1.3693566745073946,0.0,90.0,90.0,90.0,0.44487729248330116,0.2945600747343501,0.54273388942865,0.0,90.0,90.0,90.0,0.7209834546823211,0.09619050187258327,0.3101459364115275,0.0,90.0,90.0,90.0,0.39067352971610836,0.23071077471232446,0.4803236145686827,0.0,90.0,90.0,90.0,0.39067352971610836,0.23071077471232446,0.4803236145686827,0.0,90.0,90.0,90.0,0.9106922601897061,0.11522061713881367,0.791687253971098,0.3405606371870571,0.11598154760125436,0.8348375860259141
current_velocity/5T,long,vanilla_univariate,vanilla_univariate,3.3175303377211094,0.0,0.0,measured_candidate_query_loop_precomputed_vanilla_fallback_separate_retrieval,0.0,,,30.0,0.0,7.296008847034687,346.1358508364635,18.604726572472476,0.0,30.0,30.0,30.0,0.9679377069218794,3.6113024987787132,1.900342731924616,0.0,30.0,30.0,30.0,1.220247305915479,5.807005359440704,2.409772885448067,0.0,30.0,30.0,30.0,0.9375738051007599,2.4671752426438447,1.5707244324335967,0.0,30.0,30.0,30.0,0.5433951053822665,0.3894224617728203,0.6240372278741232,0.0,30.0,30.0,30.0,1.0664660027087778,0.386912313819764,0.6220227598888677,0.0,30.0,30.0,30.0,0.47268254419205485,0.34211992754131004,0.5849101875855045,0.0,30.0,30.0,30.0,0.47268254419205485,0.34211992754131004,0.5849101875855045,0.0,30.0,30.0,30.0,1.0927077660320532,0.29190573790947194,0.9759846464544065,0.5692489604495237,0.3240443789728635,1.3254700527324208
current_velocity/5T,long,top1-horizon-mix,top1-horizon-mix,,,,assembled_from_candidate_artifacts_no_independent_selected_method_latency,0.0,top1_horizon,0.3125,30.0,0.0,7.102866465728526,273.5583430009646,16.539599239430338,0.0,30.0,30.0,30.0,0.9656844607108925,3.580873049287516,1.8923194892214992,0.0,30.0,30.0,30.0,1.2076227637939094,5.644513726095285,2.3758185381243417,0.0,30.0,30.0,30.0,0.8600125777196279,1.5214707228417488,1.233479113257192,0.0,30.0,30.0,30.0,0.527184883538751,0.34611554984307424,0.5883158589083539,0.0,30.0,30.0,30.0,0.9543069820817395,0.17994732886503192,0.42420199064246733,0.0,30.0,30.0,30.0,0.45992310441304235,0.2850667267394966,0.5339164042614692,0.0,30.0,30.0,30.0,0.45992310441304235,0.2850667267394966,0.5339164042614692,0.0,30.0,30.0,30.0,1.0927077660320532,0.29190573790947194,0.8733414475007456,0.38821174684506077,0.15070836038849353,0.6164569773576652
current_velocity/10T,short,vanilla_univariate,vanilla_univariate,7.815288063138723,0.0,0.0,measured_candidate_query_loop_precomputed_vanilla_fallback_separate_retrieval,0.0,,,7200.0,0.0,7.9602077745147914,1783.8633423368146,42.235806400929704,0.0,7200.0,7200.0,7200.0,0.7883951246694888,4.473547885012045,2.115076330776751,0.0,7200.0,7200.0,7200.0,0.9841904982302081,6.991576837708166,2.644159003862696,0.0,7200.0,7200.0,7200.0,3153.9640067425767,8353215178.235625,91395.92539186649,0.0,7200.0,7200.0,7200.0,0.47703724892621496,0.3715310115054072,0.6095334375613919,0.0,7200.0,7200.0,7200.0,0.6437833342152073,0.17225346043174683,0.4150342882603157,0.0,7200.0,7200.0,7200.0,0.3664416593214981,0.23314341711933523,0.48284926956487695,0.0,7200.0,7200.0,7200.0,0.3664416593214981,0.23314341711933523,0.48284926956487695,0.0,7200.0,7200.0,7200.0,1.042604019237951,0.4807344590412708,0.6174763595154318,0.39807470583478866,0.1584634714254535,0.35831311276348293
current_velocity/10T,short,top1-horizon-mix,top1-horizon-mix,,,,assembled_from_candidate_artifacts_no_independent_selected_method_latency,0.0,top1_horizon,0.19325997248968363,7200.0,0.0,8.054108781540442,1754.9012783387625,41.89154184723645,0.0,7200.0,7200.0,7200.0,0.7983392316288249,4.625170711817591,2.1506210060858217,0.0,7200.0,7200.0,7200.0,0.9898398145188347,7.074325923133761,2.6597605010853442,0.0,7200.0,7200.0,7200.0,3726.002119008708,16028624436.012644,126604.20386390273,0.0,7200.0,7200.0,7200.0,0.465568406541462,0.3517782087430562,0.5931089349715246,0.0,7200.0,7200.0,7200.0,0.6313151031390697,0.1569368663820235,0.3961525796735691,0.0,7200.0,7200.0,7200.0,0.36437952123062334,0.2317874715143131,0.4814431134768812,0.0,7200.0,7200.0,7200.0,0.36437952123062334,0.2317874715143131,0.4814431134768812,0.0,7200.0,7200.0,7200.0,1.042604019237951,0.4807344590412708,0.6055176188563935,0.3799645621576643,0.14437306849566553,0.32645229280006854
current_velocity/10T,medium,vanilla_univariate,vanilla_univariate,16.068271478638053,0.0,0.0,measured_candidate_query_loop_precomputed_vanilla_fallback_separate_retrieval,0.0,,,900.0,0.0,11.358560202739941,1631.485500043318,40.39165136563889,0.0,900.0,900.0,900.0,1.047403436630247,5.380740162283042,2.319642248770927,0.0,900.0,900.0,900.0,1.368905246050626,9.484658630075016,3.0797172971029365,0.0,900.0,900.0,900.0,3522.439897133986,2300068861.228256,47959.0331556867,0.0,900.0,900.0,900.0,0.5790181715265819,0.38442777737377104,0.6200224007032094,0.0,900.0,900.0,900.0,1.002804784178818,0.22828756057004124,0.47779447524018237,0.0,900.0,900.0,900.0,0.40625033955334944,0.18173834880277007,0.42630780992467177,0.0,900.0,900.0,900.0,0.40625033955334944,0.18173834880277007,0.42630780992467177,0.0,900.0,900.0,900.0,1.0437112263446233,0.25305105017876023,0.9608067431553156,0.4577841678617906,0.2095663443449121,0.9021403404916692
current_velocity/10T,medium,top1-horizon-mix,top1-horizon-mix,,,,assembled_from_candidate_artifacts_no_independent_selected_method_latency,0.0,top1_horizon,0.3780487804878049,900.0,0.0,11.864609868702903,1676.9840050977134,40.950995166146,0.0,900.0,900.0,900.0,1.0607045326073707,6.117870130893536,2.473432863631745,0.0,900.0,900.0,900.0,1.365446543736386,10.000165604901259,3.1623038444939566,0.0,900.0,900.0,900.0,4977.496832741243,6264962686.904336,79151.51727480868,0.0,900.0,900.0,900.0,0.5356799639460527,0.327338625513874,0.57213514619701,0.0,900.0,900.0,900.0,0.9099601300491462,0.16047296996326763,0.40059077618346084,0.0,900.0,900.0,900.0,0.39815175576467304,0.19199452143562643,0.4381717944318489,0.0,900.0,900.0,900.0,0.39815175576467304,0.19199452143562643,0.4381717944318489,0.0,900.0,900.0,900.0,1.0437112263446233,0.25305105017876023,0.871850476530839,0.3838138041174903,0.14731303623113923,0.6341525547904519
current_velocity/10T,long,vanilla_univariate,vanilla_univariate,15.508052026852965,0.0,0.0,measured_candidate_query_loop_precomputed_vanilla_fallback_separate_retrieval,0.0,,,300.0,0.0,15.109273734439606,2426.773548585904,49.262293375216544,0.0,300.0,300.0,300.0,1.2841880203149132,7.6061834730819315,2.7579310131114467,0.0,300.0,300.0,300.0,1.6389144672829956,12.423233103370103,3.5246607075532963,0.0,300.0,300.0,300.0,3748.833165994565,1812990001.3129961,42579.22029949581,0.0,300.0,300.0,300.0,0.6637212679215372,0.4565769278393246,0.6757047638128094,0.0,300.0,300.0,300.0,1.3770162878763152,0.8212002210729676,0.9062009827146336,0.0,300.0,300.0,300.0,0.4700300850490661,0.2192391489171114,0.4682298035335976,0.0,300.0,300.0,300.0,0.4700300850490661,0.2192391489171114,0.4682298035335976,0.0,300.0,300.0,300.0,1.437499922931037,0.6433695275713929,0.9579244255322138,0.6304007174253656,0.39740506453041574,1.276405216412494
current_velocity/10T,long,top1-horizon-mix,top1-horizon-mix,,,,assembled_from_candidate_artifacts_no_independent_selected_method_latency,0.0,top1_horizon,0.40397350993377484,300.0,0.0,17.824241167561972,4926.609882343013,70.18981323769863,0.0,300.0,300.0,300.0,1.2815945209875155,9.287068314678368,3.047469165500837,0.0,300.0,300.0,300.0,1.6522483158961199,15.094316670180403,3.885140495552304,0.0,300.0,300.0,300.0,4954.777075022033,3597144941.469393,59976.20312648503,0.0,300.0,300.0,300.0,0.604081895913593,0.37375780765026184,0.6113573485697721,0.0,300.0,300.0,300.0,1.204262838617348,0.49643715855920995,0.7045829678321851,0.0,300.0,300.0,300.0,0.4586299165325669,0.23573310651508764,0.4855235385798382,0.0,300.0,300.0,300.0,0.4586299165325669,0.23573310651508764,0.4855235385798382,0.0,300.0,300.0,300.0,1.437499922931037,0.6433695275713929,0.8377481065612006,0.4901446995527853,0.24024182649969014,0.7716205652965461
current_velocity/15T,short,vanilla_univariate,vanilla_univariate,3.891447953879833,0.0,0.0,measured_candidate_query_loop_precomputed_vanilla_fallback_separate_retrieval,0.0,,,3600.0,0.0,6.184772213440408,519.2128200611687,22.786241902981033,0.0,3600.0,3600.0,3600.0,0.7491446422771472,3.649363989589941,1.9103308586708065,0.0,3600.0,3600.0,3600.0,0.912120393706035,5.352808600825956,2.3136137535954346,0.0,3600.0,3600.0,3600.0,122084.3245818133,9257550610355.127,3042622.324633001,0.0,3600.0,3600.0,3600.0,0.4684422178624991,0.32537644410604266,0.5704177803207423,0.0,3600.0,3600.0,3600.0,0.526443918550143,0.1479037626867161,0.38458258240164245,0.0,3600.0,3600.0,3600.0,0.39209183490061844,0.2452163824337583,0.49519327785598855,0.0,3600.0,3600.0,3600.0,0.39209183490061844,0.2452163824337583,0.49519327785598855,0.0,3600.0,3600.0,3600.0,0.9913714905166404,0.453088957404636,0.5310258803950411,0.3879298386936891,0.15048955974891162,0.3264342691861921
current_velocity/15T,short,top1-horizon-mix,top1-horizon-mix,,,,assembled_from_candidate_artifacts_no_independent_selected_method_latency,0.0,top1_horizon,0.12092391304347826,3600.0,0.0,6.194518465559323,497.24993809478553,22.299101732912597,0.0,3600.0,3600.0,3600.0,0.7559380084246843,3.6624985972899182,1.9137655544214183,0.0,3600.0,3600.0,3600.0,0.9173406339287908,5.353004626902447,2.313656116820831,0.0,3600.0,3600.0,3600.0,111340.91078301215,7149162284973.006,2673791.7430071114,0.0,3600.0,3600.0,3600.0,0.4771667381802723,0.33785200609286037,0.581250381585131,0.0,3600.0,3600.0,3600.0,0.5343341798940241,0.14624983161483773,0.38242624336574726,0.0,3600.0,3600.0,3600.0,0.395827845982681,0.2526162986857743,0.50260948925162,0.0,3600.0,3600.0,3600.0,0.395827845982681,0.2526162986857743,0.50260948925162,0.0,3600.0,3600.0,3600.0,0.9913714905166404,0.453088957404636,0.5389848154858304,0.38575473172670194,0.14880671304953977,0.3227839240501016
current_velocity/15T,medium,vanilla_univariate,vanilla_univariate,4.272125635296106,0.0,0.0,measured_candidate_query_loop_precomputed_vanilla_fallback_separate_retrieval,0.0,,,450.0,0.0,9.151213383340975,727.108984963114,26.964958463960482,0.0,450.0,450.0,450.0,0.9650126760233575,4.963568353967758,2.2279067202124416,0.0,450.0,450.0,450.0,1.2223704869430192,7.657023775991663,2.7671327716594414,0.0,450.0,450.0,450.0,139731.86685466827,2021857543183.383,1421920.3716043255,0.0,450.0,450.0,450.0,0.5753165636444765,0.38062209085376175,0.6169457762670572,0.0,450.0,450.0,450.0,0.7820132133808707,0.17060685147450663,0.4130458224876589,0.0,450.0,450.0,450.0,0.44320932425031395,0.2256852039115157,0.4750633683115503,0.0,450.0,450.0,450.0,0.44320932425031395,0.2256852039115157,0.4750633683115503,0.0,450.0,450.0,450.0,0.9924470867542217,0.20323056826444055,0.7879646419623532,0.41618926389165695,0.17321350337867925,0.8394743612216621
current_velocity/15T,medium,top1-horizon-mix,top1-horizon-mix,,,,assembled_from_candidate_artifacts_no_independent_selected_method_latency,0.0,top1_horizon,0.17511520737327188,450.0,0.0,9.278261026737288,733.940754715356,27.091340954544055,0.0,450.0,450.0,450.0,0.9780382929655065,5.027256119799563,2.2421543478983694,0.0,450.0,450.0,450.0,1.2342090854661207,7.754988960090172,2.7847780809411318,0.0,450.0,450.0,450.0,84410.06200951457,357317628867.6389,597760.5112983283,0.0,450.0,450.0,450.0,0.5834046853700804,0.38859847228555894,0.6233766696673521,0.0,450.0,450.0,450.0,0.7809188822893984,0.16282453097822683,0.40351521777775223,0.0,450.0,450.0,450.0,0.4498620392396323,0.23908138049667418,0.4889594875822272,0.0,450.0,450.0,450.0,0.4498620392396323,0.23908138049667418,0.4889594875822272,0.0,450.0,450.0,450.0,0.9924470867542217,0.20323056826444055,0.786861982580228,0.40658612752589224,0.16531227909650115,0.8011813004742574
current_velocity/15T,long,vanilla_univariate,vanilla_univariate,5.192630290985107,0.0,0.0,measured_candidate_query_loop_precomputed_vanilla_fallback_separate_retrieval,0.0,,,150.0,0.0,10.512322845279568,878.843989119149,29.64530298578763,0.0,150.0,150.0,150.0,1.060051727580076,5.623856831357051,2.3714672317696173,0.0,150.0,150.0,150.0,1.344209197323596,8.705424479110222,2.9504956327895524,0.0,150.0,150.0,150.0,130329.3529474019,565376110022.6779,751914.9619622406,0.0,150.0,150.0,150.0,0.5983556128491458,0.3791306822474963,0.6157358867627388,0.0,150.0,150.0,150.0,0.9309765491333069,0.22138572417202285,0.47051644410373467,0.0,150.0,150.0,150.0,0.46591840704250403,0.2284753851000551,0.4779909885134396,0.0,150.0,150.0,150.0,0.46591840704250403,0.2284753851000551,0.4779909885134396,0.0,150.0,150.0,150.0,1.1285984948447063,0.18788879728392668,0.8248961463141132,0.4169033064043534,0.17380836689088217,1.1782805966737737
current_velocity/15T,long,top1-horizon-mix,top1-horizon-mix,,,,assembled_from_candidate_artifacts_no_independent_selected_method_latency,0.0,top1_horizon,0.26973684210526316,150.0,0.0,10.641320686116764,806.2457667204662,28.394467185007475,0.0,150.0,150.0,150.0,1.0833134815291248,5.619081763253443,2.3704602429177,0.0,150.0,150.0,150.0,1.3710344328634403,8.761585270019587,2.9599975118265873,0.0,150.0,150.0,150.0,69663.46519029856,89480816000.42084,299133.4417954984,0.0,150.0,150.0,150.0,0.613663104916422,0.3928006732418775,0.6267381217397562,0.0,150.0,150.0,150.0,0.9402319702893404,0.22555969945731802,0.47493125761242333,0.0,150.0,150.0,150.0,0.4849401564139335,0.2746086594577673,0.5240311626781057,0.0,150.0,150.0,150.0,0.4849401564139335,0.2746086594577673,0.5240311626781057,0.0,150.0,150.0,150.0,1.1285984948447063,0.18788879728392668,0.8330969557235809,0.42081507266033813,0.17708532537812566,1.2004957332100288
current_velocity/H,short,vanilla_univariate,vanilla_univariate,3.89880252443254,0.0,0.0,measured_candidate_query_loop_precomputed_vanilla_fallback_separate_retrieval,0.0,,,3528.0,0.0,6.728454011761629,585.5946368493359,24.199062726670547,0.0,3528.0,3528.0,3528.0,0.8328298981004264,3.639871795396976,1.9078448038027034,0.0,3528.0,3528.0,3528.0,1.034119241068561,5.659051407013412,2.3788760806341744,0.0,3528.0,3528.0,3528.0,2160691041360.9495,1.2852270246003302e+27,35850063104551.58,0.0,3528.0,3528.0,3528.0,0.4753918510557046,0.2952527325018076,0.5433716338766752,0.0,3528.0,3528.0,3528.0,0.8281138846163344,0.23441513183227905,0.48416436447995537,0.0,3528.0,3528.0,3528.0,0.3649102820988478,0.19500340258018145,0.4415918959629824,0.0,3528.0,3528.0,3528.0,0.3649102820988478,0.19500340258018145,0.4415918959629824,0.0,3528.0,3528.0,3528.0,1.0337543563683367,0.3826492950103123,0.8010741425318545,0.4683553317065229,0.21935671673792703,0.612610907400108
current_velocity/H,short,top1-horizon-mix,top1-horizon-mix,,,,assembled_from_candidate_artifacts_no_independent_selected_method_latency,0.0,top1_horizon,0.13502454991816695,3528.0,0.0,6.69971226402934,568.746275772924,23.848401954280376,0.0,3528.0,3528.0,3528.0,0.8304601511004213,3.6609692983912736,1.913365960393169,0.0,3528.0,3528.0,3528.0,1.029203062682024,5.640453319795282,2.3749638565239857,0.0,3528.0,3528.0,3528.0,2397425663922.032,1.575279394969072e+27,39689789555615.836,0.0,3528.0,3528.0,3528.0,0.471505646108689,0.29337420252213636,0.5416402888653469,0.0,3528.0,3528.0,3528.0,0.8131392579295083,0.23198573803633782,0.48164897802895607,0.0,3528.0,3528.0,3528.0,0.36330452944314817,0.1979202317660256,0.4448822673090327,0.0,3528.0,3528.0,3528.0,0.36330452944314817,0.1979202317660256,0.4448822673090327,0.0,3528.0,3528.0,3528.0,1.0337543563683367,0.3826492950103123,0.7865884703849111,0.46592207816277376,0.2170833829195179,0.6062620291253532
current_velocity/H,medium,vanilla_univariate,vanilla_univariate,9.06284237280488,0.0,0.0,measured_candidate_query_loop_precomputed_vanilla_fallback_separate_retrieval,0.0,,,504.0,0.0,10.843195851717557,936.9397806912432,30.609472074690267,0.0,504.0,504.0,504.0,1.1584756874850433,5.543441461426293,2.3544514141146116,0.0,504.0,504.0,504.0,1.4552588700123035,8.72541747296807,2.953881763538966,0.0,504.0,504.0,504.0,2082794964917.6562,2.857489902316546e+26,16904111636866.771,0.0,504.0,504.0,504.0,0.642466923065909,0.41741644874085265,0.6460777420255651,0.0,504.0,504.0,504.0,1.4834480338430602,1.0026613905932351,1.0013298110978397,0.0,504.0,504.0,504.0,0.48450141508272176,0.23412420107758167,0.4838638249317484,0.0,504.0,504.0,504.0,0.48450141508272176,0.23412420107758167,0.4838638249317484,0.0,504.0,504.0,504.0,1.8436548434542293,1.2185305146164476,0.8046235113421264,0.5431221655468716,0.2949816867083234,0.8228447121891234
current_velocity/H,medium,top1-horizon-mix,top1-horizon-mix,,,,assembled_from_candidate_artifacts_no_independent_selected_method_latency,0.0,top1_horizon,0.3300395256916996,504.0,0.0,11.687316284698605,1113.7227754199394,33.3724853048127,0.0,504.0,504.0,504.0,1.1845921779041335,6.272730630068879,2.5045420000608654,0.0,504.0,504.0,504.0,1.4742420954732356,9.513926528633291,3.0844653553952086,0.0,504.0,504.0,504.0,3667259336881.692,1.1571092710177131e+27,34016308897611.35,0.0,504.0,504.0,504.0,0.6243068967146389,0.3926569269060472,0.6266234330968219,0.0,504.0,504.0,504.0,1.4353149464001893,1.0428872125469433,1.0212184940290414,0.0,504.0,504.0,504.0,0.5034264106445558,0.29473931094948613,0.5428989877955992,0.0,504.0,504.0,504.0,0.5034264106445558,0.29473931094948613,0.5428989877955992,0.0,504.0,504.0,504.0,1.8436548434542293,1.2185305146164476,0.7785160826041692,0.5539098045682509,0.30681607159683794,0.8558564599223099
current_velocity/H,long,vanilla_univariate,vanilla_univariate,10.952220752835274,0.0,0.0,measured_candidate_query_loop_precomputed_vanilla_fallback_separate_retrieval,0.0,,,252.0,0.0,11.803825071102548,889.9086215297228,29.831336234398265,0.0,252.0,252.0,252.0,1.2343972653261182,5.799913882730625,2.408301036567195,0.0,252.0,252.0,252.0,1.5632188814730559,9.360171799708679,3.0594397852725717,0.0,252.0,252.0,252.0,2119241958802.574,1.1555922135104529e+26,10749847503618.146,0.0,252.0,252.0,252.0,0.6645993911194092,0.4354935772688665,0.6599193717939082,0.0,252.0,252.0,252.0,1.626693758423061,1.681650978830766,1.2967848621998816,0.0,252.0,252.0,252.0,0.48791361066670846,0.224541613088145,0.47385822045010995,0.0,252.0,252.0,252.0,0.48791361066670846,0.224541613088145,0.47385822045010995,0.0,252.0,252.0,252.0,1.97807318941371,1.9703509296939952,0.8223627756186332,0.655579818350524,0.429784898228506,0.8534779025845586
current_velocity/H,long,top1-horizon-mix,top1-horizon-mix,,,,assembled_from_candidate_artifacts_no_independent_selected_method_latency,0.0,top1_horizon,0.3858267716535433,252.0,0.0,15.599013379081397,1809.7210437603558,42.54081620938126,0.0,252.0,252.0,252.0,1.3702423025796406,8.097754271758642,2.845655332565531,0.0,252.0,252.0,252.0,1.7172963116545839,12.649906757058957,3.5566707406026437,0.0,252.0,252.0,252.0,2690635360072.829,2.0559903632998776e+26,14338725059432.158,0.0,252.0,252.0,252.0,0.6344030878448376,0.38777343946166076,0.6227145730281738,0.0,252.0,252.0,252.0,1.5757932061609548,3.0349418188156743,1.7421084406016965,0.0,252.0,252.0,252.0,0.5014036428337699,0.26178025636584157,0.5116446582989425,0.0,252.0,252.0,252.0,0.5014036428337699,0.26178025636584157,0.5116446582989425,0.0,252.0,252.0,252.0,1.97807318941371,1.9703509296939952,0.7966303848585153,0.8807097987704124,0.7756497496502203,1.54030521826232
CPHL/15T,short,vanilla_univariate,vanilla_univariate,0.26652621291577816,0.0,0.0,measured_candidate_query_loop_precomputed_vanilla_fallback_separate_retrieval,0.0,,,240.0,0.0,0.0651825012460975,0.046962879973174845,0.21670920601851423,0.0,240.0,240.0,240.0,0.13870965207202568,0.029362409974071302,0.17135463219321298,0.0,240.0,240.0,240.0,0.16241370549559644,0.03880428951328715,0.19698804408716572,0.0,240.0,240.0,240.0,0.1952289023660723,0.05387294546434524,0.23210546194423182,0.0,240.0,240.0,240.0,0.18010539700734138,0.02382737526632385,0.15436118445491356,0.0,240.0,240.0,240.0,0.6561104828324199,0.4962217310472178,0.704430075342626,0.0,240.0,240.0,240.0,0.18714228160742782,0.035206280049300445,0.18763336603413702,0.0,240.0,240.0,240.0,0.18714228160742782,0.035206280049300445,0.18763336603413702,0.0,240.0,240.0,240.0,1.3686982871636935,1.2103073573379792,0.4793682354874975,0.5146715546801716,0.2648868091969048,0.4099964591958169
CPHL/15T,short,top1-horizon-mix,top1-horizon-mix,,,,assembled_from_candidate_artifacts_no_independent_selected_method_latency,0.0,top1_horizon,0.0,240.0,0.0,0.0651825012460975,0.046962879973174845,0.21670920601851423,0.0,240.0,240.0,240.0,0.13870965207202568,0.029362409974071302,0.17135463219321298,0.0,240.0,240.0,240.0,0.16241370549559644,0.03880428951328715,0.19698804408716572,0.0,240.0,240.0,240.0,0.1952289023660723,0.05387294546434524,0.23210546194423182,0.0,240.0,240.0,240.0,0.18010539700734138,0.02382737526632385,0.15436118445491356,0.0,240.0,240.0,240.0,0.6561104828324199,0.4962217310472178,0.704430075342626,0.0,240.0,240.0,240.0,0.18714228160742782,0.035206280049300445,0.18763336603413702,0.0,240.0,240.0,240.0,0.18714228160742782,0.035206280049300445,0.18763336603413702,0.0,240.0,240.0,240.0,1.3686982871636935,1.2103073573379792,0.4793682354874975,0.5146715546801716,0.2648868091969048,0.4099964591958169
CPHL/15T,medium,vanilla_univariate,vanilla_univariate,0.27684768848121166,0.0,0.0,measured_candidate_query_loop_precomputed_vanilla_fallback_separate_retrieval,0.0,,,30.0,0.0,0.12374215644079609,0.05243777312357549,0.228992954309899,0.0,30.0,30.0,30.0,0.21652415003387895,0.02686790712794444,0.16391432862304758,0.0,30.0,30.0,30.0,0.2740136464179637,0.04865867801752726,0.2205871211506403,0.0,30.0,30.0,30.0,0.3424364803547388,0.07316172779338964,0.27048424684885003,0.0,30.0,30.0,30.0,0.2924205023551521,0.021263814633471535,0.1458211734744702,0.0,30.0,30.0,30.0,1.063731269260882,0.46669783975210055,0.6831528670452175,0.0,30.0,30.0,30.0,0.29154221254026724,0.02426281679720634,0.15576526184360343,0.0,30.0,30.0,30.0,0.29154221254026724,0.02426281679720634,0.15576526184360343,0.0,30.0,30.0,30.0,1.37281934883039,0.6233469173388662,0.774851600224863,0.4976276504459584,0.24763327848836494,0.7486967959101858
CPHL/15T,medium,top1-horizon-mix,top1-horizon-mix,,,,assembled_from_candidate_artifacts_no_independent_selected_method_latency,0.0,top1_horizon,0.125,30.0,0.0,0.12217229131675447,0.043900547342558854,0.2095245745552508,0.0,30.0,30.0,30.0,0.21811437432528935,0.02642058205306768,0.16254409264278932,0.0,30.0,30.0,30.0,0.2749814148538659,0.04655751280172059,0.21577189993537293,0.0,30.0,30.0,30.0,0.350426441111629,0.07803917950044754,0.27935493462698585,0.0,30.0,30.0,30.0,0.29121398997868614,0.022089041510638827,0.14862382551474992,0.0,30.0,30.0,30.0,1.0620087339943884,0.44444250733166707,0.6666652138305006,0.0,30.0,30.0,30.0,0.2956108976520254,0.028405130722578605,0.1685382173946865,0.0,30.0,30.0,30.0,0.2956108976520254,0.028405130722578605,0.1685382173946865,0.0,30.0,30.0,30.0,1.37281934883039,0.6233469173388662,0.7735968573717985,0.48561758282215634,0.23582443674603387,0.7129938321168557
CPHL/15T,long,vanilla_univariate,vanilla_univariate,0.39136295579373837,0.0,0.0,measured_candidate_query_loop_precomputed_vanilla_fallback_separate_retrieval,0.0,,,10.0,0.0,0.1346447031319494,0.020961337527612447,0.14478030780327983,0.0,10.0,10.0,10.0,0.2400734503410412,0.016042245129177186,0.12665798486150484,0.0,10.0,10.0,10.0,0.31640828972035695,0.03453049732818804,0.18582383412304257,0.0,10.0,10.0,10.0,0.3809492650564644,0.03521770538211773,0.18766380946287362,0.0,10.0,10.0,10.0,0.3273499568641765,0.012892339217630725,0.1135444371936852,0.0,10.0,10.0,10.0,1.202757658522571,0.23706053555269965,0.48688862746289285,0.0,10.0,10.0,10.0,0.3301056633935952,0.014000862012244781,0.11832523827250373,0.0,10.0,10.0,10.0,0.3301056633935952,0.014000862012244781,0.11832523827250373,0.0,10.0,10.0,10.0,1.556704626979664,0.9348312901421038,0.7726306183441974,0.31276879314450273,0.09782431796506874,0.25358643645385903
CPHL/15T,long,top1-horizon-mix,top1-horizon-mix,,,,assembled_from_candidate_artifacts_no_independent_selected_method_latency,0.0,top1_horizon,0.4166666666666667,10.0,0.0,0.1646657721944264,0.027363770356296484,0.16541998173224565,0.0,10.0,10.0,10.0,0.2798227308080862,0.023061479369091878,0.15186006508984473,0.0,10.0,10.0,10.0,0.35318837024687355,0.0399237473167838,0.1998092773541404,0.0,10.0,10.0,10.0,0.4894635368133714,0.06810509577058463,0.2609695303490134,0.0,10.0,10.0,10.0,0.3674108833252735,0.021018685355920264,0.14497822373004943,0.0,10.0,10.0,10.0,1.3849802527882684,0.37605291312830924,0.6132315330511872,0.0,10.0,10.0,10.0,0.3925460351901566,0.029842548370710396,0.17274995910480093,0.0,10.0,10.0,10.0,0.3925460351901566,0.029842548370710396,0.17274995910480093,0.0,10.0,10.0,10.0,1.556704626979664,0.9348312901421038,0.8896872462410693,0.3939292801107593,0.15518027772858106,0.40226821362723686
CPHL/30T,short,vanilla_univariate,vanilla_univariate,0.2677109371870756,0.0,0.0,measured_candidate_query_loop_precomputed_vanilla_fallback_separate_retrieval,0.0,,,240.0,0.0,0.6438649783230003,0.8603642211141345,0.9275582036261306,0.0,240.0,240.0,240.0,0.46575399134229145,0.2367825289194587,0.48660305066805604,0.0,240.0,240.0,240.0,0.5678855038784657,0.32137103280770146,0.5668959629488478,0.0,240.0,240.0,240.0,0.3935799343094089,0.8983899592146536,0.9478343522022472,0.0,240.0,240.0,240.0,0.29989938805073313,0.036536030261034386,0.19114400398922898,0.0,240.0,240.0,240.0,1.4040590012176901,0.9818205742719884,0.9908685958652582,0.0,240.0,240.0,240.0,0.2962398617130301,0.05053038268572119,0.22478964096621798,0.0,240.0,240.0,240.0,0.2962398617130301,0.05053038268572119,0.22478964096621798,0.0,240.0,240.0,240.0,1.9158052500490743,2.00872837438365,0.7328819049753228,0.5172073705507784,0.2675034641520502,0.4887771720620247
CPHL/30T,short,top1-horizon-mix,top1-horizon-mix,,,,assembled_from_candidate_artifacts_no_independent_selected_method_latency,7.0,top1_horizon,0.11515151515151516,240.0,0.029166666666666667,0.6464083059308795,0.8886392598144013,0.9426766464776781,0.0,240.0,240.0,240.0,0.46519859839734845,0.23961871603925863,0.48950864756330775,0.0,240.0,240.0,240.0,0.5672670585574983,0.32461639020640315,0.5697511651645858,0.0,240.0,240.0,240.0,0.3957691298542509,0.9528041079304873,0.9761168515759203,0.0,240.0,240.0,240.0,0.29835161607154936,0.03927076982519395,0.19816853893893943,0.0,240.0,240.0,240.0,1.395813304927536,1.0005391329619735,1.0002695301577338,0.0,240.0,240.0,240.0,0.2955500469046341,0.053914413845302184,0.23219477566323965,0.0,240.0,240.0,240.0,0.2955500469046341,0.053914413845302184,0.23219477566323965,0.0,240.0,240.0,240.0,1.9158052500490743,2.00872837438365,0.7285778681793369,0.5221144112284437,0.27260345841242445,0.49809578324345366
CPHL/30T,medium,vanilla_univariate,vanilla_univariate,0.06725576147437096,0.0,0.0,measured_candidate_query_loop_precomputed_vanilla_fallback_separate_retrieval,0.0,,,60.0,0.0,0.7535944131766119,0.889724673215213,0.9432521790142936,0.0,60.0,60.0,60.0,0.519521413692265,0.24692745168026003,0.49691795266448163,0.0,60.0,60.0,60.0,0.6372316733740699,0.3475302076254945,0.5895169273443253,0.0,60.0,60.0,60.0,0.4635155018241532,0.5120345286193255,0.7155658799994068,0.0,60.0,60.0,60.0,0.34317755401077066,0.03506659071833744,0.18726075594832314,0.0,60.0,60.0,60.0,1.5695327977810325,0.8726574849807649,0.934161380587297,0.0,60.0,60.0,60.0,0.33596152841655086,0.0502528821400356,0.22417154623197744,0.0,60.0,60.0,60.0,0.33596152841655086,0.0502528821400356,0.22417154623197744,0.0,60.0,60.0,60.0,1.893340926882399,1.4876388063522994,0.8289752656250063,0.4933931165400306,0.2434367674490842,0.5866057548744155
CPHL/30T,medium,top1-horizon-mix,top1-horizon-mix,,,,assembled_from_candidate_artifacts_no_independent_selected_method_latency,1.0,top1_horizon,0.2542372881355932,60.0,0.016666666666666666,0.8162122979471973,1.1959419671612233,1.0935913163340423,0.0,60.0,60.0,60.0,0.5350007115193177,0.27852698185594654,0.5277565554836307,0.0,60.0,60.0,60.0,0.6534939954066464,0.3891578959146554,0.6238252126314352,0.0,60.0,60.0,60.0,0.4937383438077491,0.6566300136886817,0.8103271028965289,0.0,60.0,60.0,60.0,0.3495595589865647,0.045967151369045736,0.2143995134533792,0.0,60.0,60.0,60.0,1.600681626753595,1.0383022429370488,1.0189711688448544,0.0,60.0,60.0,60.0,0.3454832165210266,0.070065883138838,0.2646996092532779,0.0,60.0,60.0,60.0,0.3454832165210266,0.070065883138838,0.2646996092532779,0.0,60.0,60.0,60.0,1.893340926882399,1.4876388063522994,0.8454270459305494,0.538186839135573,0.2896450738187391,0.6979531849420982
CPHL/30T,long,vanilla_univariate,vanilla_univariate,0.3612614870071411,0.0,0.0,measured_candidate_query_loop_precomputed_vanilla_fallback_separate_retrieval,0.0,,,20.0,0.0,1.0076305766385318,1.6508293850130553,1.2848460549859875,0.0,20.0,20.0,20.0,0.6105878406128887,0.3160355244195253,0.5621703695673806,0.0,20.0,20.0,20.0,0.7452930415838225,0.45216885880526647,0.6724350219948887,0.0,20.0,20.0,20.0,0.5646402561976246,0.36018794575503754,0.6001566010259635,0.0,20.0,20.0,20.0,0.4302223987387016,0.044200119471766844,0.21023824455071644,0.0,20.0,20.0,20.0,1.915943445285441,1.0665130207252753,1.0327211727883163,0.0,20.0,20.0,20.0,0.3980111013309308,0.03628567194433579,0.1904879837268897,0.0,20.0,20.0,20.0,0.3980111013309308,0.03628567194433579,0.1904879837268897,0.0,20.0,20.0,20.0,2.2236567264315648,1.6073134698343936,0.8616183525593315,0.4644247291017737,0.21569032900125584,0.6635376612846786
CPHL/30T,long,top1-horizon-mix,top1-horizon-mix,,,,assembled_from_candidate_artifacts_no_independent_selected_method_latency,0.0,top1_horizon,0.4444444444444444,20.0,0.0,1.4848333273099896,5.0559029391499095,2.248533508567286,0.0,20.0,20.0,20.0,0.7191402055941889,0.5541260716877376,0.7443964479279422,0.0,20.0,20.0,20.0,0.8572362067588802,0.749979413131636,0.8660135178688817,0.0,20.0,20.0,20.0,0.7033171319522417,0.8137614763670911,0.9020872886628495,0.0,20.0,20.0,20.0,0.4996772509652863,0.14133459420365976,0.37594493506850146,0.0,20.0,20.0,20.0,2.137831323994137,2.1181539197464425,1.455387893225185,0.0,20.0,20.0,20.0,0.45019319786703554,0.08432792673335428,0.29039271122628796,0.0,20.0,20.0,20.0,0.45019319786703554,0.08432792673335428,0.29039271122628796,0.0,20.0,20.0,20.0,2.2236567264315648,1.6073134698343936,0.9614034839922632,0.6545020532736332,0.42837293773940194,1.3178225402196637
CPHL/H,short,vanilla_univariate,vanilla_univariate,0.13124042190611362,0.0,0.0,measured_candidate_query_loop_precomputed_vanilla_fallback_separate_retrieval,0.0,,,112.0,0.0,0.38978121530732507,0.5073853883996822,0.7123098963229995,0.0,112.0,112.0,112.0,0.3530781662225219,0.1510074793068819,0.3885968081532347,0.0,112.0,112.0,112.0,0.42886160065544704,0.20585894279057287,0.4537168090236165,0.0,112.0,112.0,112.0,0.34003440561544285,0.09271193270790137,0.3044863423996245,0.0,112.0,112.0,112.0,0.3041604595672189,0.035025858819802906,0.18715196718122656,0.0,112.0,112.0,112.0,1.3161022720607864,0.7504561174375722,0.8662887032840566,0.0,112.0,112.0,112.0,0.29899145817895306,0.04632208231627261,0.21522565441013908,0.0,112.0,112.0,112.0,0.29899145817895306,0.04632208231627261,0.21522565441013908,0.0,112.0,112.0,112.0,1.5555461077967614,0.9459225828742138,0.8460708849864197,0.5569032630675586,0.3101412444152943,0.7933589186096911
CPHL/H,short,top1-horizon-mix,top1-horizon-mix,,,,assembled_from_candidate_artifacts_no_independent_selected_method_latency,0.0,top1_horizon,0.14035087719298245,112.0,0.0,0.38677132509127166,0.517508301380394,0.7193804983319982,0.0,112.0,112.0,112.0,0.35299055096005155,0.1512415734675627,0.3888978959412904,0.0,112.0,112.0,112.0,0.4269548670385092,0.2044808666034006,0.4521956065724219,0.0,112.0,112.0,112.0,0.34649453484561965,0.10046651114901796,0.31696452664141767,0.0,112.0,112.0,112.0,0.30280335875369835,0.03411244251318213,0.1846955400468082,0.0,112.0,112.0,112.0,1.3121783777133424,0.7225142437722738,0.8500083786482777,0.0,112.0,112.0,112.0,0.3008904539889012,0.05025046644003365,0.22416615810606572,0.0,112.0,112.0,112.0,0.3008904539889012,0.05025046644003365,0.22416615810606572,0.0,112.0,112.0,112.0,1.5555461077967614,0.9459225828742138,0.843548366156681,0.5464372765216259,0.2985936971723718,0.7638196368849688
CPHL/H,medium,vanilla_univariate,vanilla_univariate,0.30102554336190224,0.0,0.0,measured_candidate_query_loop_precomputed_vanilla_fallback_separate_retrieval,0.0,,,16.0,0.0,0.5275454841940335,0.4406058108729003,0.6637814481234771,0.0,16.0,16.0,16.0,0.45781332847093753,0.13350167159715715,0.36537880562117603,0.0,16.0,16.0,16.0,0.5685782808079569,0.2042642227875015,0.4519559965168086,0.0,16.0,16.0,16.0,0.48826186910679126,0.10612083188848176,0.3257619251669565,0.0,16.0,16.0,16.0,0.43682129912566103,0.03035362383256752,0.17422291420065136,0.0,16.0,16.0,16.0,1.9464693816144993,0.7694014199957573,0.8771552998162625,0.0,16.0,16.0,16.0,0.4287559471241573,0.049419738752815426,0.2223055076978873,0.0,16.0,16.0,16.0,0.4287559471241573,0.049419738752815426,0.2223055076978873,0.0,16.0,16.0,16.0,2.2276216946589162,0.6049068284587019,0.8737881240254909,0.393763133982482,0.15504940568370607,1.2719337653307474
CPHL/H,medium,top1-horizon-mix,top1-horizon-mix,,,,assembled_from_candidate_artifacts_no_independent_selected_method_latency,0.0,top1_horizon,0.3333333333333333,16.0,0.0,0.5363139526757009,0.5164837703003379,0.7186680529287064,0.0,16.0,16.0,16.0,0.4637068779908272,0.15135970774122437,0.3890497496994753,0.0,16.0,16.0,16.0,0.5679697131298873,0.2137243576428545,0.4623033177934747,0.0,16.0,16.0,16.0,0.5138989885970461,0.11941513367421755,0.34556494856136316,0.0,16.0,16.0,16.0,0.43110558818262334,0.024554977472118347,0.15670027910670212,0.0,16.0,16.0,16.0,1.937144913384057,0.7297729711703796,0.854267505627119,0.0,16.0,16.0,16.0,0.4204889331398417,0.038808567621849435,0.19699890259046987,0.0,16.0,16.0,16.0,0.4204889331398417,0.038808567621849435,0.19699890259046987,0.0,16.0,16.0,16.0,2.2276216946589162,0.6049068284587019,0.8696022839195163,0.3834885912968812,0.14706349965486634,1.2064221080622213
CPHL/H,long,vanilla_univariate,vanilla_univariate,0.3709813766181469,0.0,0.0,measured_candidate_query_loop_precomputed_vanilla_fallback_separate_retrieval,0.0,,,8.0,0.0,0.5424804660588955,0.40400391115119966,0.6356130199667087,0.0,8.0,8.0,8.0,0.4768431089243713,0.12106635413997964,0.3479459069165488,0.0,8.0,8.0,8.0,0.6003659323034847,0.18204121338826312,0.4266628802559031,0.0,8.0,8.0,8.0,0.5200424688236307,0.05882278475818181,0.24253408988878616,0.0,8.0,8.0,8.0,0.4744034590644533,0.025610774560458224,0.16003366695935647,0.0,8.0,8.0,8.0,2.1537965293959545,0.703093886610356,0.838506938916045,0.0,8.0,8.0,8.0,0.44877944571092643,0.024834978451781484,0.1575911750441042,0.0,8.0,8.0,8.0,0.44877944571092643,0.024834978451781484,0.1575911750441042,0.0,8.0,8.0,8.0,2.524261882033793,1.3278778683794659,0.853238146455963,0.3321790599002594,0.11034292783622013,0.5294868627251146
CPHL/H,long,top1-horizon-mix,top1-horizon-mix,,,,assembled_from_candidate_artifacts_no_independent_selected_method_latency,0.0,top1_horizon,0.3,8.0,0.0,0.5381288849091379,0.4362292542456715,0.6604765357267974,0.0,8.0,8.0,8.0,0.4732681069523549,0.13169867172358535,0.3629031161668157,0.0,8.0,8.0,8.0,0.5900864171772591,0.1899269051720437,0.4358060407704828,0.0,8.0,8.0,8.0,0.49852525987735996,0.04378883764538971,0.20925782576857122,0.0,8.0,8.0,8.0,0.46792145751246667,0.025913149947474907,0.16097561910884178,0.0,8.0,8.0,8.0,2.091471453133945,0.6835495060715198,0.826770528061759,0.0,8.0,8.0,8.0,0.43232724836543734,0.02104646358967232,0.14507399349873953,0.0,8.0,8.0,8.0,0.43232724836543734,0.02104646358967232,0.14507399349873953,0.0,8.0,8.0,8.0,2.524261882033793,1.3278778683794659,0.8285477303364618,0.32752961725018465,0.10727565017605242,0.5147683550940716
Coastal_T_S/15T,short,vanilla_univariate,vanilla_univariate,1.9619382992386818,0.0,0.0,measured_candidate_query_loop_precomputed_vanilla_fallback_separate_retrieval,0.0,,,1800.0,0.0,113.62182908698965,82597.74258371454,287.398229959258,0.0,1800.0,1800.0,1800.0,4.677803277395389,82.90467917077038,9.105200666145166,0.0,1800.0,1800.0,1800.0,4.868396987803387,89.92053985613657,9.482644138431883,0.0,1800.0,1800.0,1800.0,0.13438452700782927,0.05973452314560362,0.24440647116147235,0.0,1800.0,1800.0,1800.0,0.1200143172769888,0.04250902805593155,0.20617717637006175,0.0,1800.0,1800.0,1800.0,1.1376097260761215,1.2811971764137435,1.1318998084697,0.0,1800.0,1800.0,1800.0,0.11538371195158005,0.038894265511611965,0.19721629119221354,0.0,1800.0,1800.0,1800.0,0.11538371195158005,0.038894265511611965,0.19721629119221354,0.0,1800.0,1800.0,1800.0,1.447975868226236,1.6108624064484944,0.7856551694260543,0.7817117904432153,0.6110733233179372,0.7953486103375077
Coastal_T_S/15T,short,top1-horizon-mix,top1-horizon-mix,,,,assembled_from_candidate_artifacts_no_independent_selected_method_latency,0.0,top1_horizon,0.1505316172355904,1800.0,0.0,116.65553810458742,86658.2343698965,294.37770698525475,0.0,1800.0,1800.0,1800.0,4.690180139011807,84.09224389992804,9.17018232642776,0.0,1800.0,1800.0,1800.0,4.935561359317169,92.29577217300267,9.607068864799642,0.0,1800.0,1800.0,1800.0,0.13755215085053776,0.06581089477117706,0.2565363420086461,0.0,1800.0,1800.0,1800.0,0.11980239382305294,0.04267814703214834,0.20658689946883935,0.0,1800.0,1800.0,1800.0,1.1455701340021551,1.2796911197593688,1.1312343345918072,0.0,1800.0,1800.0,1800.0,0.11577634015173582,0.0397605649340705,0.19940051387614452,0.0,1800.0,1800.0,1800.0,0.11577634015173582,0.0397605649340705,0.19940051387614452,0.0,1800.0,1800.0,1800.0,1.447975868226236,1.6108624064484944,0.7911527803329164,0.7812522013765079,0.6103550021556396,0.794413672227123
Coastal_T_S/15T,medium,vanilla_univariate,vanilla_univariate,2.1465637627989054,0.0,0.0,measured_candidate_query_loop_precomputed_vanilla_fallback_separate_retrieval,0.0,,,225.0,0.0,111.39773612856575,75961.17320512913,275.61054625164314,0.0,225.0,225.0,225.0,4.723600189906579,82.86714430023505,9.103139255236902,0.0,225.0,225.0,225.0,4.87610376553068,87.62134819634326,9.360627553553408,0.0,225.0,225.0,225.0,0.13850173986784936,0.0617131759860355,0.24842136781290675,0.0,225.0,225.0,225.0,0.12151690458226645,0.042700259022009496,0.20664040994444793,0.0,225.0,225.0,225.0,1.2546876261055881,1.1366913665040288,1.0661572897579554,0.0,225.0,225.0,225.0,0.11530286637459168,0.037094233714856574,0.19259863373050332,0.0,225.0,225.0,225.0,0.11530286637459168,0.037094233714856574,0.19259863373050332,0.0,225.0,225.0,225.0,1.4516859811322,1.2834579947320974,0.8642968537362544,0.734426937791627,0.5393829269539864,0.8856475016475285
Coastal_T_S/15T,medium,top1-horizon-mix,top1-horizon-mix,,,,assembled_from_candidate_artifacts_no_independent_selected_method_latency,0.0,top1_horizon,0.1145374449339207,225.0,0.0,114.00418136292745,80033.10590552982,282.9012299470079,0.0,225.0,225.0,225.0,4.723296504108994,83.19949682821584,9.121375818823378,0.0,225.0,225.0,225.0,4.928296553656147,89.71607444214841,9.471856969050389,0.0,225.0,225.0,225.0,0.13848841693153444,0.0626243725688582,0.2502486215124035,0.0,225.0,225.0,225.0,0.12124249059728658,0.04257222580117883,0.20633038021866493,0.0,225.0,225.0,225.0,1.2611290898384544,1.1368484443754292,1.0662309526436706,0.0,225.0,225.0,225.0,0.11521255889914397,0.03708927777263016,0.19258576731583815,0.0,225.0,225.0,225.0,0.11521255889914397,0.03708927777263016,0.19258576731583815,0.0,225.0,225.0,225.0,1.4516859811322,1.2834579947320974,0.8687340831485288,0.734477680780588,0.5394574635648312,0.885769888100412
Coastal_T_S/15T,long,vanilla_univariate,vanilla_univariate,2.6187948044389486,0.0,0.0,measured_candidate_query_loop_precomputed_vanilla_fallback_separate_retrieval,0.0,,,75.0,0.0,110.16483906329792,74898.98031069672,273.6767807299273,0.0,75.0,75.0,75.0,4.740959850505546,82.25038755241036,9.069199940039384,0.0,75.0,75.0,75.0,4.877509723872247,86.37473795682959,9.293801049991849,0.0,75.0,75.0,75.0,0.141380721335408,0.062185162440626864,0.24936952989615002,0.0,75.0,75.0,75.0,0.12232878008449598,0.04238222886639135,0.20586944617011857,0.0,75.0,75.0,75.0,1.3758702976807862,1.1158738813587754,1.0563493178673309,0.0,75.0,75.0,75.0,0.11604554952290838,0.03672937024722352,0.19164908099759706,0.0,75.0,75.0,75.0,0.11604554952290838,0.03672937024722352,0.19164908099759706,0.0,75.0,75.0,75.0,1.5935046166703226,1.3306993853637727,0.8634241051373355,0.6629094806606871,0.4394489795498219,0.8385619574429498
Coastal_T_S/15T,long,top1-horizon-mix,top1-horizon-mix,,,,assembled_from_candidate_artifacts_no_independent_selected_method_latency,0.0,top1_horizon,0.12987012987012986,75.0,0.0,117.71561197926295,83358.43112849012,288.7186019786223,0.0,75.0,75.0,75.0,4.746078381670845,82.28944683882771,9.071353087540343,0.0,75.0,75.0,75.0,5.0531520520292155,92.18126631833586,9.601107556856961,0.0,75.0,75.0,75.0,0.13852256530561674,0.058887357743957695,0.2426671748382086,0.0,75.0,75.0,75.0,0.12209554726686428,0.04206720524657651,0.205102913793482,0.0,75.0,75.0,75.0,1.3888978104516114,1.1092545106383485,1.0532115222681284,0.0,75.0,75.0,75.0,0.11620645204539523,0.03667784590585824,0.1915146101629279,0.0,75.0,75.0,75.0,0.11620645204539523,0.03667784590585824,0.1915146101629279,0.0,75.0,75.0,75.0,1.5935046166703226,1.3306993853637727,0.8715994895287825,0.6609403645587464,0.43684216550304855,0.833587602759065
Coastal_T_S/20T,short,vanilla_univariate,vanilla_univariate,0.3989142682403326,0.0,0.0,measured_candidate_query_loop_precomputed_vanilla_fallback_separate_retrieval,0.0,,,360.0,0.0,0.014725891012687812,0.0006119140573273839,0.024736896679401477,0.0,360.0,360.0,360.0,0.08207350248171959,0.004282332593187684,0.06543953387049517,0.0,360.0,360.0,360.0,0.09507368317850064,0.005686885779561895,0.07541144329318923,0.0,360.0,360.0,360.0,0.0034930733902022847,9.538277066352958e-06,0.0030884101195199055,0.0,360.0,360.0,360.0,0.003491565017431583,9.47395766990133e-06,0.0030779794784730665,0.0,360.0,360.0,360.0,0.6111657657514479,0.27740351076225206,0.5266910961486363,0.0,360.0,360.0,360.0,0.0034933061551497033,9.522831968861296e-06,0.00308590861317397,0.0,360.0,360.0,360.0,0.0034933061551497033,9.522831968861296e-06,0.00308590861317397,0.0,360.0,360.0,360.0,1.2782414293270614,1.391596656960766,0.4781301495392776,0.4120435185909412,0.1697798612128033,0.19934189218886075
Coastal_T_S/20T,short,top1-horizon-mix,top1-horizon-mix,,,,assembled_from_candidate_artifacts_no_independent_selected_method_latency,0.0,top1_horizon,0.0,360.0,0.0,0.014725891012687812,0.0006119140573273839,0.024736896679401477,0.0,360.0,360.0,360.0,0.08207350248171959,0.004282332593187684,0.06543953387049517,0.0,360.0,360.0,360.0,0.09507368317850064,0.005686885779561895,0.07541144329318923,0.0,360.0,360.0,360.0,0.0034930733902022847,9.538277066352958e-06,0.0030884101195199055,0.0,360.0,360.0,360.0,0.003491565017431583,9.47395766990133e-06,0.0030779794784730665,0.0,360.0,360.0,360.0,0.6111657657514479,0.27740351076225206,0.5266910961486363,0.0,360.0,360.0,360.0,0.0034933061551497033,9.522831968861296e-06,0.00308590861317397,0.0,360.0,360.0,360.0,0.0034933061551497033,9.522831968861296e-06,0.00308590861317397,0.0,360.0,360.0,360.0,1.2782414293270614,1.391596656960766,0.4781301495392776,0.4120435185909412,0.1697798612128033,0.19934189218886075
Coastal_T_S/20T,medium,vanilla_univariate,vanilla_univariate,0.41411145217716694,0.0,0.0,measured_candidate_query_loop_precomputed_vanilla_fallback_separate_retrieval,0.0,,,45.0,0.0,0.1288242725874344,0.020679982895859695,0.14380536462823526,0.0,45.0,45.0,45.0,0.2529710157417957,0.02021487014273332,0.14217900739115225,0.0,45.0,45.0,45.0,0.3103722919774574,0.03249331296009432,0.18025901630735236,0.0,45.0,45.0,45.0,0.011466498284405284,7.504333218715838e-05,0.0086627554615814,0.0,45.0,45.0,45.0,0.01144315277570813,7.412600423786492e-05,0.008609645999567282,0.0,45.0,45.0,45.0,1.7547625775404287,0.5460609314389269,0.7389593570954541,0.0,45.0,45.0,45.0,0.011433161210850565,7.421384709274626e-05,0.008614745909935259,0.0,45.0,45.0,45.0,0.011433161210850565,7.421384709274626e-05,0.008614745909935259,0.0,45.0,45.0,45.0,1.2827707713444634,0.8089647179022766,1.3679471163045553,0.5760650099011501,0.33185089563241205,0.6750120485537557
Coastal_T_S/20T,medium,top1-horizon-mix,top1-horizon-mix,,,,assembled_from_candidate_artifacts_no_independent_selected_method_latency,0.0,top1_horizon,0.6382978723404256,45.0,0.0,0.06228635213847829,0.003275624004823908,0.05723306740708476,0.0,45.0,45.0,45.0,0.18855915187317648,0.007037781127256974,0.0838914842356301,0.0,45.0,45.0,45.0,0.22671354670659416,0.010887319878195247,0.10434232064792907,0.0,45.0,45.0,45.0,0.008080046916981236,2.060879576206991e-05,0.0045396911527184215,0.0,45.0,45.0,45.0,0.008071725920791363,2.048299170446424e-05,0.0045258139272913375,0.0,45.0,45.0,45.0,1.3984653849112167,0.41782773409212914,0.6463959576700098,0.0,45.0,45.0,45.0,0.00805735407980911,2.034876922282334e-05,0.004510961008789961,0.0,45.0,45.0,45.0,0.00805735407980911,2.034876922282334e-05,0.004510961008789961,0.0,45.0,45.0,45.0,1.2827707713444634,0.8089647179022766,1.0901911831413922,0.5039060540742806,0.25392131133271184,0.5164968568414166
Coastal_T_S/20T,long,vanilla_univariate,vanilla_univariate,0.43167146667838097,0.0,0.0,measured_candidate_query_loop_precomputed_vanilla_fallback_separate_retrieval,0.0,,,15.0,0.0,0.20618930596914942,0.04273120234952941,0.20671526878663174,0.0,15.0,15.0,15.0,0.33114411978074065,0.030818372221353627,0.17555162266795948,0.0,15.0,15.0,15.0,0.40225000407461814,0.044384240191119154,0.21067567536647214,0.0,15.0,15.0,15.0,0.01474513457086203,9.186256109897866e-05,0.00958449587088328,0.0,15.0,15.0,15.0,0.014742661993679766,9.108928342691778e-05,0.009544070590000777,0.0,15.0,15.0,15.0,2.370452159975281,1.5234013184663666,1.2342614465608033,0.0,15.0,15.0,15.0,0.014740160860973128,9.139031318257307e-05,0.009559828093777267,0.0,15.0,15.0,15.0,0.014740160860973128,9.139031318257307e-05,0.009559828093777267,0.0,15.0,15.0,15.0,1.837785242009726,1.7356310305571765,1.289841764853358,0.6716026542965738,0.4510501252582032,0.8777218727054682
Coastal_T_S/20T,long,top1-horizon-mix,top1-horizon-mix,,,,assembled_from_candidate_artifacts_no_independent_selected_method_latency,0.0,top1_horizon,0.6470588235294118,15.0,0.0,0.1024486916345133,0.009344340546145599,0.09666612926017881,0.0,15.0,15.0,15.0,0.2380609147342635,0.01106491262051246,0.10518988839480942,0.0,15.0,15.0,15.0,0.29329147525866833,0.016428802175107237,0.12817488901928972,0.0,15.0,15.0,15.0,0.01010998701330134,2.5567436887180053e-05,0.00505642530718887,0.0,15.0,15.0,15.0,0.010124366807699105,2.589378965929321e-05,0.005088594074918259,0.0,15.0,15.0,15.0,1.796671585089846,0.863726686822056,0.9293689723796765,0.0,15.0,15.0,15.0,0.010122746243802262,2.591379990986063e-05,0.005090559881767489,0.0,15.0,15.0,15.0,0.010122746243802262,2.591379990986063e-05,0.005090559881767489,0.0,15.0,15.0,15.0,1.837785242009726,1.7356310305571765,0.9776286935056026,0.5057005307994296,0.2557330268508248,0.4976441833635461
Coastal_T_S/H,short,vanilla_univariate,vanilla_univariate,2.1984876561909914,0.0,0.0,measured_candidate_query_loop_precomputed_vanilla_fallback_separate_retrieval,0.0,,,2016.0,0.0,15.348157734263173,5517.639032351403,74.28081200654314,0.0,2016.0,2016.0,2016.0,1.1243514274610402,9.152085666240676,3.0252414228025963,0.0,2016.0,2016.0,2016.0,1.3868927980887205,13.424686100872815,3.6639713564481937,0.0,2016.0,2016.0,2016.0,0.03069188720764485,0.004693968483273009,0.06851254252524139,0.0,2016.0,2016.0,2016.0,0.02886184758208026,0.0037681217057979723,0.061385028352180245,0.0,2016.0,2016.0,2016.0,0.9819446102360203,2.388194769843829,1.5453785199244323,0.0,2016.0,2016.0,2016.0,0.028531272340562467,0.0035685888034165596,0.05973766653809437,0.0,2016.0,2016.0,2016.0,0.028531272340562467,0.0035685888034165596,0.05973766653809437,0.0,2016.0,2016.0,2016.0,1.204935864293014,2.6970812724109106,0.8149351673685704,1.282540063517132,1.6449090145265286,0.8854737876360066
Coastal_T_S/H,short,top1-horizon-mix,top1-horizon-mix,,,,assembled_from_candidate_artifacts_no_independent_selected_method_latency,0.0,top1_horizon,0.22251446607048922,2016.0,0.0,16.12543882447253,5886.350395928354,76.72255467545612,0.0,2016.0,2016.0,2016.0,1.1597434349626639,9.86734636526271,3.1412332554687357,0.0,2016.0,2016.0,2016.0,1.4144303169018309,14.124825703101518,3.758300906407245,0.0,2016.0,2016.0,2016.0,0.031555130540457825,0.005058187297166491,0.07112093431027527,0.0,2016.0,2016.0,2016.0,0.029796814608368374,0.004104514316147811,0.06406648356315345,0.0,2016.0,2016.0,2016.0,0.9876237239790887,2.3606671234980507,1.5364462644355807,0.0,2016.0,2016.0,2016.0,0.029427137749330853,0.0038926774045131775,0.06239132475363204,0.0,2016.0,2016.0,2016.0,0.029427137749330853,0.0038926774045131775,0.06239132475363204,0.0,2016.0,2016.0,2016.0,1.204935864293014,2.6970812724109106,0.8196483756905756,1.275127008803143,1.625948888579251,0.8752673297782605
Coastal_T_S/H,medium,vanilla_univariate,vanilla_univariate,5.142619661986828,0.0,0.0,measured_candidate_query_loop_precomputed_vanilla_fallback_separate_retrieval,0.0,,,288.0,0.0,21.911282836271862,16843.94006907833,129.78420577665963,0.0,288.0,288.0,288.0,1.4094601689890844,13.84117576870017,3.720373068483881,0.0,288.0,288.0,288.0,1.761667524759272,18.8078103684804,4.336797247794783,0.0,288.0,288.0,288.0,0.042893697417253476,0.015797617840764014,0.12568857482191456,0.0,288.0,288.0,288.0,0.03799226508623864,0.005792180872151094,0.0761063786561356,0.0,288.0,288.0,288.0,1.7441215689298861,2.2703984868681997,1.5067841540407172,0.0,288.0,288.0,288.0,0.04063791200855354,0.012798436578476641,0.11313017536659546,0.0,288.0,288.0,288.0,0.04063791200855354,0.012798436578476641,0.11313017536659546,0.0,288.0,288.0,288.0,2.05499932278695,3.0797064254343613,0.8487212378077782,0.7332285404343812,0.537624092507533,0.7372126343334764
Coastal_T_S/H,medium,top1-horizon-mix,top1-horizon-mix,,,,assembled_from_candidate_artifacts_no_independent_selected_method_latency,0.0,top1_horizon,0.4068965517241379,288.0,0.0,72.63052468411747,533478.2366799002,730.3959451420169,0.0,288.0,288.0,288.0,1.93017675518551,44.57198549456315,6.6762253927322694,0.0,288.0,288.0,288.0,2.392190659171249,66.90794853429131,8.179727900993486,0.0,288.0,288.0,288.0,0.0650777149077907,0.09531502571665018,0.3087313163847331,0.0,288.0,288.0,288.0,0.04694146924587809,0.013638184212884779,0.11678263660700926,0.0,288.0,288.0,288.0,2.0488263894375898,27.88146357136569,5.28029010295511,0.0,288.0,288.0,288.0,0.061904258986167277,0.08878509077282008,0.29796827141965987,0.0,288.0,288.0,288.0,0.061904258986167277,0.08878509077282008,0.29796827141965987,0.0,288.0,288.0,288.0,2.05499932278695,3.0797064254343613,0.9969961384994577,2.5694850817732062,6.6022535854550615,9.053286164259404
Coastal_T_S/H,long,vanilla_univariate,vanilla_univariate,6.2432219833135605,0.0,0.0,measured_candidate_query_loop_precomputed_vanilla_fallback_separate_retrieval,0.0,,,144.0,0.0,22.822655323428975,9697.983869341237,98.47834213339112,0.0,144.0,144.0,144.0,1.5095057639942588,11.99065815683962,3.462752973695874,0.0,144.0,144.0,144.0,1.9304158860368201,19.09614983036566,4.369914167391124,0.0,144.0,144.0,144.0,0.04756687369264005,0.010306147085583337,0.10151919565078979,0.0,144.0,144.0,144.0,0.04283835880938818,0.005153424447877098,0.07178735576601981,0.0,144.0,144.0,144.0,2.403045754769006,9.504041650091938,3.082862573987355,0.0,144.0,144.0,144.0,0.04278912383679411,0.005058550999965641,0.0711234911964088,0.0,144.0,144.0,144.0,0.04278912383679411,0.005058550999965641,0.0711234911964088,0.0,144.0,144.0,144.0,2.646814492501095,9.314770885075767,0.9079010869772967,1.1647444816105033,1.3566297074421196,1.0203194224905117
Coastal_T_S/H,long,top1-horizon-mix,top1-horizon-mix,,,,assembled_from_candidate_artifacts_no_independent_selected_method_latency,0.0,top1_horizon,0.4383561643835616,144.0,0.0,30.33609093569655,17845.844150555527,133.58833837785215,0.0,144.0,144.0,144.0,1.7132679591030522,17.550626170537104,4.189346747469957,0.0,144.0,144.0,144.0,2.1309184401688155,25.79527753704505,5.078905151412561,0.0,144.0,144.0,144.0,0.054705608966870725,0.015575810234135632,0.12480308583579026,0.0,144.0,144.0,144.0,0.04720682688502574,0.006992106115006508,0.08361881436020549,0.0,144.0,144.0,144.0,2.5099422028027547,10.3883863445828,3.223101975517188,0.0,144.0,144.0,144.0,0.04873091242766487,0.008216847850415578,0.09064683033849323,0.0,144.0,144.0,144.0,0.04873091242766487,0.008216847850415578,0.09064683033849323,0.0,144.0,144.0,144.0,2.646814492501095,9.314770885075767,0.9482879173866834,1.2177287016709406,1.4828631908731946,1.115259459706861
SG_Weather/D,short,vanilla_univariate,vanilla_univariate,3.2079191245138645,0.0,0.0,measured_candidate_query_loop_precomputed_vanilla_fallback_separate_retrieval,0.0,,,2862.0,0.0,2187.5582717141288,48071135.25813868,6933.335074705295,0.0,2862.0,2862.0,2928.0,17.833627190236967,1387.6730609813605,37.25148401045736,0.0,2862.0,2862.0,2928.0,20.505038684982622,1767.101660241495,42.036908309740085,0.0,2862.0,2862.0,2928.0,0.39119067240914734,0.97666890121098,0.9882656025638958,0.0,2862.0,2862.0,2928.0,0.22731611633245982,0.08328312504553952,0.28858815818660943,0.0,2862.0,2862.0,2928.0,0.8705035530475903,0.31426184315868944,0.560590619934627,0.0,2862.0,2862.0,2928.0,0.252080328966414,0.2809841571804049,0.5300793876207647,0.0,2862.0,2862.0,2928.0,0.252080328966414,0.2809841571804049,0.5300793876207647,0.0,2862.0,2862.0,2928.0,1.0689616504483799,0.6515856757834457,0.8143449792445355,0.5244253801803697,0.27502197937732525,0.4823031795179215
SG_Weather/D,short,top1-horizon-mix,top1-horizon-mix,,,,assembled_from_candidate_artifacts_no_independent_selected_method_latency,0.0,top1_horizon,0.0,2862.0,0.0,2187.5582717141288,48071135.25813868,6933.335074705295,0.0,2862.0,2862.0,2928.0,17.833627190236967,1387.6730609813605,37.25148401045736,0.0,2862.0,2862.0,2928.0,20.505038684982622,1767.101660241495,42.036908309740085,0.0,2862.0,2862.0,2928.0,0.39119067240914734,0.97666890121098,0.9882656025638958,0.0,2862.0,2862.0,2928.0,0.22731611633245982,0.08328312504553952,0.28858815818660943,0.0,2862.0,2862.0,2928.0,0.8705035530475903,0.31426184315868944,0.560590619934627,0.0,2862.0,2862.0,2928.0,0.252080328966414,0.2809841571804049,0.5300793876207647,0.0,2862.0,2862.0,2928.0,0.252080328966414,0.2809841571804049,0.5300793876207647,0.0,2862.0,2862.0,2928.0,1.0689616504483799,0.6515856757834457,0.8143449792445355,0.5244253801803697,0.27502197937732525,0.4823031795179215
SG_Weather/D,medium,vanilla_univariate,vanilla_univariate,1.3688218630850315,0.0,0.0,measured_candidate_query_loop_precomputed_vanilla_fallback_separate_retrieval,0.0,,,1222.0,0.0,2264.9416959068176,37991810.01489306,6163.749671660349,0.0,1222.0,1222.0,1248.0,18.390270092769242,1255.7671328411225,35.43680477753493,0.0,1222.0,1222.0,1248.0,22.391991126922175,1763.5404292786561,41.994528563595715,0.0,1222.0,1222.0,1248.0,0.3958978888808423,0.68781013134691,0.8293431927416478,0.0,1222.0,1222.0,1248.0,0.23305658402769672,0.07451850014811254,0.2729807688246785,0.0,1222.0,1222.0,1248.0,0.91197065667502,0.22898397461555045,0.47852270020924864,0.0,1222.0,1222.0,1248.0,0.23217204167678085,0.10497053302765133,0.3239915632044318,0.0,1222.0,1222.0,1248.0,0.23217204167678085,0.10497053302765133,0.3239915632044318,0.0,1222.0,1222.0,1248.0,1.180304070490495,0.6201815357152103,0.7726573850550523,0.40542323980157974,0.16436800337120924,0.36922088361028016
SG_Weather/D,medium,top1-horizon-mix,top1-horizon-mix,,,,assembled_from_candidate_artifacts_no_independent_selected_method_latency,27.0,top1_horizon,0.1703056768558952,1222.0,0.0220949263502455,2444.314342674387,45842373.02339886,6770.699596304569,0.0,1222.0,1222.0,1248.0,19.145702323714126,1358.4272974570124,36.856848718481245,0.0,1222.0,1222.0,1248.0,23.24415254420594,1904.0237151760716,43.635120203524956,0.0,1222.0,1222.0,1248.0,0.42630798618858534,0.8472702957497232,0.9204728652978985,0.0,1222.0,1222.0,1248.0,0.2438319138450529,0.08025656746768241,0.2832959009016587,0.0,1222.0,1222.0,1248.0,0.9716734383512288,0.3233973820939901,0.5686803865916162,0.0,1222.0,1222.0,1248.0,0.24690621190794132,0.12226730693689622,0.34966742332807643,0.0,1222.0,1222.0,1248.0,0.24690621190794132,0.12226730693689622,0.34966742332807643,0.0,1222.0,1222.0,1248.0,1.180304070490495,0.6201815357152103,0.8232399282902021,0.48180837532424303,0.23213931053258668,0.5214559987198577
SG_Weather/D,long,vanilla_univariate,vanilla_univariate,0.6947607081383467,0.0,0.0,measured_candidate_query_loop_precomputed_vanilla_fallback_separate_retrieval,0.0,,,622.0,0.0,2282.61280705526,32753775.996001963,5723.091471923366,0.0,622.0,622.0,624.0,18.543757893937865,1175.331152748622,34.283103021001786,0.0,622.0,622.0,624.0,23.228858118312196,1743.0329575745818,41.74964619699887,0.0,622.0,622.0,624.0,0.4003611168465794,0.6090527644112912,0.7804183265475582,0.0,622.0,622.0,624.0,0.23654182931320047,0.0710244612925461,0.2665041487342103,0.0,622.0,622.0,624.0,0.929740208284082,0.1672987534944993,0.40902170296269036,0.0,622.0,622.0,624.0,0.22981726328416985,0.0751138106767383,0.27406898890012765,0.0,622.0,622.0,624.0,0.22981726328416985,0.0751138106767383,0.27406898890012765,0.0,622.0,622.0,624.0,1.1878086823687262,0.5518559441190071,0.7827356560738347,0.34434981746977966,0.11857679679147058,0.3031565669942689
SG_Weather/D,long,top1-horizon-mix,top1-horizon-mix,,,,assembled_from_candidate_artifacts_no_independent_selected_method_latency,35.0,top1_horizon,0.1166077738515901,622.0,0.05627009646302251,2296.5279557259973,32537923.10588517,5704.202232204357,0.0,622.0,622.0,624.0,18.746580812521056,1198.9202029832734,34.62542711625769,0.0,622.0,622.0,624.0,23.374841761113352,1750.1447283689088,41.83473112581111,0.0,622.0,622.0,624.0,0.42050032734054377,0.7104227397061774,0.8428657898539823,0.0,622.0,622.0,624.0,0.2406592421672819,0.0744116909783983,0.2727850637010727,0.0,622.0,622.0,624.0,0.9589316926039662,0.2670971851343527,0.5168144590995425,0.0,622.0,622.0,624.0,0.23942356790702407,0.09945364216093151,0.31536271523585585,0.0,622.0,622.0,624.0,0.23942356790702407,0.09945364216093151,0.31536271523585585,0.0,622.0,622.0,624.0,1.1878086823687262,0.5518559441190071,0.8073115703209596,0.4350990751043442,0.18931120515665578,0.48399802155026445
SG_PM25/H,short,vanilla_univariate,vanilla_univariate,0.505035201087594,0.0,0.0,measured_candidate_query_loop_precomputed_vanilla_fallback_separate_retrieval,0.0,,,460.0,0.0,44.05980976457812,3669.2523441100097,60.574353848060234,0.0,460.0,460.0,460.0,4.737503500131592,6.670582918840161,2.582747165101563,0.0,460.0,460.0,460.0,5.846942626055939,9.873071692188212,3.142144441649399,0.0,460.0,460.0,460.0,0.5007095357332524,0.14041913215741456,0.3747254090096034,0.0,460.0,460.0,460.0,0.40093293399762453,0.019827642116391115,0.14081066052110938,0.0,460.0,460.0,460.0,0.9000802176062008,0.2353239278908689,0.48510197679546607,0.0,460.0,460.0,460.0,0.40284978928399096,0.0484772098743915,0.2201754070608057,0.0,460.0,460.0,460.0,0.40284978928399096,0.0484772098743915,0.2201754070608057,0.0,460.0,460.0,460.0,1.1720073818805468,0.2568254349370439,0.7679816966357117,0.413906929508494,0.1713189462951494,0.9162796821450114
SG_PM25/H,short,top1-horizon-mix,top1-horizon-mix,,,,assembled_from_candidate_artifacts_no_independent_selected_method_latency,0.0,top1_horizon,0.11283185840707964,460.0,0.0,43.623193003891956,3476.964280192305,58.965789066138214,0.0,460.0,460.0,460.0,4.7393969267174825,6.360341503559939,2.5219717491597597,0.0,460.0,460.0,460.0,5.839413693231105,9.524440723197038,3.086169263536438,0.0,460.0,460.0,460.0,0.5053196076471638,0.1380389965995425,0.3715359963712029,0.0,460.0,460.0,460.0,0.4014396424908191,0.019328319448333322,0.13902632645773721,0.0,460.0,460.0,460.0,0.9010412728777515,0.22582598082715874,0.47521151167365333,0.0,460.0,460.0,460.0,0.40378939919024787,0.0458968300783057,0.21423545476485842,0.0,460.0,460.0,460.0,0.40378939919024787,0.0458968300783057,0.21423545476485842,0.0,460.0,460.0,460.0,1.1720073818805468,0.2568254349370439,0.7688017045011986,0.40546801924673187,0.16440431463186808,0.8792975698941807
SG_PM25/H,medium,vanilla_univariate,vanilla_univariate,1.4072898924350739,0.0,0.0,measured_candidate_query_loop_precomputed_vanilla_fallback_separate_retrieval,0.0,,,150.0,0.0,51.623937424083124,3370.996847259921,58.06028631741253,0.0,150.0,150.0,150.0,5.128649578800908,6.3651626214443775,2.522927391235106,0.0,150.0,150.0,150.0,6.536625156270689,8.896468990492332,2.982694920787631,0.0,150.0,150.0,150.0,0.5288863681877511,0.06625194575579851,0.2573945332671199,0.0,150.0,150.0,150.0,0.42966510678534653,0.01379389332116219,0.11744740661743958,0.0,150.0,150.0,150.0,0.9729665055239514,0.21653722960541827,0.46533560964686366,0.0,150.0,150.0,150.0,0.42019465980307963,0.01704467270179798,0.1305552476991943,0.0,150.0,150.0,150.0,0.42019465980307963,0.01704467270179798,0.1305552476991943,0.0,150.0,150.0,150.0,1.1852409592075988,0.20283745879242823,0.8209018579432448,0.39260844474862483,0.15414139088793402,1.0675406352187125
SG_PM25/H,medium,top1-horizon-mix,top1-horizon-mix,,,,assembled_from_candidate_artifacts_no_independent_selected_method_latency,0.0,top1_horizon,0.14473684210526316,150.0,0.0,51.18331501561465,3177.237096150701,56.36698587072668,0.0,150.0,150.0,150.0,5.138074521267855,5.998449613464311,2.4491732510102895,0.0,150.0,150.0,150.0,6.535879431252847,8.465595075740605,2.909569568809209,0.0,150.0,150.0,150.0,0.5389619131406369,0.0650583474907359,0.25506537885557085,0.0,150.0,150.0,150.0,0.4304652655176168,0.01268143922033278,0.11261189644230658,0.0,150.0,150.0,150.0,0.9752607251155632,0.20467300095376437,0.4524080027516803,0.0,150.0,150.0,150.0,0.4221946244878733,0.0155291823695811,0.12461614008458576,0.0,150.0,150.0,150.0,0.4221946244878733,0.0155291823695811,0.12461614008458576,0.0,150.0,150.0,150.0,1.1852409592075988,0.20283745879242823,0.8228375146329575,0.3817012897142374,0.1456958745695122,1.0090493253675323
SG_PM25/H,long,vanilla_univariate,vanilla_univariate,1.1863251253962517,0.0,0.0,measured_candidate_query_loop_precomputed_vanilla_fallback_separate_retrieval,0.0,,,65.0,0.0,51.689431438677566,1252.251871315432,35.3871709990419,0.0,65.0,65.0,65.0,5.18930475925788,2.679473278714128,1.6369096733522372,0.0,65.0,65.0,65.0,6.828829704518938,5.056516305357357,2.2486698969295955,0.0,65.0,65.0,65.0,0.5216326001854505,0.025412700161064738,0.15941361347471156,0.0,65.0,65.0,65.0,0.4365326525524851,0.005134029842792485,0.07165214471872064,0.0,65.0,65.0,65.0,0.986290593765298,0.09162908128832276,0.30270295883641896,0.0,65.0,65.0,65.0,0.4244338981586524,0.005162580166810961,0.07185109718585347,0.0,65.0,65.0,65.0,0.4244338981586524,0.005162580166810961,0.07185109718585347,0.0,65.0,65.0,65.0,1.2909773955323274,0.12490674689861864,0.7639875006166212,0.23447580095823525,0.05497890123500597,0.7335799191271396
SG_PM25/H,long,top1-horizon-mix,top1-horizon-mix,,,,assembled_from_candidate_artifacts_no_independent_selected_method_latency,0.0,top1_horizon,0.05970149253731343,65.0,0.0,51.017972486591205,1220.0443616808843,34.92913342298781,0.0,65.0,65.0,65.0,5.163303496680416,2.615839573187582,1.617355734891858,0.0,65.0,65.0,65.0,6.786366148457128,4.963206985666378,2.2278256183252716,0.0,65.0,65.0,65.0,0.5236220764162356,0.02476159192252233,0.15735816446095935,0.0,65.0,65.0,65.0,0.4345262742946514,0.005071747851599168,0.07121620497891731,0.0,65.0,65.0,65.0,0.9813624585301776,0.08953049064372541,0.29921646118441647,0.0,65.0,65.0,65.0,0.422597953637318,0.005020037549278094,0.07085222331923038,0.0,65.0,65.0,65.0,0.422597953637318,0.005020037549278094,0.07085222331923038,0.0,65.0,65.0,65.0,1.2909773955323274,0.12490674689861864,0.7601701330529634,0.23177513581563233,0.05371971358235481,0.7167786598140564
NE_China_Wind/H,short,vanilla_univariate,vanilla_univariate,0.134282099083066,0.0,0.0,measured_candidate_query_loop_precomputed_vanilla_fallback_separate_retrieval,0.0,,,120.0,0.0,0.1023660929385891,0.03166360091783535,0.1779426899814526,0.0,120.0,120.0,120.0,0.21769782562478213,0.029340359625837326,0.1712902788421962,0.0,120.0,120.0,120.0,0.2546625436952269,0.03751308177726577,0.19368294136878902,0.0,120.0,120.0,120.0,0.8340838195296617,3.086476109632691,1.7568369615968042,0.0,120.0,120.0,120.0,0.4933492287850639,0.2593492311895037,0.5092634202350526,0.0,120.0,120.0,120.0,0.5332655695042804,0.1639775391310656,0.4049414020954953,0.0,120.0,120.0,120.0,0.43449910429505334,0.22204400131004962,0.4712154510519043,0.0,120.0,120.0,120.0,0.43449910429505334,0.22204400131004962,0.4712154510519043,0.0,120.0,120.0,120.0,0.8322078490336116,0.39953287968674783,0.6407841143574009,0.4865868575569519,0.23676676994714943,0.41042314029231225
NE_China_Wind/H,short,top1-horizon-mix,top1-horizon-mix,,,,assembled_from_candidate_artifacts_no_independent_selected_method_latency,0.0,top1_horizon,0.21311475409836064,120.0,0.0,0.10874033285889172,0.04162988905847307,0.20403403897015093,0.0,120.0,120.0,120.0,0.22105718902106067,0.034399297621795076,0.18547047641550682,0.0,120.0,120.0,120.0,0.2570385057892422,0.04267153940052541,0.2065709064716651,0.0,120.0,120.0,120.0,0.8149230964105606,2.181189995832834,1.476885234482637,0.0,120.0,120.0,120.0,0.511135887803616,0.28811120969879267,0.5367599181186992,0.0,120.0,120.0,120.0,0.5293314910892633,0.1873268139694017,0.43281267769024706,0.0,120.0,120.0,120.0,0.45018006709684927,0.2490725118286879,0.499071649994956,0.0,120.0,120.0,120.0,0.45018006709684927,0.2490725118286879,0.499071649994956,0.0,120.0,120.0,120.0,0.8322078490336116,0.39953287968674783,0.6360568356858701,0.5200776202637888,0.27048073109924564,0.4688645753417705
NE_China_Wind/H,medium,vanilla_univariate,vanilla_univariate,0.37360270880162716,0.0,0.0,measured_candidate_query_loop_precomputed_vanilla_fallback_separate_retrieval,0.0,,,40.0,0.0,0.26501796692811713,0.11493900840794788,0.3390265600332043,0.0,40.0,40.0,40.0,0.37022745134810164,0.059555529117968374,0.2440400154031473,0.0,40.0,40.0,40.0,0.43233927808731415,0.07810071555105717,0.2794650524682061,0.0,40.0,40.0,40.0,0.8879908577527132,1.0757268139086618,1.0371725092329924,0.0,40.0,40.0,40.0,0.7225779965140605,0.26483918386549676,0.5146252849068891,0.0,40.0,40.0,40.0,0.9416772952210544,0.4495232544617405,0.6704649539399807,0.0,40.0,40.0,40.0,0.5538556774806594,0.1717029361019345,0.41437052996314117,0.0,40.0,40.0,40.0,0.5538556774806594,0.1717029361019345,0.41437052996314117,0.0,40.0,40.0,40.0,1.092497259593467,0.5857512612541707,0.8619493430779545,0.6136994377354043,0.37662699987675136,0.767430280046264
NE_China_Wind/H,medium,top1-horizon-mix,top1-horizon-mix,,,,assembled_from_candidate_artifacts_no_independent_selected_method_latency,0.0,top1_horizon,0.21428571428571427,40.0,0.0,0.2553756879229311,0.12191786118489474,0.34916738276204257,0.0,40.0,40.0,40.0,0.3596688760096892,0.05867524759043269,0.24222974134162942,0.0,40.0,40.0,40.0,0.4212400878858462,0.07793247628085567,0.27916388785237906,0.0,40.0,40.0,40.0,0.9419551155630966,1.1930702022656048,1.0922775298730651,0.0,40.0,40.0,40.0,0.7244395582013979,0.30700598230359744,0.5540812055137744,0.0,40.0,40.0,40.0,0.9028699183517126,0.42362554973712224,0.6508652316241222,0.0,40.0,40.0,40.0,0.5535475128520362,0.17382629631717436,0.41692480894901707,0.0,40.0,40.0,40.0,0.5535475128520362,0.17382629631717436,0.41692480894901707,0.0,40.0,40.0,40.0,1.092497259593467,0.5857512612541707,0.8264276275509219,0.5957591434749392,0.35492895703399313,0.7232174777226841
NE_China_Wind/H,long,vanilla_univariate,vanilla_univariate,0.29588661156594753,0.0,0.0,measured_candidate_query_loop_precomputed_vanilla_fallback_separate_retrieval,0.0,,,16.0,0.0,0.35106010456494086,0.05264602158231756,0.22944720870456795,0.0,16.0,16.0,16.0,0.4530731136675015,0.025512436168909317,0.15972612863557833,0.0,16.0,16.0,16.0,0.5547592838754156,0.04330224151897691,0.20809190642352457,0.0,16.0,16.0,16.0,1.0508513526926322,0.8306146806345485,0.9113806453038974,0.0,16.0,16.0,16.0,0.8280017513999345,0.24968224911550388,0.4996821480856644,0.0,16.0,16.0,16.0,1.2605794159420194,0.666162271514605,0.8161876447941399,0.0,16.0,16.0,16.0,0.6125341777667588,0.09400845722397672,0.30660798623645913,0.0,16.0,16.0,16.0,0.6125341777667588,0.09400845722397672,0.30660798623645913,0.0,16.0,16.0,16.0,1.3310720643183538,0.6787319478156216,0.947040697295053,0.6131806584131958,0.3759905198520403,0.981480647343226
NE_China_Wind/H,long,top1-horizon-mix,top1-horizon-mix,,,,assembled_from_candidate_artifacts_no_independent_selected_method_latency,0.0,top1_horizon,0.1111111111111111,16.0,0.0,0.33747780978813824,0.049703178899229164,0.22294209763799472,0.0,16.0,16.0,16.0,0.43624136962279453,0.025666558476370824,0.16020786022031136,0.0,16.0,16.0,16.0,0.5407700663246611,0.04504554515535991,0.21223935816751782,0.0,16.0,16.0,16.0,1.027833308004646,0.7094956617577488,0.8423156544655624,0.0,16.0,16.0,16.0,0.796746227740803,0.2310467798194737,0.4806732568174286,0.0,16.0,16.0,16.0,1.207412742252062,0.6510816780781301,0.8068963242437842,0.0,16.0,16.0,16.0,0.5922290050590817,0.08937985150036991,0.29896463252426686,0.0,16.0,16.0,16.0,0.5922290050590817,0.08937985150036991,0.29896463252426686,0.0,16.0,16.0,16.0,1.3310720643183538,0.6787319478156216,0.9070979510567535,0.6062003296996533,0.36747883972796835,0.9592618708659891
Australia_Solar/H,short,vanilla_univariate,vanilla_univariate,0.346936272457242,0.0,0.0,measured_candidate_query_loop_precomputed_vanilla_fallback_separate_retrieval,0.0,,,312.0,0.0,24319664966.656097,3.5531415099129914e+21,59608233574.84259,0.0,312.0,312.0,315.0,79146.9305838539,6854805167.256302,82793.7507741756,0.0,312.0,312.0,315.0,103897.67832953396,13524937404.388784,116296.76437626622,0.0,312.0,312.0,315.0,84.32516738732049,374892.54130924615,612.2846897557101,0.0,312.0,312.0,315.0,0.5580477745805907,0.07461300064334929,0.27315380400673406,0.0,312.0,312.0,315.0,1.1027190805159282,0.6821077033832813,0.8258981192515704,0.0,312.0,312.0,315.0,0.33678537989806073,0.23777436425051002,0.487621127772895,0.0,312.0,312.0,315.0,0.33678537989806073,0.23777436425051002,0.487621127772895,0.0,312.0,312.0,315.0,1.235468758758717,0.9323109223171446,0.8925511654570989,0.6684896832853591,0.44687845665895976,0.7316311404868948
Australia_Solar/H,short,top1-horizon-mix,top1-horizon-mix,,,,assembled_from_candidate_artifacts_no_independent_selected_method_latency,207.0,top1_horizon,0.2803738317757009,312.0,0.6634615384615384,24317206011.786053,3.2884109503201275e+21,57344668019.96614,0.0,312.0,312.0,315.0,79728.59910344158,6868773042.2324095,82878.06128422896,0.0,312.0,312.0,315.0,104421.47404034814,13413361771.026947,115816.06870821919,0.0,312.0,312.0,315.0,85.39361842324921,377626.85339764773,614.513509532254,0.0,312.0,312.0,315.0,0.5657022751882108,0.07866079566064774,0.28046531988937196,0.0,312.0,312.0,315.0,1.1073612346830022,0.6790479209041953,0.8240436401697396,0.0,312.0,312.0,315.0,0.3349269143784192,0.22337416098195725,0.4726247570556977,0.0,312.0,312.0,315.0,0.3349269143784192,0.22337416098195725,0.4726247570556977,0.0,312.0,312.0,315.0,1.235468758758717,0.9323109223171446,0.8963085685756836,0.6669886505245679,0.44487385992858425,0.7283492069539471
Australia_Solar/H,medium,vanilla_univariate,vanilla_univariate,0.9958247318863869,0.0,0.0,measured_candidate_query_loop_precomputed_vanilla_fallback_separate_retrieval,0.0,,,105.0,0.0,25772971386.112785,1.7111848570894407e+21,41366470203.40799,0.0,105.0,105.0,105.0,82552.68674045341,4065849879.8603296,63764.01712455333,0.0,105.0,105.0,105.0,122263.73781914613,10824549800.603876,104041.0966907014,0.0,105.0,105.0,105.0,84.29845865775883,95054.02559382573,308.3083287779066,0.0,105.0,105.0,105.0,0.5704760659751474,0.05724277242368374,0.23925461839572448,0.0,105.0,105.0,105.0,1.1872985757691956,0.4203066466163078,0.6483106096743348,0.0,105.0,105.0,105.0,0.3011727705833534,0.08065976931165324,0.2840066360345357,0.0,105.0,105.0,105.0,0.3011727705833534,0.08065976931165324,0.2840066360345357,0.0,105.0,105.0,105.0,1.3589947306642882,0.6875907422688505,0.8736594403046978,0.477051599278413,0.22757822837409158,0.6112744409987508
Australia_Solar/H,medium,top1-horizon-mix,top1-horizon-mix,,,,assembled_from_candidate_artifacts_no_independent_selected_method_latency,70.0,top1_horizon,0.2972972972972973,105.0,0.6666666666666666,26718587007.286522,2.1304468481155237e+21,46156763839.28496,0.0,105.0,105.0,105.0,84055.59809468611,4703116109.130428,68579.26879991087,0.0,105.0,105.0,105.0,122970.31523273366,11596888578.848642,107688.8507638959,0.0,105.0,105.0,105.0,76.00426973103188,89410.86089931223,299.0164893435013,0.0,105.0,105.0,105.0,0.5787884884467116,0.06230369409759668,0.24960707942203217,0.0,105.0,105.0,105.0,1.199255306146396,0.44716927010367397,0.6687071631915378,0.0,105.0,105.0,105.0,0.3033854420638949,0.08209805430533515,0.28652758035717113,0.0,105.0,105.0,105.0,0.3033854420638949,0.08209805430533515,0.28652758035717113,0.0,105.0,105.0,105.0,1.3589947306642882,0.6875907422688505,0.8824576571832546,0.4920601589563692,0.24212320003216733,0.6503421913857431
Australia_Solar/H,long,vanilla_univariate,vanilla_univariate,0.7919317744672298,0.0,0.0,measured_candidate_query_loop_precomputed_vanilla_fallback_separate_retrieval,0.0,,,45.0,0.0,24593358585.49946,1.0561558990732574e+21,32498552261.18938,0.0,45.0,45.0,45.0,81252.48253323635,3011817075.9798875,54880.02438027781,0.0,45.0,45.0,45.0,125718.30377010306,8788266682.667555,93745.75554481149,0.0,45.0,45.0,45.0,118.68767078295585,61825.34679813555,248.6470325544537,0.0,45.0,45.0,45.0,0.579181381812328,0.044642505489305706,0.21128773151630387,0.0,45.0,45.0,45.0,1.201433095397955,0.36127101246397625,0.6010582438199947,0.0,45.0,45.0,45.0,0.27576046943906285,0.031291681180829284,0.17689454819419756,0.0,45.0,45.0,45.0,0.27576046943906285,0.031291681180829284,0.17689454819419756,0.0,45.0,45.0,45.0,1.2762842341465261,0.42093784470046247,0.9413522969680611,0.47094387577539343,0.2217881341303492,0.8582526304353916
Australia_Solar/H,long,top1-horizon-mix,top1-horizon-mix,,,,assembled_from_candidate_artifacts_no_independent_selected_method_latency,30.0,top1_horizon,0.23529411764705882,45.0,0.6666666666666666,23849839681.89953,9.526735060174145e+20,30865409539.116997,0.0,45.0,45.0,45.0,80092.04752772528,2898702138.809403,53839.59638416138,0.0,45.0,45.0,45.0,124130.31809613723,8441503811.251314,91877.65675751267,0.0,45.0,45.0,45.0,122.37448445426318,62616.4327635658,250.23275717532627,0.0,45.0,45.0,45.0,0.5818322279750455,0.04589931004962292,0.2142412426439478,0.0,45.0,45.0,45.0,1.1924405121131085,0.36469717791996725,0.6039016293403813,0.0,45.0,45.0,45.0,0.2731850105760303,0.031228242838923153,0.1767151460371271,0.0,45.0,45.0,45.0,0.2731850105760303,0.031228242838923153,0.1767151460371271,0.0,45.0,45.0,45.0,1.2762842341465261,0.42093784470046247,0.9343063874094744,0.47317173806837864,0.2238914937066503,0.8663919923367408
epf_electricity_price/H,short,vanilla_univariate,vanilla_univariate,0.5865704566240311,0.0,0.0,measured_candidate_query_loop_precomputed_vanilla_fallback_separate_retrieval,0.0,,,525.0,0.0,126.75291962264178,116463.2504156684,341.26712472148324,0.0,525.0,525.0,525.0,6.288675473247552,38.95291995810317,6.241227440023571,0.0,525.0,525.0,525.0,7.881861495505533,64.62917898830905,8.039227511913632,0.0,525.0,525.0,525.0,1.1943407526963736,184.15946275237638,13.570536568329802,0.0,525.0,525.0,525.0,0.1605383389285713,0.041923358164809056,0.20475194300618751,0.0,525.0,525.0,525.0,0.9865224271113764,0.7351560207599491,0.8574123983008113,0.0,525.0,525.0,525.0,0.16310838148751453,0.060464332685216934,0.24589496270809805,0.0,525.0,525.0,525.0,0.16310838148751453,0.060464332685216934,0.24589496270809805,0.0,525.0,525.0,525.0,1.4287668259022852,1.4925386582068707,0.6904712576094244,0.6001065973514216,0.36012792818470124,0.4925540901186186
epf_electricity_price/H,short,top1-horizon-mix,top1-horizon-mix,,,,assembled_from_candidate_artifacts_no_independent_selected_method_latency,0.0,top1_horizon,0.1935483870967742,525.0,0.0,126.5166849416857,119361.90845906468,345.4879280945496,0.0,525.0,525.0,525.0,6.34077809152563,38.6845128105337,6.2196875171131945,0.0,525.0,525.0,525.0,7.92726104425282,63.67521727795743,7.979675261434981,0.0,525.0,525.0,525.0,1.2531153508997206,218.6761715567838,14.787703390208494,0.0,525.0,525.0,525.0,0.16291101303082353,0.042880824278294725,0.20707685596969722,0.0,525.0,525.0,525.0,1.0026879411054335,0.7560505919084932,0.8695116973960115,0.0,525.0,525.0,525.0,0.16626876354646766,0.06651296720923013,0.25790108027930037,0.0,525.0,525.0,525.0,0.16626876354646766,0.06651296720923013,0.25790108027930037,0.0,525.0,525.0,525.0,1.4287668259022852,1.4925386582068707,0.7017855698547751,0.6085749484328231,0.37036346786001334,0.5065534401747483
epf_electricity_price/H,medium,vanilla_univariate,vanilla_univariate,1.6586987506598234,0.0,0.0,measured_candidate_query_loop_precomputed_vanilla_fallback_separate_retrieval,0.0,,,175.0,0.0,196.4116934828032,213583.72322822787,462.15119087613294,0.0,175.0,175.0,175.0,7.848836937772612,49.060784860033664,7.004340430050046,0.0,175.0,175.0,175.0,10.306023966894012,90.19756347660937,9.497239781989785,0.0,175.0,175.0,175.0,1.6921039265189575,89.254211710569,9.447444718577028,0.0,175.0,175.0,175.0,0.19447806580513674,0.044774549664024145,0.2115999755766152,0.0,175.0,175.0,175.0,1.2501886179440798,0.9315273139145087,0.9651566266231139,0.0,175.0,175.0,175.0,0.19352433843137412,0.053903466386370266,0.23217120059639237,0.0,175.0,175.0,175.0,0.19352433843137412,0.053903466386370266,0.23217120059639237,0.0,175.0,175.0,175.0,1.8635230783637327,2.1638735496972785,0.6708736974922835,0.5179204045439405,0.26824154544295903,0.4304906421379509
epf_electricity_price/H,medium,top1-horizon-mix,top1-horizon-mix,,,,assembled_from_candidate_artifacts_no_independent_selected_method_latency,0.0,top1_horizon,0.21468926553672316,175.0,0.0,196.5435310363856,209944.80816865724,458.19734631341686,0.0,175.0,175.0,175.0,7.926179789067024,47.672833179829134,6.904551627718424,0.0,175.0,175.0,175.0,10.379960186610283,88.799957560771,9.423372939705347,0.0,175.0,175.0,175.0,1.7902646812827425,103.40991302426063,10.169066477521948,0.0,175.0,175.0,175.0,0.1975487700867373,0.043108216250903254,0.20762518212130063,0.0,175.0,175.0,175.0,1.2685617447295903,0.9415558424796888,0.9703380042437216,0.0,175.0,175.0,175.0,0.196397689457394,0.056157025653367325,0.23697473631880536,0.0,175.0,175.0,175.0,0.196397689457394,0.056157025653367325,0.23697473631880536,0.0,175.0,175.0,175.0,1.8635230783637327,2.1638735496972785,0.6807330477728516,0.5207008249641466,0.27112934911834286,0.4351251682943352
epf_electricity_price/H,long,vanilla_univariate,vanilla_univariate,1.3579255305230618,0.0,0.0,measured_candidate_query_loop_precomputed_vanilla_fallback_separate_retrieval,0.0,,,75.0,0.0,241.94964547808098,140442.18850128865,374.7561720656361,0.0,75.0,75.0,75.0,9.073592090463592,44.40600847262092,6.663783345264229,0.0,75.0,75.0,75.0,12.408978384027929,87.96690094280862,9.37906716805081,0.0,75.0,75.0,75.0,1.6788746580362244,34.1305230883664,5.842133436371203,0.0,75.0,75.0,75.0,0.22504991745155972,0.04958947901464351,0.2226869529510957,0.0,75.0,75.0,75.0,1.46963057387781,0.941841083164487,0.9704849731780946,0.0,75.0,75.0,75.0,0.21501340294900204,0.034716739619986815,0.18632428617865898,0.0,75.0,75.0,75.0,0.21501340294900204,0.034716739619986815,0.18632428617865898,0.0,75.0,75.0,75.0,1.9954916176600113,2.061898174629208,0.7364754433802905,0.48633878718875395,0.23652541592422813,0.45678350888198377
epf_electricity_price/H,long,top1-horizon-mix,top1-horizon-mix,,,,assembled_from_candidate_artifacts_no_independent_selected_method_latency,0.0,top1_horizon,0.18181818181818182,75.0,0.0,240.04725434727607,129039.5997282845,359.22082307166505,0.0,75.0,75.0,75.0,9.155466302821326,42.17388070607227,6.494142030019998,0.0,75.0,75.0,75.0,12.464381984279507,84.68643609724452,9.202523354887209,0.0,75.0,75.0,75.0,1.7497198917938,38.92322663753987,6.238848181959541,0.0,75.0,75.0,75.0,0.22733279386713173,0.045995454202658964,0.2144655081887504,0.0,75.0,75.0,75.0,1.4891941974959395,0.9212264383672387,0.9598054169295143,0.0,75.0,75.0,75.0,0.21804141286823678,0.035097578321125075,0.18734347685768266,0.0,75.0,75.0,75.0,0.21804141286823678,0.035097578321125075,0.18734347685768266,0.0,75.0,75.0,75.0,1.9954916176600113,2.061898174629208,0.7462793550805414,0.480986944989034,0.23134844124988402,0.4467856122589095
OpenElectricity_NEM/5T,short,vanilla_univariate,vanilla_univariate,1.817687351256609,0.0,0.0,measured_candidate_query_loop_precomputed_vanilla_fallback_separate_retrieval,0.0,,,1680.0,0.0,14827.22947882307,1898638395.2255812,43573.36795825612,0.0,1680.0,1680.0,1680.0,64.8011844928989,7224.888771040632,84.9993457094855,0.0,1680.0,1680.0,1680.0,75.21632676484074,9169.733666827771,95.75872632208394,0.0,1680.0,1680.0,1680.0,3.86444822129814,1212.5815498634256,34.82214166106711,0.0,1680.0,1680.0,1680.0,0.17719947939066927,0.0988269948081768,0.31436761094008525,0.0,1680.0,1680.0,1680.0,0.4592765389405014,0.23749256457100082,0.4873320885915484,0.0,1680.0,1680.0,1680.0,0.16867088915808578,0.09310593034795174,0.3051326438582928,0.0,1680.0,1680.0,1680.0,0.16867088915808578,0.09310593034795174,0.3051326438582928,0.0,1680.0,1680.0,1680.0,1.021668339182264,0.8538266760641295,0.4495358438024056,0.4769963694691816,0.22752553648678006,0.27815079011792687
OpenElectricity_NEM/5T,short,top1-horizon-mix,top1-horizon-mix,,,,assembled_from_candidate_artifacts_no_independent_selected_method_latency,0.0,top1_horizon,0.18370986920332938,1680.0,0.0,14978.050983474612,2082032466.9050682,45629.29395580287,0.0,1680.0,1680.0,1680.0,65.69178106367822,7655.448242700435,87.49541840976838,0.0,1680.0,1680.0,1680.0,75.2540247595344,9314.882740965995,96.5136401808884,0.0,1680.0,1680.0,1680.0,4.027752322353003,1135.8676399276867,33.702635504181075,0.0,1680.0,1680.0,1680.0,0.1913419634097511,0.11259314541938913,0.3355490208887356,0.0,1680.0,1680.0,1680.0,0.46532731553582346,0.20794170870815115,0.45600625950544926,0.0,1680.0,1680.0,1680.0,0.1906115222181488,0.16114519461991664,0.40142894093465237,0.0,1680.0,1680.0,1680.0,0.1906115222181488,0.16114519461991664,0.40142894093465237,0.0,1680.0,1680.0,1680.0,1.021668339182264,0.8538266760641295,0.455458290807238,0.4463349230048896,0.19921486349378073,0.24354089013322533
OpenElectricity_NEM/5T,medium,vanilla_univariate,vanilla_univariate,3.9633878637105227,0.0,0.0,measured_candidate_query_loop_precomputed_vanilla_fallback_separate_retrieval,0.0,,,420.0,0.0,64592.18211589202,42364195497.58852,205825.64344023928,0.0,420.0,420.0,420.0,121.2492701768502,30876.627100191683,175.71746384520716,0.0,420.0,420.0,420.0,148.68946126509593,42483.626224587555,206.11556521667052,0.0,420.0,420.0,420.0,6.168825656269275,1018.8877382528749,31.920020962600805,0.0,420.0,420.0,420.0,0.23853791309117908,0.09744073825040915,0.312154990750443,0.0,420.0,420.0,420.0,0.7173457193842074,0.20993906679000857,0.4581910810895478,0.0,420.0,420.0,420.0,0.24111157527797256,0.14538680795001224,0.3812962207392203,0.0,420.0,420.0,420.0,0.24111157527797256,0.14538680795001224,0.3812962207392203,0.0,420.0,420.0,420.0,1.0220753966761364,0.5621339027558641,0.7018520568219017,0.44829479564777563,0.20096822380488089,0.3734680754190084
OpenElectricity_NEM/5T,medium,top1-horizon-mix,top1-horizon-mix,,,,assembled_from_candidate_artifacts_no_independent_selected_method_latency,0.0,top1_horizon,0.26066350710900477,420.0,0.0,59500.70973956333,38743577640.76474,196833.88336555456,0.0,420.0,420.0,420.0,117.13598711747005,29284.15116324022,171.12612647763703,0.0,420.0,420.0,420.0,141.5472579014984,39465.08352013002,198.65820778445078,0.0,420.0,420.0,420.0,5.846087585772759,865.7420920902938,29.423495579048623,0.0,420.0,420.0,420.0,0.2468791383996219,0.1141331905785585,0.337836040970407,0.0,420.0,420.0,420.0,0.7018943733776107,0.1991517101112277,0.44626417076797426,0.0,420.0,420.0,420.0,0.25462399371475997,0.1983220289604119,0.4453336153496746,0.0,420.0,420.0,420.0,0.25462399371475997,0.1983220289604119,0.4453336153496746,0.0,420.0,420.0,420.0,1.0220753966761364,0.5621339027558641,0.6867344382422493,0.4366254898799617,0.19064181841291655,0.3542780628154351
OpenElectricity_NEM/5T,long,vanilla_univariate,vanilla_univariate,4.861682346090674,0.0,0.0,measured_candidate_query_loop_precomputed_vanilla_fallback_separate_retrieval,0.0,,,140.0,0.0,83413.22258774318,29028451516.395992,170377.3797086808,0.0,140.0,140.0,140.0,147.8149952270183,30176.031077325537,173.71249545535156,0.0,140.0,140.0,140.0,189.01128254296788,47687.95765920555,218.37572589279594,0.0,140.0,140.0,140.0,5.185988579414303,278.9544611446841,16.701929862883635,0.0,140.0,140.0,140.0,0.30213682590089475,0.11944339202956396,0.3456058333268754,0.0,140.0,140.0,140.0,0.8973124139723339,0.17835870919373825,0.4223253594016564,0.0,140.0,140.0,140.0,0.2678993420684068,0.09666789620115286,0.3109146123956751,0.0,140.0,140.0,140.0,0.2678993420684068,0.09666789620115286,0.3109146123956751,0.0,140.0,140.0,140.0,1.0224745372877215,0.21617743752963614,0.8775890071087732,0.4130424220850941,0.17060404244192107,0.8250570051709802
OpenElectricity_NEM/5T,long,top1-horizon-mix,top1-horizon-mix,,,,assembled_from_candidate_artifacts_no_independent_selected_method_latency,0.0,top1_horizon,0.323943661971831,140.0,0.0,73015.88273401151,24527986742.247063,156614.1332774506,0.0,140.0,140.0,140.0,137.49037105658883,26485.54121327315,162.7437900912755,0.0,140.0,140.0,140.0,175.02128381289987,42383.43294649587,205.87237052721736,0.0,140.0,140.0,140.0,5.808056480854132,367.82057637719697,19.17864897163502,0.0,140.0,140.0,140.0,0.28176600065500756,0.10686937038913528,0.32690881051011045,0.0,140.0,140.0,140.0,0.8333587267429633,0.15260464135047783,0.39064644034021073,0.0,140.0,140.0,140.0,0.2659881661060312,0.1301556114541318,0.3607708572683384,0.0,140.0,140.0,140.0,0.2659881661060312,0.1301556114541318,0.3607708572683384,0.0,140.0,140.0,140.0,1.0224745372877215,0.21617743752963614,0.815041056135815,0.38205982261080396,0.14596970805339898,0.7059230745556274
EWELD_Load/15T,short,vanilla_univariate,vanilla_univariate,0.6118115168064833,0.0,0.0,measured_candidate_query_loop_precomputed_vanilla_fallback_separate_retrieval,0.0,,,560.0,0.0,1147.2520480974295,8669743.145684,2944.4427563944932,0.0,560.0,560.0,560.0,13.172979256042854,565.4403650044609,23.77898999126037,0.0,560.0,560.0,560.0,16.502812114326506,874.909240416668,29.578864758754147,0.0,560.0,560.0,560.0,0.3457377652198128,0.48735823454431165,0.698110474455377,0.0,560.0,560.0,560.0,0.2953328789994396,0.13166644435297065,0.3628587112816373,0.0,560.0,560.0,560.0,0.5701567473339969,0.25426672342791057,0.5042486722123426,0.0,560.0,560.0,560.0,0.38237972733586706,2.397664979295149,1.548439530396699,0.0,560.0,560.0,560.0,0.38237972733586706,2.397664979295149,1.548439530396699,0.0,560.0,560.0,560.0,0.9109076791493171,0.6284262662910528,0.6259215509813878,0.553567264558855,0.30643671639117337,0.4046086821427481
EWELD_Load/15T,short,top1-horizon-mix,top1-horizon-mix,,,,assembled_from_candidate_artifacts_no_independent_selected_method_latency,0.0,top1_horizon,0.15302491103202848,560.0,0.0,1164.196174175217,8915319.128639596,2985.853165954347,0.0,560.0,560.0,560.0,13.30809185032593,574.0662695467394,23.95968008022518,0.0,560.0,560.0,560.0,16.638009621252436,887.3728100183286,29.788803433812653,0.0,560.0,560.0,560.0,0.37412021064699863,0.5619651642674919,0.7496433580493406,0.0,560.0,560.0,560.0,0.29204399838752737,0.12902940900569754,0.35920663830961913,0.0,560.0,560.0,560.0,0.5750140804245604,0.24092939295571725,0.49084558972829456,0.0,560.0,560.0,560.0,0.5855159056483814,8.684751782684033,2.946990292261587,0.0,560.0,560.0,560.0,0.5855159056483814,8.684751782684033,2.946990292261587,0.0,560.0,560.0,560.0,0.9109076791493171,0.6284262662910528,0.6312539608421759,0.53885327894775,0.29036285623274166,0.3833853005185049
EWELD_Load/15T,medium,vanilla_univariate,vanilla_univariate,1.3243763204663992,0.0,0.0,measured_candidate_query_loop_precomputed_vanilla_fallback_separate_retrieval,0.0,,,140.0,0.0,1284.3564645884173,7943423.464525126,2818.4079663038715,0.0,140.0,140.0,140.0,14.833582197666347,557.1127727679446,23.603236489260212,0.0,140.0,140.0,140.0,19.555315608514253,901.9460960398163,30.03241741917917,0.0,140.0,140.0,140.0,0.3850340673256225,0.28056887888924065,0.5296875294824682,0.0,140.0,140.0,140.0,0.32116148275549017,0.08644126105680192,0.29400894723936877,0.0,140.0,140.0,140.0,0.6761916524906441,0.1749847434709049,0.4183117778295334,0.0,140.0,140.0,140.0,0.22551074249984387,0.03037274957983272,0.17427779428209642,0.0,140.0,140.0,140.0,0.22551074249984387,0.03037274957983272,0.17427779428209642,0.0,140.0,140.0,140.0,0.9107484734313388,0.24043824963022473,0.7424570803210049,0.4593054943627856,0.2109615371518429,0.727774152989459
EWELD_Load/15T,medium,top1-horizon-mix,top1-horizon-mix,,,,assembled_from_candidate_artifacts_no_independent_selected_method_latency,0.0,top1_horizon,0.13380281690140844,140.0,0.0,1283.4258967348142,8126903.435479696,2850.7724278657697,0.0,140.0,140.0,140.0,14.840825513311403,562.757445751768,23.72250926339303,0.0,140.0,140.0,140.0,19.48849400396483,903.6244981922408,30.060347605978226,0.0,140.0,140.0,140.0,0.39615124229646886,0.29300248229148307,0.5412970370244816,0.0,140.0,140.0,140.0,0.3181582940384969,0.08595309629524336,0.2931775849126999,0.0,140.0,140.0,140.0,0.673043728037032,0.15933581689333104,0.3991689077236991,0.0,140.0,140.0,140.0,0.2262261174685931,0.031346906768311436,0.17705057686523204,0.0,140.0,140.0,140.0,0.2262261174685931,0.031346906768311436,0.17705057686523204,0.0,140.0,140.0,140.0,0.9107484734313388,0.24043824963022473,0.7390006655748435,0.4382866613213076,0.19209519749217863,0.6626891400947108
EWELD_Load/15T,long,vanilla_univariate,vanilla_univariate,1.7236093860119581,0.0,0.0,measured_candidate_query_loop_precomputed_vanilla_fallback_separate_retrieval,0.0,,,20.0,0.0,1397.14834838844,9508426.576370548,3083.57366968434,0.0,20.0,20.0,20.0,15.850343052852187,597.4704920296186,24.443209527998132,0.0,20.0,20.0,20.0,21.14400603108201,950.0793573460072,30.82335733410634,0.0,20.0,20.0,20.0,0.47483561457367757,0.12247061312016114,0.349958016225034,0.0,20.0,20.0,20.0,0.36474982285759994,0.08323666455507639,0.28850765077390306,0.0,20.0,20.0,20.0,0.7765424340476196,0.22742617609138324,0.47689220594530923,0.0,20.0,20.0,20.0,0.24261093029058198,0.01997051229363461,0.14131706299536023,0.0,20.0,20.0,20.0,0.24261093029058198,0.01997051229363461,0.14131706299536023,0.0,20.0,20.0,20.0,0.9730884442803625,0.237943187485963,0.7980183493206556,0.4900810494137457,0.24017943499447825,0.9558003256756398
EWELD_Load/15T,long,top1-horizon-mix,top1-horizon-mix,,,,assembled_from_candidate_artifacts_no_independent_selected_method_latency,0.0,top1_horizon,0.045454545454545456,20.0,0.0,1380.0211268591706,9350106.69573066,3057.7944168519016,0.0,20.0,20.0,20.0,15.721498601830778,594.5279214770264,24.382943248857927,0.0,20.0,20.0,20.0,20.938756406533713,941.5896070070143,30.685332114986377,0.0,20.0,20.0,20.0,0.471124122601182,0.12160216851997267,0.3487150247981476,0.0,20.0,20.0,20.0,0.3609543387100128,0.08046941274851914,0.2836713111129131,0.0,20.0,20.0,20.0,0.7677615835852544,0.218671445885216,0.4676231879250814,0.0,20.0,20.0,20.0,0.2408960556022805,0.019764707982543164,0.14058701214032243,0.0,20.0,20.0,20.0,0.2408960556022805,0.019764707982543164,0.14058701214032243,0.0,20.0,20.0,20.0,0.9730884442803625,0.237943187485963,0.7889946572667859,0.48055568912947816,0.2309337703547077,0.9190069621056753
SG_Carpark/15T,short,vanilla_univariate,vanilla_univariate,16.29236658476293,0.0,0.0,measured_candidate_query_loop_precomputed_vanilla_fallback_separate_retrieval,0.0,,,14868.0,0.0,220.1617645928805,3333242.8301479807,1825.7170728642434,0.0,14868.0,14868.0,14868.0,5.951468878468035,80.4024857266449,8.96674331776286,0.0,14868.0,14868.0,14868.0,7.433850664729763,164.8996288873773,12.841325044066805,0.0,14868.0,14868.0,14868.0,0.03748259358606557,0.028809007025734905,0.16973216261432275,0.0,14811.0,14868.0,14868.0,0.047423833207873495,0.027515788407612863,0.1658788365271859,0.0,14868.0,14868.0,14868.0,0.4072201716031196,0.23075247909577104,0.48036702540429543,0.0,14868.0,14868.0,14868.0,0.03701160839574202,0.01250909545931157,0.11184406760893296,0.0,14811.0,14868.0,14868.0,0.03701160839574202,0.01250909545931157,0.11184406760893296,0.0,14811.0,14868.0,14868.0,0.9420673883040124,1.3572945477146132,0.43226225284820763,0.5099072862177003,0.26000544053789976,0.17000914022995794
SG_Carpark/15T,short,top1-horizon-mix,top1-horizon-mix,,,,assembled_from_candidate_artifacts_no_independent_selected_method_latency,2478.0,top1_horizon,0.2395746801794318,14868.0,0.16666666666666666,3.0209914291778463e+18,1.3568202846187311e+41,3.683504153138328e+20,0.0,14868.0,14868.0,14868.0,7968449.379157406,9.439963261854039e+17,971594733.5105331,0.0,14868.0,14868.0,14868.0,14254392.235657012,3.0207882414798377e+18,1738041495.902741,0.0,14868.0,14868.0,14868.0,82438.5278109674,100650308344039.06,10032462.72577372,0.0,14811.0,14868.0,14868.0,0.04798945137867489,0.027224003342144268,0.1649969797970383,0.0,14868.0,14868.0,14868.0,382464.8223963927,2174730170891777.5,46634002.30402466,0.0,14868.0,14868.0,14868.0,103048.14979291173,157266106835756.78,12540578.409138743,0.0,14811.0,14868.0,14868.0,103048.14979291173,157266106835756.78,12540578.409138743,0.0,14811.0,14868.0,14868.0,0.9420673883040124,1.3572945477146132,405984.56877372385,49501769.069810435,2450425141040841.5,1602253670401569.8
SG_Carpark/15T,medium,vanilla_univariate,vanilla_univariate,23.585314800962806,0.0,0.0,measured_candidate_query_loop_precomputed_vanilla_fallback_separate_retrieval,0.0,,,2478.0,0.0,468.24389600405743,6463484.125428533,2542.338318443974,0.0,2478.0,2478.0,2478.0,9.227887735254063,171.25372130940366,13.086394511453628,0.0,2478.0,2478.0,2478.0,12.456673840867195,313.07517282631227,17.693930395090636,0.0,2478.0,2478.0,2478.0,0.05344690637007133,0.01202434443121117,0.10965557182018236,0.0,2472.0,2478.0,2478.0,0.06144527312326187,0.023047005150852097,0.1518124011760966,0.0,2478.0,2478.0,2478.0,0.6110573650229993,0.34438824752608516,0.5868460168784356,0.0,2478.0,2478.0,2478.0,0.049489975373011176,0.008335920724446886,0.0913012635424444,0.0,2472.0,2478.0,2478.0,0.049489975373011176,0.008335920724446886,0.0913012635424444,0.0,2472.0,2478.0,2478.0,0.9472441633805834,0.6915537435383057,0.6450896069311424,0.6195298314471143,0.3838172120528899,0.4979920226648433
SG_Carpark/15T,medium,top1-horizon-mix,top1-horizon-mix,,,,assembled_from_candidate_artifacts_no_independent_selected_method_latency,0.0,top1_horizon,0.0,2478.0,0.0,468.24389600405743,6463484.125428533,2542.338318443974,0.0,2478.0,2478.0,2478.0,9.227887735254063,171.25372130940366,13.086394511453628,0.0,2478.0,2478.0,2478.0,12.456673840867195,313.07517282631227,17.693930395090636,0.0,2478.0,2478.0,2478.0,0.05344690637007133,0.01202434443121117,0.10965557182018236,0.0,2472.0,2478.0,2478.0,0.06144527312326187,0.023047005150852097,0.1518124011760966,0.0,2478.0,2478.0,2478.0,0.6110573650229993,0.34438824752608516,0.5868460168784356,0.0,2478.0,2478.0,2478.0,0.049489975373011176,0.008335920724446886,0.0913012635424444,0.0,2472.0,2478.0,2478.0,0.049489975373011176,0.008335920724446886,0.0913012635424444,0.0,2472.0,2478.0,2478.0,0.9472441633805834,0.6915537435383057,0.6450896069311424,0.6195298314471143,0.3838172120528899,0.4979920226648433
SG_Carpark/15T,long,vanilla_univariate,vanilla_univariate,30.438126849010587,0.0,0.0,measured_candidate_query_loop_precomputed_vanilla_fallback_separate_retrieval,0.0,,,354.0,0.0,999.9016022499579,9632108.955620954,3103.5639119600796,0.0,354.0,354.0,354.0,15.07633105056,319.5475228573625,17.8758922254908,0.0,354.0,354.0,354.0,20.436288776457097,582.2597032952115,24.130058087273877,0.0,354.0,354.0,354.0,0.08323954942959412,0.01673679270527533,0.12937075676239718,0.0,354.0,354.0,354.0,0.08644911841124868,0.02571948562628377,0.16037295790214687,0.0,354.0,354.0,354.0,0.9706198084737081,0.8124723741412055,0.9013724946664423,0.0,354.0,354.0,354.0,0.07944653786054323,0.026575534312243396,0.16302004267035203,0.0,354.0,354.0,354.0,0.07944653786054323,0.026575534312243396,0.16302004267035203,0.0,354.0,354.0,354.0,1.307891992764626,0.6407367954972765,0.7421253542672198,0.6891796108951768,0.4749685360736273,1.26802827596415
SG_Carpark/15T,long,top1-horizon-mix,top1-horizon-mix,,,,assembled_from_candidate_artifacts_no_independent_selected_method_latency,0.0,top1_horizon,0.0,354.0,0.0,999.9016022499579,9632108.955620954,3103.5639119600796,0.0,354.0,354.0,354.0,15.07633105056,319.5475228573625,17.8758922254908,0.0,354.0,354.0,354.0,20.436288776457097,582.2597032952115,24.130058087273877,0.0,354.0,354.0,354.0,0.08323954942959412,0.01673679270527533,0.12937075676239718,0.0,354.0,354.0,354.0,0.08644911841124868,0.02571948562628377,0.16037295790214687,0.0,354.0,354.0,354.0,0.9706198084737081,0.8124723741412055,0.9013724946664423,0.0,354.0,354.0,354.0,0.07944653786054323,0.026575534312243396,0.16302004267035203,0.0,354.0,354.0,354.0,0.07944653786054323,0.026575534312243396,0.16302004267035203,0.0,354.0,354.0,354.0,1.307891992764626,0.6407367954972765,0.7421253542672198,0.6891796108951768,0.4749685360736273,1.26802827596415
Finland_Traffic/15T,short,vanilla_univariate,vanilla_univariate,0.2037141416221857,0.0,0.0,measured_candidate_query_loop_precomputed_vanilla_fallback_separate_retrieval,0.0,,,186.0,0.0,886.2000687175247,2970164.6162712714,1723.4165533240277,0.0,186.0,186.0,186.0,18.316198041362146,279.80948442541035,16.727506820366578,0.0,186.0,186.0,186.0,22.284551184551752,389.5988472206177,19.73825846473335,0.0,186.0,186.0,186.0,0.22849015437307088,0.07755543089472088,0.27848775717205393,0.0,186.0,186.0,186.0,0.2033806226083718,0.026747726457913214,0.16354732176930692,0.0,186.0,186.0,186.0,0.4453276439781981,0.16583567809582486,0.40722926969438833,0.0,186.0,186.0,186.0,0.21085750671767178,0.08088198796157671,0.284397587826579,0.0,186.0,186.0,186.0,0.21085750671767178,0.08088198796157671,0.284397587826579,0.0,186.0,186.0,186.0,0.7821655158923493,0.5444992622161519,0.5693521830480305,0.5206433439216412,0.2710694915699084,0.30456547805200235
Finland_Traffic/15T,short,top1-horizon-mix,top1-horizon-mix,,,,assembled_from_candidate_artifacts_no_independent_selected_method_latency,0.0,top1_horizon,0.19680851063829788,186.0,0.0,825.5642285563546,2457137.206555215,1567.5258232498804,0.0,186.0,186.0,186.0,17.870710705076494,252.93820011717634,15.904030939267452,0.0,186.0,186.0,186.0,21.734787230584207,353.1632525975882,18.792638255380435,0.0,186.0,186.0,186.0,0.23267502696294787,0.09718621557595887,0.31174703779821045,0.0,186.0,186.0,186.0,0.20836224590424307,0.03227040505080211,0.1796396533363447,0.0,186.0,186.0,186.0,0.434595370416925,0.15006533737668334,0.38738267562796785,0.0,186.0,186.0,186.0,0.21596956278965088,0.10472111084945887,0.3236064134862887,0.0,186.0,186.0,186.0,0.21596956278965088,0.10472111084945887,0.3236064134862887,0.0,186.0,186.0,186.0,0.7821655158923493,0.5444992622161519,0.5556309522558126,0.49526943819047625,0.24529181640550998,0.2756024622804932
Finland_Traffic/15T,medium,vanilla_univariate,vanilla_univariate,0.2832714058458805,0.0,0.0,measured_candidate_query_loop_precomputed_vanilla_fallback_separate_retrieval,0.0,,,31.0,0.0,1548.3611578446782,3295680.626557809,1815.4009547639355,0.0,31.0,31.0,31.0,24.548236744378197,173.45645456887652,13.170286806629404,0.0,31.0,31.0,31.0,34.5191248850738,356.79117501335725,18.888916724189272,0.0,31.0,31.0,31.0,0.2860449829395482,0.0459234244514864,0.2142975138714549,0.0,31.0,31.0,31.0,0.24097921317383314,0.010323967860856837,0.10160692821287748,0.0,31.0,31.0,31.0,0.5966518606321104,0.1027778598032888,0.32058986229026143,0.0,31.0,31.0,31.0,0.1971022824190526,0.01598368005336567,0.1264265796949584,0.0,31.0,31.0,31.0,0.1971022824190526,0.01598368005336567,0.1264265796949584,0.0,31.0,31.0,31.0,0.7819762468379376,0.17085736839439175,0.763005095160857,0.4099739136407589,0.16807860986592046,0.6015418636558046
Finland_Traffic/15T,medium,top1-horizon-mix,top1-horizon-mix,,,,assembled_from_candidate_artifacts_no_independent_selected_method_latency,0.0,top1_horizon,0.3939393939393939,31.0,0.0,1433.7292308423976,3671824.903480343,1916.200642803447,0.0,31.0,31.0,31.0,23.159278821520594,201.42164658233085,14.192309416804964,0.0,31.0,31.0,31.0,32.17445566594606,398.5336334424687,19.96330717698019,0.0,31.0,31.0,31.0,0.30151356976316795,0.055010628537753306,0.2345434470151603,0.0,31.0,31.0,31.0,0.267911036688738,0.018699989190292837,0.1367479037875639,0.0,31.0,31.0,31.0,0.5629369161191881,0.11915428977617845,0.34518732563085,0.0,31.0,31.0,31.0,0.18574616962475216,0.017010050571185504,0.1304225845901909,0.0,31.0,31.0,31.0,0.18574616962475216,0.017010050571185504,0.1304225845901909,0.0,31.0,31.0,31.0,0.7819762468379376,0.17085736839439175,0.7198900457597341,0.4414294257999234,0.19485993796205006,0.6973904075423509
Finland_Traffic/15T,long,vanilla_univariate,vanilla_univariate,0.38771195337176323,0.0,0.0,measured_candidate_query_loop_precomputed_vanilla_fallback_separate_retrieval,0.0,,,4.0,0.0,1905.4599112883616,1989491.2538178153,1410.4932661369976,0.0,4.0,4.0,4.0,26.23309159704617,92.32066938760087,9.608364553221369,0.0,4.0,4.0,4.0,41.05464596245414,219.9759561859099,14.831586435237124,0.0,4.0,4.0,4.0,0.3630821020998822,0.060293116264352686,0.24554656638681122,0.0,4.0,4.0,4.0,0.24598306160995176,0.00651623871411132,0.08072322289224657,0.0,4.0,4.0,4.0,0.6364014052199654,0.05577700255943535,0.23617155323924038,0.0,4.0,4.0,4.0,0.20248158764718804,0.006752438003562006,0.08217321950344897,0.0,4.0,4.0,4.0,0.20248158764718804,0.006752438003562006,0.08217321950344897,0.0,4.0,4.0,4.0,0.9356216079721509,0.018781384922048106,0.6801910086271843,0.2524220809212757,0.06371690693662707,2.969802428891004
Finland_Traffic/15T,long,top1-horizon-mix,top1-horizon-mix,,,,assembled_from_candidate_artifacts_no_independent_selected_method_latency,0.0,top1_horizon,0.3333333333333333,4.0,0.0,1852.9543891471637,2163373.080337228,1470.8409432488706,0.0,4.0,4.0,4.0,25.290060920729523,113.22728842139895,10.640831190344059,0.0,4.0,4.0,4.0,39.81246029071735,267.9223947472178,16.368335124477927,0.0,4.0,4.0,4.0,0.3582486768753407,0.06476946654416281,0.2544984607893785,0.0,4.0,4.0,4.0,0.23632576433814423,0.008027020320334014,0.08959363995470891,0.0,4.0,4.0,4.0,0.6135726124267828,0.068154405572332,0.2610639875056152,0.0,4.0,4.0,4.0,0.19538597538826247,0.008064669415794742,0.08980350447390538,0.0,4.0,4.0,4.0,0.19538597538826247,0.008064669415794742,0.08980350447390538,0.0,4.0,4.0,4.0,0.9356216079721509,0.018781384922048106,0.6557914088331381,0.27902731754073157,0.07785624393397624,3.628827472266075
Port_Activity/D,short,vanilla_univariate,vanilla_univariate,2.66782695800066,0.0,0.0,measured_candidate_query_loop_precomputed_vanilla_fallback_separate_retrieval,0.0,,,2376.0,0.0,957024307.0049856,5.719010375162879e+18,2391445248.2051263,0.0,2376.0,2376.0,2376.0,15456.328360649559,299873996.8083945,17316.87029484238,0.0,2376.0,2376.0,2376.0,21287.824982580514,503852814.5160067,22446.66600001004,0.0,2376.0,2376.0,2376.0,2.6430221376723515,76.1942372142427,8.728931046482307,0.0,2376.0,2376.0,2376.0,0.9476363372777221,0.14680833680878227,0.38315576050580563,0.0,2376.0,2376.0,2376.0,0.6620004590700727,0.05548669367823273,0.23555613699972397,0.0,2376.0,2376.0,2376.0,0.7474776438482187,0.10296381792896431,0.32087975618440673,0.0,2376.0,2376.0,2376.0,0.7474776438482187,0.10296381792896431,0.32087975618440673,0.0,2376.0,2376.0,2376.0,0.9536286637709488,0.36546784286960077,0.6941910244731045,0.24701033635908198,0.06101410626822683,0.15182373705593144
Port_Activity/D,short,top1-horizon-mix,top1-horizon-mix,,,,assembled_from_candidate_artifacts_no_independent_selected_method_latency,0.0,top1_horizon,0.05803195962994113,2376.0,0.0,954477415.2110717,5.720203721942089e+18,2391694738.4526496,0.0,2376.0,2376.0,2376.0,15503.021163200072,301535721.05349517,17364.783933395058,0.0,2376.0,2376.0,2376.0,21233.96932528634,503595961.90387064,22440.943872838117,0.0,2376.0,2376.0,2376.0,2.844979508225367,100.33414149168759,10.016693141535663,0.0,2376.0,2376.0,2376.0,0.9418463914554587,0.14215013721749914,0.37702803240276334,0.0,2376.0,2376.0,2376.0,0.6639256537579268,0.0550531542427522,0.23463408585018547,0.0,2376.0,2376.0,2376.0,0.7516053318496265,0.10201926750731319,0.31940455148183655,0.0,2376.0,2376.0,2376.0,0.7516053318496265,0.10201926750731319,0.31940455148183655,0.0,2376.0,2376.0,2376.0,0.9536286637709488,0.36546784286960077,0.696209834059051,0.24604344936777406,0.060537378976792386,0.1506374782812156
Port_Activity/W,short,vanilla_univariate,vanilla_univariate,0.42107117734849453,0.0,0.0,measured_candidate_query_loop_precomputed_vanilla_fallback_separate_retrieval,0.0,,,792.0,0.0,5952594008.428568,2.0665223502571133e+20,14375403821.309206,0.0,792.0,792.0,792.0,43928.421080416636,2070985630.8086667,45508.08313705013,0.0,792.0,792.0,792.0,53759.659899904436,3062492975.8751755,55339.79558938735,0.0,792.0,792.0,792.0,0.690252327788263,2.6728256756777515,1.6348778779094637,0.0,792.0,792.0,792.0,0.34112264734269976,0.034320871922522166,0.18525893209916267,0.0,792.0,792.0,792.0,0.7834238254070143,0.09430867481748093,0.3070971748770752,0.0,792.0,792.0,792.0,0.3434128392896591,0.05865624425818086,0.2421905123207366,0.0,792.0,792.0,792.0,0.3434128392896591,0.05865624425818086,0.2421905123207366,0.0,792.0,792.0,792.0,0.9755398949343401,0.21474218187417846,0.8030669268115822,0.3147971461461807,0.09909724322177985,0.4391716336045155
Port_Activity/W,short,top1-horizon-mix,top1-horizon-mix,,,,assembled_from_candidate_artifacts_no_independent_selected_method_latency,0.0,top1_horizon,0.08564231738035265,792.0,0.0,5907277070.369485,1.9940615736064705e+20,14121124507.653315,0.0,792.0,792.0,792.0,43954.58618766352,2046850629.3844476,45242.13334254307,0.0,792.0,792.0,792.0,53718.891170030176,3021557801.8319387,54968.69838218783,0.0,792.0,792.0,792.0,0.6878013572627962,2.5031649598158032,1.5821393616922004,0.0,792.0,792.0,792.0,0.34157586199186024,0.034055519328590626,0.1845413756548667,0.0,792.0,792.0,792.0,0.7854599269860716,0.09301815802909738,0.3049887834480104,0.0,792.0,792.0,792.0,0.34397901118137597,0.057022533565906613,0.23879391442393713,0.0,792.0,792.0,792.0,0.34397901118137597,0.057022533565906613,0.23879391442393713,0.0,792.0,792.0,792.0,0.9755398949343401,0.21474218187417846,0.8051540803863669,0.31263589016883625,0.09774119982166063,0.43316202348916477
ECDC_COVID/D,short,vanilla_univariate,vanilla_univariate,0.04478173330426216,0.0,0.0,measured_candidate_query_loop_precomputed_vanilla_fallback_separate_retrieval,0.0,,,45.0,0.0,60312.630124948555,13870635742.982265,117773.66319760232,0.0,45.0,45.0,45.0,134.35653454957185,26062.615839133465,161.43920168017885,0.0,45.0,45.0,45.0,156.9351411141338,35683.99160843546,188.90206883048015,0.0,45.0,45.0,45.0,0.5012846139176935,0.29935906706020043,0.5471371556202342,0.0,45.0,45.0,45.0,0.33783558779851164,0.06424324702935004,0.2534625160242635,0.0,45.0,45.0,45.0,3.5290621766358514,8.225052165836116,2.867935174622348,0.0,45.0,45.0,45.0,0.37571909602999654,0.09307515530451703,0.3050822107310045,0.0,45.0,45.0,45.0,0.37571909602999654,0.09307515530451703,0.3050822107310045,0.0,45.0,45.0,45.0,3.5426548068444346,9.46457225161981,0.9961631513794903,0.8095440653945387,0.6553615938155172,0.8690358050178595
ECDC_COVID/D,short,top1-horizon-mix,top1-horizon-mix,,,,assembled_from_candidate_artifacts_no_independent_selected_method_latency,5.0,top1_horizon,0.35714285714285715,45.0,0.1111111111111111,216684.86492371303,621809521198.203,788548.9973351073,0.0,45.0,45.0,45.0,177.10347110430402,94216.98978379794,306.94786167002036,0.0,45.0,45.0,45.0,220.70112057650292,167975.880299989,409.84860656099465,0.0,45.0,45.0,45.0,0.49428165327163215,0.19949501528894809,0.4466486485918748,0.0,45.0,45.0,45.0,0.32616469602100695,0.031088992755243232,0.17632070994424687,0.0,45.0,45.0,45.0,4.242622648747564,24.029796585881144,4.90201964356337,0.0,45.0,45.0,45.0,0.38285526360044436,0.07301403664616878,0.2702110964526971,0.0,45.0,45.0,45.0,0.38285526360044436,0.07301403664616878,0.2702110964526971,0.0,45.0,45.0,45.0,3.5426548068444346,9.46457225161981,1.1975828524277292,1.383713602040095,1.9146633324707745,2.538920507661461
ECDC_COVID/W,short,vanilla_univariate,vanilla_univariate,0.034810103476047516,0.0,0.0,measured_candidate_query_loop_precomputed_vanilla_fallback_separate_retrieval,0.0,,,64.0,0.0,3144297.4610785577,282495863974013.94,16807613.27416876,0.0,64.0,64.0,64.0,570.0965636512708,2445681.9683480305,1563.867631338417,0.0,64.0,64.0,64.0,646.405047112934,2726457.9761454826,1651.198951109612,0.0,64.0,64.0,64.0,0.9024173614479438,3.2273162693935604,1.796473286579447,0.0,64.0,64.0,64.0,0.5311723514576381,0.08153974291903479,0.28555164667540406,0.0,64.0,64.0,64.0,1.3582147439686962,1.1631087018763218,1.0784751744367238,0.0,64.0,64.0,64.0,0.5989302813469102,0.3223611905702999,0.5677686065381741,0.0,64.0,64.0,64.0,0.5989302813469102,0.3223611905702999,0.5677686065381741,0.0,64.0,64.0,64.0,1.5433643330513203,2.5262185251337717,0.88003507330212,0.6987819734725347,0.4882962464501701,0.46041492068257683
ECDC_COVID/W,short,top1-horizon-mix,top1-horizon-mix,,,,assembled_from_candidate_artifacts_no_independent_selected_method_latency,1.0,top1_horizon,0.25,64.0,0.015625,3486364.113871566,217003379991062.62,14731034.586581577,0.0,64.0,64.0,64.0,570.438997198424,1919037.7562042829,1385.2933827187233,0.0,64.0,64.0,64.0,710.6352636847917,2981361.6358792135,1726.6619923653886,0.0,64.0,64.0,64.0,1.3491445540130456,11.557639426152228,3.3996528390634575,0.0,64.0,64.0,64.0,0.5885313961500089,0.16519847767944168,0.40644615594127803,0.0,64.0,64.0,64.0,1.6131038623751697,2.5955999512015393,1.611086574707126,0.0,64.0,64.0,64.0,0.7404333095588035,0.7063622907187068,0.840453621991545,0.0,64.0,64.0,64.0,0.7404333095588035,0.7063622907187068,0.840453621991545,0.0,64.0,64.0,64.0,1.5433643330513203,2.5262185251337717,1.0451866923644466,1.0438796207774965,1.0896846626745698,1.027464538549409
Global_Influenza/W,short,vanilla_univariate,vanilla_univariate,0.1342652402818203,0.0,0.0,measured_candidate_query_loop_precomputed_vanilla_fallback_separate_retrieval,0.0,,,237.0,0.0,4573334.869083739,704216505922483.6,26537077.946196027,0.0,237.0,237.0,240.0,530.6044281008095,2595009.851239438,1610.903427036965,0.0,237.0,237.0,240.0,658.5584722751661,4139635.607678339,2034.6094484392672,0.0,237.0,237.0,240.0,0.7361607994532525,1.611828603924352,1.269578120449605,0.0,237.0,237.0,240.0,0.517202770452054,0.17667064953796285,0.4203220783375088,0.0,237.0,237.0,240.0,2.8883878965894034,14.148267072123593,3.761418226164646,0.0,237.0,237.0,240.0,0.5297510361441881,0.3388807182345675,0.5821346220888838,0.0,237.0,237.0,240.0,0.5297510361441881,0.3388807182345675,0.5821346220888838,0.0,237.0,237.0,240.0,4.230835072275004,30.38882579215142,0.6826992419338767,0.889048653967515,0.7904075091214503,0.46557465460800046
Global_Influenza/W,short,top1-horizon-mix,top1-horizon-mix,,,,assembled_from_candidate_artifacts_no_independent_selected_method_latency,4.0,top1_horizon,0.24896265560165975,237.0,0.016877637130801686,3657914.484146074,325933395164630.06,18053625.540722564,0.0,237.0,237.0,240.0,562.3576631006938,2046496.4237092296,1430.5580812079004,0.0,237.0,237.0,240.0,694.109450599235,3176126.554734902,1782.1690589657599,0.0,237.0,237.0,240.0,0.9870356583363694,4.138868612717623,2.034420952683496,0.0,237.0,237.0,240.0,0.5465510266983642,0.16603788857394358,0.40747747002005347,0.0,237.0,237.0,240.0,3.8235567657416425,34.85215979570821,5.90357178288773,0.0,237.0,237.0,240.0,0.6888946299670581,0.9813944458666175,0.9906535448211032,0.0,237.0,237.0,240.0,0.6888946299670581,0.9813944458666175,0.9906535448211032,0.0,237.0,237.0,240.0,4.230835072275004,30.38882579215142,0.9037357165722937,1.395367978670287,1.947051795898403,1.1468741844151658
Crypto/D,short,vanilla_univariate,vanilla_univariate,0.04959533177316189,0.0,0.0,measured_candidate_query_loop_precomputed_vanilla_fallback_separate_retrieval,0.0,,,36.0,0.0,11710806.98584148,711560459266351.0,26675090.614023246,0.0,36.0,36.0,36.0,1443.1454758396853,6566325.617684313,2562.4842668169326,0.0,36.0,36.0,36.0,1686.364738528857,8866980.95448798,2977.7476310943443,0.0,36.0,36.0,36.0,0.09980656249373158,0.0060755490260378,0.07794580826470272,0.0,36.0,36.0,36.0,0.10079025498228304,0.005737360665984395,0.07574536729057689,0.0,36.0,36.0,36.0,6.650599570107343,27.456389385813903,5.23988448210587,0.0,36.0,36.0,36.0,0.10105632749241483,0.006138203237448049,0.07834668619315081,0.0,36.0,36.0,36.0,0.10105632749241483,0.006138203237448049,0.07834668619315081,0.0,36.0,36.0,36.0,6.169569272851417,27.688250742146593,1.077968213984184,0.8493112323356942,0.7213295693715757,0.9916260020002002
Crypto/D,short,top1-horizon-mix,top1-horizon-mix,,,,assembled_from_candidate_artifacts_no_independent_selected_method_latency,0.0,top1_horizon,0.3157894736842105,36.0,0.0,12022444.282849325,862200024233338.5,29363242.740428697,0.0,36.0,36.0,36.0,1440.7517965669986,6979526.573312659,2641.8793638833436,0.0,36.0,36.0,36.0,1682.779361541752,9190697.903218456,3031.6163845741526,0.0,36.0,36.0,36.0,0.10631734814110519,0.0059282322923871495,0.07699501472424788,0.0,36.0,36.0,36.0,0.10669108259679207,0.005831333888369214,0.07636317102091304,0.0,36.0,36.0,36.0,7.021473202586098,29.382008434241147,5.420517358540709,0.0,36.0,36.0,36.0,0.10708654893885533,0.005925799548641121,0.07697921504303042,0.0,36.0,36.0,36.0,0.10708654893885533,0.005925799548641121,0.07697921504303042,0.0,36.0,36.0,36.0,6.169569272851417,27.688250742146593,1.1380815891772869,0.8785892691720252,0.7719191039042332,1.061172434035941
US_Term_Structure/B,short,vanilla_univariate,vanilla_univariate,1.5124087240546942,0.0,0.0,measured_candidate_query_loop_precomputed_vanilla_fallback_separate_retrieval,0.0,,,1400.0,0.0,0.023585601394673764,0.0013134119322169076,0.03624102554035837,0.0,1400.0,1400.0,1400.0,0.10597238482781166,0.00564755263197649,0.07515020047861809,0.0,1400.0,1400.0,1400.0,0.1262152137179864,0.007655321220796774,0.08749469252930016,0.0,1400.0,1400.0,1400.0,1.0101424768885874,40.7906303911657,6.386754292374625,0.0,1400.0,1400.0,1400.0,0.29061884770061125,0.21173563559913608,0.46014740638097273,0.0,1400.0,1400.0,1400.0,1.5723117469490717,0.8799786957542782,0.9380717966948363,0.0,1400.0,1400.0,1400.0,0.2842329865297217,0.24137702088164148,0.49130135444718803,0.0,1400.0,1400.0,1400.0,0.2842329865297217,0.24137702088164148,0.49130135444718803,0.0,1400.0,1400.0,1400.0,1.7649879489699798,1.0333743744905457,0.8908342676598154,0.5314890661107804,0.2824806273953095,0.8515584646543112
US_Term_Structure/B,short,top1-horizon-mix,top1-horizon-mix,,,,assembled_from_candidate_artifacts_no_independent_selected_method_latency,0.0,top1_horizon,0.3616262482168331,1400.0,0.0,0.027217334247298018,0.0016677635884682726,0.04083826133013344,0.0,1400.0,1400.0,1400.0,0.11366269213834873,0.006657515314068202,0.08159359848706393,0.0,1400.0,1400.0,1400.0,0.13527326346152038,0.00891847843976811,0.09443769607401543,0.0,1400.0,1400.0,1400.0,1.0668534189728027,38.98988912176395,6.244188427791393,0.0,1400.0,1400.0,1400.0,0.30027923969421366,0.21866761268464893,0.4676190893073645,0.0,1400.0,1400.0,1400.0,1.680958510013875,1.023259184752175,1.011562743853378,0.0,1400.0,1400.0,1400.0,0.30707180538727047,0.29745337604258215,0.5453928639454152,0.0,1400.0,1400.0,1400.0,0.30707180538727047,0.29745337604258215,0.5453928639454152,0.0,1400.0,1400.0,1400.0,1.7649879489699798,1.0333743744905457,0.9523909276518613,0.5731272808087504,0.3284748800072323,0.9902114954772732
Oil_Price/B,short,vanilla_univariate,vanilla_univariate,0.4634724408388138,0.0,0.0,measured_candidate_query_loop_precomputed_vanilla_fallback_separate_retrieval,0.0,,,420.0,0.0,3.1658608657563887,135.74641168162654,11.651026207232844,0.0,420.0,420.0,420.0,0.6828490788599484,2.030426799113184,1.424930454132125,0.0,420.0,420.0,420.0,0.7864371691179175,2.5473774447861843,1.5960505771391407,0.0,420.0,420.0,420.0,0.058957276349710784,0.001912908275387634,0.04373680687233161,0.0,420.0,420.0,420.0,0.05858939687451499,0.0018884835965128828,0.04345668644193759,0.0,420.0,420.0,420.0,1.4220399167619129,0.9656327391045836,0.982666138169309,0.0,420.0,420.0,420.0,0.058778754623806356,0.0019315444873346263,0.04394934001022798,0.0,420.0,420.0,420.0,0.058778754623806356,0.0019315444873346263,0.04394934001022798,0.0,420.0,420.0,420.0,1.5496690109476723,1.308977194348269,0.9176410618757163,0.6341135631075033,0.40210001091689357,0.7377002007933114
Oil_Price/B,short,top1-horizon-mix,top1-horizon-mix,,,,assembled_from_candidate_artifacts_no_independent_selected_method_latency,12.0,top1_horizon,0.35308056872037913,420.0,0.02857142857142857,3.73253105323221,270.35226781129376,16.442392399261543,0.0,420.0,420.0,420.0,0.702716217628631,2.390991386096916,1.5462830873086972,0.0,420.0,420.0,420.0,0.8227358482220807,3.0556367772825035,1.7480379793592882,0.0,420.0,420.0,420.0,0.06179165256732103,0.00266263559601615,0.051600732514336944,0.0,420.0,420.0,420.0,0.0621131788894233,0.002988332569236648,0.054665643408238124,0.0,420.0,420.0,420.0,1.4627585690634164,1.0843546661810284,1.0413235165792754,0.0,420.0,420.0,420.0,0.06166513646462109,0.0027071351394649603,0.0520301368388068,0.0,420.0,420.0,420.0,0.06166513646462109,0.0027071351394649603,0.0520301368388068,0.0,420.0,420.0,420.0,1.5496690109476723,1.308977194348269,0.9439167710844864,0.6719651159201232,0.45153711701354465,0.8283984402959146
Job_Claims/W,short,vanilla_univariate,vanilla_univariate,0.016929376870393753,0.0,0.0,measured_candidate_query_loop_precomputed_vanilla_fallback_separate_retrieval,0.0,,,8.0,0.0,1472408115.295476,3.9629527669907164e+18,1990716646.5850222,0.0,8.0,8.0,8.0,25819.680889423078,546133042.1669424,23369.489557261244,0.0,8.0,8.0,8.0,29300.880879658856,613866494.9715178,24776.329328040458,0.0,8.0,8.0,8.0,0.02897254187481807,0.00012011476167850886,0.01095968802833862,0.0,8.0,8.0,8.0,0.02895986432922862,0.00012050512813180345,0.010977482777568064,0.0,8.0,8.0,8.0,4.146792423445997,5.5035734805555,2.345969624815185,0.0,8.0,8.0,8.0,0.028980384875262603,0.00012085686255284833,0.010993491827115183,0.0,8.0,8.0,8.0,0.028980384875262603,0.00012085686255284833,0.010993491827115183,0.0,8.0,8.0,8.0,2.721408984092651,1.8094438105119042,1.5237667133771828,0.8620422871122982,0.743116904769802,3.0415829707353557
Job_Claims/W,short,top1-horizon-mix,top1-horizon-mix,,,,assembled_from_candidate_artifacts_no_independent_selected_method_latency,0.0,top1_horizon,0.5,8.0,0.0,985401642.1662221,1.5812342603381606e+18,1257471375.5541956,0.0,8.0,8.0,8.0,22006.634915865383,287088580.66436255,16943.688520046708,0.0,8.0,8.0,8.0,25435.172351444297,338453649.6185458,18397.109816994238,0.0,8.0,8.0,8.0,0.029569053955811185,0.00018784382017709175,0.013705612725343284,0.0,8.0,8.0,8.0,0.029853223086822193,0.0002004199334217144,0.014156974727028173,0.0,8.0,8.0,8.0,3.8382634035827214,2.544683017370473,1.5952062617011233,0.0,8.0,8.0,8.0,0.029775092105213452,0.0001951487036001607,0.013969563472068864,0.0,8.0,8.0,8.0,0.029775092105213452,0.0001951487036001607,0.013969563472068864,0.0,8.0,8.0,8.0,2.721408984092651,1.8094438105119042,1.4103956538757596,0.5861692494680226,0.34359438902190503,1.4063343678246436
Uncertainty_1M/M,short,vanilla_univariate,vanilla_univariate,0.019427234306931496,0.0,0.0,measured_candidate_query_loop_precomputed_vanilla_fallback_separate_retrieval,0.0,,,21.0,0.0,0.0020881491334825636,6.5408761821171605e-06,0.0025575136719316206,0.0,21.0,21.0,21.0,0.03408136632707384,0.0006380113771490307,0.02525888709244789,0.0,21.0,21.0,21.0,0.03743059221481292,0.000687099899930949,0.026212590484935842,0.0,21.0,21.0,21.0,0.04226615488896818,0.0008999959487818403,0.029999932479621357,0.0,21.0,21.0,21.0,0.04105182377728552,0.0008029484526803424,0.028336345083308512,0.0,21.0,21.0,21.0,0.4150857018112084,0.09057733152940857,0.30096068103559404,0.0,21.0,21.0,21.0,0.041911285949484185,0.0008731006176317354,0.029548276051772213,0.0,21.0,21.0,21.0,0.041911285949484185,0.0008731006176317354,0.029548276051772213,0.0,21.0,21.0,21.0,0.9687122092330922,0.4634703206443205,0.4284922785682886,0.3106812097205401,0.09652281407341821,0.1954328626771336
Uncertainty_1M/M,short,top1-horizon-mix,top1-horizon-mix,,,,assembled_from_candidate_artifacts_no_independent_selected_method_latency,0.0,top1_horizon,0.34782608695652173,21.0,0.0,0.002845357802667837,1.337218509225087e-05,0.003656799843066458,0.0,21.0,21.0,21.0,0.038466009828779436,0.0009134028222209552,0.030222554859259586,0.0,21.0,21.0,21.0,0.04246082452880538,0.0010424361830018358,0.03228678031333933,0.0,21.0,21.0,21.0,0.04725671908306267,0.0013411725156171395,0.036622022276454634,0.0,21.0,21.0,21.0,0.04557094380050403,0.001157282985051509,0.03401886219513388,0.0,21.0,21.0,21.0,0.4612294376998176,0.12975656691988308,0.360217388419664,0.0,21.0,21.0,21.0,0.04674721341026887,0.0012899537204434071,0.03591592572165455,0.0,21.0,21.0,21.0,0.04674721341026887,0.0012899537204434071,0.03591592572165455,0.0,21.0,21.0,21.0,0.9687122092330922,0.4634703206443205,0.4761263802641268,0.3718518100487657,0.13827376863654334,0.27996737037982145
Housing_Inventory/M,short,vanilla_univariate,vanilla_univariate,0.0165419802069664,0.0,0.0,measured_candidate_query_loop_precomputed_vanilla_fallback_separate_retrieval,0.0,,,12.0,0.0,5481882559.140271,1.9223561478366396e+20,13864905869.989307,0.0,12.0,12.0,12.0,30275.87769940164,3768971359.585705,61391.94865440993,0.0,12.0,12.0,12.0,33075.91555109983,4387866369.596784,66240.97198559804,0.0,12.0,12.0,12.0,0.06936359858208149,0.007367149635675328,0.08583210142875058,0.0,12.0,12.0,12.0,0.06580518749661188,0.005552820329500953,0.07451724853683846,0.0,12.0,12.0,12.0,0.5280441169302251,0.09959870743503756,0.31559262893014084,0.0,12.0,12.0,12.0,0.06936614569553343,0.007443252718053832,0.08627428769948688,0.0,12.0,12.0,12.0,0.06936614569553343,0.007443252718053832,0.08627428769948688,0.0,12.0,12.0,12.0,0.6840076077319015,0.15831152058175027,0.7719857366516212,0.46138760060960926,0.2128785179962923,0.6291311401030092
Housing_Inventory/M,short,top1-horizon-mix,top1-horizon-mix,,,,assembled_from_candidate_artifacts_no_independent_selected_method_latency,0.0,top1_horizon,0.5,12.0,0.0,3973682229.7260346,6.7978325170189e+19,8244896916.892837,0.0,12.0,12.0,12.0,29129.9961268372,2578599642.0538573,50779.91376571899,0.0,12.0,12.0,12.0,31757.664809970767,2965132955.5435796,54453.03440161604,0.0,12.0,12.0,12.0,0.06110885608083286,0.0025254003489932632,0.05025336156908573,0.0,12.0,12.0,12.0,0.06333531561425441,0.002809798165074996,0.05300752932437991,0.0,12.0,12.0,12.0,0.5636707661782571,0.06172884110069448,0.248452895134459,0.0,12.0,12.0,12.0,0.06123402486702268,0.002578305981107751,0.05077702217645055,0.0,12.0,12.0,12.0,0.06123402486702268,0.002578305981107751,0.05077702217645055,0.0,12.0,12.0,12.0,0.6840076077319015,0.15831152058175027,0.8240709018534619,0.3632311867967421,0.13193689506176975,0.38992008208788825
JOLTS/M,short,vanilla_univariate,vanilla_univariate,0.017188958823680878,0.0,0.0,measured_candidate_query_loop_precomputed_vanilla_fallback_separate_retrieval,0.0,,,30.0,0.0,420672.39178786793,1533537640213.4075,1238360.8683309592,0.0,30.0,30.0,30.0,347.0063452826606,146665.5937846129,382.96944236402584,0.0,30.0,30.0,30.0,419.17835934612475,244961.89484375904,494.9362533132515,0.0,30.0,30.0,30.0,0.08196744387232066,0.002177319535726275,0.04666175667210007,0.0,30.0,30.0,30.0,0.08092489491509897,0.0022797358321685435,0.047746579271907466,0.0,30.0,30.0,30.0,1.0554442345222514,0.4012982953487707,0.63348109312652,0.0,30.0,30.0,30.0,0.08162143771577575,0.0022960018697382955,0.04791661371318194,0.0,30.0,30.0,30.0,0.08162143771577575,0.0022960018697382955,0.04791661371318194,0.0,30.0,30.0,30.0,1.68559441428069,0.8877843622848538,0.6261555126074925,0.3758205934710881,0.14124111847696086,0.4520222617077484
JOLTS/M,short,top1-horizon-mix,top1-horizon-mix,,,,assembled_from_candidate_artifacts_no_independent_selected_method_latency,0.0,top1_horizon,0.46875,30.0,0.0,532360.433621328,1918126144023.4148,1384964.3114620012,0.0,30.0,30.0,30.0,397.7633981492784,186327.09502125307,431.65622319300934,0.0,30.0,30.0,30.0,480.5443234721269,301437.58680004376,549.0333203003655,0.0,30.0,30.0,30.0,0.09226584109350608,0.0030020705956794805,0.05479115435615023,0.0,30.0,30.0,30.0,0.09103541640388006,0.0029837117862045125,0.05462336300709169,0.0,30.0,30.0,30.0,1.2107148622686248,0.5879445290663611,0.7667754097950462,0.0,30.0,30.0,30.0,0.09152911074414492,0.003030346355354694,0.055048581774235515,0.0,30.0,30.0,30.0,0.09152911074414492,0.003030346355354694,0.055048581774235515,0.0,30.0,30.0,30.0,1.68559441428069,0.8877843622848538,0.7182717574353643,0.4548991164771151,0.20693320617165994,0.662260515102105
US_Labor/M,short,vanilla_univariate,vanilla_univariate,0.049350399523973465,0.0,0.0,measured_candidate_query_loop_precomputed_vanilla_fallback_separate_retrieval,0.0,,,70.0,0.0,761910.2891620336,4918037134153.502,2217664.793009417,0.0,70.0,70.0,70.0,392.4605100407487,489233.78240784525,699.4524875985825,0.0,70.0,70.0,70.0,438.02439851338886,570044.9154690173,755.013188937132,0.0,70.0,70.0,70.0,0.07247639714276792,0.012996942308628773,0.1140041328576678,0.0,70.0,70.0,70.0,0.06868342742540598,0.0103810485378668,0.10188743071579928,0.0,70.0,70.0,70.0,0.9463635926579014,0.9329902464258639,0.9659142024144091,0.0,70.0,70.0,70.0,0.07125312678879617,0.012210014446659905,0.11049893414264186,0.0,70.0,70.0,70.0,0.07125312678879617,0.012210014446659905,0.11049893414264186,0.0,70.0,70.0,70.0,1.7726043654315742,2.936809552255237,0.5338831445490044,0.5449124583303386,0.29692958724361307,0.3176883723050415
US_Labor/M,short,top1-horizon-mix,top1-horizon-mix,,,,assembled_from_candidate_artifacts_no_independent_selected_method_latency,0.0,top1_horizon,0.3194444444444444,70.0,0.0,1498612.2111739453,44025645658694.8,6635182.41337002,0.0,70.0,70.0,70.0,488.7860185608979,994097.3748349329,997.0443193935428,0.0,70.0,70.0,70.0,555.5957137955123,1189925.6139860004,1090.8371161571283,0.0,70.0,70.0,70.0,0.11524624999533174,0.04412962280824546,0.21007051865563015,0.0,70.0,70.0,70.0,0.10340665226391264,0.030679731352796356,0.17515630548968644,0.0,70.0,70.0,70.0,1.4098542390422104,3.615887162090871,1.9015486220685682,0.0,70.0,70.0,70.0,0.1128860685371567,0.040615491252072186,0.20153285402651397,0.0,70.0,70.0,70.0,0.1128860685371567,0.040615491252072186,0.20153285402651397,0.0,70.0,70.0,70.0,1.7726043654315742,2.936809552255237,0.7953575352382452,1.0727428292243881,1.150777177652345,1.2312297061667332
Vehicle_Supply/M,short,vanilla_univariate,vanilla_univariate,0.01752961240708828,0.0,0.0,measured_candidate_query_loop_precomputed_vanilla_fallback_separate_retrieval,0.0,,,30.0,0.0,2397.0628049497664,62892811.73760572,7930.498832835531,0.0,30.0,30.0,30.0,22.197684844086563,1089.742239451004,33.011244136672644,0.0,30.0,30.0,30.0,26.82370896167515,1677.5514424891148,40.95792282927828,0.0,30.0,30.0,30.0,0.24361770564880972,0.028059885890226465,0.1675108530520529,0.0,30.0,30.0,30.0,0.24288932920411319,0.02951256477085924,0.17179221394131702,0.0,30.0,30.0,30.0,0.8110848101719922,0.3833260252804347,0.6191332855536316,0.0,30.0,30.0,30.0,0.22705990494382386,0.019781325517017233,0.1406461002552763,0.0,30.0,30.0,30.0,0.22705990494382386,0.019781325517017233,0.1406461002552763,0.0,30.0,30.0,30.0,1.1123545370322176,0.6181637851735725,0.7291603379763986,0.5565970784867661,0.3098003077800032,0.6201043064546423
Vehicle_Supply/M,short,top1-horizon-mix,top1-horizon-mix,,,,assembled_from_candidate_artifacts_no_independent_selected_method_latency,0.0,top1_horizon,0.1875,30.0,0.0,2343.6670783298296,59984438.38525448,7744.9621293621885,0.0,30.0,30.0,30.0,22.878598146388928,1162.0118428319004,34.08829480675002,0.0,30.0,30.0,30.0,27.117686453349062,1608.2981597476785,40.10359285335515,0.0,30.0,30.0,30.0,0.25125448266487443,0.02918577702944274,0.17083845301758835,0.0,30.0,30.0,30.0,0.24348154602550925,0.025369318001202228,0.15927748742745232,0.0,30.0,30.0,30.0,0.8794882975850199,0.5387308256907881,0.7339828510876723,0.0,30.0,30.0,30.0,0.2369518097028336,0.02170766229872765,0.1473352038676692,0.0,30.0,30.0,30.0,0.2369518097028336,0.02170766229872765,0.1473352038676692,0.0,30.0,30.0,30.0,1.1123545370322176,0.6181637851735725,0.7906546593782148,0.659846143160392,0.4353969326436446,0.871501758291323
Auto_Production_SF/M,short,vanilla_univariate,vanilla_univariate,0.01594926230609417,0.0,0.0,measured_candidate_query_loop_precomputed_vanilla_fallback_separate_retrieval,0.0,,,5.0,0.0,26.3340193914269,59.86982153243904,7.737559145650458,0.0,5.0,5.0,5.0,4.089332326253255,0.6891971996818188,0.8301790166475053,0.0,5.0,5.0,5.0,5.05987522713225,0.7316820772802614,0.8553841694117686,0.0,5.0,5.0,5.0,0.041711810677266384,7.042307768668582e-05,0.008391845904607986,0.0,5.0,5.0,5.0,0.04140710859092778,6.90176152871124e-05,0.008307684110936839,0.0,5.0,5.0,5.0,1.0324059356330573,0.048479902987186275,0.2201815228105807,0.0,5.0,5.0,5.0,0.04100070720144536,6.83013187546871e-05,0.008264461189617088,0.0,5.0,5.0,5.0,0.04100070720144536,6.83013187546871e-05,0.008264461189617088,0.0,5.0,5.0,5.0,0.9634651517903213,0.1698127796753019,1.0715550362300386,0.22853086320915397,0.052226355439121054,0.2854903092681507
Auto_Production_SF/M,short,top1-horizon-mix,top1-horizon-mix,,,,assembled_from_candidate_artifacts_no_independent_selected_method_latency,0.0,top1_horizon,0.8571428571428571,5.0,0.0,12.963487832566411,38.39892554553184,6.196686658653303,0.0,5.0,5.0,5.0,2.834867604573568,0.9009343086052105,0.949175594189616,0.0,5.0,5.0,5.0,3.443878150721121,1.1031911155520855,1.0503290510845091,0.0,5.0,5.0,5.0,0.02915682148429861,9.686096473648078e-05,0.009841796824588526,0.0,5.0,5.0,5.0,0.028939920848589394,9.510998839512521e-05,0.00975243499825173,0.0,5.0,5.0,5.0,0.7157424830209375,0.058528377759473796,0.2419263891341203,0.0,5.0,5.0,5.0,0.028443246995152105,9.13961533270389e-05,0.009560133541276444,0.0,5.0,5.0,5.0,0.028443246995152105,9.13961533270389e-05,0.009560133541276444,0.0,5.0,5.0,5.0,0.9634651517903213,0.1698127796753019,0.7428836234408033,0.25110030049822774,0.06305136091030027,0.34466415231754405
Commodity_Production/M,short,vanilla_univariate,vanilla_univariate,0.09332159161567688,0.0,0.0,measured_candidate_query_loop_precomputed_vanilla_fallback_separate_retrieval,0.0,,,160.0,0.0,61141.706563867,146126315944.2519,382264.7197221474,0.0,160.0,160.0,160.0,67.71337943834467,44546.59551605892,211.06064416669187,0.0,160.0,160.0,160.0,78.44782707768823,54987.64499065614,234.49444554329244,0.0,160.0,160.0,160.0,0.21401086179179937,0.2686283477683703,0.5182936887213371,0.0,160.0,160.0,160.0,0.1661381206652446,0.023370199021892784,0.1528731468306085,0.0,160.0,160.0,160.0,0.9385643443199687,0.32351660938914684,0.5687852049668195,0.0,160.0,160.0,160.0,0.15968064966342496,0.0202110207783264,0.142165469711623,0.0,160.0,160.0,160.0,0.15968064966342496,0.0202110207783264,0.142165469711623,0.0,160.0,160.0,160.0,1.220088634016739,0.5329512558073002,0.7692591490095728,0.4661835124996469,0.2173270673265084,0.6070285150169927
Commodity_Production/M,short,top1-horizon-mix,top1-horizon-mix,,,,assembled_from_candidate_artifacts_no_independent_selected_method_latency,0.0,top1_horizon,0.32098765432098764,160.0,0.0,59712.77765026853,120728143271.79912,347459.55631094554,0.0,160.0,160.0,160.0,68.44736575490582,41811.681413896345,204.47904883849677,0.0,160.0,160.0,160.0,80.01182804249636,53310.88502356653,230.8915005442308,0.0,160.0,160.0,160.0,0.21544485692793103,0.24938888370323298,0.4993885097829474,0.0,160.0,160.0,160.0,0.16656096031989837,0.022162508753122125,0.14887077870798596,0.0,160.0,160.0,160.0,0.9511044569614622,0.33813677800144276,0.5814952949091186,0.0,160.0,160.0,160.0,0.16291868628828773,0.021964851216372715,0.14820543585298318,0.0,160.0,160.0,160.0,0.16291868628828773,0.021964851216372715,0.14820543585298318,0.0,160.0,160.0,160.0,1.220088634016739,0.5329512558073002,0.7795371831555096,0.476600862180592,0.22714838183128366,0.6344609836583316
Commodity_Import/M,short,vanilla_univariate,vanilla_univariate,0.040200287476181984,0.0,0.0,measured_candidate_query_loop_precomputed_vanilla_fallback_separate_retrieval,0.0,,,40.0,0.0,1702244.8149518755,34578470215569.383,5880346.096580488,0.0,40.0,40.0,40.0,527.9194751729568,956940.3596978681,978.2332849059411,0.0,40.0,40.0,40.0,630.6832558160352,1304483.445785161,1142.1398538642984,0.0,40.0,40.0,40.0,0.3500868829830016,0.29969661282115295,0.5474455341138084,0.0,40.0,40.0,40.0,0.23936795517412607,0.042574032718277324,0.2063347588708149,0.0,40.0,40.0,40.0,1.5321493241893407,2.9317838543401478,1.7122452669930637,0.0,40.0,40.0,40.0,0.2730571567320216,0.11194548243330135,0.3345825495050532,0.0,40.0,40.0,40.0,0.2730571567320216,0.11194548243330135,0.3345825495050532,0.0,40.0,40.0,40.0,1.8336477254740147,4.658598925947419,0.8355745233415901,0.9337918310074704,0.8719671836562842,0.6293273795283656
Commodity_Import/M,short,top1-horizon-mix,top1-horizon-mix,,,,assembled_from_candidate_artifacts_no_independent_selected_method_latency,0.0,top1_horizon,0.19047619047619047,40.0,0.0,1283496.6421371263,13746999606502.232,3707694.6484982055,0.0,40.0,40.0,40.0,478.0958031862974,616218.5144000318,784.9958690337369,0.0,40.0,40.0,40.0,582.9918418904415,943617.154426317,971.3995853542027,0.0,40.0,40.0,40.0,0.33296451600773375,0.27009803500306334,0.5197095679348835,0.0,40.0,40.0,40.0,0.226558070445531,0.0381735726237841,0.19538058405016628,0.0,40.0,40.0,40.0,1.469557616792566,2.8005995973363675,1.673499207450176,0.0,40.0,40.0,40.0,0.25683826060306686,0.08806127670948308,0.2967512033833782,0.0,40.0,40.0,40.0,0.25683826060306686,0.08806127670948308,0.2967512033833782,0.0,40.0,40.0,40.0,1.8336477254740147,4.658598925947419,0.801439445743414,0.9126612403249709,0.8329505395915144,0.6011677849616148
WUI_Global/Q,short,vanilla_univariate,vanilla_univariate,0.049931684508919716,0.0,0.0,measured_candidate_query_loop_precomputed_vanilla_fallback_separate_retrieval,0.0,,,75.0,0.0,0.04857574085307379,0.005807718641558635,0.0762083895746304,0.0,75.0,75.0,75.0,0.14910565792272487,0.012254724159109796,0.11070105762416996,0.0,75.0,75.0,75.0,0.17693357309792682,0.017270251563874385,0.1314163291371144,0.0,75.0,75.0,75.0,0.5773365954903616,0.15595338280558438,0.39490933491826247,0.0,75.0,75.0,75.0,0.6599633743975549,0.13856112510949598,0.37223799525236,0.0,75.0,75.0,75.0,0.9984850204930568,0.5541302309513478,0.7443992416380795,0.0,75.0,75.0,75.0,0.6986482218096487,1.1517152122276075,1.0731799533291737,0.0,75.0,75.0,75.0,0.6986482218096487,1.1517152122276075,1.0731799533291737,0.0,75.0,75.0,75.0,1.2752554228759418,0.6093761678421035,0.7829686528533119,0.5837256037377349,0.340735580458983,0.9093401747456088
WUI_Global/Q,short,top1-horizon-mix,top1-horizon-mix,,,,assembled_from_candidate_artifacts_no_independent_selected_method_latency,0.0,top1_horizon,0.2727272727272727,75.0,0.0,0.06355420130108622,0.010102066686639086,0.10050903783560504,0.0,75.0,75.0,75.0,0.1731998954899609,0.01657283613087431,0.12873552785021822,0.0,75.0,75.0,75.0,0.2028673610962719,0.022399035102921044,0.1496630719413478,0.0,75.0,75.0,75.0,0.7198878364656583,0.30060481697031866,0.548274399338797,0.0,75.0,75.0,75.0,0.7321061164937331,0.15882907874774,0.3985336607461658,0.0,75.0,75.0,75.0,1.1726829328917752,0.780824905054127,0.8836429737479539,0.0,75.0,75.0,75.0,0.8371218376238652,1.6572286625535209,1.2873339359131029,0.0,75.0,75.0,75.0,0.8371218376238652,1.6572286625535209,1.2873339359131029,0.0,75.0,75.0,75.0,1.2752554228759418,0.6093761678421035,0.9195671015043823,0.6929145000263336,0.4801305043467438,1.2813512346883378
Global_Price/Q,short,vanilla_univariate,vanilla_univariate,0.16447251476347446,0.0,0.0,measured_candidate_query_loop_precomputed_vanilla_fallback_separate_retrieval,0.0,,,300.0,0.0,1713971.9928864609,115594668845145.14,10751496.121244946,0.0,300.0,300.0,300.0,304.08169238666693,1293386.7423768728,1137.2716220748994,0.0,300.0,300.0,300.0,341.7312569615942,1597191.7409019098,1263.800514678606,0.0,300.0,300.0,300.0,0.1792991114968234,0.02585085136236727,0.1607819994973544,0.0,300.0,300.0,300.0,0.19047991232431125,0.03187126634112115,0.17852525407101694,0.0,300.0,300.0,300.0,1.568476814976055,3.5967816926180363,1.8965183080102435,0.0,300.0,300.0,300.0,0.17991196594822922,0.024014060242689445,0.15496470644211038,0.0,300.0,300.0,300.0,0.17991196594822922,0.024014060242689445,0.15496470644211038,0.0,300.0,300.0,300.0,1.8604859355497676,3.4498076767502495,0.8430468540535219,1.0193671834717892,1.0391094547392083,1.042603538990973
Global_Price/Q,short,top1-horizon-mix,top1-horizon-mix,,,,assembled_from_candidate_artifacts_no_independent_selected_method_latency,0.0,top1_horizon,0.2980132450331126,300.0,0.0,2329813.9900965705,187311845710614.22,13686191.789925138,0.0,300.0,300.0,300.0,379.59879801243545,1857902.5753197542,1363.0489996033723,0.0,300.0,300.0,300.0,416.16024308163935,2156624.6421748013,1468.5450766574384,0.0,300.0,300.0,300.0,0.21865120223650658,0.04764960667816144,0.21828789860677444,0.0,300.0,300.0,300.0,0.2243889249284478,0.04824141927363932,0.2196392935556826,0.0,300.0,300.0,300.0,1.849323278274917,4.37365815452065,2.0913292793151084,0.0,300.0,300.0,300.0,0.21785767987925478,0.044388121774022446,0.21068488738877889,0.0,300.0,300.0,300.0,0.21785767987925478,0.044388121774022446,0.21068488738877889,0.0,300.0,300.0,300.0,1.8604859355497676,3.4498076767502495,0.994000138855362,1.1240769088088416,1.2635488969172406,1.2677976757941116
Vehicle_Sales/M,short,vanilla_univariate,vanilla_univariate,0.03604905679821968,0.0,0.0,measured_candidate_query_loop_precomputed_vanilla_fallback_separate_retrieval,0.0,,,50.0,0.0,1736.5519566021906,47431053.29077176,6887.020639635964,0.0,50.0,50.0,50.0,10.760528331597648,1140.4591604844777,33.7706849276777,0.0,50.0,50.0,50.0,12.664150801527903,1576.1712410783505,39.70102317419981,0.0,50.0,50.0,50.0,0.08231239726553272,0.002943979392852315,0.054258449967284496,0.0,50.0,50.0,50.0,0.08211117621661748,0.002669823933134463,0.05167033900734988,0.0,50.0,50.0,50.0,0.7724283399332624,0.2935391660574504,0.5417925489128199,0.0,50.0,50.0,50.0,0.0823783086199688,0.0028475386627476985,0.05336233374532732,0.0,50.0,50.0,50.0,0.0823783086199688,0.0028475386627476985,0.05336233374532732,0.0,50.0,50.0,50.0,1.3003774304433904,0.8704781233070326,0.5940031884972712,0.41664253487395936,0.17359100186619844,0.33721601749423186
Vehicle_Sales/M,short,top1-horizon-mix,top1-horizon-mix,,,,assembled_from_candidate_artifacts_no_independent_selected_method_latency,0.0,top1_horizon,0.38461538461538464,50.0,0.0,4477.872830249351,688656852.3170693,26242.272239977035,0.0,50.0,50.0,50.0,12.756417737056811,1933.6254968131332,43.97300873050573,0.0,50.0,50.0,50.0,17.000781745105158,4188.846250304649,64.72129672916519,0.0,50.0,50.0,50.0,0.10948898259731696,0.005513995197756132,0.07425628052734752,0.0,50.0,50.0,50.0,0.11298503236775664,0.006411218742472298,0.08007008643977036,0.0,50.0,50.0,50.0,1.0911053549068452,0.6855036981507516,0.8279515071251163,0.0,50.0,50.0,50.0,0.11082700777420136,0.005583290057152884,0.07472141632191459,0.0,50.0,50.0,50.0,0.11082700777420136,0.005583290057152884,0.07472141632191459,0.0,50.0,50.0,50.0,1.3003774304433904,0.8704781233070326,0.8390682038635586,0.6367009206264133,0.40538806232652225,0.787502499829008
Online_Retail_2_UCI/D,short,vanilla_univariate,vanilla_univariate,0.016269875690340996,0.0,0.0,measured_candidate_query_loop_precomputed_vanilla_fallback_separate_retrieval,0.0,,,6.0,0.0,314035391.6254831,9.704472665093222e+16,311520026.08328766,0.0,6.0,6.0,6.0,10246.287516276041,11151982.946545392,3339.4584810333236,0.0,6.0,6.0,6.0,16013.371609913565,57607321.308297314,7589.948702613036,0.0,6.0,6.0,6.0,0.2655223021669263,0.00203388949759427,0.045098664033364336,0.0,6.0,6.0,6.0,0.5281324901417711,0.0040334709139812144,0.06350961276831417,0.0,6.0,6.0,6.0,0.6195295273705109,0.0379748628515638,0.19487140080464294,0.0,6.0,6.0,6.0,0.2985858327672311,0.0017273098652909272,0.04156091752224591,0.0,6.0,6.0,6.0,0.2985858327672311,0.0017273098652909272,0.04156091752224591,0.0,6.0,6.0,6.0,1.6232577008686375,0.7074258093720319,0.381658147710612,0.12004957727929667,0.014411901004937826,0.05368034689782288
Online_Retail_2_UCI/D,short,top1-horizon-mix,top1-horizon-mix,,,,assembled_from_candidate_artifacts_no_independent_selected_method_latency,0.0,top1_horizon,0.125,6.0,0.0,317642643.1371329,1.0074395569082581e+17,317401883.5653402,0.0,6.0,6.0,6.0,10295.170319281684,10281488.563305406,3206.476035043051,0.0,6.0,6.0,6.0,16159.861536776398,56501518.24934762,7516.749180952336,0.0,6.0,6.0,6.0,0.27637595795820386,0.0030144235344926034,0.05490376612303206,0.0,6.0,6.0,6.0,0.5329790071715063,0.003823761837514461,0.061836573623661115,0.0,6.0,6.0,6.0,0.6223998532732181,0.034738613493015685,0.18638297533040857,0.0,6.0,6.0,6.0,0.3003739414400311,0.0013801236207698743,0.03715001508438286,0.0,6.0,6.0,6.0,0.3003739414400311,0.0013801236207698743,0.03715001508438286,0.0,6.0,6.0,6.0,1.6232577008686375,0.7074258093720319,0.38342639800209144,0.11482032411161291,0.013183706829095837,0.04910566314205086
Supply_Chain_Customer/D,short,vanilla_univariate,vanilla_univariate,0.47438565269112587,0.0,0.0,measured_candidate_query_loop_precomputed_vanilla_fallback_separate_retrieval,0.0,,,432.0,0.0,32848612.097134132,2.695591913362648e+16,164182578.65445554,0.0,432.0,432.0,432.0,1710.8664792859997,13649711.936568,3694.5516556908497,0.0,432.0,432.0,432.0,2393.5512396031354,27119524.560528424,5207.640978459289,0.0,432.0,432.0,432.0,0.43128277517805325,0.06649811833871123,0.2578722907539917,0.0,432.0,432.0,432.0,0.42051333854588835,0.038356119537284836,0.19584718414438548,0.0,432.0,432.0,432.0,0.6131470452098579,0.056307616714307285,0.23729226012305435,0.0,432.0,432.0,432.0,0.3629746912002759,0.021388487205960732,0.14624803316954635,0.0,432.0,432.0,432.0,0.3629746912002759,0.021388487205960732,0.14624803316954635,0.0,432.0,432.0,432.0,1.5244040426120686,0.7613944839464535,0.4022208207734935,0.15566231359269667,0.024230755873031033,0.0739532763915679
Supply_Chain_Customer/D,short,top1-horizon-mix,top1-horizon-mix,,,,assembled_from_candidate_artifacts_no_independent_selected_method_latency,0.0,top1_horizon,0.10368663594470046,432.0,0.0,32098236.408340994,2.5426920876495228e+16,159458210.43927222,0.0,432.0,432.0,432.0,1695.256603757614,13397159.699402902,3660.2130674870423,0.0,432.0,432.0,432.0,2372.529439998675,26469340.464680567,5144.836291339168,0.0,432.0,432.0,432.0,0.42941403979480436,0.06560079210616226,0.2561265158201358,0.0,432.0,432.0,432.0,0.4167677366363071,0.038131264780031725,0.19527228369646246,0.0,432.0,432.0,432.0,0.6075167777674466,0.0542083054027317,0.2328267712328883,0.0,432.0,432.0,432.0,0.3602128382013639,0.021288959346899335,0.14590736563621226,0.0,432.0,432.0,432.0,0.3602128382013639,0.021288959346899335,0.14590736563621226,0.0,432.0,432.0,432.0,1.5244040426120686,0.7613944839464535,0.3985273987639561,0.15273297939694472,0.023327362995467532,0.07119608369338279
Supply_Chain_Location/D,short,vanilla_univariate,vanilla_univariate,0.6737266015261412,0.0,0.0,measured_candidate_query_loop_precomputed_vanilla_fallback_separate_retrieval,0.0,,,612.0,0.0,21468139.975110214,3321808428996432.5,57635131.89883782,0.0,612.0,612.0,612.0,1791.9018099986388,8740284.87538894,2956.39727969516,0.0,612.0,612.0,612.0,2409.5008407370233,15662445.673597794,3957.580785479659,0.0,612.0,612.0,612.0,0.5008940026433495,0.05296787550222281,0.23014750813819995,0.0,612.0,612.0,612.0,0.4225154608481618,0.015358849684324539,0.12393082620689874,0.0,612.0,612.0,612.0,0.6500187660270202,0.05996015247229917,0.24486762234378634,0.0,612.0,612.0,612.0,0.38068952325121436,0.01122912847533874,0.10596758219068103,0.0,612.0,612.0,612.0,0.38068952325121436,0.01122912847533874,0.10596758219068103,0.0,612.0,612.0,612.0,1.4264456517338167,0.5773547972858538,0.4556912247143347,0.17166277736985952,0.029468109134333953,0.10385321600196618
Supply_Chain_Location/D,short,top1-horizon-mix,top1-horizon-mix,,,,assembled_from_candidate_artifacts_no_independent_selected_method_latency,0.0,top1_horizon,0.0732899022801303,612.0,0.0,21383632.707903676,3350351428977327.5,57882220.31830955,0.0,612.0,612.0,612.0,1787.4260015582206,8766280.61792958,2960.7905393542414,0.0,612.0,612.0,612.0,2399.4766220099,15626144.648331637,3952.991860392788,0.0,612.0,612.0,612.0,0.5000995376309488,0.05340476107599684,0.23109470153163797,0.0,612.0,612.0,612.0,0.41998683764226225,0.015137215364172537,0.12303339125689634,0.0,612.0,612.0,612.0,0.6476501607612064,0.060604460729067895,0.24617973257168815,0.0,612.0,612.0,612.0,0.37889196285862237,0.011240374913227682,0.10602063437476537,0.0,612.0,612.0,612.0,0.37889196285862237,0.011240374913227682,0.10602063437476537,0.0,612.0,612.0,612.0,1.4264456517338167,0.5773547972858538,0.45403073013963086,0.17258262330041213,0.029784761865251957,0.10496918188602503
azure2019_U/5T,short,vanilla_univariate,vanilla_univariate,1.3539364822208881,0.0,0.0,measured_candidate_query_loop_precomputed_vanilla_fallback_separate_retrieval,0.0,,,1404.0,0.0,71.66633843030867,95270.58788527382,308.6593395400078,0.0,1404.0,1404.0,1404.0,2.6217746966292816,39.94898135852943,6.320520655652462,0.0,1404.0,1404.0,1404.0,3.561675923590568,58.98080304562396,7.679896030912395,0.0,1404.0,1404.0,1404.0,0.40582478826662327,8.95935539960439,2.993218234543614,0.0,1404.0,1404.0,1404.0,0.20470792353059197,0.05016887493850869,0.22398409528024235,0.0,1404.0,1404.0,1404.0,0.7729739695312635,1.00251795117301,1.0012581840729242,0.0,1404.0,1404.0,1404.0,0.21844097618936803,0.06611565741463368,0.2571296509829889,0.0,1404.0,1404.0,1404.0,0.21844097618936803,0.06611565741463368,0.2571296509829889,0.0,1404.0,1404.0,1404.0,1.1130542641708217,1.2257899723905192,0.6944620710896754,0.8995591826053685,0.8092067230096388,0.8178545866368224
azure2019_U/5T,short,top1-horizon-mix,top1-horizon-mix,,,,assembled_from_candidate_artifacts_no_independent_selected_method_latency,0.0,top1_horizon,0.0,1404.0,0.0,71.66633843030867,95270.58788527382,308.6593395400078,0.0,1404.0,1404.0,1404.0,2.6217746966292816,39.94898135852943,6.320520655652462,0.0,1404.0,1404.0,1404.0,3.561675923590568,58.98080304562396,7.679896030912395,0.0,1404.0,1404.0,1404.0,0.40582478826662327,8.95935539960439,2.993218234543614,0.0,1404.0,1404.0,1404.0,0.20470792353059197,0.05016887493850869,0.22398409528024235,0.0,1404.0,1404.0,1404.0,0.7729739695312635,1.00251795117301,1.0012581840729242,0.0,1404.0,1404.0,1404.0,0.21844097618936803,0.06611565741463368,0.2571296509829889,0.0,1404.0,1404.0,1404.0,0.21844097618936803,0.06611565741463368,0.2571296509829889,0.0,1404.0,1404.0,1404.0,1.1130542641708217,1.2257899723905192,0.6944620710896754,0.8995591826053685,0.8092067230096388,0.8178545866368224
Smart_Manufacturing/H,short,vanilla_univariate,vanilla_univariate,2.2822814397513866,0.0,0.0,measured_candidate_query_loop_precomputed_vanilla_fallback_separate_retrieval,0.0,,,2380.0,0.0,79.16818244582817,6267.956560400617,79.17042730970078,0.0,2380.0,2380.0,2380.0,5.750882065382654,19.016741598698587,4.360818913770507,0.0,2380.0,2380.0,2380.0,7.101286036371468,28.739919075463767,5.360962513902122,0.0,2380.0,2380.0,2380.0,0.3446202837138888,7.910416185995385,2.812546210463996,0.0,2380.0,2380.0,2380.0,0.2263764829427266,0.010629292761076903,0.10309846148743881,0.0,2380.0,2380.0,2380.0,0.7166630904284058,0.01654023215224657,0.1286088338810619,0.0,2380.0,2380.0,2380.0,0.21857251175494954,0.009531672944292894,0.09763028702350973,0.0,2380.0,2380.0,2380.0,0.21857251175494954,0.009531672944292894,0.09763028702350973,0.0,2380.0,2380.0,2380.0,0.9987212256449988,0.03817606606400739,0.7175807142434237,0.12877350613831517,0.01658261588315469,0.43326182756794823
Smart_Manufacturing/H,short,top1-horizon-mix,top1-horizon-mix,,,,assembled_from_candidate_artifacts_no_independent_selected_method_latency,0.0,top1_horizon,0.0,2380.0,0.0,79.16818244582817,6267.956560400617,79.17042730970078,0.0,2380.0,2380.0,2380.0,5.750882065382654,19.016741598698587,4.360818913770507,0.0,2380.0,2380.0,2380.0,7.101286036371468,28.739919075463767,5.360962513902122,0.0,2380.0,2380.0,2380.0,0.3446202837138888,7.910416185995385,2.812546210463996,0.0,2380.0,2380.0,2380.0,0.2263764829427266,0.010629292761076903,0.10309846148743881,0.0,2380.0,2380.0,2380.0,0.7166630904284058,0.01654023215224657,0.1286088338810619,0.0,2380.0,2380.0,2380.0,0.21857251175494954,0.009531672944292894,0.09763028702350973,0.0,2380.0,2380.0,2380.0,0.21857251175494954,0.009531672944292894,0.09763028702350973,0.0,2380.0,2380.0,2380.0,0.9987212256449988,0.03817606606400739,0.7175807142434237,0.12877350613831517,0.01658261588315469,0.43326182756794823
Smart_Manufacturing/H,medium,vanilla_univariate,vanilla_univariate,4.782566925510764,0.0,0.0,measured_candidate_query_loop_precomputed_vanilla_fallback_separate_retrieval,0.0,,,340.0,0.0,78.68150661051773,5128.07982086799,71.6106124877311,0.0,340.0,340.0,340.0,5.73462231957,17.5620776814972,4.190713266437731,0.0,340.0,340.0,340.0,7.163304678200498,27.36857269778861,5.231498131299352,0.0,340.0,340.0,340.0,0.34614349357935686,1.373978228036445,1.1721681739564698,0.0,340.0,340.0,340.0,0.22588728008841907,0.008442276345725728,0.09188186080900695,0.0,340.0,340.0,340.0,0.7140192443571027,0.0028906793900687084,0.05376503873400175,0.0,340.0,340.0,340.0,0.21624715634374606,0.007108767371455978,0.08431350645926178,0.0,340.0,340.0,340.0,0.21624715634374606,0.007108767371455978,0.08431350645926178,0.0,340.0,340.0,340.0,1.0059162251273246,0.01326920601468509,0.7098197906756353,0.05344882346161222,0.002856776729430589,0.21784870827007888
Smart_Manufacturing/H,medium,top1-horizon-mix,top1-horizon-mix,,,,assembled_from_candidate_artifacts_no_independent_selected_method_latency,0.0,top1_horizon,0.0,340.0,0.0,78.68150661051773,5128.07982086799,71.6106124877311,0.0,340.0,340.0,340.0,5.73462231957,17.5620776814972,4.190713266437731,0.0,340.0,340.0,340.0,7.163304678200498,27.36857269778861,5.231498131299352,0.0,340.0,340.0,340.0,0.34614349357935686,1.373978228036445,1.1721681739564698,0.0,340.0,340.0,340.0,0.22588728008841907,0.008442276345725728,0.09188186080900695,0.0,340.0,340.0,340.0,0.7140192443571027,0.0028906793900687084,0.05376503873400175,0.0,340.0,340.0,340.0,0.21624715634374606,0.007108767371455978,0.08431350645926178,0.0,340.0,340.0,340.0,0.21624715634374606,0.007108767371455978,0.08431350645926178,0.0,340.0,340.0,340.0,1.0059162251273246,0.01326920601468509,0.7098197906756353,0.05344882346161222,0.002856776729430589,0.21784870827007888
Smart_Manufacturing/H,long,vanilla_univariate,vanilla_univariate,5.421562515199184,0.0,0.0,measured_candidate_query_loop_precomputed_vanilla_fallback_separate_retrieval,0.0,,,170.0,0.0,78.74989163650326,5038.927080439973,70.98540047390007,0.0,170.0,170.0,170.0,5.734937808318057,17.437476612841287,4.175820471816442,0.0,170.0,170.0,170.0,7.174905953776311,27.27061619096851,5.222127554069176,0.0,170.0,170.0,170.0,0.34929795020415244,0.7462634943573524,0.863865437644864,0.0,170.0,170.0,170.0,0.22588396067116392,0.008274256544733037,0.09096294050179467,0.0,170.0,170.0,170.0,0.7137246909378747,0.0016086659726193993,0.040108178375730295,0.0,170.0,170.0,170.0,0.21619579002654501,0.006957586882640478,0.08341215068945577,0.0,170.0,170.0,170.0,0.21619579002654501,0.006957586882640478,0.08341215068945577,0.0,170.0,170.0,170.0,1.0022363197581337,0.0120211297863795,0.7121321357722453,0.04001868380244838,0.0016014950532803442,0.1338198656204588
Smart_Manufacturing/H,long,top1-horizon-mix,top1-horizon-mix,,,,assembled_from_candidate_artifacts_no_independent_selected_method_latency,0.0,top1_horizon,0.0,170.0,0.0,78.74989163650326,5038.927080439973,70.98540047390007,0.0,170.0,170.0,170.0,5.734937808318057,17.437476612841287,4.175820471816442,0.0,170.0,170.0,170.0,7.174905953776311,27.27061619096851,5.222127554069176,0.0,170.0,170.0,170.0,0.34929795020415244,0.7462634943573524,0.863865437644864,0.0,170.0,170.0,170.0,0.22588396067116392,0.008274256544733037,0.09096294050179467,0.0,170.0,170.0,170.0,0.7137246909378747,0.0016086659726193993,0.040108178375730295,0.0,170.0,170.0,170.0,0.21619579002654501,0.006957586882640478,0.08341215068945577,0.0,170.0,170.0,170.0,0.21619579002654501,0.006957586882640478,0.08341215068945577,0.0,170.0,170.0,170.0,1.0022363197581337,0.0120211297863795,0.7121321357722453,0.04001868380244838,0.0016014950532803442,0.1338198656204588
MetroPT-3/5T,short,vanilla_univariate,vanilla_univariate,0.2450703028589487,0.0,0.0,measured_candidate_query_loop_precomputed_vanilla_fallback_separate_retrieval,0.0,,,210.0,0.0,3.5401920673050578,25.911505711320206,5.090334538251902,0.0,210.0,210.0,216.0,1.1858609894773398,0.8422265058663072,0.9177289936938394,0.0,210.0,210.0,216.0,1.5190307972217527,1.2327375043969044,1.1102871270067507,0.0,210.0,210.0,216.0,5.0637504975598295,56.59581229473505,7.5230188285511455,0.0,210.0,210.0,216.0,0.49721145968265446,0.4439479684512271,0.6662942056263337,0.0,210.0,210.0,216.0,0.6495314528462581,0.03972174723712026,0.19930315410730523,0.0,210.0,210.0,216.0,0.33943625421364576,0.15942103701450983,0.3992756403970944,0.0,210.0,210.0,216.0,0.33943625421364576,0.15942103701450983,0.3992756403970944,0.0,210.0,210.0,216.0,0.8726224746907574,0.07601067700804957,0.7443441713742717,0.22839562340854777,0.05216456079217918,0.5225811530781881
MetroPT-3/5T,short,top1-horizon-mix,top1-horizon-mix,,,,assembled_from_candidate_artifacts_no_independent_selected_method_latency,162.0,top1_horizon,0.08552631578947369,210.0,0.7714285714285715,3.536647202935037,25.89161416960947,5.088380309058028,0.0,210.0,210.0,216.0,1.1886212467678279,0.84278574793455,0.9180336311565879,0.0,210.0,210.0,216.0,1.518390271297577,1.231138186963907,1.109566666299915,0.0,210.0,210.0,216.0,5.210211625341593,60.212699512053895,7.759684240486457,0.0,210.0,210.0,216.0,0.49678406187772134,0.44167585322035363,0.6645869794243291,0.0,210.0,210.0,216.0,0.6511688949325173,0.03992799015477455,0.19981989429177102,0.0,210.0,210.0,216.0,0.34069063183732035,0.16078425568349775,0.40097912125632895,0.0,210.0,210.0,216.0,0.34069063183732035,0.16078425568349775,0.40097912125632895,0.0,210.0,210.0,216.0,0.8726224746907574,0.07601067700804957,0.7462206324255864,0.228987792644905,0.05243540918038602,0.5252944944898486
MetroPT-3/5T,medium,vanilla_univariate,vanilla_univariate,1.2884414568543434,0.0,0.0,measured_candidate_query_loop_precomputed_vanilla_fallback_separate_retrieval,0.0,,,36.0,0.0,3.42389864128714,13.051976877679017,3.6127519812020057,0.0,36.0,36.0,36.0,1.2080724962763358,0.717262543867809,0.8469135397830223,0.0,36.0,36.0,36.0,1.5178429422659727,1.120051443900515,1.058324829105183,0.0,36.0,36.0,36.0,7.1320610195963745,118.55801856336572,10.888435083305852,0.0,36.0,36.0,36.0,0.4816858570670224,0.3924950240708038,0.6264942330706674,0.0,36.0,36.0,36.0,0.6855808121071627,0.013169563332856305,0.11475871789479135,0.0,36.0,36.0,36.0,0.34740817427048976,0.16131154795487465,0.40163608895973807,0.0,36.0,36.0,36.0,0.34740817427048976,0.16131154795487465,0.40163608895973807,0.0,36.0,36.0,36.0,0.8535683382965379,0.019695959012921885,0.803193817469112,0.13444584662525647,0.018075685674781985,0.6686429091478195
MetroPT-3/5T,medium,top1-horizon-mix,top1-horizon-mix,,,,assembled_from_candidate_artifacts_no_independent_selected_method_latency,30.0,top1_horizon,0.21428571428571427,36.0,0.8333333333333334,3.4435079320356077,13.19596260427684,3.6326247541243286,0.0,36.0,36.0,36.0,1.214749277169828,0.7251378683759943,0.8515502735458396,0.0,36.0,36.0,36.0,1.5218989678422643,1.1273314637162586,1.0617586654773572,0.0,36.0,36.0,36.0,7.254313352825613,122.44699007415943,11.065576807114912,0.0,36.0,36.0,36.0,0.482235168828293,0.39066946490731425,0.6250355709136195,0.0,36.0,36.0,36.0,0.6917225267883831,0.011810212811126972,0.10867480301857911,0.0,36.0,36.0,36.0,0.34968230480731366,0.1633522777718961,0.4041686254175305,0.0,36.0,36.0,36.0,0.34968230480731366,0.1633522777718961,0.4041686254175305,0.0,36.0,36.0,36.0,0.8535683382965379,0.019695959012921885,0.8103891577900492,0.12731822180220612,0.01620992960287575,0.5996261874518866
MetroPT-3/5T,long,vanilla_univariate,vanilla_univariate,1.2360907308757305,0.0,0.0,measured_candidate_query_loop_precomputed_vanilla_fallback_separate_retrieval,0.0,,,18.0,0.0,3.3338741245136316,11.362706030919538,3.370861318850056,0.0,18.0,18.0,18.0,1.2067396596169604,0.6853748898469503,0.8278737161227854,0.0,18.0,18.0,18.0,1.5065311123917207,1.0642381319093963,1.0316191796924854,0.0,18.0,18.0,18.0,6.719462964135378,90.76131286437453,9.52687319451532,0.0,18.0,18.0,18.0,0.4851855380007255,0.39423888218366987,0.6278844497068469,0.0,18.0,18.0,18.0,0.6948385512866067,0.013009348763777396,0.11405853218316198,0.0,18.0,18.0,18.0,0.34845177968646907,0.15821061321774368,0.3977569775852382,0.0,18.0,18.0,18.0,0.34845177968646907,0.15821061321774368,0.3977569775852382,0.0,18.0,18.0,18.0,0.8686901704875118,0.022228105801810265,0.799869245552371,0.13129943915349238,0.017239542722021644,0.5852657387800407
MetroPT-3/5T,long,top1-horizon-mix,top1-horizon-mix,,,,assembled_from_candidate_artifacts_no_independent_selected_method_latency,0.0,top1_horizon,0.0,18.0,0.0,3.3338741245136316,11.362706030919538,3.370861318850056,0.0,18.0,18.0,18.0,1.2067396596169604,0.6853748898469503,0.8278737161227854,0.0,18.0,18.0,18.0,1.5065311123917207,1.0642381319093963,1.0316191796924854,0.0,18.0,18.0,18.0,6.719462964135378,90.76131286437453,9.52687319451532,0.0,18.0,18.0,18.0,0.4851855380007255,0.39423888218366987,0.6278844497068469,0.0,18.0,18.0,18.0,0.6948385512866067,0.013009348763777396,0.11405853218316198,0.0,18.0,18.0,18.0,0.34845177968646907,0.15821061321774368,0.3977569775852382,0.0,18.0,18.0,18.0,0.34845177968646907,0.15821061321774368,0.3977569775852382,0.0,18.0,18.0,18.0,0.8686901704875118,0.022228105801810265,0.799869245552371,0.13129943915349238,0.017239542722021644,0.5852657387800407
