model,dataset,frequency,term,horizon_steps,MASE,scaled_MASE,MASE_std,MASE_variance,seasonal_MASE_variance,inference_seconds,query_retrieval_seconds,datastore_preprocessing_seconds,prediction_nan_values,prediction_values,prediction_nan_rate,domain,reference_loss,reference_scaled_MASE,reference_inference_seconds,loss_ratio_to_reference,paired_improvement_percent
vanilla_univariate,Water_Quality_Darwin,15T,short,16,0.6095422375964246,0.5606733543922628,0.7585633678676816,0.5754183830707597,1.3381496638898256,0.0002739541232585907,0.0,0.0,0.0,60462.0,0.0,Climate,0.6095422375964246,0.5606733543922628,0.0002739541232585907,1.0,0.0
vanilla_multivariate,Water_Quality_Darwin,15T,short,16,0.6094823944099157,0.5606183090187876,0.7654295555367676,0.5858824044892137,1.3381496638898256,0.0033198297023773193,0.0,0.0,0.0,60462.0,0.0,Climate,0.6095422375964246,0.5606733543922628,0.0002739541232585907,0.9999018227403816,0.009817725961835944
scope_selector,Water_Quality_Darwin,15T,short,16,0.6094823944099157,0.5606183090187876,0.7654295555367676,0.5858824044892137,1.3381496638898256,,,,0.0,60462.0,0.0,Climate,0.6095422375964246,0.5606733543922628,0.0002739541232585907,0.9999018227403816,0.009817725961835944
scope_selector_per_variate,Water_Quality_Darwin,15T,short,16,0.6091959433516303,0.5603548236262882,0.7562678550531767,0.5719410685867328,1.3381496638898256,,,,0.0,60462.0,0.0,Climate,0.6095422375964246,0.5606733543922628,0.0002739541232585907,0.9994318781809776,0.0568121819022438
scope_mix,Water_Quality_Darwin,15T,short,16,0.6004641300122884,0.5523230667226142,0.7540323625703177,0.568564803803375,1.3381496638898256,,,,0.0,60462.0,0.0,Climate,0.6095422375964246,0.5606733543922628,0.0002739541232585907,0.9851066800228095,1.4893319977190456
scope_mix_per_variate,Water_Quality_Darwin,15T,short,16,0.5995663048744192,0.5514972229981633,0.7538140508041471,0.5682356231897572,1.3381496638898256,,,,0.0,60462.0,0.0,Climate,0.6095422375964246,0.5606733543922628,0.0002739541232585907,0.9836337301885052,1.6366269811494805
scope_ridge,Water_Quality_Darwin,15T,short,16,0.6013320878336025,0.5531214376854964,0.756194396113734,0.5718299647138148,1.3381496638898256,,,,0.0,60462.0,0.0,Climate,0.6095422375964246,0.5606733543922628,0.0002739541232585907,0.9865306302723225,1.3469369727677538
top_k_1_mix,Water_Quality_Darwin,15T,short,16,0.5975789577190839,0.5496692076003828,0.7493275178275374,0.5614917289735784,1.3381496638898256,,,,0.0,60462.0,0.0,Climate,0.6095422375964246,0.5606733543922628,0.0002739541232585907,0.9803733373350552,1.9626662664944838
top_k_5_mix,Water_Quality_Darwin,15T,short,16,0.59151484660902,0.544091275001497,0.7433202709689999,0.5525250252334274,1.3381496638898256,,,,0.0,60462.0,0.0,Climate,0.6095422375964246,0.5606733543922628,0.0002739541232585907,0.9704247058276206,2.9575294172379363
top_k_10_mix,Water_Quality_Darwin,15T,short,16,0.5922296992886991,0.5447488157346748,0.7423111256323038,0.5510258072374979,1.3381496638898256,,,,0.0,60462.0,0.0,Climate,0.6095422375964246,0.5606733543922628,0.0002739541232585907,0.9715974755482194,2.8402524451780597
top_k_15_mix,Water_Quality_Darwin,15T,short,16,0.5919169200895077,0.5444611130096163,0.7425331265399377,0.5513554440091751,1.3381496638898256,,,,0.0,60462.0,0.0,Climate,0.6095422375964246,0.5606733543922628,0.0002739541232585907,0.9710843376885286,2.8915662311471357
top_k_20_mix,Water_Quality_Darwin,15T,short,16,0.5929702272036264,0.5454299732402164,0.7463056684765238,0.556972150800191,1.3381496638898256,,,,0.0,60462.0,0.0,Climate,0.6095422375964246,0.5606733543922628,0.0002739541232585907,0.9728123674281446,2.7187632571855413
vanilla_univariate,Water_Quality_Darwin,15T,medium,96,0.88151129324196,0.8093014851252188,0.8798154258762717,0.7740751836098453,0.8662032158339698,5.78220933675766e-05,0.0,0.0,0.0,60462.0,0.0,Climate,0.88151129324196,0.8093014851252188,5.78220933675766e-05,1.0,0.0
vanilla_multivariate,Water_Quality_Darwin,15T,medium,96,0.8597502615495578,0.7893230283527041,0.8508925605185566,0.7240181495458253,0.8662032158339698,0.0024335570633411407,0.0,0.0,0.0,60462.0,0.0,Climate,0.88151129324196,0.8093014851252188,5.78220933675766e-05,0.9753139501907332,2.468604980926681
scope_selector,Water_Quality_Darwin,15T,medium,96,0.88151129324196,0.8093014851252188,0.8798154258762717,0.7740751836098453,0.8662032158339698,,,,0.0,60462.0,0.0,Climate,0.88151129324196,0.8093014851252188,5.78220933675766e-05,1.0,0.0
scope_selector_per_variate,Water_Quality_Darwin,15T,medium,96,0.8845849220265636,0.8121233347817955,0.8831867045533186,0.7800187550997509,0.8662032158339698,,,,0.0,60462.0,0.0,Climate,0.88151129324196,0.8093014851252188,5.78220933675766e-05,1.0034867718748102,-0.34867718748101684
scope_mix,Water_Quality_Darwin,15T,medium,96,0.8578014510180357,0.7875338564277613,0.8542258685811746,0.7297018345532621,0.8662032158339698,,,,0.0,60462.0,0.0,Climate,0.88151129324196,0.8093014851252188,5.78220933675766e-05,0.973103189481866,2.6896810518133973
scope_mix_per_variate,Water_Quality_Darwin,15T,medium,96,0.8604938213431466,0.7900056787621137,0.8545178740182126,0.7302007970166058,0.8662032158339698,,,,0.0,60462.0,0.0,Climate,0.88151129324196,0.8093014851252188,5.78220933675766e-05,0.9761574558829339,2.38425441170661
scope_ridge,Water_Quality_Darwin,15T,medium,96,0.8573700705053466,0.7871378128464144,0.8535923962889528,0.7286199790023166,0.8662032158339698,,,,0.0,60462.0,0.0,Climate,0.88151129324196,0.8093014851252188,5.78220933675766e-05,0.9726138247783208,2.7386175221679188
top_k_1_mix,Water_Quality_Darwin,15T,medium,96,0.8611911579155423,0.7906458923679955,0.8678608550542695,0.7531824637355278,0.8662032158339698,,,,0.0,60462.0,0.0,Climate,0.88151129324196,0.8093014851252188,5.78220933675766e-05,0.9769485252404587,2.305147475954128
top_k_5_mix,Water_Quality_Darwin,15T,medium,96,0.8626359569929994,0.7919723394005608,0.8558906633252583,0.7325488275673507,0.8662032158339698,,,,0.0,60462.0,0.0,Climate,0.88151129324196,0.8093014851252188,5.78220933675766e-05,0.9785875275862409,2.14124724137591
top_k_10_mix,Water_Quality_Darwin,15T,medium,96,0.8544202675047818,0.7844296456709218,0.8451030541036186,0.7141991720552637,0.8662032158339698,,,,0.0,60462.0,0.0,Climate,0.88151129324196,0.8093014851252188,5.78220933675766e-05,0.9692675227817619,3.073247721823813
top_k_15_mix,Water_Quality_Darwin,15T,medium,96,0.8512808520768248,0.7815473983443713,0.8416925448912982,0.7084463401255899,0.8662032158339698,,,,0.0,60462.0,0.0,Climate,0.88151129324196,0.8093014851252188,5.78220933675766e-05,0.9657061215245969,3.4293878475403106
top_k_20_mix,Water_Quality_Darwin,15T,medium,96,0.8509726314627144,0.781264425905268,0.8404732099563822,0.7063952166543849,0.8662032158339698,,,,0.0,60462.0,0.0,Climate,0.88151129324196,0.8093014851252188,5.78220933675766e-05,0.965356471308572,3.464352869142795
vanilla_univariate,Water_Quality_Darwin,15T,long,288,1.3525940721000271,0.8500306779900881,1.2327088346111839,1.5195710709284629,1.5257973604856987,2.4691224098205566e-05,0.0,0.0,0.0,60462.0,0.0,Climate,1.3525940721000271,0.8500306779900881,2.4691224098205566e-05,1.0,0.0
vanilla_multivariate,Water_Quality_Darwin,15T,long,288,1.3438600557963685,0.8445418310748797,1.2001470719880054,1.4403529944013826,1.5257973604856987,0.0003009159117937088,0.0,0.0,0.0,60462.0,0.0,Climate,1.3525940721000271,0.8500306779900881,2.4691224098205566e-05,0.9935427660938227,0.6457233906177251
scope_selector,Water_Quality_Darwin,15T,long,288,1.3525940721000271,0.8500306779900881,1.2327088346111839,1.5195710709284629,1.5257973604856987,,,,0.0,60462.0,0.0,Climate,1.3525940721000271,0.8500306779900881,2.4691224098205566e-05,1.0,0.0
scope_selector_per_variate,Water_Quality_Darwin,15T,long,288,1.3748944432432406,0.8640452297268597,1.2802372358454917,1.6390073800453049,1.5257973604856987,,,,0.0,60462.0,0.0,Climate,1.3525940721000271,0.8500306779900881,2.4691224098205566e-05,1.0164871128768072,-1.6487112876807153
scope_mix,Water_Quality_Darwin,15T,long,288,1.3273558234039813,0.8341698324541661,1.1962509579229368,1.431016354331544,1.5257973604856987,,,,0.0,60462.0,0.0,Climate,1.3525940721000271,0.8500306779900881,2.4691224098205566e-05,0.9813408551636922,1.8659144836307817
scope_mix_per_variate,Water_Quality_Darwin,15T,long,288,1.3367688135846676,0.8400853769550968,1.2084890035484357,1.460445671697491,1.5257973604856987,,,,0.0,60462.0,0.0,Climate,1.3525940721000271,0.8500306779900881,2.4691224098205566e-05,0.988300068112239,1.1699931887760973
scope_ridge,Water_Quality_Darwin,15T,long,288,1.328103409059973,0.8346396487539165,1.1943958005723723,1.4265813284249182,1.5257973604856987,,,,0.0,60462.0,0.0,Climate,1.3525940721000271,0.8500306779900881,2.4691224098205566e-05,0.9818935602741257,1.8106439725874335
top_k_1_mix,Water_Quality_Darwin,15T,long,288,1.3131292899231708,0.8252292418146059,1.1833554579037617,1.4003301397506216,1.5257973604856987,,,,0.0,60462.0,0.0,Climate,1.3525940721000271,0.8500306779900881,2.4691224098205566e-05,0.9708228928464964,2.9177107153503634
top_k_5_mix,Water_Quality_Darwin,15T,long,288,1.3003823753444008,0.8172185099437714,1.1493236635637842,1.3209448836276785,1.5257973604856987,,,,0.0,60462.0,0.0,Climate,1.3525940721000271,0.8500306779900881,2.4691224098205566e-05,0.9613988425407167,3.8601157459283275
top_k_10_mix,Water_Quality_Darwin,15T,long,288,1.2921533125727311,0.8120469984376142,1.1286187007168917,1.2737801716078847,1.5257973604856987,,,,0.0,60462.0,0.0,Climate,1.3525940721000271,0.8500306779900881,2.4691224098205566e-05,0.9553149309360375,4.468506906396252
top_k_15_mix,Water_Quality_Darwin,15T,long,288,1.3073593146244067,0.8216031309833056,1.1711545328824011,1.3716029398909952,1.5257973604856987,,,,0.0,60462.0,0.0,Climate,1.3525940721000271,0.8500306779900881,2.4691224098205566e-05,0.9665570340661117,3.344296593388829
top_k_20_mix,Water_Quality_Darwin,15T,long,288,1.3117175690395253,0.8243420532008079,1.183906176686965,1.4016338351975473,1.5257973604856987,,,,0.0,60462.0,0.0,Climate,1.3525940721000271,0.8500306779900881,2.4691224098205566e-05,0.9697791792056006,3.022082079439936
vanilla_univariate,current_velocity,5T,short,36,0.36774957666472574,0.4038977797761216,0.2952993825442338,0.08720172533100574,0.38424047675878115,4.54392284154892e-05,0.0,0.0,0.0,25920.0,0.0,Climate,0.36774957666472574,0.4038977797761216,4.54392284154892e-05,1.0,0.0
vanilla_multivariate,current_velocity,5T,short,36,0.3706701929271874,0.4071054800668598,0.3024086970579897,0.09145102005631098,0.38424047675878115,0.0007737111300230026,0.0,0.0,0.0,25920.0,0.0,Climate,0.36774957666472574,0.4038977797761216,4.54392284154892e-05,1.0079418616574625,-0.7941861657462468
scope_selector,current_velocity,5T,short,36,0.36774957666472574,0.4038977797761216,0.2952993825442338,0.08720172533100574,0.38424047675878115,,,,0.0,25920.0,0.0,Climate,0.36774957666472574,0.4038977797761216,4.54392284154892e-05,1.0,0.0
scope_selector_per_variate,current_velocity,5T,short,36,0.36640199550348157,0.40241773717748425,0.2944529106124352,0.08670251656813475,0.38424047675878115,,,,0.0,25920.0,0.0,Climate,0.36774957666472574,0.4038977797761216,4.54392284154892e-05,0.9963356010536683,0.36643989463317483
scope_mix,current_velocity,5T,short,36,0.3669639374889003,0.40303491564532123,0.29832311384612037,0.08899668025484528,0.38424047675878115,,,,0.0,25920.0,0.0,Climate,0.36774957666472574,0.4038977797761216,4.54392284154892e-05,0.9978636571578119,0.21363428421881103
scope_mix_per_variate,current_velocity,5T,short,36,0.36661275785567027,0.4026492165632159,0.2984396969111456,0.08906625269241644,0.38424047675878115,,,,0.0,25920.0,0.0,Climate,0.36774957666472574,0.4038977797761216,4.54392284154892e-05,0.9969087148396859,0.30912851603140945
scope_ridge,current_velocity,5T,short,36,0.3672422242438963,0.40334055679249364,0.29879964146206694,0.08928122573785975,0.38424047675878115,,,,0.0,25920.0,0.0,Climate,0.36774957666472574,0.4038977797761216,4.54392284154892e-05,0.998620386118644,0.137961388135599
top_k_1_mix,current_velocity,5T,short,36,0.36709242855452573,0.4031760368305523,0.2955133445318784,0.08732813679641664,0.38424047675878115,,,,0.0,25920.0,0.0,Climate,0.36774957666472574,0.4038977797761216,4.54392284154892e-05,0.9982130554271198,0.17869445728802003
top_k_5_mix,current_velocity,5T,short,36,0.3668875535141641,0.4029510234541017,0.2957321338875323,0.08745749501367332,0.38424047675878115,,,,0.0,25920.0,0.0,Climate,0.36774957666472574,0.4038977797761216,4.54392284154892e-05,0.997655950665179,0.2344049334821019
top_k_10_mix,current_velocity,5T,short,36,0.36637891603723793,0.4023923890988848,0.2917184212246009,0.08509963728177368,0.38424047675878115,,,,0.0,25920.0,0.0,Climate,0.36774957666472574,0.4038977797761216,4.54392284154892e-05,0.9962728424056422,0.37271575943578217
top_k_15_mix,current_velocity,5T,short,36,0.3665539088408583,0.4025845829431309,0.29173526404456734,0.08510946428715344,0.38424047675878115,,,,0.0,25920.0,0.0,Climate,0.36774957666472574,0.4038977797761216,4.54392284154892e-05,0.9967486901420487,0.3251309857951301
top_k_20_mix,current_velocity,5T,short,36,0.36783605131686037,0.40399275451496663,0.29271111434381675,0.08567979646039896,0.38424047675878115,,,,0.0,25920.0,0.0,Climate,0.36774957666472574,0.4038977797761216,4.54392284154892e-05,1.000235145483834,-0.023514548383407607
vanilla_univariate,current_velocity,5T,medium,288,0.5819090182583705,0.6389743755340066,0.33115897755001666,0.10966626841197243,0.11522061713881367,1.895986497402191e-05,0.0,0.0,0.0,25920.0,0.0,Climate,0.5819090182583705,0.6389743755340066,1.895986497402191e-05,1.0,0.0
vanilla_multivariate,current_velocity,5T,medium,288,0.5887550969808875,0.6464918202535772,0.31666406544864184,0.10027613034646171,0.11522061713881367,0.002016039565205574,0.0,0.0,0.0,25920.0,0.0,Climate,0.5819090182583705,0.6389743755340066,1.895986497402191e-05,1.0117648610138523,-1.1764861013852324
scope_selector,current_velocity,5T,medium,288,0.5819090182583705,0.6389743755340066,0.33115897755001666,0.10966626841197243,0.11522061713881367,,,,0.0,25920.0,0.0,Climate,0.5819090182583705,0.6389743755340066,1.895986497402191e-05,1.0,0.0
scope_selector_per_variate,current_velocity,5T,medium,288,0.5743415870970745,0.6306648383916578,0.30638829973796805,0.09387379021632296,0.11522061713881367,,,,0.0,25920.0,0.0,Climate,0.5819090182583705,0.6389743755340066,1.895986497402191e-05,0.986995508019544,1.3004491980455946
scope_mix,current_velocity,5T,medium,288,0.5803963499878914,0.6373133662813706,0.3207300452915588,0.10286776195272537,0.11522061713881367,,,,0.0,25920.0,0.0,Climate,0.5819090182583705,0.6389743755340066,1.895986497402191e-05,0.9974005072562606,0.25994927437393844
scope_mix_per_variate,current_velocity,5T,medium,288,0.579189450493702,0.635988111256212,0.31898337038309493,0.10175039058095874,0.11522061713881367,,,,0.0,25920.0,0.0,Climate,0.5819090182583705,0.6389743755340066,1.895986497402191e-05,0.9953264725595625,0.4673527440437475
scope_ridge,current_velocity,5T,medium,288,0.5791378520087903,0.6359314527260287,0.3230738771700438,0.10437673010968457,0.11522061713881367,,,,0.0,25920.0,0.0,Climate,0.5819090182583705,0.6389743755340066,1.895986497402191e-05,0.9952378015074003,0.4762198492599734
top_k_1_mix,current_velocity,5T,medium,288,0.5842292550257074,0.6415221481118186,0.3185206038941265,0.10145537510507903,0.11522061713881367,,,,0.0,25920.0,0.0,Climate,0.5819090182583705,0.6389743755340066,1.895986497402191e-05,1.0039872844285544,-0.39872844285544495
top_k_5_mix,current_velocity,5T,medium,288,0.5867771208795909,0.644319872398344,0.33299864395456047,0.11088809687557612,0.11522061713881367,,,,0.0,25920.0,0.0,Climate,0.5819090182583705,0.6389743755340066,1.895986497402191e-05,1.0083657452771404,-0.8365745277140402
top_k_10_mix,current_velocity,5T,medium,288,0.5822800757100879,0.6393818210212892,0.31935460251821,0.10198736214956393,0.11522061713881367,,,,0.0,25920.0,0.0,Climate,0.5819090182583705,0.6389743755340066,1.895986497402191e-05,1.0006376554410996,-0.0637655441099616
top_k_15_mix,current_velocity,5T,medium,288,0.5765781863817279,0.6331207715124547,0.3136599413496417,0.09838255880746068,0.11522061713881367,,,,0.0,25920.0,0.0,Climate,0.5819090182583705,0.6389743755340066,1.895986497402191e-05,0.9908390629645205,0.9160937035479488
top_k_20_mix,current_velocity,5T,medium,288,0.5805646831811386,0.637498207199215,0.3093006929398304,0.09566691865305926,0.11522061713881367,,,,0.0,25920.0,0.0,Climate,0.5819090182583705,0.6389743755340066,1.895986497402191e-05,0.9976897847686647,0.2310215231335344
vanilla_univariate,current_velocity,5T,long,864,0.8300300594873468,0.7596084564324391,0.4240438951190417,0.17981322498772886,0.29190573790947194,1.4930963516235352e-05,0.0,0.0,0.0,25920.0,0.0,Climate,0.8300300594873468,0.7596084564324391,1.4930963516235352e-05,1.0,0.0
vanilla_multivariate,current_velocity,5T,long,864,0.8498128607052333,0.7777128406354761,0.38290662610168397,0.14661748431257482,0.29190573790947194,0.00017692334949970245,0.0,0.0,0.0,25920.0,0.0,Climate,0.8300300594873468,0.7596084564324391,1.4930963516235352e-05,1.0238338370903157,-2.3833837090315724
scope_selector,current_velocity,5T,long,864,0.8300300594873468,0.7596084564324391,0.4240438951190417,0.17981322498772886,0.29190573790947194,,,,0.0,25920.0,0.0,Climate,0.8300300594873468,0.7596084564324391,1.4930963516235352e-05,1.0,0.0
scope_selector_per_variate,current_velocity,5T,long,864,0.8300300594873468,0.7596084564324391,0.4240438951190417,0.17981322498772886,0.29190573790947194,,,,0.0,25920.0,0.0,Climate,0.8300300594873468,0.7596084564324391,1.4930963516235352e-05,1.0,0.0
scope_mix,current_velocity,5T,long,864,0.829795077023299,0.7593934104051733,0.4097656389414686,0.16790787885711003,0.29190573790947194,,,,0.0,25920.0,0.0,Climate,0.8300300594873468,0.7596084564324391,1.4930963516235352e-05,0.9997168988503948,0.02831011496051694
scope_mix_per_variate,current_velocity,5T,long,864,0.8321000432042154,0.7615028181101138,0.40263138525967496,0.16211203239612482,0.29190573790947194,,,,0.0,25920.0,0.0,Climate,0.8300300594873468,0.7596084564324391,1.4930963516235352e-05,1.002493865966911,-0.24938659669109242
scope_ridge,current_velocity,5T,long,864,0.8303628916280242,0.7599130503513476,0.4259016461794234,0.18139221221834273,0.29190573790947194,,,,0.0,25920.0,0.0,Climate,0.8300300594873468,0.7596084564324391,1.4930963516235352e-05,1.0004009880568459,-0.04009880568458524
top_k_1_mix,current_velocity,5T,long,864,0.8119546910391084,0.7430666425915113,0.39450621843968037,0.1556351563875768,0.29190573790947194,,,,0.0,25920.0,0.0,Climate,0.8300300594873468,0.7596084564324391,1.4930963516235352e-05,0.9782232363254383,2.1776763674561717
top_k_5_mix,current_velocity,5T,long,864,0.7928156634888868,0.7255514128611313,0.4145141547627009,0.17182198449863637,0.29190573790947194,,,,0.0,25920.0,0.0,Climate,0.8300300594873468,0.7596084564324391,1.4930963516235352e-05,0.955165002070594,4.483499792940604
top_k_10_mix,current_velocity,5T,long,864,0.7897815123793902,0.7227746859046511,0.393813451820705,0.15508903483493874,0.29190573790947194,,,,0.0,25920.0,0.0,Climate,0.8300300594873468,0.7596084564324391,1.4930963516235352e-05,0.9515095307116764,4.849046928832356
top_k_15_mix,current_velocity,5T,long,864,0.7839134034816333,0.7174044404646779,0.3861362667542295,0.14910121650289349,0.29190573790947194,,,,0.0,25920.0,0.0,Climate,0.8300300594873468,0.7596084564324391,1.4930963516235352e-05,0.944439776031489,5.556022396851102
top_k_20_mix,current_velocity,5T,long,864,0.7858590663938334,0.7191850289922632,0.3869146655975539,0.14970295845446696,0.29190573790947194,,,,0.0,25920.0,0.0,Climate,0.8300300594873468,0.7596084564324391,1.4930963516235352e-05,0.9467838633208118,5.3216136679188235
vanilla_univariate,current_velocity,10T,short,18,0.5283046213008509,0.5067164633481785,0.3725287596936507,0.13877767679888975,0.4807344590412708,0.00031267479062080383,0.0,0.0,0.0,129576.0,0.0,Climate,0.5283046213008509,0.5067164633481785,0.00031267479062080383,1.0,0.0
vanilla_multivariate,current_velocity,10T,short,18,0.5194504740187809,0.4982241238609957,0.36295210966394853,0.13173423390951092,0.4807344590412708,0.00599164143204689,0.0,0.0,0.0,129576.0,0.0,Climate,0.5283046213008509,0.5067164633481785,0.00031267479062080383,0.9832404508212168,1.6759549178783195
scope_selector,current_velocity,10T,short,18,0.5194504740187809,0.4982241238609957,0.36295210966394853,0.13173423390951092,0.4807344590412708,,,,0.0,129576.0,0.0,Climate,0.5283046213008509,0.5067164633481785,0.00031267479062080383,0.9832404508212168,1.6759549178783195
scope_selector_per_variate,current_velocity,10T,short,18,0.5194618141775135,0.49823500062583004,0.36557435825815515,0.13364461141586198,0.4807344590412708,,,,0.0,129576.0,0.0,Climate,0.5283046213008509,0.5067164633481785,0.00031267479062080383,0.9832619160105704,1.6738083989429553
scope_mix,current_velocity,10T,short,18,0.5193156470337632,0.4980948063228605,0.3652177665596555,0.133384017010823,0.4807344590412708,,,,0.0,129576.0,0.0,Climate,0.5283046213008509,0.5067164633481785,0.00031267479062080383,0.9829852439205359,1.7014756079464122
scope_mix_per_variate,current_velocity,10T,short,18,0.5188184449363307,0.4976179214382272,0.3650871879125654,0.13328865477790483,0.4807344590412708,,,,0.0,129576.0,0.0,Climate,0.5283046213008509,0.5067164633481785,0.00031267479062080383,0.9820441162502757,1.7955883749724344
scope_ridge,current_velocity,10T,short,18,0.5186354199762268,0.4974423754430778,0.36323719953282374,0.1319412631244484,0.4807344590412708,,,,0.0,129576.0,0.0,Climate,0.5283046213008509,0.5067164633481785,0.00031267479062080383,0.9816976779403982,1.8302322059601805
top_k_1_mix,current_velocity,10T,short,18,0.5248329712262785,0.5033866756142795,0.3700265383158378,0.1369196390580022,0.4807344590412708,,,,0.0,129576.0,0.0,Climate,0.5283046213008509,0.5067164633481785,0.00031267479062080383,0.9934286963721345,0.657130362786551
top_k_5_mix,current_velocity,10T,short,18,0.5222937859463517,0.5009512492845568,0.3687004625446479,0.13594003108063732,0.4807344590412708,,,,0.0,129576.0,0.0,Climate,0.5283046213008509,0.5067164633481785,0.00031267479062080383,0.9886224062555072,1.1377593744492764
top_k_10_mix,current_velocity,10T,short,18,0.521848214013658,0.5005238847967244,0.36749713168811027,0.13505414179898825,0.4807344590412708,,,,0.0,129576.0,0.0,Climate,0.5283046213008509,0.5067164633481785,0.00031267479062080383,0.9877790066055163,1.2220993394483681
top_k_15_mix,current_velocity,10T,short,18,0.5214956530526376,0.5001857305650937,0.36777690965680027,0.13525985527670623,0.4807344590412708,,,,0.0,129576.0,0.0,Climate,0.5283046213008509,0.5067164633481785,0.00031267479062080383,0.9871116625263517,1.288833747364826
top_k_20_mix,current_velocity,10T,short,18,0.5212937044088701,0.49999203416642163,0.3671370293438482,0.13478959831542564,0.4807344590412708,,,,0.0,129576.0,0.0,Climate,0.5283046213008509,0.5067164633481785,0.00031267479062080383,0.9867294045720864,1.3270595427913645
vanilla_univariate,current_velocity,10T,medium,144,0.6911432082246386,0.6621977332228386,0.3857050536802138,0.14876838843445658,0.25305105017876023,5.323067307472229e-05,0.0,0.0,0.0,129576.0,0.0,Climate,0.6911432082246386,0.6621977332228386,5.323067307472229e-05,1.0,0.0
vanilla_multivariate,current_velocity,10T,medium,144,0.6789060806388872,0.650473103577329,0.3840414186056275,0.14748781120462284,0.25305105017876023,0.0025596190243959427,0.0,0.0,0.0,129576.0,0.0,Climate,0.6911432082246386,0.6621977332228386,5.323067307472229e-05,0.9822943675925208,1.7705632407479244
scope_selector,current_velocity,10T,medium,144,0.6789060806388872,0.650473103577329,0.3840414186056275,0.14748781120462284,0.25305105017876023,,,,0.0,129576.0,0.0,Climate,0.6911432082246386,0.6621977332228386,5.323067307472229e-05,0.9822943675925208,1.7705632407479244
scope_selector_per_variate,current_velocity,10T,medium,144,0.684062524771136,0.6554135928641102,0.38017103307488676,0.14453001438922664,0.25305105017876023,,,,0.0,129576.0,0.0,Climate,0.6911432082246386,0.6621977332228386,5.323067307472229e-05,0.989755113890664,1.0244886109336049
scope_mix,current_velocity,10T,medium,144,0.6753268638258606,0.6470437864226577,0.379481507855042,0.1440062148039363,0.25305105017876023,,,,0.0,129576.0,0.0,Climate,0.6911432082246386,0.6621977332228386,5.323067307472229e-05,0.9771156770253072,2.2884322974692783
scope_mix_per_variate,current_velocity,10T,medium,144,0.6747888329365115,0.6465282885763488,0.3772206589992934,0.1422954255758612,0.25305105017876023,,,,0.0,129576.0,0.0,Climate,0.6911432082246386,0.6621977332228386,5.323067307472229e-05,0.9763372118925437,2.3662788107456256
scope_ridge,current_velocity,10T,medium,144,0.6753110587243835,0.6470286432479191,0.38019947753005134,0.14455164271412402,0.25305105017876023,,,,0.0,129576.0,0.0,Climate,0.6911432082246386,0.6621977332228386,5.323067307472229e-05,0.97709280896947,2.290719103052996
top_k_1_mix,current_velocity,10T,medium,144,0.6840373546134546,0.6553894768471065,0.3854006922224943,0.14853369356557777,0.25305105017876023,,,,0.0,129576.0,0.0,Climate,0.6911432082246386,0.6621977332228386,5.323067307472229e-05,0.9897186957397194,1.0281304260280621
top_k_5_mix,current_velocity,10T,medium,144,0.6791351165950201,0.6506925473759121,0.38105270429672805,0.14520116345184966,0.25305105017876023,,,,0.0,129576.0,0.0,Climate,0.6911432082246386,0.6621977332228386,5.323067307472229e-05,0.9826257547108593,1.7374245289140666
top_k_10_mix,current_velocity,10T,medium,144,0.6797727106257438,0.6513034386019811,0.3786903074061669,0.14340634892337717,0.25305105017876023,,,,0.0,129576.0,0.0,Climate,0.6911432082246386,0.6621977332228386,5.323067307472229e-05,0.9835482755764865,1.6451724423513503
top_k_15_mix,current_velocity,10T,medium,144,0.6778150984696698,0.6494278123687268,0.37798643139968374,0.14287374232226782,0.25305105017876023,,,,0.0,129576.0,0.0,Climate,0.6911432082246386,0.6621977332228386,5.323067307472229e-05,0.9807158493401026,1.9284150659897414
top_k_20_mix,current_velocity,10T,medium,144,0.6782886727456559,0.649881553081706,0.3800094078668216,0.14440715006729238,0.25305105017876023,,,,0.0,129576.0,0.0,Climate,0.6911432082246386,0.6621977332228386,5.323067307472229e-05,0.9814010536079742,1.859894639202575
vanilla_univariate,current_velocity,10T,long,432,0.9351213971375323,0.6505192676677409,0.7218927253729565,0.5211291069463948,0.6433695275713929,2.932921051979065e-05,0.0,0.0,0.0,129576.0,0.0,Climate,0.9351213971375323,0.6505192676677409,2.932921051979065e-05,1.0,0.0
vanilla_multivariate,current_velocity,10T,long,432,0.9316454809403314,0.6481012388791804,0.7219218654628167,0.5211711798333132,0.6433695275713929,0.00037178583443164825,0.0,0.0,0.0,129576.0,0.0,Climate,0.9351213971375323,0.6505192676677409,2.932921051979065e-05,0.9962829251818631,0.37170748181368785
scope_selector,current_velocity,10T,long,432,0.9351213971375323,0.6505192676677409,0.7218927253729565,0.5211291069463948,0.6433695275713929,,,,0.0,129576.0,0.0,Climate,0.9351213971375323,0.6505192676677409,2.932921051979065e-05,1.0,0.0
scope_selector_per_variate,current_velocity,10T,long,432,0.9282863012080619,0.645764418070578,0.7069302546761096,0.49975038497642915,0.6433695275713929,,,,0.0,129576.0,0.0,Climate,0.9351213971375323,0.6505192676677409,2.932921051979065e-05,0.9926906859896554,0.7309314010344625
scope_mix,current_velocity,10T,long,432,0.9215768229187813,0.64109695466258,0.7190004044478399,0.5169615815961573,0.6433695275713929,,,,0.0,129576.0,0.0,Climate,0.9351213971375323,0.6505192676677409,2.932921051979065e-05,0.9855157049553012,1.4484295044698836
scope_mix_per_variate,current_velocity,10T,long,432,0.9212940328155643,0.640900231101969,0.7167526723981736,0.5137343933899235,0.6433695275713929,,,,0.0,129576.0,0.0,Climate,0.9351213971375323,0.6505192676677409,2.932921051979065e-05,0.9852132949109127,1.4786705089087304
scope_ridge,current_velocity,10T,long,432,0.9216595227355124,0.6411544849729556,0.718936355778231,0.5168694836596832,0.6433695275713929,,,,0.0,129576.0,0.0,Climate,0.9351213971375323,0.6505192676677409,2.932921051979065e-05,0.9856041424747337,1.4395857525266287
top_k_1_mix,current_velocity,10T,long,432,0.9223181589712419,0.6416126667267233,0.7144709323695457,0.5104687132010081,0.6433695275713929,,,,0.0,129576.0,0.0,Climate,0.9351213971375323,0.6505192676677409,2.932921051979065e-05,0.98630847480821,1.3691525191789955
top_k_5_mix,current_velocity,10T,long,432,0.9210999600178775,0.6407652239311227,0.7458524379170761,0.5562958591468459,0.6433695275713929,,,,0.0,129576.0,0.0,Climate,0.9351213971375323,0.6505192676677409,2.932921051979065e-05,0.9850057573673586,1.4994242632641375
top_k_10_mix,current_velocity,10T,long,432,0.9201827499508812,0.6401271647198734,0.7298649132583721,0.532702791605651,0.6433695275713929,,,,0.0,129576.0,0.0,Climate,0.9351213971375323,0.6505192676677409,2.932921051979065e-05,0.9840249113832928,1.5975088616707156
top_k_15_mix,current_velocity,10T,long,432,0.9166613977301438,0.637677528261071,0.7216573435681143,0.5207893215257873,0.6433695275713929,,,,0.0,129576.0,0.0,Climate,0.9351213971375323,0.6505192676677409,2.932921051979065e-05,0.9802592481961211,1.9740751803878909
top_k_20_mix,current_velocity,10T,long,432,0.9156975348662661,0.6370070149285122,0.7189317323630017,0.5168628357984666,0.6433695275713929,,,,0.0,129576.0,0.0,Climate,0.9351213971375323,0.6505192676677409,2.932921051979065e-05,0.9792285126500967,2.0771487349903306
vanilla_univariate,current_velocity,15T,short,12,0.5023035816221435,0.5066754354216647,0.377015825842314,0.14214093293556207,0.453088957404636,0.00016414187848567963,0.0,0.0,0.0,43200.0,0.0,Climate,0.5023035816221435,0.5066754354216647,0.00016414187848567963,1.0,0.0
vanilla_multivariate,current_velocity,15T,short,12,0.5007411130559184,0.5050993677405062,0.370423337418388,0.13721344890417694,0.453088957404636,0.005032246932387352,0.0,0.0,0.0,43200.0,0.0,Climate,0.5023035816221435,0.5066754354216647,0.00016414187848567963,0.9968893939374686,0.311060606253144
scope_selector,current_velocity,15T,short,12,0.5007411130559184,0.5050993677405062,0.370423337418388,0.13721344890417694,0.453088957404636,,,,0.0,43200.0,0.0,Climate,0.5023035816221435,0.5066754354216647,0.00016414187848567963,0.9968893939374686,0.311060606253144
scope_selector_per_variate,current_velocity,15T,short,12,0.49981472822524414,0.5041649200188036,0.3747809666493706,0.14046077296263665,0.453088957404636,,,,0.0,43200.0,0.0,Climate,0.5023035816221435,0.5066754354216647,0.00016414187848567963,0.995045121141956,0.49548788580440206
scope_mix,current_velocity,15T,short,12,0.4985420619130093,0.502881176917041,0.3722094452214323,0.1385398711120464,0.453088957404636,,,,0.0,43200.0,0.0,Climate,0.5023035816221435,0.5066754354216647,0.00016414187848567963,0.9925114615010574,0.7488538498942598
scope_mix_per_variate,current_velocity,15T,short,12,0.49828823915504755,0.5026251449851267,0.37223621497845827,0.13855979974148902,0.453088957404636,,,,0.0,43200.0,0.0,Climate,0.5023035816221435,0.5066754354216647,0.00016414187848567963,0.9920061440650517,0.799385593494828
scope_ridge,current_velocity,15T,short,12,0.49850280352215326,0.5028415768365146,0.37170123539089045,0.13816180839111417,0.453088957404636,,,,0.0,43200.0,0.0,Climate,0.5023035816221435,0.5066754354216647,0.00016414187848567963,0.9924333048000256,0.7566695199974438
top_k_1_mix,current_velocity,15T,short,12,0.5011504925602113,0.5055123103237952,0.37457190880800073,0.14030411486806924,0.453088957404636,,,,0.0,43200.0,0.0,Climate,0.5023035816221435,0.5066754354216647,0.00016414187848567963,0.9977043980888839,0.22956019111161075
top_k_5_mix,current_velocity,15T,short,12,0.5007888052652757,0.5051474750441897,0.3744234134448077,0.1401928925356614,0.453088957404636,,,,0.0,43200.0,0.0,Climate,0.5023035816221435,0.5066754354216647,0.00016414187848567963,0.9969843409199354,0.30156590800646255
top_k_10_mix,current_velocity,15T,short,12,0.5007806635398181,0.5051392624563399,0.3724433312360817,0.13871403498222967,0.453088957404636,,,,0.0,43200.0,0.0,Climate,0.5023035816221435,0.5066754354216647,0.00016414187848567963,0.9969681321454901,0.30318678545099287
top_k_15_mix,current_velocity,15T,short,12,0.500789635645647,0.5051483126518668,0.3723777373592231,0.13866517928077451,0.453088957404636,,,,0.0,43200.0,0.0,Climate,0.5023035816221435,0.5066754354216647,0.00016414187848567963,0.9969859940643718,0.30140059356281723
top_k_20_mix,current_velocity,15T,short,12,0.5006035856116605,0.5049606433111945,0.37250649185579965,0.1387610864747149,0.453088957404636,,,,0.0,43200.0,0.0,Climate,0.5023035816221435,0.5066754354216647,0.00016414187848567963,0.9966156004601978,0.33843995398021853
vanilla_univariate,current_velocity,15T,medium,96,0.7292408236747162,0.7347906335839866,0.41253763615228806,0.17018730124211762,0.20323056826444055,3.569014370441437e-05,0.0,0.0,0.0,43200.0,0.0,Climate,0.7292408236747162,0.7347906335839866,3.569014370441437e-05,1.0,0.0
vanilla_multivariate,current_velocity,15T,medium,96,0.7241171493827121,0.7296279661124532,0.40405155127113823,0.16325765608461323,0.20323056826444055,0.0021456126123666763,0.0,0.0,0.0,43200.0,0.0,Climate,0.7292408236747162,0.7347906335839866,3.569014370441437e-05,0.9929739612406977,0.70260387593023
scope_selector,current_velocity,15T,medium,96,0.7292408236747162,0.7347906335839866,0.41253763615228806,0.17018730124211762,0.20323056826444055,,,,0.0,43200.0,0.0,Climate,0.7292408236747162,0.7347906335839866,3.569014370441437e-05,1.0,0.0
scope_selector_per_variate,current_velocity,15T,medium,96,0.7288457973322507,0.7343926009354578,0.4120414956742537,0.16977819415747603,0.20323056826444055,,,,0.0,43200.0,0.0,Climate,0.7292408236747162,0.7347906335839866,3.569014370441437e-05,0.9994583046784533,0.05416953215466869
scope_mix,current_velocity,15T,medium,96,0.7211031426089237,0.7265910215599273,0.40668983661070635,0.16539662320244303,0.20323056826444055,,,,0.0,43200.0,0.0,Climate,0.7292408236747162,0.7347906335839866,3.569014370441437e-05,0.9888408865746353,1.1159113425364686
scope_mix_per_variate,current_velocity,15T,medium,96,0.7211169404542117,0.7266049244122528,0.4068300303317068,0.16551067357969745,0.20323056826444055,,,,0.0,43200.0,0.0,Climate,0.7292408236747162,0.7347906335839866,3.569014370441437e-05,0.9888598074096189,1.1140192590381126
scope_ridge,current_velocity,15T,medium,96,0.7217245010225081,0.7272171087557863,0.40740927893430845,0.16598232056177314,0.20323056826444055,,,,0.0,43200.0,0.0,Climate,0.7292408236747162,0.7347906335839866,3.569014370441437e-05,0.9896929486005286,1.0307051399471412
top_k_1_mix,current_velocity,15T,medium,96,0.723917948181078,0.7294272489112111,0.4057961754397392,0.1646705360015196,0.20323056826444055,,,,0.0,43200.0,0.0,Climate,0.7292408236747162,0.7347906335839866,3.569014370441437e-05,0.9927007988022177,0.7299201197782268
top_k_5_mix,current_velocity,15T,medium,96,0.7240849245084752,0.7295954959942302,0.4087835750325281,0.16710401121637453,0.20323056826444055,,,,0.0,43200.0,0.0,Climate,0.7292408236747162,0.7347906335839866,3.569014370441437e-05,0.9929297716215887,0.7070228378411314
top_k_10_mix,current_velocity,15T,medium,96,0.7232090370938928,0.7287129427314191,0.41053872866831664,0.16854204773659773,0.20323056826444055,,,,0.0,43200.0,0.0,Climate,0.7292408236747162,0.7347906335839866,3.569014370441437e-05,0.991728676748473,0.8271323251527019
top_k_15_mix,current_velocity,15T,medium,96,0.725231792392639,0.730751091994733,0.411630953053521,0.16944004151175,0.20323056826444055,,,,0.0,43200.0,0.0,Climate,0.7292408236747162,0.7347906335839866,3.569014370441437e-05,0.9945024590616371,0.5497540938362855
top_k_20_mix,current_velocity,15T,medium,96,0.7245336641178665,0.7300476506888033,0.40980314231863185,0.1679386154542248,0.20323056826444055,,,,0.0,43200.0,0.0,Climate,0.7292408236747162,0.7347906335839866,3.569014370441437e-05,0.9935451233611279,0.645487663887212
vanilla_univariate,current_velocity,15T,long,288,0.834373194435567,0.7393002899143293,0.42283596165358883,0.17879025046751523,0.18788879728392668,2.2159889340400696e-05,0.0,0.0,0.0,43200.0,0.0,Climate,0.834373194435567,0.7393002899143293,2.2159889340400696e-05,1.0,0.0
vanilla_multivariate,current_velocity,15T,long,288,0.8331182837324931,0.7381883703886466,0.4264630203402527,0.18187070771773076,0.18788879728392668,0.000239664688706398,0.0,0.0,0.0,43200.0,0.0,Climate,0.834373194435567,0.7393002899143293,2.2159889340400696e-05,0.9984959839176967,0.15040160823033277
scope_selector,current_velocity,15T,long,288,0.834373194435567,0.7393002899143293,0.42283596165358883,0.17879025046751523,0.18788879728392668,,,,0.0,43200.0,0.0,Climate,0.834373194435567,0.7393002899143293,2.2159889340400696e-05,1.0,0.0
scope_selector_per_variate,current_velocity,15T,long,288,0.8324127284435984,0.737563209809293,0.42373819244975136,0.17955405574058253,0.18788879728392668,,,,0.0,43200.0,0.0,Climate,0.834373194435567,0.7393002899143293,2.2159889340400696e-05,0.9976503727528125,0.2349627247187458
scope_mix,current_velocity,15T,long,288,0.8250105663961311,0.7310044893420237,0.42418169521402105,0.17993011055464064,0.18788879728392668,,,,0.0,43200.0,0.0,Climate,0.834373194435567,0.7393002899143293,2.2159889340400696e-05,0.9887788484794631,1.1221151520536932
scope_mix_per_variate,current_velocity,15T,long,288,0.8248494730428071,0.7308617518192821,0.4245449977799249,0.18023845513995643,0.18788879728392668,,,,0.0,43200.0,0.0,Climate,0.834373194435567,0.7393002899143293,2.2159889340400696e-05,0.9885857773760308,1.1414222623969184
scope_ridge,current_velocity,15T,long,288,0.8292579079860548,0.734767866317383,0.4232518155800133,0.17914209939177758,0.18788879728392668,,,,0.0,43200.0,0.0,Climate,0.834373194435567,0.7393002899143293,2.2159889340400696e-05,0.99386930634442,0.6130693655580055
top_k_1_mix,current_velocity,15T,long,288,0.8346535485891331,0.7395486990295698,0.4304236529629317,0.1852645210299543,0.18788879728392668,,,,0.0,43200.0,0.0,Climate,0.834373194435567,0.7393002899143293,2.2159889340400696e-05,1.0003360057051638,-0.03360057051637888
top_k_5_mix,current_velocity,15T,long,288,0.829647058542516,0.7351126749966774,0.4133780031769389,0.17088137351055332,0.18788879728392668,,,,0.0,43200.0,0.0,Climate,0.834373194435567,0.7393002899143293,2.2159889340400696e-05,0.9943357050243589,0.5664294975641138
top_k_10_mix,current_velocity,15T,long,288,0.8313247701370255,0.7365992192390924,0.4174806751808665,0.17429011414947215,0.18788879728392668,,,,0.0,43200.0,0.0,Climate,0.834373194435567,0.7393002899143293,2.2159889340400696e-05,0.9963464498633569,0.36535501366431467
top_k_15_mix,current_velocity,15T,long,288,0.8356663133641278,0.7404460640177571,0.4163404760837575,0.17333939202564988,0.18788879728392668,,,,0.0,43200.0,0.0,Climate,0.834373194435567,0.7393002899143293,2.2159889340400696e-05,1.0015498088111945,-0.15498088111944863
top_k_20_mix,current_velocity,15T,long,288,0.8360309086207025,0.7407691153581941,0.42117615875722436,0.17738935670549064,0.18788879728392668,,,,0.0,43200.0,0.0,Climate,0.834373194435567,0.7393002899143293,2.2159889340400696e-05,1.0019867778545508,-0.1986777854550814
vanilla_univariate,current_velocity,H,short,24,0.7026019108178864,0.6796604110924225,0.48160061834098733,0.23193915558642134,0.3826492950103123,0.00015683285892009735,0.0,0.0,0.0,84672.0,0.0,Climate,0.7026019108178864,0.6796604110924225,0.00015683285892009735,1.0,0.0
vanilla_multivariate,current_velocity,H,short,24,0.6887220923168162,0.6662337992328787,0.46794063824903037,0.21896844092490989,0.3826492950103123,0.002711331471800804,0.0,0.0,0.0,84672.0,0.0,Climate,0.7026019108178864,0.6796604110924225,0.00015683285892009735,0.9802451170607935,1.9754882939206464
scope_selector,current_velocity,H,short,24,0.6887220923168162,0.6662337992328787,0.46794063824903037,0.21896844092490989,0.3826492950103123,,,,0.0,84672.0,0.0,Climate,0.7026019108178864,0.6796604110924225,0.00015683285892009735,0.9802451170607935,1.9754882939206464
scope_selector_per_variate,current_velocity,H,short,24,0.6946472960156311,0.6719655319818759,0.4802291173358767,0.23062000513719524,0.3826492950103123,,,,0.0,84672.0,0.0,Climate,0.7026019108178864,0.6796604110924225,0.00015683285892009735,0.9886783473261617,1.1321652673838334
scope_mix,current_velocity,H,short,24,0.6860807042917814,0.6636786583439791,0.4690394373505342,0.2199979937901057,0.3826492950103123,,,,0.0,84672.0,0.0,Climate,0.7026019108178864,0.6796604110924225,0.00015683285892009735,0.9764856794840296,2.3514320515970355
scope_mix_per_variate,current_velocity,H,short,24,0.6853890237487347,0.6630095626939481,0.468945682289277,0.21991005293775556,0.3826492950103123,,,,0.0,84672.0,0.0,Climate,0.7026019108178864,0.6796604110924225,0.00015683285892009735,0.975501223660046,2.449877633995401
scope_ridge,current_velocity,H,short,24,0.6854491427075629,0.6630677186363708,0.46770144374193656,0.21874464047829184,0.3826492950103123,,,,0.0,84672.0,0.0,Climate,0.7026019108178864,0.6796604110924225,0.00015683285892009735,0.9755867898361446,2.4413210163855448
top_k_1_mix,current_velocity,H,short,24,0.699782711423332,0.6769332647668115,0.4782671297686666,0.22873944741715854,0.3826492950103123,,,,0.0,84672.0,0.0,Climate,0.7026019108178864,0.6796604110924225,0.00015683285892009735,0.9959874868668197,0.40125131331802955
top_k_5_mix,current_velocity,H,short,24,0.6987092569497113,0.6758948609458187,0.4817398540560417,0.23207328698593638,0.3826492950103123,,,,0.0,84672.0,0.0,Climate,0.7026019108178864,0.6796604110924225,0.00015683285892009735,0.9944596594341116,0.5540340565888369
top_k_10_mix,current_velocity,H,short,24,0.6982960788556174,0.6754951740264374,0.4796795772540231,0.23009249683459834,0.3826492950103123,,,,0.0,84672.0,0.0,Climate,0.7026019108178864,0.6796604110924225,0.00015683285892009735,0.9938715908739038,0.6128409126096246
top_k_15_mix,current_velocity,H,short,24,0.698177593661207,0.675380557634564,0.4800094813557364,0.23040910219140304,0.3826492950103123,,,,0.0,84672.0,0.0,Climate,0.7026019108178864,0.6796604110924225,0.00015683285892009735,0.9937029531395253,0.629704686047472
top_k_20_mix,current_velocity,H,short,24,0.6986118994901928,0.6758006824217634,0.4795013530995423,0.22992154762429193,0.3826492950103123,,,,0.0,84672.0,0.0,Climate,0.7026019108178864,0.6796604110924225,0.00015683285892009735,0.9943210924048742,0.5678907595125793
vanilla_univariate,current_velocity,H,medium,168,1.152702173781236,0.625226667493553,0.963988260295551,0.9292733659876429,1.2185305146164476,3.701262176036835e-05,0.0,0.0,0.0,84672.0,0.0,Climate,1.152702173781236,0.625226667493553,3.701262176036835e-05,1.0,0.0
vanilla_multivariate,current_velocity,H,medium,168,1.1473694546649549,0.6223341959795847,0.9173868595481307,0.8415986500715817,1.2185305146164476,0.0023203156888484955,0.0,0.0,0.0,84672.0,0.0,Climate,1.152702173781236,0.625226667493553,3.701262176036835e-05,0.9953737233800921,0.46262766199078875
scope_selector,current_velocity,H,medium,168,1.152702173781236,0.625226667493553,0.963988260295551,0.9292733659876429,1.2185305146164476,,,,0.0,84672.0,0.0,Climate,1.152702173781236,0.625226667493553,3.701262176036835e-05,1.0,0.0
scope_selector_per_variate,current_velocity,H,medium,168,1.1396079571996802,0.61812435296432,0.9239118567117854,0.8536131189726187,1.2185305146164476,,,,0.0,84672.0,0.0,Climate,1.152702173781236,0.625226667493553,3.701262176036835e-05,0.988640416510535,1.1359583489464975
scope_mix,current_velocity,H,medium,168,1.1388344826906145,0.6177048197139332,0.9256600094951528,0.8568464531785664,1.2185305146164476,,,,0.0,84672.0,0.0,Climate,1.152702173781236,0.625226667493553,3.701262176036835e-05,0.9879694066637084,1.203059333629164
scope_mix_per_variate,current_velocity,H,medium,168,1.1351242952919265,0.6156924108230496,0.9184441957413736,0.8435397406910187,1.2185305146164476,,,,0.0,84672.0,0.0,Climate,1.152702173781236,0.625226667493553,3.701262176036835e-05,0.9847507197530058,1.5249280246994235
scope_ridge,current_velocity,H,medium,168,1.1393017297302361,0.6179582549169923,0.929442529915802,0.8638634164162865,1.2185305146164476,,,,0.0,84672.0,0.0,Climate,1.152702173781236,0.625226667493553,3.701262176036835e-05,0.9883747559813807,1.1625244018619307
top_k_1_mix,current_velocity,H,medium,168,1.1466116967086954,0.6219231874011896,0.9385226420547638,0.8808247496494542,1.2185305146164476,,,,0.0,84672.0,0.0,Climate,1.152702173781236,0.625226667493553,3.701262176036835e-05,0.9947163480636444,0.5283651936355604
top_k_5_mix,current_velocity,H,medium,168,1.1438698524164042,0.6204360086583647,0.9366094715079158,0.8772373021183375,1.2185305146164476,,,,0.0,84672.0,0.0,Climate,1.152702173781236,0.625226667493553,3.701262176036835e-05,0.9923377247256688,0.7662275274331165
top_k_10_mix,current_velocity,H,medium,168,1.1493717033898536,0.6234202174396252,0.9479735735577841,0.8986538961639156,1.2185305146164476,,,,0.0,84672.0,0.0,Climate,1.152702173781236,0.625226667493553,3.701262176036835e-05,0.9971107277602702,0.288927223972979
top_k_15_mix,current_velocity,H,medium,168,1.1539686156393407,0.6259135866653281,0.9601945545373721,0.9219735825632225,1.2185305146164476,,,,0.0,84672.0,0.0,Climate,1.152702173781236,0.625226667493553,3.701262176036835e-05,1.0010986722215942,-0.10986722215942102
top_k_20_mix,current_velocity,H,medium,168,1.155003319380591,0.6264748108797867,0.9599585904290076,0.921520495338447,1.2185305146164476,,,,0.0,84672.0,0.0,Climate,1.152702173781236,0.625226667493553,3.701262176036835e-05,1.0019963054218997,-0.1996305421899658
vanilla_univariate,current_velocity,H,long,336,1.3405690703885271,0.6777145949720215,1.2660694741424499,1.6029319133553395,1.9703509296939952,2.5171786546707153e-05,0.0,0.0,0.0,84672.0,0.0,Climate,1.3405690703885271,0.6777145949720215,2.5171786546707153e-05,1.0,0.0
vanilla_multivariate,current_velocity,H,long,336,1.353132705831222,0.6840660462276843,1.2101044402836905,1.4643527563943035,1.9703509296939952,0.0007074028253555298,0.0,0.0,0.0,84672.0,0.0,Climate,1.3405690703885271,0.6777145949720215,2.5171786546707153e-05,1.0093718673063623,-0.9371867306362303
scope_selector,current_velocity,H,long,336,1.3405690703885271,0.6777145949720215,1.2660694741424499,1.6029319133553395,1.9703509296939952,,,,0.0,84672.0,0.0,Climate,1.3405690703885271,0.6777145949720215,2.5171786546707153e-05,1.0,0.0
scope_selector_per_variate,current_velocity,H,long,336,1.3397798413389002,0.677315606171278,1.2908501038900306,1.666293990712903,1.9703509296939952,,,,0.0,84672.0,0.0,Climate,1.3405690703885271,0.6777145949720215,2.5171786546707153e-05,0.9994112731174692,0.058872688253075456
scope_mix,current_velocity,H,long,336,1.329214335183271,0.6719742941246997,1.2214946098070039,1.4920490817875645,1.9703509296939952,,,,0.0,84672.0,0.0,Climate,1.3405690703885271,0.6777145949720215,2.5171786546707153e-05,0.9915299140819613,0.8470085918038661
scope_mix_per_variate,current_velocity,H,long,336,1.3283035263987637,0.6715138416048526,1.2363214396713418,1.5284907021910192,1.9703509296939952,,,,0.0,84672.0,0.0,Climate,1.3405690703885271,0.6777145949720215,2.5171786546707153e-05,0.9908504945692888,0.9149505430711247
scope_ridge,current_velocity,H,long,336,1.332424857929257,0.6735973497139307,1.2451380385262822,1.5503687349850777,1.9703509296939952,,,,0.0,84672.0,0.0,Climate,1.3405690703885271,0.6777145949720215,2.5171786546707153e-05,0.9939248095162231,0.6075190483776916
top_k_1_mix,current_velocity,H,long,336,1.3223153874569233,0.6684865830717064,1.402538351667399,1.9671138278979046,1.9703509296939952,,,,0.0,84672.0,0.0,Climate,1.3405690703885271,0.6777145949720215,2.5171786546707153e-05,0.9863836311497822,1.3616368850217775
top_k_5_mix,current_velocity,H,long,336,1.3213395533220404,0.6679932574758157,1.362822740933539,1.8572858232056035,1.9703509296939952,,,,0.0,84672.0,0.0,Climate,1.3405690703885271,0.6777145949720215,2.5171786546707153e-05,0.9856557058556382,1.434429414436178
top_k_10_mix,current_velocity,H,long,336,1.3242649616813165,0.6694721756346241,1.3486463933074326,1.818847094181146,1.9703509296939952,,,,0.0,84672.0,0.0,Climate,1.3405690703885271,0.6777145949720215,2.5171786546707153e-05,0.9878379196810162,1.2162080318983803
top_k_15_mix,current_velocity,H,long,336,1.3307396584231543,0.6727454097982989,1.3300527189694453,1.7690402352380146,1.9703509296939952,,,,0.0,84672.0,0.0,Climate,1.3405690703885271,0.6777145949720215,2.5171786546707153e-05,0.9926677317995081,0.7332268200491932
top_k_20_mix,current_velocity,H,long,336,1.3247739083266528,0.6697294697772576,1.3003610633542573,1.6909388950878146,1.9703509296939952,,,,0.0,84672.0,0.0,Climate,1.3405690703885271,0.6777145949720215,2.5171786546707153e-05,0.988217569380967,1.1782430619032946
vanilla_univariate,CPHL,15T,short,12,0.6512083950143714,0.47578666614966564,0.6998075043932335,0.4897305432050854,1.2103073573379792,2.3830682039260864e-05,0.0,0.0,0.0,2875.0,0.0,Climate,0.6512083950143714,0.47578666614966564,2.3830682039260864e-05,1.0,0.0
vanilla_multivariate,CPHL,15T,short,12,0.6512084034917712,0.47578667234343375,0.6998075255886871,0.48973057287056093,1.2103073573379792,1.0454631131142378,0.0,0.0,0.0,2875.0,0.0,Climate,0.6512083950143714,0.47578666614966564,2.3830682039260864e-05,1.0000000130179523,-1.3017952271709987e-06
scope_selector,CPHL,15T,short,12,0.6512083950143714,0.47578666614966564,0.6998075043932335,0.4897305432050854,1.2103073573379792,,,,0.0,2875.0,0.0,Climate,0.6512083950143714,0.47578666614966564,2.3830682039260864e-05,1.0,0.0
scope_selector_per_variate,CPHL,15T,short,12,0.6512083950143714,0.47578666614966564,0.6998075043932335,0.4897305432050854,1.2103073573379792,,,,0.0,2875.0,0.0,Climate,0.6512083950143714,0.47578666614966564,2.3830682039260864e-05,1.0,0.0
scope_mix,CPHL,15T,short,12,0.6512084035109031,0.47578667235741195,0.6998075118682978,0.48973055366729784,1.2103073573379792,,,,0.0,2875.0,0.0,Climate,0.6512083950143714,0.47578666614966564,2.3830682039260864e-05,1.0000000130473314,-1.3047331437476828e-06
scope_mix_per_variate,CPHL,15T,short,12,0.6512083998396166,0.47578666967509214,0.699807516278529,0.4897305598399236,1.2103073573379792,,,,0.0,2875.0,0.0,Climate,0.6512083950143714,0.47578666614966564,2.3830682039260864e-05,1.000000007409679,-7.409679092518218e-07
scope_ridge,CPHL,15T,short,12,0.651208395895437,0.4757866667933908,0.6998074966740989,0.489730532401269,1.2103073573379792,,,,0.0,2875.0,0.0,Climate,0.6512083950143714,0.47578666614966564,2.3830682039260864e-05,1.0000000013529702,-1.352970180334978e-07
top_k_1_mix,CPHL,15T,short,12,0.6488342237820582,0.47405204628889774,0.6951943876414672,0.4832952366081946,1.2103073573379792,,,,0.0,2875.0,0.0,Climate,0.6512083950143714,0.47578666614966564,2.3830682039260864e-05,0.9963542066556731,0.36457933443269086
top_k_5_mix,CPHL,15T,short,12,0.6500347949051428,0.4749292090166838,0.6979778351972087,0.4871730584265818,1.2103073573379792,,,,0.0,2875.0,0.0,Climate,0.6512083950143714,0.47578666614966564,2.3830682039260864e-05,0.9981978117631565,0.1802188236843527
top_k_10_mix,CPHL,15T,short,12,0.6503967472005494,0.47519365904106176,0.6985755066205415,0.4880077384501461,1.2103073573379792,,,,0.0,2875.0,0.0,Climate,0.6512083950143714,0.47578666614966564,2.3830682039260864e-05,0.9987536281472476,0.12463718527524481
top_k_15_mix,CPHL,15T,short,12,0.6487281977921113,0.47397458145173,0.6997259306379109,0.48961637800709046,1.2103073573379792,,,,0.0,2875.0,0.0,Climate,0.6512083950143714,0.47578666614966564,2.3830682039260864e-05,0.9961913924309815,0.3808607569018463
top_k_20_mix,CPHL,15T,short,12,0.6468849770661714,0.47262788529288585,0.6973401979630748,0.4862833516951804,1.2103073573379792,,,,0.0,2875.0,0.0,Climate,0.6512083950143714,0.47578666614966564,2.3830682039260864e-05,0.9933609302624168,0.6639069737583214
vanilla_univariate,CPHL,15T,medium,96,1.065225535608098,0.775940065614347,0.6680661285833984,0.4463123521604098,0.6233469173388662,1.3887882232666016e-05,0.0,0.0,0.0,2875.0,0.0,Climate,1.065225535608098,0.775940065614347,1.3887882232666016e-05,1.0,0.0
vanilla_multivariate,CPHL,15T,medium,96,1.0652255105006003,0.7759400473253437,0.668066125704237,0.4463123483134693,0.6233469173388662,0.12899106182157993,0.0,0.0,0.0,2875.0,0.0,Climate,1.065225535608098,0.775940065614347,1.3887882232666016e-05,0.9999999764298763,2.3570123741656346e-06
scope_selector,CPHL,15T,medium,96,1.065225535608098,0.775940065614347,0.6680661285833984,0.4463123521604098,0.6233469173388662,,,,0.0,2875.0,0.0,Climate,1.065225535608098,0.775940065614347,1.3887882232666016e-05,1.0,0.0
scope_selector_per_variate,CPHL,15T,medium,96,1.065225535608098,0.775940065614347,0.6680661285833984,0.4463123521604098,0.6233469173388662,,,,0.0,2875.0,0.0,Climate,1.065225535608098,0.775940065614347,1.3887882232666016e-05,1.0,0.0
scope_mix,CPHL,15T,medium,96,1.0652255290452972,0.7759400608338195,0.66806612645801,0.44631234932060976,0.6233469173388662,,,,0.0,2875.0,0.0,Climate,1.065225535608098,0.775940065614347,1.3887882232666016e-05,0.9999999938390505,6.160949528322135e-07
scope_mix_per_variate,CPHL,15T,medium,96,1.0652255247689462,0.7759400577188058,0.6680661236269123,0.4463123455378889,0.6233469173388662,,,,0.0,2875.0,0.0,Climate,1.065225535608098,0.775940065614347,1.3887882232666016e-05,0.9999999898245475,1.0175452480609692e-06
scope_ridge,CPHL,15T,medium,96,1.0652255567662339,0.7759400810265249,0.6680661092408557,0.44631232631621504,0.6233469173388662,,,,0.0,2875.0,0.0,Climate,1.065225535608098,0.775940065614347,1.3887882232666016e-05,1.000000019862588,-1.9862588018781935e-06
top_k_1_mix,CPHL,15T,medium,96,1.041933320600005,0.7589733649133864,0.6465127480356685,0.4179787333726318,0.6233469173388662,,,,0.0,2875.0,0.0,Climate,1.065225535608098,0.775940065614347,1.3887882232666016e-05,0.9781340061522311,2.1865993847768883
top_k_5_mix,CPHL,15T,medium,96,1.0457160964692322,0.7617288446292354,0.6748842578653795,0.45546876151450416,0.6233469173388662,,,,0.0,2875.0,0.0,Climate,1.065225535608098,0.775940065614347,1.3887882232666016e-05,0.9816851563479198,1.8314843652080248
top_k_10_mix,CPHL,15T,medium,96,1.0522818748624259,0.7665115412009202,0.6876231738559686,0.47282562922375565,0.6233469173388662,,,,0.0,2875.0,0.0,Climate,1.065225535608098,0.775940065614347,1.3887882232666016e-05,0.9878489011829001,1.215109881709986
top_k_15_mix,CPHL,15T,medium,96,1.050689079376218,0.7653513044315559,0.6791203129391002,0.4612043994465014,0.6233469173388662,,,,0.0,2875.0,0.0,Climate,1.065225535608098,0.775940065614347,1.3887882232666016e-05,0.9863536352199991,1.364636478000092
top_k_20_mix,CPHL,15T,medium,96,1.049243776031711,0.764298505062332,0.6662031789573989,0.44382667565294404,0.6233469173388662,,,,0.0,2875.0,0.0,Climate,1.065225535608098,0.775940065614347,1.3887882232666016e-05,0.9849968302090472,1.5003169790952842
vanilla_univariate,CPHL,15T,long,288,1.1569175338572653,0.7431837188676761,0.4260351872588614,0.18150598078269312,0.9348312901421038,1.3459473848342896e-05,0.0,0.0,0.0,2875.0,0.0,Climate,1.1569175338572653,0.7431837188676761,1.3459473848342896e-05,1.0,0.0
vanilla_multivariate,CPHL,15T,long,288,1.1569175338572653,0.7431837188676761,0.4260351872588614,0.18150598078269312,0.9348312901421038,0.04598201997578144,0.0,0.0,0.0,2875.0,0.0,Climate,1.1569175338572653,0.7431837188676761,1.3459473848342896e-05,1.0,0.0
scope_selector,CPHL,15T,long,288,1.1569175338572653,0.7431837188676761,0.4260351872588614,0.18150598078269312,0.9348312901421038,,,,0.0,2875.0,0.0,Climate,1.1569175338572653,0.7431837188676761,1.3459473848342896e-05,1.0,0.0
scope_selector_per_variate,CPHL,15T,long,288,1.1569175338572653,0.7431837188676761,0.4260351872588614,0.18150598078269312,0.9348312901421038,,,,0.0,2875.0,0.0,Climate,1.1569175338572653,0.7431837188676761,1.3459473848342896e-05,1.0,0.0
scope_mix,CPHL,15T,long,288,1.156917533714811,0.743183718776166,0.4260351929594284,0.18150598563997739,0.9348312901421038,,,,0.0,2875.0,0.0,Climate,1.1569175338572653,0.7431837188676761,1.3459473848342896e-05,0.9999999998768674,1.2313261521512686e-08
scope_mix_per_variate,CPHL,15T,long,288,1.1569175345959795,0.7431837193422133,0.4260351880315605,0.1815059814410871,0.9348312901421038,,,,0.0,2875.0,0.0,Climate,1.1569175338572653,0.7431837188676761,1.3459473848342896e-05,1.0000000006385192,-6.385192374835924e-08
scope_ridge,CPHL,15T,long,288,1.1569175353148125,0.7431837198039791,0.42603518865935786,0.18150598197601464,0.9348312901421038,,,,0.0,2875.0,0.0,Climate,1.1569175338572653,0.7431837188676761,1.3459473848342896e-05,1.000000001259854,-1.2598539989028268e-07
top_k_1_mix,CPHL,15T,long,288,1.1590938582951535,0.7445817518664671,0.434299727327665,0.18861625315688413,0.9348312901421038,,,,0.0,2875.0,0.0,Climate,1.1569175338572653,0.7431837188676761,1.3459473848342896e-05,1.0018811405084616,-0.1881140508461554
top_k_5_mix,CPHL,15T,long,288,1.1486481498801113,0.737871610305888,0.4242084906362055,0.17995284352784768,0.9348312901421038,,,,0.0,2875.0,0.0,Climate,1.1569175338572653,0.7431837188676761,1.3459473848342896e-05,0.9928522269434511,0.7147773056548901
top_k_10_mix,CPHL,15T,long,288,1.1483334756026926,0.7376694690184754,0.4293407859165504,0.18433351045144117,0.9348312901421038,,,,0.0,2875.0,0.0,Climate,1.1569175338572653,0.7431837188676761,1.3459473848342896e-05,0.9925802332462257,0.7419766753774315
top_k_15_mix,CPHL,15T,long,288,1.1438757623156992,0.7348059114689341,0.43276129575264505,0.1872823391015083,0.9348312901421038,,,,0.0,2875.0,0.0,Climate,1.1569175338572653,0.7431837188676761,1.3459473848342896e-05,0.9887271381408806,1.1272861859119354
top_k_20_mix,CPHL,15T,long,288,1.1508015566360534,0.7392549213840597,0.42845707626439067,0.18357546620102988,0.9348312901421038,,,,0.0,2875.0,0.0,Climate,1.1569175338572653,0.7431837188676761,1.3459473848342896e-05,0.9947135581904264,0.5286441809573605
vanilla_univariate,CPHL,30T,short,12,1.369510162917805,0.7148483192029693,1.006554438691692,1.0131518380499471,2.00872837438365,2.4098902940750122e-05,0.0,0.0,0.0,2681.0,0.0,Climate,1.369510162917805,0.7148483192029693,2.4098902940750122e-05,1.0,0.0
vanilla_multivariate,CPHL,30T,short,12,1.3695101582901847,0.7148483167874731,1.006554443154725,1.0131518470345189,2.00872837438365,1.0445401817560196,0.0,0.0,0.0,2681.0,0.0,Climate,1.369510162917805,0.7148483192029693,2.4098902940750122e-05,0.9999999966209668,3.379033164385703e-07
scope_selector,CPHL,30T,short,12,1.369510162917805,0.7148483192029693,1.006554438691692,1.0131518380499471,2.00872837438365,,,,0.0,2681.0,0.0,Climate,1.369510162917805,0.7148483192029693,2.4098902940750122e-05,1.0,0.0
scope_selector_per_variate,CPHL,30T,short,12,1.369510162917805,0.7148483192029693,1.006554438691692,1.0131518380499471,2.00872837438365,,,,0.0,2681.0,0.0,Climate,1.369510162917805,0.7148483192029693,2.4098902940750122e-05,1.0,0.0
scope_mix,CPHL,30T,short,12,1.3695101424864027,0.7148483085383142,1.006554412127186,1.0131517845727052,2.00872837438365,,,,0.0,2681.0,0.0,Climate,1.369510162917805,0.7148483192029693,2.4098902940750122e-05,0.9999999850812334,1.491876655546065e-06
scope_mix_per_variate,CPHL,30T,short,12,1.3695101636559968,0.714848319588286,1.0065544449797816,1.0131518507085564,2.00872837438365,,,,0.0,2681.0,0.0,Climate,1.369510162917805,0.7148483192029693,2.4098902940750122e-05,1.0000000005390188,-5.390188295706366e-08
scope_ridge,CPHL,30T,short,12,1.369510163347626,0.7148483194273245,1.0065544493998932,1.0131518596067222,2.00872837438365,,,,0.0,2681.0,0.0,Climate,1.369510162917805,0.7148483192029693,2.4098902940750122e-05,1.0000000003138503,-3.1385027909891505e-08
top_k_1_mix,CPHL,30T,short,12,1.3745413961166855,0.7174744907299299,1.0224178856173352,1.0453383328302224,2.00872837438365,,,,0.0,2681.0,0.0,Climate,1.369510162917805,0.7148483192029693,2.4098902940750122e-05,1.003673746522743,-0.36737465227429933
top_k_5_mix,CPHL,30T,short,12,1.3749873303130837,0.7177072566628903,1.021875911793047,1.0442303791028709,2.00872837438365,,,,0.0,2681.0,0.0,Climate,1.369510162917805,0.7148483192029693,2.4098902940750122e-05,1.003999362358589,-0.3999362358588998
top_k_10_mix,CPHL,30T,short,12,1.3762841512015138,0.7183841630908254,1.0255616439543525,1.0517766855503539,2.00872837438365,,,,0.0,2681.0,0.0,Climate,1.369510162917805,0.7148483192029693,2.4098902940750122e-05,1.0049462855166233,-0.494628551662335
top_k_15_mix,CPHL,30T,short,12,1.3755841901175665,0.7180188017974845,1.0293745521053574,1.059611968522105,2.00872837438365,,,,0.0,2681.0,0.0,Climate,1.369510162917805,0.7148483192029693,2.4098902940750122e-05,1.0044351822748219,-0.44351822748218694
top_k_20_mix,CPHL,30T,short,12,1.3764844165015842,0.7184886963152047,1.0283006418329557,1.0574022099940685,2.00872837438365,,,,0.0,2681.0,0.0,Climate,1.369510162917805,0.7148483192029693,2.4098902940750122e-05,1.0050925168520985,-0.509251685209855
vanilla_univariate,CPHL,30T,medium,48,1.5182478312316134,0.801888244042546,0.9574351493573398,0.9166820652249115,1.4876388063522994,1.5847384929656982e-05,0.0,0.0,0.0,2681.0,0.0,Climate,1.5182478312316134,0.801888244042546,1.5847384929656982e-05,1.0,0.0
vanilla_multivariate,CPHL,30T,medium,48,1.5182478428276724,0.8018882501672004,0.957435126800036,0.916682022030601,1.4876388063522994,0.256888035684824,0.0,0.0,0.0,2681.0,0.0,Climate,1.5182478312316134,0.801888244042546,1.5847384929656982e-05,1.0000000076377906,-7.637790622183616e-07
scope_selector,CPHL,30T,medium,48,1.5182478312316134,0.801888244042546,0.9574351493573398,0.9166820652249115,1.4876388063522994,,,,0.0,2681.0,0.0,Climate,1.5182478312316134,0.801888244042546,1.5847384929656982e-05,1.0,0.0
scope_selector_per_variate,CPHL,30T,medium,48,1.5182478312316134,0.801888244042546,0.9574351493573398,0.9166820652249115,1.4876388063522994,,,,0.0,2681.0,0.0,Climate,1.5182478312316134,0.801888244042546,1.5847384929656982e-05,1.0,0.0
scope_mix,CPHL,30T,medium,48,1.5182478373743276,0.8018882472869242,0.9574351368802047,0.9166820413328162,1.4876388063522994,,,,0.0,2681.0,0.0,Climate,1.5182478312316134,0.801888244042546,1.5847384929656982e-05,1.0000000040459232,-4.045923152062869e-07
scope_mix_per_variate,CPHL,30T,medium,48,1.5182478373743276,0.8018882472869242,0.9574351368802047,0.9166820413328162,1.4876388063522994,,,,0.0,2681.0,0.0,Climate,1.5182478312316134,0.801888244042546,1.5847384929656982e-05,1.0000000040459232,-4.045923152062869e-07
scope_ridge,CPHL,30T,medium,48,1.5182478312316134,0.801888244042546,0.9574351493573398,0.9166820652249115,1.4876388063522994,,,,0.0,2681.0,0.0,Climate,1.5182478312316134,0.801888244042546,1.5847384929656982e-05,1.0,0.0
top_k_1_mix,CPHL,30T,medium,48,1.518754125561572,0.8021556519471499,0.9634025739944632,0.928144519579157,1.4876388063522994,,,,0.0,2681.0,0.0,Climate,1.5182478312316134,0.801888244042546,1.5847384929656982e-05,1.0003334727832596,-0.033347278325956964
top_k_5_mix,CPHL,30T,medium,48,1.5120116933329826,0.7985945224469856,0.9683684296386581,0.9377374155208408,1.4876388063522994,,,,0.0,2681.0,0.0,Climate,1.5182478312316134,0.801888244042546,1.5847384929656982e-05,0.9958925428573989,0.41074571426010786
top_k_10_mix,CPHL,30T,medium,48,1.5214912511181924,0.8036013110557434,0.9768206820399744,0.9541786448610409,1.4876388063522994,,,,0.0,2681.0,0.0,Climate,1.5182478312316134,0.801888244042546,1.5847384929656982e-05,1.0021362914669523,-0.2136291466952267
top_k_15_mix,CPHL,30T,medium,48,1.51528608247971,0.8003239463981803,0.9676566825487507,0.9363594552812536,1.4876388063522994,,,,0.0,2681.0,0.0,Climate,1.5182478312316134,0.801888244042546,1.5847384929656982e-05,0.9980492323512817,0.19507676487182657
top_k_20_mix,CPHL,30T,medium,48,1.5116231893661838,0.7983893275128442,0.9648732675027788,0.9309804223414889,1.4876388063522994,,,,0.0,2681.0,0.0,Climate,1.5182478312316134,0.801888244042546,1.5847384929656982e-05,0.9956366531674504,0.4363346832549575
vanilla_univariate,CPHL,30T,long,144,1.7964635512898783,0.807887085239443,0.9683303472969411,0.9376636614962145,1.6073134698343936,1.3658776879310608e-05,0.0,0.0,0.0,2681.0,0.0,Climate,1.7964635512898783,0.807887085239443,1.3658776879310608e-05,1.0,0.0
vanilla_multivariate,CPHL,30T,long,144,1.7964635237217261,0.8078870728417775,0.9683303761140201,0.9376637173051195,1.6073134698343936,0.0867843460291624,0.0,0.0,0.0,2681.0,0.0,Climate,1.7964635512898783,0.807887085239443,1.3658776879310608e-05,0.9999999846542101,1.5345789861065384e-06
scope_selector,CPHL,30T,long,144,1.7964635237217261,0.8078870728417775,0.9683303761140201,0.9376637173051195,1.6073134698343936,,,,0.0,2681.0,0.0,Climate,1.7964635512898783,0.807887085239443,1.3658776879310608e-05,0.9999999846542101,1.5345789861065384e-06
scope_selector_per_variate,CPHL,30T,long,144,1.7964635237217261,0.8078870728417775,0.9683303761140201,0.9376637173051195,1.6073134698343936,,,,0.0,2681.0,0.0,Climate,1.7964635512898783,0.807887085239443,1.3658776879310608e-05,0.9999999846542101,1.5345789861065384e-06
scope_mix,CPHL,30T,long,144,1.7964635297103126,0.807887075534903,0.9683304066416684,0.9376637764268189,1.6073134698343936,,,,0.0,2681.0,0.0,Climate,1.7964635512898783,0.807887085239443,1.3658776879310608e-05,0.999999987987752,1.2012247974091395e-06
scope_mix_per_variate,CPHL,30T,long,144,1.7964635694196631,0.8078870933925831,0.968330344189324,0.9376636554778146,1.6073134698343936,,,,0.0,2681.0,0.0,Climate,1.7964635512898783,0.807887085239443,1.3658776879310608e-05,1.0000000100919302,-1.0091930180422537e-06
scope_ridge,CPHL,30T,long,144,1.796463550687435,0.8078870849685184,0.9683303547361738,0.9376636759034842,1.6073134698343936,,,,0.0,2681.0,0.0,Climate,1.7964635512898783,0.807887085239443,1.3658776879310608e-05,0.9999999996646504,3.3534963694847875e-08
top_k_1_mix,CPHL,30T,long,144,1.7959473500137384,0.8076549445182588,0.9958632911226982,0.991743694605732,1.6073134698343936,,,,0.0,2681.0,0.0,Climate,1.7964635512898783,0.807887085239443,1.3658776879310608e-05,0.9997126569722111,0.028734302778887777
top_k_5_mix,CPHL,30T,long,144,1.7920670450864464,0.8059099337523574,0.9801753360527032,0.9607436894060297,1.6073134698343936,,,,0.0,2681.0,0.0,Climate,1.7964635512898783,0.807887085239443,1.3658776879310608e-05,0.9975526883357722,0.2447311664227847
top_k_10_mix,CPHL,30T,long,144,1.8059675390892789,0.812161120744308,0.9923658815371131,0.9847900428389316,1.6073134698343936,,,,0.0,2681.0,0.0,Climate,1.7964635512898783,0.807887085239443,1.3658776879310608e-05,1.0052903872124634,-0.5290387212463443
top_k_15_mix,CPHL,30T,long,144,1.8009642697249635,0.8099111019779922,0.9881290514124252,0.9763990222452194,1.6073134698343936,,,,0.0,2681.0,0.0,Climate,1.7964635512898783,0.807887085239443,1.3658776879310608e-05,1.002505321319686,-0.2505321319685949
top_k_20_mix,CPHL,30T,long,144,1.80553629294922,0.8119671851719094,0.9922842566364071,0.9846280459684669,1.6073134698343936,,,,0.0,2681.0,0.0,Climate,1.7964635512898783,0.807887085239443,1.3658776879310608e-05,1.0050503343932735,-0.5050334393273515
vanilla_univariate,CPHL,H,short,24,1.242231586401445,0.7985822986378156,0.823487584800338,0.6781318023202939,0.9459225828742138,1.8579885363578796e-05,0.0,0.0,0.0,2654.0,0.0,Climate,1.242231586401445,0.7985822986378156,1.8579885363578796e-05,1.0,0.0
vanilla_multivariate,CPHL,H,short,24,1.2422315245199103,0.7985822588565874,0.8234876041330759,0.6781318341608336,0.9459225828742138,0.40411018021404743,0.0,0.0,0.0,2654.0,0.0,Climate,1.242231586401445,0.7985822986378156,1.8579885363578796e-05,0.9999999501851865,4.981481349641825e-06
scope_selector,CPHL,H,short,24,1.242231586401445,0.7985822986378156,0.823487584800338,0.6781318023202939,0.9459225828742138,,,,0.0,2654.0,0.0,Climate,1.242231586401445,0.7985822986378156,1.8579885363578796e-05,1.0,0.0
scope_selector_per_variate,CPHL,H,short,24,1.242231586401445,0.7985822986378156,0.823487584800338,0.6781318023202939,0.9459225828742138,,,,0.0,2654.0,0.0,Climate,1.242231586401445,0.7985822986378156,1.8579885363578796e-05,1.0,0.0
scope_mix,CPHL,H,short,24,1.2422315584446977,0.7985822806655117,0.8234875928104642,0.678131815512773,0.9459225828742138,,,,0.0,2654.0,0.0,Climate,1.242231586401445,0.7985822986378156,1.8579885363578796e-05,0.999999977494738,2.250526198732672e-06
scope_mix_per_variate,CPHL,H,short,24,1.2422315554847378,0.7985822787626689,0.8234876061326959,0.6781318374541582,0.9459225828742138,,,,0.0,2654.0,0.0,Climate,1.242231586401445,0.7985822986378156,1.8579885363578796e-05,0.9999999751119618,2.4888038185899575e-06
scope_ridge,CPHL,H,short,24,1.2422315941556836,0.7985823036227135,0.8234876000058291,0.6781318273633603,0.9459225828742138,,,,0.0,2654.0,0.0,Climate,1.242231586401445,0.7985822986378156,1.8579885363578796e-05,1.0000000062421843,-6.242184324989353e-07
top_k_1_mix,CPHL,H,short,24,1.2456874658032397,0.8008039488894366,0.8246236446499965,0.6800041553158437,0.9459225828742138,,,,0.0,2654.0,0.0,Climate,1.242231586401445,0.7985822986378156,1.8579885363578796e-05,1.0027819928583572,-0.27819928583572295
top_k_5_mix,CPHL,H,short,24,1.2527305404641653,0.8053316672422544,0.8375579793369867,0.7015033687510562,0.9459225828742138,,,,0.0,2654.0,0.0,Climate,1.242231586401445,0.7985822986378156,1.8579885363578796e-05,1.0084516882179224,-0.8451688217922415
top_k_10_mix,CPHL,H,short,24,1.2555011793758684,0.8071128030747545,0.8424238153755329,0.70967788471187,0.9459225828742138,,,,0.0,2654.0,0.0,Climate,1.242231586401445,0.7985822986378156,1.8579885363578796e-05,1.010682060510845,-1.0682060510845082
top_k_15_mix,CPHL,H,short,24,1.2537857797023837,0.8060100394440999,0.8405488763968993,0.70652241361209,0.9459225828742138,,,,0.0,2654.0,0.0,Climate,1.242231586401445,0.7985822986378156,1.8579885363578796e-05,1.0093011588398018,-0.930115883980176
top_k_20_mix,CPHL,H,short,24,1.25586613083064,0.807347416149187,0.84610218634192,0.7158889097325772,0.9459225828742138,,,,0.0,2654.0,0.0,Climate,1.242231586401445,0.7985822986378156,1.8579885363578796e-05,1.0109758474816215,-1.0975847481621503
vanilla_univariate,CPHL,H,medium,168,1.8356686518765377,0.8240486507551307,0.7463910255879903,0.557099563078292,0.6049068284587019,1.4252960681915283e-05,0.0,0.0,0.0,2654.0,0.0,Climate,1.8356686518765377,0.8240486507551307,1.4252960681915283e-05,1.0,0.0
vanilla_multivariate,CPHL,H,medium,168,1.8356686518765377,0.8240486507551307,0.7463910255879903,0.557099563078292,0.6049068284587019,0.07389624789357185,0.0,0.0,0.0,2654.0,0.0,Climate,1.8356686518765377,0.8240486507551307,1.4252960681915283e-05,1.0,0.0
scope_selector,CPHL,H,medium,168,1.8356686518765377,0.8240486507551307,0.7463910255879903,0.557099563078292,0.6049068284587019,,,,0.0,2654.0,0.0,Climate,1.8356686518765377,0.8240486507551307,1.4252960681915283e-05,1.0,0.0
scope_selector_per_variate,CPHL,H,medium,168,1.8356686518765377,0.8240486507551307,0.7463910255879903,0.557099563078292,0.6049068284587019,,,,0.0,2654.0,0.0,Climate,1.8356686518765377,0.8240486507551307,1.4252960681915283e-05,1.0,0.0
scope_mix,CPHL,H,medium,168,1.8356686495313062,0.8240486497023346,0.7463910013230106,0.5570995268559664,0.6049068284587019,,,,0.0,2654.0,0.0,Climate,1.8356686518765377,0.8240486507551307,1.4252960681915283e-05,0.9999999987224102,1.2775898117212137e-07
scope_mix_per_variate,CPHL,H,medium,168,1.835668656719485,0.8240486529291746,0.7463910533788259,0.5570996045639535,0.6049068284587019,,,,0.0,2654.0,0.0,Climate,1.8356686518765377,0.8240486507551307,1.4252960681915283e-05,1.000000002638247,-2.6382469542340914e-07
scope_ridge,CPHL,H,medium,168,1.83566864519891,0.8240486477574818,0.7463909855969233,0.5570995033803465,0.6049068284587019,,,,0.0,2654.0,0.0,Climate,1.8356686518765377,0.8240486507551307,1.4252960681915283e-05,0.9999999963622913,3.6377086898298217e-07
top_k_1_mix,CPHL,H,medium,168,1.8325075328306473,0.8226295951527052,0.7482141371491945,0.5598243950299135,0.6049068284587019,,,,0.0,2654.0,0.0,Climate,1.8356686518765377,0.8240486507551307,1.4252960681915283e-05,0.998277946816459,0.1722053183541017
top_k_5_mix,CPHL,H,medium,168,1.8094948914122695,0.8122990073901806,0.7939730378728173,0.6303931848689901,0.6049068284587019,,,,0.0,2654.0,0.0,Climate,1.8356686518765377,0.8240486507551307,1.4252960681915283e-05,0.9857415659206732,1.425843407932681
top_k_10_mix,CPHL,H,medium,168,1.8018888985850654,0.8088846068007803,0.8074482854207451,0.651972733628901,0.6049068284587019,,,,0.0,2654.0,0.0,Climate,1.8356686518765377,0.8240486507551307,1.4252960681915283e-05,0.9815981205230364,1.840187947696359
top_k_15_mix,CPHL,H,medium,168,1.8069543198254354,0.8111585212865816,0.8106755574536815,0.6571948594528372,0.6049068284587019,,,,0.0,2654.0,0.0,Climate,1.8356686518765377,0.8240486507551307,1.4252960681915283e-05,0.9843575625580637,1.5642437441936274
top_k_20_mix,CPHL,H,medium,168,1.8036717233212247,0.8096849333285897,0.8089378176226385,0.6543803927800771,0.6049068284587019,,,,0.0,2654.0,0.0,Climate,1.8356686518765377,0.8240486507551307,1.4252960681915283e-05,0.982569333238543,1.7430666761456992
vanilla_univariate,CPHL,H,long,336,2.139118123635133,0.8474232166084327,0.7135558023180002,0.509161883021685,1.3278778683794659,1.3260170817375183e-05,0.0,0.0,0.0,2654.0,0.0,Climate,2.139118123635133,0.8474232166084327,1.3260170817375183e-05,1.0,0.0
vanilla_multivariate,CPHL,H,long,336,2.139118123635133,0.8474232166084327,0.7135558023180002,0.509161883021685,1.3278778683794659,0.043677037581801414,0.0,0.0,0.0,2654.0,0.0,Climate,2.139118123635133,0.8474232166084327,1.3260170817375183e-05,1.0,0.0
scope_selector,CPHL,H,long,336,2.139118123635133,0.8474232166084327,0.7135558023180002,0.509161883021685,1.3278778683794659,,,,0.0,2654.0,0.0,Climate,2.139118123635133,0.8474232166084327,1.3260170817375183e-05,1.0,0.0
scope_selector_per_variate,CPHL,H,long,336,2.139118123635133,0.8474232166084327,0.7135558023180002,0.509161883021685,1.3278778683794659,,,,0.0,2654.0,0.0,Climate,2.139118123635133,0.8474232166084327,1.3260170817375183e-05,1.0,0.0
scope_mix,CPHL,H,long,336,2.139118109987009,0.8474232112016545,0.7135557902807377,0.5091618658431681,1.3278778683794659,,,,0.0,2654.0,0.0,Climate,2.139118123635133,0.8474232166084327,1.3260170817375183e-05,0.9999999936197427,6.380257322469163e-07
scope_mix_per_variate,CPHL,H,long,336,2.1391181271207445,0.8474232179892764,0.7135558040940991,0.5091618855563764,1.3278778683794659,,,,0.0,2654.0,0.0,Climate,2.139118123635133,0.8474232166084327,1.3260170817375183e-05,1.000000001629462,-1.6294618987444665e-07
scope_ridge,CPHL,H,long,336,2.139118116012553,0.8474232135887064,0.7135557937246807,0.5091618707580591,1.3278778683794659,,,,0.0,2654.0,0.0,Climate,2.139118123635133,0.8474232166084327,1.3260170817375183e-05,0.9999999964365783,3.563421668850708e-07
top_k_1_mix,CPHL,H,long,336,2.0687995890253124,0.8195661487224473,0.7112721322290035,0.5059080460855931,1.3278778683794659,,,,0.0,2654.0,0.0,Climate,2.139118123635133,0.8474232166084327,1.3260170817375183e-05,0.9671273251192299,3.287267488077006
top_k_5_mix,CPHL,H,long,336,2.0702780881144305,0.8201518641347986,0.7084986768117838,0.5019703750440485,1.3278778683794659,,,,0.0,2654.0,0.0,Climate,2.139118123635133,0.8474232166084327,1.3260170817375183e-05,0.9678184973704405,3.2181502629559544
top_k_10_mix,CPHL,H,long,336,2.0619585340564774,0.8168560277886703,0.713592039278543,0.5092135985217096,1.3278778683794659,,,,0.0,2654.0,0.0,Climate,2.139118123635133,0.8474232166084327,1.3260170817375183e-05,0.9639292525615492,3.6070747438450845
top_k_15_mix,CPHL,H,long,336,2.0734296371189096,0.8214003673217737,0.7030336526817008,0.4942563168029743,1.3278778683794659,,,,0.0,2654.0,0.0,Climate,2.139118123635133,0.8474232166084327,1.3260170817375183e-05,0.9692917909532761,3.070820904672389
top_k_20_mix,CPHL,H,long,336,2.0789924266418223,0.82360409648415,0.7116149571984942,0.5063958473086148,1.3278778683794659,,,,0.0,2654.0,0.0,Climate,2.139118123635133,0.8474232166084327,1.3260170817375183e-05,0.9718922969568714,2.8107703043128596
vanilla_univariate,Coastal_T_S,15T,short,12,1.1295659155326603,0.7800999590665647,1.1375794160202055,1.294086927752872,1.6108624064484944,8.834153413772583e-05,0.0,0.0,0.0,21600.0,0.0,Climate,1.1295659155326603,0.7800999590665647,8.834153413772583e-05,1.0,0.0
vanilla_multivariate,Coastal_T_S,15T,short,12,1.1305421467327808,0.7807741631203355,1.1399986256225172,1.299596866421228,1.6108624064484944,0.002013200893998146,0.0,0.0,0.0,21600.0,0.0,Climate,1.1295659155326603,0.7800999590665647,8.834153413772583e-05,1.0008642534151362,-0.08642534151361847
scope_selector,Coastal_T_S,15T,short,12,1.1305421467327808,0.7807741631203355,1.1399986256225172,1.299596866421228,1.6108624064484944,,,,0.0,21600.0,0.0,Climate,1.1295659155326603,0.7800999590665647,8.834153413772583e-05,1.0008642534151362,-0.08642534151361847
scope_selector_per_variate,Coastal_T_S,15T,short,12,1.1304923294163538,0.7807397583229075,1.1409097181633994,1.3016749849996871,1.6108624064484944,,,,0.0,21600.0,0.0,Climate,1.1295659155326603,0.7800999590665647,8.834153413772583e-05,1.0008201503524092,-0.08201503524092324
scope_mix,Coastal_T_S,15T,short,12,1.1288103069049633,0.7795781212070549,1.1384709412083434,1.2961160839758112,1.6108624064484944,,,,0.0,21600.0,0.0,Climate,1.1295659155326603,0.7800999590665647,8.834153413772583e-05,0.9993310628292633,0.06689371707366831
scope_mix_per_variate,Coastal_T_S,15T,short,12,1.1288918168415278,0.7796344135378549,1.1389558640566413,1.2972204602690105,1.6108624064484944,,,,0.0,21600.0,0.0,Climate,1.1295659155326603,0.7800999590665647,8.834153413772583e-05,0.9994032232365877,0.05967767634122989
scope_ridge,Coastal_T_S,15T,short,12,1.1294838401911682,0.7800432762562409,1.1391747605822258,1.2977191351475716,1.6108624064484944,,,,0.0,21600.0,0.0,Climate,1.1295659155326603,0.7800999590665647,8.834153413772583e-05,0.9999273390420484,0.007266095795155358
top_k_1_mix,Coastal_T_S,15T,short,12,1.1276072689649952,0.7787472800539895,1.1350485416512925,1.288335191904726,1.6108624064484944,,,,0.0,21600.0,0.0,Climate,1.1295659155326603,0.7800999590665647,8.834153413772583e-05,0.9982660183520663,0.17339816479337022
top_k_5_mix,Coastal_T_S,15T,short,12,1.127144523555506,0.778427699168946,1.1340903129336262,1.2861608378898899,1.6108624064484944,,,,0.0,21600.0,0.0,Climate,1.1295659155326603,0.7800999590665647,8.834153413772583e-05,0.9978563517685354,0.21436482314646232
top_k_10_mix,Coastal_T_S,15T,short,12,1.1266479902049973,0.7780847836816065,1.1320403876824006,1.2815154393441197,1.6108624064484944,,,,0.0,21600.0,0.0,Climate,1.1295659155326603,0.7800999590665647,8.834153413772583e-05,0.997416772861558,0.2583227138441946
top_k_15_mix,Coastal_T_S,15T,short,12,1.1275763794364857,0.7787259471511508,1.1324990492736924,1.2825540966058173,1.6108624064484944,,,,0.0,21600.0,0.0,Climate,1.1295659155326603,0.7800999590665647,8.834153413772583e-05,0.998238671981142,0.17613280188579772
top_k_20_mix,Coastal_T_S,15T,short,12,1.1279193824831368,0.7789628316560503,1.1340542218758842,1.2860789781545174,1.6108624064484944,,,,0.0,21600.0,0.0,Climate,1.1295659155326603,0.7800999590665647,8.834153413772583e-05,0.9985423311496195,0.14576688503804558
vanilla_univariate,Coastal_T_S,15T,medium,96,1.2529514317793624,0.863100868964898,1.0703285679465226,1.1456032433624541,1.2834579947320974,2.5929883122444153e-05,0.0,0.0,0.0,21600.0,0.0,Climate,1.2529514317793624,0.863100868964898,2.5929883122444153e-05,1.0,0.0
vanilla_multivariate,Coastal_T_S,15T,medium,96,1.249904498327334,0.8610019760282506,1.0713332032773761,1.1477548324445639,1.2834579947320974,0.0021657925099134445,0.0,0.0,0.0,21600.0,0.0,Climate,1.2529514317793624,0.863100868964898,2.5929883122444153e-05,0.9975681950834269,0.24318049165731326
scope_selector,Coastal_T_S,15T,medium,96,1.2529514317793624,0.863100868964898,1.0703285679465226,1.1456032433624541,1.2834579947320974,,,,0.0,21600.0,0.0,Climate,1.2529514317793624,0.863100868964898,2.5929883122444153e-05,1.0,0.0
scope_selector_per_variate,Coastal_T_S,15T,medium,96,1.2525916210819685,0.8628530118511211,1.0699583444412548,1.144810858839471,1.2834579947320974,,,,0.0,21600.0,0.0,Climate,1.2529514317793624,0.863100868964898,2.5929883122444153e-05,0.9997128294934123,0.028717050658766397
scope_mix,Coastal_T_S,15T,medium,96,1.2494894231324274,0.8607160497326871,1.071406326473319,1.1479115164070521,1.2834579947320974,,,,0.0,21600.0,0.0,Climate,1.2529514317793624,0.863100868964898,2.5929883122444153e-05,0.9972369171229418,0.2763082877058176
scope_mix_per_variate,Coastal_T_S,15T,medium,96,1.2495159193972551,0.8607343017962684,1.0712858811269717,1.147653439101992,1.2834579947320974,,,,0.0,21600.0,0.0,Climate,1.2529514317793624,0.863100868964898,2.5929883122444153e-05,0.9972580642034716,0.2741935796528372
scope_ridge,Coastal_T_S,15T,medium,96,1.2498014182753532,0.8609309689004554,1.0713195764619432,1.1477256349105973,1.2834579947320974,,,,0.0,21600.0,0.0,Climate,1.2529514317793624,0.863100868964898,2.5929883122444153e-05,0.9974859252927819,0.25140747072180947
top_k_1_mix,Coastal_T_S,15T,medium,96,1.2541426813875332,0.8639214662728927,1.070699297852597,1.1463969864220445,1.2834579947320974,,,,0.0,21600.0,0.0,Climate,1.2529514317793624,0.863100868964898,2.5929883122444153e-05,1.0009507548161536,-0.09507548161535873
top_k_5_mix,Coastal_T_S,15T,medium,96,1.2555056475832953,0.864860351275212,1.070282410821602,1.1455044389141007,1.2834579947320974,,,,0.0,21600.0,0.0,Climate,1.2529514317793624,0.863100868964898,2.5929883122444153e-05,1.0020385593081653,-0.2038559308165322
top_k_10_mix,Coastal_T_S,15T,medium,96,1.2554808244071174,0.8648432517257911,1.067485749620677,1.1395258256432188,1.2834579947320974,,,,0.0,21600.0,0.0,Climate,1.2529514317793624,0.863100868964898,2.5929883122444153e-05,1.0020187475456754,-0.20187475456754367
top_k_15_mix,Coastal_T_S,15T,medium,96,1.2546001946491065,0.8642366262093527,1.0670114770793444,1.1385134922190445,1.2834579947320974,,,,0.0,21600.0,0.0,Climate,1.2529514317793624,0.863100868964898,2.5929883122444153e-05,1.0013159032568426,-0.131590325684261
top_k_20_mix,Coastal_T_S,15T,medium,96,1.2553127783648834,0.8647274925020898,1.0686372077026558,1.141985481686529,1.2834579947320974,,,,0.0,21600.0,0.0,Climate,1.2529514317793624,0.863100868964898,2.5929883122444153e-05,1.001884627389082,-0.18846273890820164
vanilla_univariate,Coastal_T_S,15T,long,288,1.3934309680427852,0.8744442617018597,1.0874675165620515,1.182585599577636,1.3306993853637727,1.8998980522155762e-05,0.0,0.0,0.0,21600.0,0.0,Climate,1.3934309680427852,0.8744442617018597,1.8998980522155762e-05,1.0,0.0
vanilla_multivariate,Coastal_T_S,15T,long,288,1.3875581107601154,0.8707587642007973,1.0881091527396196,1.1839815282757329,1.3306993853637727,0.00021694228053092957,0.0,0.0,0.0,21600.0,0.0,Climate,1.3934309680427852,0.8744442617018597,1.8998980522155762e-05,0.9957853259922026,0.4214674007797403
scope_selector,Coastal_T_S,15T,long,288,1.3934309680427852,0.8744442617018597,1.0874675165620515,1.182585599577636,1.3306993853637727,,,,0.0,21600.0,0.0,Climate,1.3934309680427852,0.8744442617018597,1.8998980522155762e-05,1.0,0.0
scope_selector_per_variate,Coastal_T_S,15T,long,288,1.393877030957161,0.8747241874138466,1.083694622060845,1.1743940338835979,1.3306993853637727,,,,0.0,21600.0,0.0,Climate,1.3934309680427852,0.8744442617018597,1.8998980522155762e-05,1.000320118416058,-0.03201184160579462
scope_mix,Coastal_T_S,15T,long,288,1.3871409739047873,0.8704969909677837,1.088495402759057,1.1848222418276015,1.3306993853637727,,,,0.0,21600.0,0.0,Climate,1.3934309680427852,0.8744442617018597,1.8998980522155762e-05,0.9954859664509733,0.4514033549026686
scope_mix_per_variate,Coastal_T_S,15T,long,288,1.3872252468860502,0.8705498762750373,1.0891319039861262,1.1862083042804445,1.3306993853637727,,,,0.0,21600.0,0.0,Climate,1.3934309680427852,0.8744442617018597,1.8998980522155762e-05,0.995546445213966,0.4453554786034042
scope_ridge,Coastal_T_S,15T,long,288,1.386221860369828,0.8699202034735121,1.0885836188562816,1.185014295242238,1.3306993853637727,,,,0.0,21600.0,0.0,Climate,1.3934309680427852,0.8744442617018597,1.8998980522155762e-05,0.9948263618088787,0.5173638191121266
top_k_1_mix,Coastal_T_S,15T,long,288,1.402587321197696,0.8801903091617305,1.0873643294443605,1.1823611849479836,1.3306993853637727,,,,0.0,21600.0,0.0,Climate,1.3934309680427852,0.8744442617018597,1.8998980522155762e-05,1.0065710848724512,-0.6571084872451172
top_k_5_mix,Coastal_T_S,15T,long,288,1.4021910503532635,0.8799416303438049,1.093540282591282,1.1958303496498213,1.3306993853637727,,,,0.0,21600.0,0.0,Climate,1.3934309680427852,0.8744442617018597,1.8998980522155762e-05,1.006286699887819,-0.6286699887819047
top_k_10_mix,Coastal_T_S,15T,long,288,1.4081847362796125,0.8837029535703876,1.0985962908717064,1.2069138103170711,1.3306993853637727,,,,0.0,21600.0,0.0,Climate,1.3934309680427852,0.8744442617018597,1.8998980522155762e-05,1.010588086941652,-1.058808694165192
top_k_15_mix,Coastal_T_S,15T,long,288,1.4087809532610152,0.8840771081069766,1.1001199141719051,1.2102638255575997,1.3306993853637727,,,,0.0,21600.0,0.0,Climate,1.3934309680427852,0.8744442617018597,1.8998980522155762e-05,1.0110159638835863,-1.1015963883586277
top_k_20_mix,Coastal_T_S,15T,long,288,1.4066862141988739,0.8827625596329858,1.0964716301540223,1.2022500357326191,1.3306993853637727,,,,0.0,21600.0,0.0,Climate,1.3934309680427852,0.8744442617018597,1.8998980522155762e-05,1.0095126679829047,-0.9512667982904732
vanilla_univariate,Coastal_T_S,20T,short,9,0.45098831808800305,0.35281935614106075,0.39936239597759887,0.15949032332096846,1.391596656960766,3.099068999290466e-05,0.0,0.0,0.0,3240.0,0.0,Climate,0.45098831808800305,0.35281935614106075,3.099068999290466e-05,1.0,0.0
vanilla_multivariate,Coastal_T_S,20T,short,9,0.4837238683743286,0.3784291897259098,0.40475140646475044,0.16382370103519364,1.391596656960766,0.0004908796399831772,0.0,0.0,0.0,3240.0,0.0,Climate,0.45098831808800305,0.35281935614106075,3.099068999290466e-05,1.0725862488525428,-7.258624885254283
scope_selector,Coastal_T_S,20T,short,9,0.4837238683743286,0.3784291897259098,0.40475140646475044,0.16382370103519364,1.391596656960766,,,,0.0,3240.0,0.0,Climate,0.45098831808800305,0.35281935614106075,3.099068999290466e-05,1.0725862488525428,-7.258624885254283
scope_selector_per_variate,Coastal_T_S,20T,short,9,0.4837238683743286,0.3784291897259098,0.40475140646475044,0.16382370103519364,1.391596656960766,,,,0.0,3240.0,0.0,Climate,0.45098831808800305,0.35281935614106075,3.099068999290466e-05,1.0725862488525428,-7.258624885254283
scope_mix,Coastal_T_S,20T,short,9,0.4560739755432675,0.35679799220978986,0.3923517155664113,0.1539398687079061,1.391596656960766,,,,0.0,3240.0,0.0,Climate,0.45098831808800305,0.35281935614106075,3.099068999290466e-05,1.011276694431522,-1.1276694431521905
scope_mix_per_variate,Coastal_T_S,20T,short,9,0.45292751231588485,0.3543364359222275,0.38910310747182963,0.1514012282442342,1.391596656960766,,,,0.0,3240.0,0.0,Climate,0.45098831808800305,0.35281935614106075,3.099068999290466e-05,1.0042998768484805,-0.4299876848480544
scope_ridge,Coastal_T_S,20T,short,9,0.4759029012723221,0.3723106530218351,0.40061139256004796,0.16048948784890085,1.391596656960766,,,,0.0,3240.0,0.0,Climate,0.45098831808800305,0.35281935614106075,3.099068999290466e-05,1.0552444091899014,-5.524440918990137
top_k_1_mix,Coastal_T_S,20T,short,9,0.44475948051693287,0.34794638189053173,0.40229806596064305,0.16184373387567388,1.391596656960766,,,,0.0,3240.0,0.0,Climate,0.45098831808800305,0.35281935614106075,3.099068999290466e-05,0.9861884724698019,1.3811527530198098
top_k_5_mix,Coastal_T_S,20T,short,9,0.43930072122839137,0.34367585899610853,0.39759010553595364,0.15807789202009076,1.391596656960766,,,,0.0,3240.0,0.0,Climate,0.45098831808800305,0.35281935614106075,3.099068999290466e-05,0.974084479817211,2.5915520182788976
top_k_10_mix,Coastal_T_S,20T,short,9,0.44120183333144497,0.3451631461857081,0.3978219796069499,0.1582623274583925,1.391596656960766,,,,0.0,3240.0,0.0,Climate,0.45098831808800305,0.35281935614106075,3.099068999290466e-05,0.9782999151772964,2.170008482270358
top_k_15_mix,Coastal_T_S,20T,short,9,0.44095227044713664,0.3449679069464044,0.399417889442977,0.1595346504070822,1.391596656960766,,,,0.0,3240.0,0.0,Climate,0.45098831808800305,0.35281935614106075,3.099068999290466e-05,0.9777465463331402,2.2253453666859824
top_k_20_mix,Coastal_T_S,20T,short,9,0.4399803958055189,0.3442075852893842,0.39945028322672665,0.15956052876991214,1.391596656960766,,,,0.0,3240.0,0.0,Climate,0.45098831808800305,0.35281935614106075,3.099068999290466e-05,0.9755915578275884,2.440844217241156
vanilla_univariate,Coastal_T_S,20T,medium,72,1.0186017399878884,0.7940637273176242,0.6655677499714245,0.4429804298020246,0.8089647179022766,1.7760321497917175e-05,0.0,0.0,0.0,3240.0,0.0,Climate,1.0186017399878884,0.7940637273176242,1.7760321497917175e-05,1.0,0.0
vanilla_multivariate,Coastal_T_S,20T,medium,72,0.9893873247652253,0.7712892645100224,0.6390491723308408,0.4083838446567327,0.8089647179022766,0.00018753111362457275,0.0,0.0,0.0,3240.0,0.0,Climate,1.0186017399878884,0.7940637273176242,1.7760321497917175e-05,0.9713190994323154,2.8680900567684575
scope_selector,Coastal_T_S,20T,medium,72,0.9893873247652253,0.7712892645100224,0.6390491723308408,0.4083838446567327,0.8089647179022766,,,,0.0,3240.0,0.0,Climate,1.0186017399878884,0.7940637273176242,1.7760321497917175e-05,0.9713190994323154,2.8680900567684575
scope_selector_per_variate,Coastal_T_S,20T,medium,72,0.9893873247652253,0.7712892645100224,0.6390491723308408,0.4083838446567327,0.8089647179022766,,,,0.0,3240.0,0.0,Climate,1.0186017399878884,0.7940637273176242,1.7760321497917175e-05,0.9713190994323154,2.8680900567684575
scope_mix,Coastal_T_S,20T,medium,72,0.9876055712514638,0.7699002762717777,0.6374607977061376,0.40635626861214535,0.8089647179022766,,,,0.0,3240.0,0.0,Climate,1.0186017399878884,0.7940637273176242,1.7760321497917175e-05,0.9695698843624662,3.043011563753384
scope_mix_per_variate,Coastal_T_S,20T,medium,72,0.9863068622666036,0.7688878514380726,0.6378855898843209,0.40689802578206796,0.8089647179022766,,,,0.0,3240.0,0.0,Climate,1.0186017399878884,0.7940637273176242,1.7760321497917175e-05,0.9682948924457278,3.170510755427225
scope_ridge,Coastal_T_S,20T,medium,72,0.9887169800203937,0.7707666888793592,0.6383890357010404,0.4075405609033043,0.8089647179022766,,,,0.0,3240.0,0.0,Climate,1.0186017399878884,0.7940637273176242,1.7760321497917175e-05,0.9706609965462556,2.9339003453744406
top_k_1_mix,Coastal_T_S,20T,medium,72,0.9900102832658709,0.7717748996013121,0.6709064316916481,0.45011544008522003,0.8089647179022766,,,,0.0,3240.0,0.0,Climate,1.0186017399878884,0.7940637273176242,1.7760321497917175e-05,0.9719306814434094,2.806931855659056
top_k_5_mix,Coastal_T_S,20T,medium,72,0.9340439105792604,0.7281456137329161,0.6216910168985103,0.38649972049230374,0.8089647179022766,,,,0.0,3240.0,0.0,Climate,1.0186017399878884,0.7940637273176242,1.7760321497917175e-05,0.9169863685785247,8.301363142147533
top_k_10_mix,Coastal_T_S,20T,medium,72,0.9520188887420237,0.7421582327949514,0.6449277242160557,0.4159317694625009,0.8089647179022766,,,,0.0,3240.0,0.0,Climate,1.0186017399878884,0.7940637273176242,1.7760321497917175e-05,0.9346330870722286,6.5366912927771414
top_k_15_mix,Coastal_T_S,20T,medium,72,0.9608029785238256,0.7490059798578155,0.6429933750940297,0.4134404804148116,0.8089647179022766,,,,0.0,3240.0,0.0,Climate,1.0186017399878884,0.7940637273176242,1.7760321497917175e-05,0.9432567615045012,5.674323849549879
top_k_20_mix,Coastal_T_S,20T,medium,72,0.9603391210899559,0.7486443739932045,0.6448495222001304,0.41583090628173647,0.8089647179022766,,,,0.0,3240.0,0.0,Climate,1.0186017399878884,0.7940637273176242,1.7760321497917175e-05,0.9428013750510329,5.71986249489671
vanilla_univariate,Coastal_T_S,20T,long,216,1.6549054876483558,0.9004890505261754,1.3634452295777586,1.8589828940583466,1.7356310305571765,1.380033791065216e-05,0.0,0.0,0.0,3240.0,0.0,Climate,1.6549054876483558,0.9004890505261754,1.380033791065216e-05,1.0,0.0
vanilla_multivariate,Coastal_T_S,20T,long,216,1.4010791372080962,0.7623737013340763,1.0382638711302885,1.0779918660944523,1.7356310305571765,0.00017378106713294983,0.0,0.0,0.0,3240.0,0.0,Climate,1.6549054876483558,0.9004890505261754,1.380033791065216e-05,0.8466218449725788,15.337815502742124
scope_selector,Coastal_T_S,20T,long,216,1.4010791372080962,0.7623737013340763,1.0382638711302885,1.0779918660944523,1.7356310305571765,,,,0.0,3240.0,0.0,Climate,1.6549054876483558,0.9004890505261754,1.380033791065216e-05,0.8466218449725788,15.337815502742124
scope_selector_per_variate,Coastal_T_S,20T,long,216,1.3952684955504822,0.7592119381830894,1.0443308611964566,1.0906269476473325,1.7356310305571765,,,,0.0,3240.0,0.0,Climate,1.6549054876483558,0.9004890505261754,1.380033791065216e-05,0.8431106827334162,15.688931726658383
scope_mix,Coastal_T_S,20T,long,216,1.4634521244105447,0.7963129156539389,1.1231548207993136,1.261476751484738,1.7356310305571765,,,,0.0,3240.0,0.0,Climate,1.6549054876483558,0.9004890505261754,1.380033791065216e-05,0.8843116028880483,11.568839711195167
scope_mix_per_variate,Coastal_T_S,20T,long,216,1.4467014826343096,0.7871983350199595,1.1059012258374965,1.2230175213088776,1.7356310305571765,,,,0.0,3240.0,0.0,Climate,1.6549054876483558,0.9004890505261754,1.380033791065216e-05,0.8741897911584625,12.581020884153748
scope_ridge,Coastal_T_S,20T,long,216,1.3917544839015752,0.7572998477121353,1.0224707343742563,1.0454464026518309,1.7356310305571765,,,,0.0,3240.0,0.0,Climate,1.6549054876483558,0.9004890505261754,1.380033791065216e-05,0.8409872915940826,15.901270840591742
top_k_1_mix,Coastal_T_S,20T,long,216,1.6093791898986578,0.875716679571715,1.3051874571993325,1.7035142984304597,1.7356310305571765,,,,0.0,3240.0,0.0,Climate,1.6549054876483558,0.9004890505261754,1.380033791065216e-05,0.9724900919783694,2.750990802163056
top_k_5_mix,Coastal_T_S,20T,long,216,1.566371073179973,0.8523145345682797,1.2683370805683516,1.6086789499446494,1.7356310305571765,,,,0.0,3240.0,0.0,Climate,1.6549054876483558,0.9004890505261754,1.380033791065216e-05,0.9465018303890022,5.349816961099785
top_k_10_mix,Coastal_T_S,20T,long,216,1.5469424018953057,0.8417427491166669,1.2366220436073434,1.5292340787356025,1.7356310305571765,,,,0.0,3240.0,0.0,Climate,1.6549054876483558,0.9004890505261754,1.380033791065216e-05,0.934761781528402,6.523821847159805
top_k_15_mix,Coastal_T_S,20T,long,216,1.5427209753665838,0.8394457307098232,1.2349724247130156,1.525156889801545,1.7356310305571765,,,,0.0,3240.0,0.0,Climate,1.6549054876483558,0.9004890505261754,1.380033791065216e-05,0.9322109249627375,6.77890750372625
top_k_20_mix,Coastal_T_S,20T,long,216,1.5440253329146103,0.8401554749814663,1.217977827175029,1.483469987490005,1.7356310305571765,,,,0.0,3240.0,0.0,Climate,1.6549054876483558,0.9004890505261754,1.380033791065216e-05,0.9329991014222161,6.700089857778391
vanilla_univariate,Coastal_T_S,H,short,24,0.9169079063510758,0.7609599261858339,1.5212659283904557,2.3142500248816753,2.6970812724109106,9.544380009174347e-05,0.0,0.0,0.0,48384.0,0.0,Climate,0.9169079063510758,0.7609599261858339,9.544380009174347e-05,1.0,0.0
vanilla_multivariate,Coastal_T_S,H,short,24,0.9170105849553357,0.7610451411813391,1.5165902284567034,2.300045921050356,2.6970812724109106,0.002096971496939659,0.0,0.0,0.0,48384.0,0.0,Climate,0.9169079063510758,0.7609599261858339,9.544380009174347e-05,1.0001119835520544,-0.011198355205443988
scope_selector,Coastal_T_S,H,short,24,0.9169079063510758,0.7609599261858339,1.5212659283904557,2.3142500248816753,2.6970812724109106,,,,0.0,48384.0,0.0,Climate,0.9169079063510758,0.7609599261858339,9.544380009174347e-05,1.0,0.0
scope_selector_per_variate,Coastal_T_S,H,short,24,0.9143145674952863,0.7588076632043422,1.5168570866251072,2.300855421244808,2.6970812724109106,,,,0.0,48384.0,0.0,Climate,0.9169079063510758,0.7609599261858339,9.544380009174347e-05,0.9971716474055612,0.282835259443881
scope_mix,Coastal_T_S,H,short,24,0.912172116344753,0.7570296008078093,1.51770565217103,2.303430446631891,2.6970812724109106,,,,0.0,48384.0,0.0,Climate,0.9169079063510758,0.7609599261858339,9.544380009174347e-05,0.9948350428941448,0.5164957105855184
scope_mix_per_variate,Coastal_T_S,H,short,24,0.9114856346172987,0.7564598761047795,1.5158180945889863,2.297704495883385,2.6970812724109106,,,,0.0,48384.0,0.0,Climate,0.9169079063510758,0.7609599261858339,9.544380009174347e-05,0.994086350770651,0.5913649229349005
scope_ridge,Coastal_T_S,H,short,24,0.9122037722621894,0.757055872677022,1.517898366774487,2.304015451856655,2.6970812724109106,,,,0.0,48384.0,0.0,Climate,0.9169079063510758,0.7609599261858339,9.544380009174347e-05,0.9948695675363877,0.5130432463612333
top_k_1_mix,Coastal_T_S,H,short,24,0.9162388416984419,0.7604046562561547,1.519765384266232,2.3096868232138874,2.6970812724109106,,,,0.0,48384.0,0.0,Climate,0.9169079063510758,0.7609599261858339,9.544380009174347e-05,0.9992703033227225,0.07296966772775137
top_k_5_mix,Coastal_T_S,H,short,24,0.9179973053903868,0.7618640398997619,1.5189145585610713,2.3071014362087743,2.6970812724109106,,,,0.0,48384.0,0.0,Climate,0.9169079063510758,0.7609599261858339,9.544380009174347e-05,1.0011881226367068,-0.11881226367067566
top_k_10_mix,Coastal_T_S,H,short,24,0.9204546945958241,0.7639034755894607,1.5222616722408011,2.31728059877336,2.6970812724109106,,,,0.0,48384.0,0.0,Climate,0.9169079063510758,0.7609599261858339,9.544380009174347e-05,1.0038682055418882,-0.3868205541888159
top_k_15_mix,Coastal_T_S,H,short,24,0.9201748625294754,0.763671237447464,1.5237835430378337,2.3219162860329337,2.6970812724109106,,,,0.0,48384.0,0.0,Climate,0.9169079063510758,0.7609599261858339,9.544380009174347e-05,1.0035630145140757,-0.3563014514075702
top_k_20_mix,Coastal_T_S,H,short,24,0.9186933688642837,0.7624417166828372,1.5181728011979336,2.3048486542971807,2.6970812724109106,,,,0.0,48384.0,0.0,Climate,0.9169079063510758,0.7609599261858339,9.544380009174347e-05,1.0019472648243521,-0.19472648243521462
vanilla_univariate,Coastal_T_S,H,medium,168,1.621760770730577,0.7891782506921592,1.6197800923856889,2.6236875476889905,3.0797064254343613,2.717040479183197e-05,0.0,0.0,0.0,48384.0,0.0,Climate,1.621760770730577,0.7891782506921592,2.717040479183197e-05,1.0,0.0
vanilla_multivariate,Coastal_T_S,H,medium,168,1.6186084008630783,0.787644250251116,1.5734960211707336,2.4758897286401296,3.0797064254343613,0.002200225368142128,0.0,0.0,0.0,48384.0,0.0,Climate,1.621760770730577,0.7891782506921592,2.717040479183197e-05,0.9980562053760379,0.1943794623962103
scope_selector,Coastal_T_S,H,medium,168,1.621760770730577,0.7891782506921592,1.6197800923856889,2.6236875476889905,3.0797064254343613,,,,0.0,48384.0,0.0,Climate,1.621760770730577,0.7891782506921592,2.717040479183197e-05,1.0,0.0
scope_selector_per_variate,Coastal_T_S,H,medium,168,1.6077028487992893,0.7823374105150331,1.590779688229537,2.5305800164836634,3.0797064254343613,,,,0.0,48384.0,0.0,Climate,1.621760770730577,0.7891782506921592,2.717040479183197e-05,0.991331691957899,0.8668308042100947
scope_mix,Coastal_T_S,H,medium,168,1.612570423705767,0.7847060608851347,1.594644443036052,2.5428908997057604,3.0797064254343613,,,,0.0,48384.0,0.0,Climate,1.621760770730577,0.7891782506921592,2.717040479183197e-05,0.9943331056030724,0.566689439692758
scope_mix_per_variate,Coastal_T_S,H,medium,168,1.6087397351496537,0.7828419782483977,1.5828691715126353,2.5054748141250966,3.0797064254343613,,,,0.0,48384.0,0.0,Climate,1.621760770730577,0.7891782506921592,2.717040479183197e-05,0.9919710503448314,0.8028949655168649
scope_ridge,Coastal_T_S,H,medium,168,1.6159810774316261,0.7863657469434413,1.6077905904134637,2.5849905826220745,3.0797064254343613,,,,0.0,48384.0,0.0,Climate,1.621760770730577,0.7891782506921592,2.717040479183197e-05,0.9964361616070246,0.35638383929753603
top_k_1_mix,Coastal_T_S,H,medium,168,1.5781427662030914,0.7679529373580741,1.5524753805169957,2.4101798071113905,3.0797064254343613,,,,0.0,48384.0,0.0,Climate,1.621760770730577,0.7891782506921592,2.717040479183197e-05,0.9731045384037521,2.6895461596247894
top_k_5_mix,Coastal_T_S,H,medium,168,1.5710484838721643,0.7645007307065868,1.524737568404947,2.32482465250543,3.0797064254343613,,,,0.0,48384.0,0.0,Climate,1.621760770730577,0.7891782506921592,2.717040479183197e-05,0.9687301063303143,3.126989366968569
top_k_10_mix,Coastal_T_S,H,medium,168,1.5889602665874791,0.7732169295474813,1.5327915673155494,2.349449988833659,3.0797064254343613,,,,0.0,48384.0,0.0,Climate,1.621760770730577,0.7891782506921592,2.717040479183197e-05,0.9797747579451427,2.0225242054857318
top_k_15_mix,Coastal_T_S,H,medium,168,1.5912972396809302,0.7743541431064045,1.5304393484245176,2.3422445992060617,3.0797064254343613,,,,0.0,48384.0,0.0,Climate,1.621760770730577,0.7891782506921592,2.717040479183197e-05,0.9812157677017163,1.8784232298283743
top_k_20_mix,Coastal_T_S,H,medium,168,1.5952720362679476,0.7762883513287346,1.5338075032432634,2.3525654570053334,3.0797064254343613,,,,0.0,48384.0,0.0,Climate,1.621760770730577,0.7891782506921592,2.717040479183197e-05,0.9836666819541474,1.6333318045852585
vanilla_univariate,Coastal_T_S,H,long,336,2.317675042511819,0.8756469518654262,3.4365983027615967,11.810207894543888,9.314770885075767,2.1791085600852966e-05,0.0,0.0,0.0,48384.0,0.0,Climate,2.317675042511819,0.8756469518654262,2.1791085600852966e-05,1.0,0.0
vanilla_multivariate,Coastal_T_S,H,long,336,2.2993970749811012,0.8687413044985622,3.270865420000294,10.698560595753698,9.314770885075767,0.00027044303715229034,0.0,0.0,0.0,48384.0,0.0,Climate,2.317675042511819,0.8756469518654262,2.1791085600852966e-05,0.9921136625301411,0.7886337469858895
scope_selector,Coastal_T_S,H,long,336,2.317675042511819,0.8756469518654262,3.4365983027615967,11.810207894543888,9.314770885075767,,,,0.0,48384.0,0.0,Climate,2.317675042511819,0.8756469518654262,2.1791085600852966e-05,1.0,0.0
scope_selector_per_variate,Coastal_T_S,H,long,336,2.30223514805858,0.8698135644115708,3.4002005434343476,11.561363735571234,9.314770885075767,,,,0.0,48384.0,0.0,Climate,2.317675042511819,0.8756469518654262,2.1791085600852966e-05,0.9933381970422801,0.6661802957719898
scope_mix,Coastal_T_S,H,long,336,2.2958091054774,0.8673857242288203,3.358646004876887,11.280502986075476,9.314770885075767,,,,0.0,48384.0,0.0,Climate,2.317675042511819,0.8756469518654262,2.1791085600852966e-05,0.9905655725529489,0.9434427447051141
scope_mix_per_variate,Coastal_T_S,H,long,336,2.28551059433323,0.863494816432544,3.34069396578444,11.160236173028569,9.314770885075767,,,,0.0,48384.0,0.0,Climate,2.317675042511819,0.8756469518654262,2.1791085600852966e-05,0.9861221061673383,1.3877893832661692
scope_ridge,Coastal_T_S,H,long,336,2.3123798003591305,0.8736463423902663,3.423018093601152,11.717052869120867,9.314770885075767,,,,0.0,48384.0,0.0,Climate,2.317675042511819,0.8756469518654262,2.1791085600852966e-05,0.9977152784339648,0.22847215660352083
top_k_1_mix,Coastal_T_S,H,long,336,2.298650159910486,0.8684591105356942,3.3441496120912846,11.183336628050288,9.314770885075767,,,,0.0,48384.0,0.0,Climate,2.317675042511819,0.8756469518654262,2.1791085600852966e-05,0.9917913934212649,0.8208606578735123
top_k_5_mix,Coastal_T_S,H,long,336,2.3541544932823095,0.889429349866436,3.3541146828121167,11.250085305455826,9.314770885075767,,,,0.0,48384.0,0.0,Climate,2.317675042511819,0.8756469518654262,2.1791085600852966e-05,1.0157396745019764,-1.5739674501976442
top_k_10_mix,Coastal_T_S,H,long,336,2.3539319887176813,0.889345284827024,3.3907569178811148,11.497232476158636,9.314770885075767,,,,0.0,48384.0,0.0,Climate,2.317675042511819,0.8756469518654262,2.1791085600852966e-05,1.0156436711535575,-1.564367115355747
top_k_15_mix,Coastal_T_S,H,long,336,2.366110585087693,0.8939465126064985,3.3552641939045507,11.257797810897955,9.314770885075767,,,,0.0,48384.0,0.0,Climate,2.317675042511819,0.8756469518654262,2.1791085600852966e-05,1.0208983320299214,-2.089833202992142
top_k_20_mix,Coastal_T_S,H,long,336,2.3691361789519454,0.8950896202450672,3.32791646648701,11.075028007915385,9.314770885075767,,,,0.0,48384.0,0.0,Climate,2.317675042511819,0.8756469518654262,2.1791085600852966e-05,1.0222037755492912,-2.2203775549291205
vanilla_univariate,SG_Weather,D,short,3,0.8502706466728596,0.7954173532008473,0.5680700738679066,0.3227036088242889,0.6515856757834457,0.00013263151049613953,0.0,0.0,0.0,8492.0,0.0,Climate,0.8502706466728596,0.7954173532008473,0.00013263151049613953,1.0,0.0
vanilla_multivariate,SG_Weather,D,short,3,0.8518474893871785,0.7968924694631168,0.5783635060442408,0.3345043451237866,0.6515856757834457,0.0028802230954170227,0.0,0.0,0.0,8492.0,0.0,Climate,0.8502706466728596,0.7954173532008473,0.00013263151049613953,1.001854518582394,-0.1854518582393938
scope_selector,SG_Weather,D,short,3,0.8502706466728596,0.7954173532008473,0.5680700738679066,0.3227036088242889,0.6515856757834457,,,,0.0,8492.0,0.0,Climate,0.8502706466728596,0.7954173532008473,0.00013263151049613953,1.0,0.0
scope_selector_per_variate,SG_Weather,D,short,3,0.8511274988040969,0.7962189274489766,0.5698638513782647,0.3247448091076689,0.6515856757834457,,,,0.0,8492.0,0.0,Climate,0.8502706466728596,0.7954173532008473,0.00013263151049613953,1.0010077404583944,-0.10077404583943572
scope_mix,SG_Weather,D,short,3,0.8491076949360398,0.7943294266729573,0.572084965666596,0.32728120794175025,0.6515856757834457,,,,0.0,8492.0,0.0,Climate,0.8502706466728596,0.7954173532008473,0.00013263151049613953,0.9986322569862073,0.13677430137927216
scope_mix_per_variate,SG_Weather,D,short,3,0.8491084554933217,0.7943301381646012,0.5721861067584136,0.32739694076735076,0.6515856757834457,,,,0.0,8492.0,0.0,Climate,0.8502706466728596,0.7954173532008473,0.00013263151049613953,0.998633151474668,0.13668485253319762
scope_ridge,SG_Weather,D,short,3,0.8491591423185528,0.7943775550435976,0.572520593896454,0.3277798304355485,0.6515856757834457,,,,0.0,8492.0,0.0,Climate,0.8502706466728596,0.7954173532008473,0.00013263151049613953,0.9986927640526506,0.13072359473493833
top_k_1_mix,SG_Weather,D,short,3,0.8521149818762904,0.7971427052774697,0.5644600689254546,0.31861516941132895,0.6515856757834457,,,,0.0,8492.0,0.0,Climate,0.8502706466728596,0.7954173532008473,0.00013263151049613953,1.002169115458293,-0.2169115458293014
top_k_5_mix,SG_Weather,D,short,3,0.8530909803455433,0.7980557394062838,0.562500334593306,0.31640662641758116,0.6515856757834457,,,,0.0,8492.0,0.0,Climate,0.8502706466728596,0.7954173532008473,0.00013263151049613953,1.0033169834613482,-0.3316983461348233
top_k_10_mix,SG_Weather,D,short,3,0.8534143096148498,0.7983582098168648,0.5620036473716703,0.3158480996590608,0.6515856757834457,,,,0.0,8492.0,0.0,Climate,0.8502706466728596,0.7954173532008473,0.00013263151049613953,1.003697249757229,-0.369724975722896
top_k_15_mix,SG_Weather,D,short,3,0.8536438629958468,0.7985729540791129,0.5615632267412549,0.31535325762805005,0.6515856757834457,,,,0.0,8492.0,0.0,Climate,0.8502706466728596,0.7954173532008473,0.00013263151049613953,1.0039672265956572,-0.39672265956571806
top_k_20_mix,SG_Weather,D,short,3,0.8538143377958188,0.7987324310817729,0.561377569251793,0.31514477525905166,0.6515856757834457,,,,0.0,8492.0,0.0,Climate,0.8502706466728596,0.7954173532008473,0.00013263151049613953,1.0041677213447575,-0.41677213447575134
vanilla_univariate,SG_Weather,D,medium,7,0.8849706053444711,0.7497818803392814,0.474334919528338,0.2249936158839549,0.6201815357152103,6.641075015068054e-05,0.0,0.0,0.0,8444.0,0.0,Climate,0.8849706053444711,0.7497818803392814,6.641075015068054e-05,1.0,0.0
vanilla_multivariate,SG_Weather,D,medium,7,0.8880768388465542,0.7524136034517775,0.48357800795848366,0.2338476897810953,0.6201815357152103,0.0028834939002990723,0.0,0.0,0.0,8444.0,0.0,Climate,0.8849706053444711,0.7497818803392814,6.641075015068054e-05,1.0035099849456288,-0.3509984945628819
scope_selector,SG_Weather,D,medium,7,0.8849706053444711,0.7497818803392814,0.474334919528338,0.2249936158839549,0.6201815357152103,,,,0.0,8444.0,0.0,Climate,0.8849706053444711,0.7497818803392814,6.641075015068054e-05,1.0,0.0
scope_selector_per_variate,SG_Weather,D,medium,7,0.8856920601480337,0.7503931252054139,0.4767081551407778,0.22725066517772385,0.6201815357152103,,,,0.0,8444.0,0.0,Climate,0.8849706053444711,0.7497818803392814,6.641075015068054e-05,1.0008152302451692,-0.08152302451691629
scope_mix,SG_Weather,D,medium,7,0.8844715584300133,0.7493590681784708,0.47781279668892723,0.2283050686796941,0.6201815357152103,,,,0.0,8444.0,0.0,Climate,0.8849706053444711,0.7497818803392814,6.641075015068054e-05,0.9994360864514098,0.056391354859020026
scope_mix_per_variate,SG_Weather,D,medium,7,0.8847612425320839,0.7496044999356875,0.4781024520944716,0.2285819546987465,0.6201815357152103,,,,0.0,8444.0,0.0,Climate,0.8849706053444711,0.7497818803392814,6.641075015068054e-05,0.9997634239927033,0.023657600729665162
scope_ridge,SG_Weather,D,medium,7,0.8842586644600562,0.7491786960393925,0.4766348079231782,0.227180740123965,0.6201815357152103,,,,0.0,8444.0,0.0,Climate,0.8849706053444711,0.7497818803392814,6.641075015068054e-05,0.9991955203030299,0.08044796969700618
top_k_1_mix,SG_Weather,D,medium,7,0.885932412405409,0.7505967610848322,0.47225807355051264,0.22302768803364142,0.6201815357152103,,,,0.0,8444.0,0.0,Climate,0.8849706053444711,0.7497818803392814,6.641075015068054e-05,1.0010868237375674,-0.10868237375674106
top_k_5_mix,SG_Weather,D,medium,7,0.8867202857329016,0.7512642783349974,0.4703546707245577,0.22123351627240712,0.6201815357152103,,,,0.0,8444.0,0.0,Climate,0.8849706053444711,0.7497818803392814,6.641075015068054e-05,1.0019771056551074,-0.19771056551074473
top_k_10_mix,SG_Weather,D,medium,7,0.8870576955513851,0.7515501451950035,0.46978197049332404,0.2206950998005904,0.6201815357152103,,,,0.0,8444.0,0.0,Climate,0.8849706053444711,0.7497818803392814,6.641075015068054e-05,1.0023583723507987,-0.2358372350798721
top_k_15_mix,SG_Weather,D,medium,7,0.8874163171920282,0.7518539835444671,0.46989948707681245,0.22080552795505143,0.6201815357152103,,,,0.0,8444.0,0.0,Climate,0.8849706053444711,0.7497818803392814,6.641075015068054e-05,1.0027636080032343,-0.27636080032342747
top_k_20_mix,SG_Weather,D,medium,7,0.8873872653645843,0.7518293696943837,0.4697910639292113,0.22070364374774032,0.6201815357152103,,,,0.0,8444.0,0.0,Climate,0.8849706053444711,0.7497818803392814,6.641075015068054e-05,1.0027307799892093,-0.2730779989209342
vanilla_univariate,SG_Weather,D,long,14,0.898750714382442,0.7566460219756559,0.40121266011918644,0.1609715986399138,0.5518559441190071,4.135258495807648e-05,0.0,0.0,0.0,8444.0,0.0,Climate,0.898750714382442,0.7566460219756559,4.135258495807648e-05,1.0,0.0
vanilla_multivariate,SG_Weather,D,long,14,0.8996563650699254,0.757408476991288,0.40568437996138856,0.16457981614465628,0.5518559441190071,0.0006575100123882294,0.0,0.0,0.0,8444.0,0.0,Climate,0.898750714382442,0.7566460219756559,4.135258495807648e-05,1.0010076772935927,-0.10076772935927458
scope_selector,SG_Weather,D,long,14,0.898750714382442,0.7566460219756559,0.40121266011918644,0.1609715986399138,0.5518559441190071,,,,0.0,8444.0,0.0,Climate,0.898750714382442,0.7566460219756559,4.135258495807648e-05,1.0,0.0
scope_selector_per_variate,SG_Weather,D,long,14,0.9010700601426217,0.7585986476759112,0.4028308365245979,0.16227268285510732,0.5518559441190071,,,,0.0,8444.0,0.0,Climate,0.898750714382442,0.7566460219756559,4.135258495807648e-05,1.0025806330087574,-0.2580633008757438
scope_mix,SG_Weather,D,long,14,0.8965789644982985,0.7548176552391772,0.40242619881867564,0.16194684549564825,0.5518559441190071,,,,0.0,8444.0,0.0,Climate,0.898750714382442,0.7566460219756559,4.135258495807648e-05,0.9975835903667284,0.241640963327161
scope_mix_per_variate,SG_Weather,D,long,14,0.8969619027949896,0.7551400457911029,0.40245265326004664,0.16196813811605132,0.5518559441190071,,,,0.0,8444.0,0.0,Climate,0.898750714382442,0.7566460219756559,4.135258495807648e-05,0.9980096688004508,0.19903311995491668
scope_ridge,SG_Weather,D,long,14,0.8966570782284525,0.7548834181278591,0.4019595230544702,0.16157145817417715,0.5518559441190071,,,,0.0,8444.0,0.0,Climate,0.898750714382442,0.7566460219756559,4.135258495807648e-05,0.9976705040446859,0.23294959553140648
top_k_1_mix,SG_Weather,D,long,14,0.9025542465820475,0.7598481640849563,0.39887510065951176,0.15910134592613562,0.5518559441190071,,,,0.0,8444.0,0.0,Climate,0.898750714382442,0.7566460219756559,4.135258495807648e-05,1.0042320213366607,-0.4232021336660674
top_k_5_mix,SG_Weather,D,long,14,0.9028142597570913,0.7600670656462121,0.39801445880927233,0.15841550942123794,0.5518559441190071,,,,0.0,8444.0,0.0,Climate,0.898750714382442,0.7566460219756559,4.135258495807648e-05,1.0045213264475026,-0.4521326447502583
top_k_10_mix,SG_Weather,D,long,14,0.9019929870639742,0.7593756473182376,0.39711677726274036,0.15770173478354493,0.5518559441190071,,,,0.0,8444.0,0.0,Climate,0.898750714382442,0.7566460219756559,4.135258495807648e-05,1.0036075328004164,-0.36075328004163687
top_k_15_mix,SG_Weather,D,long,14,0.9016385885525006,0.7590772840239342,0.39640841207736716,0.15713962916569973,0.5518559441190071,,,,0.0,8444.0,0.0,Climate,0.898750714382442,0.7566460219756559,4.135258495807648e-05,1.0032132093180508,-0.32132093180508026
top_k_20_mix,SG_Weather,D,long,14,0.9017094634613919,0.7591369526472936,0.396437734624382,0.15716287743411192,0.5518559441190071,,,,0.0,8444.0,0.0,Climate,0.898750714382442,0.7566460219756559,4.135258495807648e-05,1.0032920686811169,-0.32920686811168665
vanilla_univariate,SG_PM25,H,short,24,0.8815383689175124,0.7521611062748071,0.43495993324308296,0.1891901435268272,0.2568254349370439,3.61613929271698e-05,0.0,0.0,0.0,11040.0,0.0,Climate,0.8815383689175124,0.7521611062748071,3.61613929271698e-05,1.0,0.0
vanilla_multivariate,SG_PM25,H,short,24,0.8697938508370043,0.7421402495275882,0.4242571695312254,0.17999414589864693,0.2568254349370439,0.000514395534992218,0.0,0.0,0.0,11040.0,0.0,Climate,0.8815383689175124,0.7521611062748071,3.61613929271698e-05,0.9866772468509456,1.33227531490544
scope_selector,SG_PM25,H,short,24,0.8697938508370043,0.7421402495275882,0.4242571695312254,0.17999414589864693,0.2568254349370439,,,,0.0,11040.0,0.0,Climate,0.8815383689175124,0.7521611062748071,3.61613929271698e-05,0.9866772468509456,1.33227531490544
scope_selector_per_variate,SG_PM25,H,short,24,0.8733090565913452,0.7451395529523674,0.42228281057835754,0.17832277210995698,0.2568254349370439,,,,0.0,11040.0,0.0,Climate,0.8815383689175124,0.7521611062748071,3.61613929271698e-05,0.9906648279685518,0.933517203144818
scope_mix,SG_PM25,H,short,24,0.8725198908793278,0.7444662076098226,0.4272899249314458,0.18257667994792057,0.2568254349370439,,,,0.0,11040.0,0.0,Climate,0.8815383689175124,0.7521611062748071,3.61613929271698e-05,0.9897696137160101,1.0230386283989867
scope_mix_per_variate,SG_PM25,H,short,24,0.8724479666703348,0.7444048392173491,0.4271894034255541,0.1824907863990808,0.2568254349370439,,,,0.0,11040.0,0.0,Climate,0.8815383689175124,0.7521611062748071,3.61613929271698e-05,0.9896880242906044,1.031197570939557
scope_ridge,SG_PM25,H,short,24,0.8700634680864586,0.7423702969262843,0.4246884256136784,0.18036025885022486,0.2568254349370439,,,,0.0,11040.0,0.0,Climate,0.8815383689175124,0.7521611062748071,3.61613929271698e-05,0.9869830954208557,1.3016904579144284
top_k_1_mix,SG_PM25,H,short,24,0.8819680841331413,0.7525277551733315,0.43980460936417165,0.19342809441797162,0.2568254349370439,,,,0.0,11040.0,0.0,Climate,0.8815383689175124,0.7521611062748071,3.61613929271698e-05,1.0004874605925056,-0.048746059250559526
top_k_5_mix,SG_PM25,H,short,24,0.879764936464264,0.7506479481832575,0.4350530921828049,0.18927119301782017,0.2568254349370439,,,,0.0,11040.0,0.0,Climate,0.8815383689175124,0.7521611062748071,3.61613929271698e-05,0.9979882526776163,0.2011747322383739
top_k_10_mix,SG_PM25,H,short,24,0.8806039562230981,0.7513638308404877,0.4368628044494738,0.19084910991145917,0.2568254349370439,,,,0.0,11040.0,0.0,Climate,0.8815383689175124,0.7521611062748071,3.61613929271698e-05,0.9989400203923492,0.10599796076508072
top_k_15_mix,SG_PM25,H,short,24,0.8784830378629661,0.7495541849347351,0.43464534267711086,0.18891657391090314,0.2568254349370439,,,,0.0,11040.0,0.0,Climate,0.8815383689175124,0.7521611062748071,3.61613929271698e-05,0.9965340918078267,0.3465908192173295
top_k_20_mix,SG_PM25,H,short,24,0.8784576001686942,0.7495324805541441,0.4347500577818293,0.18900761274130393,0.2568254349370439,,,,0.0,11040.0,0.0,Climate,0.8815383689175124,0.7521611062748071,3.61613929271698e-05,0.9965052357816244,0.3494764218375579
vanilla_univariate,SG_PM25,H,medium,72,0.9340346289519228,0.7880546328540471,0.42577501437337933,0.18128436286465138,0.20283745879242823,2.059154212474823e-05,0.0,0.0,0.0,10800.0,0.0,Climate,0.9340346289519228,0.7880546328540471,2.059154212474823e-05,1.0,0.0
vanilla_multivariate,SG_PM25,H,medium,72,0.9262713766391221,0.7815046969507259,0.4310729199793134,0.18582386233949155,0.20283745879242823,0.0005883201956748962,0.0,0.0,0.0,10800.0,0.0,Climate,0.9340346289519228,0.7880546328540471,2.059154212474823e-05,0.9916884748464714,0.831152515352862
scope_selector,SG_PM25,H,medium,72,0.9262713766391221,0.7815046969507259,0.4310729199793134,0.18582386233949155,0.20283745879242823,,,,0.0,10800.0,0.0,Climate,0.9340346289519228,0.7880546328540471,2.059154212474823e-05,0.9916884748464714,0.831152515352862
scope_selector_per_variate,SG_PM25,H,medium,72,0.9265000305076675,0.7816976145737367,0.4205081249932596,0.17682708318534684,0.20283745879242823,,,,0.0,10800.0,0.0,Climate,0.9340346289519228,0.7880546328540471,2.059154212474823e-05,0.9919332771926135,0.8066722807386517
scope_mix,SG_PM25,H,medium,72,0.9273961454676273,0.7824536759914579,0.4275243574822886,0.1827770762406437,0.20283745879242823,,,,0.0,10800.0,0.0,Climate,0.9340346289519228,0.7880546328540471,2.059154212474823e-05,0.9928926794804765,0.7107320519523452
scope_mix_per_variate,SG_PM25,H,medium,72,0.9277516004540284,0.7827535770230918,0.42784633253117504,0.1830524842603768,0.20283745879242823,,,,0.0,10800.0,0.0,Climate,0.9340346289519228,0.7880546328540471,2.059154212474823e-05,0.9932732381614753,0.672676183852472
scope_ridge,SG_PM25,H,medium,72,0.9266248074995618,0.7818028902064466,0.4284960324698788,0.1836088498424274,0.20283745879242823,,,,0.0,10800.0,0.0,Climate,0.9340346289519228,0.7880546328540471,2.059154212474823e-05,0.9920668664493997,0.7933133550600324
top_k_1_mix,SG_PM25,H,medium,72,0.9356825255165533,0.7894449801516398,0.4291929845457972,0.18420661798332888,0.20283745879242823,,,,0.0,10800.0,0.0,Climate,0.9340346289519228,0.7880546328540471,2.059154212474823e-05,1.0017642778046458,-0.17642778046458307
top_k_5_mix,SG_PM25,H,medium,72,0.9341869271839994,0.7881831284404454,0.422922363758799,0.17886332576732988,0.20283745879242823,,,,0.0,10800.0,0.0,Climate,0.9340346289519228,0.7880546328540471,2.059154212474823e-05,1.000163054160259,-0.01630541602590796
top_k_10_mix,SG_PM25,H,medium,72,0.9328234979934082,0.7870327891950798,0.4175710985130515,0.17436562231339656,0.20283745879242823,,,,0.0,10800.0,0.0,Climate,0.9340346289519228,0.7880546328540471,2.059154212474823e-05,0.9987033339867992,0.12966660132007757
top_k_15_mix,SG_PM25,H,medium,72,0.9315179994399483,0.7859313266246901,0.4168383909398952,0.1737542441613609,0.20283745879242823,,,,0.0,10800.0,0.0,Climate,0.9340346289519228,0.7880546328540471,2.059154212474823e-05,0.9973056357505734,0.2694364249426595
top_k_20_mix,SG_PM25,H,medium,72,0.9304205685502832,0.7850054128844167,0.41492806432320506,0.1721652985630018,0.20283745879242823,,,,0.0,10800.0,0.0,Climate,0.9340346289519228,0.7880546328540471,2.059154212474823e-05,0.9961306997732033,0.3869300226796657
vanilla_univariate,SG_PM25,H,long,168,0.9632786136560978,0.7461622620114856,0.3082607402634807,0.09502468398778911,0.12490674689861864,1.8130987882614136e-05,0.0,0.0,0.0,10920.0,0.0,Climate,0.9632786136560978,0.7461622620114856,1.8130987882614136e-05,1.0,0.0
vanilla_multivariate,SG_PM25,H,long,168,0.9613872795889807,0.7446972215904354,0.325448097685637,0.10591646428719992,0.12490674689861864,0.0001961439847946167,0.0,0.0,0.0,10920.0,0.0,Climate,0.9632786136560978,0.7461622620114856,1.8130987882614136e-05,0.9980365659111453,0.19634340888546875
scope_selector,SG_PM25,H,long,168,0.9613872795889807,0.7446972215904354,0.325448097685637,0.10591646428719992,0.12490674689861864,,,,0.0,10920.0,0.0,Climate,0.9632786136560978,0.7461622620114856,1.8130987882614136e-05,0.9980365659111453,0.19634340888546875
scope_selector_per_variate,SG_PM25,H,long,168,0.9636013750523286,0.7464122752164788,0.3149964640137687,0.09922277234117748,0.12490674689861864,,,,0.0,10920.0,0.0,Climate,0.9632786136560978,0.7461622620114856,1.8130987882614136e-05,1.000335065464607,-0.03350654646070428
scope_mix,SG_PM25,H,long,168,0.9587506099474914,0.7426548390896929,0.31883711000467263,0.10165710271613172,0.12490674689861864,,,,0.0,10920.0,0.0,Climate,0.9632786136560978,0.7461622620114856,1.8130987882614136e-05,0.9952993831229986,0.4700616877001407
scope_mix_per_variate,SG_PM25,H,long,168,0.9589354435462804,0.7427980124709067,0.31902320145965934,0.10177580306957039,0.12490674689861864,,,,0.0,10920.0,0.0,Climate,0.9632786136560978,0.7461622620114856,1.8130987882614136e-05,0.9954912628099019,0.45087371900981443
scope_ridge,SG_PM25,H,long,168,0.9587059286076519,0.7426202286154939,0.31650727999498024,0.10017685828982081,0.12490674689861864,,,,0.0,10920.0,0.0,Climate,0.9632786136560978,0.7461622620114856,1.8130987882614136e-05,0.9952529984745635,0.47470015254365006
top_k_1_mix,SG_PM25,H,long,168,0.959468227466058,0.7432107105720674,0.30980336031167305,0.09597812206040432,0.12490674689861864,,,,0.0,10920.0,0.0,Climate,0.9632786136560978,0.7461622620114856,1.8130987882614136e-05,0.9960443571195071,0.3955642880492882
top_k_5_mix,SG_PM25,H,long,168,0.9589440960730736,0.7428047147778745,0.3096094767696061,0.09585802810554926,0.12490674689861864,,,,0.0,10920.0,0.0,Climate,0.9632786136560978,0.7461622620114856,1.8130987882614136e-05,0.9955002451818455,0.44997548181544555
top_k_10_mix,SG_PM25,H,long,168,0.9572199523961424,0.741469181186893,0.30954944066982326,0.09582085621900042,0.12490674689861864,,,,0.0,10920.0,0.0,Climate,0.9632786136560978,0.7461622620114856,1.8130987882614136e-05,0.9937103749900977,0.6289625009902267
top_k_15_mix,SG_PM25,H,long,168,0.9569305675298925,0.7412450216723644,0.30960183916470446,0.09585329881416751,0.12490674689861864,,,,0.0,10920.0,0.0,Climate,0.9632786136560978,0.7461622620114856,1.8130987882614136e-05,0.9934099584105667,0.6590041589433326
top_k_20_mix,SG_PM25,H,long,168,0.9562666110265957,0.7407307163827485,0.30705090667179463,0.09428025928797112,0.12490674689861864,,,,0.0,10920.0,0.0,Climate,0.9632786136560978,0.7461622620114856,1.8130987882614136e-05,0.9927206910543895,0.7279308945610463
vanilla_univariate,NE_China_Wind,H,short,24,0.504153004824227,0.6058017902735078,0.3774551421749695,0.14247238435432644,0.39953287968674783,1.9121915102005005e-05,0.0,0.0,0.0,2880.0,0.0,Climate,0.504153004824227,0.6058017902735078,1.9121915102005005e-05,1.0,0.0
vanilla_multivariate,NE_China_Wind,H,short,24,0.49645280308376133,0.5965490516104354,0.35813801515039784,0.1282628378958666,0.39953287968674783,0.0002445150166749954,0.0,0.0,0.0,2880.0,0.0,Climate,0.504153004824227,0.6058017902735078,1.9121915102005005e-05,0.9847264587004687,1.527354129953129
scope_selector,NE_China_Wind,H,short,24,0.504153004824227,0.6058017902735078,0.3774551421749695,0.14247238435432644,0.39953287968674783,,,,0.0,2880.0,0.0,Climate,0.504153004824227,0.6058017902735078,1.9121915102005005e-05,1.0,0.0
scope_selector_per_variate,NE_China_Wind,H,short,24,0.4972261245555032,0.5974782923916174,0.37125376097343904,0.13782935503692342,0.39953287968674783,,,,0.0,2880.0,0.0,Climate,0.504153004824227,0.6058017902735078,1.9121915102005005e-05,0.9862603610363507,1.373963896364927
scope_mix,NE_China_Wind,H,short,24,0.49776717746011173,0.5981284339460823,0.3653254836285761,0.133462708988453,0.39953287968674783,,,,0.0,2880.0,0.0,Climate,0.504153004824227,0.6058017902735078,1.9121915102005005e-05,0.9873335529035642,1.2666447096435829
scope_mix_per_variate,NE_China_Wind,H,short,24,0.4970433134184556,0.5972586223449339,0.36566061438268543,0.133707684910723,0.39953287968674783,,,,0.0,2880.0,0.0,Climate,0.504153004824227,0.6058017902735078,1.9121915102005005e-05,0.9858977506079724,1.4102249392027644
scope_ridge,NE_China_Wind,H,short,24,0.5001537641739128,0.6009962111685303,0.37043968937319,0.1372255634629055,0.39953287968674783,,,,0.0,2880.0,0.0,Climate,0.504153004824227,0.6058017902735078,1.9121915102005005e-05,0.9920674068942452,0.7932593105754782
top_k_1_mix,NE_China_Wind,H,short,24,0.49960614423987065,0.6003381785211838,0.38590471048870795,0.1489224455773735,0.39953287968674783,,,,0.0,2880.0,0.0,Climate,0.504153004824227,0.6058017902735078,1.9121915102005005e-05,0.9909811891611325,0.9018810838867464
top_k_5_mix,NE_China_Wind,H,short,24,0.5059526186715483,0.6079642474642337,0.3861068613809615,0.14907850840545703,0.39953287968674783,,,,0.0,2880.0,0.0,Climate,0.504153004824227,0.6058017902735078,1.9121915102005005e-05,1.0035695787391938,-0.3569578739193835
top_k_10_mix,NE_China_Wind,H,short,24,0.5092638724298648,0.611943125772293,0.3873358450821216,0.1500290568854813,0.39953287968674783,,,,0.0,2880.0,0.0,Climate,0.504153004824227,0.6058017902735078,1.9121915102005005e-05,1.0101375327663071,-1.0137532766307134
top_k_15_mix,NE_China_Wind,H,short,24,0.509602045176397,0.6123494818850416,0.38512362458170746,0.14832020621095193,0.39953287968674783,,,,0.0,2880.0,0.0,Climate,0.504153004824227,0.6058017902735078,1.9121915102005005e-05,1.0108083068037446,-1.080830680374456
top_k_20_mix,NE_China_Wind,H,short,24,0.5101013761568147,0.6129494894204158,0.3872456681504046,0.1499592075012533,0.39953287968674783,,,,0.0,2880.0,0.0,Climate,0.504153004824227,0.6058017902735078,1.9121915102005005e-05,1.011798742198634,-1.1798742198634082
vanilla_univariate,NE_China_Wind,H,medium,72,0.8980169729633257,0.8219855611331144,0.6022037656184615,0.3626493753250548,0.5857512612541707,1.5400350093841553e-05,0.0,0.0,0.0,2880.0,0.0,Climate,0.8980169729633257,0.8219855611331144,1.5400350093841553e-05,1.0,0.0
vanilla_multivariate,NE_China_Wind,H,medium,72,0.8915087697288963,0.8160283807582627,0.5893853384860852,0.3473750772223573,0.5857512612541707,0.0001783221960067749,0.0,0.0,0.0,2880.0,0.0,Climate,0.8980169729633257,0.8219855611331144,1.5400350093841553e-05,0.9927526946256334,0.7247305374366575
scope_selector,NE_China_Wind,H,medium,72,0.8915087697288963,0.8160283807582627,0.5893853384860852,0.3473750772223573,0.5857512612541707,,,,0.0,2880.0,0.0,Climate,0.8980169729633257,0.8219855611331144,1.5400350093841553e-05,0.9927526946256334,0.7247305374366575
scope_selector_per_variate,NE_China_Wind,H,medium,72,0.8908416921055832,0.8154177818597709,0.5918886318987528,0.3503321525709774,0.5857512612541707,,,,0.0,2880.0,0.0,Climate,0.8980169729633257,0.8219855611331144,1.5400350093841553e-05,0.9920098605329639,0.7990139467036084
scope_mix,NE_China_Wind,H,medium,72,0.8920117356525218,0.8164887626212,0.5924526360431822,0.3510001259545153,0.5857512612541707,,,,0.0,2880.0,0.0,Climate,0.8980169729633257,0.8219855611331144,1.5400350093841553e-05,0.9933127797228737,0.6687220277126316
scope_mix_per_variate,NE_China_Wind,H,medium,72,0.8910975545278305,0.8156519814607315,0.5886082959774066,0.34645972609342623,0.5857512612541707,,,,0.0,2880.0,0.0,Climate,0.8980169729633257,0.8219855611331144,1.5400350093841553e-05,0.9922947798941236,0.7705220105876376
scope_ridge,NE_China_Wind,H,medium,72,0.8924274377958842,0.8168692689700371,0.5907141339498958,0.3489431880481755,0.5857512612541707,,,,0.0,2880.0,0.0,Climate,0.8980169729633257,0.8219855611331144,1.5400350093841553e-05,0.9937756909549306,0.6224309045069432
top_k_1_mix,NE_China_Wind,H,medium,72,0.8763466294020799,0.8021499566307199,0.6104370726619651,0.3726334196801093,0.5857512612541707,,,,0.0,2880.0,0.0,Climate,0.8980169729633257,0.8219855611331144,1.5400350093841553e-05,0.9758686703996954,2.413132960030462
top_k_5_mix,NE_China_Wind,H,medium,72,0.8880902024247608,0.8128992495186955,0.6004627343379919,0.3605554953286578,0.5857512612541707,,,,0.0,2880.0,0.0,Climate,0.8980169729633257,0.8219855611331144,1.5400350093841553e-05,0.9889458987553341,1.1054101244665882
top_k_10_mix,NE_China_Wind,H,medium,72,0.8832750324488435,0.8084917602242061,0.6146924290149935,0.37784678228835294,0.5857512612541707,,,,0.0,2880.0,0.0,Climate,0.8980169729633257,0.8219855611331144,1.5400350093841553e-05,0.9835838954515126,1.641610454848741
top_k_15_mix,NE_China_Wind,H,medium,72,0.8842429260841733,0.8093777062774621,0.6071284642666087,0.3686049721227308,0.5857512612541707,,,,0.0,2880.0,0.0,Climate,0.8980169729633257,0.8219855611331144,1.5400350093841553e-05,0.9846617076359926,1.533829236400741
top_k_20_mix,NE_China_Wind,H,medium,72,0.8857693435406683,0.810774888232008,0.617671572814406,0.381518171863022,0.5857512612541707,,,,0.0,2880.0,0.0,Climate,0.8980169729633257,0.8219855611331144,1.5400350093841553e-05,0.9863614722311517,1.363852776884833
vanilla_univariate,NE_China_Wind,H,long,168,1.1842643598823355,0.889707170354297,0.7353621524615203,0.5407574952728402,0.6787319478156216,1.4081597328186035e-05,0.0,0.0,0.0,2688.0,0.0,Climate,1.1842643598823355,0.889707170354297,1.4081597328186035e-05,1.0,0.0
vanilla_multivariate,NE_China_Wind,H,long,168,1.203564641776657,0.9042069727404326,0.7800305769335097,0.6084477009512241,0.6787319478156216,0.00015681423246860504,0.0,0.0,0.0,2688.0,0.0,Climate,1.1842643598823355,0.889707170354297,1.4081597328186035e-05,1.0162972749566146,-1.6297274956614594
scope_selector,NE_China_Wind,H,long,168,1.1842643598823355,0.889707170354297,0.7353621524615203,0.5407574952728402,0.6787319478156216,,,,0.0,2688.0,0.0,Climate,1.1842643598823355,0.889707170354297,1.4081597328186035e-05,1.0,0.0
scope_selector_per_variate,NE_China_Wind,H,long,168,1.1842643598823355,0.889707170354297,0.7353621524615203,0.5407574952728402,0.6787319478156216,,,,0.0,2688.0,0.0,Climate,1.1842643598823355,0.889707170354297,1.4081597328186035e-05,1.0,0.0
scope_mix,NE_China_Wind,H,long,168,1.1874528589339215,0.8921026071883041,0.7509440654319093,0.5639169894074036,0.6787319478156216,,,,0.0,2688.0,0.0,Climate,1.1842643598823355,0.889707170354297,1.4081597328186035e-05,1.0026923879157377,-0.26923879157376707
scope_mix_per_variate,NE_China_Wind,H,long,168,1.1844512411075327,0.8898475693831753,0.7510213321595421,0.5640330413586934,0.6787319478156216,,,,0.0,2688.0,0.0,Climate,1.1842643598823355,0.889707170354297,1.4081597328186035e-05,1.0001578036387213,-0.015780363872130998
scope_ridge,NE_China_Wind,H,long,168,1.1980810963055726,0.9000873269165285,0.6762029291024658,0.4572504013267545,0.6787319478156216,,,,0.0,2688.0,0.0,Climate,1.1842643598823355,0.889707170354297,1.4081597328186035e-05,1.0116669359403925,-1.1666935940392476
top_k_1_mix,NE_China_Wind,H,long,168,1.1514916962485755,0.8650859161695788,0.7081509511929607,0.501477769675495,0.6787319478156216,,,,0.0,2688.0,0.0,Climate,1.1842643598823355,0.889707170354297,1.4081597328186035e-05,0.9723265642841636,2.767343571583636
top_k_5_mix,NE_China_Wind,H,long,168,1.1648046522986213,0.8750875955729125,0.7024235097837083,0.49339878709686324,0.6787319478156216,,,,0.0,2688.0,0.0,Climate,1.1842643598823355,0.889707170354297,1.4081597328186035e-05,0.9835681050254289,1.6431894974571093
top_k_10_mix,NE_China_Wind,H,long,168,1.1572098626184242,0.8693818266038323,0.6547749671202991,0.4287302575673888,0.6787319478156216,,,,0.0,2688.0,0.0,Climate,1.1842643598823355,0.889707170354297,1.4081597328186035e-05,0.9771550186086835,2.284498139131652
top_k_15_mix,NE_China_Wind,H,long,168,1.1520789777287161,0.8655271255495092,0.6546705043436817,0.42859346925761055,0.6787319478156216,,,,0.0,2688.0,0.0,Climate,1.1842643598823355,0.889707170354297,1.4081597328186035e-05,0.9728224683238655,2.717753167613446
top_k_20_mix,NE_China_Wind,H,long,168,1.1420172855741493,0.8579680365833385,0.6284459257208014,0.394944281555075,0.6787319478156216,,,,0.0,2688.0,0.0,Climate,1.1842643598823355,0.889707170354297,1.4081597328186035e-05,0.9643263145127633,3.5673685487236706
vanilla_univariate,Australia_Solar,H,short,24,1.0930296139173517,0.8847084203209842,0.8071971793579538,0.6515672863634365,0.9323109223171446,2.7291476726531982e-05,0.0,0.0,0.0,6271.0,0.0,Climate,1.0930296139173517,0.8847084203209842,2.7291476726531982e-05,1.0,0.0
vanilla_multivariate,Australia_Solar,H,short,24,1.0801986215576171,0.8743228947714544,0.810968166898839,0.6576693677232631,0.9323109223171446,0.0004380568861961365,0.0,0.0,0.0,6271.0,0.0,Climate,1.0930296139173517,0.8847084203209842,2.7291476726531982e-05,0.9882610752752169,1.1738924724783106
scope_selector,Australia_Solar,H,short,24,1.0930296139173517,0.8847084203209842,0.8071971793579538,0.6515672863634365,0.9323109223171446,,,,0.0,6271.0,0.0,Climate,1.0930296139173517,0.8847084203209842,2.7291476726531982e-05,1.0,0.0
scope_selector_per_variate,Australia_Solar,H,short,24,1.0930296139173517,0.8847084203209842,0.8071971793579538,0.6515672863634365,0.9323109223171446,,,,0.0,6271.0,0.0,Climate,1.0930296139173517,0.8847084203209842,2.7291476726531982e-05,1.0,0.0
scope_mix,Australia_Solar,H,short,24,1.0828710848510223,0.8764860116244376,0.8050697834412256,0.6481373562101018,0.9323109223171446,,,,0.0,6271.0,0.0,Climate,1.0930296139173517,0.8847084203209842,2.7291476726531982e-05,0.9907060806615094,0.9293919338490553
scope_mix_per_variate,Australia_Solar,H,short,24,1.08219593116101,0.8759395358959129,0.8055745105213439,0.6489502920017027,0.9323109223171446,,,,0.0,6271.0,0.0,Climate,1.0930296139173517,0.8847084203209842,2.7291476726531982e-05,0.9900883904531056,0.9911609546894407
scope_ridge,Australia_Solar,H,short,24,1.0921164371068215,0.8839692864464477,0.80702949781411,0.6512966103420946,0.9323109223171446,,,,0.0,6271.0,0.0,Climate,1.0930296139173517,0.8847084203209842,2.7291476726531982e-05,0.9991645452246647,0.08354547753353092
top_k_1_mix,Australia_Solar,H,short,24,1.1026285845120312,0.8924779171428413,0.8090809625220705,0.6546120039156401,0.9323109223171446,,,,0.0,6271.0,0.0,Climate,1.0930296139173517,0.8847084203209842,2.7291476726531982e-05,1.008781985842339,-0.8781985842339024
top_k_5_mix,Australia_Solar,H,short,24,1.0909370256806834,0.8830146597771963,0.804879528761964,0.6478310558200813,0.9323109223171446,,,,0.0,6271.0,0.0,Climate,1.0930296139173517,0.8847084203209842,2.7291476726531982e-05,0.9980855155157521,0.19144844842479136
top_k_10_mix,Australia_Solar,H,short,24,1.0889387850944463,0.8813972651064926,0.7990325307802677,0.6384529852451194,0.9323109223171446,,,,0.0,6271.0,0.0,Climate,1.0930296139173517,0.8847084203209842,2.7291476726531982e-05,0.9962573485925563,0.37426514074436756
top_k_15_mix,Australia_Solar,H,short,24,1.0901403221656203,0.8823698004803383,0.7967507658388274,0.6348117828647579,0.9323109223171446,,,,0.0,6271.0,0.0,Climate,1.0930296139173517,0.8847084203209842,2.7291476726531982e-05,0.9973566207951344,0.264337920486557
top_k_20_mix,Australia_Solar,H,short,24,1.088116114393103,0.8807313877255302,0.7960808241576465,0.6337446785915176,0.9323109223171446,,,,0.0,6271.0,0.0,Climate,1.0930296139173517,0.8847084203209842,2.7291476726531982e-05,0.9955046967971537,0.44953032028463014
vanilla_univariate,Australia_Solar,H,medium,72,1.2043388950246037,0.8861983551885536,0.6532500113125126,0.4267355772797978,0.6875907422688505,1.9302591681480408e-05,0.0,0.0,0.0,6271.0,0.0,Climate,1.2043388950246037,0.8861983551885536,1.9302591681480408e-05,1.0,0.0
vanilla_multivariate,Australia_Solar,H,medium,72,1.1800124167717907,0.8682980074506915,0.6348134682146531,0.4029881394267164,0.6875907422688505,0.0002400316298007965,0.0,0.0,0.0,6271.0,0.0,Climate,1.2043388950246037,0.8861983551885536,1.9302591681480408e-05,0.9798009693506444,2.0199030649355576
scope_selector,Australia_Solar,H,medium,72,1.2043388950246037,0.8861983551885536,0.6532500113125126,0.4267355772797978,0.6875907422688505,,,,0.0,6271.0,0.0,Climate,1.2043388950246037,0.8861983551885536,1.9302591681480408e-05,1.0,0.0
scope_selector_per_variate,Australia_Solar,H,medium,72,1.2043388950246037,0.8861983551885536,0.6532500113125126,0.4267355772797978,0.6875907422688505,,,,0.0,6271.0,0.0,Climate,1.2043388950246037,0.8861983551885536,1.9302591681480408e-05,1.0,0.0
scope_mix,Australia_Solar,H,medium,72,1.1880545365366113,0.8742157049835507,0.6430076500554224,0.4134588380297965,0.6875907422688505,,,,0.0,6271.0,0.0,Climate,1.2043388950246037,0.8861983551885536,1.9302591681480408e-05,0.9864785912376768,1.3521408762323217
scope_mix_per_variate,Australia_Solar,H,medium,72,1.1881877395108824,0.8743137207971999,0.643203363870721,0.41371056729461114,0.6875907422688505,,,,0.0,6271.0,0.0,Climate,1.2043388950246037,0.8861983551885536,1.9302591681480408e-05,0.9865891938054602,1.3410806194539826
scope_ridge,Australia_Solar,H,medium,72,1.217629452293035,0.8959780526138225,0.6606174617695505,0.4364154307948436,0.6875907422688505,,,,0.0,6271.0,0.0,Climate,1.2043388950246037,0.8861983551885536,1.9302591681480408e-05,1.0110355626006415,-1.1035562600641535
top_k_1_mix,Australia_Solar,H,medium,72,1.2139539025343025,0.893273443334774,0.6685711917890685,0.4469874384902555,0.6875907422688505,,,,0.0,6271.0,0.0,Climate,1.2043388950246037,0.8861983551885536,1.9302591681480408e-05,1.0079836394468538,-0.7983639446853763
top_k_5_mix,Australia_Solar,H,medium,72,1.2011529109709822,0.8838539869715671,0.650111909364054,0.42264549469697604,0.6875907422688505,,,,0.0,6271.0,0.0,Climate,1.2043388950246037,0.8861983551885536,1.9302591681480408e-05,0.9973545784606115,0.2645421539388515
top_k_10_mix,Australia_Solar,H,medium,72,1.1959443117184312,0.8800213015791779,0.6456018237051078,0.4168017147713611,0.6875907422688505,,,,0.0,6271.0,0.0,Climate,1.2043388950246037,0.8861983551885536,1.9302591681480408e-05,0.9930297166845209,0.6970283315479109
top_k_15_mix,Australia_Solar,H,medium,72,1.1954358066243052,0.8796471241944889,0.6428613751046556,0.4132707476014486,0.6875907422688505,,,,0.0,6271.0,0.0,Climate,1.2043388950246037,0.8861983551885536,1.9302591681480408e-05,0.9926074891070286,0.7392510892971438
top_k_20_mix,Australia_Solar,H,medium,72,1.1972622306571328,0.8809910764495024,0.6396386621639683,0.4091376181349111,0.6875907422688505,,,,0.0,6271.0,0.0,Climate,1.2043388950246037,0.8861983551885536,1.9302591681480408e-05,0.9941240257234021,0.5875974276597917
vanilla_univariate,Australia_Solar,H,long,168,1.2377370993742693,0.9697973744868564,0.5753541964707827,0.33103245139654,0.42093784470046247,1.6029924154281616e-05,0.0,0.0,0.0,6271.0,0.0,Climate,1.2377370993742693,0.9697973744868564,1.6029924154281616e-05,1.0,0.0
vanilla_multivariate,Australia_Solar,H,long,168,1.2018281745126123,0.9416618511442288,0.5483988825028004,0.3007413343303203,0.42093784470046247,0.00019035115838050842,0.0,0.0,0.0,6271.0,0.0,Climate,1.2377370993742693,0.9697973744868564,1.6029924154281616e-05,0.9709882455007525,2.9011754499247533
scope_selector,Australia_Solar,H,long,168,1.2377370993742693,0.9697973744868564,0.5753541964707827,0.33103245139654,0.42093784470046247,,,,0.0,6271.0,0.0,Climate,1.2377370993742693,0.9697973744868564,1.6029924154281616e-05,1.0,0.0
scope_selector_per_variate,Australia_Solar,H,long,168,1.2377370993742693,0.9697973744868564,0.5753541964707827,0.33103245139654,0.42093784470046247,,,,0.0,6271.0,0.0,Climate,1.2377370993742693,0.9697973744868564,1.6029924154281616e-05,1.0,0.0
scope_mix,Australia_Solar,H,long,168,1.2166346101243255,0.9532630565932757,0.5588251335094607,0.31228552984186664,0.42093784470046247,,,,0.0,6271.0,0.0,Climate,1.2377370993742693,0.9697973744868564,1.6029924154281616e-05,0.9829507499931834,1.7049250006816563
scope_mix_per_variate,Australia_Solar,H,long,168,1.217373622082142,0.9538420905874634,0.5584061437373868,0.3118174213636591,0.42093784470046247,,,,0.0,6271.0,0.0,Climate,1.2377370993742693,0.9697973744868564,1.6029924154281616e-05,0.9835478169779173,1.6452183022082734
scope_ridge,Australia_Solar,H,long,168,1.2294647433849566,0.9633157806788403,0.5685831871057508,0.32328684065933333,0.42093784470046247,,,,0.0,6271.0,0.0,Climate,1.2377370993742693,0.9697973744868564,1.6029924154281616e-05,0.9933165484063661,0.6683451593633927
top_k_1_mix,Australia_Solar,H,long,168,1.2382566978062934,0.9702044926021809,0.5747134933726337,0.33029559946457626,0.42093784470046247,,,,0.0,6271.0,0.0,Climate,1.2377370993742693,0.9697973744868564,1.6029924154281616e-05,1.0004197970896136,-0.041979708961359385
top_k_5_mix,Australia_Solar,H,long,168,1.246914626609829,0.97698819216682,0.572964889973934,0.32828876514284233,0.42093784470046247,,,,0.0,6271.0,0.0,Climate,1.2377370993742693,0.9697973744868564,1.6029924154281616e-05,1.0074147629898136,-0.7414762989813584
top_k_10_mix,Australia_Solar,H,long,168,1.2475603880501736,0.977494162093477,0.5728658417475511,0.3281752726411302,0.42093784470046247,,,,0.0,6271.0,0.0,Climate,1.2377370993742693,0.9697973744868564,1.6029924154281616e-05,1.007936490455744,-0.7936490455743961
top_k_15_mix,Australia_Solar,H,long,168,1.2442448792833414,0.9748963796574592,0.5718723903973548,0.3270380308987846,0.42093784470046247,,,,0.0,6271.0,0.0,Climate,1.2377370993742693,0.9697973744868564,1.6029924154281616e-05,1.0052578046762612,-0.5257804676261246
top_k_20_mix,Australia_Solar,H,long,168,1.2432561405571987,0.9741216786154113,0.5737073270153256,0.3291400970710697,0.42093784470046247,,,,0.0,6271.0,0.0,Climate,1.2377370993742693,0.9697973744868564,1.6029924154281616e-05,1.004458976939222,-0.4458976939222037
vanilla_univariate,epf_electricity_price,H,short,24,0.9582914513423078,0.6707122771675035,0.8828304515994457,0.7793896062712813,1.4925386582068707,3.834068775177002e-05,0.0,0.0,0.0,12600.0,0.0,Finance,0.9582914513423078,0.6707122771675035,3.834068775177002e-05,1.0,0.0
vanilla_multivariate,epf_electricity_price,H,short,24,0.9582914661162995,0.6707122875078834,0.8828304758431088,0.7793896490773699,1.4925386582068707,2.3256326373666525,0.0,0.0,0.0,12600.0,0.0,Finance,0.9582914513423078,0.6707122771675035,3.834068775177002e-05,1.000000015417013,-1.541701299956344e-06
scope_selector,epf_electricity_price,H,short,24,0.9582914513423078,0.6707122771675035,0.8828304515994457,0.7793896062712813,1.4925386582068707,,,,0.0,12600.0,0.0,Finance,0.9582914513423078,0.6707122771675035,3.834068775177002e-05,1.0,0.0
scope_selector_per_variate,epf_electricity_price,H,short,24,0.9582914513423078,0.6707122771675035,0.8828304515994457,0.7793896062712813,1.4925386582068707,,,,0.0,12600.0,0.0,Finance,0.9582914513423078,0.6707122771675035,3.834068775177002e-05,1.0,0.0
scope_mix,epf_electricity_price,H,short,24,0.9582914650632536,0.670712286770852,0.8828304602746283,0.7793896215887121,1.4925386582068707,,,,0.0,12600.0,0.0,Finance,0.9582914513423078,0.6707122771675035,3.834068775177002e-05,1.0000000143181345,-1.4318134455848508e-06
scope_mix_per_variate,epf_electricity_price,H,short,24,0.9582914596108926,0.6707122829547213,0.8828304638392331,0.7793896278825956,1.4925386582068707,,,,0.0,12600.0,0.0,Finance,0.9582914513423078,0.6707122771675035,3.834068775177002e-05,1.0000000086284655,-8.62846549765095e-07
scope_ridge,epf_electricity_price,H,short,24,0.9582914522022186,0.6707122777693587,0.8828304375399442,0.7793895814469693,1.4925386582068707,,,,0.0,12600.0,0.0,Finance,0.9582914513423078,0.6707122771675035,3.834068775177002e-05,1.0000000008973375,-8.973375376086778e-08
top_k_1_mix,epf_electricity_price,H,short,24,0.9562586184736663,0.6692894887657937,0.8967975888887871,0.8042459154367421,1.4925386582068707,,,,0.0,12600.0,0.0,Finance,0.9582914513423078,0.6707122771675035,3.834068775177002e-05,0.9978786903861095,0.2121309613890454
top_k_5_mix,epf_electricity_price,H,short,24,0.9443285161206811,0.6609395592064683,0.8655772715315124,0.7492240129919376,1.4925386582068707,,,,0.0,12600.0,0.0,Finance,0.9582914513423078,0.6707122771675035,3.834068775177002e-05,0.9854293438576872,1.4570656142312788
top_k_10_mix,epf_electricity_price,H,short,24,0.9476588408752017,0.6632704677173216,0.880944845854324,0.7760638214372986,1.4925386582068707,,,,0.0,12600.0,0.0,Finance,0.9582914513423078,0.6707122771675035,3.834068775177002e-05,0.9889046172203533,1.1095382779646723
top_k_15_mix,epf_electricity_price,H,short,24,0.944853618293262,0.6613070804584047,0.872235054694562,0.7607939906380254,1.4925386582068707,,,,0.0,12600.0,0.0,Finance,0.9582914513423078,0.6707122771675035,3.834068775177002e-05,0.9859773005068312,1.402269949316881
top_k_20_mix,epf_electricity_price,H,short,24,0.9451285091299948,0.6614994777283786,0.8714874471707992,0.7594903705762766,1.4925386582068707,,,,0.0,12600.0,0.0,Finance,0.9582914513423078,0.6707122771675035,3.834068775177002e-05,0.9862641556554895,1.3735844344510473
vanilla_univariate,epf_electricity_price,H,medium,72,1.209757884715994,0.6491778388804407,0.94462963780452,0.8923251526186987,2.1638735496972785,2.257898449897766e-05,0.0,0.0,0.0,12600.0,0.0,Finance,1.209757884715994,0.6491778388804407,2.257898449897766e-05,1.0,0.0
vanilla_multivariate,epf_electricity_price,H,medium,72,1.2097578854073123,0.6491778392514145,0.9446296576548842,0.8923251901211837,2.1638735496972785,0.7563648167997599,0.0,0.0,0.0,12600.0,0.0,Finance,1.209757884715994,0.6491778388804407,2.257898449897766e-05,1.0000000005714518,-5.714517747890113e-08
scope_selector,epf_electricity_price,H,medium,72,1.209757884715994,0.6491778388804407,0.94462963780452,0.8923251526186987,2.1638735496972785,,,,0.0,12600.0,0.0,Finance,1.209757884715994,0.6491778388804407,2.257898449897766e-05,1.0,0.0
scope_selector_per_variate,epf_electricity_price,H,medium,72,1.209757884715994,0.6491778388804407,0.94462963780452,0.8923251526186987,2.1638735496972785,,,,0.0,12600.0,0.0,Finance,1.209757884715994,0.6491778388804407,2.257898449897766e-05,1.0,0.0
scope_mix,epf_electricity_price,H,medium,72,1.2097578837913554,0.6491778383842629,0.9446296493683402,0.8923251744657533,2.1638735496972785,,,,0.0,12600.0,0.0,Finance,1.209757884715994,0.6491778388804407,2.257898449897766e-05,0.999999999235683,7.643170540916344e-08
scope_mix_per_variate,epf_electricity_price,H,medium,72,1.2097578846889552,0.6491778388659312,0.9446296534904596,0.8923251822535057,2.1638735496972785,,,,0.0,12600.0,0.0,Finance,1.209757884715994,0.6491778388804407,2.257898449897766e-05,0.9999999999776494,2.23505658425438e-09
scope_ridge,epf_electricity_price,H,medium,72,1.2097578960187632,0.6491778449457098,0.9446296326397123,0.8923251428610379,2.1638735496972785,,,,0.0,12600.0,0.0,Finance,1.209757884715994,0.6491778388804407,2.257898449897766e-05,1.000000009343001,-9.343001039496812e-07
top_k_1_mix,epf_electricity_price,H,medium,72,1.214265043723436,0.6515964614667514,0.9559176894056292,0.9137786289185968,2.1638735496972785,,,,0.0,12600.0,0.0,Finance,1.209757884715994,0.6491778388804407,2.257898449897766e-05,1.0037256702885635,-0.37256702885635207
top_k_5_mix,epf_electricity_price,H,medium,72,1.1925575650182454,0.6399478379765338,0.9145789287173123,0.8364546168537066,2.1638735496972785,,,,0.0,12600.0,0.0,Finance,1.209757884715994,0.6491778388804407,2.257898449897766e-05,0.9857820148022539,1.4217985197746086
top_k_10_mix,epf_electricity_price,H,medium,72,1.197416637410719,0.6425553036145445,0.923623950672293,0.8530812022554942,2.1638735496972785,,,,0.0,12600.0,0.0,Finance,1.209757884715994,0.6491778388804407,2.257898449897766e-05,0.9897985808059665,1.02014191940335
top_k_15_mix,epf_electricity_price,H,medium,72,1.1913088777377614,0.6392777699237246,0.9104431973198771,0.8289068155460406,2.1638735496972785,,,,0.0,12600.0,0.0,Finance,1.209757884715994,0.6491778388804407,2.257898449897766e-05,0.9847498353089356,1.5250164691064438
top_k_20_mix,epf_electricity_price,H,medium,72,1.187791758353886,0.6373904204056475,0.9032767245570535,0.8159088411265192,2.1638735496972785,,,,0.0,12600.0,0.0,Finance,1.209757884715994,0.6491778388804407,2.257898449897766e-05,0.9818425433389385,1.81574566610615
vanilla_univariate,epf_electricity_price,H,long,168,1.3994284061370788,0.7012950561917676,0.9389933556592038,0.8817085219721321,2.061898174629208,1.8090009689331055e-05,0.0,0.0,0.0,12600.0,0.0,Finance,1.3994284061370788,0.7012950561917676,1.8090009689331055e-05,1.0,0.0
vanilla_multivariate,epf_electricity_price,H,long,168,1.3994283932806775,0.7012950497490438,0.938993371387884,0.8817085515103845,2.061898174629208,0.33813653141260147,0.0,0.0,0.0,12600.0,0.0,Finance,1.3994284061370788,0.7012950561917676,1.8090009689331055e-05,0.9999999908131054,9.186894578405713e-07
scope_selector,epf_electricity_price,H,long,168,1.3994284061370788,0.7012950561917676,0.9389933556592038,0.8817085219721321,2.061898174629208,,,,0.0,12600.0,0.0,Finance,1.3994284061370788,0.7012950561917676,1.8090009689331055e-05,1.0,0.0
scope_selector_per_variate,epf_electricity_price,H,long,168,1.3994284061370788,0.7012950561917676,0.9389933556592038,0.8817085219721321,2.061898174629208,,,,0.0,12600.0,0.0,Finance,1.3994284061370788,0.7012950561917676,1.8090009689331055e-05,1.0,0.0
scope_mix,epf_electricity_price,H,long,168,1.3994283997897217,0.7012950530109188,0.9389933624143469,0.8817085346582011,2.061898174629208,,,,0.0,12600.0,0.0,Finance,1.3994284061370788,0.7012950561917676,1.8090009689331055e-05,0.9999999954643217,4.5356782774064186e-07
scope_mix_per_variate,epf_electricity_price,H,long,168,1.3994284006932864,0.7012950534637219,0.9389933622763347,0.881708534399016,2.061898174629208,,,,0.0,12600.0,0.0,Finance,1.3994284061370788,0.7012950561917676,1.8090009689331055e-05,0.9999999961099887,3.890011313067987e-07
scope_ridge,epf_electricity_price,H,long,168,1.3994283908334095,0.7012950485226452,0.9389932657501119,0.8817083531240603,2.061898174629208,,,,0.0,12600.0,0.0,Finance,1.3994284061370788,0.7012950561917676,1.8090009689331055e-05,0.9999999890643428,1.0935657157595813e-06
top_k_1_mix,epf_electricity_price,H,long,168,1.408534866163778,0.7058585732449626,0.9394512406150871,0.8825686334932263,2.061898174629208,,,,0.0,12600.0,0.0,Finance,1.3994284061370788,0.7012950561917676,1.8090009689331055e-05,1.0065072711020897,-0.6507271102089707
top_k_5_mix,epf_electricity_price,H,long,168,1.3872727556479831,0.6952034994137192,0.9161114579142451,0.8392602033217637,2.061898174629208,,,,0.0,12600.0,0.0,Finance,1.3994284061370788,0.7012950561917676,1.8090009689331055e-05,0.9913138461133217,0.8686153886678261
top_k_10_mix,epf_electricity_price,H,long,168,1.3774167198255034,0.6902643477103222,0.9048970790946302,0.8188387237539936,2.061898174629208,,,,0.0,12600.0,0.0,Finance,1.3994284061370788,0.7012950561917676,1.8090009689331055e-05,0.9842709450408146,1.5729054959185418
top_k_15_mix,epf_electricity_price,H,long,168,1.3716351257504886,0.6873670195412396,0.901343055707661,0.8124193040724238,2.061898174629208,,,,0.0,12600.0,0.0,Finance,1.3994284061370788,0.7012950561917676,1.8090009689331055e-05,0.9801395482150391,1.9860451784960875
top_k_20_mix,epf_electricity_price,H,long,168,1.37240807426119,0.6877543669517026,0.9010604661027073,0.8119099635732282,2.061898174629208,,,,0.0,12600.0,0.0,Finance,1.3994284061370788,0.7012950561917676,1.8090009689331055e-05,0.9806918798007863,1.9308120199213685
vanilla_univariate,OpenElectricity_NEM,5T,short,24,0.3869694097487987,0.37876226061632307,0.407805621812871,0.1663054251821824,0.8538266760641295,8.51806253194809e-05,0.0,0.0,0.0,40320.0,0.0,Energy,0.3869694097487987,0.37876226061632307,8.51806253194809e-05,1.0,0.0
vanilla_multivariate,OpenElectricity_NEM,5T,short,24,0.38256966810718757,0.3744558321278641,0.3970587506548639,0.1576556514716014,0.8538266760641295,0.0013514608144760132,0.0,0.0,0.0,40320.0,0.0,Energy,0.3869694097487987,0.37876226061632307,8.51806253194809e-05,0.9886302598325092,1.1369740167490816
scope_selector,OpenElectricity_NEM,5T,short,24,0.38256966810718757,0.3744558321278641,0.3970587506548639,0.1576556514716014,0.8538266760641295,,,,0.0,40320.0,0.0,Energy,0.3869694097487987,0.37876226061632307,8.51806253194809e-05,0.9886302598325092,1.1369740167490816
scope_selector_per_variate,OpenElectricity_NEM,5T,short,24,0.3827916464318731,0.37467310256306535,0.3976177507333214,0.15809987569822573,0.8538266760641295,,,,0.0,40320.0,0.0,Energy,0.3869694097487987,0.37876226061632307,8.51806253194809e-05,0.9892038925773549,1.079610742264514
scope_mix,OpenElectricity_NEM,5T,short,24,0.3814494307429799,0.3733593536316191,0.3989944226031506,0.15919654926842153,0.8538266760641295,,,,0.0,40320.0,0.0,Energy,0.3869694097487987,0.37876226061632307,8.51806253194809e-05,0.9857353608146905,1.4264639185309513
scope_mix_per_variate,OpenElectricity_NEM,5T,short,24,0.3814448111465397,0.37335483201118413,0.39892853957828317,0.15914397969006183,0.8538266760641295,,,,0.0,40320.0,0.0,Energy,0.3869694097487987,0.37876226061632307,8.51806253194809e-05,0.9857234229293595,1.427657707064045
scope_ridge,OpenElectricity_NEM,5T,short,24,0.3819736511800858,0.3738724559927292,0.39714225396590425,0.15772196988511877,0.8538266760641295,,,,0.0,40320.0,0.0,Energy,0.3869694097487987,0.37876226061632307,8.51806253194809e-05,0.9870900426678277,1.2909957332172262
top_k_1_mix,OpenElectricity_NEM,5T,short,24,0.3840227274987565,0.3758780739022661,0.4075846391881795,0.16612523810215846,0.8538266760641295,,,,0.0,40320.0,0.0,Energy,0.3869694097487987,0.37876226061632307,8.51806253194809e-05,0.9923852320731114,0.7614767926888644
top_k_5_mix,OpenElectricity_NEM,5T,short,24,0.38159650732764094,0.37350331090133226,0.4032925187875057,0.16264485570997067,0.8538266760641295,,,,0.0,40320.0,0.0,Energy,0.3869694097487987,0.37876226061632307,8.51806253194809e-05,0.9861154337118132,1.3884566288186795
top_k_10_mix,OpenElectricity_NEM,5T,short,24,0.3812485521917284,0.373162735469396,0.4062548569546366,0.16504300879923225,0.8538266760641295,,,,0.0,40320.0,0.0,Energy,0.3869694097487987,0.37876226061632307,8.51806253194809e-05,0.9852162537581872,1.4783746241812779
top_k_15_mix,OpenElectricity_NEM,5T,short,24,0.3817465779759831,0.3736501987342882,0.40844559313395656,0.16682780255054958,0.8538266760641295,,,,0.0,40320.0,0.0,Energy,0.3869694097487987,0.37876226061632307,8.51806253194809e-05,0.9865032438191794,1.349675618082058
top_k_20_mix,OpenElectricity_NEM,5T,short,24,0.3811120396567526,0.373029118198761,0.40661181696096393,0.16533316969229644,0.8538266760641295,,,,0.0,40320.0,0.0,Energy,0.3869694097487987,0.37876226061632307,8.51806253194809e-05,0.9848634803049461,1.5136519695053918
vanilla_univariate,OpenElectricity_NEM,5T,medium,96,0.5803601242875183,0.5678251586672486,0.3922021614464004,0.15382253544322833,0.5621339027558641,3.436766564846039e-05,0.0,0.0,0.0,40320.0,0.0,Energy,0.5803601242875183,0.5678251586672486,3.436766564846039e-05,1.0,0.0
vanilla_multivariate,OpenElectricity_NEM,5T,medium,96,0.5801664817821864,0.5676356985687455,0.3953468037691756,0.15629909525050303,0.5621339027558641,0.0022039636969566345,0.0,0.0,0.0,40320.0,0.0,Energy,0.5803601242875183,0.5678251586672486,3.436766564846039e-05,0.9996663407818214,0.0333659218178628
scope_selector,OpenElectricity_NEM,5T,medium,96,0.5801664817821864,0.5676356985687455,0.3953468037691756,0.15629909525050303,0.5621339027558641,,,,0.0,40320.0,0.0,Energy,0.5803601242875183,0.5678251586672486,3.436766564846039e-05,0.9996663407818214,0.0333659218178628
scope_selector_per_variate,OpenElectricity_NEM,5T,medium,96,0.5780733502687567,0.5655877757636015,0.39363070444879616,0.1549451314848555,0.5621339027558641,,,,0.0,40320.0,0.0,Energy,0.5803601242875183,0.5678251586672486,3.436766564846039e-05,0.9960597327020547,0.3940267297945277
scope_mix,OpenElectricity_NEM,5T,medium,96,0.5746504379592903,0.5622387935646385,0.3895052910711989,0.1517143717724594,0.5621339027558641,,,,0.0,40320.0,0.0,Energy,0.5803601242875183,0.5678251586672486,3.436766564846039e-05,0.9901618217908449,0.9838178209155113
scope_mix_per_variate,OpenElectricity_NEM,5T,medium,96,0.5744584722896596,0.5620509740845346,0.3896009501787238,0.15178890038016443,0.5621339027558641,,,,0.0,40320.0,0.0,Energy,0.5803601242875183,0.5678251586672486,3.436766564846039e-05,0.9898310518747238,1.0168948125276245
scope_ridge,OpenElectricity_NEM,5T,medium,96,0.5762015397271223,0.5637563937073249,0.3913883299311208,0.1531848248062719,0.5621339027558641,,,,0.0,40320.0,0.0,Energy,0.5803601242875183,0.5678251586672486,3.436766564846039e-05,0.9928344757222918,0.7165524277708224
top_k_1_mix,OpenElectricity_NEM,5T,medium,96,0.563249916518352,0.5510845074150906,0.3864211834478138,0.14932133101720896,0.5621339027558641,,,,0.0,40320.0,0.0,Energy,0.5803601242875183,0.5678251586672486,3.436766564846039e-05,0.970517947300098,2.9482052699902006
top_k_5_mix,OpenElectricity_NEM,5T,medium,96,0.5508055362750603,0.5389089083509103,0.3865475327973161,0.14941899511169215,0.5621339027558641,,,,0.0,40320.0,0.0,Energy,0.5803601242875183,0.5678251586672486,3.436766564846039e-05,0.9490754330360985,5.092456696390146
top_k_10_mix,OpenElectricity_NEM,5T,medium,96,0.548667809981799,0.5368173539507033,0.37978271603896663,0.14423491140193434,0.5621339027558641,,,,0.0,40320.0,0.0,Energy,0.5803601242875183,0.5678251586672486,3.436766564846039e-05,0.9453919851150585,5.460801488494149
top_k_15_mix,OpenElectricity_NEM,5T,medium,96,0.5475257115341047,0.5356999232294389,0.3819836312001863,0.14591149450487995,0.5621339027558641,,,,0.0,40320.0,0.0,Energy,0.5803601242875183,0.5678251586672486,3.436766564846039e-05,0.9434240717455857,5.6575928254414265
top_k_20_mix,OpenElectricity_NEM,5T,medium,96,0.5475044931615912,0.5356791631440456,0.3817361422391645,0.14572248229163964,0.5621339027558641,,,,0.0,40320.0,0.0,Energy,0.5803601242875183,0.5678251586672486,3.436766564846039e-05,0.9433875110453834,5.661248895461657
vanilla_univariate,OpenElectricity_NEM,5T,long,288,0.7347155176553273,0.7185660775516998,0.3903374863078544,0.15236335321713446,0.21617743752963614,2.206861972808838e-05,0.0,0.0,0.0,40320.0,0.0,Energy,0.7347155176553273,0.7185660775516998,2.206861972808838e-05,1.0,0.0
vanilla_multivariate,OpenElectricity_NEM,5T,long,288,0.7277800559655977,0.7117830610199366,0.3874881954089126,0.15014710158125563,0.21617743752963614,0.00022955425083637238,0.0,0.0,0.0,40320.0,0.0,Energy,0.7347155176553273,0.7185660775516998,2.206861972808838e-05,0.9905603440745848,0.943965592541518
scope_selector,OpenElectricity_NEM,5T,long,288,0.7277800559655977,0.7117830610199366,0.3874881954089126,0.15014710158125563,0.21617743752963614,,,,0.0,40320.0,0.0,Energy,0.7347155176553273,0.7185660775516998,2.206861972808838e-05,0.9905603440745848,0.943965592541518
scope_selector_per_variate,OpenElectricity_NEM,5T,long,288,0.7332821433052159,0.717164209536567,0.39698243836736313,0.15759505637209728,0.21617743752963614,,,,0.0,40320.0,0.0,Energy,0.7347155176553273,0.7185660775516998,2.206861972808838e-05,0.9980490757093499,0.19509242906501356
scope_mix,OpenElectricity_NEM,5T,long,288,0.7234533962234899,0.7075515035734451,0.38878111879489213,0.15115075833140804,0.21617743752963614,,,,0.0,40320.0,0.0,Energy,0.7347155176553273,0.7185660775516998,2.206861972808838e-05,0.9846714528804594,1.532854711954057
scope_mix_per_variate,OpenElectricity_NEM,5T,long,288,0.724392938613117,0.7084703943187535,0.39029309300801174,0.15232869844976052,0.21617743752963614,,,,0.0,40320.0,0.0,Energy,0.7347155176553273,0.7185660775516998,2.206861972808838e-05,0.9859502368002893,1.404976319971074
scope_ridge,OpenElectricity_NEM,5T,long,288,0.7235445765528951,0.7076406797104343,0.38829128443346417,0.15077012156698935,0.21617743752963614,,,,0.0,40320.0,0.0,Energy,0.7347155176553273,0.7185660775516998,2.206861972808838e-05,0.9847955557845278,1.520444421547218
top_k_1_mix,OpenElectricity_NEM,5T,long,288,0.7130671647201128,0.6973935669944783,0.3857087245480924,0.1487712201925162,0.21617743752963614,,,,0.0,40320.0,0.0,Energy,0.7347155176553273,0.7185660775516998,2.206861972808838e-05,0.9705350541604182,2.9464945839581813
top_k_5_mix,OpenElectricity_NEM,5T,long,288,0.7058165029683607,0.6903022786666676,0.380946141433331,0.14511996267294341,0.21617743752963614,,,,0.0,40320.0,0.0,Energy,0.7347155176553273,0.7185660775516998,2.206861972808838e-05,0.9606663885646638,3.93336114353362
top_k_10_mix,OpenElectricity_NEM,5T,long,288,0.6983087823880062,0.6829595818008171,0.37476115157993184,0.14044592073351667,0.21617743752963614,,,,0.0,40320.0,0.0,Energy,0.7347155176553273,0.7185660775516998,2.206861972808838e-05,0.9504478476465222,4.955215235347776
top_k_15_mix,OpenElectricity_NEM,5T,long,288,0.6960689301781544,0.6807689627407147,0.37177549371885393,0.1382170177298976,0.21617743752963614,,,,0.0,40320.0,0.0,Energy,0.7347155176553273,0.7185660775516998,2.206861972808838e-05,0.9473992497116375,5.260075028836253
top_k_20_mix,OpenElectricity_NEM,5T,long,288,0.6939336508575326,0.6786806180017972,0.3677681948821632,0.13525344516688478,0.21617743752963614,,,,0.0,40320.0,0.0,Energy,0.7347155176553273,0.7185660775516998,2.206861972808838e-05,0.9444929829059001,5.550701709409989
vanilla_univariate,EWELD_Load,15T,short,24,0.5334183450769662,0.5855899091498685,0.47386415482552285,0.2245472372285071,0.6284262662910528,3.9419159293174744e-05,0.0,0.0,0.0,13440.0,0.0,Energy,0.5334183450769662,0.5855899091498685,3.9419159293174744e-05,1.0,0.0
vanilla_multivariate,EWELD_Load,15T,short,24,0.5410549755223345,0.5939734485800114,0.47205005577124226,0.22283125515363292,0.6284262662910528,0.0005213450640439987,0.0,0.0,0.0,13440.0,0.0,Energy,0.5334183450769662,0.5855899091498685,3.9419159293174744e-05,1.0143164000935634,-1.4316400093563386
scope_selector,EWELD_Load,15T,short,24,0.5334183450769662,0.5855899091498685,0.47386415482552285,0.2245472372285071,0.6284262662910528,,,,0.0,13440.0,0.0,Energy,0.5334183450769662,0.5855899091498685,3.9419159293174744e-05,1.0,0.0
scope_selector_per_variate,EWELD_Load,15T,short,24,0.5340248182389827,0.5862556990821511,0.473588708039748,0.2242862643827577,0.6284262662910528,,,,0.0,13440.0,0.0,Energy,0.5334183450769662,0.5855899091498685,3.9419159293174744e-05,1.0011369559513914,-0.11369559513914052
scope_mix,EWELD_Load,15T,short,24,0.534587059648528,0.5868729311270828,0.47065249743621385,0.22151377334294528,0.6284262662910528,,,,0.0,13440.0,0.0,Energy,0.5334183450769662,0.5855899091498685,3.9419159293174744e-05,1.00219099058431,-0.21909905843100486
scope_mix_per_variate,EWELD_Load,15T,short,24,0.5343341195050083,0.5865952518964543,0.47068890151207854,0.22154804200664716,0.6284262662910528,,,,0.0,13440.0,0.0,Energy,0.5334183450769662,0.5855899091498685,3.9419159293174744e-05,1.0017168033992345,-0.17168033992345233
scope_ridge,EWELD_Load,15T,short,24,0.533822375559201,0.5860334562748769,0.4710953663693468,0.22193084421466908,0.6284262662910528,,,,0.0,13440.0,0.0,Energy,0.5334183450769662,0.5855899091498685,3.9419159293174744e-05,1.0007574364210825,-0.07574364210825024
top_k_1_mix,EWELD_Load,15T,short,24,0.5334984008332834,0.5856777948469042,0.4740291967151289,0.22470367933839036,0.6284262662910528,,,,0.0,13440.0,0.0,Energy,0.5334183450769662,0.5855899091498685,3.9419159293174744e-05,1.000150080620691,-0.01500806206911065
top_k_5_mix,EWELD_Load,15T,short,24,0.5344713835666658,0.5867459412196421,0.472882272150371,0.22361764331409753,0.6284262662910528,,,,0.0,13440.0,0.0,Energy,0.5334183450769662,0.5855899091498685,3.9419159293174744e-05,1.001974132497351,-0.1974132497351011
top_k_10_mix,EWELD_Load,15T,short,24,0.5353602311551753,0.5877217235177336,0.47146750898234596,0.22228161202601848,0.6284262662910528,,,,0.0,13440.0,0.0,Energy,0.5334183450769662,0.5855899091498685,3.9419159293174744e-05,1.0036404561187877,-0.3640456118787716
top_k_15_mix,EWELD_Load,15T,short,24,0.5358570032973219,0.5882670830020345,0.4712185275413819,0.22204690069826807,0.6284262662910528,,,,0.0,13440.0,0.0,Energy,0.5334183450769662,0.5855899091498685,3.9419159293174744e-05,1.004571755438977,-0.4571755438977032
top_k_20_mix,EWELD_Load,15T,short,24,0.5364774069691064,0.5889481659328138,0.4701624033206676,0.22105268549626614,0.6284262662910528,,,,0.0,13440.0,0.0,Energy,0.5334183450769662,0.5855899091498685,3.9419159293174744e-05,1.0057348269334434,-0.5734826933443404
vanilla_univariate,EWELD_Load,15T,medium,96,0.6378522625217872,0.7003605069120928,0.36802117238288745,0.13543958332207495,0.24043824963022473,2.165883779525757e-05,0.0,0.0,0.0,13440.0,0.0,Energy,0.6378522625217872,0.7003605069120928,2.165883779525757e-05,1.0,0.0
vanilla_multivariate,EWELD_Load,15T,medium,96,0.6517499017231616,0.7156200869243586,0.3887161257301279,0.15110022640264062,0.24043824963022473,0.0002510230988264084,0.0,0.0,0.0,13440.0,0.0,Energy,0.6378522625217872,0.7003605069120928,2.165883779525757e-05,1.0217881788902485,-2.1788178890248533
scope_selector,EWELD_Load,15T,medium,96,0.6378522625217872,0.7003605069120928,0.36802117238288745,0.13543958332207495,0.24043824963022473,,,,0.0,13440.0,0.0,Energy,0.6378522625217872,0.7003605069120928,2.165883779525757e-05,1.0,0.0
scope_selector_per_variate,EWELD_Load,15T,medium,96,0.6381906721414593,0.7007320799968076,0.3677083903575177,0.1352094603393166,0.24043824963022473,,,,0.0,13440.0,0.0,Energy,0.6378522625217872,0.7003605069120928,2.165883779525757e-05,1.0005305454563007,-0.05305454563007128
scope_mix,EWELD_Load,15T,medium,96,0.6413926938021804,0.7042478933680419,0.37400278823645744,0.13987808560864443,0.24043824963022473,,,,0.0,13440.0,0.0,Energy,0.6378522625217872,0.7003605069120928,2.165883779525757e-05,1.0055505506343991,-0.5550550634399132
scope_mix_per_variate,EWELD_Load,15T,medium,96,0.6417799605558279,0.7046731114880223,0.37278779168996207,0.13897073763307854,0.24043824963022473,,,,0.0,13440.0,0.0,Energy,0.6378522625217872,0.7003605069120928,2.165883779525757e-05,1.0061576924075055,-0.6157692407505522
scope_ridge,EWELD_Load,15T,medium,96,0.6388251614689572,0.7014287480077979,0.3698926215653843,0.13682055148851263,0.24043824963022473,,,,0.0,13440.0,0.0,Energy,0.6378522625217872,0.7003605069120928,2.165883779525757e-05,1.0015252731774025,-0.15252731774024753
top_k_1_mix,EWELD_Load,15T,medium,96,0.6331420878139695,0.6951887445153121,0.3615944329676407,0.1307505339531896,0.24043824963022473,,,,0.0,13440.0,0.0,Energy,0.6378522625217872,0.7003605069120928,2.165883779525757e-05,0.9926155710584208,0.7384428941579202
top_k_5_mix,EWELD_Load,15T,medium,96,0.6268095736504892,0.6882356566450444,0.354337598315844,0.1255551335802404,0.24043824963022473,,,,0.0,13440.0,0.0,Energy,0.6378522625217872,0.7003605069120928,2.165883779525757e-05,0.9826877013375479,1.7312298662452097
top_k_10_mix,EWELD_Load,15T,medium,96,0.6269824952788663,0.6884255242467167,0.35559912722260506,0.12645073928147846,0.24043824963022473,,,,0.0,13440.0,0.0,Energy,0.6378522625217872,0.7003605069120928,2.165883779525757e-05,0.9829588011494282,1.704119885057176
top_k_15_mix,EWELD_Load,15T,medium,96,0.6305870927386952,0.6923833650391894,0.35490691225217624,0.12595891636437392,0.24043824963022473,,,,0.0,13440.0,0.0,Energy,0.6378522625217872,0.7003605069120928,2.165883779525757e-05,0.9886099490274304,1.139005097256962
top_k_20_mix,EWELD_Load,15T,medium,96,0.6287327543783635,0.6903473052329674,0.35292528837594855,0.12455625917524646,0.24043824963022473,,,,0.0,13440.0,0.0,Energy,0.6378522625217872,0.7003605069120928,2.165883779525757e-05,0.9857027893773251,1.429721062267486
vanilla_univariate,EWELD_Load,15T,long,672,0.7570063666682227,0.7779419960413352,0.45897907588044334,0.21066179209606575,0.237943187485963,1.4787539839744568e-05,0.0,0.0,0.0,13440.0,0.0,Energy,0.7570063666682227,0.7779419960413352,1.4787539839744568e-05,1.0,0.0
vanilla_multivariate,EWELD_Load,15T,long,672,0.7839039420360605,0.805583445825203,0.477712702578765,0.22820942620510762,0.237943187485963,0.00015686452388763428,0.0,0.0,0.0,13440.0,0.0,Energy,0.7570063666682227,0.7779419960413352,1.4787539839744568e-05,1.0355315048223714,-3.553150482237144
scope_selector,EWELD_Load,15T,long,672,0.7570063666682227,0.7779419960413352,0.45897907588044334,0.21066179209606575,0.237943187485963,,,,0.0,13440.0,0.0,Energy,0.7570063666682227,0.7779419960413352,1.4787539839744568e-05,1.0,0.0
scope_selector_per_variate,EWELD_Load,15T,long,672,0.760481383299645,0.7815131170960017,0.45420058228234267,0.20629816894561914,0.237943187485963,,,,0.0,13440.0,0.0,Energy,0.7570063666682227,0.7779419960413352,1.4787539839744568e-05,1.004590472133962,-0.459047213396202
scope_mix,EWELD_Load,15T,long,672,0.7673256027290682,0.7885466190039242,0.4685965048784993,0.21958268438434542,0.237943187485963,,,,0.0,13440.0,0.0,Energy,0.7570063666682227,0.7779419960413352,1.4787539839744568e-05,1.013631637084194,-1.3631637084194015
scope_mix_per_variate,EWELD_Load,15T,long,672,0.7643073893568906,0.7854449344757416,0.4663574640803067,0.21748928430341458,0.237943187485963,,,,0.0,13440.0,0.0,Energy,0.7570063666682227,0.7779419960413352,1.4787539839744568e-05,1.0096445987908946,-0.9644598790894632
scope_ridge,EWELD_Load,15T,long,672,0.760225132663202,0.7812497796389091,0.4631325258857746,0.21449173653333764,0.237943187485963,,,,0.0,13440.0,0.0,Energy,0.7570063666682227,0.7779419960413352,1.4787539839744568e-05,1.004251966874659,-0.4251966874659008
top_k_1_mix,EWELD_Load,15T,long,672,0.7507416878288539,0.7715040623918386,0.4542415796333808,0.20633541266782904,0.237943187485963,,,,0.0,13440.0,0.0,Energy,0.7570063666682227,0.7779419960413352,1.4787539839744568e-05,0.9917244040272193,0.8275595972780714
top_k_5_mix,EWELD_Load,15T,long,672,0.7531050245778699,0.77393275914896,0.45294959797101203,0.20516333830210143,0.237943187485963,,,,0.0,13440.0,0.0,Energy,0.7570063666682227,0.7779419960413352,1.4787539839744568e-05,0.9948463549817637,0.5153645018236341
top_k_10_mix,EWELD_Load,15T,long,672,0.7398988979806965,0.7603614063343247,0.41134894980589914,0.16920795850641612,0.237943187485963,,,,0.0,13440.0,0.0,Energy,0.7570063666682227,0.7779419960413352,1.4787539839744568e-05,0.9774011561318559,2.2598843868144147
top_k_15_mix,EWELD_Load,15T,long,672,0.7487007654125529,0.7694066965991431,0.4242976989580246,0.1800285373410745,0.237943187485963,,,,0.0,13440.0,0.0,Energy,0.7570063666682227,0.7779419960413352,1.4787539839744568e-05,0.9890283601018776,1.0971639898122443
top_k_20_mix,EWELD_Load,15T,long,672,0.74754573306483,0.7682197208884437,0.42126062444412327,0.17746051370705265,0.237943187485963,,,,0.0,13440.0,0.0,Energy,0.7570063666682227,0.7779419960413352,1.4787539839744568e-05,0.9875025706256192,1.2497429374380808
vanilla_univariate,SG_Carpark,15T,short,16,0.3700561151945231,0.3928127857824786,0.4441244159876106,0.19724649687633616,1.3572945477146132,0.0006089676171541214,0.0,0.0,0.0,235056.0,0.0,Transport,0.3700561151945231,0.3928127857824786,0.0006089676171541214,1.0,0.0
vanilla_multivariate,SG_Carpark,15T,short,16,0.37005611753661344,0.3928127882685962,0.44412441126644414,0.19724649268276562,1.3572945477146132,66.15041924826801,0.0,0.0,0.0,235056.0,0.0,Transport,0.3700561151945231,0.3928127857824786,0.0006089676171541214,1.000000006329014,-6.329013979566867e-07
scope_selector,SG_Carpark,15T,short,16,0.3700561151945231,0.3928127857824786,0.4441244159876106,0.19724649687633616,1.3572945477146132,,,,0.0,235056.0,0.0,Transport,0.3700561151945231,0.3928127857824786,0.0006089676171541214,1.0,0.0
scope_selector_per_variate,SG_Carpark,15T,short,16,0.3700561151945231,0.3928127857824786,0.4441244159876106,0.19724649687633616,1.3572945477146132,,,,0.0,235056.0,0.0,Transport,0.3700561151945231,0.3928127857824786,0.0006089676171541214,1.0,0.0
scope_mix,SG_Carpark,15T,short,16,0.37005611633904584,0.392812786997384,0.44412441430616423,0.19724649538279343,1.3572945477146132,,,,0.0,235056.0,0.0,Transport,0.3700561151945231,0.3928127857824786,0.0006089676171541214,1.0000000030928358,-3.092835765272639e-07
scope_mix_per_variate,SG_Carpark,15T,short,16,0.37005611633904584,0.392812786997384,0.44412441430616423,0.19724649538279343,1.3572945477146132,,,,0.0,235056.0,0.0,Transport,0.3700561151945231,0.3928127857824786,0.0006089676171541214,1.0000000030928358,-3.092835765272639e-07
scope_ridge,SG_Carpark,15T,short,16,0.3700561151945231,0.3928127857824786,0.4441244159876106,0.19724649687633616,1.3572945477146132,,,,0.0,235056.0,0.0,Transport,0.3700561151945231,0.3928127857824786,0.0006089676171541214,1.0,0.0
top_k_1_mix,SG_Carpark,15T,short,16,0.3689945968637371,0.39168598918176295,0.4431248626357086,0.19635964388591562,1.3572945477146132,,,,0.0,235056.0,0.0,Transport,0.3700561151945231,0.3928127857824786,0.0006089676171541214,0.9971314665879039,0.28685334120961414
top_k_5_mix,SG_Carpark,15T,short,16,0.368312431037721,0.39096187343963523,0.4428609904093317,0.19612585682633418,1.3572945477146132,,,,0.0,235056.0,0.0,Transport,0.3700561151945231,0.3928127857824786,0.0006089676171541214,0.9952880547430341,0.47119452569659437
top_k_10_mix,SG_Carpark,15T,short,16,0.368287634713291,0.3909355522605584,0.44389880227904954,0.19704614666477474,1.3572945477146132,,,,0.0,235056.0,0.0,Transport,0.3700561151945231,0.3928127857824786,0.0006089676171541214,0.9952210478124313,0.47789521875687413
top_k_15_mix,SG_Carpark,15T,short,16,0.36805711908138394,0.3906908610263973,0.44304211805122323,0.19628631836731403,1.3572945477146132,,,,0.0,235056.0,0.0,Transport,0.3700561151945231,0.3928127857824786,0.0006089676171541214,0.9945981270648957,0.5401872935104302
top_k_20_mix,SG_Carpark,15T,short,16,0.36822241799810373,0.3908663250311723,0.4433708332407203,0.19657769576857062,1.3572945477146132,,,,0.0,235056.0,0.0,Transport,0.3700561151945231,0.3928127857824786,0.0006089676171541214,0.995044813148256,0.4955186851744009
vanilla_univariate,SG_Carpark,15T,medium,96,0.5286342047799814,0.558075969445258,0.5457085903482337,0.2977978655798563,0.6915537435383057,0.0001184120774269104,0.0,0.0,0.0,235056.0,0.0,Transport,0.5286342047799814,0.558075969445258,0.0001184120774269104,1.0,0.0
vanilla_multivariate,SG_Carpark,15T,medium,96,0.5286342032168719,0.5580759677950926,0.5457085804637881,0.2977978547918027,0.6915537435383057,11.131199086084962,0.0,0.0,0.0,235056.0,0.0,Transport,0.5286342047799814,0.558075969445258,0.0001184120774269104,0.9999999970431172,2.956882849680653e-07
scope_selector,SG_Carpark,15T,medium,96,0.5286342047799814,0.558075969445258,0.5457085903482337,0.2977978655798563,0.6915537435383057,,,,0.0,235056.0,0.0,Transport,0.5286342047799814,0.558075969445258,0.0001184120774269104,1.0,0.0
scope_selector_per_variate,SG_Carpark,15T,medium,96,0.5286342031430817,0.5580759677171928,0.5457085865586163,0.2977978614438028,0.6915537435383057,,,,0.0,235056.0,0.0,Transport,0.5286342047799814,0.558075969445258,0.0001184120774269104,0.9999999969035307,3.096469303187632e-07
scope_mix,SG_Carpark,15T,medium,96,0.5286342037824079,0.5580759683921256,0.5457085848227159,0.2977978595492113,0.6915537435383057,,,,0.0,235056.0,0.0,Transport,0.5286342047799814,0.558075969445258,0.0001184120774269104,0.999999998112923,1.8870770501777656e-07
scope_mix_per_variate,SG_Carpark,15T,medium,96,0.5286342021731055,0.5580759666931947,0.5457085856786336,0.2977978604833746,0.6915537435383057,,,,0.0,235056.0,0.0,Transport,0.5286342047799814,0.558075969445258,0.0001184120774269104,0.9999999950686584,4.931341557323776e-07
scope_ridge,SG_Carpark,15T,medium,96,0.5286342009524938,0.5580759654046022,0.5457085868876448,0.2977978618029102,0.6915537435383057,,,,0.0,235056.0,0.0,Transport,0.5286342047799814,0.558075969445258,0.0001184120774269104,0.9999999927596672,7.240332777769254e-07
top_k_1_mix,SG_Carpark,15T,medium,96,0.5286342047799814,0.558075969445258,0.5457085903482337,0.2977978655798563,0.6915537435383057,,,,0.0,235056.0,0.0,Transport,0.5286342047799814,0.558075969445258,0.0001184120774269104,1.0,0.0
top_k_5_mix,SG_Carpark,15T,medium,96,0.5286342047799814,0.558075969445258,0.5457085903482337,0.2977978655798563,0.6915537435383057,,,,0.0,235056.0,0.0,Transport,0.5286342047799814,0.558075969445258,0.0001184120774269104,1.0,0.0
top_k_10_mix,SG_Carpark,15T,medium,96,0.5286342047799814,0.558075969445258,0.5457085903482337,0.2977978655798563,0.6915537435383057,,,,0.0,235056.0,0.0,Transport,0.5286342047799814,0.558075969445258,0.0001184120774269104,1.0,0.0
top_k_15_mix,SG_Carpark,15T,medium,96,0.5286342047799814,0.558075969445258,0.5457085903482337,0.2977978655798563,0.6915537435383057,,,,0.0,235056.0,0.0,Transport,0.5286342047799814,0.558075969445258,0.0001184120774269104,1.0,0.0
top_k_20_mix,SG_Carpark,15T,medium,96,0.5286342047799814,0.558075969445258,0.5457085903482337,0.2977978655798563,0.6915537435383057,,,,0.0,235056.0,0.0,Transport,0.5286342047799814,0.558075969445258,0.0001184120774269104,1.0,0.0
vanilla_univariate,SG_Carpark,15T,long,672,0.7260138576806109,0.5551023033224332,0.8167279252106057,0.6670445038188207,0.6407367954972765,3.215298056602478e-05,0.0,0.0,0.0,235056.0,0.0,Transport,0.7260138576806109,0.5551023033224332,3.215298056602478e-05,1.0,0.0
vanilla_multivariate,SG_Carpark,15T,long,672,0.7260138613023388,0.5551023060915669,0.8167279319476981,0.6670445148235639,0.6407367954972765,1.9891292210668325,0.0,0.0,0.0,235056.0,0.0,Transport,0.7260138576806109,0.5551023033224332,3.215298056602478e-05,1.0000000049885107,-4.988510715620009e-07
scope_selector,SG_Carpark,15T,long,672,0.7260138576806109,0.5551023033224332,0.8167279252106057,0.6670445038188207,0.6407367954972765,,,,0.0,235056.0,0.0,Transport,0.7260138576806109,0.5551023033224332,3.215298056602478e-05,1.0,0.0
scope_selector_per_variate,SG_Carpark,15T,long,672,0.7260138576806109,0.5551023033224332,0.8167279252106057,0.6670445038188207,0.6407367954972765,,,,0.0,235056.0,0.0,Transport,0.7260138576806109,0.5551023033224332,3.215298056602478e-05,1.0,0.0
scope_mix,SG_Carpark,15T,long,672,0.7260138593318392,0.5551023045849443,0.8167279273418835,0.667044507300169,0.6407367954972765,,,,0.0,235056.0,0.0,Transport,0.7260138576806109,0.5551023033224332,3.215298056602478e-05,1.0000000022743756,-2.27437557676069e-07
scope_mix_per_variate,SG_Carpark,15T,long,672,0.7260138593318392,0.5551023045849443,0.8167279273418835,0.667044507300169,0.6407367954972765,,,,0.0,235056.0,0.0,Transport,0.7260138576806109,0.5551023033224332,3.215298056602478e-05,1.0000000022743756,-2.27437557676069e-07
scope_ridge,SG_Carpark,15T,long,672,0.7260138576806109,0.5551023033224332,0.8167279252106057,0.6670445038188207,0.6407367954972765,,,,0.0,235056.0,0.0,Transport,0.7260138576806109,0.5551023033224332,3.215298056602478e-05,1.0,0.0
top_k_1_mix,SG_Carpark,15T,long,672,0.7260138576806109,0.5551023033224332,0.8167279252106057,0.6670445038188207,0.6407367954972765,,,,0.0,235056.0,0.0,Transport,0.7260138576806109,0.5551023033224332,3.215298056602478e-05,1.0,0.0
top_k_5_mix,SG_Carpark,15T,long,672,0.7260138576806109,0.5551023033224332,0.8167279252106057,0.6670445038188207,0.6407367954972765,,,,0.0,235056.0,0.0,Transport,0.7260138576806109,0.5551023033224332,3.215298056602478e-05,1.0,0.0
top_k_10_mix,SG_Carpark,15T,long,672,0.7260138576806109,0.5551023033224332,0.8167279252106057,0.6670445038188207,0.6407367954972765,,,,0.0,235056.0,0.0,Transport,0.7260138576806109,0.5551023033224332,3.215298056602478e-05,1.0,0.0
top_k_15_mix,SG_Carpark,15T,long,672,0.7260138576806109,0.5551023033224332,0.8167279252106057,0.6670445038188207,0.6407367954972765,,,,0.0,235056.0,0.0,Transport,0.7260138576806109,0.5551023033224332,3.215298056602478e-05,1.0,0.0
top_k_20_mix,SG_Carpark,15T,long,672,0.7260138576806109,0.5551023033224332,0.8167279252106057,0.6670445038188207,0.6407367954972765,,,,0.0,235056.0,0.0,Transport,0.7260138576806109,0.5551023033224332,3.215298056602478e-05,1.0,0.0
vanilla_univariate,Finland_Traffic,15T,short,16,0.4022035802507917,0.5142179910500525,0.41731007380654556,0.17414769770042451,0.5444992622161519,2.2159889340400696e-05,0.0,0.0,0.0,2976.0,0.0,Transport,0.4022035802507917,0.5142179910500525,2.2159889340400696e-05,1.0,0.0
vanilla_multivariate,Finland_Traffic,15T,short,16,0.40220358603870454,0.5142179984499092,0.41731004726659976,0.17414767554965171,0.5444992622161519,0.7923817094415426,0.0,0.0,0.0,2976.0,0.0,Transport,0.4022035802507917,0.5142179910500525,2.2159889340400696e-05,1.0000000143905055,-1.4390505453931723e-06
scope_selector,Finland_Traffic,15T,short,16,0.4022035802507917,0.5142179910500525,0.41731007380654556,0.17414769770042451,0.5444992622161519,,,,0.0,2976.0,0.0,Transport,0.4022035802507917,0.5142179910500525,2.2159889340400696e-05,1.0,0.0
scope_selector_per_variate,Finland_Traffic,15T,short,16,0.4022035802507917,0.5142179910500525,0.41731007380654556,0.17414769770042451,0.5444992622161519,,,,0.0,2976.0,0.0,Transport,0.4022035802507917,0.5142179910500525,2.2159889340400696e-05,1.0,0.0
scope_mix,Finland_Traffic,15T,short,16,0.4022035825167362,0.5142179939470665,0.4173100616668839,0.17414768756841842,0.5444992622161519,,,,0.0,2976.0,0.0,Transport,0.4022035802507917,0.5142179910500525,2.2159889340400696e-05,1.0000000056338247,-5.633824740058913e-07
scope_mix_per_variate,Finland_Traffic,15T,short,16,0.4022035825167362,0.5142179939470665,0.4173100616668839,0.17414768756841842,0.5444992622161519,,,,0.0,2976.0,0.0,Transport,0.4022035802507917,0.5142179910500525,2.2159889340400696e-05,1.0000000056338247,-5.633824740058913e-07
scope_ridge,Finland_Traffic,15T,short,16,0.4022035802507917,0.5142179910500525,0.41731007380654556,0.17414769770042451,0.5444992622161519,,,,0.0,2976.0,0.0,Transport,0.4022035802507917,0.5142179910500525,2.2159889340400696e-05,1.0,0.0
top_k_1_mix,Finland_Traffic,15T,short,16,0.3928302970007351,0.5022342317822165,0.4031500737176239,0.1625299819385256,0.5444992622161519,,,,0.0,2976.0,0.0,Transport,0.4022035802507917,0.5142179910500525,2.2159889340400696e-05,0.976695176994168,2.330482300583203
top_k_5_mix,Finland_Traffic,15T,short,16,0.38943756513996514,0.49789661807791086,0.3960848715592086,0.15688322547807476,0.5444992622161519,,,,0.0,2976.0,0.0,Transport,0.4022035802507917,0.5142179910500525,2.2159889340400696e-05,0.9682598173221969,3.1740182677803097
top_k_10_mix,Finland_Traffic,15T,short,16,0.3903457923351437,0.4990577881585713,0.39867809862519094,0.15894422632339747,0.5444992622161519,,,,0.0,2976.0,0.0,Transport,0.4022035802507917,0.5142179910500525,2.2159889340400696e-05,0.9705179453940859,2.948205460591413
top_k_15_mix,Finland_Traffic,15T,short,16,0.39272960650453154,0.5021054988041477,0.40168477803034053,0.16135066090128394,0.5444992622161519,,,,0.0,2976.0,0.0,Transport,0.4022035802507917,0.5142179910500525,2.2159889340400696e-05,0.9764448299034216,2.355517009657837
top_k_20_mix,Finland_Traffic,15T,short,16,0.39493059323155233,0.5049194642402354,0.40465159585577365,0.16374291402862437,0.5444992622161519,,,,0.0,2976.0,0.0,Transport,0.4022035802507917,0.5142179910500525,2.2159889340400696e-05,0.9819171499798576,1.8082850020142427
vanilla_univariate,Finland_Traffic,15T,medium,96,0.5358107102757379,0.685200749309695,0.3875487554094553,0.15019403781941784,0.17085736839439175,1.3180077075958252e-05,0.0,0.0,0.0,2976.0,0.0,Transport,0.5358107102757379,0.685200749309695,1.3180077075958252e-05,1.0,0.0
vanilla_multivariate,Finland_Traffic,15T,medium,96,0.535810728486409,0.6852007725977055,0.3875487484078261,0.15019403239247248,0.17085736839439175,0.13394706323742867,0.0,0.0,0.0,2976.0,0.0,Transport,0.5358107102757379,0.685200749309695,1.3180077075958252e-05,1.0000000339871353,-3.398713532831721e-06
scope_selector,Finland_Traffic,15T,medium,96,0.5358107102757379,0.685200749309695,0.3875487554094553,0.15019403781941784,0.17085736839439175,,,,0.0,2976.0,0.0,Transport,0.5358107102757379,0.685200749309695,1.3180077075958252e-05,1.0,0.0
scope_selector_per_variate,Finland_Traffic,15T,medium,96,0.5358107102757379,0.685200749309695,0.3875487554094553,0.15019403781941784,0.17085736839439175,,,,0.0,2976.0,0.0,Transport,0.5358107102757379,0.685200749309695,1.3180077075958252e-05,1.0,0.0
scope_mix,Finland_Traffic,15T,medium,96,0.5358107181051445,0.685200759322028,0.3875487542742921,0.15019403693955563,0.17085736839439175,,,,0.0,2976.0,0.0,Transport,0.5358107102757379,0.685200749309695,1.3180077075958252e-05,1.000000014612262,-1.4612262067004167e-06
scope_mix_per_variate,Finland_Traffic,15T,medium,96,0.5358107181051445,0.685200759322028,0.3875487542742921,0.15019403693955563,0.17085736839439175,,,,0.0,2976.0,0.0,Transport,0.5358107102757379,0.685200749309695,1.3180077075958252e-05,1.000000014612262,-1.4612262067004167e-06
scope_ridge,Finland_Traffic,15T,medium,96,0.5358107102757379,0.685200749309695,0.3875487554094553,0.15019403781941784,0.17085736839439175,,,,0.0,2976.0,0.0,Transport,0.5358107102757379,0.685200749309695,1.3180077075958252e-05,1.0,0.0
top_k_1_mix,Finland_Traffic,15T,medium,96,0.534813160914983,0.6839250719923996,0.3699054284712783,0.13683002601251998,0.17085736839439175,,,,0.0,2976.0,0.0,Transport,0.5358107102757379,0.685200749309695,1.3180077075958252e-05,0.9981382429622552,0.18617570377448267
top_k_5_mix,Finland_Traffic,15T,medium,96,0.5272117995524497,0.6742043657775104,0.3337450425635967,0.11138575343577699,0.17085736839439175,,,,0.0,2976.0,0.0,Transport,0.5358107102757379,0.685200749309695,1.3180077075958252e-05,0.9839515885771244,1.6048411422875608
top_k_10_mix,Finland_Traffic,15T,medium,96,0.5339799029268163,0.6828594923260912,0.34550236498444636,0.11937188420984558,0.17085736839439175,,,,0.0,2976.0,0.0,Transport,0.5358107102757379,0.685200749309695,1.3180077075958252e-05,0.9965831079636698,0.34168920363302213
top_k_15_mix,Finland_Traffic,15T,medium,96,0.5394102583139887,0.6898038917360874,0.3578668721487912,0.12806869818155928,0.17085736839439175,,,,0.0,2976.0,0.0,Transport,0.5358107102757379,0.685200749309695,1.3180077075958252e-05,1.0067179471578656,-0.6717947157865556
top_k_20_mix,Finland_Traffic,15T,medium,96,0.5379230302329986,0.6879020077760516,0.35877973911324185,0.12872290119816587,0.17085736839439175,,,,0.0,2976.0,0.0,Transport,0.5358107102757379,0.685200749309695,1.3180077075958252e-05,1.0039422876712816,-0.39422876712815746
vanilla_univariate,Finland_Traffic,15T,long,672,0.592638224850232,0.6334165647741988,0.2859540958184824,0.08176974491536582,0.018781384922048106,1.3893470168113708e-05,0.0,0.0,0.0,2688.0,0.0,Transport,0.592638224850232,0.6334165647741988,1.3893470168113708e-05,1.0,0.0
vanilla_multivariate,Finland_Traffic,15T,long,672,0.592638224850232,0.6334165647741988,0.2859540958184824,0.08176974491536582,0.018781384922048106,0.028902258723974228,0.0,0.0,0.0,2688.0,0.0,Transport,0.592638224850232,0.6334165647741988,1.3893470168113708e-05,1.0,0.0
scope_selector,Finland_Traffic,15T,long,672,0.592638224850232,0.6334165647741988,0.2859540958184824,0.08176974491536582,0.018781384922048106,,,,0.0,2688.0,0.0,Transport,0.592638224850232,0.6334165647741988,1.3893470168113708e-05,1.0,0.0
scope_selector_per_variate,Finland_Traffic,15T,long,672,0.592638224850232,0.6334165647741988,0.2859540958184824,0.08176974491536582,0.018781384922048106,,,,0.0,2688.0,0.0,Transport,0.592638224850232,0.6334165647741988,1.3893470168113708e-05,1.0,0.0
scope_mix,Finland_Traffic,15T,long,672,0.5926382218939845,0.6334165616145374,0.28595409757879625,0.08176974592210372,0.018781384922048106,,,,0.0,2688.0,0.0,Transport,0.592638224850232,0.6334165647741988,1.3893470168113708e-05,0.9999999950117165,4.988283452966868e-07
scope_mix_per_variate,Finland_Traffic,15T,long,672,0.5926382218939845,0.6334165616145374,0.28595409757879625,0.08176974592210372,0.018781384922048106,,,,0.0,2688.0,0.0,Transport,0.592638224850232,0.6334165647741988,1.3893470168113708e-05,0.9999999950117165,4.988283452966868e-07
scope_ridge,Finland_Traffic,15T,long,672,0.592638224850232,0.6334165647741988,0.2859540958184824,0.08176974491536582,0.018781384922048106,,,,0.0,2688.0,0.0,Transport,0.592638224850232,0.6334165647741988,1.3893470168113708e-05,1.0,0.0
top_k_1_mix,Finland_Traffic,15T,long,672,0.5847529298120494,0.624988697171533,0.29226262234208195,0.0854174404182704,0.018781384922048106,,,,0.0,2688.0,0.0,Transport,0.592638224850232,0.6334165647741988,1.3893470168113708e-05,0.986694589198705,1.3305410801294992
top_k_5_mix,Finland_Traffic,15T,long,672,0.5948359204445006,0.6357654797367678,0.2847589323313297,0.08108764954247881,0.018781384922048106,,,,0.0,2688.0,0.0,Transport,0.592638224850232,0.6334165647741988,1.3893470168113708e-05,1.0037083257577994,-0.37083257577994466
top_k_10_mix,Finland_Traffic,15T,long,672,0.6011657289333833,0.642530830638188,0.2796848053785225,0.07822359035962201,0.018781384922048106,,,,0.0,2688.0,0.0,Transport,0.592638224850232,0.6334165647741988,1.3893470168113708e-05,1.0143890551192616,-1.4389055119261585
top_k_15_mix,Finland_Traffic,15T,long,672,0.6030481068759023,0.6445427315247001,0.27748746016662035,0.07699929054972172,0.018781384922048106,,,,0.0,2688.0,0.0,Transport,0.592638224850232,0.6334165647741988,1.3893470168113708e-05,1.0175653233105255,-1.7565323310525516
top_k_20_mix,Finland_Traffic,15T,long,672,0.600829831752998,0.6421718209942003,0.2742673407476872,0.07522257420080798,0.018781384922048106,,,,0.0,2688.0,0.0,Transport,0.592638224850232,0.6334165647741988,1.3893470168113708e-05,1.0138222722721542,-1.3822272272154157
vanilla_univariate,Port_Activity,D,short,30,0.6583469207443253,0.6903598284693057,0.23031328536822912,0.053044209417107344,0.36546784286960077,0.0001124311238527298,0.0,0.0,0.0,71280.0,0.0,Transport,0.6583469207443253,0.6903598284693057,0.0001124311238527298,1.0,0.0
vanilla_multivariate,Port_Activity,D,short,30,0.6587580455178945,0.6907909446775197,0.23055050255831952,0.0531535342298937,0.36546784286960077,0.003098098561167717,0.0,0.0,0.0,71280.0,0.0,Transport,0.6583469207443253,0.6903598284693057,0.0001124311238527298,1.000624480438223,-0.062448043822294075
scope_selector,Port_Activity,D,short,30,0.6587580455178945,0.6907909446775197,0.23055050255831952,0.0531535342298937,0.36546784286960077,,,,0.0,71280.0,0.0,Transport,0.6583469207443253,0.6903598284693057,0.0001124311238527298,1.000624480438223,-0.062448043822294075
scope_selector_per_variate,Port_Activity,D,short,30,0.6583748211973436,0.6903890856152768,0.23030317169881664,0.05303955089453462,0.36546784286960077,,,,0.0,71280.0,0.0,Transport,0.6583469207443253,0.6903598284693057,0.0001124311238527298,1.0000423795602882,-0.004237956028818601
scope_mix,Port_Activity,D,short,30,0.6582182407740373,0.6902248912813029,0.23029491433694826,0.05303574756946234,0.36546784286960077,,,,0.0,71280.0,0.0,Transport,0.6583469207443253,0.6903598284693057,0.0001124311238527298,0.9998045407880962,0.019545921190378124
scope_mix_per_variate,Port_Activity,D,short,30,0.6583060972898965,0.6903170199254984,0.23024202372293098,0.05301138948803071,0.36546784286960077,,,,0.0,71280.0,0.0,Transport,0.6583469207443253,0.6903598284693057,0.0001124311238527298,0.9999379909692862,0.006200903071384989
scope_ridge,Port_Activity,D,short,30,0.6582144145978209,0.6902208790526843,0.23029309521705807,0.05303490970465297,0.36546784286960077,,,,0.0,71280.0,0.0,Transport,0.6583469207443253,0.6903598284693057,0.0001124311238527298,0.9997987289948063,0.02012710051937372
top_k_1_mix,Port_Activity,D,short,30,0.6607553888067725,0.6928854111766494,0.2308534385590436,0.05329331009453413,0.36546784286960077,,,,0.0,71280.0,0.0,Transport,0.6583469207443253,0.6903598284693057,0.0001124311238527298,1.0036583569947046,-0.36583569947046257
top_k_5_mix,Port_Activity,D,short,30,0.6609334146483276,0.693072093738026,0.22941320209178526,0.052630417294006304,0.36546784286960077,,,,0.0,71280.0,0.0,Transport,0.6583469207443253,0.6903598284693057,0.0001124311238527298,1.0039287704134439,-0.39287704134438606
top_k_10_mix,Port_Activity,D,short,30,0.6605839594722066,0.6927056458853167,0.228595264205993,0.05225579481740774,0.36546784286960077,,,,0.0,71280.0,0.0,Transport,0.6583469207443253,0.6903598284693057,0.0001124311238527298,1.0033979633797818,-0.3397963379781821
top_k_15_mix,Port_Activity,D,short,30,0.660261303623767,0.692367300509703,0.228300160108931,0.052120963105763536,0.36546784286960077,,,,0.0,71280.0,0.0,Transport,0.6583469207443253,0.6903598284693057,0.0001124311238527298,1.0029078633454795,-0.29078633454795444
top_k_20_mix,Port_Activity,D,short,30,0.6601825300698808,0.6922846964973879,0.22837202064400355,0.052153779813025186,0.36546784286960077,,,,0.0,71280.0,0.0,Transport,0.6583469207443253,0.6903598284693057,0.0001124311238527298,1.0027882097838023,-0.27882097838023423
vanilla_univariate,Port_Activity,W,short,13,0.7792197531074543,0.7987574441124221,0.3202656386721327,0.10257007931406906,0.21474218187417846,4.7460198402404785e-05,0.0,0.0,0.0,10296.0,0.0,Transport,0.7792197531074543,0.7987574441124221,4.7460198402404785e-05,1.0,0.0
vanilla_multivariate,Port_Activity,W,short,13,0.7793327862026835,0.7988733113320162,0.3147555246209859,0.09907104027943206,0.21474218187417846,0.0010630972683429718,0.0,0.0,0.0,10296.0,0.0,Transport,0.7792197531074543,0.7987574441124221,4.7460198402404785e-05,1.0001450593298982,-0.014505932989816728
scope_selector,Port_Activity,W,short,13,0.7793327862026835,0.7988733113320162,0.3147555246209859,0.09907104027943206,0.21474218187417846,,,,0.0,10296.0,0.0,Transport,0.7792197531074543,0.7987574441124221,4.7460198402404785e-05,1.0001450593298982,-0.014505932989816728
scope_selector_per_variate,Port_Activity,W,short,13,0.7795545688135037,0.7991006547876471,0.3211655425272403,0.10314730570681657,0.21474218187417846,,,,0.0,10296.0,0.0,Transport,0.7792197531074543,0.7987574441124221,4.7460198402404785e-05,1.00042968072192,-0.04296807219199561
scope_mix,Port_Activity,W,short,13,0.7772141363110125,0.7967015396774971,0.315295461200418,0.0994112278535843,0.21474218187417846,,,,0.0,10296.0,0.0,Transport,0.7792197531074543,0.7987574441124221,4.7460198402404785e-05,0.9974261217218332,0.2573878278166797
scope_mix_per_variate,Port_Activity,W,short,13,0.7771635092969678,0.7966496432719193,0.31638701452958,0.10010074296294066,0.21474218187417846,,,,0.0,10296.0,0.0,Transport,0.7792197531074543,0.7987574441124221,4.7460198402404785e-05,0.9973611503015851,0.263884969841488
scope_ridge,Port_Activity,W,short,13,0.7776095546487916,0.7971068724986685,0.3146639751618127,0.0990134172646339,0.21474218187417846,,,,0.0,10296.0,0.0,Transport,0.7792197531074543,0.7987574441124221,4.7460198402404785e-05,0.997933575923555,0.20664240764449726
top_k_1_mix,Port_Activity,W,short,13,0.7784803821855378,0.7979995346453098,0.318745986258206,0.10159900375571643,0.21474218187417846,,,,0.0,10296.0,0.0,Transport,0.7792197531074543,0.7987574441124221,4.7460198402404785e-05,0.9990511394007044,0.09488605992955534
top_k_5_mix,Port_Activity,W,short,13,0.7775386666995627,0.7970342071473109,0.31816814075717054,0.10123096579287469,0.21474218187417846,,,,0.0,10296.0,0.0,Transport,0.7792197531074543,0.7987574441124221,4.7460198402404785e-05,0.9978426029355807,0.21573970644193086
top_k_10_mix,Port_Activity,W,short,13,0.7767868122004723,0.7962635010972615,0.3166071126662712,0.10024006379087291,0.21474218187417846,,,,0.0,10296.0,0.0,Transport,0.7792197531074543,0.7987574441124221,4.7460198402404785e-05,0.9968777217244819,0.3122278275518142
top_k_15_mix,Port_Activity,W,short,13,0.7764785817731117,0.7959475422841354,0.31633830762824255,0.10006992487310064,0.21474218187417846,,,,0.0,10296.0,0.0,Transport,0.7792197531074543,0.7987574441124221,4.7460198402404785e-05,0.9964821588218072,0.351784117819276
top_k_20_mix,Port_Activity,W,short,13,0.776492367303221,0.7959616734643987,0.3160850386106964,0.09990975163352543,0.21474218187417846,,,,0.0,10296.0,0.0,Transport,0.7792197531074543,0.7987574441124221,4.7460198402404785e-05,0.9964998502754111,0.3500149724588897
vanilla_univariate,ECDC_COVID,D,short,30,3.2510704942152295,0.9176932756570406,2.779602333137446,7.726189130383133,9.46457225161981,1.57821923494339e-05,0.0,0.0,0.0,1220.0,0.0,Healthcare,3.2510704942152295,0.9176932756570406,1.57821923494339e-05,1.0,0.0
vanilla_multivariate,ECDC_COVID,D,short,30,3.251070446576679,0.9176932622099075,2.77960217698227,7.726188262284575,9.46457225161981,0.04097662679851055,0.0,0.0,0.0,1220.0,0.0,Healthcare,3.2510704942152295,0.9176932756570406,1.57821923494339e-05,0.999999985346811,1.4653188995517041e-06
scope_selector,ECDC_COVID,D,short,30,3.2510704942152295,0.9176932756570406,2.779602333137446,7.726189130383133,9.46457225161981,,,,0.0,1220.0,0.0,Healthcare,3.2510704942152295,0.9176932756570406,1.57821923494339e-05,1.0,0.0
scope_selector_per_variate,ECDC_COVID,D,short,30,3.2510703342206977,0.9176932304947144,2.779602382978613,7.7261894074603825,9.46457225161981,,,,0.0,1220.0,0.0,Healthcare,3.2510704942152295,0.9176932756570406,1.57821923494339e-05,0.9999999507871231,4.921287688475218e-06
scope_mix,ECDC_COVID,D,short,30,3.251070443644223,0.9176932613821509,2.779602234235145,7.726188580565011,9.46457225161981,,,,0.0,1220.0,0.0,Healthcare,3.2510704942152295,0.9176932756570406,1.57821923494339e-05,0.999999984444814,1.5555186028137769e-06
scope_mix_per_variate,ECDC_COVID,D,short,30,3.25107040514425,0.9176932505146024,2.779602210907551,7.726188450882147,9.46457225161981,,,,0.0,1220.0,0.0,Healthcare,3.2510704942152295,0.9176932756570406,1.57821923494339e-05,0.999999972602569,2.7397430990561134e-06
scope_ridge,ECDC_COVID,D,short,30,3.2510704973016322,0.9176932765282524,2.779602337946245,7.726189157116231,9.46457225161981,,,,0.0,1220.0,0.0,Healthcare,3.2510704942152295,0.9176932756570406,1.57821923494339e-05,1.0000000009493497,-9.49349709955527e-08
top_k_1_mix,ECDC_COVID,D,short,30,3.301977988589975,0.9320631471659417,2.794037138186041,7.806643529562843,9.46457225161981,,,,0.0,1220.0,0.0,Healthcare,3.2510704942152295,0.9176932756570406,1.57821923494339e-05,1.0156586867203672,-1.5658686720367188
top_k_5_mix,ECDC_COVID,D,short,30,3.304011766092874,0.9326372300539978,2.761436966288202,7.625534118782989,9.46457225161981,,,,0.0,1220.0,0.0,Healthcare,3.2510704942152295,0.9176932756570406,1.57821923494339e-05,1.016284258361006,-1.628425836100611
top_k_10_mix,ECDC_COVID,D,short,30,3.221963728119583,0.909477186965754,2.673748783043808,7.148932554828242,9.46457225161981,,,,0.0,1220.0,0.0,Healthcare,3.2510704942152295,0.9176932756570406,1.57821923494339e-05,0.9910470209282027,0.8952979071797262
top_k_15_mix,ECDC_COVID,D,short,30,3.221618100464576,0.9093796252009614,2.638106000973492,6.959603272372351,9.46457225161981,,,,0.0,1220.0,0.0,Healthcare,3.2510704942152295,0.9176932756570406,1.57821923494339e-05,0.990940708974764,0.9059291025235949
top_k_20_mix,ECDC_COVID,D,short,30,3.2206344972409005,0.9091019794021736,2.689594048095303,7.233916143549679,9.46457225161981,,,,0.0,1220.0,0.0,Healthcare,3.2510704942152295,0.9176932756570406,1.57821923494339e-05,0.9906381614829683,0.9361838517031651
vanilla_univariate,ECDC_COVID,W,short,13,1.4613553532441703,0.9468634994013284,1.0834214880532544,1.173802120775528,2.5262185251337717,1.6169622540473938e-05,0.0,0.0,0.0,820.0,0.0,Healthcare,1.4613553532441703,0.9468634994013284,1.6169622540473938e-05,1.0,0.0
vanilla_multivariate,ECDC_COVID,W,short,13,1.4613552982384173,0.9468634637611675,1.0834216049717234,1.173802374119505,2.5262185251337717,0.03171759285032749,0.0,0.0,0.0,820.0,0.0,Healthcare,1.4613553532441703,0.9468634994013284,1.6169622540473938e-05,0.999999962359769,3.764023104313452e-06
scope_selector,ECDC_COVID,W,short,13,1.4613553532441703,0.9468634994013284,1.0834214880532544,1.173802120775528,2.5262185251337717,,,,0.0,820.0,0.0,Healthcare,1.4613553532441703,0.9468634994013284,1.6169622540473938e-05,1.0,0.0
scope_selector_per_variate,ECDC_COVID,W,short,13,1.4613553367261338,0.946863488698712,1.083421510935034,1.1738021703567523,2.5262185251337717,,,,0.0,820.0,0.0,Healthcare,1.4613553532441703,0.9468634994013284,1.6169622540473938e-05,0.9999999886967694,1.1303230573744827e-06
scope_mix,ECDC_COVID,W,short,13,1.461355328481209,0.9468634833565354,1.0834215748624774,1.1738023088774907,2.5262185251337717,,,,0.0,820.0,0.0,Healthcare,1.4613553532441703,0.9468634994013284,1.6169622540473938e-05,0.9999999830547983,1.694520168626923e-06
scope_mix_per_variate,ECDC_COVID,W,short,13,1.4613553067118867,0.9468634692514263,1.0834214918692424,1.1738021290441747,2.5262185251337717,,,,0.0,820.0,0.0,Healthcare,1.4613553532441703,0.9468634994013284,1.6169622540473938e-05,0.9999999681581324,3.184186758709018e-06
scope_ridge,ECDC_COVID,W,short,13,1.461355301796424,0.9468634660665252,1.0834214152752395,1.173801963077003,2.5262185251337717,,,,0.0,820.0,0.0,Healthcare,1.4613553532441703,0.9468634994013284,1.6169622540473938e-05,0.9999999647944997,3.5205500292789793e-06
top_k_1_mix,ECDC_COVID,W,short,13,1.5048329569976446,0.9750341670929398,1.0873936053096238,1.182424852868262,2.5262185251337717,,,,0.0,820.0,0.0,Healthcare,1.4613553532441703,0.9468634994013284,1.6169622540473938e-05,1.0297515615602701,-2.9751561560270146
top_k_5_mix,ECDC_COVID,W,short,13,1.5290563402796988,0.9907293485632561,1.0576456813776325,1.1186143873367564,2.5262185251337717,,,,0.0,820.0,0.0,Healthcare,1.4613553532441703,0.9468634994013284,1.6169622540473938e-05,1.0463275320990435,-4.63275320990435
top_k_10_mix,ECDC_COVID,W,short,13,1.5360704208714386,0.9952740179206674,1.0570460412401572,1.1173463333014881,2.5262185251337717,,,,0.0,820.0,0.0,Healthcare,1.4613553532441703,0.9468634994013284,1.6169622540473938e-05,1.051127241202082,-5.112724120208201
top_k_15_mix,ECDC_COVID,W,short,13,1.5585874865216935,1.0098636162209842,1.0558617330801572,1.114843999383033,2.5262185251337717,,,,0.0,820.0,0.0,Healthcare,1.4613553532441703,0.9468634994013284,1.6169622540473938e-05,1.066535584970261,-6.653558497026091
top_k_20_mix,ECDC_COVID,W,short,13,1.5411310690177178,0.9985529897343246,1.0324354275826753,1.0659229121278213,2.5262185251337717,,,,0.0,820.0,0.0,Healthcare,1.4613553532441703,0.9468634994013284,1.6169622540473938e-05,1.054590223792213,-5.45902237922129
vanilla_univariate,Global_Influenza,W,short,13,2.702738655499249,0.6388191951065427,3.4239263891740723,11.723271918482602,30.38882579215142,2.3659318685531616e-05,0.0,0.0,0.0,3060.0,0.0,Healthcare,2.702738655499249,0.6388191951065427,2.3659318685531616e-05,1.0,0.0
vanilla_multivariate,Global_Influenza,W,short,13,2.687638735307393,0.6352501786041488,3.4594214508926644,11.967596774896307,30.38882579215142,0.00032216496765613556,0.0,0.0,0.0,3060.0,0.0,Healthcare,2.702738655499249,0.6388191951065427,2.3659318685531616e-05,0.9944131038488933,0.5586896151106746
scope_selector,Global_Influenza,W,short,13,2.687638735307393,0.6352501786041488,3.4594214508926644,11.967596774896307,30.38882579215142,,,,0.0,3060.0,0.0,Healthcare,2.702738655499249,0.6388191951065427,2.3659318685531616e-05,0.9944131038488933,0.5586896151106746
scope_selector_per_variate,Global_Influenza,W,short,13,2.7040940443689827,0.6391395547628704,3.402259246058608,11.575367977391288,30.38882579215142,,,,0.0,3060.0,0.0,Healthcare,2.702738655499249,0.6388191951065427,2.3659318685531616e-05,1.0005014872107503,-0.050148721075027325
scope_mix,Global_Influenza,W,short,13,2.679212377989234,0.6332585251423115,3.412191822561578,11.643053033956104,30.38882579215142,,,,0.0,3060.0,0.0,Healthcare,2.702738655499249,0.6388191951065427,2.3659318685531616e-05,0.9912953931146297,0.8704606885370336
scope_mix_per_variate,Global_Influenza,W,short,13,2.6686059095626544,0.6307515807104465,3.3840033951167103,11.451478978161422,30.38882579215142,,,,0.0,3060.0,0.0,Healthcare,2.702738655499249,0.6388191951065427,2.3659318685531616e-05,0.9873710520004793,1.2628947999520745
scope_ridge,Global_Influenza,W,short,13,2.679204292961048,0.633256614165389,3.424862653548551,11.72968419567162,30.38882579215142,,,,0.0,3060.0,0.0,Healthcare,2.702738655499249,0.6388191951065427,2.3659318685531616e-05,0.9912924016939942,0.8707598306005759
top_k_1_mix,Global_Influenza,W,short,13,2.7350244136247577,0.6464502555411787,3.4743099076601935,12.070829334465783,30.38882579215142,,,,0.0,3060.0,0.0,Healthcare,2.702738655499249,0.6388191951065427,2.3659318685531616e-05,1.0119455716000572,-1.1945571600057159
top_k_5_mix,Global_Influenza,W,short,13,2.708718298464265,0.640232543266626,3.3933041062463616,11.51451275746842,30.38882579215142,,,,0.0,3060.0,0.0,Healthcare,2.702738655499249,0.6388191951065427,2.3659318685531616e-05,1.0022124384660163,-0.22124384660162644
top_k_10_mix,Global_Influenza,W,short,13,2.7297191342086617,0.6451962999211969,3.392721266730594,11.510557593726046,30.38882579215142,,,,0.0,3060.0,0.0,Healthcare,2.702738655499249,0.6388191951065427,2.3659318685531616e-05,1.0099826443280098,-0.9982644328009771
top_k_15_mix,Global_Influenza,W,short,13,2.720722802028506,0.6430699272249154,3.3979563477138894,11.546107340969114,30.38882579215142,,,,0.0,3060.0,0.0,Healthcare,2.702738655499249,0.6388191951065427,2.3659318685531616e-05,1.0066540457001512,-0.6654045700151157
top_k_20_mix,Global_Influenza,W,short,13,2.741164307797414,0.6479014806699699,3.421906354587736,11.70944309956793,30.38882579215142,,,,0.0,3060.0,0.0,Healthcare,2.702738655499249,0.6388191951065427,2.3659318685531616e-05,1.0142173022241645,-1.4217302224164508
vanilla_univariate,Crypto,D,short,30,6.4147144993872605,1.0397345771956206,5.352244018738868,28.646516036125988,27.688250742146593,1.5478581190109253e-05,0.0,0.0,0.0,1080.0,0.0,Finance,6.4147144993872605,1.0397345771956206,1.5478581190109253e-05,1.0,0.0
vanilla_multivariate,Crypto,D,short,30,6.229414404066677,1.0097000501280702,5.260729005933562,27.67526967387072,27.688250742146593,0.0001738220453262329,0.0,0.0,0.0,1080.0,0.0,Finance,6.4147144993872605,1.0397345771956206,1.5478581190109253e-05,0.9711132747469458,2.8886725253054246
scope_selector,Crypto,D,short,30,6.4147144993872605,1.0397345771956206,5.352244018738868,28.646516036125988,27.688250742146593,,,,0.0,1080.0,0.0,Finance,6.4147144993872605,1.0397345771956206,1.5478581190109253e-05,1.0,0.0
scope_selector_per_variate,Crypto,D,short,30,6.4147144993872605,1.0397345771956206,5.352244018738868,28.646516036125988,27.688250742146593,,,,0.0,1080.0,0.0,Finance,6.4147144993872605,1.0397345771956206,1.5478581190109253e-05,1.0,0.0
scope_mix,Crypto,D,short,30,6.3223335561145975,1.024760931680499,5.313783329372154,28.236293271513414,27.688250742146593,,,,0.0,1080.0,0.0,Finance,6.4147144993872605,1.0397345771956206,1.5478581190109253e-05,0.9855985884825448,1.440141151745522
scope_mix_per_variate,Crypto,D,short,30,6.319927237852015,1.0243709014926266,5.31533654966222,28.252802636175076,27.688250742146593,,,,0.0,1080.0,0.0,Finance,6.4147144993872605,1.0397345771956206,1.5478581190109253e-05,0.9852234637185646,1.4776536281435382
scope_ridge,Crypto,D,short,30,6.587157782046359,1.0676851966039993,5.445616589819648,29.654740043318967,27.688250742146593,,,,0.0,1080.0,0.0,Finance,6.4147144993872605,1.0397345771956206,1.5478581190109253e-05,1.0268824563705166,-2.688245637051656
top_k_1_mix,Crypto,D,short,30,6.497669920070094,1.0531804786863244,5.3801957669355085,28.946506490550764,27.688250742146593,,,,0.0,1080.0,0.0,Finance,6.4147144993872605,1.0397345771956206,1.5478581190109253e-05,1.0129320518770957,-1.2932051877095674
top_k_5_mix,Crypto,D,short,30,6.421596374116921,1.0408500318449334,5.329723135873902,28.40594870506954,27.688250742146593,,,,0.0,1080.0,0.0,Finance,6.4147144993872605,1.0397345771956206,1.5478581190109253e-05,1.001072826347972,-0.10728263479720113
top_k_10_mix,Crypto,D,short,30,6.627317671830146,1.0741945472584296,5.6293101013882385,31.68913221759166,27.688250742146593,,,,0.0,1080.0,0.0,Finance,6.4147144993872605,1.0397345771956206,1.5478581190109253e-05,1.0331430451757742,-3.3143045175774155
top_k_15_mix,Crypto,D,short,30,6.6508250754869325,1.0780047652197107,5.6480286969380895,31.900228161436175,27.688250742146593,,,,0.0,1080.0,0.0,Finance,6.4147144993872605,1.0397345771956206,1.5478581190109253e-05,1.0368076515521034,-3.6807651552103415
top_k_20_mix,Crypto,D,short,30,6.547228706980956,1.0612132577538909,5.503367395042473,30.287052684816583,27.688250742146593,,,,0.0,1080.0,0.0,Finance,6.4147144993872605,1.0397345771956206,1.5478581190109253e-05,1.0206578496371668,-2.065784963716677
vanilla_univariate,US_Term_Structure,B,short,20,1.4983433891669031,0.848925563509549,0.9529205305449088,0.9080575375339903,1.0333743744905457,7.263012230396271e-05,0.0,0.0,0.0,26800.0,0.0,Finance,1.4983433891669031,0.848925563509549,7.263012230396271e-05,1.0,0.0
vanilla_multivariate,US_Term_Structure,B,short,20,1.495406901303508,0.8472618196493663,0.9476559745688263,0.898051846135992,1.0333743744905457,0.0008464846760034561,0.0,0.0,0.0,26800.0,0.0,Finance,1.4983433891669031,0.848925563509549,7.263012230396271e-05,0.9980401769817079,0.19598230182921172
scope_selector,US_Term_Structure,B,short,20,1.4983433891669031,0.848925563509549,0.9529205305449088,0.9080575375339903,1.0333743744905457,,,,0.0,26800.0,0.0,Finance,1.4983433891669031,0.848925563509549,7.263012230396271e-05,1.0,0.0
scope_selector_per_variate,US_Term_Structure,B,short,20,1.4983433891669031,0.848925563509549,0.9529205305449088,0.9080575375339903,1.0333743744905457,,,,0.0,26800.0,0.0,Finance,1.4983433891669031,0.848925563509549,7.263012230396271e-05,1.0,0.0
scope_mix,US_Term_Structure,B,short,20,1.494426764484411,0.8467064975466465,0.9491340726059759,0.900855487781606,1.0333743744905457,,,,0.0,26800.0,0.0,Finance,1.4983433891669031,0.848925563509549,7.263012230396271e-05,0.9973860299909824,0.2613970009017641
scope_mix_per_variate,US_Term_Structure,B,short,20,1.4942279558822849,0.8465938573429318,0.9491397603014268,0.9008662845850498,1.0333743744905457,,,,0.0,26800.0,0.0,Finance,1.4983433891669031,0.848925563509549,7.263012230396271e-05,0.9972533443839556,0.2746655616044369
scope_ridge,US_Term_Structure,B,short,20,1.4962173227114597,0.8477209850552404,0.9511936536193125,0.9047693666856568,1.0333743744905457,,,,0.0,26800.0,0.0,Finance,1.4983433891669031,0.848925563509549,7.263012230396271e-05,0.9985810552702304,0.14189447297695557
top_k_1_mix,US_Term_Structure,B,short,20,1.529930117979873,0.8668218493348451,0.9795827743288787,0.959582411761863,1.0333743744905457,,,,0.0,26800.0,0.0,Finance,1.4983433891669031,0.848925563509549,7.263012230396271e-05,1.0210811013292036,-2.10811013292036
top_k_5_mix,US_Term_Structure,B,short,20,1.5417787390864932,0.8735349949478419,0.9885266638096493,0.9771849650626353,1.0333743744905457,,,,0.0,26800.0,0.0,Finance,1.4983433891669031,0.848925563509549,7.263012230396271e-05,1.028988915514047,-2.898891551404703
top_k_10_mix,US_Term_Structure,B,short,20,1.5458288427900828,0.875829686934806,0.9930540003525061,0.9861562476161152,1.0333743744905457,,,,0.0,26800.0,0.0,Finance,1.4983433891669031,0.848925563509549,7.263012230396271e-05,1.0316919699225837,-3.169196992258372
top_k_15_mix,US_Term_Structure,B,short,20,1.5471984959272322,0.8766056996763937,1.0073465516380062,1.0147470750969823,1.0333743744905457,,,,0.0,26800.0,0.0,Finance,1.4983433891669031,0.848925563509549,7.263012230396271e-05,1.032606081565517,-3.260608156551692
top_k_20_mix,US_Term_Structure,B,short,20,1.5499140829921114,0.8781442864222488,1.014024414826,1.0282455138632116,1.0333743744905457,,,,0.0,26800.0,0.0,Finance,1.4983433891669031,0.848925563509549,7.263012230396271e-05,1.0344184745620175,-3.441847456201752
vanilla_univariate,Oil_Price,B,short,20,1.3665025070493844,0.8818028220192158,1.0286625516105523,1.0581466450859323,1.308977194348269,3.268010914325714e-05,0.0,0.0,0.0,7776.0,0.0,Finance,1.3665025070493844,0.8818028220192158,3.268010914325714e-05,1.0,0.0
vanilla_multivariate,Oil_Price,B,short,20,1.3434109152905664,0.866901838908831,0.96605146144525,0.9332554261605034,1.308977194348269,0.0023719463497400284,0.0,0.0,0.0,7776.0,0.0,Finance,1.3665025070493844,0.8818028220192158,3.268010914325714e-05,0.9831016835756281,1.6898316424371895
scope_selector,Oil_Price,B,short,20,1.3434109152905664,0.866901838908831,0.96605146144525,0.9332554261605034,1.308977194348269,,,,0.0,7776.0,0.0,Finance,1.3665025070493844,0.8818028220192158,3.268010914325714e-05,0.9831016835756281,1.6898316424371895
scope_selector_per_variate,Oil_Price,B,short,20,1.351665028420776,0.8722282105868463,0.9832479158034537,0.9667764639318356,1.308977194348269,,,,0.0,7776.0,0.0,Finance,1.3665025070493844,0.8818028220192158,3.268010914325714e-05,0.9891420040928823,1.0857995907117668
scope_mix,Oil_Price,B,short,20,1.3522027008978972,0.8725751701461604,0.9949069849420787,0.9898399086865376,1.308977194348269,,,,0.0,7776.0,0.0,Finance,1.3665025070493844,0.8818028220192158,3.268010914325714e-05,0.9895354702404725,1.0464529759527497
scope_mix_per_variate,Oil_Price,B,short,20,1.3517418244316683,0.8722777669826636,0.9944735527942202,0.9889776472071587,1.308977194348269,,,,0.0,7776.0,0.0,Finance,1.3665025070493844,0.8818028220192158,3.268010914325714e-05,0.9891982030464123,1.080179695358774
scope_ridge,Oil_Price,B,short,20,1.340526218670539,0.8650403468097773,0.9368439253825463,0.8776765405261782,1.308977194348269,,,,0.0,7776.0,0.0,Finance,1.3665025070493844,0.8818028220192158,3.268010914325714e-05,0.9809906763838036,1.900932361619645
top_k_1_mix,Oil_Price,B,short,20,1.3744065032367714,0.8869032635532137,1.033898313901682,1.0689457234887407,1.308977194348269,,,,0.0,7776.0,0.0,Finance,1.3665025070493844,0.8818028220192158,3.268010914325714e-05,1.005784106612767,-0.578410661276707
top_k_5_mix,Oil_Price,B,short,20,1.387197360826374,0.8951571922949264,1.0426407618267712,1.08709975822271,1.308977194348269,,,,0.0,7776.0,0.0,Finance,1.3665025070493844,0.8818028220192158,3.268010914325714e-05,1.0151443950305477,-1.5144395030547653
top_k_10_mix,Oil_Price,B,short,20,1.3886743544354572,0.8961102949243582,1.0421353505587005,1.0860460888841055,1.308977194348269,,,,0.0,7776.0,0.0,Finance,1.3665025070493844,0.8818028220192158,3.268010914325714e-05,1.016225251890644,-1.6225251890644055
top_k_15_mix,Oil_Price,B,short,20,1.3877683308159494,0.8955256387086714,1.03961600680145,1.0808014415977925,1.308977194348269,,,,0.0,7776.0,0.0,Finance,1.3665025070493844,0.8818028220192158,3.268010914325714e-05,1.0155622281385221,-1.556222813852215
top_k_20_mix,Oil_Price,B,short,20,1.3838591712791108,0.893003061623357,1.041288170852427,1.0842810547571935,1.308977194348269,,,,0.0,7776.0,0.0,Finance,1.3665025070493844,0.8818028220192158,3.268010914325714e-05,1.0127015238831898,-1.2701523883189791
vanilla_univariate,Job_Claims,W,short,13,3.1948713277732175,1.173976916534074,1.5467376741158165,2.3923974325292057,1.8094438105119042,1.348927617073059e-05,0.0,0.0,0.0,104.0,0.0,Economics,3.1948713277732175,1.173976916534074,1.348927617073059e-05,1.0,0.0
vanilla_multivariate,Job_Claims,W,short,13,3.14383480240003,1.1552232026779394,1.4576157403339423,2.1246436464692664,1.8094438105119042,0.0001783035695552826,0.0,0.0,0.0,104.0,0.0,Economics,3.1948713277732175,1.173976916534074,1.348927617073059e-05,0.9840254833020899,1.5974516697910057
scope_selector,Job_Claims,W,short,13,3.1948713277732175,1.173976916534074,1.5467376741158165,2.3923974325292057,1.8094438105119042,,,,0.0,104.0,0.0,Economics,3.1948713277732175,1.173976916534074,1.348927617073059e-05,1.0,0.0
scope_selector_per_variate,Job_Claims,W,short,13,3.1948713277732175,1.173976916534074,1.5467376741158165,2.3923974325292057,1.8094438105119042,,,,0.0,104.0,0.0,Economics,3.1948713277732175,1.173976916534074,1.348927617073059e-05,1.0,0.0
scope_mix,Job_Claims,W,short,13,3.1543244126266523,1.1590776803723752,1.5049421388063149,2.2648508411549253,1.8094438105119042,,,,0.0,104.0,0.0,Economics,3.1948713277732175,1.173976916534074,1.348927617073059e-05,0.9873087486203002,1.2691251379699842
scope_mix_per_variate,Job_Claims,W,short,13,3.1069603869511555,1.141673451183616,1.490541933465573,2.2217152554192885,1.8094438105119042,,,,0.0,104.0,0.0,Economics,3.1948713277732175,1.173976916534074,1.348927617073059e-05,0.97248373039069,2.7516269609309973
scope_ridge,Job_Claims,W,short,13,3.288276717086821,1.2082993538669344,1.6680569942580314,2.7824141360931387,1.8094438105119042,,,,0.0,104.0,0.0,Economics,3.1948713277732175,1.173976916534074,1.348927617073059e-05,1.0292360410579369,-2.923604105793687
top_k_1_mix,Job_Claims,W,short,13,3.1909039432220387,1.172519074447725,1.3981425101943845,1.9548024788126546,1.8094438105119042,,,,0.0,104.0,0.0,Economics,3.1948713277732175,1.173976916534074,1.348927617073059e-05,0.9987582020857335,0.12417979142664848
top_k_5_mix,Job_Claims,W,short,13,3.172001247293396,1.1655731519351096,1.5557850554551875,2.4204671387777013,1.8094438105119042,,,,0.0,104.0,0.0,Economics,3.1948713277732175,1.173976916534074,1.348927617073059e-05,0.9928416270536435,0.7158372946356462
top_k_10_mix,Job_Claims,W,short,13,3.254822877327072,1.1960065158718756,1.4687152990654495,2.1571246297089126,1.8094438105119042,,,,0.0,104.0,0.0,Economics,3.1948713277732175,1.173976916534074,1.348927617073059e-05,1.0187649339842553,-1.8764933984255272
top_k_15_mix,Job_Claims,W,short,13,3.2686229243562166,1.201077435792332,1.5060862584179873,2.2682958177954924,1.8094438105119042,,,,0.0,104.0,0.0,Economics,3.1948713277732175,1.173976916534074,1.348927617073059e-05,1.023084371486849,-2.3084371486848942
top_k_20_mix,Job_Claims,W,short,13,3.2799321987097487,1.205233104572599,1.4818535368910337,2.1958899047964664,1.8094438105119042,,,,0.0,104.0,0.0,Economics,3.1948713277732175,1.173976916534074,1.348927617073059e-05,1.026624193029964,-2.6624193029963994
vanilla_univariate,Uncertainty_1M,M,short,6,0.3320018260666946,0.342724932030673,0.23205560645741027,0.05384980448831648,0.4634703206443205,1.3940036296844482e-05,0.0,0.0,0.0,126.0,0.0,Economics,0.3320018260666946,0.342724932030673,1.3940036296844482e-05,1.0,0.0
vanilla_multivariate,Uncertainty_1M,M,short,6,0.3483185384775645,0.3595686470735416,0.2715395691880628,0.07373373763483874,0.4634703206443205,0.00016466155648231506,0.0,0.0,0.0,126.0,0.0,Economics,0.3320018260666946,0.342724932030673,1.3940036296844482e-05,1.0491464538137574,-4.914645381375737
scope_selector,Uncertainty_1M,M,short,6,0.3320018260666946,0.342724932030673,0.23205560645741027,0.05384980448831648,0.4634703206443205,,,,0.0,126.0,0.0,Economics,0.3320018260666946,0.342724932030673,1.3940036296844482e-05,1.0,0.0
scope_selector_per_variate,Uncertainty_1M,M,short,6,0.3320018260666946,0.342724932030673,0.23205560645741027,0.05384980448831648,0.4634703206443205,,,,0.0,126.0,0.0,Economics,0.3320018260666946,0.342724932030673,1.3940036296844482e-05,1.0,0.0
scope_mix,Uncertainty_1M,M,short,6,0.33794673187918367,0.3488618483984305,0.24593121114630462,0.06048216061588827,0.4634703206443205,,,,0.0,126.0,0.0,Economics,0.3320018260666946,0.342724932030673,1.3940036296844482e-05,1.0179062443207612,-1.7906244320761155
scope_mix_per_variate,Uncertainty_1M,M,short,6,0.339800777335342,0.350775776434525,0.2505125305559988,0.06275652796557023,0.4634703206443205,,,,0.0,126.0,0.0,Economics,0.3320018260666946,0.342724932030673,1.3940036296844482e-05,1.0234906878707368,-2.3490687870736826
scope_ridge,Uncertainty_1M,M,short,6,0.3260793584423429,0.3366111785671543,0.1959058883672109,0.0383791170969461,0.4634703206443205,,,,0.0,126.0,0.0,Economics,0.3320018260666946,0.342724932030673,1.3940036296844482e-05,0.9821613402115387,1.783865978846133
top_k_1_mix,Uncertainty_1M,M,short,6,0.336277950781092,0.34713916845057186,0.22924667546056768,0.05255403820972285,0.4634703206443205,,,,0.0,126.0,0.0,Economics,0.3320018260666946,0.342724932030673,1.3940036296844482e-05,1.0128798228764513,-1.2879822876451286
top_k_5_mix,Uncertainty_1M,M,short,6,0.3341690660792612,0.3449621702856573,0.22979321890143453,0.0528049234530826,0.4634703206443205,,,,0.0,126.0,0.0,Economics,0.3320018260666946,0.342724932030673,1.3940036296844482e-05,1.0065277954589662,-0.6527795458966201
top_k_10_mix,Uncertainty_1M,M,short,6,0.33628412994522894,0.3471455471914177,0.22961834749315174,0.05272458550548579,0.4634703206443205,,,,0.0,126.0,0.0,Economics,0.3320018260666946,0.342724932030673,1.3940036296844482e-05,1.012898434714254,-1.2898434714254003
top_k_15_mix,Uncertainty_1M,M,short,6,0.3373159713656015,0.3482107153709222,0.23141829394605495,0.05355442677290269,0.4634703206443205,,,,0.0,126.0,0.0,Economics,0.3320018260666946,0.342724932030673,1.3940036296844482e-05,1.0160063737054246,-1.600637370542457
top_k_20_mix,Uncertainty_1M,M,short,6,0.3367281259999656,0.3476038835791548,0.23273192328396086,0.05416414811545144,0.4634703206443205,,,,0.0,126.0,0.0,Economics,0.3320018260666946,0.342724932030673,1.3940036296844482e-05,1.0142357648729365,-1.423576487293654
vanilla_univariate,Housing_Inventory,M,short,12,0.5629531221029819,0.8230217262782737,0.2592807129064352,0.06722648808526925,0.15831152058175027,1.4049932360649109e-05,0.0,0.0,0.0,144.0,0.0,Economics,0.5629531221029819,0.8230217262782737,1.4049932360649109e-05,1.0,0.0
vanilla_multivariate,Housing_Inventory,M,short,12,0.5298324093950973,0.7746001702407476,0.2927894925929342,0.08572568697282786,0.15831152058175027,0.00015672482550144196,0.0,0.0,0.0,144.0,0.0,Economics,0.5629531221029819,0.8230217262782737,1.4049932360649109e-05,0.9411661266143121,5.883387338568791
scope_selector,Housing_Inventory,M,short,12,0.5629531221029819,0.8230217262782737,0.2592807129064352,0.06722648808526925,0.15831152058175027,,,,0.0,144.0,0.0,Economics,0.5629531221029819,0.8230217262782737,1.4049932360649109e-05,1.0,0.0
scope_selector_per_variate,Housing_Inventory,M,short,12,0.5557402619480939,0.8124767263786307,0.2563905837848133,0.06573613145351737,0.15831152058175027,,,,0.0,144.0,0.0,Economics,0.5629531221029819,0.8230217262782737,1.4049932360649109e-05,0.9871874586502986,1.2812541349701445
scope_mix,Housing_Inventory,M,short,12,0.5380744790055508,0.7866498455912649,0.2661487596905397,0.07083516228481264,0.15831152058175027,,,,0.0,144.0,0.0,Economics,0.5629531221029819,0.8230217262782737,1.4049932360649109e-05,0.9558069009289908,4.419309907100921
scope_mix_per_variate,Housing_Inventory,M,short,12,0.5430743112950456,0.7939594606203634,0.2641573591939404,0.06977911041631646,0.15831152058175027,,,,0.0,144.0,0.0,Economics,0.5629531221029819,0.8230217262782737,1.4049932360649109e-05,0.9646883372212655,3.5311662778734543
scope_ridge,Housing_Inventory,M,short,12,0.591058600253456,0.8641111496016034,0.2505178017329226,0.06275916898509591,0.15831152058175027,,,,0.0,144.0,0.0,Economics,0.5629531221029819,0.8230217262782737,1.4049932360649109e-05,1.0499250773234592,-4.992507732345919
top_k_1_mix,Housing_Inventory,M,short,12,0.5629531221029819,0.8230217262782737,0.2592807129064352,0.06722648808526925,0.15831152058175027,,,,0.0,144.0,0.0,Economics,0.5629531221029819,0.8230217262782737,1.4049932360649109e-05,1.0,0.0
top_k_5_mix,Housing_Inventory,M,short,12,0.5629531221029819,0.8230217262782737,0.2592807129064352,0.06722648808526925,0.15831152058175027,,,,0.0,144.0,0.0,Economics,0.5629531221029819,0.8230217262782737,1.4049932360649109e-05,1.0,0.0
top_k_10_mix,Housing_Inventory,M,short,12,0.5629531221029819,0.8230217262782737,0.2592807129064352,0.06722648808526925,0.15831152058175027,,,,0.0,144.0,0.0,Economics,0.5629531221029819,0.8230217262782737,1.4049932360649109e-05,1.0,0.0
top_k_15_mix,Housing_Inventory,M,short,12,0.5629531221029819,0.8230217262782737,0.2592807129064352,0.06722648808526925,0.15831152058175027,,,,0.0,144.0,0.0,Economics,0.5629531221029819,0.8230217262782737,1.4049932360649109e-05,1.0,0.0
top_k_20_mix,Housing_Inventory,M,short,12,0.5629531221029819,0.8230217262782737,0.2592807129064352,0.06722648808526925,0.15831152058175027,,,,0.0,144.0,0.0,Economics,0.5629531221029819,0.8230217262782737,1.4049932360649109e-05,1.0,0.0
vanilla_univariate,JOLTS,M,short,12,1.0340146268351742,0.6134421294202196,0.7477215725818039,0.559087550104206,0.8877843622848538,1.4288350939750671e-05,0.0,0.0,0.0,360.0,0.0,Economics,1.0340146268351742,0.6134421294202196,1.4288350939750671e-05,1.0,0.0
vanilla_multivariate,JOLTS,M,short,12,0.9042078797292128,0.5364326507424232,0.8184561814037029,0.6698705208779311,0.8877843622848538,0.00015961192548274994,0.0,0.0,0.0,360.0,0.0,Economics,1.0340146268351742,0.6134421294202196,1.4288350939750671e-05,0.8744633356848509,12.553666431514909
scope_selector,JOLTS,M,short,12,1.0340146268351742,0.6134421294202196,0.7477215725818039,0.559087550104206,0.8877843622848538,,,,0.0,360.0,0.0,Economics,1.0340146268351742,0.6134421294202196,1.4288350939750671e-05,1.0,0.0
scope_selector_per_variate,JOLTS,M,short,12,1.0340146268351742,0.6134421294202196,0.7477215725818039,0.559087550104206,0.8877843622848538,,,,0.0,360.0,0.0,Economics,1.0340146268351742,0.6134421294202196,1.4288350939750671e-05,1.0,0.0
scope_mix,JOLTS,M,short,12,0.9746336602365393,0.5782136271805659,0.7560627630731979,0.5716309017058786,0.8877843622848538,,,,0.0,360.0,0.0,Economics,1.0340146268351742,0.6134421294202196,1.4288350939750671e-05,0.9425724113977157,5.742758860228426
scope_mix_per_variate,JOLTS,M,short,12,0.9691471416549273,0.5749586813079829,0.7656354573827752,0.5861976536017314,0.8877843622848538,,,,0.0,360.0,0.0,Economics,1.0340146268351742,0.6134421294202196,1.4288350939750671e-05,0.9372663756422983,6.273362435770169
scope_ridge,JOLTS,M,short,12,1.0511195827976585,0.6235898588013611,0.7479085266688994,0.5593671642640439,0.8877843622848538,,,,0.0,360.0,0.0,Economics,1.0340146268351742,0.6134421294202196,1.4288350939750671e-05,1.016542276597032,-1.6542276597032002
top_k_1_mix,JOLTS,M,short,12,1.030587146562768,0.611408733816053,0.7521633041786309,0.5657496361529156,0.8877843622848538,,,,0.0,360.0,0.0,Economics,1.0340146268351742,0.6134421294202196,1.4288350939750671e-05,0.9966852690634593,0.33147309365406663
top_k_5_mix,JOLTS,M,short,12,1.0391645244047845,0.6164973706609232,0.7699103192559493,0.5927618996967978,0.8877843622848538,,,,0.0,360.0,0.0,Economics,1.0340146268351742,0.6134421294202196,1.4288350939750671e-05,1.0049804881245952,-0.49804881245951726
top_k_10_mix,JOLTS,M,short,12,1.040023670460336,0.6170070698200287,0.7853278756476295,0.6167398722692187,0.8877843622848538,,,,0.0,360.0,0.0,Economics,1.0340146268351742,0.6134421294202196,1.4288350939750671e-05,1.0058113719759978,-0.5811371975997792
top_k_15_mix,JOLTS,M,short,12,1.02707674807506,0.6093261459420263,0.7769858030250413,0.6037069381024682,0.8877843622848538,,,,0.0,360.0,0.0,Economics,1.0340146268351742,0.6134421294202196,1.4288350939750671e-05,0.9932903475637003,0.6709652436299729
top_k_20_mix,JOLTS,M,short,12,1.0280556152288864,0.6099068711423077,0.7689656737434895,0.5913082073957786,0.8877843622848538,,,,0.0,360.0,0.0,Economics,1.0340146268351742,0.6134421294202196,1.4288350939750671e-05,0.994237014204986,0.5762985795013997
vanilla_univariate,US_Labor,M,short,12,0.8665248868744266,0.4888428031505241,1.0064429778392812,1.012927467642,2.936809552255237,1.743994653224945e-05,0.0,0.0,0.0,840.0,0.0,Economics,0.8665248868744266,0.4888428031505241,1.743994653224945e-05,1.0,0.0
vanilla_multivariate,US_Labor,M,short,12,1.0014785119848475,0.564975767585351,1.7268395026384211,2.98197466787251,2.936809552255237,0.00017643161118030548,0.0,0.0,0.0,840.0,0.0,Economics,0.8665248868744266,0.4888428031505241,1.743994653224945e-05,1.1557411993061173,-15.57411993061173
scope_selector,US_Labor,M,short,12,1.0014785119848475,0.564975767585351,1.7268395026384211,2.98197466787251,2.936809552255237,,,,0.0,840.0,0.0,Economics,0.8665248868744266,0.4888428031505241,1.743994653224945e-05,1.1557411993061173,-15.57411993061173
scope_selector_per_variate,US_Labor,M,short,12,1.0053308874894393,0.5671490531643097,1.7245806862426898,2.974178543361307,2.936809552255237,,,,0.0,840.0,0.0,Economics,0.8665248868744266,0.4888428031505241,1.743994653224945e-05,1.1601869752589435,-16.018697525894353
scope_mix,US_Labor,M,short,12,0.9277834216175507,0.5234012956927725,1.4127094641655613,1.9957480301429475,2.936809552255237,,,,0.0,840.0,0.0,Economics,0.8665248868744266,0.4888428031505241,1.743994653224945e-05,1.0706944897613788,-7.069448976137882
scope_mix_per_variate,US_Labor,M,short,12,0.9395460226194192,0.5300370691520152,1.4949192267278484,2.234783494440588,2.936809552255237,,,,0.0,840.0,0.0,Economics,0.8665248868744266,0.4888428031505241,1.743994653224945e-05,1.0842689423593836,-8.426894235938365
scope_ridge,US_Labor,M,short,12,1.1440688242880843,0.6454169055425626,2.2959783454080878,5.2715165625828595,2.936809552255237,,,,0.0,840.0,0.0,Economics,0.8665248868744266,0.4888428031505241,1.743994653224945e-05,1.3202954024953217,-32.029540249532175
top_k_1_mix,US_Labor,M,short,12,0.9336121557906799,0.5266895275660535,1.3031395098963006,1.6981725822527702,2.936809552255237,,,,0.0,840.0,0.0,Economics,0.8665248868744266,0.4888428031505241,1.743994653224945e-05,1.0774210526811738,-7.742105268117383
top_k_5_mix,US_Labor,M,short,12,0.9738366499879256,0.5493818411932132,1.4534785163852555,2.112599797593483,2.936809552255237,,,,0.0,840.0,0.0,Economics,0.8665248868744266,0.4888428031505241,1.743994653224945e-05,1.1238415246220739,-12.384152462207387
top_k_10_mix,US_Labor,M,short,12,0.9632352202594282,0.5434011328438257,1.41032966328836,1.989029759151059,2.936809552255237,,,,0.0,840.0,0.0,Economics,0.8665248868744266,0.4888428031505241,1.743994653224945e-05,1.1116071042504478,-11.160710425044783
top_k_15_mix,US_Labor,M,short,12,0.9741654158486308,0.5495673117173283,1.4542411633651045,2.1148173612254926,2.936809552255237,,,,0.0,840.0,0.0,Economics,0.8665248868744266,0.4888428031505241,1.743994653224945e-05,1.1242209319139878,-12.422093191398776
top_k_20_mix,US_Labor,M,short,12,0.9512489359259356,0.5366391702946844,1.3812166706656885,1.907759491324809,2.936809552255237,,,,0.0,840.0,0.0,Economics,0.8665248868744266,0.4888428031505241,1.743994653224945e-05,1.0977745132711771,-9.777451327117713
vanilla_univariate,Vehicle_Supply,M,short,12,0.8042214141222387,0.7229901864453362,0.6090369199015296,0.3709259698031422,0.6181637851735725,1.4061108231544495e-05,0.0,0.0,0.0,360.0,0.0,Economics,0.8042214141222387,0.7229901864453362,1.4061108231544495e-05,1.0,0.0
vanilla_multivariate,Vehicle_Supply,M,short,12,0.709383837497795,0.6377317787460499,0.5874999575031618,0.3451562000662169,0.6181637851735725,0.00016333535313606262,0.0,0.0,0.0,360.0,0.0,Economics,0.8042214141222387,0.7229901864453362,1.4061108231544495e-05,0.8820752905119377,11.792470948806233
scope_selector,Vehicle_Supply,M,short,12,0.709383837497795,0.6377317787460499,0.5874999575031618,0.3451562000662169,0.6181637851735725,,,,0.0,360.0,0.0,Economics,0.8042214141222387,0.7229901864453362,1.4061108231544495e-05,0.8820752905119377,11.792470948806233
scope_selector_per_variate,Vehicle_Supply,M,short,12,0.7204528012049829,0.6476827101610645,0.6086158993814009,0.3704133129798316,0.6181637851735725,,,,0.0,360.0,0.0,Economics,0.8042214141222387,0.7229901864453362,1.4061108231544495e-05,0.8958388679457331,10.416113205426692
scope_mix,Vehicle_Supply,M,short,12,0.7307697512495985,0.656957585842465,0.5853296723267585,0.3426108253061505,0.6181637851735725,,,,0.0,360.0,0.0,Economics,0.8042214141222387,0.7229901864453362,1.4061108231544495e-05,0.9086673625163184,9.133263748368158
scope_mix_per_variate,Vehicle_Supply,M,short,12,0.7408590758390362,0.6660278276165995,0.5845500801619271,0.34169879621731547,0.6181637851735725,,,,0.0,360.0,0.0,Economics,0.8042214141222387,0.7229901864453362,1.4061108231544495e-05,0.9212128187952334,7.878718120476657
scope_ridge,Vehicle_Supply,M,short,12,0.7068165004824116,0.6354237582994097,0.5867279768206138,0.3442497187840107,0.6181637851735725,,,,0.0,360.0,0.0,Economics,0.8042214141222387,0.7229901864453362,1.4061108231544495e-05,0.8788829644058422,12.111703559415776
top_k_1_mix,Vehicle_Supply,M,short,12,0.8005297178698587,0.7196713738460462,0.604768237941071,0.36574462162234794,0.6181637851735725,,,,0.0,360.0,0.0,Economics,0.8042214141222387,0.7229901864453362,1.4061108231544495e-05,0.995409602147427,0.45903978525729805
top_k_5_mix,Vehicle_Supply,M,short,12,0.7968133664014645,0.7163303963567023,0.6059950120591894,0.36722995464061703,0.6181637851735725,,,,0.0,360.0,0.0,Economics,0.8042214141222387,0.7229901864453362,1.4061108231544495e-05,0.9907885470460152,0.9211452953984844
top_k_10_mix,Vehicle_Supply,M,short,12,0.8057918867562288,0.7244020318432793,0.6126270873528508,0.37531194815843744,0.6181637851735725,,,,0.0,360.0,0.0,Economics,0.8042214141222387,0.7229901864453362,1.4061108231544495e-05,1.0019527863924194,-0.1952786392419359
top_k_15_mix,Vehicle_Supply,M,short,12,0.8032477037062101,0.7221148266714403,0.614574276172716,0.3777015409332177,0.6181637851735725,,,,0.0,360.0,0.0,Economics,0.8042214141222387,0.7229901864453362,1.4061108231544495e-05,0.998789250822062,0.12107491779379531
top_k_20_mix,Vehicle_Supply,M,short,12,0.8016212133357847,0.7206526216673012,0.6121477454234144,0.37472486222696944,0.6181637851735725,,,,0.0,360.0,0.0,Economics,0.8042214141222387,0.7229901864453362,1.4061108231544495e-05,0.9967668098103407,0.3233190189659285
vanilla_univariate,Auto_Production_SF,M,short,12,0.6043605475858413,0.6272780561526403,0.14086698570498227,0.01984350766160768,0.1698127796753019,1.3310462236404419e-05,0.0,0.0,0.0,60.0,0.0,Economics,0.6043605475858413,0.6272780561526403,1.3310462236404419e-05,1.0,0.0
vanilla_multivariate,Auto_Production_SF,M,short,12,0.6043605475858413,0.6272780561526403,0.14086698570498227,0.01984350766160768,0.1698127796753019,0.015424765646457672,0.0,0.0,0.0,60.0,0.0,Economics,0.6043605475858413,0.6272780561526403,1.3310462236404419e-05,1.0,0.0
scope_selector,Auto_Production_SF,M,short,12,0.6043605475858413,0.6272780561526403,0.14086698570498227,0.01984350766160768,0.1698127796753019,,,,0.0,60.0,0.0,Economics,0.6043605475858413,0.6272780561526403,1.3310462236404419e-05,1.0,0.0
scope_selector_per_variate,Auto_Production_SF,M,short,12,0.6043605475858413,0.6272780561526403,0.14086698570498227,0.01984350766160768,0.1698127796753019,,,,0.0,60.0,0.0,Economics,0.6043605475858413,0.6272780561526403,1.3310462236404419e-05,1.0,0.0
scope_mix,Auto_Production_SF,M,short,12,0.6043605763075075,0.6272780859634395,0.14086675509871122,0.019843442692040286,0.1698127796753019,,,,0.0,60.0,0.0,Economics,0.6043605475858413,0.6272780561526403,1.3310462236404419e-05,1.0000000475240587,-4.752405868835297e-06
scope_mix_per_variate,Auto_Production_SF,M,short,12,0.6043605763075075,0.6272780859634395,0.14086675509871122,0.019843442692040286,0.1698127796753019,,,,0.0,60.0,0.0,Economics,0.6043605475858413,0.6272780561526403,1.3310462236404419e-05,1.0000000475240587,-4.752405868835297e-06
scope_ridge,Auto_Production_SF,M,short,12,0.6043601973165096,0.6272776926010047,0.14086704366231273,0.01984352399015992,0.1698127796753019,,,,0.0,60.0,0.0,Economics,0.6043605475858413,0.6272780561526403,1.3310462236404419e-05,0.9999994204298525,5.795701475408421e-05
top_k_1_mix,Auto_Production_SF,M,short,12,0.6043605475858413,0.6272780561526403,0.14086698570498227,0.01984350766160768,0.1698127796753019,,,,0.0,60.0,0.0,Economics,0.6043605475858413,0.6272780561526403,1.3310462236404419e-05,1.0,0.0
top_k_5_mix,Auto_Production_SF,M,short,12,0.6043605475858413,0.6272780561526403,0.14086698570498227,0.01984350766160768,0.1698127796753019,,,,0.0,60.0,0.0,Economics,0.6043605475858413,0.6272780561526403,1.3310462236404419e-05,1.0,0.0
top_k_10_mix,Auto_Production_SF,M,short,12,0.6043605475858413,0.6272780561526403,0.14086698570498227,0.01984350766160768,0.1698127796753019,,,,0.0,60.0,0.0,Economics,0.6043605475858413,0.6272780561526403,1.3310462236404419e-05,1.0,0.0
top_k_15_mix,Auto_Production_SF,M,short,12,0.6043605475858413,0.6272780561526403,0.14086698570498227,0.01984350766160768,0.1698127796753019,,,,0.0,60.0,0.0,Economics,0.6043605475858413,0.6272780561526403,1.3310462236404419e-05,1.0,0.0
top_k_20_mix,Auto_Production_SF,M,short,12,0.6043605475858413,0.6272780561526403,0.14086698570498227,0.01984350766160768,0.1698127796753019,,,,0.0,60.0,0.0,Economics,0.6043605475858413,0.6272780561526403,1.3310462236404419e-05,1.0,0.0
vanilla_univariate,Commodity_Production,M,short,12,0.9052348777989669,0.741941898777288,0.5973176292754274,0.356788350243217,0.5329512558073002,2.091936767101288e-05,0.0,0.0,0.0,1920.0,0.0,Economics,0.9052348777989669,0.741941898777288,2.091936767101288e-05,1.0,0.0
vanilla_multivariate,Commodity_Production,M,short,12,0.9052349143352917,0.7419419287229196,0.5973177038622167,0.3567884393472308,0.5329512558073002,0.07906399853527546,0.0,0.0,0.0,1920.0,0.0,Economics,0.9052348777989669,0.741941898777288,2.091936767101288e-05,1.0000000403611544,-4.0361154418633305e-06
scope_selector,Commodity_Production,M,short,12,0.9052348777989669,0.741941898777288,0.5973176292754274,0.356788350243217,0.5329512558073002,,,,0.0,1920.0,0.0,Economics,0.9052348777989669,0.741941898777288,2.091936767101288e-05,1.0,0.0
scope_selector_per_variate,Commodity_Production,M,short,12,0.905234903581228,0.7419419199087537,0.5973176629417405,0.35678839046218264,0.5329512558073002,,,,0.0,1920.0,0.0,Economics,0.9052348777989669,0.741941898777288,2.091936767101288e-05,1.0000000284812944,-2.8481294434001825e-06
scope_mix,Commodity_Production,M,short,12,0.9052348729486539,0.7419418948019104,0.5973176288539259,0.3567883497396764,0.5329512558073002,,,,0.0,1920.0,0.0,Economics,0.9052348777989669,0.741941898777288,2.091936767101288e-05,0.9999999946419287,5.3580713199608e-07
scope_mix_per_variate,Commodity_Production,M,short,12,0.9052348960481105,0.7419419137345158,0.5973176682050373,0.35678839674990304,0.5329512558073002,,,,0.0,1920.0,0.0,Economics,0.9052348777989669,0.741941898777288,2.091936767101288e-05,1.0000000201595673,-2.0159567348798646e-06
scope_ridge,Commodity_Production,M,short,12,0.9052348558025176,0.7419418807487214,0.5973175953470776,0.3567883097112151,0.5329512558073002,,,,0.0,1920.0,0.0,Economics,0.9052348777989669,0.741941898777288,2.091936767101288e-05,0.9999999757008375,2.4299162459939794e-06
top_k_1_mix,Commodity_Production,M,short,12,0.9023686871859246,0.7395927328780808,0.59896555239153,0.35875973295169067,0.5329512558073002,,,,0.0,1920.0,0.0,Economics,0.9052348777989669,0.741941898777288,2.091936767101288e-05,0.9968337602943322,0.31662397056677616
top_k_5_mix,Commodity_Production,M,short,12,0.9033075363304087,0.7403622254528894,0.6028328311809179,0.3634074223496011,0.5329512558073002,,,,0.0,1920.0,0.0,Economics,0.9052348777989669,0.741941898777288,2.091936767101288e-05,0.9978708934931402,0.21291065068598236
top_k_10_mix,Commodity_Production,M,short,12,0.9011520433690225,0.7385955562935432,0.6009241369423189,0.36110981835987094,0.5329512558073002,,,,0.0,1920.0,0.0,Economics,0.9052348777989669,0.741941898777288,2.091936767101288e-05,0.9954897513009313,0.45102486990686863
top_k_15_mix,Commodity_Production,M,short,12,0.8994310477980172,0.737185006663768,0.6023192438450358,0.3627884715060557,0.5329512558073002,,,,0.0,1920.0,0.0,Economics,0.9052348777989669,0.741941898777288,2.091936767101288e-05,0.9935885921507339,0.6411407849266082
top_k_20_mix,Commodity_Production,M,short,12,0.8978586323335372,0.7358962351592722,0.6021137301618528,0.3625409440494204,0.5329512558073002,,,,0.0,1920.0,0.0,Economics,0.9052348777989669,0.741941898777288,2.091936767101288e-05,0.9918515673154743,0.8148432684525697
vanilla_univariate,Commodity_Import,M,short,12,1.4590158630789132,0.7956903841503931,1.6016277886445178,2.565211573358328,4.658598925947419,1.59386545419693e-05,0.0,0.0,0.0,480.0,0.0,Economics,1.4590158630789132,0.7956903841503931,1.59386545419693e-05,1.0,0.0
vanilla_multivariate,Commodity_Import,M,short,12,1.4590158266297066,0.7956903642724165,1.6016278082829176,2.565211636265142,4.658598925947419,0.036883171647787094,0.0,0.0,0.0,480.0,0.0,Economics,1.4590158630789132,0.7956903841503931,1.59386545419693e-05,0.9999999750179505,2.498204954015648e-06
scope_selector,Commodity_Import,M,short,12,1.4590158630789132,0.7956903841503931,1.6016277886445178,2.565211573358328,4.658598925947419,,,,0.0,480.0,0.0,Economics,1.4590158630789132,0.7956903841503931,1.59386545419693e-05,1.0,0.0
scope_selector_per_variate,Commodity_Import,M,short,12,1.4590158618215852,0.7956903834646953,1.6016277968007788,2.565211599484917,4.658598925947419,,,,0.0,480.0,0.0,Economics,1.4590158630789132,0.7956903841503931,1.59386545419693e-05,0.9999999991382356,8.617644375874534e-08
scope_mix,Commodity_Import,M,short,12,1.459015733111237,0.7956903132710882,1.601627514369051,2.5652106947839846,4.658598925947419,,,,0.0,480.0,0.0,Economics,1.4590158630789132,0.7956903841503931,1.59386545419693e-05,0.9999999109209986,8.907900139742964e-06
scope_mix_per_variate,Commodity_Import,M,short,12,1.4590158465910508,0.7956903751585556,1.601627804037887,2.5652116226672246,4.658598925947419,,,,0.0,480.0,0.0,Economics,1.4590158630789132,0.7956903841503931,1.59386545419693e-05,0.9999999886993262,1.1300673841141418e-06
scope_ridge,Commodity_Import,M,short,12,1.4590157751313324,0.7956903361872104,1.6016275331992198,2.565210755101818,4.658598925947419,,,,0.0,480.0,0.0,Economics,1.4590158630789132,0.7956903841503931,1.59386545419693e-05,0.9999999397212991,6.027870091962484e-06
top_k_1_mix,Commodity_Import,M,short,12,1.4532708733518072,0.7925572906737707,1.6014312494877423,2.5645820468358713,4.658598925947419,,,,0.0,480.0,0.0,Economics,1.4590158630789132,0.7956903841503931,1.59386545419693e-05,0.9960624213399691,0.39375786600308604
top_k_5_mix,Commodity_Import,M,short,12,1.4601745468183425,0.7963222851002496,1.5899650742756675,2.5279889374164286,4.658598925947419,,,,0.0,480.0,0.0,Economics,1.4590158630789132,0.7956903841503931,1.59386545419693e-05,1.000794154312335,-0.07941543123350936
top_k_10_mix,Commodity_Import,M,short,12,1.4659971849081277,0.7994977249674029,1.5797089499852965,2.495480366663648,4.658598925947419,,,,0.0,480.0,0.0,Economics,1.4590158630789132,0.7956903841503931,1.59386545419693e-05,1.0047849526560197,-0.47849526560197475
top_k_15_mix,Commodity_Import,M,short,12,1.4712942367294826,0.8023865305693544,1.5851360356918112,2.512656251648751,4.658598925947419,,,,0.0,480.0,0.0,Economics,1.4590158630789132,0.7956903841503931,1.59386545419693e-05,1.008415517583653,-0.8415517583653109
top_k_20_mix,Commodity_Import,M,short,12,1.4691717253181291,0.8012289955740189,1.5870717578088327,2.518796764434418,4.658598925947419,,,,0.0,480.0,0.0,Economics,1.4590158630789132,0.7956903841503931,1.59386545419693e-05,1.0069607620425622,-0.6960762042562241
vanilla_univariate,WUI_Global,Q,short,4,0.9822384126018773,0.7702287674940791,0.7117582953747225,0.5065998710347306,0.6093761678421035,1.6860663890838623e-05,0.0,0.0,0.0,300.0,0.0,Economics,0.9822384126018773,0.7702287674940791,1.6860663890838623e-05,1.0,0.0
vanilla_multivariate,WUI_Global,Q,short,4,0.9486989791711424,0.7439285982659435,0.6821879571895761,0.4653804089344869,0.6093761678421035,0.00017554499208927155,0.0,0.0,0.0,300.0,0.0,Economics,0.9822384126018773,0.7702287674940791,1.6860663890838623e-05,0.9658540808418484,3.414591915815157
scope_selector,WUI_Global,Q,short,4,0.9822384126018773,0.7702287674940791,0.7117582953747225,0.5065998710347306,0.6093761678421035,,,,0.0,300.0,0.0,Economics,0.9822384126018773,0.7702287674940791,1.6860663890838623e-05,1.0,0.0
scope_selector_per_variate,WUI_Global,Q,short,4,0.9653239683988019,0.7569651938603907,0.6960749127675756,0.4845202841843879,0.6093761678421035,,,,0.0,300.0,0.0,Economics,0.9822384126018773,0.7702287674940791,1.6860663890838623e-05,0.9827796958599183,1.7220304140081688
scope_mix,WUI_Global,Q,short,4,0.9603150239441626,0.7530373968365262,0.6966600826309374,0.4853352707313445,0.6093761678421035,,,,0.0,300.0,0.0,Economics,0.9822384126018773,0.7702287674940791,1.6860663890838623e-05,0.9776801758346619,2.2319824165338065
scope_mix_per_variate,WUI_Global,Q,short,4,0.9573301999767443,0.7506968273209016,0.6941050574697648,0.48178183080510556,0.6093761678421035,,,,0.0,300.0,0.0,Economics,0.9822384126018773,0.7702287674940791,1.6860663890838623e-05,0.9746413779938081,2.5358622006191878
scope_ridge,WUI_Global,Q,short,4,0.9517126394763373,0.7462917799871382,0.6875736845737844,0.4727575717183701,0.6093761678421035,,,,0.0,300.0,0.0,Economics,0.9822384126018773,0.7702287674940791,1.6860663890838623e-05,0.968922236461228,3.1077763538772007
top_k_1_mix,WUI_Global,Q,short,4,0.9854910333678182,0.7727793316458516,0.7185988623832205,0.5163843250184587,0.6093761678421035,,,,0.0,300.0,0.0,Economics,0.9822384126018773,0.7702287674940791,1.6860663890838623e-05,1.003311437146227,-0.33114371462270586
top_k_5_mix,WUI_Global,Q,short,4,0.9805143820777725,0.7688768575212387,0.7161889562129391,0.5129266210013792,0.6093761678421035,,,,0.0,300.0,0.0,Economics,0.9822384126018773,0.7702287674940791,1.6860663890838623e-05,0.9982447942353039,0.17552057646961217
top_k_10_mix,WUI_Global,Q,short,4,0.9792323909824362,0.7678715756989939,0.7148633854960562,0.5110296599228831,0.6093761678421035,,,,0.0,300.0,0.0,Economics,0.9822384126018773,0.7702287674940791,1.6860663890838623e-05,0.9969396211949415,0.30603788050584946
top_k_15_mix,WUI_Global,Q,short,4,0.9776393541246673,0.7666223852786338,0.7141592159535306,0.5100233857313616,0.6093761678421035,,,,0.0,300.0,0.0,Economics,0.9822384126018773,0.7702287674940791,1.6860663890838623e-05,0.9953177778244007,0.46822221755993265
top_k_20_mix,WUI_Global,Q,short,4,0.9758088901146796,0.7651870147817496,0.7134493748276048,0.5090100104419002,0.6093761678421035,,,,0.0,300.0,0.0,Economics,0.9822384126018773,0.7702287674940791,1.6860663890838623e-05,0.993454213961999,0.6545786038001045
vanilla_univariate,Global_Price,Q,short,4,1.5800590412799245,0.8492722310276547,1.7962472181143432,3.226504068583517,3.4498076767502495,2.79303640127182e-05,0.0,0.0,0.0,1200.0,0.0,Economics,1.5800590412799245,0.8492722310276547,2.79303640127182e-05,1.0,0.0
vanilla_multivariate,Global_Price,Q,short,4,1.427177654123309,0.7670994049743153,1.5014577384862482,2.254375340460239,3.4498076767502495,0.00025633350014686584,0.0,0.0,0.0,1200.0,0.0,Economics,1.5800590412799245,0.8492722310276547,2.79303640127182e-05,0.9032432439785452,9.675675602145484
scope_selector,Global_Price,Q,short,4,1.5800590412799245,0.8492722310276547,1.7962472181143432,3.226504068583517,3.4498076767502495,,,,0.0,1200.0,0.0,Economics,1.5800590412799245,0.8492722310276547,2.79303640127182e-05,1.0,0.0
scope_selector_per_variate,Global_Price,Q,short,4,1.5768401849807174,0.8475421151274471,1.795763657781877,3.2247671146101458,3.4498076767502495,,,,0.0,1200.0,0.0,Economics,1.5800590412799245,0.8492722310276547,2.79303640127182e-05,0.9979628253026548,0.2037174697345212
scope_mix,Global_Price,Q,short,4,1.4989374152446888,0.8056698449600252,1.6113493098563858,2.5964465983746505,3.4498076767502495,,,,0.0,1200.0,0.0,Economics,1.5800590412799245,0.8492722310276547,2.79303640127182e-05,0.9486591172127826,5.1340882787217375
scope_mix_per_variate,Global_Price,Q,short,4,1.493862854902928,0.8029422992985412,1.5888671625316888,2.5244988601714997,3.4498076767502495,,,,0.0,1200.0,0.0,Economics,1.5800590412799245,0.8492722310276547,2.79303640127182e-05,0.9454474901727892,5.455250982721083
scope_ridge,Global_Price,Q,short,4,1.5629034749793826,0.8400512173275578,1.7554549481377548,3.0816220749413272,3.4498076767502495,,,,0.0,1200.0,0.0,Economics,1.5800590412799245,0.8492722310276547,2.79303640127182e-05,0.9891424523689666,1.0857547631033415
top_k_1_mix,Global_Price,Q,short,4,1.589278398101342,0.8542275798670391,1.8358553868941827,3.3703650015883895,3.4498076767502495,,,,0.0,1200.0,0.0,Economics,1.5800590412799245,0.8492722310276547,2.79303640127182e-05,1.0058348179280374,-0.5834817928037417
top_k_5_mix,Global_Price,Q,short,4,1.6082966025007144,0.8644497503419546,1.9145755928782233,3.6655997008450005,3.4498076767502495,,,,0.0,1200.0,0.0,Economics,1.5800590412799245,0.8492722310276547,2.79303640127182e-05,1.0178712063809439,-1.787120638094386
top_k_10_mix,Global_Price,Q,short,4,1.6074056745663252,0.8639708819359293,1.9054378189824606,3.630693282008636,3.4498076767502495,,,,0.0,1200.0,0.0,Economics,1.5800590412799245,0.8492722310276547,2.79303640127182e-05,1.0173073490116222,-1.730734901162223
top_k_15_mix,Global_Price,Q,short,4,1.606595839320899,0.8635356003624693,1.90540098748123,3.630552923094447,3.4498076767502495,,,,0.0,1200.0,0.0,Economics,1.5800590412799245,0.8492722310276547,2.79303640127182e-05,1.0167948142111694,-1.679481421116935
top_k_20_mix,Global_Price,Q,short,4,1.6033430456470117,0.861787243327496,1.8811633614324534,3.5387755923958473,3.4498076767502495,,,,0.0,1200.0,0.0,Economics,1.5800590412799245,0.8492722310276547,2.79303640127182e-05,1.0147361609653687,-1.4736160965368672
vanilla_univariate,Vehicle_Sales,M,short,12,0.8236066880940314,0.6333597221948136,0.5820640865773051,0.3387986008830726,0.8704781233070326,1.5612691640853882e-05,0.0,0.0,0.0,600.0,0.0,Sales,0.8236066880940314,0.6333597221948136,1.5612691640853882e-05,1.0,0.0
vanilla_multivariate,Vehicle_Sales,M,short,12,0.8347676413435652,0.6419425789779618,0.5915784869414173,0.34996510621189664,0.8704781233070326,0.0001707524061203003,0.0,0.0,0.0,600.0,0.0,Sales,0.8236066880940314,0.6333597221948136,1.5612691640853882e-05,1.0135513144937691,-1.3551314493769118
scope_selector,Vehicle_Sales,M,short,12,0.8236066880940314,0.6333597221948136,0.5820640865773051,0.3387986008830726,0.8704781233070326,,,,0.0,600.0,0.0,Sales,0.8236066880940314,0.6333597221948136,1.5612691640853882e-05,1.0,0.0
scope_selector_per_variate,Vehicle_Sales,M,short,12,0.8326084232816633,0.6402821240889796,0.5807978549738266,0.33732614834219815,0.8704781233070326,,,,0.0,600.0,0.0,Sales,0.8236066880940314,0.6333597221948136,1.5612691640853882e-05,1.010929652852217,-1.092965285221692
scope_mix,Vehicle_Sales,M,short,12,0.8197747900202538,0.6304129638275364,0.5779271589796635,0.3339998010863053,0.8704781233070326,,,,0.0,600.0,0.0,Sales,0.8236066880940314,0.6333597221948136,1.5612691640853882e-05,0.9953474174880181,0.4652582511981862
scope_mix_per_variate,Vehicle_Sales,M,short,12,0.8234560923633625,0.6332439129480956,0.5766212912579012,0.33249211353192926,0.8704781233070326,,,,0.0,600.0,0.0,Sales,0.8236066880940314,0.6333597221948136,1.5612691640853882e-05,0.9998171509133597,0.01828490866403465
scope_ridge,Vehicle_Sales,M,short,12,0.8215811223248618,0.6318020469216594,0.5794519759523672,0.3357645924351027,0.8704781233070326,,,,0.0,600.0,0.0,Sales,0.8236066880940314,0.6333597221948136,1.5612691640853882e-05,0.9975406152008587,0.24593847991413176
top_k_1_mix,Vehicle_Sales,M,short,12,0.8430738019297499,0.648330078785116,0.590528103838858,0.348723441423517,0.8704781233070326,,,,0.0,600.0,0.0,Sales,0.8236066880940314,0.6333597221948136,1.5612691640853882e-05,1.02363642029276,-2.363642029275992
top_k_5_mix,Vehicle_Sales,M,short,12,0.8342325723831103,0.6415311069330553,0.5956651196503535,0.35481693476807,0.8704781233070326,,,,0.0,600.0,0.0,Sales,0.8236066880940314,0.6333597221948136,1.5612691640853882e-05,1.0129016488606584,-1.2901648860658366
top_k_10_mix,Vehicle_Sales,M,short,12,0.8324503275737573,0.640160547303498,0.5966874850047641,0.3560359547613106,0.8704781233070326,,,,0.0,600.0,0.0,Sales,0.8236066880940314,0.6333597221948136,1.5612691640853882e-05,1.010737697504851,-1.0737697504850985
top_k_15_mix,Vehicle_Sales,M,short,12,0.8322161434472538,0.6399804579532672,0.6144451108750292,0.37754279427822696,0.8704781233070326,,,,0.0,600.0,0.0,Sales,0.8236066880940314,0.6333597221948136,1.5612691640853882e-05,1.010453357746701,-1.0453357746700975
top_k_20_mix,Vehicle_Sales,M,short,12,0.8412033151912769,0.6468916604500367,0.6212603350127505,0.38596440386015496,0.8704781233070326,,,,0.0,600.0,0.0,Sales,0.8236066880940314,0.6333597221948136,1.5612691640853882e-05,1.021365328076642,-2.136532807664193
vanilla_univariate,Online_Retail_2_UCI,D,short,30,0.6092702040045644,0.3753379415224901,0.17989870353493534,0.03236354353355056,0.7074258093720319,1.3660639524459839e-05,0.0,0.0,0.0,180.0,0.0,Sales,0.6092702040045644,0.3753379415224901,1.3660639524459839e-05,1.0,0.0
vanilla_multivariate,Online_Retail_2_UCI,D,short,30,0.6092702040045644,0.3753379415224901,0.17989870353493534,0.03236354353355056,0.7074258093720319,0.015459546819329262,0.0,0.0,0.0,180.0,0.0,Sales,0.6092702040045644,0.3753379415224901,1.3660639524459839e-05,1.0,0.0
scope_selector,Online_Retail_2_UCI,D,short,30,0.6092702040045644,0.3753379415224901,0.17989870353493534,0.03236354353355056,0.7074258093720319,,,,0.0,180.0,0.0,Sales,0.6092702040045644,0.3753379415224901,1.3660639524459839e-05,1.0,0.0
scope_selector_per_variate,Online_Retail_2_UCI,D,short,30,0.6092702040045644,0.3753379415224901,0.17989870353493534,0.03236354353355056,0.7074258093720319,,,,0.0,180.0,0.0,Sales,0.6092702040045644,0.3753379415224901,1.3660639524459839e-05,1.0,0.0
scope_mix,Online_Retail_2_UCI,D,short,30,0.6092702046809886,0.37533794193919795,0.1798987021320521,0.032363543028796814,0.7074258093720319,,,,0.0,180.0,0.0,Sales,0.6092702040045644,0.3753379415224901,1.3660639524459839e-05,1.0000000011102204,-1.1102203600898974e-07
scope_mix_per_variate,Online_Retail_2_UCI,D,short,30,0.6092702046809886,0.37533794193919795,0.1798987021320521,0.032363543028796814,0.7074258093720319,,,,0.0,180.0,0.0,Sales,0.6092702040045644,0.3753379415224901,1.3660639524459839e-05,1.0000000011102204,-1.1102203600898974e-07
scope_ridge,Online_Retail_2_UCI,D,short,30,0.609270199855818,0.37533793896667506,0.17989870686926282,0.03236354473323295,0.7074258093720319,,,,0.0,180.0,0.0,Sales,0.6092702040045644,0.3753379415224901,1.3660639524459839e-05,0.9999999931906297,6.809370289850847e-07
top_k_1_mix,Online_Retail_2_UCI,D,short,30,0.6044534285806661,0.372370590484315,0.1662780612733142,0.027648393660812037,0.7074258093720319,,,,0.0,180.0,0.0,Sales,0.6092702040045644,0.3753379415224901,1.3660639524459839e-05,0.992094188436856,0.7905811563143961
top_k_5_mix,Online_Retail_2_UCI,D,short,30,0.606516948853627,0.37364181209740616,0.16919784941392454,0.028627912246297085,0.7074258093720319,,,,0.0,180.0,0.0,Sales,0.6092702040045644,0.3753379415224901,1.3660639524459839e-05,0.9954810605658359,0.45189394341641487
top_k_10_mix,Online_Retail_2_UCI,D,short,30,0.6101711431088334,0.37589296066934946,0.17805311912840002,0.03170291323135221,0.7074258093720319,,,,0.0,180.0,0.0,Sales,0.6092702040045644,0.3753379415224901,1.3660639524459839e-05,1.0014787184706346,-0.14787184706346324
top_k_15_mix,Online_Retail_2_UCI,D,short,30,0.608510607716489,0.3748699959290893,0.17545569666723312,0.03078470149298412,0.7074258093720319,,,,0.0,180.0,0.0,Sales,0.6092702040045644,0.3753379415224901,1.3660639524459839e-05,0.9987532686104083,0.12467313895917487
top_k_20_mix,Online_Retail_2_UCI,D,short,30,0.6050505134965586,0.37273842173844857,0.17449946571062483,0.03045006353329353,0.7074258093720319,,,,0.0,180.0,0.0,Sales,0.6092702040045644,0.3753379415224901,1.3660639524459839e-05,0.9930741886271953,0.692581137280468
vanilla_univariate,Supply_Chain_Customer,D,short,30,0.5576402410302724,0.3658086868326294,0.23445427197596594,0.05496880564778021,0.7613944839464535,3.387965261936188e-05,0.0,0.0,0.0,12960.0,0.0,Sales,0.5576402410302724,0.3658086868326294,3.387965261936188e-05,1.0,0.0
vanilla_multivariate,Supply_Chain_Customer,D,short,30,0.5532599382047175,0.36293523418942514,0.23218993591856718,0.05391216634186834,0.7613944839464535,0.0003327932208776474,0.0,0.0,0.0,12960.0,0.0,Sales,0.5576402410302724,0.3658086868326294,3.387965261936188e-05,0.9921449305425626,0.7855069457437414
scope_selector,Supply_Chain_Customer,D,short,30,0.5576402410302724,0.3658086868326294,0.23445427197596594,0.05496880564778021,0.7613944839464535,,,,0.0,12960.0,0.0,Sales,0.5576402410302724,0.3658086868326294,3.387965261936188e-05,1.0,0.0
scope_selector_per_variate,Supply_Chain_Customer,D,short,30,0.5561753551285032,0.36484773037960194,0.23243281111578168,0.05402501168318464,0.7613944839464535,,,,0.0,12960.0,0.0,Sales,0.5576402410302724,0.3658086868326294,3.387965261936188e-05,0.9973730627849549,0.2626937215045144
scope_mix,Supply_Chain_Customer,D,short,30,0.554347087219198,0.3636483974874033,0.23289457035923958,0.05423988090281479,0.7613944839464535,,,,0.0,12960.0,0.0,Sales,0.5576402410302724,0.3658086868326294,3.387965261936188e-05,0.99409448320123,0.590551679877005
scope_mix_per_variate,Supply_Chain_Customer,D,short,30,0.554591668805381,0.3638088415556071,0.2327869788132398,0.054189777504995755,0.7613944839464535,,,,0.0,12960.0,0.0,Sales,0.5576402410302724,0.3658086868326294,3.387965261936188e-05,0.9945330842349918,0.546691576500824
scope_ridge,Supply_Chain_Customer,D,short,30,0.5541756099020008,0.36353590938555896,0.2327986202128553,0.05419519757300924,0.7613944839464535,,,,0.0,12960.0,0.0,Sales,0.5576402410302724,0.3658086868326294,3.387965261936188e-05,0.9937869779234896,0.6213022076510422
top_k_1_mix,Supply_Chain_Customer,D,short,30,0.556243872172738,0.3648926771537638,0.23282658059118858,0.05420821662978523,0.7613944839464535,,,,0.0,12960.0,0.0,Sales,0.5576402410302724,0.3658086868326294,3.387965261936188e-05,0.9974959324044574,0.25040675955425584
top_k_5_mix,Supply_Chain_Customer,D,short,30,0.5572567470021547,0.3655571170273823,0.23337393168997186,0.054463391992435654,0.7613944839464535,,,,0.0,12960.0,0.0,Sales,0.5576402410302724,0.3658086868326294,3.387965261936188e-05,0.9993122913306808,0.06877086693192203
top_k_10_mix,Supply_Chain_Customer,D,short,30,0.5568762846253169,0.3653075359673729,0.23356280355926018,0.05455158320646156,0.7613944839464535,,,,0.0,12960.0,0.0,Sales,0.5576402410302724,0.3658086868326294,3.387965261936188e-05,0.9986300192332891,0.13699807667109098
top_k_15_mix,Supply_Chain_Customer,D,short,30,0.5566628792120164,0.365167543283455,0.23360620101314883,0.054571857151795695,0.7613944839464535,,,,0.0,12960.0,0.0,Sales,0.5576402410302724,0.3658086868326294,3.387965261936188e-05,0.9982473255221856,0.17526744778143533
top_k_20_mix,Supply_Chain_Customer,D,short,30,0.5565671517875643,0.3651047466614466,0.23336635191446986,0.05445985420586819,0.7613944839464535,,,,0.0,12960.0,0.0,Sales,0.5576402410302724,0.3658086868326294,3.387965261936188e-05,0.9980756603204863,0.19243396795136647
vanilla_univariate,Supply_Chain_Location,D,short,30,0.6095078906088887,0.42729135166702203,0.23273139297743445,0.05416390127721702,0.5773547972858538,4.108995199203491e-05,0.0,0.0,0.0,18360.0,0.0,Sales,0.6095078906088887,0.42729135166702203,4.108995199203491e-05,1.0,0.0
vanilla_multivariate,Supply_Chain_Location,D,short,30,0.6049073017593081,0.424066140216457,0.22729073363230748,0.05166107759511255,0.5773547972858538,0.00039811432361602783,0.0,0.0,0.0,18360.0,0.0,Sales,0.6095078906088887,0.42729135166702203,4.108995199203491e-05,0.9924519617867709,0.7548038213229136
scope_selector,Supply_Chain_Location,D,short,30,0.6049073017593081,0.424066140216457,0.22729073363230748,0.05166107759511255,0.5773547972858538,,,,0.0,18360.0,0.0,Sales,0.6095078906088887,0.42729135166702203,4.108995199203491e-05,0.9924519617867709,0.7548038213229136
scope_selector_per_variate,Supply_Chain_Location,D,short,30,0.607364474137511,0.42578872416153496,0.23147715928810617,0.053581675272091275,0.5773547972858538,,,,0.0,18360.0,0.0,Sales,0.6095078906088887,0.42729135166702203,4.108995199203491e-05,0.9964833655078092,0.3516634492190751
scope_mix,Supply_Chain_Location,D,short,30,0.6056321378911818,0.42457428164546457,0.22910657264042844,0.052489821627043916,0.5773547972858538,,,,0.0,18360.0,0.0,Sales,0.6095078906088887,0.42729135166702203,4.108995199203491e-05,0.9936411771243272,0.6358822875672798
scope_mix_per_variate,Supply_Chain_Location,D,short,30,0.605565212195896,0.42452736384302014,0.2294327249220731,0.05263937526516766,0.5773547972858538,,,,0.0,18360.0,0.0,Sales,0.6095078906088887,0.42729135166702203,4.108995199203491e-05,0.9935313742877816,0.6468625712218401
scope_ridge,Supply_Chain_Location,D,short,30,0.6049653373534081,0.4241068256740694,0.22698085450961944,0.05152030831391703,0.5773547972858538,,,,0.0,18360.0,0.0,Sales,0.6095078906088887,0.42729135166702203,4.108995199203491e-05,0.9925471789201241,0.7452821079875882
top_k_1_mix,Supply_Chain_Location,D,short,30,0.609202293582427,0.42707711495489054,0.23326099308216647,0.05441069089367852,0.5773547972858538,,,,0.0,18360.0,0.0,Sales,0.6095078906088887,0.42729135166702203,4.108995199203491e-05,0.999498616783851,0.05013832161490095
top_k_5_mix,Supply_Chain_Location,D,short,30,0.6093123517139409,0.42715427045771687,0.2335085031105589,0.054526221024933895,0.5773547972858538,,,,0.0,18360.0,0.0,Sales,0.6095078906088887,0.42729135166702203,4.108995199203491e-05,0.9996791856217769,0.03208143782230666
top_k_10_mix,Supply_Chain_Location,D,short,30,0.6093116557359938,0.42715378254712155,0.2329241858785147,0.05425367636716887,0.5773547972858538,,,,0.0,18360.0,0.0,Sales,0.6095078906088887,0.42729135166702203,4.108995199203491e-05,0.9996780437531353,0.03219562468647075
top_k_15_mix,Supply_Chain_Location,D,short,30,0.6093163834039299,0.42715709684649944,0.23271475231210817,0.054156155943685856,0.5773547972858538,,,,0.0,18360.0,0.0,Sales,0.6095078906088887,0.42729135166702203,4.108995199203491e-05,0.9996858002859201,0.03141997140798658
top_k_20_mix,Supply_Chain_Location,D,short,30,0.6093087526782921,0.4271517473783101,0.23254970203498804,0.05407936391656172,0.5773547972858538,,,,0.0,18360.0,0.0,Sales,0.6095078906088887,0.42729135166702203,4.108995199203491e-05,0.9996732807996995,0.032671920030047374
vanilla_univariate,azure2019_U,5T,short,48,0.6571249748882112,0.5903799985688403,0.9546576304018605,0.9113711912844952,1.2257899723905192,7.385201752185822e-05,0.0,0.0,0.0,67392.0,0.0,Cloud operations,0.6571249748882112,0.5903799985688403,7.385201752185822e-05,1.0,0.0
vanilla_multivariate,azure2019_U,5T,short,48,0.6607650521734936,0.5936503488136183,0.9575795512510058,0.9169585969740777,1.2257899723905192,0.0014383234083652496,0.0,0.0,0.0,67392.0,0.0,Cloud operations,0.6571249748882112,0.5903799985688403,7.385201752185822e-05,1.0055393987816421,-0.5539398781642113
scope_selector,azure2019_U,5T,short,48,0.6571249748882112,0.5903799985688403,0.9546576304018605,0.9113711912844952,1.2257899723905192,,,,0.0,67392.0,0.0,Cloud operations,0.6571249748882112,0.5903799985688403,7.385201752185822e-05,1.0,0.0
scope_selector_per_variate,azure2019_U,5T,short,48,0.6581144388924582,0.5912689615206908,0.9603788926630389,0.9223276174726848,1.2257899723905192,,,,0.0,67392.0,0.0,Cloud operations,0.6571249748882112,0.5903799985688403,7.385201752185822e-05,1.0015057470679993,-0.150574706799933
scope_mix,azure2019_U,5T,short,48,0.6567680812001395,0.5900593550031489,0.9542555457908141,0.9106036466725245,1.2257899723905192,,,,0.0,67392.0,0.0,Cloud operations,0.6571249748882112,0.5903799985688403,7.385201752185822e-05,0.9994568861301727,0.054311386982730525
scope_mix_per_variate,azure2019_U,5T,short,48,0.6572350868841501,0.5904789263565352,0.9562124909268862,0.9143423278046005,1.2257899723905192,,,,0.0,67392.0,0.0,Cloud operations,0.6571249748882112,0.5903799985688403,7.385201752185822e-05,1.0001675662927858,-0.01675662927858035
scope_ridge,azure2019_U,5T,short,48,0.6566860562888681,0.5899856614610532,0.9541922767312775,0.9104829009736188,1.2257899723905192,,,,0.0,67392.0,0.0,Cloud operations,0.6571249748882112,0.5903799985688403,7.385201752185822e-05,0.9993320622162964,0.06679377837035538
top_k_1_mix,azure2019_U,5T,short,48,0.6571249748882112,0.5903799985688403,0.9546576304018605,0.9113711912844952,1.2257899723905192,,,,0.0,67392.0,0.0,Cloud operations,0.6571249748882112,0.5903799985688403,7.385201752185822e-05,1.0,0.0
top_k_5_mix,azure2019_U,5T,short,48,0.6571249748882112,0.5903799985688403,0.9546576304018605,0.9113711912844952,1.2257899723905192,,,,0.0,67392.0,0.0,Cloud operations,0.6571249748882112,0.5903799985688403,7.385201752185822e-05,1.0,0.0
top_k_10_mix,azure2019_U,5T,short,48,0.6571249748882112,0.5903799985688403,0.9546576304018605,0.9113711912844952,1.2257899723905192,,,,0.0,67392.0,0.0,Cloud operations,0.6571249748882112,0.5903799985688403,7.385201752185822e-05,1.0,0.0
top_k_15_mix,azure2019_U,5T,short,48,0.6571249748882112,0.5903799985688403,0.9546576304018605,0.9113711912844952,1.2257899723905192,,,,0.0,67392.0,0.0,Cloud operations,0.6571249748882112,0.5903799985688403,7.385201752185822e-05,1.0,0.0
top_k_20_mix,azure2019_U,5T,short,48,0.6571249748882112,0.5903799985688403,0.9546576304018605,0.9113711912844952,1.2257899723905192,,,,0.0,67392.0,0.0,Cloud operations,0.6571249748882112,0.5903799985688403,7.385201752185822e-05,1.0,0.0
vanilla_univariate,Smart_Manufacturing,H,short,24,0.7117642401650695,0.7126755914348316,0.12811330848422053,0.016413019810773054,0.03817606606400739,0.00011481344699859619,0.0,0.0,0.0,40650.0,0.0,Industry,0.7117642401650695,0.7126755914348316,0.00011481344699859619,1.0,0.0
vanilla_multivariate,Smart_Manufacturing,H,short,24,0.7114646384560039,0.7123756061122287,0.1280125292580992,0.016387207647055705,0.03817606606400739,0.0019214991480112076,0.0,0.0,0.0,40650.0,0.0,Industry,0.7117642401650695,0.7126755914348316,0.00011481344699859619,0.9995790717035797,0.04209282964202643
scope_selector,Smart_Manufacturing,H,short,24,0.7114646384560039,0.7123756061122287,0.1280125292580992,0.016387207647055705,0.03817606606400739,,,,0.0,40650.0,0.0,Industry,0.7117642401650695,0.7126755914348316,0.00011481344699859619,0.9995790717035797,0.04209282964202643
scope_selector_per_variate,Smart_Manufacturing,H,short,24,0.7117873062637905,0.7126986870676557,0.1280070496048398,0.016385804748535918,0.03817606606400739,,,,0.0,40650.0,0.0,Industry,0.7117642401650695,0.7126755914348316,0.00011481344699859619,1.0000324069367628,-0.0032406936762763294
scope_mix,Smart_Manufacturing,H,short,24,0.7114864901271395,0.7123974857625,0.12803708442016007,0.016393494986815194,0.03817606606400739,,,,0.0,40650.0,0.0,Industry,0.7117642401650695,0.7126755914348316,0.00011481344699859619,0.9996097724186516,0.03902275813484346
scope_mix_per_variate,Smart_Manufacturing,H,short,24,0.7115057794729543,0.7124167998066191,0.1280507902583893,0.01639700488579801,0.03817606606400739,,,,0.0,40650.0,0.0,Industry,0.7117642401650695,0.7126755914348316,0.00011481344699859619,0.9996368731701734,0.036312682982664324
scope_ridge,Smart_Manufacturing,H,short,24,0.711462012087808,0.7123729763812002,0.12802575762749469,0.016390594616094014,0.03817606606400739,,,,0.0,40650.0,0.0,Industry,0.7117642401650695,0.7126755914348316,0.00011481344699859619,0.9995753817623777,0.042461823762229844
top_k_1_mix,Smart_Manufacturing,H,short,24,0.7117642401650695,0.7126755914348316,0.12811330848422053,0.016413019810773054,0.03817606606400739,,,,0.0,40650.0,0.0,Industry,0.7117642401650695,0.7126755914348316,0.00011481344699859619,1.0,0.0
top_k_5_mix,Smart_Manufacturing,H,short,24,0.7117642401650695,0.7126755914348316,0.12811330848422053,0.016413019810773054,0.03817606606400739,,,,0.0,40650.0,0.0,Industry,0.7117642401650695,0.7126755914348316,0.00011481344699859619,1.0,0.0
top_k_10_mix,Smart_Manufacturing,H,short,24,0.7117642401650695,0.7126755914348316,0.12811330848422053,0.016413019810773054,0.03817606606400739,,,,0.0,40650.0,0.0,Industry,0.7117642401650695,0.7126755914348316,0.00011481344699859619,1.0,0.0
top_k_15_mix,Smart_Manufacturing,H,short,24,0.7117642401650695,0.7126755914348316,0.12811330848422053,0.016413019810773054,0.03817606606400739,,,,0.0,40650.0,0.0,Industry,0.7117642401650695,0.7126755914348316,0.00011481344699859619,1.0,0.0
top_k_20_mix,Smart_Manufacturing,H,short,24,0.7117642401650695,0.7126755914348316,0.12811330848422053,0.016413019810773054,0.03817606606400739,,,,0.0,40650.0,0.0,Industry,0.7117642401650695,0.7126755914348316,0.00011481344699859619,1.0,0.0
vanilla_univariate,Smart_Manufacturing,H,medium,168,0.711469931275102,0.7072854711982076,0.053355505255143224,0.002846809941031616,0.01326920601468509,3.0722469091415405e-05,0.0,0.0,0.0,40650.0,0.0,Industry,0.711469931275102,0.7072854711982076,3.0722469091415405e-05,1.0,0.0
vanilla_multivariate,Smart_Manufacturing,H,medium,168,0.7112583040053169,0.7070750885992407,0.053463719689721426,0.0028583693230611064,0.01326920601468509,0.00036495551466941833,0.0,0.0,0.0,40650.0,0.0,Industry,0.711469931275102,0.7072854711982076,3.0722469091415405e-05,0.9997025492427967,0.029745075720333247
scope_selector,Smart_Manufacturing,H,medium,168,0.7112583040053169,0.7070750885992407,0.053463719689721426,0.0028583693230611064,0.01326920601468509,,,,0.0,40650.0,0.0,Industry,0.711469931275102,0.7072854711982076,3.0722469091415405e-05,0.9997025492427967,0.029745075720333247
scope_selector_per_variate,Smart_Manufacturing,H,medium,168,0.711538227343438,0.7073533655880483,0.05333048080329308,0.0028441401827104112,0.01326920601468509,,,,0.0,40650.0,0.0,Industry,0.711469931275102,0.7072854711982076,3.0722469091415405e-05,1.0000959929089532,-0.00959929089532352
scope_mix,Smart_Manufacturing,H,medium,168,0.7112613891031854,0.7070781555523243,0.05339419792412065,0.00285094037196017,0.01326920601468509,,,,0.0,40650.0,0.0,Industry,0.711469931275102,0.7072854711982076,3.0722469091415405e-05,0.9997068854736518,0.029311452634817048
scope_mix_per_variate,Smart_Manufacturing,H,medium,168,0.7113544697912012,0.7071706887928575,0.053362670333951825,0.0028475745851700225,0.01326920601468509,,,,0.0,40650.0,0.0,Industry,0.711469931275102,0.7072854711982076,3.0722469091415405e-05,0.9998377141762071,0.01622858237928515
scope_ridge,Smart_Manufacturing,H,medium,168,0.7113875863448439,0.7072036105738323,0.0533593160057318,0.002847216604599546,0.01326920601468509,,,,0.0,40650.0,0.0,Industry,0.711469931275102,0.7072854711982076,3.0722469091415405e-05,0.9998842608427448,0.011573915725515693
top_k_1_mix,Smart_Manufacturing,H,medium,168,0.711469931275102,0.7072854711982076,0.053355505255143224,0.002846809941031616,0.01326920601468509,,,,0.0,40650.0,0.0,Industry,0.711469931275102,0.7072854711982076,3.0722469091415405e-05,1.0,0.0
top_k_5_mix,Smart_Manufacturing,H,medium,168,0.711469931275102,0.7072854711982076,0.053355505255143224,0.002846809941031616,0.01326920601468509,,,,0.0,40650.0,0.0,Industry,0.711469931275102,0.7072854711982076,3.0722469091415405e-05,1.0,0.0
top_k_10_mix,Smart_Manufacturing,H,medium,168,0.711469931275102,0.7072854711982076,0.053355505255143224,0.002846809941031616,0.01326920601468509,,,,0.0,40650.0,0.0,Industry,0.711469931275102,0.7072854711982076,3.0722469091415405e-05,1.0,0.0
top_k_15_mix,Smart_Manufacturing,H,medium,168,0.711469931275102,0.7072854711982076,0.053355505255143224,0.002846809941031616,0.01326920601468509,,,,0.0,40650.0,0.0,Industry,0.711469931275102,0.7072854711982076,3.0722469091415405e-05,1.0,0.0
top_k_20_mix,Smart_Manufacturing,H,medium,168,0.711469931275102,0.7072854711982076,0.053355505255143224,0.002846809941031616,0.01326920601468509,,,,0.0,40650.0,0.0,Industry,0.711469931275102,0.7072854711982076,3.0722469091415405e-05,1.0,0.0
vanilla_univariate,Smart_Manufacturing,H,long,336,0.7110188635266362,0.7094323459543195,0.039682967242547114,0.001574737889173067,0.0120211297863795,2.3910775780677795e-05,0.0,0.0,0.0,40650.0,0.0,Industry,0.7110188635266362,0.7094323459543195,2.3910775780677795e-05,1.0,0.0
vanilla_multivariate,Smart_Manufacturing,H,long,336,0.7110117882880749,0.7094252865029487,0.039934067950313734,0.0015947297830602744,0.0120211297863795,0.00025118328630924225,0.0,0.0,0.0,40650.0,0.0,Industry,0.7110188635266362,0.7094323459543195,2.3910775780677795e-05,0.999990049154918,0.0009950845082040694
scope_selector,Smart_Manufacturing,H,long,336,0.7110117882880749,0.7094252865029487,0.039934067950313734,0.0015947297830602744,0.0120211297863795,,,,0.0,40650.0,0.0,Industry,0.7110188635266362,0.7094323459543195,2.3910775780677795e-05,0.999990049154918,0.0009950845082040694
scope_selector_per_variate,Smart_Manufacturing,H,long,336,0.7111067536955011,0.7095200400112323,0.03974722034916013,0.0015798415254846892,0.0120211297863795,,,,0.0,40650.0,0.0,Industry,0.7110188635266362,0.7094323459543195,2.3910775780677795e-05,1.0001236115852523,-0.012361158525231453
scope_mix,Smart_Manufacturing,H,long,336,0.7109205914614025,0.7093342931664726,0.039781542264866576,0.0015825711049713659,0.0120211297863795,,,,0.0,40650.0,0.0,Industry,0.7110188635266362,0.7094323459543195,2.3910775780677795e-05,0.9998617869788344,0.013821302116556744
scope_mix_per_variate,Smart_Manufacturing,H,long,336,0.710962123451999,0.7093757324855012,0.03976861844186843,0.0015815430127749178,0.0120211297863795,,,,0.0,40650.0,0.0,Industry,0.7110188635266362,0.7094323459543195,2.3910775780677795e-05,0.9999201989179924,0.007980108200755787
scope_ridge,Smart_Manufacturing,H,long,336,0.7109972583905935,0.7094107890264604,0.03969333088637031,0.001575560516854879,0.0120211297863795,,,,0.0,40650.0,0.0,Industry,0.7110188635266362,0.7094323459543195,2.3910775780677795e-05,0.9999696138356504,0.0030386164349582856
top_k_1_mix,Smart_Manufacturing,H,long,336,0.7110188635266362,0.7094323459543195,0.039682967242547114,0.001574737889173067,0.0120211297863795,,,,0.0,40650.0,0.0,Industry,0.7110188635266362,0.7094323459543195,2.3910775780677795e-05,1.0,0.0
top_k_5_mix,Smart_Manufacturing,H,long,336,0.7110188635266362,0.7094323459543195,0.039682967242547114,0.001574737889173067,0.0120211297863795,,,,0.0,40650.0,0.0,Industry,0.7110188635266362,0.7094323459543195,2.3910775780677795e-05,1.0,0.0
top_k_10_mix,Smart_Manufacturing,H,long,336,0.7110188635266362,0.7094323459543195,0.039682967242547114,0.001574737889173067,0.0120211297863795,,,,0.0,40650.0,0.0,Industry,0.7110188635266362,0.7094323459543195,2.3910775780677795e-05,1.0,0.0
top_k_15_mix,Smart_Manufacturing,H,long,336,0.7110188635266362,0.7094323459543195,0.039682967242547114,0.001574737889173067,0.0120211297863795,,,,0.0,40650.0,0.0,Industry,0.7110188635266362,0.7094323459543195,2.3910775780677795e-05,1.0,0.0
top_k_20_mix,Smart_Manufacturing,H,long,336,0.7110188635266362,0.7094323459543195,0.039682967242547114,0.001574737889173067,0.0120211297863795,,,,0.0,40650.0,0.0,Industry,0.7110188635266362,0.7094323459543195,2.3910775780677795e-05,1.0,0.0
vanilla_univariate,MetroPT-3,5T,short,48,0.6109562818310018,0.7001381462785661,0.1967912120742648,0.03872678114965827,0.07601067700804957,2.3620203137397766e-05,0.0,0.0,0.0,8922.0,0.0,Transport,0.6109562818310018,0.7001381462785661,2.3620203137397766e-05,1.0,0.0
vanilla_multivariate,MetroPT-3,5T,short,48,0.6120071780108346,0.7013424427645181,0.19064442473566048,0.03634529668279092,0.07601067700804957,0.00029543228447437286,0.0,0.0,0.0,8922.0,0.0,Transport,0.6109562818310018,0.7001381462785661,2.3620203137397766e-05,1.001720084089623,-0.17200840896229863
scope_selector,MetroPT-3,5T,short,48,0.6109562818310018,0.7001381462785661,0.1967912120742648,0.03872678114965827,0.07601067700804957,,,,0.0,8922.0,0.0,Transport,0.6109562818310018,0.7001381462785661,2.3620203137397766e-05,1.0,0.0
scope_selector_per_variate,MetroPT-3,5T,short,48,0.6109562818310018,0.7001381462785661,0.1967912120742648,0.03872678114965827,0.07601067700804957,,,,0.0,8922.0,0.0,Transport,0.6109562818310018,0.7001381462785661,2.3620203137397766e-05,1.0,0.0
scope_mix,MetroPT-3,5T,short,48,0.6090207970176796,0.6979201369223343,0.19396002943569357,0.03762049301869512,0.07601067700804957,,,,0.0,8922.0,0.0,Transport,0.6109562818310018,0.7001381462785661,2.3620203137397766e-05,0.9968320404079951,0.31679595920048875
scope_mix_per_variate,MetroPT-3,5T,short,48,0.6088351672719713,0.6977074106276396,0.1939579719276769,0.03761969487429749,0.07601067700804957,,,,0.0,8922.0,0.0,Transport,0.6109562818310018,0.7001381462785661,2.3620203137397766e-05,0.99652820566363,0.34717943363700154
scope_ridge,MetroPT-3,5T,short,48,0.6112045923129542,0.7004227028756677,0.19700620550155937,0.03881144500612264,0.07601067700804957,,,,0.0,8922.0,0.0,Transport,0.6109562818310018,0.7001381462785661,2.3620203137397766e-05,1.0004064292148829,-0.04064292148828752
top_k_1_mix,MetroPT-3,5T,short,48,0.6133246708370371,0.7028522512606485,0.19723425458683677,0.03890135118242514,0.07601067700804957,,,,0.0,8922.0,0.0,Transport,0.6109562818310018,0.7001381462785661,2.3620203137397766e-05,1.003876527791706,-0.3876527791706108
top_k_5_mix,MetroPT-3,5T,short,48,0.6138793505011476,0.7034878980382623,0.19739455496920424,0.0389646103314902,0.07601067700804957,,,,0.0,8922.0,0.0,Transport,0.6109562818310018,0.7001381462785661,2.3620203137397766e-05,1.004784415443582,-0.4784415443582102
top_k_10_mix,MetroPT-3,5T,short,48,0.612645674901337,0.7020741416480801,0.19671606690225307,0.0386972109774917,0.07601067700804957,,,,0.0,8922.0,0.0,Transport,0.6109562818310018,0.7001381462785661,2.3620203137397766e-05,1.0027651619609708,-0.27651619609707634
top_k_15_mix,MetroPT-3,5T,short,48,0.6121667881129613,0.7015253513037272,0.19657216738863892,0.03864061699186708,0.07601067700804957,,,,0.0,8922.0,0.0,Transport,0.6109562818310018,0.7001381462785661,2.3620203137397766e-05,1.0019813304453336,-0.19813304453335512
top_k_20_mix,MetroPT-3,5T,short,48,0.6125873638037295,0.7020073188245811,0.19646797683567394,0.03859966592190291,0.07601067700804957,,,,0.0,8922.0,0.0,Transport,0.6109562818310018,0.7001381462785661,2.3620203137397766e-05,1.0026697196202639,-0.2669719620263855
vanilla_univariate,MetroPT-3,5T,medium,288,0.6476133067503567,0.7587128970163014,0.12182323704984982,0.014840901085303901,0.019695959012921885,1.6730278730392456e-05,0.0,0.0,0.0,8922.0,0.0,Transport,0.6476133067503567,0.7587128970163014,1.6730278730392456e-05,1.0,0.0
vanilla_multivariate,MetroPT-3,5T,medium,288,0.6510332169597657,0.7627195008885047,0.11963009967999404,0.01431136074944531,0.019695959012921885,0.00017462484538555145,0.0,0.0,0.0,8922.0,0.0,Transport,0.6476133067503567,0.7587128970163014,1.6730278730392456e-05,1.0052807905176775,-0.5280790517677492
scope_selector,MetroPT-3,5T,medium,288,0.6476133067503567,0.7587128970163014,0.12182323704984982,0.014840901085303901,0.019695959012921885,,,,0.0,8922.0,0.0,Transport,0.6476133067503567,0.7587128970163014,1.6730278730392456e-05,1.0,0.0
scope_selector_per_variate,MetroPT-3,5T,medium,288,0.6476133067503567,0.7587128970163014,0.12182323704984982,0.014840901085303901,0.019695959012921885,,,,0.0,8922.0,0.0,Transport,0.6476133067503567,0.7587128970163014,1.6730278730392456e-05,1.0,0.0
scope_mix,MetroPT-3,5T,medium,288,0.6476305559590032,0.7587331053673761,0.1220979958769791,0.014907920597174804,0.019695959012921885,,,,0.0,8922.0,0.0,Transport,0.6476133067503567,0.7587128970163014,1.6730278730392456e-05,1.0000266350435774,-0.0026635043577361017
scope_mix_per_variate,MetroPT-3,5T,medium,288,0.6476743778856817,0.7587844450489368,0.12208973743735599,0.014905903987522525,0.019695959012921885,,,,0.0,8922.0,0.0,Transport,0.6476133067503567,0.7587128970163014,1.6730278730392456e-05,1.0000943018537274,-0.009430185372738542
scope_ridge,MetroPT-3,5T,medium,288,0.64762884291762,0.7587310984497032,0.1218029650794583,0.014835962302147739,0.019695959012921885,,,,0.0,8922.0,0.0,Transport,0.6476133067503567,0.7587128970163014,1.6730278730392456e-05,1.0000239898826992,-0.0023989882699249065
top_k_1_mix,MetroPT-3,5T,medium,288,0.6476133067503567,0.7587128970163014,0.12182323704984982,0.014840901085303901,0.019695959012921885,,,,0.0,8922.0,0.0,Transport,0.6476133067503567,0.7587128970163014,1.6730278730392456e-05,1.0,0.0
top_k_5_mix,MetroPT-3,5T,medium,288,0.6476133067503567,0.7587128970163014,0.12182323704984982,0.014840901085303901,0.019695959012921885,,,,0.0,8922.0,0.0,Transport,0.6476133067503567,0.7587128970163014,1.6730278730392456e-05,1.0,0.0
top_k_10_mix,MetroPT-3,5T,medium,288,0.6476133067503567,0.7587128970163014,0.12182323704984982,0.014840901085303901,0.019695959012921885,,,,0.0,8922.0,0.0,Transport,0.6476133067503567,0.7587128970163014,1.6730278730392456e-05,1.0,0.0
top_k_15_mix,MetroPT-3,5T,medium,288,0.6476133067503567,0.7587128970163014,0.12182323704984982,0.014840901085303901,0.019695959012921885,,,,0.0,8922.0,0.0,Transport,0.6476133067503567,0.7587128970163014,1.6730278730392456e-05,1.0,0.0
top_k_20_mix,MetroPT-3,5T,medium,288,0.6476133067503567,0.7587128970163014,0.12182323704984982,0.014840901085303901,0.019695959012921885,,,,0.0,8922.0,0.0,Transport,0.6476133067503567,0.7587128970163014,1.6730278730392456e-05,1.0,0.0
vanilla_univariate,MetroPT-3,5T,long,576,0.6642965154752547,0.7647105240093246,0.10281273172956211,0.010570457805694907,0.022228105801810265,1.3519078493118286e-05,0.0,0.0,0.0,8922.0,0.0,Transport,0.6642965154752547,0.7647105240093246,1.3519078493118286e-05,1.0,0.0
vanilla_multivariate,MetroPT-3,5T,long,576,0.6686335696286634,0.7697031603954076,0.10726380241873122,0.011505523309324611,0.022228105801810265,0.0001554824411869049,0.0,0.0,0.0,8922.0,0.0,Transport,0.6642965154752547,0.7647105240093246,1.3519078493118286e-05,1.0065287925683395,-0.6528792568339492
scope_selector,MetroPT-3,5T,long,576,0.6642965154752547,0.7647105240093246,0.10281273172956211,0.010570457805694907,0.022228105801810265,,,,0.0,8922.0,0.0,Transport,0.6642965154752547,0.7647105240093246,1.3519078493118286e-05,1.0,0.0
scope_selector_per_variate,MetroPT-3,5T,long,576,0.6646579254592673,0.7651265641537753,0.10289534501373336,0.010587452025495223,0.022228105801810265,,,,0.0,8922.0,0.0,Transport,0.6642965154752547,0.7647105240093246,1.3519078493118286e-05,1.0005440491942879,-0.05440491942878545
scope_mix,MetroPT-3,5T,long,576,0.6654090932493648,0.7659912772766094,0.1065673960561388,0.011356609902185948,0.022228105801810265,,,,0.0,8922.0,0.0,Transport,0.6642965154752547,0.7647105240093246,1.3519078493118286e-05,1.0016748210297537,-0.16748210297536925
scope_mix_per_variate,MetroPT-3,5T,long,576,0.6650426988798039,0.7655694993147899,0.10620097144465987,0.01127864633578946,0.022228105801810265,,,,0.0,8922.0,0.0,Transport,0.6642965154752547,0.7647105240093246,1.3519078493118286e-05,1.0011232685813736,-0.1123268581373571
scope_ridge,MetroPT-3,5T,long,576,0.6642924271639054,0.7647058177153107,0.10268518971410896,0.01054424818662255,0.022228105801810265,,,,0.0,8922.0,0.0,Transport,0.6642965154752547,0.7647105240093246,1.3519078493118286e-05,0.9999938456528762,0.0006154347123810133
top_k_1_mix,MetroPT-3,5T,long,576,0.6642965154752547,0.7647105240093246,0.10281273172956211,0.010570457805694907,0.022228105801810265,,,,0.0,8922.0,0.0,Transport,0.6642965154752547,0.7647105240093246,1.3519078493118286e-05,1.0,0.0
top_k_5_mix,MetroPT-3,5T,long,576,0.6642965154752547,0.7647105240093246,0.10281273172956211,0.010570457805694907,0.022228105801810265,,,,0.0,8922.0,0.0,Transport,0.6642965154752547,0.7647105240093246,1.3519078493118286e-05,1.0,0.0
top_k_10_mix,MetroPT-3,5T,long,576,0.6642965154752547,0.7647105240093246,0.10281273172956211,0.010570457805694907,0.022228105801810265,,,,0.0,8922.0,0.0,Transport,0.6642965154752547,0.7647105240093246,1.3519078493118286e-05,1.0,0.0
top_k_15_mix,MetroPT-3,5T,long,576,0.6642965154752547,0.7647105240093246,0.10281273172956211,0.010570457805694907,0.022228105801810265,,,,0.0,8922.0,0.0,Transport,0.6642965154752547,0.7647105240093246,1.3519078493118286e-05,1.0,0.0
top_k_20_mix,MetroPT-3,5T,long,576,0.6642965154752547,0.7647105240093246,0.10281273172956211,0.010570457805694907,0.022228105801810265,,,,0.0,8922.0,0.0,Transport,0.6642965154752547,0.7647105240093246,1.3519078493118286e-05,1.0,0.0
