dataset,term,selector,report_label,evaluation_run,item,channel,selected_method,validation_dates,observed_best,block_length,fallback_reason
Water_Quality_Darwin/15T,short,scope_selector,scope_selector,run_1,,,vanilla_multivariate,630,vanilla_multivariate,9,
Water_Quality_Darwin/15T,short,scope_selector_per_variate,scope_selector_per_variate,run_0,0,0,vanilla_univariate,90,vanilla_multivariate,4,
Water_Quality_Darwin/15T,short,scope_selector_per_variate,scope_selector_per_variate,run_0,0,1,vanilla_univariate,90,vanilla_multivariate,4,
Water_Quality_Darwin/15T,short,scope_selector_per_variate,scope_selector_per_variate,run_0,0,2,vanilla_univariate,90,vanilla_univariate,4,
Water_Quality_Darwin/15T,short,scope_selector_per_variate,scope_selector_per_variate,run_0,0,3,vanilla_univariate,90,vanilla_univariate,4,
Water_Quality_Darwin/15T,short,scope_selector_per_variate,scope_selector_per_variate,run_0,0,4,vanilla_univariate,90,vanilla_univariate,4,
Water_Quality_Darwin/15T,short,scope_selector_per_variate,scope_selector_per_variate,run_0,0,5,vanilla_univariate,90,vanilla_multivariate,4,
Water_Quality_Darwin/15T,short,scope_selector_per_variate,scope_selector_per_variate,run_0,1,0,vanilla_univariate,90,vanilla_univariate,4,
Water_Quality_Darwin/15T,short,scope_selector_per_variate,scope_selector_per_variate,run_0,1,1,vanilla_univariate,90,vanilla_univariate,4,
Water_Quality_Darwin/15T,short,scope_selector_per_variate,scope_selector_per_variate,run_0,1,2,vanilla_univariate,90,vanilla_univariate,4,
Water_Quality_Darwin/15T,short,scope_selector_per_variate,scope_selector_per_variate,run_0,1,3,vanilla_univariate,90,vanilla_univariate,4,
Water_Quality_Darwin/15T,short,scope_selector_per_variate,scope_selector_per_variate,run_0,1,4,vanilla_multivariate,90,vanilla_multivariate,4,
Water_Quality_Darwin/15T,short,scope_selector_per_variate,scope_selector_per_variate,run_0,1,5,vanilla_multivariate,90,vanilla_multivariate,4,
Water_Quality_Darwin/15T,short,scope_selector_per_variate,scope_selector_per_variate,run_0,2,0,vanilla_multivariate,90,vanilla_multivariate,4,
Water_Quality_Darwin/15T,short,scope_selector_per_variate,scope_selector_per_variate,run_0,2,1,vanilla_univariate,90,vanilla_univariate,4,
Water_Quality_Darwin/15T,short,scope_selector_per_variate,scope_selector_per_variate,run_0,2,2,vanilla_univariate,90,vanilla_univariate,4,
Water_Quality_Darwin/15T,short,scope_selector_per_variate,scope_selector_per_variate,run_0,2,3,vanilla_multivariate,90,vanilla_multivariate,4,
Water_Quality_Darwin/15T,short,scope_selector_per_variate,scope_selector_per_variate,run_0,2,4,vanilla_univariate,90,vanilla_univariate,4,
Water_Quality_Darwin/15T,short,scope_selector_per_variate,scope_selector_per_variate,run_0,2,5,vanilla_univariate,90,vanilla_univariate,4,
Water_Quality_Darwin/15T,short,scope_selector_per_variate,scope_selector_per_variate,run_0,3,0,vanilla_univariate,90,vanilla_multivariate,4,
Water_Quality_Darwin/15T,short,scope_selector_per_variate,scope_selector_per_variate,run_0,3,1,vanilla_univariate,90,vanilla_multivariate,4,
Water_Quality_Darwin/15T,short,scope_selector_per_variate,scope_selector_per_variate,run_0,3,2,vanilla_univariate,90,vanilla_univariate,4,
Water_Quality_Darwin/15T,short,scope_selector_per_variate,scope_selector_per_variate,run_0,3,3,vanilla_univariate,90,vanilla_univariate,4,
Water_Quality_Darwin/15T,short,scope_selector_per_variate,scope_selector_per_variate,run_0,3,4,vanilla_univariate,90,vanilla_univariate,4,
Water_Quality_Darwin/15T,short,scope_selector_per_variate,scope_selector_per_variate,run_0,3,5,vanilla_univariate,90,vanilla_multivariate,4,
Water_Quality_Darwin/15T,short,scope_selector_per_variate,scope_selector_per_variate,run_0,4,0,vanilla_univariate,90,vanilla_multivariate,4,
Water_Quality_Darwin/15T,short,scope_selector_per_variate,scope_selector_per_variate,run_0,4,1,vanilla_univariate,90,vanilla_multivariate,4,
Water_Quality_Darwin/15T,short,scope_selector_per_variate,scope_selector_per_variate,run_0,4,2,vanilla_univariate,90,vanilla_univariate,4,
Water_Quality_Darwin/15T,short,scope_selector_per_variate,scope_selector_per_variate,run_0,4,3,vanilla_univariate,90,vanilla_multivariate,4,
Water_Quality_Darwin/15T,short,scope_selector_per_variate,scope_selector_per_variate,run_0,4,4,vanilla_univariate,90,vanilla_univariate,4,
Water_Quality_Darwin/15T,short,scope_selector_per_variate,scope_selector_per_variate,run_0,4,5,vanilla_univariate,90,vanilla_multivariate,4,
Water_Quality_Darwin/15T,short,scope_selector_per_variate,scope_selector_per_variate,run_0,5,0,vanilla_multivariate,90,vanilla_multivariate,4,
Water_Quality_Darwin/15T,short,scope_selector_per_variate,scope_selector_per_variate,run_0,5,1,vanilla_multivariate,90,vanilla_multivariate,4,
Water_Quality_Darwin/15T,short,scope_selector_per_variate,scope_selector_per_variate,run_0,5,2,vanilla_multivariate,90,vanilla_multivariate,4,
Water_Quality_Darwin/15T,short,scope_selector_per_variate,scope_selector_per_variate,run_0,5,3,vanilla_univariate,90,vanilla_multivariate,4,
Water_Quality_Darwin/15T,short,scope_selector_per_variate,scope_selector_per_variate,run_0,5,4,vanilla_univariate,90,vanilla_univariate,4,
Water_Quality_Darwin/15T,short,scope_selector_per_variate,scope_selector_per_variate,run_0,5,5,vanilla_univariate,90,vanilla_multivariate,4,
Water_Quality_Darwin/15T,short,scope_selector_per_variate,scope_selector_per_variate,run_0,6,0,vanilla_univariate,90,vanilla_multivariate,4,
Water_Quality_Darwin/15T,short,scope_selector_per_variate,scope_selector_per_variate,run_0,6,1,vanilla_univariate,90,vanilla_multivariate,4,
Water_Quality_Darwin/15T,short,scope_selector_per_variate,scope_selector_per_variate,run_0,6,2,vanilla_univariate,90,vanilla_multivariate,4,
Water_Quality_Darwin/15T,short,scope_selector_per_variate,scope_selector_per_variate,run_0,6,3,vanilla_univariate,90,vanilla_univariate,4,
Water_Quality_Darwin/15T,short,scope_selector_per_variate,scope_selector_per_variate,run_0,6,4,vanilla_univariate,90,vanilla_univariate,4,
Water_Quality_Darwin/15T,short,scope_selector_per_variate,scope_selector_per_variate,run_0,6,5,vanilla_univariate,90,vanilla_multivariate,4,
Water_Quality_Darwin/15T,medium,scope_selector,scope_selector,run_1,,,vanilla_univariate,105,vanilla_multivariate,5,
Water_Quality_Darwin/15T,medium,scope_selector_per_variate,scope_selector_per_variate,run_0,0,0,vanilla_univariate,15,vanilla_multivariate,2,
Water_Quality_Darwin/15T,medium,scope_selector_per_variate,scope_selector_per_variate,run_0,0,1,vanilla_univariate,15,vanilla_univariate,2,
Water_Quality_Darwin/15T,medium,scope_selector_per_variate,scope_selector_per_variate,run_0,0,2,vanilla_univariate,15,vanilla_multivariate,2,
Water_Quality_Darwin/15T,medium,scope_selector_per_variate,scope_selector_per_variate,run_0,0,3,vanilla_univariate,15,vanilla_univariate,2,
Water_Quality_Darwin/15T,medium,scope_selector_per_variate,scope_selector_per_variate,run_0,0,4,vanilla_univariate,15,vanilla_univariate,2,
Water_Quality_Darwin/15T,medium,scope_selector_per_variate,scope_selector_per_variate,run_0,0,5,vanilla_univariate,15,vanilla_univariate,2,
Water_Quality_Darwin/15T,medium,scope_selector_per_variate,scope_selector_per_variate,run_0,1,0,vanilla_univariate,15,vanilla_multivariate,2,
Water_Quality_Darwin/15T,medium,scope_selector_per_variate,scope_selector_per_variate,run_0,1,1,vanilla_univariate,15,vanilla_univariate,2,
Water_Quality_Darwin/15T,medium,scope_selector_per_variate,scope_selector_per_variate,run_0,1,2,vanilla_univariate,15,vanilla_univariate,2,
Water_Quality_Darwin/15T,medium,scope_selector_per_variate,scope_selector_per_variate,run_0,1,3,vanilla_univariate,15,vanilla_multivariate,2,
Water_Quality_Darwin/15T,medium,scope_selector_per_variate,scope_selector_per_variate,run_0,1,4,vanilla_multivariate,15,vanilla_multivariate,2,
Water_Quality_Darwin/15T,medium,scope_selector_per_variate,scope_selector_per_variate,run_0,1,5,vanilla_univariate,15,vanilla_multivariate,2,
Water_Quality_Darwin/15T,medium,scope_selector_per_variate,scope_selector_per_variate,run_0,2,0,vanilla_univariate,15,vanilla_multivariate,2,
Water_Quality_Darwin/15T,medium,scope_selector_per_variate,scope_selector_per_variate,run_0,2,1,vanilla_univariate,15,vanilla_univariate,2,
Water_Quality_Darwin/15T,medium,scope_selector_per_variate,scope_selector_per_variate,run_0,2,2,vanilla_univariate,15,vanilla_multivariate,2,
Water_Quality_Darwin/15T,medium,scope_selector_per_variate,scope_selector_per_variate,run_0,2,3,vanilla_univariate,15,vanilla_univariate,2,
Water_Quality_Darwin/15T,medium,scope_selector_per_variate,scope_selector_per_variate,run_0,2,4,vanilla_univariate,15,vanilla_univariate,2,
Water_Quality_Darwin/15T,medium,scope_selector_per_variate,scope_selector_per_variate,run_0,2,5,vanilla_univariate,15,vanilla_multivariate,2,
Water_Quality_Darwin/15T,medium,scope_selector_per_variate,scope_selector_per_variate,run_0,3,0,vanilla_multivariate,15,vanilla_multivariate,2,
Water_Quality_Darwin/15T,medium,scope_selector_per_variate,scope_selector_per_variate,run_0,3,1,vanilla_multivariate,15,vanilla_multivariate,2,
Water_Quality_Darwin/15T,medium,scope_selector_per_variate,scope_selector_per_variate,run_0,3,2,vanilla_univariate,15,vanilla_univariate,2,
Water_Quality_Darwin/15T,medium,scope_selector_per_variate,scope_selector_per_variate,run_0,3,3,vanilla_multivariate,15,vanilla_multivariate,2,
Water_Quality_Darwin/15T,medium,scope_selector_per_variate,scope_selector_per_variate,run_0,3,4,vanilla_univariate,15,vanilla_univariate,2,
Water_Quality_Darwin/15T,medium,scope_selector_per_variate,scope_selector_per_variate,run_0,3,5,vanilla_univariate,15,vanilla_multivariate,2,
Water_Quality_Darwin/15T,medium,scope_selector_per_variate,scope_selector_per_variate,run_0,4,0,vanilla_univariate,15,vanilla_multivariate,2,
Water_Quality_Darwin/15T,medium,scope_selector_per_variate,scope_selector_per_variate,run_0,4,1,vanilla_multivariate,15,vanilla_multivariate,2,
Water_Quality_Darwin/15T,medium,scope_selector_per_variate,scope_selector_per_variate,run_0,4,2,vanilla_univariate,15,vanilla_univariate,2,
Water_Quality_Darwin/15T,medium,scope_selector_per_variate,scope_selector_per_variate,run_0,4,3,vanilla_univariate,15,vanilla_multivariate,2,
Water_Quality_Darwin/15T,medium,scope_selector_per_variate,scope_selector_per_variate,run_0,4,4,vanilla_multivariate,15,vanilla_multivariate,2,
Water_Quality_Darwin/15T,medium,scope_selector_per_variate,scope_selector_per_variate,run_0,4,5,vanilla_multivariate,15,vanilla_multivariate,2,
Water_Quality_Darwin/15T,medium,scope_selector_per_variate,scope_selector_per_variate,run_0,5,0,vanilla_univariate,15,vanilla_univariate,2,
Water_Quality_Darwin/15T,medium,scope_selector_per_variate,scope_selector_per_variate,run_0,5,1,vanilla_univariate,15,vanilla_multivariate,2,
Water_Quality_Darwin/15T,medium,scope_selector_per_variate,scope_selector_per_variate,run_0,5,2,vanilla_multivariate,15,vanilla_multivariate,2,
Water_Quality_Darwin/15T,medium,scope_selector_per_variate,scope_selector_per_variate,run_0,5,3,vanilla_univariate,15,vanilla_univariate,2,
Water_Quality_Darwin/15T,medium,scope_selector_per_variate,scope_selector_per_variate,run_0,5,4,vanilla_univariate,15,vanilla_univariate,2,
Water_Quality_Darwin/15T,medium,scope_selector_per_variate,scope_selector_per_variate,run_0,5,5,vanilla_univariate,15,vanilla_univariate,2,
Water_Quality_Darwin/15T,medium,scope_selector_per_variate,scope_selector_per_variate,run_0,6,0,vanilla_multivariate,15,vanilla_multivariate,2,
Water_Quality_Darwin/15T,medium,scope_selector_per_variate,scope_selector_per_variate,run_0,6,1,vanilla_univariate,15,vanilla_multivariate,2,
Water_Quality_Darwin/15T,medium,scope_selector_per_variate,scope_selector_per_variate,run_0,6,2,vanilla_univariate,15,vanilla_multivariate,2,
Water_Quality_Darwin/15T,medium,scope_selector_per_variate,scope_selector_per_variate,run_0,6,3,vanilla_multivariate,15,vanilla_multivariate,2,
Water_Quality_Darwin/15T,medium,scope_selector_per_variate,scope_selector_per_variate,run_0,6,4,vanilla_univariate,15,vanilla_univariate,2,
Water_Quality_Darwin/15T,medium,scope_selector_per_variate,scope_selector_per_variate,run_0,6,5,vanilla_univariate,15,vanilla_multivariate,2,
Water_Quality_Darwin/15T,long,scope_selector,scope_selector,run_1,,,vanilla_univariate,35,vanilla_multivariate,3,
Water_Quality_Darwin/15T,long,scope_selector_per_variate,scope_selector_per_variate,run_0,0,0,vanilla_multivariate,5,vanilla_multivariate,2,
Water_Quality_Darwin/15T,long,scope_selector_per_variate,scope_selector_per_variate,run_0,0,1,vanilla_univariate,5,vanilla_univariate,2,
Water_Quality_Darwin/15T,long,scope_selector_per_variate,scope_selector_per_variate,run_0,0,2,vanilla_univariate,5,vanilla_univariate,2,
Water_Quality_Darwin/15T,long,scope_selector_per_variate,scope_selector_per_variate,run_0,0,3,vanilla_univariate,5,vanilla_multivariate,2,
Water_Quality_Darwin/15T,long,scope_selector_per_variate,scope_selector_per_variate,run_0,0,4,vanilla_univariate,5,vanilla_univariate,2,
Water_Quality_Darwin/15T,long,scope_selector_per_variate,scope_selector_per_variate,run_0,0,5,vanilla_univariate,5,vanilla_multivariate,2,
Water_Quality_Darwin/15T,long,scope_selector_per_variate,scope_selector_per_variate,run_0,1,0,vanilla_univariate,5,vanilla_univariate,2,
Water_Quality_Darwin/15T,long,scope_selector_per_variate,scope_selector_per_variate,run_0,1,1,vanilla_univariate,5,vanilla_univariate,2,
Water_Quality_Darwin/15T,long,scope_selector_per_variate,scope_selector_per_variate,run_0,1,2,vanilla_univariate,5,vanilla_univariate,2,
Water_Quality_Darwin/15T,long,scope_selector_per_variate,scope_selector_per_variate,run_0,1,3,vanilla_univariate,5,vanilla_univariate,2,
Water_Quality_Darwin/15T,long,scope_selector_per_variate,scope_selector_per_variate,run_0,1,4,vanilla_univariate,5,vanilla_univariate,2,
Water_Quality_Darwin/15T,long,scope_selector_per_variate,scope_selector_per_variate,run_0,1,5,vanilla_univariate,5,vanilla_univariate,2,
Water_Quality_Darwin/15T,long,scope_selector_per_variate,scope_selector_per_variate,run_0,2,0,vanilla_multivariate,5,vanilla_multivariate,2,
Water_Quality_Darwin/15T,long,scope_selector_per_variate,scope_selector_per_variate,run_0,2,1,vanilla_univariate,5,vanilla_univariate,2,
Water_Quality_Darwin/15T,long,scope_selector_per_variate,scope_selector_per_variate,run_0,2,2,vanilla_univariate,5,vanilla_univariate,2,
Water_Quality_Darwin/15T,long,scope_selector_per_variate,scope_selector_per_variate,run_0,2,3,vanilla_multivariate,5,vanilla_multivariate,2,
Water_Quality_Darwin/15T,long,scope_selector_per_variate,scope_selector_per_variate,run_0,2,4,vanilla_multivariate,5,vanilla_multivariate,2,
Water_Quality_Darwin/15T,long,scope_selector_per_variate,scope_selector_per_variate,run_0,2,5,vanilla_univariate,5,vanilla_univariate,2,
Water_Quality_Darwin/15T,long,scope_selector_per_variate,scope_selector_per_variate,run_0,3,0,vanilla_multivariate,5,vanilla_multivariate,2,
Water_Quality_Darwin/15T,long,scope_selector_per_variate,scope_selector_per_variate,run_0,3,1,vanilla_multivariate,5,vanilla_multivariate,2,
Water_Quality_Darwin/15T,long,scope_selector_per_variate,scope_selector_per_variate,run_0,3,2,vanilla_multivariate,5,vanilla_multivariate,2,
Water_Quality_Darwin/15T,long,scope_selector_per_variate,scope_selector_per_variate,run_0,3,3,vanilla_multivariate,5,vanilla_multivariate,2,
Water_Quality_Darwin/15T,long,scope_selector_per_variate,scope_selector_per_variate,run_0,3,4,vanilla_univariate,5,vanilla_multivariate,2,
Water_Quality_Darwin/15T,long,scope_selector_per_variate,scope_selector_per_variate,run_0,3,5,vanilla_multivariate,5,vanilla_multivariate,2,
Water_Quality_Darwin/15T,long,scope_selector_per_variate,scope_selector_per_variate,run_0,4,0,vanilla_univariate,5,vanilla_univariate,2,
Water_Quality_Darwin/15T,long,scope_selector_per_variate,scope_selector_per_variate,run_0,4,1,vanilla_multivariate,5,vanilla_multivariate,2,
Water_Quality_Darwin/15T,long,scope_selector_per_variate,scope_selector_per_variate,run_0,4,2,vanilla_univariate,5,vanilla_univariate,2,
Water_Quality_Darwin/15T,long,scope_selector_per_variate,scope_selector_per_variate,run_0,4,3,vanilla_univariate,5,vanilla_multivariate,2,
Water_Quality_Darwin/15T,long,scope_selector_per_variate,scope_selector_per_variate,run_0,4,4,vanilla_multivariate,5,vanilla_multivariate,2,
Water_Quality_Darwin/15T,long,scope_selector_per_variate,scope_selector_per_variate,run_0,4,5,vanilla_univariate,5,vanilla_univariate,2,
Water_Quality_Darwin/15T,long,scope_selector_per_variate,scope_selector_per_variate,run_0,5,0,vanilla_univariate,5,vanilla_univariate,2,
Water_Quality_Darwin/15T,long,scope_selector_per_variate,scope_selector_per_variate,run_0,5,1,vanilla_univariate,5,vanilla_univariate,2,
Water_Quality_Darwin/15T,long,scope_selector_per_variate,scope_selector_per_variate,run_0,5,2,vanilla_univariate,5,vanilla_multivariate,2,
Water_Quality_Darwin/15T,long,scope_selector_per_variate,scope_selector_per_variate,run_0,5,3,vanilla_univariate,5,vanilla_univariate,2,
Water_Quality_Darwin/15T,long,scope_selector_per_variate,scope_selector_per_variate,run_0,5,4,vanilla_univariate,5,vanilla_multivariate,2,
Water_Quality_Darwin/15T,long,scope_selector_per_variate,scope_selector_per_variate,run_0,5,5,vanilla_univariate,5,vanilla_univariate,2,
Water_Quality_Darwin/15T,long,scope_selector_per_variate,scope_selector_per_variate,run_0,6,0,vanilla_univariate,5,vanilla_multivariate,2,
Water_Quality_Darwin/15T,long,scope_selector_per_variate,scope_selector_per_variate,run_0,6,1,vanilla_multivariate,5,vanilla_multivariate,2,
Water_Quality_Darwin/15T,long,scope_selector_per_variate,scope_selector_per_variate,run_0,6,2,vanilla_univariate,5,vanilla_multivariate,2,
Water_Quality_Darwin/15T,long,scope_selector_per_variate,scope_selector_per_variate,run_0,6,3,vanilla_multivariate,5,vanilla_multivariate,2,
Water_Quality_Darwin/15T,long,scope_selector_per_variate,scope_selector_per_variate,run_0,6,4,vanilla_multivariate,5,vanilla_multivariate,2,
Water_Quality_Darwin/15T,long,scope_selector_per_variate,scope_selector_per_variate,run_0,6,5,vanilla_univariate,5,vanilla_univariate,2,
current_velocity/5T,short,scope_selector,scope_selector,run_1,,,vanilla_univariate,120,vanilla_multivariate,5,
current_velocity/5T,short,scope_selector_per_variate,scope_selector_per_variate,run_0,0,0,vanilla_univariate,120,vanilla_univariate,5,
current_velocity/5T,short,scope_selector_per_variate,scope_selector_per_variate,run_0,0,1,vanilla_multivariate,120,vanilla_multivariate,5,
current_velocity/5T,short,scope_selector_per_variate,scope_selector_per_variate,run_0,0,2,vanilla_univariate,120,vanilla_multivariate,5,
current_velocity/5T,short,scope_selector_per_variate,scope_selector_per_variate,run_0,0,3,vanilla_univariate,120,vanilla_multivariate,5,
current_velocity/5T,short,scope_selector_per_variate,scope_selector_per_variate,run_0,0,4,vanilla_univariate,120,vanilla_univariate,5,
current_velocity/5T,short,scope_selector_per_variate,scope_selector_per_variate,run_0,0,5,vanilla_univariate,120,vanilla_multivariate,5,
current_velocity/5T,medium,scope_selector,scope_selector,run_1,,,vanilla_univariate,15,vanilla_multivariate,2,
current_velocity/5T,medium,scope_selector_per_variate,scope_selector_per_variate,run_0,0,0,vanilla_multivariate,15,vanilla_multivariate,2,
current_velocity/5T,medium,scope_selector_per_variate,scope_selector_per_variate,run_0,0,1,vanilla_multivariate,15,vanilla_multivariate,2,
current_velocity/5T,medium,scope_selector_per_variate,scope_selector_per_variate,run_0,0,2,vanilla_univariate,15,vanilla_univariate,2,
current_velocity/5T,medium,scope_selector_per_variate,scope_selector_per_variate,run_0,0,3,vanilla_univariate,15,vanilla_univariate,2,
current_velocity/5T,medium,scope_selector_per_variate,scope_selector_per_variate,run_0,0,4,vanilla_univariate,15,vanilla_univariate,2,
current_velocity/5T,medium,scope_selector_per_variate,scope_selector_per_variate,run_0,0,5,vanilla_univariate,15,vanilla_univariate,2,
current_velocity/5T,long,scope_selector,scope_selector,run_1,,,vanilla_univariate,5,vanilla_univariate,2,
current_velocity/5T,long,scope_selector_per_variate,scope_selector_per_variate,run_0,0,0,vanilla_univariate,5,vanilla_univariate,2,
current_velocity/5T,long,scope_selector_per_variate,scope_selector_per_variate,run_0,0,1,vanilla_univariate,5,vanilla_univariate,2,
current_velocity/5T,long,scope_selector_per_variate,scope_selector_per_variate,run_0,0,2,vanilla_univariate,5,vanilla_univariate,2,
current_velocity/5T,long,scope_selector_per_variate,scope_selector_per_variate,run_0,0,3,vanilla_univariate,5,vanilla_univariate,2,
current_velocity/5T,long,scope_selector_per_variate,scope_selector_per_variate,run_0,0,4,vanilla_univariate,5,vanilla_univariate,2,
current_velocity/5T,long,scope_selector_per_variate,scope_selector_per_variate,run_0,0,5,vanilla_univariate,5,vanilla_univariate,2,
current_velocity/10T,short,scope_selector,scope_selector,run_1,,,vanilla_multivariate,1200,vanilla_multivariate,11,
current_velocity/10T,short,scope_selector_per_variate,scope_selector_per_variate,run_0,0,0,vanilla_univariate,120,vanilla_univariate,5,
current_velocity/10T,short,scope_selector_per_variate,scope_selector_per_variate,run_0,0,1,vanilla_univariate,120,vanilla_multivariate,5,
current_velocity/10T,short,scope_selector_per_variate,scope_selector_per_variate,run_0,0,2,vanilla_multivariate,120,vanilla_multivariate,5,
current_velocity/10T,short,scope_selector_per_variate,scope_selector_per_variate,run_0,0,3,vanilla_univariate,120,vanilla_multivariate,5,
current_velocity/10T,short,scope_selector_per_variate,scope_selector_per_variate,run_0,0,4,vanilla_univariate,120,vanilla_multivariate,5,
current_velocity/10T,short,scope_selector_per_variate,scope_selector_per_variate,run_0,0,5,vanilla_univariate,120,vanilla_multivariate,5,
current_velocity/10T,short,scope_selector_per_variate,scope_selector_per_variate,run_0,1,0,vanilla_univariate,120,vanilla_multivariate,5,
current_velocity/10T,short,scope_selector_per_variate,scope_selector_per_variate,run_0,1,1,vanilla_multivariate,120,vanilla_multivariate,5,
current_velocity/10T,short,scope_selector_per_variate,scope_selector_per_variate,run_0,1,2,vanilla_multivariate,120,vanilla_multivariate,5,
current_velocity/10T,short,scope_selector_per_variate,scope_selector_per_variate,run_0,1,3,vanilla_univariate,120,vanilla_univariate,5,
current_velocity/10T,short,scope_selector_per_variate,scope_selector_per_variate,run_0,1,4,vanilla_univariate,120,vanilla_multivariate,5,
current_velocity/10T,short,scope_selector_per_variate,scope_selector_per_variate,run_0,1,5,vanilla_multivariate,120,vanilla_multivariate,5,
current_velocity/10T,short,scope_selector_per_variate,scope_selector_per_variate,run_0,2,0,vanilla_multivariate,120,vanilla_multivariate,5,
current_velocity/10T,short,scope_selector_per_variate,scope_selector_per_variate,run_0,2,1,vanilla_multivariate,120,vanilla_multivariate,5,
current_velocity/10T,short,scope_selector_per_variate,scope_selector_per_variate,run_0,2,2,vanilla_univariate,120,vanilla_multivariate,5,
current_velocity/10T,short,scope_selector_per_variate,scope_selector_per_variate,run_0,2,3,vanilla_univariate,120,vanilla_multivariate,5,
current_velocity/10T,short,scope_selector_per_variate,scope_selector_per_variate,run_0,2,4,vanilla_multivariate,120,vanilla_multivariate,5,
current_velocity/10T,short,scope_selector_per_variate,scope_selector_per_variate,run_0,2,5,vanilla_multivariate,120,vanilla_multivariate,5,
current_velocity/10T,short,scope_selector_per_variate,scope_selector_per_variate,run_0,3,0,vanilla_multivariate,120,vanilla_multivariate,5,
current_velocity/10T,short,scope_selector_per_variate,scope_selector_per_variate,run_0,3,1,vanilla_multivariate,120,vanilla_multivariate,5,
current_velocity/10T,short,scope_selector_per_variate,scope_selector_per_variate,run_0,3,2,vanilla_multivariate,120,vanilla_multivariate,5,
current_velocity/10T,short,scope_selector_per_variate,scope_selector_per_variate,run_0,3,3,vanilla_univariate,120,vanilla_multivariate,5,
current_velocity/10T,short,scope_selector_per_variate,scope_selector_per_variate,run_0,3,4,vanilla_multivariate,120,vanilla_multivariate,5,
current_velocity/10T,short,scope_selector_per_variate,scope_selector_per_variate,run_0,3,5,vanilla_univariate,120,vanilla_univariate,5,
current_velocity/10T,short,scope_selector_per_variate,scope_selector_per_variate,run_0,4,0,vanilla_multivariate,120,vanilla_multivariate,5,
current_velocity/10T,short,scope_selector_per_variate,scope_selector_per_variate,run_0,4,1,vanilla_multivariate,120,vanilla_multivariate,5,
current_velocity/10T,short,scope_selector_per_variate,scope_selector_per_variate,run_0,4,2,vanilla_multivariate,120,vanilla_multivariate,5,
current_velocity/10T,short,scope_selector_per_variate,scope_selector_per_variate,run_0,4,3,vanilla_univariate,120,vanilla_univariate,5,
current_velocity/10T,short,scope_selector_per_variate,scope_selector_per_variate,run_0,4,4,vanilla_multivariate,120,vanilla_multivariate,5,
current_velocity/10T,short,scope_selector_per_variate,scope_selector_per_variate,run_0,4,5,vanilla_univariate,120,vanilla_multivariate,5,
current_velocity/10T,short,scope_selector_per_variate,scope_selector_per_variate,run_0,5,0,vanilla_univariate,120,vanilla_univariate,5,
current_velocity/10T,short,scope_selector_per_variate,scope_selector_per_variate,run_0,5,1,vanilla_univariate,120,vanilla_univariate,5,
current_velocity/10T,short,scope_selector_per_variate,scope_selector_per_variate,run_0,5,2,vanilla_multivariate,120,vanilla_multivariate,5,
current_velocity/10T,short,scope_selector_per_variate,scope_selector_per_variate,run_0,5,3,vanilla_multivariate,120,vanilla_multivariate,5,
current_velocity/10T,short,scope_selector_per_variate,scope_selector_per_variate,run_0,5,4,vanilla_univariate,120,vanilla_univariate,5,
current_velocity/10T,short,scope_selector_per_variate,scope_selector_per_variate,run_0,5,5,vanilla_univariate,120,vanilla_multivariate,5,
current_velocity/10T,short,scope_selector_per_variate,scope_selector_per_variate,run_0,6,0,vanilla_univariate,120,vanilla_univariate,5,
current_velocity/10T,short,scope_selector_per_variate,scope_selector_per_variate,run_0,6,1,vanilla_multivariate,120,vanilla_multivariate,5,
current_velocity/10T,short,scope_selector_per_variate,scope_selector_per_variate,run_0,6,2,vanilla_multivariate,120,vanilla_multivariate,5,
current_velocity/10T,short,scope_selector_per_variate,scope_selector_per_variate,run_0,6,3,vanilla_univariate,120,vanilla_multivariate,5,
current_velocity/10T,short,scope_selector_per_variate,scope_selector_per_variate,run_0,6,4,vanilla_multivariate,120,vanilla_multivariate,5,
current_velocity/10T,short,scope_selector_per_variate,scope_selector_per_variate,run_0,6,5,vanilla_univariate,120,vanilla_univariate,5,
current_velocity/10T,short,scope_selector_per_variate,scope_selector_per_variate,run_0,7,0,vanilla_multivariate,120,vanilla_multivariate,5,
current_velocity/10T,short,scope_selector_per_variate,scope_selector_per_variate,run_0,7,1,vanilla_multivariate,120,vanilla_multivariate,5,
current_velocity/10T,short,scope_selector_per_variate,scope_selector_per_variate,run_0,7,2,vanilla_multivariate,120,vanilla_multivariate,5,
current_velocity/10T,short,scope_selector_per_variate,scope_selector_per_variate,run_0,7,3,vanilla_multivariate,120,vanilla_multivariate,5,
current_velocity/10T,short,scope_selector_per_variate,scope_selector_per_variate,run_0,7,4,vanilla_univariate,120,vanilla_univariate,5,
current_velocity/10T,short,scope_selector_per_variate,scope_selector_per_variate,run_0,7,5,vanilla_univariate,120,vanilla_multivariate,5,
current_velocity/10T,short,scope_selector_per_variate,scope_selector_per_variate,run_0,8,0,vanilla_multivariate,120,vanilla_multivariate,5,
current_velocity/10T,short,scope_selector_per_variate,scope_selector_per_variate,run_0,8,1,vanilla_multivariate,120,vanilla_multivariate,5,
current_velocity/10T,short,scope_selector_per_variate,scope_selector_per_variate,run_0,8,2,vanilla_multivariate,120,vanilla_multivariate,5,
current_velocity/10T,short,scope_selector_per_variate,scope_selector_per_variate,run_0,8,3,vanilla_multivariate,120,vanilla_multivariate,5,
current_velocity/10T,short,scope_selector_per_variate,scope_selector_per_variate,run_0,8,4,vanilla_univariate,120,vanilla_multivariate,5,
current_velocity/10T,short,scope_selector_per_variate,scope_selector_per_variate,run_0,8,5,vanilla_multivariate,120,vanilla_multivariate,5,
current_velocity/10T,short,scope_selector_per_variate,scope_selector_per_variate,run_0,9,0,vanilla_univariate,120,vanilla_univariate,5,
current_velocity/10T,short,scope_selector_per_variate,scope_selector_per_variate,run_0,9,1,vanilla_multivariate,120,vanilla_multivariate,5,
current_velocity/10T,short,scope_selector_per_variate,scope_selector_per_variate,run_0,9,2,vanilla_multivariate,120,vanilla_multivariate,5,
current_velocity/10T,short,scope_selector_per_variate,scope_selector_per_variate,run_0,9,3,vanilla_univariate,120,vanilla_univariate,5,
current_velocity/10T,short,scope_selector_per_variate,scope_selector_per_variate,run_0,9,4,vanilla_univariate,120,vanilla_multivariate,5,
current_velocity/10T,short,scope_selector_per_variate,scope_selector_per_variate,run_0,9,5,vanilla_multivariate,120,vanilla_multivariate,5,
current_velocity/10T,medium,scope_selector,scope_selector,run_1,,,vanilla_multivariate,150,vanilla_multivariate,5,
current_velocity/10T,medium,scope_selector_per_variate,scope_selector_per_variate,run_0,0,0,vanilla_multivariate,15,vanilla_multivariate,2,
current_velocity/10T,medium,scope_selector_per_variate,scope_selector_per_variate,run_0,0,1,vanilla_multivariate,15,vanilla_multivariate,2,
current_velocity/10T,medium,scope_selector_per_variate,scope_selector_per_variate,run_0,0,2,vanilla_multivariate,15,vanilla_multivariate,2,
current_velocity/10T,medium,scope_selector_per_variate,scope_selector_per_variate,run_0,0,3,vanilla_multivariate,15,vanilla_multivariate,2,
current_velocity/10T,medium,scope_selector_per_variate,scope_selector_per_variate,run_0,0,4,vanilla_multivariate,15,vanilla_multivariate,2,
current_velocity/10T,medium,scope_selector_per_variate,scope_selector_per_variate,run_0,0,5,vanilla_univariate,15,vanilla_multivariate,2,
current_velocity/10T,medium,scope_selector_per_variate,scope_selector_per_variate,run_0,1,0,vanilla_univariate,15,vanilla_multivariate,2,
current_velocity/10T,medium,scope_selector_per_variate,scope_selector_per_variate,run_0,1,1,vanilla_multivariate,15,vanilla_multivariate,2,
current_velocity/10T,medium,scope_selector_per_variate,scope_selector_per_variate,run_0,1,2,vanilla_multivariate,15,vanilla_multivariate,2,
current_velocity/10T,medium,scope_selector_per_variate,scope_selector_per_variate,run_0,1,3,vanilla_univariate,15,vanilla_multivariate,2,
current_velocity/10T,medium,scope_selector_per_variate,scope_selector_per_variate,run_0,1,4,vanilla_univariate,15,vanilla_univariate,2,
current_velocity/10T,medium,scope_selector_per_variate,scope_selector_per_variate,run_0,1,5,vanilla_univariate,15,vanilla_univariate,2,
current_velocity/10T,medium,scope_selector_per_variate,scope_selector_per_variate,run_0,2,0,vanilla_multivariate,15,vanilla_multivariate,2,
current_velocity/10T,medium,scope_selector_per_variate,scope_selector_per_variate,run_0,2,1,vanilla_multivariate,15,vanilla_multivariate,2,
current_velocity/10T,medium,scope_selector_per_variate,scope_selector_per_variate,run_0,2,2,vanilla_univariate,15,vanilla_univariate,2,
current_velocity/10T,medium,scope_selector_per_variate,scope_selector_per_variate,run_0,2,3,vanilla_univariate,15,vanilla_univariate,2,
current_velocity/10T,medium,scope_selector_per_variate,scope_selector_per_variate,run_0,2,4,vanilla_univariate,15,vanilla_multivariate,2,
current_velocity/10T,medium,scope_selector_per_variate,scope_selector_per_variate,run_0,2,5,vanilla_univariate,15,vanilla_univariate,2,
current_velocity/10T,medium,scope_selector_per_variate,scope_selector_per_variate,run_0,3,0,vanilla_univariate,15,vanilla_multivariate,2,
current_velocity/10T,medium,scope_selector_per_variate,scope_selector_per_variate,run_0,3,1,vanilla_univariate,15,vanilla_multivariate,2,
current_velocity/10T,medium,scope_selector_per_variate,scope_selector_per_variate,run_0,3,2,vanilla_multivariate,15,vanilla_multivariate,2,
current_velocity/10T,medium,scope_selector_per_variate,scope_selector_per_variate,run_0,3,3,vanilla_univariate,15,vanilla_univariate,2,
current_velocity/10T,medium,scope_selector_per_variate,scope_selector_per_variate,run_0,3,4,vanilla_multivariate,15,vanilla_multivariate,2,
current_velocity/10T,medium,scope_selector_per_variate,scope_selector_per_variate,run_0,3,5,vanilla_multivariate,15,vanilla_multivariate,2,
current_velocity/10T,medium,scope_selector_per_variate,scope_selector_per_variate,run_0,4,0,vanilla_multivariate,15,vanilla_multivariate,2,
current_velocity/10T,medium,scope_selector_per_variate,scope_selector_per_variate,run_0,4,1,vanilla_multivariate,15,vanilla_multivariate,2,
current_velocity/10T,medium,scope_selector_per_variate,scope_selector_per_variate,run_0,4,2,vanilla_multivariate,15,vanilla_multivariate,2,
current_velocity/10T,medium,scope_selector_per_variate,scope_selector_per_variate,run_0,4,3,vanilla_multivariate,15,vanilla_multivariate,2,
current_velocity/10T,medium,scope_selector_per_variate,scope_selector_per_variate,run_0,4,4,vanilla_univariate,15,vanilla_univariate,2,
current_velocity/10T,medium,scope_selector_per_variate,scope_selector_per_variate,run_0,4,5,vanilla_univariate,15,vanilla_multivariate,2,
current_velocity/10T,medium,scope_selector_per_variate,scope_selector_per_variate,run_0,5,0,vanilla_univariate,15,vanilla_multivariate,2,
current_velocity/10T,medium,scope_selector_per_variate,scope_selector_per_variate,run_0,5,1,vanilla_univariate,15,vanilla_univariate,2,
current_velocity/10T,medium,scope_selector_per_variate,scope_selector_per_variate,run_0,5,2,vanilla_univariate,15,vanilla_multivariate,2,
current_velocity/10T,medium,scope_selector_per_variate,scope_selector_per_variate,run_0,5,3,vanilla_univariate,15,vanilla_univariate,2,
current_velocity/10T,medium,scope_selector_per_variate,scope_selector_per_variate,run_0,5,4,vanilla_univariate,15,vanilla_univariate,2,
current_velocity/10T,medium,scope_selector_per_variate,scope_selector_per_variate,run_0,5,5,vanilla_multivariate,15,vanilla_multivariate,2,
current_velocity/10T,medium,scope_selector_per_variate,scope_selector_per_variate,run_0,6,0,vanilla_univariate,15,vanilla_univariate,2,
current_velocity/10T,medium,scope_selector_per_variate,scope_selector_per_variate,run_0,6,1,vanilla_univariate,15,vanilla_multivariate,2,
current_velocity/10T,medium,scope_selector_per_variate,scope_selector_per_variate,run_0,6,2,vanilla_multivariate,15,vanilla_multivariate,2,
current_velocity/10T,medium,scope_selector_per_variate,scope_selector_per_variate,run_0,6,3,vanilla_univariate,15,vanilla_univariate,2,
current_velocity/10T,medium,scope_selector_per_variate,scope_selector_per_variate,run_0,6,4,vanilla_univariate,15,vanilla_univariate,2,
current_velocity/10T,medium,scope_selector_per_variate,scope_selector_per_variate,run_0,6,5,vanilla_multivariate,15,vanilla_multivariate,2,
current_velocity/10T,medium,scope_selector_per_variate,scope_selector_per_variate,run_0,7,0,vanilla_multivariate,15,vanilla_multivariate,2,
current_velocity/10T,medium,scope_selector_per_variate,scope_selector_per_variate,run_0,7,1,vanilla_univariate,15,vanilla_multivariate,2,
current_velocity/10T,medium,scope_selector_per_variate,scope_selector_per_variate,run_0,7,2,vanilla_multivariate,15,vanilla_multivariate,2,
current_velocity/10T,medium,scope_selector_per_variate,scope_selector_per_variate,run_0,7,3,vanilla_multivariate,15,vanilla_multivariate,2,
current_velocity/10T,medium,scope_selector_per_variate,scope_selector_per_variate,run_0,7,4,vanilla_univariate,15,vanilla_multivariate,2,
current_velocity/10T,medium,scope_selector_per_variate,scope_selector_per_variate,run_0,7,5,vanilla_univariate,15,vanilla_multivariate,2,
current_velocity/10T,medium,scope_selector_per_variate,scope_selector_per_variate,run_0,8,0,vanilla_univariate,15,vanilla_multivariate,2,
current_velocity/10T,medium,scope_selector_per_variate,scope_selector_per_variate,run_0,8,1,vanilla_multivariate,15,vanilla_multivariate,2,
current_velocity/10T,medium,scope_selector_per_variate,scope_selector_per_variate,run_0,8,2,vanilla_univariate,15,vanilla_univariate,2,
current_velocity/10T,medium,scope_selector_per_variate,scope_selector_per_variate,run_0,8,3,vanilla_univariate,15,vanilla_multivariate,2,
current_velocity/10T,medium,scope_selector_per_variate,scope_selector_per_variate,run_0,8,4,vanilla_multivariate,15,vanilla_multivariate,2,
current_velocity/10T,medium,scope_selector_per_variate,scope_selector_per_variate,run_0,8,5,vanilla_univariate,15,vanilla_multivariate,2,
current_velocity/10T,medium,scope_selector_per_variate,scope_selector_per_variate,run_0,9,0,vanilla_univariate,15,vanilla_univariate,2,
current_velocity/10T,medium,scope_selector_per_variate,scope_selector_per_variate,run_0,9,1,vanilla_multivariate,15,vanilla_multivariate,2,
current_velocity/10T,medium,scope_selector_per_variate,scope_selector_per_variate,run_0,9,2,vanilla_univariate,15,vanilla_multivariate,2,
current_velocity/10T,medium,scope_selector_per_variate,scope_selector_per_variate,run_0,9,3,vanilla_univariate,15,vanilla_univariate,2,
current_velocity/10T,medium,scope_selector_per_variate,scope_selector_per_variate,run_0,9,4,vanilla_univariate,15,vanilla_univariate,2,
current_velocity/10T,medium,scope_selector_per_variate,scope_selector_per_variate,run_0,9,5,vanilla_multivariate,15,vanilla_multivariate,2,
current_velocity/10T,long,scope_selector,scope_selector,run_1,,,vanilla_univariate,50,vanilla_univariate,4,
current_velocity/10T,long,scope_selector_per_variate,scope_selector_per_variate,run_0,0,0,vanilla_multivariate,5,vanilla_multivariate,2,
current_velocity/10T,long,scope_selector_per_variate,scope_selector_per_variate,run_0,0,1,vanilla_multivariate,5,vanilla_multivariate,2,
current_velocity/10T,long,scope_selector_per_variate,scope_selector_per_variate,run_0,0,2,vanilla_multivariate,5,vanilla_multivariate,2,
current_velocity/10T,long,scope_selector_per_variate,scope_selector_per_variate,run_0,0,3,vanilla_univariate,5,vanilla_multivariate,2,
current_velocity/10T,long,scope_selector_per_variate,scope_selector_per_variate,run_0,0,4,vanilla_univariate,5,vanilla_multivariate,2,
current_velocity/10T,long,scope_selector_per_variate,scope_selector_per_variate,run_0,0,5,vanilla_multivariate,5,vanilla_multivariate,2,
current_velocity/10T,long,scope_selector_per_variate,scope_selector_per_variate,run_0,1,0,vanilla_univariate,5,vanilla_multivariate,2,
current_velocity/10T,long,scope_selector_per_variate,scope_selector_per_variate,run_0,1,1,vanilla_univariate,5,vanilla_univariate,2,
current_velocity/10T,long,scope_selector_per_variate,scope_selector_per_variate,run_0,1,2,vanilla_multivariate,5,vanilla_multivariate,2,
current_velocity/10T,long,scope_selector_per_variate,scope_selector_per_variate,run_0,1,3,vanilla_univariate,5,vanilla_multivariate,2,
current_velocity/10T,long,scope_selector_per_variate,scope_selector_per_variate,run_0,1,4,vanilla_univariate,5,vanilla_multivariate,2,
current_velocity/10T,long,scope_selector_per_variate,scope_selector_per_variate,run_0,1,5,vanilla_multivariate,5,vanilla_multivariate,2,
current_velocity/10T,long,scope_selector_per_variate,scope_selector_per_variate,run_0,2,0,vanilla_multivariate,5,vanilla_multivariate,2,
current_velocity/10T,long,scope_selector_per_variate,scope_selector_per_variate,run_0,2,1,vanilla_multivariate,5,vanilla_multivariate,2,
current_velocity/10T,long,scope_selector_per_variate,scope_selector_per_variate,run_0,2,2,vanilla_univariate,5,vanilla_univariate,2,
current_velocity/10T,long,scope_selector_per_variate,scope_selector_per_variate,run_0,2,3,vanilla_univariate,5,vanilla_univariate,2,
current_velocity/10T,long,scope_selector_per_variate,scope_selector_per_variate,run_0,2,4,vanilla_multivariate,5,vanilla_multivariate,2,
current_velocity/10T,long,scope_selector_per_variate,scope_selector_per_variate,run_0,2,5,vanilla_univariate,5,vanilla_univariate,2,
current_velocity/10T,long,scope_selector_per_variate,scope_selector_per_variate,run_0,3,0,vanilla_univariate,5,vanilla_univariate,2,
current_velocity/10T,long,scope_selector_per_variate,scope_selector_per_variate,run_0,3,1,vanilla_univariate,5,vanilla_multivariate,2,
current_velocity/10T,long,scope_selector_per_variate,scope_selector_per_variate,run_0,3,2,vanilla_multivariate,5,vanilla_multivariate,2,
current_velocity/10T,long,scope_selector_per_variate,scope_selector_per_variate,run_0,3,3,vanilla_univariate,5,vanilla_univariate,2,
current_velocity/10T,long,scope_selector_per_variate,scope_selector_per_variate,run_0,3,4,vanilla_univariate,5,vanilla_multivariate,2,
current_velocity/10T,long,scope_selector_per_variate,scope_selector_per_variate,run_0,3,5,vanilla_univariate,5,vanilla_univariate,2,
current_velocity/10T,long,scope_selector_per_variate,scope_selector_per_variate,run_0,4,0,vanilla_univariate,5,vanilla_univariate,2,
current_velocity/10T,long,scope_selector_per_variate,scope_selector_per_variate,run_0,4,1,vanilla_univariate,5,vanilla_univariate,2,
current_velocity/10T,long,scope_selector_per_variate,scope_selector_per_variate,run_0,4,2,vanilla_multivariate,5,vanilla_multivariate,2,
current_velocity/10T,long,scope_selector_per_variate,scope_selector_per_variate,run_0,4,3,vanilla_multivariate,5,vanilla_multivariate,2,
current_velocity/10T,long,scope_selector_per_variate,scope_selector_per_variate,run_0,4,4,vanilla_univariate,5,vanilla_multivariate,2,
current_velocity/10T,long,scope_selector_per_variate,scope_selector_per_variate,run_0,4,5,vanilla_univariate,5,vanilla_univariate,2,
current_velocity/10T,long,scope_selector_per_variate,scope_selector_per_variate,run_0,5,0,vanilla_univariate,5,vanilla_univariate,2,
current_velocity/10T,long,scope_selector_per_variate,scope_selector_per_variate,run_0,5,1,vanilla_univariate,5,vanilla_univariate,2,
current_velocity/10T,long,scope_selector_per_variate,scope_selector_per_variate,run_0,5,2,vanilla_univariate,5,vanilla_multivariate,2,
current_velocity/10T,long,scope_selector_per_variate,scope_selector_per_variate,run_0,5,3,vanilla_univariate,5,vanilla_univariate,2,
current_velocity/10T,long,scope_selector_per_variate,scope_selector_per_variate,run_0,5,4,vanilla_univariate,5,vanilla_univariate,2,
current_velocity/10T,long,scope_selector_per_variate,scope_selector_per_variate,run_0,5,5,vanilla_univariate,5,vanilla_univariate,2,
current_velocity/10T,long,scope_selector_per_variate,scope_selector_per_variate,run_0,6,0,vanilla_univariate,5,vanilla_multivariate,2,
current_velocity/10T,long,scope_selector_per_variate,scope_selector_per_variate,run_0,6,1,vanilla_univariate,5,vanilla_univariate,2,
current_velocity/10T,long,scope_selector_per_variate,scope_selector_per_variate,run_0,6,2,vanilla_univariate,5,vanilla_univariate,2,
current_velocity/10T,long,scope_selector_per_variate,scope_selector_per_variate,run_0,6,3,vanilla_univariate,5,vanilla_univariate,2,
current_velocity/10T,long,scope_selector_per_variate,scope_selector_per_variate,run_0,6,4,vanilla_univariate,5,vanilla_univariate,2,
current_velocity/10T,long,scope_selector_per_variate,scope_selector_per_variate,run_0,6,5,vanilla_univariate,5,vanilla_univariate,2,
current_velocity/10T,long,scope_selector_per_variate,scope_selector_per_variate,run_0,7,0,vanilla_multivariate,5,vanilla_multivariate,2,
current_velocity/10T,long,scope_selector_per_variate,scope_selector_per_variate,run_0,7,1,vanilla_multivariate,5,vanilla_multivariate,2,
current_velocity/10T,long,scope_selector_per_variate,scope_selector_per_variate,run_0,7,2,vanilla_multivariate,5,vanilla_multivariate,2,
current_velocity/10T,long,scope_selector_per_variate,scope_selector_per_variate,run_0,7,3,vanilla_multivariate,5,vanilla_multivariate,2,
current_velocity/10T,long,scope_selector_per_variate,scope_selector_per_variate,run_0,7,4,vanilla_multivariate,5,vanilla_multivariate,2,
current_velocity/10T,long,scope_selector_per_variate,scope_selector_per_variate,run_0,7,5,vanilla_univariate,5,vanilla_multivariate,2,
current_velocity/10T,long,scope_selector_per_variate,scope_selector_per_variate,run_0,8,0,vanilla_univariate,5,vanilla_multivariate,2,
current_velocity/10T,long,scope_selector_per_variate,scope_selector_per_variate,run_0,8,1,vanilla_multivariate,5,vanilla_multivariate,2,
current_velocity/10T,long,scope_selector_per_variate,scope_selector_per_variate,run_0,8,2,vanilla_univariate,5,vanilla_multivariate,2,
current_velocity/10T,long,scope_selector_per_variate,scope_selector_per_variate,run_0,8,3,vanilla_multivariate,5,vanilla_multivariate,2,
current_velocity/10T,long,scope_selector_per_variate,scope_selector_per_variate,run_0,8,4,vanilla_multivariate,5,vanilla_multivariate,2,
current_velocity/10T,long,scope_selector_per_variate,scope_selector_per_variate,run_0,8,5,vanilla_univariate,5,vanilla_multivariate,2,
current_velocity/10T,long,scope_selector_per_variate,scope_selector_per_variate,run_0,9,0,vanilla_univariate,5,vanilla_univariate,2,
current_velocity/10T,long,scope_selector_per_variate,scope_selector_per_variate,run_0,9,1,vanilla_univariate,5,vanilla_univariate,2,
current_velocity/10T,long,scope_selector_per_variate,scope_selector_per_variate,run_0,9,2,vanilla_univariate,5,vanilla_multivariate,2,
current_velocity/10T,long,scope_selector_per_variate,scope_selector_per_variate,run_0,9,3,vanilla_univariate,5,vanilla_multivariate,2,
current_velocity/10T,long,scope_selector_per_variate,scope_selector_per_variate,run_0,9,4,vanilla_univariate,5,vanilla_univariate,2,
current_velocity/10T,long,scope_selector_per_variate,scope_selector_per_variate,run_0,9,5,vanilla_multivariate,5,vanilla_multivariate,2,
current_velocity/15T,short,scope_selector,scope_selector,run_1,,,vanilla_multivariate,600,vanilla_multivariate,8,
current_velocity/15T,short,scope_selector_per_variate,scope_selector_per_variate,run_0,0,0,vanilla_univariate,120,vanilla_univariate,5,
current_velocity/15T,short,scope_selector_per_variate,scope_selector_per_variate,run_0,0,1,vanilla_multivariate,120,vanilla_multivariate,5,
current_velocity/15T,short,scope_selector_per_variate,scope_selector_per_variate,run_0,0,2,vanilla_multivariate,120,vanilla_multivariate,5,
current_velocity/15T,short,scope_selector_per_variate,scope_selector_per_variate,run_0,0,3,vanilla_univariate,120,vanilla_univariate,5,
current_velocity/15T,short,scope_selector_per_variate,scope_selector_per_variate,run_0,0,4,vanilla_univariate,120,vanilla_univariate,5,
current_velocity/15T,short,scope_selector_per_variate,scope_selector_per_variate,run_0,0,5,vanilla_univariate,120,vanilla_univariate,5,
current_velocity/15T,short,scope_selector_per_variate,scope_selector_per_variate,run_0,1,0,vanilla_univariate,120,vanilla_univariate,5,
current_velocity/15T,short,scope_selector_per_variate,scope_selector_per_variate,run_0,1,1,vanilla_multivariate,120,vanilla_multivariate,5,
current_velocity/15T,short,scope_selector_per_variate,scope_selector_per_variate,run_0,1,2,vanilla_univariate,120,vanilla_univariate,5,
current_velocity/15T,short,scope_selector_per_variate,scope_selector_per_variate,run_0,1,3,vanilla_univariate,120,vanilla_univariate,5,
current_velocity/15T,short,scope_selector_per_variate,scope_selector_per_variate,run_0,1,4,vanilla_univariate,120,vanilla_univariate,5,
current_velocity/15T,short,scope_selector_per_variate,scope_selector_per_variate,run_0,1,5,vanilla_univariate,120,vanilla_univariate,5,
current_velocity/15T,short,scope_selector_per_variate,scope_selector_per_variate,run_0,2,0,vanilla_univariate,120,vanilla_multivariate,5,
current_velocity/15T,short,scope_selector_per_variate,scope_selector_per_variate,run_0,2,1,vanilla_univariate,120,vanilla_multivariate,5,
current_velocity/15T,short,scope_selector_per_variate,scope_selector_per_variate,run_0,2,2,vanilla_univariate,120,vanilla_multivariate,5,
current_velocity/15T,short,scope_selector_per_variate,scope_selector_per_variate,run_0,2,3,vanilla_univariate,120,vanilla_multivariate,5,
current_velocity/15T,short,scope_selector_per_variate,scope_selector_per_variate,run_0,2,4,vanilla_univariate,120,vanilla_univariate,5,
current_velocity/15T,short,scope_selector_per_variate,scope_selector_per_variate,run_0,2,5,vanilla_univariate,120,vanilla_univariate,5,
current_velocity/15T,short,scope_selector_per_variate,scope_selector_per_variate,run_0,3,0,vanilla_multivariate,120,vanilla_multivariate,5,
current_velocity/15T,short,scope_selector_per_variate,scope_selector_per_variate,run_0,3,1,vanilla_multivariate,120,vanilla_multivariate,5,
current_velocity/15T,short,scope_selector_per_variate,scope_selector_per_variate,run_0,3,2,vanilla_univariate,120,vanilla_multivariate,5,
current_velocity/15T,short,scope_selector_per_variate,scope_selector_per_variate,run_0,3,3,vanilla_multivariate,120,vanilla_multivariate,5,
current_velocity/15T,short,scope_selector_per_variate,scope_selector_per_variate,run_0,3,4,vanilla_univariate,120,vanilla_univariate,5,
current_velocity/15T,short,scope_selector_per_variate,scope_selector_per_variate,run_0,3,5,vanilla_multivariate,120,vanilla_multivariate,5,
current_velocity/15T,short,scope_selector_per_variate,scope_selector_per_variate,run_0,4,0,vanilla_univariate,120,vanilla_multivariate,5,
current_velocity/15T,short,scope_selector_per_variate,scope_selector_per_variate,run_0,4,1,vanilla_multivariate,120,vanilla_multivariate,5,
current_velocity/15T,short,scope_selector_per_variate,scope_selector_per_variate,run_0,4,2,vanilla_univariate,120,vanilla_multivariate,5,
current_velocity/15T,short,scope_selector_per_variate,scope_selector_per_variate,run_0,4,3,vanilla_univariate,120,vanilla_univariate,5,
current_velocity/15T,short,scope_selector_per_variate,scope_selector_per_variate,run_0,4,4,vanilla_univariate,120,vanilla_univariate,5,
current_velocity/15T,short,scope_selector_per_variate,scope_selector_per_variate,run_0,4,5,vanilla_multivariate,120,vanilla_multivariate,5,
current_velocity/15T,medium,scope_selector,scope_selector,run_1,,,vanilla_univariate,75,vanilla_univariate,4,
current_velocity/15T,medium,scope_selector_per_variate,scope_selector_per_variate,run_0,0,0,vanilla_univariate,15,vanilla_multivariate,2,
current_velocity/15T,medium,scope_selector_per_variate,scope_selector_per_variate,run_0,0,1,vanilla_univariate,15,vanilla_univariate,2,
current_velocity/15T,medium,scope_selector_per_variate,scope_selector_per_variate,run_0,0,2,vanilla_univariate,15,vanilla_multivariate,2,
current_velocity/15T,medium,scope_selector_per_variate,scope_selector_per_variate,run_0,0,3,vanilla_univariate,15,vanilla_multivariate,2,
current_velocity/15T,medium,scope_selector_per_variate,scope_selector_per_variate,run_0,0,4,vanilla_univariate,15,vanilla_multivariate,2,
current_velocity/15T,medium,scope_selector_per_variate,scope_selector_per_variate,run_0,0,5,vanilla_univariate,15,vanilla_univariate,2,
current_velocity/15T,medium,scope_selector_per_variate,scope_selector_per_variate,run_0,1,0,vanilla_univariate,15,vanilla_univariate,2,
current_velocity/15T,medium,scope_selector_per_variate,scope_selector_per_variate,run_0,1,1,vanilla_univariate,15,vanilla_multivariate,2,
current_velocity/15T,medium,scope_selector_per_variate,scope_selector_per_variate,run_0,1,2,vanilla_univariate,15,vanilla_multivariate,2,
current_velocity/15T,medium,scope_selector_per_variate,scope_selector_per_variate,run_0,1,3,vanilla_univariate,15,vanilla_univariate,2,
current_velocity/15T,medium,scope_selector_per_variate,scope_selector_per_variate,run_0,1,4,vanilla_univariate,15,vanilla_multivariate,2,
current_velocity/15T,medium,scope_selector_per_variate,scope_selector_per_variate,run_0,1,5,vanilla_univariate,15,vanilla_univariate,2,
current_velocity/15T,medium,scope_selector_per_variate,scope_selector_per_variate,run_0,2,0,vanilla_multivariate,15,vanilla_multivariate,2,
current_velocity/15T,medium,scope_selector_per_variate,scope_selector_per_variate,run_0,2,1,vanilla_univariate,15,vanilla_multivariate,2,
current_velocity/15T,medium,scope_selector_per_variate,scope_selector_per_variate,run_0,2,2,vanilla_univariate,15,vanilla_univariate,2,
current_velocity/15T,medium,scope_selector_per_variate,scope_selector_per_variate,run_0,2,3,vanilla_univariate,15,vanilla_univariate,2,
current_velocity/15T,medium,scope_selector_per_variate,scope_selector_per_variate,run_0,2,4,vanilla_univariate,15,vanilla_univariate,2,
current_velocity/15T,medium,scope_selector_per_variate,scope_selector_per_variate,run_0,2,5,vanilla_univariate,15,vanilla_univariate,2,
current_velocity/15T,medium,scope_selector_per_variate,scope_selector_per_variate,run_0,3,0,vanilla_univariate,15,vanilla_univariate,2,
current_velocity/15T,medium,scope_selector_per_variate,scope_selector_per_variate,run_0,3,1,vanilla_univariate,15,vanilla_univariate,2,
current_velocity/15T,medium,scope_selector_per_variate,scope_selector_per_variate,run_0,3,2,vanilla_multivariate,15,vanilla_multivariate,2,
current_velocity/15T,medium,scope_selector_per_variate,scope_selector_per_variate,run_0,3,3,vanilla_multivariate,15,vanilla_multivariate,2,
current_velocity/15T,medium,scope_selector_per_variate,scope_selector_per_variate,run_0,3,4,vanilla_univariate,15,vanilla_univariate,2,
current_velocity/15T,medium,scope_selector_per_variate,scope_selector_per_variate,run_0,3,5,vanilla_univariate,15,vanilla_multivariate,2,
current_velocity/15T,medium,scope_selector_per_variate,scope_selector_per_variate,run_0,4,0,vanilla_univariate,15,vanilla_multivariate,2,
current_velocity/15T,medium,scope_selector_per_variate,scope_selector_per_variate,run_0,4,1,vanilla_univariate,15,vanilla_multivariate,2,
current_velocity/15T,medium,scope_selector_per_variate,scope_selector_per_variate,run_0,4,2,vanilla_univariate,15,vanilla_univariate,2,
current_velocity/15T,medium,scope_selector_per_variate,scope_selector_per_variate,run_0,4,3,vanilla_univariate,15,vanilla_multivariate,2,
current_velocity/15T,medium,scope_selector_per_variate,scope_selector_per_variate,run_0,4,4,vanilla_univariate,15,vanilla_univariate,2,
current_velocity/15T,medium,scope_selector_per_variate,scope_selector_per_variate,run_0,4,5,vanilla_univariate,15,vanilla_univariate,2,
current_velocity/15T,long,scope_selector,scope_selector,run_1,,,vanilla_univariate,25,vanilla_univariate,3,
current_velocity/15T,long,scope_selector_per_variate,scope_selector_per_variate,run_0,0,0,vanilla_multivariate,5,vanilla_multivariate,2,
current_velocity/15T,long,scope_selector_per_variate,scope_selector_per_variate,run_0,0,1,vanilla_univariate,5,vanilla_univariate,2,
current_velocity/15T,long,scope_selector_per_variate,scope_selector_per_variate,run_0,0,2,vanilla_univariate,5,vanilla_multivariate,2,
current_velocity/15T,long,scope_selector_per_variate,scope_selector_per_variate,run_0,0,3,vanilla_univariate,5,vanilla_univariate,2,
current_velocity/15T,long,scope_selector_per_variate,scope_selector_per_variate,run_0,0,4,vanilla_univariate,5,vanilla_multivariate,2,
current_velocity/15T,long,scope_selector_per_variate,scope_selector_per_variate,run_0,0,5,vanilla_univariate,5,vanilla_univariate,2,
current_velocity/15T,long,scope_selector_per_variate,scope_selector_per_variate,run_0,1,0,vanilla_univariate,5,vanilla_univariate,2,
current_velocity/15T,long,scope_selector_per_variate,scope_selector_per_variate,run_0,1,1,vanilla_univariate,5,vanilla_multivariate,2,
current_velocity/15T,long,scope_selector_per_variate,scope_selector_per_variate,run_0,1,2,vanilla_univariate,5,vanilla_multivariate,2,
current_velocity/15T,long,scope_selector_per_variate,scope_selector_per_variate,run_0,1,3,vanilla_univariate,5,vanilla_multivariate,2,
current_velocity/15T,long,scope_selector_per_variate,scope_selector_per_variate,run_0,1,4,vanilla_multivariate,5,vanilla_multivariate,2,
current_velocity/15T,long,scope_selector_per_variate,scope_selector_per_variate,run_0,1,5,vanilla_univariate,5,vanilla_univariate,2,
current_velocity/15T,long,scope_selector_per_variate,scope_selector_per_variate,run_0,2,0,vanilla_univariate,5,vanilla_univariate,2,
current_velocity/15T,long,scope_selector_per_variate,scope_selector_per_variate,run_0,2,1,vanilla_univariate,5,vanilla_univariate,2,
current_velocity/15T,long,scope_selector_per_variate,scope_selector_per_variate,run_0,2,2,vanilla_univariate,5,vanilla_univariate,2,
current_velocity/15T,long,scope_selector_per_variate,scope_selector_per_variate,run_0,2,3,vanilla_univariate,5,vanilla_multivariate,2,
current_velocity/15T,long,scope_selector_per_variate,scope_selector_per_variate,run_0,2,4,vanilla_univariate,5,vanilla_univariate,2,
current_velocity/15T,long,scope_selector_per_variate,scope_selector_per_variate,run_0,2,5,vanilla_univariate,5,vanilla_univariate,2,
current_velocity/15T,long,scope_selector_per_variate,scope_selector_per_variate,run_0,3,0,vanilla_univariate,5,vanilla_univariate,2,
current_velocity/15T,long,scope_selector_per_variate,scope_selector_per_variate,run_0,3,1,vanilla_univariate,5,vanilla_multivariate,2,
current_velocity/15T,long,scope_selector_per_variate,scope_selector_per_variate,run_0,3,2,vanilla_multivariate,5,vanilla_multivariate,2,
current_velocity/15T,long,scope_selector_per_variate,scope_selector_per_variate,run_0,3,3,vanilla_multivariate,5,vanilla_multivariate,2,
current_velocity/15T,long,scope_selector_per_variate,scope_selector_per_variate,run_0,3,4,vanilla_univariate,5,vanilla_univariate,2,
current_velocity/15T,long,scope_selector_per_variate,scope_selector_per_variate,run_0,3,5,vanilla_univariate,5,vanilla_multivariate,2,
current_velocity/15T,long,scope_selector_per_variate,scope_selector_per_variate,run_0,4,0,vanilla_univariate,5,vanilla_univariate,2,
current_velocity/15T,long,scope_selector_per_variate,scope_selector_per_variate,run_0,4,1,vanilla_univariate,5,vanilla_univariate,2,
current_velocity/15T,long,scope_selector_per_variate,scope_selector_per_variate,run_0,4,2,vanilla_univariate,5,vanilla_univariate,2,
current_velocity/15T,long,scope_selector_per_variate,scope_selector_per_variate,run_0,4,3,vanilla_univariate,5,vanilla_univariate,2,
current_velocity/15T,long,scope_selector_per_variate,scope_selector_per_variate,run_0,4,4,vanilla_univariate,5,vanilla_univariate,2,
current_velocity/15T,long,scope_selector_per_variate,scope_selector_per_variate,run_0,4,5,vanilla_univariate,5,vanilla_univariate,2,
current_velocity/H,short,scope_selector,scope_selector,run_1,,,vanilla_multivariate,569,vanilla_multivariate,8,
current_velocity/H,short,scope_selector_per_variate,scope_selector_per_variate,run_0,0,0,vanilla_multivariate,28,vanilla_multivariate,3,
current_velocity/H,short,scope_selector_per_variate,scope_selector_per_variate,run_0,0,1,vanilla_multivariate,28,vanilla_multivariate,3,
current_velocity/H,short,scope_selector_per_variate,scope_selector_per_variate,run_0,0,2,vanilla_multivariate,28,vanilla_multivariate,3,
current_velocity/H,short,scope_selector_per_variate,scope_selector_per_variate,run_0,0,3,vanilla_univariate,28,vanilla_univariate,3,
current_velocity/H,short,scope_selector_per_variate,scope_selector_per_variate,run_0,0,4,vanilla_multivariate,28,vanilla_multivariate,3,
current_velocity/H,short,scope_selector_per_variate,scope_selector_per_variate,run_0,0,5,vanilla_univariate,28,vanilla_univariate,3,
current_velocity/H,short,scope_selector_per_variate,scope_selector_per_variate,run_0,1,0,vanilla_multivariate,28,vanilla_multivariate,3,
current_velocity/H,short,scope_selector_per_variate,scope_selector_per_variate,run_0,1,1,vanilla_multivariate,28,vanilla_multivariate,3,
current_velocity/H,short,scope_selector_per_variate,scope_selector_per_variate,run_0,1,2,vanilla_multivariate,28,vanilla_multivariate,3,
current_velocity/H,short,scope_selector_per_variate,scope_selector_per_variate,run_0,1,3,vanilla_multivariate,28,vanilla_multivariate,3,
current_velocity/H,short,scope_selector_per_variate,scope_selector_per_variate,run_0,1,4,vanilla_multivariate,28,vanilla_multivariate,3,
current_velocity/H,short,scope_selector_per_variate,scope_selector_per_variate,run_0,1,5,vanilla_univariate,28,vanilla_univariate,3,
current_velocity/H,short,scope_selector_per_variate,scope_selector_per_variate,run_0,2,0,vanilla_multivariate,28,vanilla_multivariate,3,
current_velocity/H,short,scope_selector_per_variate,scope_selector_per_variate,run_0,2,1,vanilla_univariate,28,vanilla_multivariate,3,
current_velocity/H,short,scope_selector_per_variate,scope_selector_per_variate,run_0,2,2,vanilla_multivariate,28,vanilla_multivariate,3,
current_velocity/H,short,scope_selector_per_variate,scope_selector_per_variate,run_0,2,3,vanilla_univariate,28,vanilla_univariate,3,
current_velocity/H,short,scope_selector_per_variate,scope_selector_per_variate,run_0,2,4,vanilla_multivariate,28,vanilla_multivariate,3,
current_velocity/H,short,scope_selector_per_variate,scope_selector_per_variate,run_0,2,5,vanilla_multivariate,28,vanilla_multivariate,3,
current_velocity/H,short,scope_selector_per_variate,scope_selector_per_variate,run_0,3,0,vanilla_multivariate,28,vanilla_multivariate,3,
current_velocity/H,short,scope_selector_per_variate,scope_selector_per_variate,run_0,3,1,vanilla_multivariate,28,vanilla_multivariate,3,
current_velocity/H,short,scope_selector_per_variate,scope_selector_per_variate,run_0,3,2,vanilla_multivariate,28,vanilla_multivariate,3,
current_velocity/H,short,scope_selector_per_variate,scope_selector_per_variate,run_0,3,3,vanilla_multivariate,28,vanilla_multivariate,3,
current_velocity/H,short,scope_selector_per_variate,scope_selector_per_variate,run_0,3,4,vanilla_multivariate,28,vanilla_multivariate,3,
current_velocity/H,short,scope_selector_per_variate,scope_selector_per_variate,run_0,3,5,vanilla_univariate,28,vanilla_multivariate,3,
current_velocity/H,short,scope_selector_per_variate,scope_selector_per_variate,run_0,4,0,vanilla_multivariate,28,vanilla_multivariate,3,
current_velocity/H,short,scope_selector_per_variate,scope_selector_per_variate,run_0,4,1,vanilla_univariate,28,vanilla_multivariate,3,
current_velocity/H,short,scope_selector_per_variate,scope_selector_per_variate,run_0,4,2,vanilla_univariate,28,vanilla_univariate,3,
current_velocity/H,short,scope_selector_per_variate,scope_selector_per_variate,run_0,4,3,vanilla_multivariate,28,vanilla_multivariate,3,
current_velocity/H,short,scope_selector_per_variate,scope_selector_per_variate,run_0,4,4,vanilla_multivariate,28,vanilla_multivariate,3,
current_velocity/H,short,scope_selector_per_variate,scope_selector_per_variate,run_0,4,5,vanilla_univariate,28,vanilla_univariate,3,
current_velocity/H,short,scope_selector_per_variate,scope_selector_per_variate,run_0,5,0,vanilla_multivariate,28,vanilla_multivariate,3,
current_velocity/H,short,scope_selector_per_variate,scope_selector_per_variate,run_0,5,1,vanilla_univariate,28,vanilla_multivariate,3,
current_velocity/H,short,scope_selector_per_variate,scope_selector_per_variate,run_0,5,2,vanilla_univariate,28,vanilla_univariate,3,
current_velocity/H,short,scope_selector_per_variate,scope_selector_per_variate,run_0,5,3,vanilla_univariate,28,vanilla_univariate,3,
current_velocity/H,short,scope_selector_per_variate,scope_selector_per_variate,run_0,5,4,vanilla_multivariate,28,vanilla_multivariate,3,
current_velocity/H,short,scope_selector_per_variate,scope_selector_per_variate,run_0,5,5,vanilla_multivariate,28,vanilla_multivariate,3,
current_velocity/H,short,scope_selector_per_variate,scope_selector_per_variate,run_0,6,0,vanilla_multivariate,28,vanilla_multivariate,3,
current_velocity/H,short,scope_selector_per_variate,scope_selector_per_variate,run_0,6,1,vanilla_multivariate,28,vanilla_multivariate,3,
current_velocity/H,short,scope_selector_per_variate,scope_selector_per_variate,run_0,6,2,vanilla_multivariate,28,vanilla_multivariate,3,
current_velocity/H,short,scope_selector_per_variate,scope_selector_per_variate,run_0,6,3,vanilla_univariate,28,vanilla_univariate,3,
current_velocity/H,short,scope_selector_per_variate,scope_selector_per_variate,run_0,6,4,vanilla_multivariate,28,vanilla_multivariate,3,
current_velocity/H,short,scope_selector_per_variate,scope_selector_per_variate,run_0,6,5,vanilla_univariate,28,vanilla_multivariate,3,
current_velocity/H,short,scope_selector_per_variate,scope_selector_per_variate,run_0,7,0,vanilla_univariate,28,vanilla_multivariate,3,
current_velocity/H,short,scope_selector_per_variate,scope_selector_per_variate,run_0,7,1,vanilla_univariate,28,vanilla_univariate,3,
current_velocity/H,short,scope_selector_per_variate,scope_selector_per_variate,run_0,7,2,vanilla_multivariate,28,vanilla_multivariate,3,
current_velocity/H,short,scope_selector_per_variate,scope_selector_per_variate,run_0,7,3,vanilla_univariate,28,vanilla_multivariate,3,
current_velocity/H,short,scope_selector_per_variate,scope_selector_per_variate,run_0,7,4,vanilla_multivariate,28,vanilla_multivariate,3,
current_velocity/H,short,scope_selector_per_variate,scope_selector_per_variate,run_0,7,5,vanilla_multivariate,28,vanilla_multivariate,3,
current_velocity/H,short,scope_selector_per_variate,scope_selector_per_variate,run_0,8,0,vanilla_multivariate,28,vanilla_multivariate,3,
current_velocity/H,short,scope_selector_per_variate,scope_selector_per_variate,run_0,8,1,vanilla_multivariate,28,vanilla_multivariate,3,
current_velocity/H,short,scope_selector_per_variate,scope_selector_per_variate,run_0,8,2,vanilla_multivariate,28,vanilla_multivariate,3,
current_velocity/H,short,scope_selector_per_variate,scope_selector_per_variate,run_0,8,3,vanilla_univariate,28,vanilla_multivariate,3,
current_velocity/H,short,scope_selector_per_variate,scope_selector_per_variate,run_0,8,4,vanilla_multivariate,28,vanilla_multivariate,3,
current_velocity/H,short,scope_selector_per_variate,scope_selector_per_variate,run_0,8,5,vanilla_univariate,28,vanilla_multivariate,3,
current_velocity/H,short,scope_selector_per_variate,scope_selector_per_variate,run_0,9,0,vanilla_univariate,28,vanilla_multivariate,3,
current_velocity/H,short,scope_selector_per_variate,scope_selector_per_variate,run_0,9,1,vanilla_univariate,28,vanilla_univariate,3,
current_velocity/H,short,scope_selector_per_variate,scope_selector_per_variate,run_0,9,2,vanilla_univariate,28,vanilla_multivariate,3,
current_velocity/H,short,scope_selector_per_variate,scope_selector_per_variate,run_0,9,3,vanilla_univariate,28,vanilla_univariate,3,
current_velocity/H,short,scope_selector_per_variate,scope_selector_per_variate,run_0,9,4,vanilla_univariate,28,vanilla_univariate,3,
current_velocity/H,short,scope_selector_per_variate,scope_selector_per_variate,run_0,9,5,vanilla_multivariate,28,vanilla_multivariate,3,
current_velocity/H,short,scope_selector_per_variate,scope_selector_per_variate,run_0,10,0,vanilla_multivariate,28,vanilla_multivariate,3,
current_velocity/H,short,scope_selector_per_variate,scope_selector_per_variate,run_0,10,1,vanilla_univariate,28,vanilla_multivariate,3,
current_velocity/H,short,scope_selector_per_variate,scope_selector_per_variate,run_0,10,2,vanilla_multivariate,28,vanilla_multivariate,3,
current_velocity/H,short,scope_selector_per_variate,scope_selector_per_variate,run_0,10,3,vanilla_univariate,28,vanilla_univariate,3,
current_velocity/H,short,scope_selector_per_variate,scope_selector_per_variate,run_0,10,4,vanilla_univariate,28,vanilla_univariate,3,
current_velocity/H,short,scope_selector_per_variate,scope_selector_per_variate,run_0,10,5,vanilla_multivariate,28,vanilla_multivariate,3,
current_velocity/H,short,scope_selector_per_variate,scope_selector_per_variate,run_0,11,0,vanilla_multivariate,28,vanilla_multivariate,3,
current_velocity/H,short,scope_selector_per_variate,scope_selector_per_variate,run_0,11,1,vanilla_multivariate,28,vanilla_multivariate,3,
current_velocity/H,short,scope_selector_per_variate,scope_selector_per_variate,run_0,11,2,vanilla_univariate,28,vanilla_univariate,3,
current_velocity/H,short,scope_selector_per_variate,scope_selector_per_variate,run_0,11,3,vanilla_univariate,28,vanilla_univariate,3,
current_velocity/H,short,scope_selector_per_variate,scope_selector_per_variate,run_0,11,4,vanilla_univariate,28,vanilla_multivariate,3,
current_velocity/H,short,scope_selector_per_variate,scope_selector_per_variate,run_0,11,5,vanilla_multivariate,28,vanilla_multivariate,3,
current_velocity/H,short,scope_selector_per_variate,scope_selector_per_variate,run_0,12,0,vanilla_multivariate,28,vanilla_multivariate,3,
current_velocity/H,short,scope_selector_per_variate,scope_selector_per_variate,run_0,12,1,vanilla_multivariate,28,vanilla_multivariate,3,
current_velocity/H,short,scope_selector_per_variate,scope_selector_per_variate,run_0,12,2,vanilla_multivariate,28,vanilla_multivariate,3,
current_velocity/H,short,scope_selector_per_variate,scope_selector_per_variate,run_0,12,3,vanilla_multivariate,28,vanilla_multivariate,3,
current_velocity/H,short,scope_selector_per_variate,scope_selector_per_variate,run_0,12,4,vanilla_univariate,28,vanilla_multivariate,3,
current_velocity/H,short,scope_selector_per_variate,scope_selector_per_variate,run_0,12,5,vanilla_univariate,28,vanilla_univariate,3,
current_velocity/H,short,scope_selector_per_variate,scope_selector_per_variate,run_0,13,0,vanilla_multivariate,28,vanilla_multivariate,3,
current_velocity/H,short,scope_selector_per_variate,scope_selector_per_variate,run_0,13,1,vanilla_multivariate,28,vanilla_multivariate,3,
current_velocity/H,short,scope_selector_per_variate,scope_selector_per_variate,run_0,13,2,vanilla_univariate,28,vanilla_multivariate,3,
current_velocity/H,short,scope_selector_per_variate,scope_selector_per_variate,run_0,13,3,vanilla_univariate,28,vanilla_multivariate,3,
current_velocity/H,short,scope_selector_per_variate,scope_selector_per_variate,run_0,13,4,vanilla_univariate,28,vanilla_univariate,3,
current_velocity/H,short,scope_selector_per_variate,scope_selector_per_variate,run_0,13,5,vanilla_multivariate,28,vanilla_multivariate,3,
current_velocity/H,short,scope_selector_per_variate,scope_selector_per_variate,run_0,14,0,vanilla_univariate,28,vanilla_univariate,3,
current_velocity/H,short,scope_selector_per_variate,scope_selector_per_variate,run_0,14,1,vanilla_univariate,28,vanilla_multivariate,3,
current_velocity/H,short,scope_selector_per_variate,scope_selector_per_variate,run_0,14,2,vanilla_univariate,28,vanilla_multivariate,3,
current_velocity/H,short,scope_selector_per_variate,scope_selector_per_variate,run_0,14,3,vanilla_univariate,28,vanilla_multivariate,3,
current_velocity/H,short,scope_selector_per_variate,scope_selector_per_variate,run_0,14,4,vanilla_multivariate,28,vanilla_multivariate,3,
current_velocity/H,short,scope_selector_per_variate,scope_selector_per_variate,run_0,14,5,vanilla_univariate,28,vanilla_multivariate,3,
current_velocity/H,short,scope_selector_per_variate,scope_selector_per_variate,run_0,15,0,vanilla_multivariate,28,vanilla_multivariate,3,
current_velocity/H,short,scope_selector_per_variate,scope_selector_per_variate,run_0,15,1,vanilla_univariate,28,vanilla_univariate,3,
current_velocity/H,short,scope_selector_per_variate,scope_selector_per_variate,run_0,15,2,vanilla_multivariate,28,vanilla_multivariate,3,
current_velocity/H,short,scope_selector_per_variate,scope_selector_per_variate,run_0,15,3,vanilla_univariate,28,vanilla_multivariate,3,
current_velocity/H,short,scope_selector_per_variate,scope_selector_per_variate,run_0,15,4,vanilla_univariate,28,vanilla_multivariate,3,
current_velocity/H,short,scope_selector_per_variate,scope_selector_per_variate,run_0,15,5,vanilla_univariate,28,vanilla_multivariate,3,
current_velocity/H,short,scope_selector_per_variate,scope_selector_per_variate,run_0,16,0,vanilla_univariate,28,vanilla_multivariate,3,
current_velocity/H,short,scope_selector_per_variate,scope_selector_per_variate,run_0,16,1,vanilla_univariate,28,vanilla_multivariate,3,
current_velocity/H,short,scope_selector_per_variate,scope_selector_per_variate,run_0,16,2,vanilla_multivariate,28,vanilla_multivariate,3,
current_velocity/H,short,scope_selector_per_variate,scope_selector_per_variate,run_0,16,3,vanilla_multivariate,28,vanilla_multivariate,3,
current_velocity/H,short,scope_selector_per_variate,scope_selector_per_variate,run_0,16,4,vanilla_univariate,28,vanilla_multivariate,3,
current_velocity/H,short,scope_selector_per_variate,scope_selector_per_variate,run_0,16,5,vanilla_multivariate,28,vanilla_multivariate,3,
current_velocity/H,short,scope_selector_per_variate,scope_selector_per_variate,run_0,17,0,vanilla_multivariate,28,vanilla_multivariate,3,
current_velocity/H,short,scope_selector_per_variate,scope_selector_per_variate,run_0,17,1,vanilla_univariate,28,vanilla_univariate,3,
current_velocity/H,short,scope_selector_per_variate,scope_selector_per_variate,run_0,17,2,vanilla_multivariate,28,vanilla_multivariate,3,
current_velocity/H,short,scope_selector_per_variate,scope_selector_per_variate,run_0,17,3,vanilla_univariate,28,vanilla_univariate,3,
current_velocity/H,short,scope_selector_per_variate,scope_selector_per_variate,run_0,17,4,vanilla_univariate,28,vanilla_univariate,3,
current_velocity/H,short,scope_selector_per_variate,scope_selector_per_variate,run_0,17,5,vanilla_univariate,28,vanilla_univariate,3,
current_velocity/H,short,scope_selector_per_variate,scope_selector_per_variate,run_0,18,0,vanilla_multivariate,28,vanilla_multivariate,3,
current_velocity/H,short,scope_selector_per_variate,scope_selector_per_variate,run_0,18,1,vanilla_univariate,28,vanilla_univariate,3,
current_velocity/H,short,scope_selector_per_variate,scope_selector_per_variate,run_0,18,2,vanilla_univariate,28,vanilla_univariate,3,
current_velocity/H,short,scope_selector_per_variate,scope_selector_per_variate,run_0,18,3,vanilla_univariate,28,vanilla_univariate,3,
current_velocity/H,short,scope_selector_per_variate,scope_selector_per_variate,run_0,18,4,vanilla_univariate,28,vanilla_multivariate,3,
current_velocity/H,short,scope_selector_per_variate,scope_selector_per_variate,run_0,18,5,vanilla_univariate,28,vanilla_univariate,3,
current_velocity/H,short,scope_selector_per_variate,scope_selector_per_variate,run_0,19,0,vanilla_univariate,28,vanilla_multivariate,3,
current_velocity/H,short,scope_selector_per_variate,scope_selector_per_variate,run_0,19,1,vanilla_univariate,28,vanilla_univariate,3,
current_velocity/H,short,scope_selector_per_variate,scope_selector_per_variate,run_0,19,2,vanilla_univariate,28,vanilla_univariate,3,
current_velocity/H,short,scope_selector_per_variate,scope_selector_per_variate,run_0,19,3,vanilla_univariate,28,vanilla_multivariate,3,
current_velocity/H,short,scope_selector_per_variate,scope_selector_per_variate,run_0,19,4,vanilla_univariate,28,vanilla_univariate,3,
current_velocity/H,short,scope_selector_per_variate,scope_selector_per_variate,run_0,19,5,vanilla_univariate,28,vanilla_univariate,3,
current_velocity/H,short,scope_selector_per_variate,scope_selector_per_variate,run_0,20,0,vanilla_univariate,28,vanilla_multivariate,3,
current_velocity/H,short,scope_selector_per_variate,scope_selector_per_variate,run_0,20,1,vanilla_univariate,28,vanilla_univariate,3,
current_velocity/H,short,scope_selector_per_variate,scope_selector_per_variate,run_0,20,2,vanilla_univariate,28,vanilla_univariate,3,
current_velocity/H,short,scope_selector_per_variate,scope_selector_per_variate,run_0,20,3,vanilla_univariate,28,vanilla_univariate,3,
current_velocity/H,short,scope_selector_per_variate,scope_selector_per_variate,run_0,20,4,vanilla_multivariate,28,vanilla_multivariate,3,
current_velocity/H,short,scope_selector_per_variate,scope_selector_per_variate,run_0,20,5,vanilla_univariate,28,vanilla_univariate,3,
current_velocity/H,medium,scope_selector,scope_selector,run_1,,,vanilla_univariate,84,vanilla_univariate,4,
current_velocity/H,medium,scope_selector_per_variate,scope_selector_per_variate,run_0,0,0,vanilla_multivariate,4,vanilla_multivariate,2,
current_velocity/H,medium,scope_selector_per_variate,scope_selector_per_variate,run_0,0,1,vanilla_multivariate,4,vanilla_multivariate,2,
current_velocity/H,medium,scope_selector_per_variate,scope_selector_per_variate,run_0,0,2,vanilla_multivariate,4,vanilla_multivariate,2,
current_velocity/H,medium,scope_selector_per_variate,scope_selector_per_variate,run_0,0,3,vanilla_univariate,4,vanilla_univariate,2,
current_velocity/H,medium,scope_selector_per_variate,scope_selector_per_variate,run_0,0,4,vanilla_multivariate,4,vanilla_multivariate,2,
current_velocity/H,medium,scope_selector_per_variate,scope_selector_per_variate,run_0,0,5,vanilla_multivariate,4,vanilla_multivariate,2,
current_velocity/H,medium,scope_selector_per_variate,scope_selector_per_variate,run_0,1,0,vanilla_multivariate,4,vanilla_multivariate,2,
current_velocity/H,medium,scope_selector_per_variate,scope_selector_per_variate,run_0,1,1,vanilla_multivariate,4,vanilla_multivariate,2,
current_velocity/H,medium,scope_selector_per_variate,scope_selector_per_variate,run_0,1,2,vanilla_multivariate,4,vanilla_multivariate,2,
current_velocity/H,medium,scope_selector_per_variate,scope_selector_per_variate,run_0,1,3,vanilla_multivariate,4,vanilla_multivariate,2,
current_velocity/H,medium,scope_selector_per_variate,scope_selector_per_variate,run_0,1,4,vanilla_multivariate,4,vanilla_multivariate,2,
current_velocity/H,medium,scope_selector_per_variate,scope_selector_per_variate,run_0,1,5,vanilla_univariate,4,vanilla_multivariate,2,
current_velocity/H,medium,scope_selector_per_variate,scope_selector_per_variate,run_0,2,0,vanilla_univariate,4,vanilla_univariate,2,
current_velocity/H,medium,scope_selector_per_variate,scope_selector_per_variate,run_0,2,1,vanilla_univariate,4,vanilla_univariate,2,
current_velocity/H,medium,scope_selector_per_variate,scope_selector_per_variate,run_0,2,2,vanilla_univariate,4,vanilla_multivariate,2,
current_velocity/H,medium,scope_selector_per_variate,scope_selector_per_variate,run_0,2,3,vanilla_univariate,4,vanilla_univariate,2,
current_velocity/H,medium,scope_selector_per_variate,scope_selector_per_variate,run_0,2,4,vanilla_univariate,4,vanilla_univariate,2,
current_velocity/H,medium,scope_selector_per_variate,scope_selector_per_variate,run_0,2,5,vanilla_multivariate,4,vanilla_multivariate,2,
current_velocity/H,medium,scope_selector_per_variate,scope_selector_per_variate,run_0,3,0,vanilla_univariate,4,vanilla_multivariate,2,
current_velocity/H,medium,scope_selector_per_variate,scope_selector_per_variate,run_0,3,1,vanilla_multivariate,4,vanilla_multivariate,2,
current_velocity/H,medium,scope_selector_per_variate,scope_selector_per_variate,run_0,3,2,vanilla_multivariate,4,vanilla_multivariate,2,
current_velocity/H,medium,scope_selector_per_variate,scope_selector_per_variate,run_0,3,3,vanilla_multivariate,4,vanilla_multivariate,2,
current_velocity/H,medium,scope_selector_per_variate,scope_selector_per_variate,run_0,3,4,vanilla_univariate,4,vanilla_multivariate,2,
current_velocity/H,medium,scope_selector_per_variate,scope_selector_per_variate,run_0,3,5,vanilla_univariate,4,vanilla_univariate,2,
current_velocity/H,medium,scope_selector_per_variate,scope_selector_per_variate,run_0,4,0,vanilla_univariate,4,vanilla_multivariate,2,
current_velocity/H,medium,scope_selector_per_variate,scope_selector_per_variate,run_0,4,1,vanilla_multivariate,4,vanilla_multivariate,2,
current_velocity/H,medium,scope_selector_per_variate,scope_selector_per_variate,run_0,4,2,vanilla_univariate,4,vanilla_univariate,2,
current_velocity/H,medium,scope_selector_per_variate,scope_selector_per_variate,run_0,4,3,vanilla_univariate,4,vanilla_univariate,2,
current_velocity/H,medium,scope_selector_per_variate,scope_selector_per_variate,run_0,4,4,vanilla_univariate,4,vanilla_univariate,2,
current_velocity/H,medium,scope_selector_per_variate,scope_selector_per_variate,run_0,4,5,vanilla_univariate,4,vanilla_univariate,2,
current_velocity/H,medium,scope_selector_per_variate,scope_selector_per_variate,run_0,5,0,vanilla_multivariate,4,vanilla_multivariate,2,
current_velocity/H,medium,scope_selector_per_variate,scope_selector_per_variate,run_0,5,1,vanilla_univariate,4,vanilla_univariate,2,
current_velocity/H,medium,scope_selector_per_variate,scope_selector_per_variate,run_0,5,2,vanilla_univariate,4,vanilla_univariate,2,
current_velocity/H,medium,scope_selector_per_variate,scope_selector_per_variate,run_0,5,3,vanilla_univariate,4,vanilla_univariate,2,
current_velocity/H,medium,scope_selector_per_variate,scope_selector_per_variate,run_0,5,4,vanilla_univariate,4,vanilla_univariate,2,
current_velocity/H,medium,scope_selector_per_variate,scope_selector_per_variate,run_0,5,5,vanilla_multivariate,4,vanilla_multivariate,2,
current_velocity/H,medium,scope_selector_per_variate,scope_selector_per_variate,run_0,6,0,vanilla_multivariate,4,vanilla_multivariate,2,
current_velocity/H,medium,scope_selector_per_variate,scope_selector_per_variate,run_0,6,1,vanilla_univariate,4,vanilla_multivariate,2,
current_velocity/H,medium,scope_selector_per_variate,scope_selector_per_variate,run_0,6,2,vanilla_univariate,4,vanilla_univariate,2,
current_velocity/H,medium,scope_selector_per_variate,scope_selector_per_variate,run_0,6,3,vanilla_univariate,4,vanilla_multivariate,2,
current_velocity/H,medium,scope_selector_per_variate,scope_selector_per_variate,run_0,6,4,vanilla_univariate,4,vanilla_multivariate,2,
current_velocity/H,medium,scope_selector_per_variate,scope_selector_per_variate,run_0,6,5,vanilla_univariate,4,vanilla_univariate,2,
current_velocity/H,medium,scope_selector_per_variate,scope_selector_per_variate,run_0,7,0,vanilla_univariate,4,vanilla_univariate,2,
current_velocity/H,medium,scope_selector_per_variate,scope_selector_per_variate,run_0,7,1,vanilla_univariate,4,vanilla_univariate,2,
current_velocity/H,medium,scope_selector_per_variate,scope_selector_per_variate,run_0,7,2,vanilla_univariate,4,vanilla_univariate,2,
current_velocity/H,medium,scope_selector_per_variate,scope_selector_per_variate,run_0,7,3,vanilla_univariate,4,vanilla_univariate,2,
current_velocity/H,medium,scope_selector_per_variate,scope_selector_per_variate,run_0,7,4,vanilla_multivariate,4,vanilla_multivariate,2,
current_velocity/H,medium,scope_selector_per_variate,scope_selector_per_variate,run_0,7,5,vanilla_multivariate,4,vanilla_multivariate,2,
current_velocity/H,medium,scope_selector_per_variate,scope_selector_per_variate,run_0,8,0,vanilla_univariate,4,vanilla_univariate,2,
current_velocity/H,medium,scope_selector_per_variate,scope_selector_per_variate,run_0,8,1,vanilla_univariate,4,vanilla_univariate,2,
current_velocity/H,medium,scope_selector_per_variate,scope_selector_per_variate,run_0,8,2,vanilla_multivariate,4,vanilla_multivariate,2,
current_velocity/H,medium,scope_selector_per_variate,scope_selector_per_variate,run_0,8,3,vanilla_univariate,4,vanilla_univariate,2,
current_velocity/H,medium,scope_selector_per_variate,scope_selector_per_variate,run_0,8,4,vanilla_univariate,4,vanilla_univariate,2,
current_velocity/H,medium,scope_selector_per_variate,scope_selector_per_variate,run_0,8,5,vanilla_univariate,4,vanilla_univariate,2,
current_velocity/H,medium,scope_selector_per_variate,scope_selector_per_variate,run_0,9,0,vanilla_univariate,4,vanilla_univariate,2,
current_velocity/H,medium,scope_selector_per_variate,scope_selector_per_variate,run_0,9,1,vanilla_univariate,4,vanilla_univariate,2,
current_velocity/H,medium,scope_selector_per_variate,scope_selector_per_variate,run_0,9,2,vanilla_univariate,4,vanilla_univariate,2,
current_velocity/H,medium,scope_selector_per_variate,scope_selector_per_variate,run_0,9,3,vanilla_univariate,4,vanilla_univariate,2,
current_velocity/H,medium,scope_selector_per_variate,scope_selector_per_variate,run_0,9,4,vanilla_univariate,4,vanilla_univariate,2,
current_velocity/H,medium,scope_selector_per_variate,scope_selector_per_variate,run_0,9,5,vanilla_multivariate,4,vanilla_multivariate,2,
current_velocity/H,medium,scope_selector_per_variate,scope_selector_per_variate,run_0,10,0,vanilla_multivariate,4,vanilla_multivariate,2,
current_velocity/H,medium,scope_selector_per_variate,scope_selector_per_variate,run_0,10,1,vanilla_multivariate,4,vanilla_multivariate,2,
current_velocity/H,medium,scope_selector_per_variate,scope_selector_per_variate,run_0,10,2,vanilla_multivariate,4,vanilla_multivariate,2,
current_velocity/H,medium,scope_selector_per_variate,scope_selector_per_variate,run_0,10,3,vanilla_univariate,4,vanilla_univariate,2,
current_velocity/H,medium,scope_selector_per_variate,scope_selector_per_variate,run_0,10,4,vanilla_univariate,4,vanilla_multivariate,2,
current_velocity/H,medium,scope_selector_per_variate,scope_selector_per_variate,run_0,10,5,vanilla_multivariate,4,vanilla_multivariate,2,
current_velocity/H,medium,scope_selector_per_variate,scope_selector_per_variate,run_0,11,0,vanilla_multivariate,4,vanilla_multivariate,2,
current_velocity/H,medium,scope_selector_per_variate,scope_selector_per_variate,run_0,11,1,vanilla_univariate,4,vanilla_multivariate,2,
current_velocity/H,medium,scope_selector_per_variate,scope_selector_per_variate,run_0,11,2,vanilla_univariate,4,vanilla_univariate,2,
current_velocity/H,medium,scope_selector_per_variate,scope_selector_per_variate,run_0,11,3,vanilla_univariate,4,vanilla_univariate,2,
current_velocity/H,medium,scope_selector_per_variate,scope_selector_per_variate,run_0,11,4,vanilla_univariate,4,vanilla_univariate,2,
current_velocity/H,medium,scope_selector_per_variate,scope_selector_per_variate,run_0,11,5,vanilla_univariate,4,vanilla_multivariate,2,
current_velocity/H,medium,scope_selector_per_variate,scope_selector_per_variate,run_0,12,0,vanilla_univariate,4,vanilla_univariate,2,
current_velocity/H,medium,scope_selector_per_variate,scope_selector_per_variate,run_0,12,1,vanilla_univariate,4,vanilla_multivariate,2,
current_velocity/H,medium,scope_selector_per_variate,scope_selector_per_variate,run_0,12,2,vanilla_multivariate,4,vanilla_multivariate,2,
current_velocity/H,medium,scope_selector_per_variate,scope_selector_per_variate,run_0,12,3,vanilla_univariate,4,vanilla_univariate,2,
current_velocity/H,medium,scope_selector_per_variate,scope_selector_per_variate,run_0,12,4,vanilla_univariate,4,vanilla_univariate,2,
current_velocity/H,medium,scope_selector_per_variate,scope_selector_per_variate,run_0,12,5,vanilla_univariate,4,vanilla_univariate,2,
current_velocity/H,medium,scope_selector_per_variate,scope_selector_per_variate,run_0,13,0,vanilla_univariate,4,vanilla_univariate,2,
current_velocity/H,medium,scope_selector_per_variate,scope_selector_per_variate,run_0,13,1,vanilla_univariate,4,vanilla_univariate,2,
current_velocity/H,medium,scope_selector_per_variate,scope_selector_per_variate,run_0,13,2,vanilla_multivariate,4,vanilla_multivariate,2,
current_velocity/H,medium,scope_selector_per_variate,scope_selector_per_variate,run_0,13,3,vanilla_univariate,4,vanilla_univariate,2,
current_velocity/H,medium,scope_selector_per_variate,scope_selector_per_variate,run_0,13,4,vanilla_univariate,4,vanilla_univariate,2,
current_velocity/H,medium,scope_selector_per_variate,scope_selector_per_variate,run_0,13,5,vanilla_multivariate,4,vanilla_multivariate,2,
current_velocity/H,medium,scope_selector_per_variate,scope_selector_per_variate,run_0,14,0,vanilla_multivariate,4,vanilla_multivariate,2,
current_velocity/H,medium,scope_selector_per_variate,scope_selector_per_variate,run_0,14,1,vanilla_univariate,4,vanilla_multivariate,2,
current_velocity/H,medium,scope_selector_per_variate,scope_selector_per_variate,run_0,14,2,vanilla_multivariate,4,vanilla_multivariate,2,
current_velocity/H,medium,scope_selector_per_variate,scope_selector_per_variate,run_0,14,3,vanilla_multivariate,4,vanilla_multivariate,2,
current_velocity/H,medium,scope_selector_per_variate,scope_selector_per_variate,run_0,14,4,vanilla_univariate,4,vanilla_univariate,2,
current_velocity/H,medium,scope_selector_per_variate,scope_selector_per_variate,run_0,14,5,vanilla_multivariate,4,vanilla_multivariate,2,
current_velocity/H,medium,scope_selector_per_variate,scope_selector_per_variate,run_0,15,0,vanilla_univariate,4,vanilla_multivariate,2,
current_velocity/H,medium,scope_selector_per_variate,scope_selector_per_variate,run_0,15,1,vanilla_multivariate,4,vanilla_multivariate,2,
current_velocity/H,medium,scope_selector_per_variate,scope_selector_per_variate,run_0,15,2,vanilla_univariate,4,vanilla_univariate,2,
current_velocity/H,medium,scope_selector_per_variate,scope_selector_per_variate,run_0,15,3,vanilla_multivariate,4,vanilla_multivariate,2,
current_velocity/H,medium,scope_selector_per_variate,scope_selector_per_variate,run_0,15,4,vanilla_multivariate,4,vanilla_multivariate,2,
current_velocity/H,medium,scope_selector_per_variate,scope_selector_per_variate,run_0,15,5,vanilla_multivariate,4,vanilla_multivariate,2,
current_velocity/H,medium,scope_selector_per_variate,scope_selector_per_variate,run_0,16,0,vanilla_multivariate,4,vanilla_multivariate,2,
current_velocity/H,medium,scope_selector_per_variate,scope_selector_per_variate,run_0,16,1,vanilla_univariate,4,vanilla_multivariate,2,
current_velocity/H,medium,scope_selector_per_variate,scope_selector_per_variate,run_0,16,2,vanilla_multivariate,4,vanilla_multivariate,2,
current_velocity/H,medium,scope_selector_per_variate,scope_selector_per_variate,run_0,16,3,vanilla_univariate,4,vanilla_univariate,2,
current_velocity/H,medium,scope_selector_per_variate,scope_selector_per_variate,run_0,16,4,vanilla_multivariate,4,vanilla_multivariate,2,
current_velocity/H,medium,scope_selector_per_variate,scope_selector_per_variate,run_0,16,5,vanilla_multivariate,4,vanilla_multivariate,2,
current_velocity/H,medium,scope_selector_per_variate,scope_selector_per_variate,run_0,17,0,vanilla_univariate,4,vanilla_multivariate,2,
current_velocity/H,medium,scope_selector_per_variate,scope_selector_per_variate,run_0,17,1,vanilla_univariate,4,vanilla_univariate,2,
current_velocity/H,medium,scope_selector_per_variate,scope_selector_per_variate,run_0,17,2,vanilla_univariate,4,vanilla_univariate,2,
current_velocity/H,medium,scope_selector_per_variate,scope_selector_per_variate,run_0,17,3,vanilla_multivariate,4,vanilla_multivariate,2,
current_velocity/H,medium,scope_selector_per_variate,scope_selector_per_variate,run_0,17,4,vanilla_univariate,4,vanilla_univariate,2,
current_velocity/H,medium,scope_selector_per_variate,scope_selector_per_variate,run_0,17,5,vanilla_univariate,4,vanilla_univariate,2,
current_velocity/H,medium,scope_selector_per_variate,scope_selector_per_variate,run_0,18,0,vanilla_univariate,4,vanilla_multivariate,2,
current_velocity/H,medium,scope_selector_per_variate,scope_selector_per_variate,run_0,18,1,vanilla_univariate,4,vanilla_univariate,2,
current_velocity/H,medium,scope_selector_per_variate,scope_selector_per_variate,run_0,18,2,vanilla_univariate,4,vanilla_univariate,2,
current_velocity/H,medium,scope_selector_per_variate,scope_selector_per_variate,run_0,18,3,vanilla_univariate,4,vanilla_univariate,2,
current_velocity/H,medium,scope_selector_per_variate,scope_selector_per_variate,run_0,18,4,vanilla_univariate,4,vanilla_univariate,2,
current_velocity/H,medium,scope_selector_per_variate,scope_selector_per_variate,run_0,18,5,vanilla_univariate,4,vanilla_univariate,2,
current_velocity/H,medium,scope_selector_per_variate,scope_selector_per_variate,run_0,19,0,vanilla_univariate,4,vanilla_univariate,2,
current_velocity/H,medium,scope_selector_per_variate,scope_selector_per_variate,run_0,19,1,vanilla_univariate,4,vanilla_univariate,2,
current_velocity/H,medium,scope_selector_per_variate,scope_selector_per_variate,run_0,19,2,vanilla_univariate,4,vanilla_univariate,2,
current_velocity/H,medium,scope_selector_per_variate,scope_selector_per_variate,run_0,19,3,vanilla_univariate,4,vanilla_multivariate,2,
current_velocity/H,medium,scope_selector_per_variate,scope_selector_per_variate,run_0,19,4,vanilla_univariate,4,vanilla_univariate,2,
current_velocity/H,medium,scope_selector_per_variate,scope_selector_per_variate,run_0,19,5,vanilla_multivariate,4,vanilla_multivariate,2,
current_velocity/H,medium,scope_selector_per_variate,scope_selector_per_variate,run_0,20,0,vanilla_univariate,4,vanilla_multivariate,2,
current_velocity/H,medium,scope_selector_per_variate,scope_selector_per_variate,run_0,20,1,vanilla_univariate,4,vanilla_multivariate,2,
current_velocity/H,medium,scope_selector_per_variate,scope_selector_per_variate,run_0,20,2,vanilla_univariate,4,vanilla_univariate,2,
current_velocity/H,medium,scope_selector_per_variate,scope_selector_per_variate,run_0,20,3,vanilla_univariate,4,vanilla_multivariate,2,
current_velocity/H,medium,scope_selector_per_variate,scope_selector_per_variate,run_0,20,4,vanilla_univariate,4,vanilla_univariate,2,
current_velocity/H,medium,scope_selector_per_variate,scope_selector_per_variate,run_0,20,5,vanilla_univariate,4,vanilla_univariate,2,
current_velocity/H,long,scope_selector,scope_selector,run_1,,,vanilla_univariate,42,vanilla_univariate,3,
current_velocity/H,long,scope_selector_per_variate,scope_selector_per_variate,run_0,0,0,vanilla_multivariate,2,vanilla_multivariate,1,
current_velocity/H,long,scope_selector_per_variate,scope_selector_per_variate,run_0,0,1,vanilla_multivariate,2,vanilla_multivariate,1,
current_velocity/H,long,scope_selector_per_variate,scope_selector_per_variate,run_0,0,2,vanilla_univariate,2,vanilla_univariate,1,
current_velocity/H,long,scope_selector_per_variate,scope_selector_per_variate,run_0,0,3,vanilla_multivariate,2,vanilla_multivariate,1,
current_velocity/H,long,scope_selector_per_variate,scope_selector_per_variate,run_0,0,4,vanilla_multivariate,2,vanilla_multivariate,1,
current_velocity/H,long,scope_selector_per_variate,scope_selector_per_variate,run_0,0,5,vanilla_univariate,2,vanilla_multivariate,1,
current_velocity/H,long,scope_selector_per_variate,scope_selector_per_variate,run_0,1,0,vanilla_univariate,2,vanilla_multivariate,1,
current_velocity/H,long,scope_selector_per_variate,scope_selector_per_variate,run_0,1,1,vanilla_multivariate,2,vanilla_multivariate,1,
current_velocity/H,long,scope_selector_per_variate,scope_selector_per_variate,run_0,1,2,vanilla_univariate,2,vanilla_multivariate,1,
current_velocity/H,long,scope_selector_per_variate,scope_selector_per_variate,run_0,1,3,vanilla_multivariate,2,vanilla_multivariate,1,
current_velocity/H,long,scope_selector_per_variate,scope_selector_per_variate,run_0,1,4,vanilla_univariate,2,vanilla_univariate,1,
current_velocity/H,long,scope_selector_per_variate,scope_selector_per_variate,run_0,1,5,vanilla_univariate,2,vanilla_univariate,1,
current_velocity/H,long,scope_selector_per_variate,scope_selector_per_variate,run_0,2,0,vanilla_univariate,2,vanilla_univariate,1,
current_velocity/H,long,scope_selector_per_variate,scope_selector_per_variate,run_0,2,1,vanilla_univariate,2,vanilla_univariate,1,
current_velocity/H,long,scope_selector_per_variate,scope_selector_per_variate,run_0,2,2,vanilla_multivariate,2,vanilla_multivariate,1,
current_velocity/H,long,scope_selector_per_variate,scope_selector_per_variate,run_0,2,3,vanilla_univariate,2,vanilla_univariate,1,
current_velocity/H,long,scope_selector_per_variate,scope_selector_per_variate,run_0,2,4,vanilla_univariate,2,vanilla_univariate,1,
current_velocity/H,long,scope_selector_per_variate,scope_selector_per_variate,run_0,2,5,vanilla_univariate,2,vanilla_multivariate,1,
current_velocity/H,long,scope_selector_per_variate,scope_selector_per_variate,run_0,3,0,vanilla_univariate,2,vanilla_univariate,1,
current_velocity/H,long,scope_selector_per_variate,scope_selector_per_variate,run_0,3,1,vanilla_multivariate,2,vanilla_multivariate,1,
current_velocity/H,long,scope_selector_per_variate,scope_selector_per_variate,run_0,3,2,vanilla_univariate,2,vanilla_univariate,1,
current_velocity/H,long,scope_selector_per_variate,scope_selector_per_variate,run_0,3,3,vanilla_multivariate,2,vanilla_multivariate,1,
current_velocity/H,long,scope_selector_per_variate,scope_selector_per_variate,run_0,3,4,vanilla_univariate,2,vanilla_univariate,1,
current_velocity/H,long,scope_selector_per_variate,scope_selector_per_variate,run_0,3,5,vanilla_univariate,2,vanilla_univariate,1,
current_velocity/H,long,scope_selector_per_variate,scope_selector_per_variate,run_0,4,0,vanilla_multivariate,2,vanilla_multivariate,1,
current_velocity/H,long,scope_selector_per_variate,scope_selector_per_variate,run_0,4,1,vanilla_multivariate,2,vanilla_multivariate,1,
current_velocity/H,long,scope_selector_per_variate,scope_selector_per_variate,run_0,4,2,vanilla_univariate,2,vanilla_univariate,1,
current_velocity/H,long,scope_selector_per_variate,scope_selector_per_variate,run_0,4,3,vanilla_univariate,2,vanilla_univariate,1,
current_velocity/H,long,scope_selector_per_variate,scope_selector_per_variate,run_0,4,4,vanilla_univariate,2,vanilla_univariate,1,
current_velocity/H,long,scope_selector_per_variate,scope_selector_per_variate,run_0,4,5,vanilla_univariate,2,vanilla_multivariate,1,
current_velocity/H,long,scope_selector_per_variate,scope_selector_per_variate,run_0,5,0,vanilla_univariate,2,vanilla_multivariate,1,
current_velocity/H,long,scope_selector_per_variate,scope_selector_per_variate,run_0,5,1,vanilla_univariate,2,vanilla_univariate,1,
current_velocity/H,long,scope_selector_per_variate,scope_selector_per_variate,run_0,5,2,vanilla_univariate,2,vanilla_univariate,1,
current_velocity/H,long,scope_selector_per_variate,scope_selector_per_variate,run_0,5,3,vanilla_univariate,2,vanilla_univariate,1,
current_velocity/H,long,scope_selector_per_variate,scope_selector_per_variate,run_0,5,4,vanilla_univariate,2,vanilla_univariate,1,
current_velocity/H,long,scope_selector_per_variate,scope_selector_per_variate,run_0,5,5,vanilla_univariate,2,vanilla_univariate,1,
current_velocity/H,long,scope_selector_per_variate,scope_selector_per_variate,run_0,6,0,vanilla_univariate,2,vanilla_univariate,1,
current_velocity/H,long,scope_selector_per_variate,scope_selector_per_variate,run_0,6,1,vanilla_univariate,2,vanilla_univariate,1,
current_velocity/H,long,scope_selector_per_variate,scope_selector_per_variate,run_0,6,2,vanilla_univariate,2,vanilla_multivariate,1,
current_velocity/H,long,scope_selector_per_variate,scope_selector_per_variate,run_0,6,3,vanilla_univariate,2,vanilla_univariate,1,
current_velocity/H,long,scope_selector_per_variate,scope_selector_per_variate,run_0,6,4,vanilla_univariate,2,vanilla_univariate,1,
current_velocity/H,long,scope_selector_per_variate,scope_selector_per_variate,run_0,6,5,vanilla_univariate,2,vanilla_univariate,1,
current_velocity/H,long,scope_selector_per_variate,scope_selector_per_variate,run_0,7,0,vanilla_multivariate,2,vanilla_multivariate,1,
current_velocity/H,long,scope_selector_per_variate,scope_selector_per_variate,run_0,7,1,vanilla_univariate,2,vanilla_multivariate,1,
current_velocity/H,long,scope_selector_per_variate,scope_selector_per_variate,run_0,7,2,vanilla_multivariate,2,vanilla_multivariate,1,
current_velocity/H,long,scope_selector_per_variate,scope_selector_per_variate,run_0,7,3,vanilla_univariate,2,vanilla_multivariate,1,
current_velocity/H,long,scope_selector_per_variate,scope_selector_per_variate,run_0,7,4,vanilla_univariate,2,vanilla_univariate,1,
current_velocity/H,long,scope_selector_per_variate,scope_selector_per_variate,run_0,7,5,vanilla_multivariate,2,vanilla_multivariate,1,
current_velocity/H,long,scope_selector_per_variate,scope_selector_per_variate,run_0,8,0,vanilla_univariate,2,vanilla_univariate,1,
current_velocity/H,long,scope_selector_per_variate,scope_selector_per_variate,run_0,8,1,vanilla_univariate,2,vanilla_univariate,1,
current_velocity/H,long,scope_selector_per_variate,scope_selector_per_variate,run_0,8,2,vanilla_multivariate,2,vanilla_multivariate,1,
current_velocity/H,long,scope_selector_per_variate,scope_selector_per_variate,run_0,8,3,vanilla_multivariate,2,vanilla_multivariate,1,
current_velocity/H,long,scope_selector_per_variate,scope_selector_per_variate,run_0,8,4,vanilla_univariate,2,vanilla_univariate,1,
current_velocity/H,long,scope_selector_per_variate,scope_selector_per_variate,run_0,8,5,vanilla_univariate,2,vanilla_univariate,1,
current_velocity/H,long,scope_selector_per_variate,scope_selector_per_variate,run_0,9,0,vanilla_univariate,2,vanilla_univariate,1,
current_velocity/H,long,scope_selector_per_variate,scope_selector_per_variate,run_0,9,1,vanilla_univariate,2,vanilla_univariate,1,
current_velocity/H,long,scope_selector_per_variate,scope_selector_per_variate,run_0,9,2,vanilla_univariate,2,vanilla_univariate,1,
current_velocity/H,long,scope_selector_per_variate,scope_selector_per_variate,run_0,9,3,vanilla_univariate,2,vanilla_univariate,1,
current_velocity/H,long,scope_selector_per_variate,scope_selector_per_variate,run_0,9,4,vanilla_univariate,2,vanilla_univariate,1,
current_velocity/H,long,scope_selector_per_variate,scope_selector_per_variate,run_0,9,5,vanilla_multivariate,2,vanilla_multivariate,1,
current_velocity/H,long,scope_selector_per_variate,scope_selector_per_variate,run_0,10,0,vanilla_multivariate,2,vanilla_multivariate,1,
current_velocity/H,long,scope_selector_per_variate,scope_selector_per_variate,run_0,10,1,vanilla_multivariate,2,vanilla_multivariate,1,
current_velocity/H,long,scope_selector_per_variate,scope_selector_per_variate,run_0,10,2,vanilla_multivariate,2,vanilla_multivariate,1,
current_velocity/H,long,scope_selector_per_variate,scope_selector_per_variate,run_0,10,3,vanilla_univariate,2,vanilla_multivariate,1,
current_velocity/H,long,scope_selector_per_variate,scope_selector_per_variate,run_0,10,4,vanilla_univariate,2,vanilla_univariate,1,
current_velocity/H,long,scope_selector_per_variate,scope_selector_per_variate,run_0,10,5,vanilla_multivariate,2,vanilla_multivariate,1,
current_velocity/H,long,scope_selector_per_variate,scope_selector_per_variate,run_0,11,0,vanilla_univariate,2,vanilla_univariate,1,
current_velocity/H,long,scope_selector_per_variate,scope_selector_per_variate,run_0,11,1,vanilla_univariate,2,vanilla_univariate,1,
current_velocity/H,long,scope_selector_per_variate,scope_selector_per_variate,run_0,11,2,vanilla_univariate,2,vanilla_univariate,1,
current_velocity/H,long,scope_selector_per_variate,scope_selector_per_variate,run_0,11,3,vanilla_univariate,2,vanilla_univariate,1,
current_velocity/H,long,scope_selector_per_variate,scope_selector_per_variate,run_0,11,4,vanilla_univariate,2,vanilla_univariate,1,
current_velocity/H,long,scope_selector_per_variate,scope_selector_per_variate,run_0,11,5,vanilla_multivariate,2,vanilla_multivariate,1,
current_velocity/H,long,scope_selector_per_variate,scope_selector_per_variate,run_0,12,0,vanilla_univariate,2,vanilla_multivariate,1,
current_velocity/H,long,scope_selector_per_variate,scope_selector_per_variate,run_0,12,1,vanilla_multivariate,2,vanilla_multivariate,1,
current_velocity/H,long,scope_selector_per_variate,scope_selector_per_variate,run_0,12,2,vanilla_univariate,2,vanilla_univariate,1,
current_velocity/H,long,scope_selector_per_variate,scope_selector_per_variate,run_0,12,3,vanilla_univariate,2,vanilla_multivariate,1,
current_velocity/H,long,scope_selector_per_variate,scope_selector_per_variate,run_0,12,4,vanilla_univariate,2,vanilla_univariate,1,
current_velocity/H,long,scope_selector_per_variate,scope_selector_per_variate,run_0,12,5,vanilla_univariate,2,vanilla_univariate,1,
current_velocity/H,long,scope_selector_per_variate,scope_selector_per_variate,run_0,13,0,vanilla_univariate,2,vanilla_univariate,1,
current_velocity/H,long,scope_selector_per_variate,scope_selector_per_variate,run_0,13,1,vanilla_univariate,2,vanilla_univariate,1,
current_velocity/H,long,scope_selector_per_variate,scope_selector_per_variate,run_0,13,2,vanilla_multivariate,2,vanilla_multivariate,1,
current_velocity/H,long,scope_selector_per_variate,scope_selector_per_variate,run_0,13,3,vanilla_multivariate,2,vanilla_multivariate,1,
current_velocity/H,long,scope_selector_per_variate,scope_selector_per_variate,run_0,13,4,vanilla_univariate,2,vanilla_univariate,1,
current_velocity/H,long,scope_selector_per_variate,scope_selector_per_variate,run_0,13,5,vanilla_multivariate,2,vanilla_multivariate,1,
current_velocity/H,long,scope_selector_per_variate,scope_selector_per_variate,run_0,14,0,vanilla_multivariate,2,vanilla_multivariate,1,
current_velocity/H,long,scope_selector_per_variate,scope_selector_per_variate,run_0,14,1,vanilla_univariate,2,vanilla_multivariate,1,
current_velocity/H,long,scope_selector_per_variate,scope_selector_per_variate,run_0,14,2,vanilla_multivariate,2,vanilla_multivariate,1,
current_velocity/H,long,scope_selector_per_variate,scope_selector_per_variate,run_0,14,3,vanilla_multivariate,2,vanilla_multivariate,1,
current_velocity/H,long,scope_selector_per_variate,scope_selector_per_variate,run_0,14,4,vanilla_univariate,2,vanilla_univariate,1,
current_velocity/H,long,scope_selector_per_variate,scope_selector_per_variate,run_0,14,5,vanilla_multivariate,2,vanilla_multivariate,1,
current_velocity/H,long,scope_selector_per_variate,scope_selector_per_variate,run_0,15,0,vanilla_multivariate,2,vanilla_multivariate,1,
current_velocity/H,long,scope_selector_per_variate,scope_selector_per_variate,run_0,15,1,vanilla_multivariate,2,vanilla_multivariate,1,
current_velocity/H,long,scope_selector_per_variate,scope_selector_per_variate,run_0,15,2,vanilla_univariate,2,vanilla_univariate,1,
current_velocity/H,long,scope_selector_per_variate,scope_selector_per_variate,run_0,15,3,vanilla_univariate,2,vanilla_multivariate,1,
current_velocity/H,long,scope_selector_per_variate,scope_selector_per_variate,run_0,15,4,vanilla_univariate,2,vanilla_univariate,1,
current_velocity/H,long,scope_selector_per_variate,scope_selector_per_variate,run_0,15,5,vanilla_multivariate,2,vanilla_multivariate,1,
current_velocity/H,long,scope_selector_per_variate,scope_selector_per_variate,run_0,16,0,vanilla_multivariate,2,vanilla_multivariate,1,
current_velocity/H,long,scope_selector_per_variate,scope_selector_per_variate,run_0,16,1,vanilla_univariate,2,vanilla_univariate,1,
current_velocity/H,long,scope_selector_per_variate,scope_selector_per_variate,run_0,16,2,vanilla_multivariate,2,vanilla_multivariate,1,
current_velocity/H,long,scope_selector_per_variate,scope_selector_per_variate,run_0,16,3,vanilla_univariate,2,vanilla_univariate,1,
current_velocity/H,long,scope_selector_per_variate,scope_selector_per_variate,run_0,16,4,vanilla_univariate,2,vanilla_multivariate,1,
current_velocity/H,long,scope_selector_per_variate,scope_selector_per_variate,run_0,16,5,vanilla_multivariate,2,vanilla_multivariate,1,
current_velocity/H,long,scope_selector_per_variate,scope_selector_per_variate,run_0,17,0,vanilla_univariate,2,vanilla_multivariate,1,
current_velocity/H,long,scope_selector_per_variate,scope_selector_per_variate,run_0,17,1,vanilla_univariate,2,vanilla_multivariate,1,
current_velocity/H,long,scope_selector_per_variate,scope_selector_per_variate,run_0,17,2,vanilla_univariate,2,vanilla_univariate,1,
current_velocity/H,long,scope_selector_per_variate,scope_selector_per_variate,run_0,17,3,vanilla_multivariate,2,vanilla_multivariate,1,
current_velocity/H,long,scope_selector_per_variate,scope_selector_per_variate,run_0,17,4,vanilla_univariate,2,vanilla_univariate,1,
current_velocity/H,long,scope_selector_per_variate,scope_selector_per_variate,run_0,17,5,vanilla_univariate,2,vanilla_univariate,1,
current_velocity/H,long,scope_selector_per_variate,scope_selector_per_variate,run_0,18,0,vanilla_univariate,2,vanilla_multivariate,1,
current_velocity/H,long,scope_selector_per_variate,scope_selector_per_variate,run_0,18,1,vanilla_univariate,2,vanilla_univariate,1,
current_velocity/H,long,scope_selector_per_variate,scope_selector_per_variate,run_0,18,2,vanilla_univariate,2,vanilla_univariate,1,
current_velocity/H,long,scope_selector_per_variate,scope_selector_per_variate,run_0,18,3,vanilla_univariate,2,vanilla_univariate,1,
current_velocity/H,long,scope_selector_per_variate,scope_selector_per_variate,run_0,18,4,vanilla_univariate,2,vanilla_univariate,1,
current_velocity/H,long,scope_selector_per_variate,scope_selector_per_variate,run_0,18,5,vanilla_univariate,2,vanilla_univariate,1,
current_velocity/H,long,scope_selector_per_variate,scope_selector_per_variate,run_0,19,0,vanilla_univariate,2,vanilla_univariate,1,
current_velocity/H,long,scope_selector_per_variate,scope_selector_per_variate,run_0,19,1,vanilla_multivariate,2,vanilla_multivariate,1,
current_velocity/H,long,scope_selector_per_variate,scope_selector_per_variate,run_0,19,2,vanilla_univariate,2,vanilla_univariate,1,
current_velocity/H,long,scope_selector_per_variate,scope_selector_per_variate,run_0,19,3,vanilla_univariate,2,vanilla_multivariate,1,
current_velocity/H,long,scope_selector_per_variate,scope_selector_per_variate,run_0,19,4,vanilla_univariate,2,vanilla_multivariate,1,
current_velocity/H,long,scope_selector_per_variate,scope_selector_per_variate,run_0,19,5,vanilla_univariate,2,vanilla_multivariate,1,
current_velocity/H,long,scope_selector_per_variate,scope_selector_per_variate,run_0,20,0,vanilla_univariate,2,vanilla_univariate,1,
current_velocity/H,long,scope_selector_per_variate,scope_selector_per_variate,run_0,20,1,vanilla_univariate,2,vanilla_univariate,1,
current_velocity/H,long,scope_selector_per_variate,scope_selector_per_variate,run_0,20,2,vanilla_univariate,2,vanilla_univariate,1,
current_velocity/H,long,scope_selector_per_variate,scope_selector_per_variate,run_0,20,3,vanilla_univariate,2,vanilla_univariate,1,
current_velocity/H,long,scope_selector_per_variate,scope_selector_per_variate,run_0,20,4,vanilla_univariate,2,vanilla_univariate,1,
current_velocity/H,long,scope_selector_per_variate,scope_selector_per_variate,run_0,20,5,vanilla_univariate,2,vanilla_univariate,1,
CPHL/15T,short,scope_selector,scope_selector,run_1,,,vanilla_univariate,240,vanilla_univariate,6,
CPHL/15T,short,scope_selector_per_variate,scope_selector_per_variate,run_0,0,0,vanilla_univariate,120,vanilla_univariate,5,
CPHL/15T,short,scope_selector_per_variate,scope_selector_per_variate,run_0,1,0,vanilla_univariate,120,vanilla_univariate,5,
CPHL/15T,medium,scope_selector,scope_selector,run_1,,,vanilla_univariate,30,vanilla_univariate,3,
CPHL/15T,medium,scope_selector_per_variate,scope_selector_per_variate,run_0,0,0,vanilla_univariate,15,vanilla_univariate,2,
CPHL/15T,medium,scope_selector_per_variate,scope_selector_per_variate,run_0,1,0,vanilla_univariate,15,vanilla_multivariate,2,
CPHL/15T,long,scope_selector,scope_selector,run_1,,,vanilla_multivariate,10,vanilla_multivariate,2,
CPHL/15T,long,scope_selector_per_variate,scope_selector_per_variate,run_0,0,0,vanilla_multivariate,5,vanilla_multivariate,2,
CPHL/15T,long,scope_selector_per_variate,scope_selector_per_variate,run_0,1,0,vanilla_multivariate,5,vanilla_multivariate,2,
CPHL/30T,short,scope_selector,scope_selector,run_1,,,vanilla_univariate,239,vanilla_univariate,6,
CPHL/30T,short,scope_selector_per_variate,scope_selector_per_variate,run_0,0,0,vanilla_univariate,119,vanilla_univariate,5,
CPHL/30T,short,scope_selector_per_variate,scope_selector_per_variate,run_0,1,0,vanilla_univariate,120,vanilla_univariate,5,
CPHL/30T,medium,scope_selector,scope_selector,run_1,,,vanilla_univariate,60,vanilla_univariate,4,
CPHL/30T,medium,scope_selector_per_variate,scope_selector_per_variate,run_0,0,0,vanilla_univariate,30,vanilla_univariate,3,
CPHL/30T,medium,scope_selector_per_variate,scope_selector_per_variate,run_0,1,0,vanilla_univariate,30,vanilla_univariate,3,
CPHL/30T,long,scope_selector,scope_selector,run_1,,,vanilla_multivariate,20,vanilla_multivariate,3,
CPHL/30T,long,scope_selector_per_variate,scope_selector_per_variate,run_0,0,0,vanilla_multivariate,10,vanilla_multivariate,2,
CPHL/30T,long,scope_selector_per_variate,scope_selector_per_variate,run_0,1,0,vanilla_multivariate,10,vanilla_multivariate,2,
CPHL/H,short,scope_selector,scope_selector,run_1,,,vanilla_univariate,112,vanilla_univariate,5,
CPHL/H,short,scope_selector_per_variate,scope_selector_per_variate,run_0,0,0,vanilla_univariate,28,vanilla_univariate,3,
CPHL/H,short,scope_selector_per_variate,scope_selector_per_variate,run_0,1,0,vanilla_univariate,28,vanilla_univariate,3,
CPHL/H,short,scope_selector_per_variate,scope_selector_per_variate,run_0,2,0,vanilla_univariate,28,vanilla_univariate,3,
CPHL/H,short,scope_selector_per_variate,scope_selector_per_variate,run_0,3,0,vanilla_univariate,28,vanilla_univariate,3,
CPHL/H,medium,scope_selector,scope_selector,run_1,,,vanilla_univariate,16,vanilla_univariate,3,
CPHL/H,medium,scope_selector_per_variate,scope_selector_per_variate,run_0,0,0,vanilla_univariate,4,vanilla_univariate,2,
CPHL/H,medium,scope_selector_per_variate,scope_selector_per_variate,run_0,1,0,vanilla_univariate,4,vanilla_multivariate,2,
CPHL/H,medium,scope_selector_per_variate,scope_selector_per_variate,run_0,2,0,vanilla_univariate,4,vanilla_univariate,2,
CPHL/H,medium,scope_selector_per_variate,scope_selector_per_variate,run_0,3,0,vanilla_univariate,4,vanilla_univariate,2,
CPHL/H,long,scope_selector,scope_selector,run_1,,,vanilla_multivariate,8,vanilla_multivariate,2,
CPHL/H,long,scope_selector_per_variate,scope_selector_per_variate,run_0,0,0,vanilla_multivariate,2,vanilla_multivariate,1,
CPHL/H,long,scope_selector_per_variate,scope_selector_per_variate,run_0,1,0,vanilla_univariate,2,vanilla_univariate,1,
CPHL/H,long,scope_selector_per_variate,scope_selector_per_variate,run_0,2,0,vanilla_univariate,2,vanilla_univariate,1,
CPHL/H,long,scope_selector_per_variate,scope_selector_per_variate,run_0,3,0,vanilla_univariate,2,vanilla_univariate,1,
Coastal_T_S/15T,short,scope_selector,scope_selector,run_1,,,vanilla_multivariate,240,vanilla_multivariate,6,
Coastal_T_S/15T,short,scope_selector_per_variate,scope_selector_per_variate,run_0,0,0,vanilla_multivariate,120,vanilla_multivariate,5,
Coastal_T_S/15T,short,scope_selector_per_variate,scope_selector_per_variate,run_0,0,1,vanilla_univariate,120,vanilla_multivariate,5,
Coastal_T_S/15T,short,scope_selector_per_variate,scope_selector_per_variate,run_0,0,2,vanilla_univariate,120,vanilla_univariate,5,
Coastal_T_S/15T,short,scope_selector_per_variate,scope_selector_per_variate,run_0,1,0,vanilla_univariate,120,vanilla_univariate,5,
Coastal_T_S/15T,short,scope_selector_per_variate,scope_selector_per_variate,run_0,1,1,vanilla_univariate,120,vanilla_univariate,5,
Coastal_T_S/15T,short,scope_selector_per_variate,scope_selector_per_variate,run_0,1,2,vanilla_univariate,120,vanilla_univariate,5,
Coastal_T_S/15T,short,scope_selector_per_variate,scope_selector_per_variate,run_0,2,0,vanilla_univariate,120,vanilla_univariate,5,
Coastal_T_S/15T,short,scope_selector_per_variate,scope_selector_per_variate,run_0,2,1,vanilla_univariate,120,vanilla_univariate,5,
Coastal_T_S/15T,short,scope_selector_per_variate,scope_selector_per_variate,run_0,2,2,vanilla_multivariate,120,vanilla_multivariate,5,
Coastal_T_S/15T,short,scope_selector_per_variate,scope_selector_per_variate,run_0,3,0,vanilla_multivariate,120,vanilla_multivariate,5,
Coastal_T_S/15T,short,scope_selector_per_variate,scope_selector_per_variate,run_0,3,1,vanilla_univariate,120,vanilla_univariate,5,
Coastal_T_S/15T,short,scope_selector_per_variate,scope_selector_per_variate,run_0,3,2,vanilla_univariate,120,vanilla_multivariate,5,
Coastal_T_S/15T,short,scope_selector_per_variate,scope_selector_per_variate,run_0,4,0,vanilla_univariate,120,vanilla_multivariate,5,
Coastal_T_S/15T,short,scope_selector_per_variate,scope_selector_per_variate,run_0,4,1,vanilla_univariate,120,vanilla_multivariate,5,
Coastal_T_S/15T,short,scope_selector_per_variate,scope_selector_per_variate,run_0,4,2,vanilla_univariate,120,vanilla_multivariate,5,
Coastal_T_S/15T,medium,scope_selector,scope_selector,run_1,,,vanilla_univariate,30,vanilla_univariate,3,
Coastal_T_S/15T,medium,scope_selector_per_variate,scope_selector_per_variate,run_0,0,0,vanilla_univariate,15,vanilla_multivariate,2,
Coastal_T_S/15T,medium,scope_selector_per_variate,scope_selector_per_variate,run_0,0,1,vanilla_univariate,15,vanilla_univariate,2,
Coastal_T_S/15T,medium,scope_selector_per_variate,scope_selector_per_variate,run_0,0,2,vanilla_univariate,15,vanilla_univariate,2,
Coastal_T_S/15T,medium,scope_selector_per_variate,scope_selector_per_variate,run_0,1,0,vanilla_univariate,15,vanilla_univariate,2,
Coastal_T_S/15T,medium,scope_selector_per_variate,scope_selector_per_variate,run_0,1,1,vanilla_univariate,15,vanilla_univariate,2,
Coastal_T_S/15T,medium,scope_selector_per_variate,scope_selector_per_variate,run_0,1,2,vanilla_univariate,15,vanilla_univariate,2,
Coastal_T_S/15T,medium,scope_selector_per_variate,scope_selector_per_variate,run_0,2,0,vanilla_univariate,15,vanilla_univariate,2,
Coastal_T_S/15T,medium,scope_selector_per_variate,scope_selector_per_variate,run_0,2,1,vanilla_univariate,15,vanilla_univariate,2,
Coastal_T_S/15T,medium,scope_selector_per_variate,scope_selector_per_variate,run_0,2,2,vanilla_multivariate,15,vanilla_multivariate,2,
Coastal_T_S/15T,medium,scope_selector_per_variate,scope_selector_per_variate,run_0,3,0,vanilla_univariate,15,vanilla_multivariate,2,
Coastal_T_S/15T,medium,scope_selector_per_variate,scope_selector_per_variate,run_0,3,1,vanilla_univariate,15,vanilla_univariate,2,
Coastal_T_S/15T,medium,scope_selector_per_variate,scope_selector_per_variate,run_0,3,2,vanilla_univariate,15,vanilla_multivariate,2,
Coastal_T_S/15T,medium,scope_selector_per_variate,scope_selector_per_variate,run_0,4,0,vanilla_univariate,15,vanilla_univariate,2,
Coastal_T_S/15T,medium,scope_selector_per_variate,scope_selector_per_variate,run_0,4,1,vanilla_univariate,15,vanilla_univariate,2,
Coastal_T_S/15T,medium,scope_selector_per_variate,scope_selector_per_variate,run_0,4,2,vanilla_univariate,15,vanilla_univariate,2,
Coastal_T_S/15T,long,scope_selector,scope_selector,run_1,,,vanilla_univariate,10,vanilla_multivariate,2,
Coastal_T_S/15T,long,scope_selector_per_variate,scope_selector_per_variate,run_0,0,0,vanilla_univariate,5,vanilla_multivariate,2,
Coastal_T_S/15T,long,scope_selector_per_variate,scope_selector_per_variate,run_0,0,1,vanilla_univariate,5,vanilla_univariate,2,
Coastal_T_S/15T,long,scope_selector_per_variate,scope_selector_per_variate,run_0,0,2,vanilla_univariate,5,vanilla_univariate,2,
Coastal_T_S/15T,long,scope_selector_per_variate,scope_selector_per_variate,run_0,1,0,vanilla_univariate,5,vanilla_univariate,2,
Coastal_T_S/15T,long,scope_selector_per_variate,scope_selector_per_variate,run_0,1,1,vanilla_univariate,5,vanilla_univariate,2,
Coastal_T_S/15T,long,scope_selector_per_variate,scope_selector_per_variate,run_0,1,2,vanilla_univariate,5,vanilla_univariate,2,
Coastal_T_S/15T,long,scope_selector_per_variate,scope_selector_per_variate,run_0,2,0,vanilla_univariate,5,vanilla_univariate,2,
Coastal_T_S/15T,long,scope_selector_per_variate,scope_selector_per_variate,run_0,2,1,vanilla_univariate,5,vanilla_univariate,2,
Coastal_T_S/15T,long,scope_selector_per_variate,scope_selector_per_variate,run_0,2,2,vanilla_multivariate,5,vanilla_multivariate,2,
Coastal_T_S/15T,long,scope_selector_per_variate,scope_selector_per_variate,run_0,3,0,vanilla_multivariate,5,vanilla_multivariate,2,
Coastal_T_S/15T,long,scope_selector_per_variate,scope_selector_per_variate,run_0,3,1,vanilla_multivariate,5,vanilla_multivariate,2,
Coastal_T_S/15T,long,scope_selector_per_variate,scope_selector_per_variate,run_0,3,2,vanilla_multivariate,5,vanilla_multivariate,2,
Coastal_T_S/15T,long,scope_selector_per_variate,scope_selector_per_variate,run_0,4,0,vanilla_univariate,5,vanilla_univariate,2,
Coastal_T_S/15T,long,scope_selector_per_variate,scope_selector_per_variate,run_0,4,1,vanilla_univariate,5,vanilla_univariate,2,
Coastal_T_S/15T,long,scope_selector_per_variate,scope_selector_per_variate,run_0,4,2,vanilla_univariate,5,vanilla_univariate,2,
Coastal_T_S/20T,short,scope_selector,scope_selector,run_1,,,vanilla_multivariate,120,vanilla_multivariate,5,
Coastal_T_S/20T,short,scope_selector_per_variate,scope_selector_per_variate,run_0,0,0,vanilla_multivariate,120,vanilla_multivariate,5,
Coastal_T_S/20T,short,scope_selector_per_variate,scope_selector_per_variate,run_0,0,1,vanilla_multivariate,120,vanilla_multivariate,5,
Coastal_T_S/20T,short,scope_selector_per_variate,scope_selector_per_variate,run_0,0,2,vanilla_multivariate,120,vanilla_multivariate,5,
Coastal_T_S/20T,medium,scope_selector,scope_selector,run_1,,,vanilla_multivariate,15,vanilla_multivariate,2,
Coastal_T_S/20T,medium,scope_selector_per_variate,scope_selector_per_variate,run_0,0,0,vanilla_multivariate,15,vanilla_multivariate,2,
Coastal_T_S/20T,medium,scope_selector_per_variate,scope_selector_per_variate,run_0,0,1,vanilla_multivariate,15,vanilla_multivariate,2,
Coastal_T_S/20T,medium,scope_selector_per_variate,scope_selector_per_variate,run_0,0,2,vanilla_multivariate,15,vanilla_multivariate,2,
Coastal_T_S/20T,long,scope_selector,scope_selector,run_1,,,vanilla_multivariate,5,vanilla_multivariate,2,
Coastal_T_S/20T,long,scope_selector_per_variate,scope_selector_per_variate,run_0,0,0,vanilla_multivariate,5,vanilla_multivariate,2,
Coastal_T_S/20T,long,scope_selector_per_variate,scope_selector_per_variate,run_0,0,1,vanilla_multivariate,5,vanilla_multivariate,2,
Coastal_T_S/20T,long,scope_selector_per_variate,scope_selector_per_variate,run_0,0,2,vanilla_univariate,5,vanilla_univariate,2,
Coastal_T_S/H,short,scope_selector,scope_selector,run_1,,,vanilla_univariate,214,vanilla_multivariate,6,
Coastal_T_S/H,short,scope_selector_per_variate,scope_selector_per_variate,run_0,0,0,vanilla_univariate,28,vanilla_multivariate,3,
Coastal_T_S/H,short,scope_selector_per_variate,scope_selector_per_variate,run_0,0,1,vanilla_univariate,28,vanilla_univariate,3,
Coastal_T_S/H,short,scope_selector_per_variate,scope_selector_per_variate,run_0,0,2,vanilla_univariate,28,vanilla_multivariate,3,
Coastal_T_S/H,short,scope_selector_per_variate,scope_selector_per_variate,run_0,1,0,vanilla_univariate,28,vanilla_univariate,3,
Coastal_T_S/H,short,scope_selector_per_variate,scope_selector_per_variate,run_0,1,1,vanilla_multivariate,28,vanilla_multivariate,3,
Coastal_T_S/H,short,scope_selector_per_variate,scope_selector_per_variate,run_0,1,2,vanilla_univariate,28,vanilla_univariate,3,
Coastal_T_S/H,short,scope_selector_per_variate,scope_selector_per_variate,run_0,2,0,vanilla_multivariate,28,vanilla_multivariate,3,
Coastal_T_S/H,short,scope_selector_per_variate,scope_selector_per_variate,run_0,2,1,vanilla_univariate,28,vanilla_univariate,3,
Coastal_T_S/H,short,scope_selector_per_variate,scope_selector_per_variate,run_0,2,2,vanilla_univariate,28,vanilla_univariate,3,
Coastal_T_S/H,short,scope_selector_per_variate,scope_selector_per_variate,run_0,3,0,vanilla_univariate,28,vanilla_univariate,3,
Coastal_T_S/H,short,scope_selector_per_variate,scope_selector_per_variate,run_0,3,1,vanilla_univariate,28,vanilla_multivariate,3,
Coastal_T_S/H,short,scope_selector_per_variate,scope_selector_per_variate,run_0,3,2,vanilla_univariate,28,vanilla_univariate,3,
Coastal_T_S/H,short,scope_selector_per_variate,scope_selector_per_variate,run_0,4,0,vanilla_univariate,28,vanilla_univariate,3,
Coastal_T_S/H,short,scope_selector_per_variate,scope_selector_per_variate,run_0,4,1,vanilla_univariate,28,vanilla_multivariate,3,
Coastal_T_S/H,short,scope_selector_per_variate,scope_selector_per_variate,run_0,4,2,vanilla_univariate,28,vanilla_univariate,3,
Coastal_T_S/H,short,scope_selector_per_variate,scope_selector_per_variate,run_0,5,0,vanilla_univariate,28,vanilla_multivariate,3,
Coastal_T_S/H,short,scope_selector_per_variate,scope_selector_per_variate,run_0,5,1,vanilla_univariate,28,vanilla_univariate,3,
Coastal_T_S/H,short,scope_selector_per_variate,scope_selector_per_variate,run_0,5,2,vanilla_univariate,28,vanilla_univariate,3,
Coastal_T_S/H,short,scope_selector_per_variate,scope_selector_per_variate,run_0,6,0,vanilla_multivariate,28,vanilla_multivariate,3,
Coastal_T_S/H,short,scope_selector_per_variate,scope_selector_per_variate,run_0,6,1,vanilla_multivariate,28,vanilla_multivariate,3,
Coastal_T_S/H,short,scope_selector_per_variate,scope_selector_per_variate,run_0,6,2,vanilla_univariate,28,vanilla_univariate,3,
Coastal_T_S/H,short,scope_selector_per_variate,scope_selector_per_variate,run_0,7,0,vanilla_univariate,28,vanilla_multivariate,3,
Coastal_T_S/H,short,scope_selector_per_variate,scope_selector_per_variate,run_0,7,1,vanilla_univariate,28,vanilla_univariate,3,
Coastal_T_S/H,short,scope_selector_per_variate,scope_selector_per_variate,run_0,7,2,vanilla_univariate,28,vanilla_univariate,3,
Coastal_T_S/H,short,scope_selector_per_variate,scope_selector_per_variate,run_0,8,0,vanilla_multivariate,28,vanilla_multivariate,3,
Coastal_T_S/H,short,scope_selector_per_variate,scope_selector_per_variate,run_0,8,1,vanilla_univariate,28,vanilla_multivariate,3,
Coastal_T_S/H,short,scope_selector_per_variate,scope_selector_per_variate,run_0,8,2,vanilla_univariate,28,vanilla_multivariate,3,
Coastal_T_S/H,short,scope_selector_per_variate,scope_selector_per_variate,run_0,9,0,vanilla_multivariate,28,vanilla_multivariate,3,
Coastal_T_S/H,short,scope_selector_per_variate,scope_selector_per_variate,run_0,9,1,vanilla_univariate,28,vanilla_multivariate,3,
Coastal_T_S/H,short,scope_selector_per_variate,scope_selector_per_variate,run_0,9,2,vanilla_univariate,28,vanilla_multivariate,3,
Coastal_T_S/H,short,scope_selector_per_variate,scope_selector_per_variate,run_0,10,0,vanilla_multivariate,28,vanilla_multivariate,3,
Coastal_T_S/H,short,scope_selector_per_variate,scope_selector_per_variate,run_0,10,1,vanilla_univariate,28,vanilla_univariate,3,
Coastal_T_S/H,short,scope_selector_per_variate,scope_selector_per_variate,run_0,10,2,vanilla_univariate,28,vanilla_univariate,3,
Coastal_T_S/H,short,scope_selector_per_variate,scope_selector_per_variate,run_0,11,0,vanilla_univariate,28,vanilla_univariate,3,
Coastal_T_S/H,short,scope_selector_per_variate,scope_selector_per_variate,run_0,11,1,vanilla_univariate,28,vanilla_univariate,3,
Coastal_T_S/H,short,scope_selector_per_variate,scope_selector_per_variate,run_0,11,2,vanilla_multivariate,28,vanilla_multivariate,3,
Coastal_T_S/H,short,scope_selector_per_variate,scope_selector_per_variate,run_0,12,0,vanilla_univariate,28,vanilla_multivariate,3,
Coastal_T_S/H,short,scope_selector_per_variate,scope_selector_per_variate,run_0,12,1,vanilla_univariate,28,vanilla_multivariate,3,
Coastal_T_S/H,short,scope_selector_per_variate,scope_selector_per_variate,run_0,12,2,vanilla_univariate,28,vanilla_multivariate,3,
Coastal_T_S/H,short,scope_selector_per_variate,scope_selector_per_variate,run_0,13,0,vanilla_univariate,28,vanilla_univariate,3,
Coastal_T_S/H,short,scope_selector_per_variate,scope_selector_per_variate,run_0,13,1,vanilla_multivariate,28,vanilla_multivariate,3,
Coastal_T_S/H,short,scope_selector_per_variate,scope_selector_per_variate,run_0,13,2,vanilla_univariate,28,vanilla_univariate,3,
Coastal_T_S/H,short,scope_selector_per_variate,scope_selector_per_variate,run_0,14,0,vanilla_multivariate,28,vanilla_multivariate,3,
Coastal_T_S/H,short,scope_selector_per_variate,scope_selector_per_variate,run_0,14,1,vanilla_multivariate,28,vanilla_multivariate,3,
Coastal_T_S/H,short,scope_selector_per_variate,scope_selector_per_variate,run_0,14,2,vanilla_univariate,28,vanilla_multivariate,3,
Coastal_T_S/H,short,scope_selector_per_variate,scope_selector_per_variate,run_0,15,0,vanilla_univariate,28,vanilla_multivariate,3,
Coastal_T_S/H,short,scope_selector_per_variate,scope_selector_per_variate,run_0,15,1,vanilla_univariate,28,vanilla_multivariate,3,
Coastal_T_S/H,short,scope_selector_per_variate,scope_selector_per_variate,run_0,15,2,vanilla_univariate,28,vanilla_univariate,3,
Coastal_T_S/H,short,scope_selector_per_variate,scope_selector_per_variate,run_0,16,0,vanilla_multivariate,28,vanilla_multivariate,3,
Coastal_T_S/H,short,scope_selector_per_variate,scope_selector_per_variate,run_0,16,1,vanilla_univariate,28,vanilla_univariate,3,
Coastal_T_S/H,short,scope_selector_per_variate,scope_selector_per_variate,run_0,16,2,vanilla_univariate,28,vanilla_univariate,3,
Coastal_T_S/H,short,scope_selector_per_variate,scope_selector_per_variate,run_0,17,0,vanilla_univariate,28,vanilla_multivariate,3,
Coastal_T_S/H,short,scope_selector_per_variate,scope_selector_per_variate,run_0,17,1,vanilla_univariate,28,vanilla_univariate,3,
Coastal_T_S/H,short,scope_selector_per_variate,scope_selector_per_variate,run_0,17,2,vanilla_univariate,28,vanilla_univariate,3,
Coastal_T_S/H,short,scope_selector_per_variate,scope_selector_per_variate,run_0,18,0,vanilla_univariate,28,vanilla_univariate,3,
Coastal_T_S/H,short,scope_selector_per_variate,scope_selector_per_variate,run_0,18,1,vanilla_univariate,28,vanilla_univariate,3,
Coastal_T_S/H,short,scope_selector_per_variate,scope_selector_per_variate,run_0,18,2,vanilla_univariate,28,vanilla_univariate,3,
Coastal_T_S/H,short,scope_selector_per_variate,scope_selector_per_variate,run_0,19,0,vanilla_univariate,28,vanilla_multivariate,3,
Coastal_T_S/H,short,scope_selector_per_variate,scope_selector_per_variate,run_0,19,1,vanilla_multivariate,28,vanilla_multivariate,3,
Coastal_T_S/H,short,scope_selector_per_variate,scope_selector_per_variate,run_0,19,2,vanilla_univariate,28,vanilla_univariate,3,
Coastal_T_S/H,short,scope_selector_per_variate,scope_selector_per_variate,run_0,20,0,vanilla_univariate,28,vanilla_univariate,3,
Coastal_T_S/H,short,scope_selector_per_variate,scope_selector_per_variate,run_0,20,1,vanilla_univariate,28,vanilla_univariate,3,
Coastal_T_S/H,short,scope_selector_per_variate,scope_selector_per_variate,run_0,20,2,vanilla_univariate,28,vanilla_multivariate,3,
Coastal_T_S/H,short,scope_selector_per_variate,scope_selector_per_variate,run_0,21,0,vanilla_multivariate,28,vanilla_multivariate,3,
Coastal_T_S/H,short,scope_selector_per_variate,scope_selector_per_variate,run_0,21,1,vanilla_univariate,28,vanilla_multivariate,3,
Coastal_T_S/H,short,scope_selector_per_variate,scope_selector_per_variate,run_0,21,2,vanilla_univariate,28,vanilla_univariate,3,
Coastal_T_S/H,short,scope_selector_per_variate,scope_selector_per_variate,run_0,22,0,vanilla_multivariate,28,vanilla_multivariate,3,
Coastal_T_S/H,short,scope_selector_per_variate,scope_selector_per_variate,run_0,22,1,vanilla_multivariate,28,vanilla_multivariate,3,
Coastal_T_S/H,short,scope_selector_per_variate,scope_selector_per_variate,run_0,22,2,vanilla_multivariate,28,vanilla_multivariate,3,
Coastal_T_S/H,short,scope_selector_per_variate,scope_selector_per_variate,run_0,23,0,vanilla_univariate,28,vanilla_univariate,3,
Coastal_T_S/H,short,scope_selector_per_variate,scope_selector_per_variate,run_0,23,1,vanilla_univariate,28,vanilla_multivariate,3,
Coastal_T_S/H,short,scope_selector_per_variate,scope_selector_per_variate,run_0,23,2,vanilla_univariate,28,vanilla_univariate,3,
Coastal_T_S/H,medium,scope_selector,scope_selector,run_1,,,vanilla_univariate,36,vanilla_univariate,3,
Coastal_T_S/H,medium,scope_selector_per_variate,scope_selector_per_variate,run_0,0,0,vanilla_multivariate,4,vanilla_multivariate,2,
Coastal_T_S/H,medium,scope_selector_per_variate,scope_selector_per_variate,run_0,0,1,vanilla_univariate,4,vanilla_multivariate,2,
Coastal_T_S/H,medium,scope_selector_per_variate,scope_selector_per_variate,run_0,0,2,vanilla_multivariate,4,vanilla_multivariate,2,
Coastal_T_S/H,medium,scope_selector_per_variate,scope_selector_per_variate,run_0,1,0,vanilla_univariate,4,vanilla_univariate,2,
Coastal_T_S/H,medium,scope_selector_per_variate,scope_selector_per_variate,run_0,1,1,vanilla_multivariate,4,vanilla_multivariate,2,
Coastal_T_S/H,medium,scope_selector_per_variate,scope_selector_per_variate,run_0,1,2,vanilla_univariate,4,vanilla_univariate,2,
Coastal_T_S/H,medium,scope_selector_per_variate,scope_selector_per_variate,run_0,2,0,vanilla_univariate,4,vanilla_univariate,2,
Coastal_T_S/H,medium,scope_selector_per_variate,scope_selector_per_variate,run_0,2,1,vanilla_multivariate,4,vanilla_multivariate,2,
Coastal_T_S/H,medium,scope_selector_per_variate,scope_selector_per_variate,run_0,2,2,vanilla_multivariate,4,vanilla_multivariate,2,
Coastal_T_S/H,medium,scope_selector_per_variate,scope_selector_per_variate,run_0,3,0,vanilla_univariate,4,vanilla_univariate,2,
Coastal_T_S/H,medium,scope_selector_per_variate,scope_selector_per_variate,run_0,3,1,vanilla_univariate,4,vanilla_univariate,2,
Coastal_T_S/H,medium,scope_selector_per_variate,scope_selector_per_variate,run_0,3,2,vanilla_univariate,4,vanilla_univariate,2,
Coastal_T_S/H,medium,scope_selector_per_variate,scope_selector_per_variate,run_0,4,0,vanilla_univariate,4,vanilla_multivariate,2,
Coastal_T_S/H,medium,scope_selector_per_variate,scope_selector_per_variate,run_0,4,1,vanilla_univariate,4,vanilla_univariate,2,
Coastal_T_S/H,medium,scope_selector_per_variate,scope_selector_per_variate,run_0,4,2,vanilla_univariate,4,vanilla_univariate,2,
Coastal_T_S/H,medium,scope_selector_per_variate,scope_selector_per_variate,run_0,5,0,vanilla_univariate,4,vanilla_univariate,2,
Coastal_T_S/H,medium,scope_selector_per_variate,scope_selector_per_variate,run_0,5,1,vanilla_univariate,4,vanilla_multivariate,2,
Coastal_T_S/H,medium,scope_selector_per_variate,scope_selector_per_variate,run_0,5,2,vanilla_multivariate,4,vanilla_multivariate,2,
Coastal_T_S/H,medium,scope_selector_per_variate,scope_selector_per_variate,run_0,6,0,vanilla_multivariate,4,vanilla_multivariate,2,
Coastal_T_S/H,medium,scope_selector_per_variate,scope_selector_per_variate,run_0,6,1,vanilla_multivariate,4,vanilla_multivariate,2,
Coastal_T_S/H,medium,scope_selector_per_variate,scope_selector_per_variate,run_0,6,2,vanilla_univariate,4,vanilla_univariate,2,
Coastal_T_S/H,medium,scope_selector_per_variate,scope_selector_per_variate,run_0,7,0,vanilla_univariate,4,vanilla_multivariate,2,
Coastal_T_S/H,medium,scope_selector_per_variate,scope_selector_per_variate,run_0,7,1,vanilla_univariate,4,vanilla_multivariate,2,
Coastal_T_S/H,medium,scope_selector_per_variate,scope_selector_per_variate,run_0,7,2,vanilla_univariate,4,vanilla_univariate,2,
Coastal_T_S/H,medium,scope_selector_per_variate,scope_selector_per_variate,run_0,8,0,vanilla_multivariate,4,vanilla_multivariate,2,
Coastal_T_S/H,medium,scope_selector_per_variate,scope_selector_per_variate,run_0,8,1,vanilla_univariate,4,vanilla_multivariate,2,
Coastal_T_S/H,medium,scope_selector_per_variate,scope_selector_per_variate,run_0,8,2,vanilla_univariate,4,vanilla_univariate,2,
Coastal_T_S/H,medium,scope_selector_per_variate,scope_selector_per_variate,run_0,9,0,vanilla_multivariate,4,vanilla_multivariate,2,
Coastal_T_S/H,medium,scope_selector_per_variate,scope_selector_per_variate,run_0,9,1,vanilla_univariate,4,vanilla_univariate,2,
Coastal_T_S/H,medium,scope_selector_per_variate,scope_selector_per_variate,run_0,9,2,vanilla_multivariate,4,vanilla_multivariate,2,
Coastal_T_S/H,medium,scope_selector_per_variate,scope_selector_per_variate,run_0,10,0,vanilla_univariate,4,vanilla_univariate,2,
Coastal_T_S/H,medium,scope_selector_per_variate,scope_selector_per_variate,run_0,10,1,vanilla_univariate,4,vanilla_univariate,2,
Coastal_T_S/H,medium,scope_selector_per_variate,scope_selector_per_variate,run_0,10,2,vanilla_univariate,4,vanilla_univariate,2,
Coastal_T_S/H,medium,scope_selector_per_variate,scope_selector_per_variate,run_0,11,0,vanilla_univariate,4,vanilla_univariate,2,
Coastal_T_S/H,medium,scope_selector_per_variate,scope_selector_per_variate,run_0,11,1,vanilla_univariate,4,vanilla_univariate,2,
Coastal_T_S/H,medium,scope_selector_per_variate,scope_selector_per_variate,run_0,11,2,vanilla_univariate,4,vanilla_multivariate,2,
Coastal_T_S/H,medium,scope_selector_per_variate,scope_selector_per_variate,run_0,12,0,vanilla_univariate,4,vanilla_multivariate,2,
Coastal_T_S/H,medium,scope_selector_per_variate,scope_selector_per_variate,run_0,12,1,vanilla_univariate,4,vanilla_univariate,2,
Coastal_T_S/H,medium,scope_selector_per_variate,scope_selector_per_variate,run_0,12,2,vanilla_multivariate,4,vanilla_multivariate,2,
Coastal_T_S/H,medium,scope_selector_per_variate,scope_selector_per_variate,run_0,13,0,vanilla_univariate,4,vanilla_univariate,2,
Coastal_T_S/H,medium,scope_selector_per_variate,scope_selector_per_variate,run_0,13,1,vanilla_univariate,4,vanilla_univariate,2,
Coastal_T_S/H,medium,scope_selector_per_variate,scope_selector_per_variate,run_0,13,2,vanilla_univariate,4,vanilla_univariate,2,
Coastal_T_S/H,medium,scope_selector_per_variate,scope_selector_per_variate,run_0,14,0,vanilla_univariate,4,vanilla_multivariate,2,
Coastal_T_S/H,medium,scope_selector_per_variate,scope_selector_per_variate,run_0,14,1,vanilla_univariate,4,vanilla_univariate,2,
Coastal_T_S/H,medium,scope_selector_per_variate,scope_selector_per_variate,run_0,14,2,vanilla_univariate,4,vanilla_univariate,2,
Coastal_T_S/H,medium,scope_selector_per_variate,scope_selector_per_variate,run_0,15,0,vanilla_univariate,4,vanilla_univariate,2,
Coastal_T_S/H,medium,scope_selector_per_variate,scope_selector_per_variate,run_0,15,1,vanilla_univariate,4,vanilla_univariate,2,
Coastal_T_S/H,medium,scope_selector_per_variate,scope_selector_per_variate,run_0,15,2,vanilla_univariate,4,vanilla_univariate,2,
Coastal_T_S/H,medium,scope_selector_per_variate,scope_selector_per_variate,run_0,16,0,vanilla_univariate,4,vanilla_univariate,2,
Coastal_T_S/H,medium,scope_selector_per_variate,scope_selector_per_variate,run_0,16,1,vanilla_univariate,4,vanilla_univariate,2,
Coastal_T_S/H,medium,scope_selector_per_variate,scope_selector_per_variate,run_0,16,2,vanilla_univariate,4,vanilla_univariate,2,
Coastal_T_S/H,medium,scope_selector_per_variate,scope_selector_per_variate,run_0,17,0,vanilla_multivariate,4,vanilla_multivariate,2,
Coastal_T_S/H,medium,scope_selector_per_variate,scope_selector_per_variate,run_0,17,1,vanilla_univariate,4,vanilla_univariate,2,
Coastal_T_S/H,medium,scope_selector_per_variate,scope_selector_per_variate,run_0,17,2,vanilla_univariate,4,vanilla_univariate,2,
Coastal_T_S/H,medium,scope_selector_per_variate,scope_selector_per_variate,run_0,18,0,vanilla_univariate,4,vanilla_univariate,2,
Coastal_T_S/H,medium,scope_selector_per_variate,scope_selector_per_variate,run_0,18,1,vanilla_multivariate,4,vanilla_multivariate,2,
Coastal_T_S/H,medium,scope_selector_per_variate,scope_selector_per_variate,run_0,18,2,vanilla_univariate,4,vanilla_univariate,2,
Coastal_T_S/H,medium,scope_selector_per_variate,scope_selector_per_variate,run_0,19,0,vanilla_univariate,4,vanilla_multivariate,2,
Coastal_T_S/H,medium,scope_selector_per_variate,scope_selector_per_variate,run_0,19,1,vanilla_multivariate,4,vanilla_multivariate,2,
Coastal_T_S/H,medium,scope_selector_per_variate,scope_selector_per_variate,run_0,19,2,vanilla_univariate,4,vanilla_univariate,2,
Coastal_T_S/H,medium,scope_selector_per_variate,scope_selector_per_variate,run_0,20,0,vanilla_univariate,4,vanilla_univariate,2,
Coastal_T_S/H,medium,scope_selector_per_variate,scope_selector_per_variate,run_0,20,1,vanilla_univariate,4,vanilla_univariate,2,
Coastal_T_S/H,medium,scope_selector_per_variate,scope_selector_per_variate,run_0,20,2,vanilla_univariate,4,vanilla_univariate,2,
Coastal_T_S/H,medium,scope_selector_per_variate,scope_selector_per_variate,run_0,21,0,vanilla_multivariate,4,vanilla_multivariate,2,
Coastal_T_S/H,medium,scope_selector_per_variate,scope_selector_per_variate,run_0,21,1,vanilla_multivariate,4,vanilla_multivariate,2,
Coastal_T_S/H,medium,scope_selector_per_variate,scope_selector_per_variate,run_0,21,2,vanilla_univariate,4,vanilla_univariate,2,
Coastal_T_S/H,medium,scope_selector_per_variate,scope_selector_per_variate,run_0,22,0,vanilla_univariate,4,vanilla_univariate,2,
Coastal_T_S/H,medium,scope_selector_per_variate,scope_selector_per_variate,run_0,22,1,vanilla_univariate,4,vanilla_multivariate,2,
Coastal_T_S/H,medium,scope_selector_per_variate,scope_selector_per_variate,run_0,22,2,vanilla_univariate,4,vanilla_univariate,2,
Coastal_T_S/H,medium,scope_selector_per_variate,scope_selector_per_variate,run_0,23,0,vanilla_univariate,4,vanilla_univariate,2,
Coastal_T_S/H,medium,scope_selector_per_variate,scope_selector_per_variate,run_0,23,1,vanilla_multivariate,4,vanilla_multivariate,2,
Coastal_T_S/H,medium,scope_selector_per_variate,scope_selector_per_variate,run_0,23,2,vanilla_multivariate,4,vanilla_multivariate,2,
Coastal_T_S/H,long,scope_selector,scope_selector,run_1,,,vanilla_univariate,18,vanilla_univariate,3,
Coastal_T_S/H,long,scope_selector_per_variate,scope_selector_per_variate,run_0,0,0,vanilla_univariate,2,vanilla_multivariate,1,
Coastal_T_S/H,long,scope_selector_per_variate,scope_selector_per_variate,run_0,0,1,vanilla_univariate,2,vanilla_multivariate,1,
Coastal_T_S/H,long,scope_selector_per_variate,scope_selector_per_variate,run_0,0,2,vanilla_multivariate,2,vanilla_multivariate,1,
Coastal_T_S/H,long,scope_selector_per_variate,scope_selector_per_variate,run_0,1,0,vanilla_univariate,2,vanilla_univariate,1,
Coastal_T_S/H,long,scope_selector_per_variate,scope_selector_per_variate,run_0,1,1,vanilla_multivariate,2,vanilla_multivariate,1,
Coastal_T_S/H,long,scope_selector_per_variate,scope_selector_per_variate,run_0,1,2,vanilla_univariate,2,vanilla_univariate,1,
Coastal_T_S/H,long,scope_selector_per_variate,scope_selector_per_variate,run_0,2,0,vanilla_univariate,2,vanilla_univariate,1,
Coastal_T_S/H,long,scope_selector_per_variate,scope_selector_per_variate,run_0,2,1,vanilla_univariate,2,vanilla_univariate,1,
Coastal_T_S/H,long,scope_selector_per_variate,scope_selector_per_variate,run_0,2,2,vanilla_univariate,2,vanilla_univariate,1,
Coastal_T_S/H,long,scope_selector_per_variate,scope_selector_per_variate,run_0,3,0,vanilla_univariate,2,vanilla_univariate,1,
Coastal_T_S/H,long,scope_selector_per_variate,scope_selector_per_variate,run_0,3,1,vanilla_univariate,2,vanilla_univariate,1,
Coastal_T_S/H,long,scope_selector_per_variate,scope_selector_per_variate,run_0,3,2,vanilla_univariate,2,vanilla_univariate,1,
Coastal_T_S/H,long,scope_selector_per_variate,scope_selector_per_variate,run_0,4,0,vanilla_univariate,2,vanilla_multivariate,1,
Coastal_T_S/H,long,scope_selector_per_variate,scope_selector_per_variate,run_0,4,1,vanilla_multivariate,2,vanilla_multivariate,1,
Coastal_T_S/H,long,scope_selector_per_variate,scope_selector_per_variate,run_0,4,2,vanilla_univariate,2,vanilla_univariate,1,
Coastal_T_S/H,long,scope_selector_per_variate,scope_selector_per_variate,run_0,5,0,vanilla_univariate,2,vanilla_univariate,1,
Coastal_T_S/H,long,scope_selector_per_variate,scope_selector_per_variate,run_0,5,1,vanilla_univariate,2,vanilla_multivariate,1,
Coastal_T_S/H,long,scope_selector_per_variate,scope_selector_per_variate,run_0,5,2,vanilla_univariate,2,vanilla_multivariate,1,
Coastal_T_S/H,long,scope_selector_per_variate,scope_selector_per_variate,run_0,6,0,vanilla_univariate,2,vanilla_univariate,1,
Coastal_T_S/H,long,scope_selector_per_variate,scope_selector_per_variate,run_0,6,1,vanilla_multivariate,2,vanilla_multivariate,1,
Coastal_T_S/H,long,scope_selector_per_variate,scope_selector_per_variate,run_0,6,2,vanilla_univariate,2,vanilla_univariate,1,
Coastal_T_S/H,long,scope_selector_per_variate,scope_selector_per_variate,run_0,7,0,vanilla_multivariate,2,vanilla_multivariate,1,
Coastal_T_S/H,long,scope_selector_per_variate,scope_selector_per_variate,run_0,7,1,vanilla_multivariate,2,vanilla_multivariate,1,
Coastal_T_S/H,long,scope_selector_per_variate,scope_selector_per_variate,run_0,7,2,vanilla_univariate,2,vanilla_univariate,1,
Coastal_T_S/H,long,scope_selector_per_variate,scope_selector_per_variate,run_0,8,0,vanilla_multivariate,2,vanilla_multivariate,1,
Coastal_T_S/H,long,scope_selector_per_variate,scope_selector_per_variate,run_0,8,1,vanilla_univariate,2,vanilla_univariate,1,
Coastal_T_S/H,long,scope_selector_per_variate,scope_selector_per_variate,run_0,8,2,vanilla_univariate,2,vanilla_univariate,1,
Coastal_T_S/H,long,scope_selector_per_variate,scope_selector_per_variate,run_0,9,0,vanilla_multivariate,2,vanilla_multivariate,1,
Coastal_T_S/H,long,scope_selector_per_variate,scope_selector_per_variate,run_0,9,1,vanilla_univariate,2,vanilla_univariate,1,
Coastal_T_S/H,long,scope_selector_per_variate,scope_selector_per_variate,run_0,9,2,vanilla_univariate,2,vanilla_multivariate,1,
Coastal_T_S/H,long,scope_selector_per_variate,scope_selector_per_variate,run_0,10,0,vanilla_univariate,2,vanilla_univariate,1,
Coastal_T_S/H,long,scope_selector_per_variate,scope_selector_per_variate,run_0,10,1,vanilla_univariate,2,vanilla_univariate,1,
Coastal_T_S/H,long,scope_selector_per_variate,scope_selector_per_variate,run_0,10,2,vanilla_univariate,2,vanilla_univariate,1,
Coastal_T_S/H,long,scope_selector_per_variate,scope_selector_per_variate,run_0,11,0,vanilla_univariate,2,vanilla_univariate,1,
Coastal_T_S/H,long,scope_selector_per_variate,scope_selector_per_variate,run_0,11,1,vanilla_univariate,2,vanilla_univariate,1,
Coastal_T_S/H,long,scope_selector_per_variate,scope_selector_per_variate,run_0,11,2,vanilla_univariate,2,vanilla_univariate,1,
Coastal_T_S/H,long,scope_selector_per_variate,scope_selector_per_variate,run_0,12,0,vanilla_multivariate,2,vanilla_multivariate,1,
Coastal_T_S/H,long,scope_selector_per_variate,scope_selector_per_variate,run_0,12,1,vanilla_multivariate,2,vanilla_multivariate,1,
Coastal_T_S/H,long,scope_selector_per_variate,scope_selector_per_variate,run_0,12,2,vanilla_multivariate,2,vanilla_multivariate,1,
Coastal_T_S/H,long,scope_selector_per_variate,scope_selector_per_variate,run_0,13,0,vanilla_univariate,2,vanilla_univariate,1,
Coastal_T_S/H,long,scope_selector_per_variate,scope_selector_per_variate,run_0,13,1,vanilla_univariate,2,vanilla_univariate,1,
Coastal_T_S/H,long,scope_selector_per_variate,scope_selector_per_variate,run_0,13,2,vanilla_univariate,2,vanilla_univariate,1,
Coastal_T_S/H,long,scope_selector_per_variate,scope_selector_per_variate,run_0,14,0,vanilla_multivariate,2,vanilla_multivariate,1,
Coastal_T_S/H,long,scope_selector_per_variate,scope_selector_per_variate,run_0,14,1,vanilla_univariate,2,vanilla_univariate,1,
Coastal_T_S/H,long,scope_selector_per_variate,scope_selector_per_variate,run_0,14,2,vanilla_univariate,2,vanilla_multivariate,1,
Coastal_T_S/H,long,scope_selector_per_variate,scope_selector_per_variate,run_0,15,0,vanilla_univariate,2,vanilla_univariate,1,
Coastal_T_S/H,long,scope_selector_per_variate,scope_selector_per_variate,run_0,15,1,vanilla_univariate,2,vanilla_univariate,1,
Coastal_T_S/H,long,scope_selector_per_variate,scope_selector_per_variate,run_0,15,2,vanilla_univariate,2,vanilla_univariate,1,
Coastal_T_S/H,long,scope_selector_per_variate,scope_selector_per_variate,run_0,16,0,vanilla_univariate,2,vanilla_univariate,1,
Coastal_T_S/H,long,scope_selector_per_variate,scope_selector_per_variate,run_0,16,1,vanilla_multivariate,2,vanilla_multivariate,1,
Coastal_T_S/H,long,scope_selector_per_variate,scope_selector_per_variate,run_0,16,2,vanilla_univariate,2,vanilla_univariate,1,
Coastal_T_S/H,long,scope_selector_per_variate,scope_selector_per_variate,run_0,17,0,vanilla_multivariate,2,vanilla_multivariate,1,
Coastal_T_S/H,long,scope_selector_per_variate,scope_selector_per_variate,run_0,17,1,vanilla_multivariate,2,vanilla_multivariate,1,
Coastal_T_S/H,long,scope_selector_per_variate,scope_selector_per_variate,run_0,17,2,vanilla_univariate,2,vanilla_univariate,1,
Coastal_T_S/H,long,scope_selector_per_variate,scope_selector_per_variate,run_0,18,0,vanilla_univariate,2,vanilla_univariate,1,
Coastal_T_S/H,long,scope_selector_per_variate,scope_selector_per_variate,run_0,18,1,vanilla_multivariate,2,vanilla_multivariate,1,
Coastal_T_S/H,long,scope_selector_per_variate,scope_selector_per_variate,run_0,18,2,vanilla_univariate,2,vanilla_univariate,1,
Coastal_T_S/H,long,scope_selector_per_variate,scope_selector_per_variate,run_0,19,0,vanilla_univariate,2,vanilla_univariate,1,
Coastal_T_S/H,long,scope_selector_per_variate,scope_selector_per_variate,run_0,19,1,vanilla_multivariate,2,vanilla_multivariate,1,
Coastal_T_S/H,long,scope_selector_per_variate,scope_selector_per_variate,run_0,19,2,vanilla_univariate,2,vanilla_univariate,1,
Coastal_T_S/H,long,scope_selector_per_variate,scope_selector_per_variate,run_0,20,0,vanilla_univariate,2,vanilla_univariate,1,
Coastal_T_S/H,long,scope_selector_per_variate,scope_selector_per_variate,run_0,20,1,vanilla_univariate,2,vanilla_univariate,1,
Coastal_T_S/H,long,scope_selector_per_variate,scope_selector_per_variate,run_0,20,2,vanilla_multivariate,2,vanilla_multivariate,1,
Coastal_T_S/H,long,scope_selector_per_variate,scope_selector_per_variate,run_0,21,0,vanilla_univariate,2,vanilla_multivariate,1,
Coastal_T_S/H,long,scope_selector_per_variate,scope_selector_per_variate,run_0,21,1,vanilla_multivariate,2,vanilla_multivariate,1,
Coastal_T_S/H,long,scope_selector_per_variate,scope_selector_per_variate,run_0,21,2,vanilla_univariate,2,vanilla_univariate,1,
Coastal_T_S/H,long,scope_selector_per_variate,scope_selector_per_variate,run_0,22,0,vanilla_univariate,2,vanilla_univariate,1,
Coastal_T_S/H,long,scope_selector_per_variate,scope_selector_per_variate,run_0,22,1,vanilla_multivariate,2,vanilla_multivariate,1,
Coastal_T_S/H,long,scope_selector_per_variate,scope_selector_per_variate,run_0,22,2,vanilla_univariate,2,vanilla_multivariate,1,
Coastal_T_S/H,long,scope_selector_per_variate,scope_selector_per_variate,run_0,23,0,vanilla_univariate,2,vanilla_multivariate,1,
Coastal_T_S/H,long,scope_selector_per_variate,scope_selector_per_variate,run_0,23,1,vanilla_multivariate,2,vanilla_multivariate,1,
Coastal_T_S/H,long,scope_selector_per_variate,scope_selector_per_variate,run_0,23,2,vanilla_multivariate,2,vanilla_multivariate,1,
SG_Weather/D,short,scope_selector,scope_selector,run_1,,,vanilla_univariate,122,vanilla_multivariate,5,
SG_Weather/D,short,scope_selector_per_variate,scope_selector_per_variate,run_0,0,0,vanilla_multivariate,122,vanilla_multivariate,5,
SG_Weather/D,short,scope_selector_per_variate,scope_selector_per_variate,run_0,0,1,vanilla_univariate,122,vanilla_multivariate,5,
SG_Weather/D,short,scope_selector_per_variate,scope_selector_per_variate,run_0,0,2,vanilla_univariate,122,vanilla_univariate,5,
SG_Weather/D,short,scope_selector_per_variate,scope_selector_per_variate,run_0,0,3,vanilla_univariate,122,vanilla_univariate,5,
SG_Weather/D,short,scope_selector_per_variate,scope_selector_per_variate,run_0,1,0,vanilla_multivariate,122,vanilla_multivariate,5,
SG_Weather/D,short,scope_selector_per_variate,scope_selector_per_variate,run_0,1,1,vanilla_univariate,122,vanilla_multivariate,5,
SG_Weather/D,short,scope_selector_per_variate,scope_selector_per_variate,run_0,1,2,vanilla_univariate,122,vanilla_univariate,5,
SG_Weather/D,short,scope_selector_per_variate,scope_selector_per_variate,run_0,1,3,vanilla_univariate,122,vanilla_univariate,5,
SG_Weather/D,short,scope_selector_per_variate,scope_selector_per_variate,run_0,2,0,vanilla_univariate,121,vanilla_multivariate,5,
SG_Weather/D,short,scope_selector_per_variate,scope_selector_per_variate,run_0,2,1,vanilla_univariate,121,vanilla_multivariate,5,
SG_Weather/D,short,scope_selector_per_variate,scope_selector_per_variate,run_0,2,2,vanilla_multivariate,121,vanilla_multivariate,5,
SG_Weather/D,short,scope_selector_per_variate,scope_selector_per_variate,run_0,2,3,vanilla_univariate,121,vanilla_multivariate,5,
SG_Weather/D,short,scope_selector_per_variate,scope_selector_per_variate,run_0,3,0,vanilla_multivariate,118,vanilla_multivariate,5,
SG_Weather/D,short,scope_selector_per_variate,scope_selector_per_variate,run_0,3,1,vanilla_univariate,118,vanilla_univariate,5,
SG_Weather/D,short,scope_selector_per_variate,scope_selector_per_variate,run_0,3,2,vanilla_univariate,118,vanilla_multivariate,5,
SG_Weather/D,short,scope_selector_per_variate,scope_selector_per_variate,run_0,3,3,vanilla_univariate,118,vanilla_univariate,5,
SG_Weather/D,short,scope_selector_per_variate,scope_selector_per_variate,run_0,4,0,vanilla_multivariate,122,vanilla_multivariate,5,
SG_Weather/D,short,scope_selector_per_variate,scope_selector_per_variate,run_0,4,1,vanilla_univariate,122,vanilla_multivariate,5,
SG_Weather/D,short,scope_selector_per_variate,scope_selector_per_variate,run_0,4,2,vanilla_univariate,122,vanilla_multivariate,5,
SG_Weather/D,short,scope_selector_per_variate,scope_selector_per_variate,run_0,4,3,vanilla_multivariate,122,vanilla_multivariate,5,
SG_Weather/D,short,scope_selector_per_variate,scope_selector_per_variate,run_0,5,0,vanilla_univariate,122,vanilla_multivariate,5,
SG_Weather/D,short,scope_selector_per_variate,scope_selector_per_variate,run_0,5,1,vanilla_multivariate,122,vanilla_multivariate,5,
SG_Weather/D,short,scope_selector_per_variate,scope_selector_per_variate,run_0,5,2,vanilla_univariate,122,vanilla_univariate,5,
SG_Weather/D,short,scope_selector_per_variate,scope_selector_per_variate,run_0,5,3,vanilla_univariate,122,vanilla_univariate,5,
SG_Weather/D,medium,scope_selector,scope_selector,run_1,,,vanilla_univariate,52,vanilla_univariate,4,
SG_Weather/D,medium,scope_selector_per_variate,scope_selector_per_variate,run_0,0,0,vanilla_multivariate,52,vanilla_multivariate,4,
SG_Weather/D,medium,scope_selector_per_variate,scope_selector_per_variate,run_0,0,1,vanilla_univariate,52,vanilla_multivariate,4,
SG_Weather/D,medium,scope_selector_per_variate,scope_selector_per_variate,run_0,0,2,vanilla_univariate,52,vanilla_univariate,4,
SG_Weather/D,medium,scope_selector_per_variate,scope_selector_per_variate,run_0,0,3,vanilla_univariate,52,vanilla_univariate,4,
SG_Weather/D,medium,scope_selector_per_variate,scope_selector_per_variate,run_0,1,0,vanilla_univariate,52,vanilla_multivariate,4,
SG_Weather/D,medium,scope_selector_per_variate,scope_selector_per_variate,run_0,1,1,vanilla_univariate,52,vanilla_multivariate,4,
SG_Weather/D,medium,scope_selector_per_variate,scope_selector_per_variate,run_0,1,2,vanilla_univariate,52,vanilla_univariate,4,
SG_Weather/D,medium,scope_selector_per_variate,scope_selector_per_variate,run_0,1,3,vanilla_univariate,52,vanilla_univariate,4,
SG_Weather/D,medium,scope_selector_per_variate,scope_selector_per_variate,run_0,2,0,vanilla_univariate,52,vanilla_multivariate,4,
SG_Weather/D,medium,scope_selector_per_variate,scope_selector_per_variate,run_0,2,1,vanilla_univariate,52,vanilla_multivariate,4,
SG_Weather/D,medium,scope_selector_per_variate,scope_selector_per_variate,run_0,2,2,vanilla_univariate,52,vanilla_multivariate,4,
SG_Weather/D,medium,scope_selector_per_variate,scope_selector_per_variate,run_0,2,3,vanilla_univariate,52,vanilla_univariate,4,
SG_Weather/D,medium,scope_selector_per_variate,scope_selector_per_variate,run_0,3,0,vanilla_univariate,50,vanilla_multivariate,4,
SG_Weather/D,medium,scope_selector_per_variate,scope_selector_per_variate,run_0,3,1,vanilla_univariate,50,vanilla_univariate,4,
SG_Weather/D,medium,scope_selector_per_variate,scope_selector_per_variate,run_0,3,2,vanilla_univariate,50,vanilla_univariate,4,
SG_Weather/D,medium,scope_selector_per_variate,scope_selector_per_variate,run_0,3,3,vanilla_univariate,50,vanilla_univariate,4,
SG_Weather/D,medium,scope_selector_per_variate,scope_selector_per_variate,run_0,4,0,vanilla_multivariate,52,vanilla_multivariate,4,
SG_Weather/D,medium,scope_selector_per_variate,scope_selector_per_variate,run_0,4,1,vanilla_univariate,52,vanilla_univariate,4,
SG_Weather/D,medium,scope_selector_per_variate,scope_selector_per_variate,run_0,4,2,vanilla_univariate,52,vanilla_univariate,4,
SG_Weather/D,medium,scope_selector_per_variate,scope_selector_per_variate,run_0,4,3,vanilla_multivariate,52,vanilla_multivariate,4,
SG_Weather/D,medium,scope_selector_per_variate,scope_selector_per_variate,run_0,5,0,vanilla_univariate,52,vanilla_univariate,4,
SG_Weather/D,medium,scope_selector_per_variate,scope_selector_per_variate,run_0,5,1,vanilla_univariate,52,vanilla_multivariate,4,
SG_Weather/D,medium,scope_selector_per_variate,scope_selector_per_variate,run_0,5,2,vanilla_univariate,52,vanilla_multivariate,4,
SG_Weather/D,medium,scope_selector_per_variate,scope_selector_per_variate,run_0,5,3,vanilla_univariate,52,vanilla_univariate,4,
SG_Weather/D,long,scope_selector,scope_selector,run_1,,,vanilla_univariate,26,vanilla_univariate,3,
SG_Weather/D,long,scope_selector_per_variate,scope_selector_per_variate,run_0,0,0,vanilla_multivariate,26,vanilla_multivariate,3,
SG_Weather/D,long,scope_selector_per_variate,scope_selector_per_variate,run_0,0,1,vanilla_univariate,26,vanilla_univariate,3,
SG_Weather/D,long,scope_selector_per_variate,scope_selector_per_variate,run_0,0,2,vanilla_univariate,26,vanilla_univariate,3,
SG_Weather/D,long,scope_selector_per_variate,scope_selector_per_variate,run_0,0,3,vanilla_univariate,26,vanilla_multivariate,3,
SG_Weather/D,long,scope_selector_per_variate,scope_selector_per_variate,run_0,1,0,vanilla_univariate,26,vanilla_univariate,3,
SG_Weather/D,long,scope_selector_per_variate,scope_selector_per_variate,run_0,1,1,vanilla_univariate,26,vanilla_multivariate,3,
SG_Weather/D,long,scope_selector_per_variate,scope_selector_per_variate,run_0,1,2,vanilla_univariate,26,vanilla_univariate,3,
SG_Weather/D,long,scope_selector_per_variate,scope_selector_per_variate,run_0,1,3,vanilla_univariate,26,vanilla_univariate,3,
SG_Weather/D,long,scope_selector_per_variate,scope_selector_per_variate,run_0,2,0,vanilla_univariate,26,vanilla_multivariate,3,
SG_Weather/D,long,scope_selector_per_variate,scope_selector_per_variate,run_0,2,1,vanilla_univariate,26,vanilla_multivariate,3,
SG_Weather/D,long,scope_selector_per_variate,scope_selector_per_variate,run_0,2,2,vanilla_univariate,26,vanilla_multivariate,3,
SG_Weather/D,long,scope_selector_per_variate,scope_selector_per_variate,run_0,2,3,vanilla_univariate,26,vanilla_multivariate,3,
SG_Weather/D,long,scope_selector_per_variate,scope_selector_per_variate,run_0,3,0,vanilla_multivariate,25,vanilla_multivariate,3,
SG_Weather/D,long,scope_selector_per_variate,scope_selector_per_variate,run_0,3,1,vanilla_univariate,25,vanilla_univariate,3,
SG_Weather/D,long,scope_selector_per_variate,scope_selector_per_variate,run_0,3,2,vanilla_univariate,25,vanilla_multivariate,3,
SG_Weather/D,long,scope_selector_per_variate,scope_selector_per_variate,run_0,3,3,vanilla_univariate,25,vanilla_univariate,3,
SG_Weather/D,long,scope_selector_per_variate,scope_selector_per_variate,run_0,4,0,vanilla_multivariate,26,vanilla_multivariate,3,
SG_Weather/D,long,scope_selector_per_variate,scope_selector_per_variate,run_0,4,1,vanilla_univariate,26,vanilla_univariate,3,
SG_Weather/D,long,scope_selector_per_variate,scope_selector_per_variate,run_0,4,2,vanilla_univariate,26,vanilla_univariate,3,
SG_Weather/D,long,scope_selector_per_variate,scope_selector_per_variate,run_0,4,3,vanilla_univariate,26,vanilla_multivariate,3,
SG_Weather/D,long,scope_selector_per_variate,scope_selector_per_variate,run_0,5,0,vanilla_univariate,26,vanilla_multivariate,3,
SG_Weather/D,long,scope_selector_per_variate,scope_selector_per_variate,run_0,5,1,vanilla_univariate,26,vanilla_univariate,3,
SG_Weather/D,long,scope_selector_per_variate,scope_selector_per_variate,run_0,5,2,vanilla_univariate,26,vanilla_univariate,3,
SG_Weather/D,long,scope_selector_per_variate,scope_selector_per_variate,run_0,5,3,vanilla_univariate,26,vanilla_univariate,3,
SG_PM25/H,short,scope_selector,scope_selector,run_1,,,vanilla_multivariate,92,vanilla_multivariate,5,
SG_PM25/H,short,scope_selector_per_variate,scope_selector_per_variate,run_0,0,0,vanilla_multivariate,92,vanilla_multivariate,5,
SG_PM25/H,short,scope_selector_per_variate,scope_selector_per_variate,run_0,0,1,vanilla_univariate,92,vanilla_multivariate,5,
SG_PM25/H,short,scope_selector_per_variate,scope_selector_per_variate,run_0,0,2,vanilla_multivariate,92,vanilla_multivariate,5,
SG_PM25/H,short,scope_selector_per_variate,scope_selector_per_variate,run_0,0,3,vanilla_univariate,92,vanilla_multivariate,5,
SG_PM25/H,short,scope_selector_per_variate,scope_selector_per_variate,run_0,0,4,vanilla_multivariate,92,vanilla_multivariate,5,
SG_PM25/H,medium,scope_selector,scope_selector,run_1,,,vanilla_multivariate,30,vanilla_multivariate,3,
SG_PM25/H,medium,scope_selector_per_variate,scope_selector_per_variate,run_0,0,0,vanilla_multivariate,30,vanilla_multivariate,3,
SG_PM25/H,medium,scope_selector_per_variate,scope_selector_per_variate,run_0,0,1,vanilla_multivariate,30,vanilla_multivariate,3,
SG_PM25/H,medium,scope_selector_per_variate,scope_selector_per_variate,run_0,0,2,vanilla_univariate,30,vanilla_multivariate,3,
SG_PM25/H,medium,scope_selector_per_variate,scope_selector_per_variate,run_0,0,3,vanilla_univariate,30,vanilla_univariate,3,
SG_PM25/H,medium,scope_selector_per_variate,scope_selector_per_variate,run_0,0,4,vanilla_multivariate,30,vanilla_multivariate,3,
SG_PM25/H,long,scope_selector,scope_selector,run_1,,,vanilla_multivariate,13,vanilla_multivariate,2,
SG_PM25/H,long,scope_selector_per_variate,scope_selector_per_variate,run_0,0,0,vanilla_multivariate,13,vanilla_multivariate,2,
SG_PM25/H,long,scope_selector_per_variate,scope_selector_per_variate,run_0,0,1,vanilla_univariate,13,vanilla_multivariate,2,
SG_PM25/H,long,scope_selector_per_variate,scope_selector_per_variate,run_0,0,2,vanilla_univariate,13,vanilla_multivariate,2,
SG_PM25/H,long,scope_selector_per_variate,scope_selector_per_variate,run_0,0,3,vanilla_univariate,13,vanilla_univariate,2,
SG_PM25/H,long,scope_selector_per_variate,scope_selector_per_variate,run_0,0,4,vanilla_multivariate,13,vanilla_multivariate,2,
NE_China_Wind/H,short,scope_selector,scope_selector,run_1,,,vanilla_univariate,30,vanilla_univariate,3,
NE_China_Wind/H,short,scope_selector_per_variate,scope_selector_per_variate,run_0,0,0,vanilla_univariate,30,vanilla_univariate,3,
NE_China_Wind/H,short,scope_selector_per_variate,scope_selector_per_variate,run_0,0,1,vanilla_univariate,30,vanilla_univariate,3,
NE_China_Wind/H,short,scope_selector_per_variate,scope_selector_per_variate,run_0,0,2,vanilla_multivariate,30,vanilla_multivariate,3,
NE_China_Wind/H,short,scope_selector_per_variate,scope_selector_per_variate,run_0,0,3,vanilla_univariate,30,vanilla_univariate,3,
NE_China_Wind/H,medium,scope_selector,scope_selector,run_1,,,vanilla_multivariate,10,vanilla_multivariate,2,
NE_China_Wind/H,medium,scope_selector_per_variate,scope_selector_per_variate,run_0,0,0,vanilla_univariate,10,vanilla_univariate,2,
NE_China_Wind/H,medium,scope_selector_per_variate,scope_selector_per_variate,run_0,0,1,vanilla_univariate,10,vanilla_univariate,2,
NE_China_Wind/H,medium,scope_selector_per_variate,scope_selector_per_variate,run_0,0,2,vanilla_multivariate,10,vanilla_multivariate,2,
NE_China_Wind/H,medium,scope_selector_per_variate,scope_selector_per_variate,run_0,0,3,vanilla_multivariate,10,vanilla_multivariate,2,
NE_China_Wind/H,long,scope_selector,scope_selector,run_1,,,vanilla_univariate,4,vanilla_univariate,2,
NE_China_Wind/H,long,scope_selector_per_variate,scope_selector_per_variate,run_0,0,0,vanilla_univariate,4,vanilla_univariate,2,
NE_China_Wind/H,long,scope_selector_per_variate,scope_selector_per_variate,run_0,0,1,vanilla_univariate,4,vanilla_univariate,2,
NE_China_Wind/H,long,scope_selector_per_variate,scope_selector_per_variate,run_0,0,2,vanilla_univariate,4,vanilla_univariate,2,
NE_China_Wind/H,long,scope_selector_per_variate,scope_selector_per_variate,run_0,0,3,vanilla_univariate,4,vanilla_univariate,2,
Australia_Solar/H,short,scope_selector,scope_selector,run_1,,,vanilla_univariate,105,vanilla_univariate,5,
Australia_Solar/H,short,scope_selector_per_variate,scope_selector_per_variate,run_0,0,0,vanilla_univariate,105,vanilla_univariate,5,
Australia_Solar/H,short,scope_selector_per_variate,scope_selector_per_variate,run_0,0,1,vanilla_univariate,105,vanilla_univariate,5,
Australia_Solar/H,short,scope_selector_per_variate,scope_selector_per_variate,run_0,0,2,vanilla_univariate,105,vanilla_univariate,5,
Australia_Solar/H,medium,scope_selector,scope_selector,run_1,,,vanilla_univariate,35,vanilla_univariate,3,
Australia_Solar/H,medium,scope_selector_per_variate,scope_selector_per_variate,run_0,0,0,vanilla_univariate,35,vanilla_univariate,3,
Australia_Solar/H,medium,scope_selector_per_variate,scope_selector_per_variate,run_0,0,1,vanilla_univariate,35,vanilla_univariate,3,
Australia_Solar/H,medium,scope_selector_per_variate,scope_selector_per_variate,run_0,0,2,vanilla_univariate,35,vanilla_univariate,3,
Australia_Solar/H,long,scope_selector,scope_selector,run_1,,,vanilla_univariate,15,vanilla_univariate,2,
Australia_Solar/H,long,scope_selector_per_variate,scope_selector_per_variate,run_0,0,0,vanilla_univariate,15,vanilla_univariate,2,
Australia_Solar/H,long,scope_selector_per_variate,scope_selector_per_variate,run_0,0,1,vanilla_univariate,15,vanilla_univariate,2,
Australia_Solar/H,long,scope_selector_per_variate,scope_selector_per_variate,run_0,0,2,vanilla_univariate,15,vanilla_multivariate,2,
epf_electricity_price/H,short,scope_selector,scope_selector,run_1,,,vanilla_univariate,315,vanilla_univariate,7,
epf_electricity_price/H,short,scope_selector_per_variate,scope_selector_per_variate,run_0,0,0,vanilla_univariate,105,vanilla_univariate,5,
epf_electricity_price/H,short,scope_selector_per_variate,scope_selector_per_variate,run_0,1,0,vanilla_univariate,105,vanilla_univariate,5,
epf_electricity_price/H,short,scope_selector_per_variate,scope_selector_per_variate,run_0,2,0,vanilla_univariate,105,vanilla_univariate,5,
epf_electricity_price/H,short,scope_selector_per_variate,scope_selector_per_variate,run_0,3,0,vanilla_univariate,105,vanilla_univariate,5,
epf_electricity_price/H,short,scope_selector_per_variate,scope_selector_per_variate,run_0,4,0,vanilla_univariate,105,vanilla_univariate,5,
epf_electricity_price/H,medium,scope_selector,scope_selector,run_1,,,vanilla_univariate,105,vanilla_univariate,5,
epf_electricity_price/H,medium,scope_selector_per_variate,scope_selector_per_variate,run_0,0,0,vanilla_univariate,35,vanilla_univariate,3,
epf_electricity_price/H,medium,scope_selector_per_variate,scope_selector_per_variate,run_0,1,0,vanilla_univariate,35,vanilla_univariate,3,
epf_electricity_price/H,medium,scope_selector_per_variate,scope_selector_per_variate,run_0,2,0,vanilla_univariate,35,vanilla_univariate,3,
epf_electricity_price/H,medium,scope_selector_per_variate,scope_selector_per_variate,run_0,3,0,vanilla_univariate,35,vanilla_univariate,3,
epf_electricity_price/H,medium,scope_selector_per_variate,scope_selector_per_variate,run_0,4,0,vanilla_univariate,35,vanilla_univariate,3,
epf_electricity_price/H,long,scope_selector,scope_selector,run_1,,,vanilla_univariate,45,vanilla_univariate,4,
epf_electricity_price/H,long,scope_selector_per_variate,scope_selector_per_variate,run_0,0,0,vanilla_univariate,15,vanilla_univariate,2,
epf_electricity_price/H,long,scope_selector_per_variate,scope_selector_per_variate,run_0,1,0,vanilla_univariate,15,vanilla_univariate,2,
epf_electricity_price/H,long,scope_selector_per_variate,scope_selector_per_variate,run_0,2,0,vanilla_univariate,15,vanilla_univariate,2,
epf_electricity_price/H,long,scope_selector_per_variate,scope_selector_per_variate,run_0,3,0,vanilla_univariate,15,vanilla_univariate,2,
epf_electricity_price/H,long,scope_selector_per_variate,scope_selector_per_variate,run_0,4,0,vanilla_univariate,15,vanilla_univariate,2,
OpenElectricity_NEM/5T,short,scope_selector,scope_selector,run_1,,,vanilla_multivariate,168,vanilla_multivariate,6,
OpenElectricity_NEM/5T,short,scope_selector_per_variate,scope_selector_per_variate,run_0,0,0,vanilla_univariate,168,vanilla_multivariate,6,
OpenElectricity_NEM/5T,short,scope_selector_per_variate,scope_selector_per_variate,run_0,0,1,vanilla_multivariate,168,vanilla_multivariate,6,
OpenElectricity_NEM/5T,short,scope_selector_per_variate,scope_selector_per_variate,run_0,0,2,vanilla_univariate,168,vanilla_multivariate,6,
OpenElectricity_NEM/5T,short,scope_selector_per_variate,scope_selector_per_variate,run_0,0,3,vanilla_multivariate,168,vanilla_multivariate,6,
OpenElectricity_NEM/5T,short,scope_selector_per_variate,scope_selector_per_variate,run_0,0,4,vanilla_multivariate,168,vanilla_multivariate,6,
OpenElectricity_NEM/5T,short,scope_selector_per_variate,scope_selector_per_variate,run_0,0,5,vanilla_multivariate,168,vanilla_multivariate,6,
OpenElectricity_NEM/5T,short,scope_selector_per_variate,scope_selector_per_variate,run_0,0,6,vanilla_multivariate,168,vanilla_multivariate,6,
OpenElectricity_NEM/5T,short,scope_selector_per_variate,scope_selector_per_variate,run_0,0,7,vanilla_univariate,168,vanilla_univariate,6,
OpenElectricity_NEM/5T,short,scope_selector_per_variate,scope_selector_per_variate,run_0,0,8,vanilla_multivariate,168,vanilla_multivariate,6,
OpenElectricity_NEM/5T,short,scope_selector_per_variate,scope_selector_per_variate,run_0,0,9,vanilla_multivariate,168,vanilla_multivariate,6,
OpenElectricity_NEM/5T,medium,scope_selector,scope_selector,run_1,,,vanilla_multivariate,42,vanilla_multivariate,3,
OpenElectricity_NEM/5T,medium,scope_selector_per_variate,scope_selector_per_variate,run_0,0,0,vanilla_univariate,42,vanilla_multivariate,3,
OpenElectricity_NEM/5T,medium,scope_selector_per_variate,scope_selector_per_variate,run_0,0,1,vanilla_univariate,42,vanilla_multivariate,3,
OpenElectricity_NEM/5T,medium,scope_selector_per_variate,scope_selector_per_variate,run_0,0,2,vanilla_univariate,42,vanilla_multivariate,3,
OpenElectricity_NEM/5T,medium,scope_selector_per_variate,scope_selector_per_variate,run_0,0,3,vanilla_multivariate,42,vanilla_multivariate,3,
OpenElectricity_NEM/5T,medium,scope_selector_per_variate,scope_selector_per_variate,run_0,0,4,vanilla_multivariate,42,vanilla_multivariate,3,
OpenElectricity_NEM/5T,medium,scope_selector_per_variate,scope_selector_per_variate,run_0,0,5,vanilla_univariate,42,vanilla_multivariate,3,
OpenElectricity_NEM/5T,medium,scope_selector_per_variate,scope_selector_per_variate,run_0,0,6,vanilla_multivariate,42,vanilla_multivariate,3,
OpenElectricity_NEM/5T,medium,scope_selector_per_variate,scope_selector_per_variate,run_0,0,7,vanilla_multivariate,42,vanilla_multivariate,3,
OpenElectricity_NEM/5T,medium,scope_selector_per_variate,scope_selector_per_variate,run_0,0,8,vanilla_univariate,42,vanilla_multivariate,3,
OpenElectricity_NEM/5T,medium,scope_selector_per_variate,scope_selector_per_variate,run_0,0,9,vanilla_univariate,42,vanilla_univariate,3,
OpenElectricity_NEM/5T,long,scope_selector,scope_selector,run_1,,,vanilla_multivariate,14,vanilla_multivariate,2,
OpenElectricity_NEM/5T,long,scope_selector_per_variate,scope_selector_per_variate,run_0,0,0,vanilla_univariate,14,vanilla_univariate,2,
OpenElectricity_NEM/5T,long,scope_selector_per_variate,scope_selector_per_variate,run_0,0,1,vanilla_univariate,14,vanilla_multivariate,2,
OpenElectricity_NEM/5T,long,scope_selector_per_variate,scope_selector_per_variate,run_0,0,2,vanilla_univariate,14,vanilla_multivariate,2,
OpenElectricity_NEM/5T,long,scope_selector_per_variate,scope_selector_per_variate,run_0,0,3,vanilla_multivariate,14,vanilla_multivariate,2,
OpenElectricity_NEM/5T,long,scope_selector_per_variate,scope_selector_per_variate,run_0,0,4,vanilla_univariate,14,vanilla_multivariate,2,
OpenElectricity_NEM/5T,long,scope_selector_per_variate,scope_selector_per_variate,run_0,0,5,vanilla_univariate,14,vanilla_univariate,2,
OpenElectricity_NEM/5T,long,scope_selector_per_variate,scope_selector_per_variate,run_0,0,6,vanilla_univariate,14,vanilla_multivariate,2,
OpenElectricity_NEM/5T,long,scope_selector_per_variate,scope_selector_per_variate,run_0,0,7,vanilla_univariate,14,vanilla_univariate,2,
OpenElectricity_NEM/5T,long,scope_selector_per_variate,scope_selector_per_variate,run_0,0,8,vanilla_multivariate,14,vanilla_multivariate,2,
OpenElectricity_NEM/5T,long,scope_selector_per_variate,scope_selector_per_variate,run_0,0,9,vanilla_univariate,14,vanilla_univariate,2,
EWELD_Load/15T,short,scope_selector,scope_selector,run_1,,,vanilla_univariate,56,vanilla_univariate,4,
EWELD_Load/15T,short,scope_selector_per_variate,scope_selector_per_variate,run_0,0,0,vanilla_univariate,56,vanilla_multivariate,4,
EWELD_Load/15T,short,scope_selector_per_variate,scope_selector_per_variate,run_0,0,1,vanilla_univariate,56,vanilla_univariate,4,
EWELD_Load/15T,short,scope_selector_per_variate,scope_selector_per_variate,run_0,0,2,vanilla_multivariate,56,vanilla_multivariate,4,
EWELD_Load/15T,short,scope_selector_per_variate,scope_selector_per_variate,run_0,0,3,vanilla_univariate,56,vanilla_univariate,4,
EWELD_Load/15T,short,scope_selector_per_variate,scope_selector_per_variate,run_0,0,4,vanilla_univariate,56,vanilla_univariate,4,
EWELD_Load/15T,short,scope_selector_per_variate,scope_selector_per_variate,run_0,0,5,vanilla_univariate,56,vanilla_multivariate,4,
EWELD_Load/15T,short,scope_selector_per_variate,scope_selector_per_variate,run_0,0,6,vanilla_univariate,56,vanilla_univariate,4,
EWELD_Load/15T,short,scope_selector_per_variate,scope_selector_per_variate,run_0,0,7,vanilla_univariate,56,vanilla_multivariate,4,
EWELD_Load/15T,short,scope_selector_per_variate,scope_selector_per_variate,run_0,0,8,vanilla_univariate,56,vanilla_univariate,4,
EWELD_Load/15T,short,scope_selector_per_variate,scope_selector_per_variate,run_0,0,9,vanilla_multivariate,56,vanilla_multivariate,4,
EWELD_Load/15T,medium,scope_selector,scope_selector,run_1,,,vanilla_univariate,14,vanilla_univariate,2,
EWELD_Load/15T,medium,scope_selector_per_variate,scope_selector_per_variate,run_0,0,0,vanilla_univariate,14,vanilla_multivariate,2,
EWELD_Load/15T,medium,scope_selector_per_variate,scope_selector_per_variate,run_0,0,1,vanilla_univariate,14,vanilla_univariate,2,
EWELD_Load/15T,medium,scope_selector_per_variate,scope_selector_per_variate,run_0,0,2,vanilla_multivariate,14,vanilla_multivariate,2,
EWELD_Load/15T,medium,scope_selector_per_variate,scope_selector_per_variate,run_0,0,3,vanilla_univariate,14,vanilla_univariate,2,
EWELD_Load/15T,medium,scope_selector_per_variate,scope_selector_per_variate,run_0,0,4,vanilla_univariate,14,vanilla_univariate,2,
EWELD_Load/15T,medium,scope_selector_per_variate,scope_selector_per_variate,run_0,0,5,vanilla_univariate,14,vanilla_univariate,2,
EWELD_Load/15T,medium,scope_selector_per_variate,scope_selector_per_variate,run_0,0,6,vanilla_univariate,14,vanilla_univariate,2,
EWELD_Load/15T,medium,scope_selector_per_variate,scope_selector_per_variate,run_0,0,7,vanilla_univariate,14,vanilla_univariate,2,
EWELD_Load/15T,medium,scope_selector_per_variate,scope_selector_per_variate,run_0,0,8,vanilla_univariate,14,vanilla_univariate,2,
EWELD_Load/15T,medium,scope_selector_per_variate,scope_selector_per_variate,run_0,0,9,vanilla_univariate,14,vanilla_univariate,2,
EWELD_Load/15T,long,scope_selector,scope_selector,run_1,,,vanilla_univariate,2,vanilla_univariate,1,
EWELD_Load/15T,long,scope_selector_per_variate,scope_selector_per_variate,run_0,0,0,vanilla_multivariate,2,vanilla_multivariate,1,
EWELD_Load/15T,long,scope_selector_per_variate,scope_selector_per_variate,run_0,0,1,vanilla_multivariate,2,vanilla_multivariate,1,
EWELD_Load/15T,long,scope_selector_per_variate,scope_selector_per_variate,run_0,0,2,vanilla_univariate,2,vanilla_univariate,1,
EWELD_Load/15T,long,scope_selector_per_variate,scope_selector_per_variate,run_0,0,3,vanilla_univariate,2,vanilla_univariate,1,
EWELD_Load/15T,long,scope_selector_per_variate,scope_selector_per_variate,run_0,0,4,vanilla_univariate,2,vanilla_univariate,1,
EWELD_Load/15T,long,scope_selector_per_variate,scope_selector_per_variate,run_0,0,5,vanilla_univariate,2,vanilla_multivariate,1,
EWELD_Load/15T,long,scope_selector_per_variate,scope_selector_per_variate,run_0,0,6,vanilla_univariate,2,vanilla_univariate,1,
EWELD_Load/15T,long,scope_selector_per_variate,scope_selector_per_variate,run_0,0,7,vanilla_univariate,2,vanilla_univariate,1,
EWELD_Load/15T,long,scope_selector_per_variate,scope_selector_per_variate,run_0,0,8,vanilla_multivariate,2,vanilla_multivariate,1,
EWELD_Load/15T,long,scope_selector_per_variate,scope_selector_per_variate,run_0,0,9,vanilla_multivariate,2,vanilla_multivariate,1,
SG_Carpark/15T,short,scope_selector,scope_selector,run_1,,,vanilla_univariate,42,vanilla_univariate,3,
SG_Carpark/15T,short,scope_selector_per_variate,scope_selector_per_variate,run_0,0,0,vanilla_univariate,42,vanilla_univariate,3,
SG_Carpark/15T,short,scope_selector_per_variate,scope_selector_per_variate,run_0,1,0,vanilla_univariate,42,vanilla_univariate,3,
SG_Carpark/15T,short,scope_selector_per_variate,scope_selector_per_variate,run_0,2,0,vanilla_univariate,42,vanilla_univariate,3,
SG_Carpark/15T,short,scope_selector_per_variate,scope_selector_per_variate,run_0,3,0,vanilla_univariate,42,vanilla_univariate,3,
SG_Carpark/15T,short,scope_selector_per_variate,scope_selector_per_variate,run_0,4,0,vanilla_univariate,42,vanilla_univariate,3,
SG_Carpark/15T,short,scope_selector_per_variate,scope_selector_per_variate,run_0,5,0,vanilla_univariate,42,vanilla_univariate,3,
SG_Carpark/15T,short,scope_selector_per_variate,scope_selector_per_variate,run_0,6,0,vanilla_univariate,42,vanilla_univariate,3,
SG_Carpark/15T,short,scope_selector_per_variate,scope_selector_per_variate,run_0,7,0,vanilla_univariate,42,vanilla_univariate,3,
SG_Carpark/15T,short,scope_selector_per_variate,scope_selector_per_variate,run_0,8,0,vanilla_univariate,42,vanilla_univariate,3,
SG_Carpark/15T,short,scope_selector_per_variate,scope_selector_per_variate,run_0,9,0,vanilla_univariate,42,vanilla_univariate,3,
SG_Carpark/15T,short,scope_selector_per_variate,scope_selector_per_variate,run_0,10,0,vanilla_univariate,42,vanilla_univariate,3,
SG_Carpark/15T,short,scope_selector_per_variate,scope_selector_per_variate,run_0,11,0,vanilla_univariate,42,vanilla_univariate,3,
SG_Carpark/15T,short,scope_selector_per_variate,scope_selector_per_variate,run_0,12,0,vanilla_univariate,42,vanilla_univariate,3,
SG_Carpark/15T,short,scope_selector_per_variate,scope_selector_per_variate,run_0,13,0,vanilla_univariate,42,vanilla_univariate,3,
SG_Carpark/15T,short,scope_selector_per_variate,scope_selector_per_variate,run_0,14,0,vanilla_univariate,42,vanilla_univariate,3,
SG_Carpark/15T,short,scope_selector_per_variate,scope_selector_per_variate,run_0,15,0,vanilla_univariate,42,vanilla_univariate,3,
SG_Carpark/15T,short,scope_selector_per_variate,scope_selector_per_variate,run_0,16,0,vanilla_univariate,42,vanilla_univariate,3,
SG_Carpark/15T,short,scope_selector_per_variate,scope_selector_per_variate,run_0,17,0,vanilla_univariate,42,vanilla_univariate,3,
SG_Carpark/15T,short,scope_selector_per_variate,scope_selector_per_variate,run_0,18,0,vanilla_univariate,42,vanilla_univariate,3,
SG_Carpark/15T,short,scope_selector_per_variate,scope_selector_per_variate,run_0,19,0,vanilla_univariate,42,vanilla_univariate,3,
SG_Carpark/15T,short,scope_selector_per_variate,scope_selector_per_variate,run_0,20,0,vanilla_univariate,42,vanilla_univariate,3,
SG_Carpark/15T,short,scope_selector_per_variate,scope_selector_per_variate,run_0,21,0,vanilla_univariate,42,vanilla_univariate,3,
SG_Carpark/15T,short,scope_selector_per_variate,scope_selector_per_variate,run_0,22,0,vanilla_univariate,42,vanilla_univariate,3,
SG_Carpark/15T,short,scope_selector_per_variate,scope_selector_per_variate,run_0,23,0,vanilla_univariate,42,vanilla_univariate,3,
SG_Carpark/15T,short,scope_selector_per_variate,scope_selector_per_variate,run_0,24,0,vanilla_univariate,42,vanilla_univariate,3,
SG_Carpark/15T,short,scope_selector_per_variate,scope_selector_per_variate,run_0,25,0,vanilla_univariate,42,vanilla_univariate,3,
SG_Carpark/15T,short,scope_selector_per_variate,scope_selector_per_variate,run_0,26,0,vanilla_univariate,42,vanilla_univariate,3,
SG_Carpark/15T,short,scope_selector_per_variate,scope_selector_per_variate,run_0,27,0,vanilla_univariate,42,vanilla_univariate,3,
SG_Carpark/15T,short,scope_selector_per_variate,scope_selector_per_variate,run_0,28,0,vanilla_univariate,42,vanilla_univariate,3,
SG_Carpark/15T,short,scope_selector_per_variate,scope_selector_per_variate,run_0,29,0,vanilla_univariate,42,vanilla_univariate,3,
SG_Carpark/15T,short,scope_selector_per_variate,scope_selector_per_variate,run_0,30,0,vanilla_univariate,42,vanilla_univariate,3,
SG_Carpark/15T,short,scope_selector_per_variate,scope_selector_per_variate,run_0,31,0,vanilla_univariate,42,vanilla_univariate,3,
SG_Carpark/15T,short,scope_selector_per_variate,scope_selector_per_variate,run_0,32,0,vanilla_univariate,42,vanilla_univariate,3,
SG_Carpark/15T,short,scope_selector_per_variate,scope_selector_per_variate,run_0,33,0,vanilla_univariate,42,vanilla_univariate,3,
SG_Carpark/15T,short,scope_selector_per_variate,scope_selector_per_variate,run_0,34,0,vanilla_univariate,42,vanilla_univariate,3,
SG_Carpark/15T,short,scope_selector_per_variate,scope_selector_per_variate,run_0,35,0,vanilla_univariate,42,vanilla_univariate,3,
SG_Carpark/15T,short,scope_selector_per_variate,scope_selector_per_variate,run_0,36,0,vanilla_univariate,42,vanilla_univariate,3,
SG_Carpark/15T,short,scope_selector_per_variate,scope_selector_per_variate,run_0,37,0,vanilla_univariate,42,vanilla_univariate,3,
SG_Carpark/15T,short,scope_selector_per_variate,scope_selector_per_variate,run_0,38,0,vanilla_univariate,42,vanilla_univariate,3,
SG_Carpark/15T,short,scope_selector_per_variate,scope_selector_per_variate,run_0,39,0,vanilla_univariate,42,vanilla_univariate,3,
SG_Carpark/15T,short,scope_selector_per_variate,scope_selector_per_variate,run_0,40,0,vanilla_univariate,42,vanilla_univariate,3,
SG_Carpark/15T,short,scope_selector_per_variate,scope_selector_per_variate,run_0,41,0,vanilla_univariate,42,vanilla_univariate,3,
SG_Carpark/15T,short,scope_selector_per_variate,scope_selector_per_variate,run_0,42,0,vanilla_univariate,42,vanilla_univariate,3,
SG_Carpark/15T,short,scope_selector_per_variate,scope_selector_per_variate,run_0,43,0,vanilla_univariate,42,vanilla_univariate,3,
SG_Carpark/15T,short,scope_selector_per_variate,scope_selector_per_variate,run_0,44,0,vanilla_univariate,42,vanilla_univariate,3,
SG_Carpark/15T,short,scope_selector_per_variate,scope_selector_per_variate,run_0,45,0,vanilla_univariate,42,vanilla_univariate,3,
SG_Carpark/15T,short,scope_selector_per_variate,scope_selector_per_variate,run_0,46,0,vanilla_univariate,42,vanilla_univariate,3,
SG_Carpark/15T,short,scope_selector_per_variate,scope_selector_per_variate,run_0,47,0,vanilla_univariate,42,vanilla_univariate,3,
SG_Carpark/15T,short,scope_selector_per_variate,scope_selector_per_variate,run_0,48,0,vanilla_univariate,42,vanilla_univariate,3,
SG_Carpark/15T,short,scope_selector_per_variate,scope_selector_per_variate,run_0,49,0,vanilla_univariate,42,vanilla_univariate,3,
SG_Carpark/15T,short,scope_selector_per_variate,scope_selector_per_variate,run_0,50,0,vanilla_univariate,42,vanilla_univariate,3,
SG_Carpark/15T,short,scope_selector_per_variate,scope_selector_per_variate,run_0,51,0,vanilla_univariate,42,vanilla_univariate,3,
SG_Carpark/15T,short,scope_selector_per_variate,scope_selector_per_variate,run_0,52,0,vanilla_univariate,42,vanilla_univariate,3,
SG_Carpark/15T,short,scope_selector_per_variate,scope_selector_per_variate,run_0,53,0,vanilla_univariate,42,vanilla_univariate,3,
SG_Carpark/15T,short,scope_selector_per_variate,scope_selector_per_variate,run_0,54,0,vanilla_univariate,42,vanilla_univariate,3,
SG_Carpark/15T,short,scope_selector_per_variate,scope_selector_per_variate,run_0,55,0,vanilla_univariate,42,vanilla_univariate,3,
SG_Carpark/15T,short,scope_selector_per_variate,scope_selector_per_variate,run_0,56,0,vanilla_univariate,42,vanilla_univariate,3,
SG_Carpark/15T,short,scope_selector_per_variate,scope_selector_per_variate,run_0,57,0,vanilla_univariate,42,vanilla_univariate,3,
SG_Carpark/15T,short,scope_selector_per_variate,scope_selector_per_variate,run_0,58,0,vanilla_univariate,42,vanilla_univariate,3,
SG_Carpark/15T,short,scope_selector_per_variate,scope_selector_per_variate,run_0,59,0,vanilla_univariate,42,vanilla_univariate,3,
SG_Carpark/15T,short,scope_selector_per_variate,scope_selector_per_variate,run_0,60,0,vanilla_univariate,42,vanilla_univariate,3,
SG_Carpark/15T,short,scope_selector_per_variate,scope_selector_per_variate,run_0,61,0,vanilla_univariate,42,vanilla_univariate,3,
SG_Carpark/15T,short,scope_selector_per_variate,scope_selector_per_variate,run_0,62,0,vanilla_univariate,42,vanilla_univariate,3,
SG_Carpark/15T,short,scope_selector_per_variate,scope_selector_per_variate,run_0,63,0,vanilla_univariate,42,vanilla_univariate,3,
SG_Carpark/15T,short,scope_selector_per_variate,scope_selector_per_variate,run_0,64,0,vanilla_univariate,42,vanilla_univariate,3,
SG_Carpark/15T,short,scope_selector_per_variate,scope_selector_per_variate,run_0,65,0,vanilla_univariate,42,vanilla_univariate,3,
SG_Carpark/15T,short,scope_selector_per_variate,scope_selector_per_variate,run_0,66,0,vanilla_univariate,42,vanilla_univariate,3,
SG_Carpark/15T,short,scope_selector_per_variate,scope_selector_per_variate,run_0,67,0,vanilla_univariate,42,vanilla_univariate,3,
SG_Carpark/15T,short,scope_selector_per_variate,scope_selector_per_variate,run_0,68,0,vanilla_univariate,42,vanilla_univariate,3,
SG_Carpark/15T,short,scope_selector_per_variate,scope_selector_per_variate,run_0,69,0,vanilla_univariate,42,vanilla_univariate,3,
SG_Carpark/15T,short,scope_selector_per_variate,scope_selector_per_variate,run_0,70,0,vanilla_univariate,42,vanilla_univariate,3,
SG_Carpark/15T,short,scope_selector_per_variate,scope_selector_per_variate,run_0,71,0,vanilla_univariate,42,vanilla_univariate,3,
SG_Carpark/15T,short,scope_selector_per_variate,scope_selector_per_variate,run_0,72,0,vanilla_univariate,42,vanilla_univariate,3,
SG_Carpark/15T,short,scope_selector_per_variate,scope_selector_per_variate,run_0,73,0,vanilla_univariate,42,vanilla_univariate,3,
SG_Carpark/15T,short,scope_selector_per_variate,scope_selector_per_variate,run_0,74,0,vanilla_univariate,42,vanilla_univariate,3,
SG_Carpark/15T,short,scope_selector_per_variate,scope_selector_per_variate,run_0,75,0,vanilla_univariate,42,vanilla_univariate,3,
SG_Carpark/15T,short,scope_selector_per_variate,scope_selector_per_variate,run_0,76,0,vanilla_univariate,42,vanilla_univariate,3,
SG_Carpark/15T,short,scope_selector_per_variate,scope_selector_per_variate,run_0,77,0,vanilla_univariate,42,vanilla_univariate,3,
SG_Carpark/15T,short,scope_selector_per_variate,scope_selector_per_variate,run_0,78,0,vanilla_univariate,42,vanilla_univariate,3,
SG_Carpark/15T,short,scope_selector_per_variate,scope_selector_per_variate,run_0,79,0,vanilla_univariate,42,vanilla_univariate,3,
SG_Carpark/15T,short,scope_selector_per_variate,scope_selector_per_variate,run_0,80,0,vanilla_univariate,42,vanilla_univariate,3,
SG_Carpark/15T,short,scope_selector_per_variate,scope_selector_per_variate,run_0,81,0,vanilla_univariate,42,vanilla_univariate,3,
SG_Carpark/15T,short,scope_selector_per_variate,scope_selector_per_variate,run_0,82,0,vanilla_univariate,42,vanilla_univariate,3,
SG_Carpark/15T,short,scope_selector_per_variate,scope_selector_per_variate,run_0,83,0,vanilla_univariate,42,vanilla_univariate,3,
SG_Carpark/15T,short,scope_selector_per_variate,scope_selector_per_variate,run_0,84,0,vanilla_univariate,42,vanilla_univariate,3,
SG_Carpark/15T,short,scope_selector_per_variate,scope_selector_per_variate,run_0,85,0,vanilla_univariate,42,vanilla_univariate,3,
SG_Carpark/15T,short,scope_selector_per_variate,scope_selector_per_variate,run_0,86,0,vanilla_univariate,42,vanilla_univariate,3,
SG_Carpark/15T,short,scope_selector_per_variate,scope_selector_per_variate,run_0,87,0,vanilla_univariate,42,vanilla_univariate,3,
SG_Carpark/15T,short,scope_selector_per_variate,scope_selector_per_variate,run_0,88,0,vanilla_univariate,42,vanilla_univariate,3,
SG_Carpark/15T,short,scope_selector_per_variate,scope_selector_per_variate,run_0,89,0,vanilla_univariate,42,vanilla_univariate,3,
SG_Carpark/15T,short,scope_selector_per_variate,scope_selector_per_variate,run_0,90,0,vanilla_univariate,42,vanilla_univariate,3,
SG_Carpark/15T,short,scope_selector_per_variate,scope_selector_per_variate,run_0,91,0,vanilla_univariate,42,vanilla_univariate,3,
SG_Carpark/15T,short,scope_selector_per_variate,scope_selector_per_variate,run_0,92,0,vanilla_univariate,42,vanilla_univariate,3,
SG_Carpark/15T,short,scope_selector_per_variate,scope_selector_per_variate,run_0,93,0,vanilla_univariate,42,vanilla_univariate,3,
SG_Carpark/15T,short,scope_selector_per_variate,scope_selector_per_variate,run_0,94,0,vanilla_univariate,42,vanilla_univariate,3,
SG_Carpark/15T,short,scope_selector_per_variate,scope_selector_per_variate,run_0,95,0,vanilla_univariate,42,vanilla_univariate,3,
SG_Carpark/15T,short,scope_selector_per_variate,scope_selector_per_variate,run_0,96,0,vanilla_univariate,42,vanilla_univariate,3,
SG_Carpark/15T,short,scope_selector_per_variate,scope_selector_per_variate,run_0,97,0,vanilla_univariate,42,vanilla_univariate,3,
SG_Carpark/15T,short,scope_selector_per_variate,scope_selector_per_variate,run_0,98,0,vanilla_univariate,42,vanilla_univariate,3,
SG_Carpark/15T,short,scope_selector_per_variate,scope_selector_per_variate,run_0,99,0,vanilla_univariate,42,vanilla_univariate,3,
SG_Carpark/15T,short,scope_selector_per_variate,scope_selector_per_variate,run_0,100,0,vanilla_univariate,42,vanilla_univariate,3,
SG_Carpark/15T,short,scope_selector_per_variate,scope_selector_per_variate,run_0,101,0,vanilla_univariate,42,vanilla_univariate,3,
SG_Carpark/15T,short,scope_selector_per_variate,scope_selector_per_variate,run_0,102,0,vanilla_univariate,42,vanilla_univariate,3,
SG_Carpark/15T,short,scope_selector_per_variate,scope_selector_per_variate,run_0,103,0,vanilla_univariate,42,vanilla_univariate,3,
SG_Carpark/15T,short,scope_selector_per_variate,scope_selector_per_variate,run_0,104,0,vanilla_univariate,42,vanilla_univariate,3,
SG_Carpark/15T,short,scope_selector_per_variate,scope_selector_per_variate,run_0,105,0,vanilla_univariate,42,vanilla_univariate,3,
SG_Carpark/15T,short,scope_selector_per_variate,scope_selector_per_variate,run_0,106,0,vanilla_univariate,42,vanilla_univariate,3,
SG_Carpark/15T,short,scope_selector_per_variate,scope_selector_per_variate,run_0,107,0,vanilla_univariate,42,vanilla_univariate,3,
SG_Carpark/15T,short,scope_selector_per_variate,scope_selector_per_variate,run_0,108,0,vanilla_univariate,42,vanilla_univariate,3,
SG_Carpark/15T,short,scope_selector_per_variate,scope_selector_per_variate,run_0,109,0,vanilla_univariate,42,vanilla_univariate,3,
SG_Carpark/15T,short,scope_selector_per_variate,scope_selector_per_variate,run_0,110,0,vanilla_univariate,42,vanilla_univariate,3,
SG_Carpark/15T,short,scope_selector_per_variate,scope_selector_per_variate,run_0,111,0,vanilla_univariate,42,vanilla_univariate,3,
SG_Carpark/15T,short,scope_selector_per_variate,scope_selector_per_variate,run_0,112,0,vanilla_univariate,42,vanilla_univariate,3,
SG_Carpark/15T,short,scope_selector_per_variate,scope_selector_per_variate,run_0,113,0,vanilla_univariate,42,vanilla_univariate,3,
SG_Carpark/15T,short,scope_selector_per_variate,scope_selector_per_variate,run_0,114,0,vanilla_univariate,42,vanilla_univariate,3,
SG_Carpark/15T,short,scope_selector_per_variate,scope_selector_per_variate,run_0,115,0,vanilla_univariate,42,vanilla_univariate,3,
SG_Carpark/15T,short,scope_selector_per_variate,scope_selector_per_variate,run_0,116,0,vanilla_univariate,42,vanilla_univariate,3,
SG_Carpark/15T,short,scope_selector_per_variate,scope_selector_per_variate,run_0,117,0,vanilla_univariate,42,vanilla_univariate,3,
SG_Carpark/15T,short,scope_selector_per_variate,scope_selector_per_variate,run_0,118,0,vanilla_univariate,42,vanilla_univariate,3,
SG_Carpark/15T,short,scope_selector_per_variate,scope_selector_per_variate,run_0,119,0,vanilla_univariate,42,vanilla_univariate,3,
SG_Carpark/15T,short,scope_selector_per_variate,scope_selector_per_variate,run_0,120,0,vanilla_univariate,42,vanilla_univariate,3,
SG_Carpark/15T,short,scope_selector_per_variate,scope_selector_per_variate,run_0,121,0,vanilla_univariate,42,vanilla_univariate,3,
SG_Carpark/15T,short,scope_selector_per_variate,scope_selector_per_variate,run_0,122,0,vanilla_univariate,42,vanilla_univariate,3,
SG_Carpark/15T,short,scope_selector_per_variate,scope_selector_per_variate,run_0,123,0,vanilla_univariate,42,vanilla_univariate,3,
SG_Carpark/15T,short,scope_selector_per_variate,scope_selector_per_variate,run_0,124,0,vanilla_univariate,42,vanilla_univariate,3,
SG_Carpark/15T,short,scope_selector_per_variate,scope_selector_per_variate,run_0,125,0,vanilla_univariate,42,vanilla_univariate,3,
SG_Carpark/15T,short,scope_selector_per_variate,scope_selector_per_variate,run_0,126,0,vanilla_univariate,42,vanilla_univariate,3,
SG_Carpark/15T,short,scope_selector_per_variate,scope_selector_per_variate,run_0,127,0,vanilla_univariate,42,vanilla_univariate,3,
SG_Carpark/15T,short,scope_selector_per_variate,scope_selector_per_variate,run_0,128,0,vanilla_univariate,42,vanilla_univariate,3,
SG_Carpark/15T,short,scope_selector_per_variate,scope_selector_per_variate,run_0,129,0,vanilla_univariate,42,vanilla_univariate,3,
SG_Carpark/15T,short,scope_selector_per_variate,scope_selector_per_variate,run_0,130,0,vanilla_univariate,42,vanilla_univariate,3,
SG_Carpark/15T,short,scope_selector_per_variate,scope_selector_per_variate,run_0,131,0,vanilla_univariate,42,vanilla_univariate,3,
SG_Carpark/15T,short,scope_selector_per_variate,scope_selector_per_variate,run_0,132,0,vanilla_univariate,42,vanilla_univariate,3,
SG_Carpark/15T,short,scope_selector_per_variate,scope_selector_per_variate,run_0,133,0,vanilla_univariate,42,vanilla_univariate,3,
SG_Carpark/15T,short,scope_selector_per_variate,scope_selector_per_variate,run_0,134,0,vanilla_univariate,42,vanilla_univariate,3,
SG_Carpark/15T,short,scope_selector_per_variate,scope_selector_per_variate,run_0,135,0,vanilla_univariate,42,vanilla_univariate,3,
SG_Carpark/15T,short,scope_selector_per_variate,scope_selector_per_variate,run_0,136,0,vanilla_univariate,42,vanilla_univariate,3,
SG_Carpark/15T,short,scope_selector_per_variate,scope_selector_per_variate,run_0,137,0,vanilla_univariate,42,vanilla_univariate,3,
SG_Carpark/15T,short,scope_selector_per_variate,scope_selector_per_variate,run_0,138,0,vanilla_univariate,42,vanilla_univariate,3,
SG_Carpark/15T,short,scope_selector_per_variate,scope_selector_per_variate,run_0,139,0,vanilla_univariate,42,vanilla_univariate,3,
SG_Carpark/15T,short,scope_selector_per_variate,scope_selector_per_variate,run_0,140,0,vanilla_univariate,42,vanilla_univariate,3,
SG_Carpark/15T,short,scope_selector_per_variate,scope_selector_per_variate,run_0,141,0,vanilla_univariate,42,vanilla_univariate,3,
SG_Carpark/15T,short,scope_selector_per_variate,scope_selector_per_variate,run_0,142,0,vanilla_univariate,42,vanilla_univariate,3,
SG_Carpark/15T,short,scope_selector_per_variate,scope_selector_per_variate,run_0,143,0,vanilla_univariate,42,vanilla_univariate,3,
SG_Carpark/15T,short,scope_selector_per_variate,scope_selector_per_variate,run_0,144,0,vanilla_univariate,42,vanilla_univariate,3,
SG_Carpark/15T,short,scope_selector_per_variate,scope_selector_per_variate,run_0,145,0,vanilla_univariate,42,vanilla_univariate,3,
SG_Carpark/15T,short,scope_selector_per_variate,scope_selector_per_variate,run_0,146,0,vanilla_univariate,42,vanilla_univariate,3,
SG_Carpark/15T,short,scope_selector_per_variate,scope_selector_per_variate,run_0,147,0,vanilla_univariate,42,vanilla_univariate,3,
SG_Carpark/15T,short,scope_selector_per_variate,scope_selector_per_variate,run_0,148,0,vanilla_univariate,42,vanilla_univariate,3,
SG_Carpark/15T,short,scope_selector_per_variate,scope_selector_per_variate,run_0,149,0,vanilla_univariate,42,vanilla_univariate,3,
SG_Carpark/15T,short,scope_selector_per_variate,scope_selector_per_variate,run_0,150,0,vanilla_univariate,42,vanilla_univariate,3,
SG_Carpark/15T,short,scope_selector_per_variate,scope_selector_per_variate,run_0,151,0,vanilla_univariate,42,vanilla_univariate,3,
SG_Carpark/15T,short,scope_selector_per_variate,scope_selector_per_variate,run_0,152,0,vanilla_univariate,42,vanilla_univariate,3,
SG_Carpark/15T,short,scope_selector_per_variate,scope_selector_per_variate,run_0,153,0,vanilla_univariate,42,vanilla_univariate,3,
SG_Carpark/15T,short,scope_selector_per_variate,scope_selector_per_variate,run_0,154,0,vanilla_univariate,42,vanilla_univariate,3,
SG_Carpark/15T,short,scope_selector_per_variate,scope_selector_per_variate,run_0,155,0,vanilla_univariate,42,vanilla_univariate,3,
SG_Carpark/15T,short,scope_selector_per_variate,scope_selector_per_variate,run_0,156,0,vanilla_univariate,42,vanilla_univariate,3,
SG_Carpark/15T,short,scope_selector_per_variate,scope_selector_per_variate,run_0,157,0,vanilla_univariate,42,vanilla_univariate,3,
SG_Carpark/15T,short,scope_selector_per_variate,scope_selector_per_variate,run_0,158,0,vanilla_univariate,42,vanilla_univariate,3,
SG_Carpark/15T,short,scope_selector_per_variate,scope_selector_per_variate,run_0,159,0,vanilla_univariate,42,vanilla_univariate,3,
SG_Carpark/15T,short,scope_selector_per_variate,scope_selector_per_variate,run_0,160,0,vanilla_univariate,42,vanilla_univariate,3,
SG_Carpark/15T,short,scope_selector_per_variate,scope_selector_per_variate,run_0,161,0,vanilla_univariate,42,vanilla_univariate,3,
SG_Carpark/15T,short,scope_selector_per_variate,scope_selector_per_variate,run_0,162,0,vanilla_univariate,42,vanilla_univariate,3,
SG_Carpark/15T,short,scope_selector_per_variate,scope_selector_per_variate,run_0,163,0,vanilla_univariate,42,vanilla_univariate,3,
SG_Carpark/15T,short,scope_selector_per_variate,scope_selector_per_variate,run_0,164,0,vanilla_univariate,42,vanilla_univariate,3,
SG_Carpark/15T,short,scope_selector_per_variate,scope_selector_per_variate,run_0,165,0,vanilla_univariate,42,vanilla_univariate,3,
SG_Carpark/15T,short,scope_selector_per_variate,scope_selector_per_variate,run_0,166,0,vanilla_univariate,42,vanilla_univariate,3,
SG_Carpark/15T,short,scope_selector_per_variate,scope_selector_per_variate,run_0,167,0,vanilla_univariate,42,vanilla_univariate,3,
SG_Carpark/15T,short,scope_selector_per_variate,scope_selector_per_variate,run_0,168,0,vanilla_univariate,42,vanilla_univariate,3,
SG_Carpark/15T,short,scope_selector_per_variate,scope_selector_per_variate,run_0,169,0,vanilla_univariate,42,vanilla_univariate,3,
SG_Carpark/15T,short,scope_selector_per_variate,scope_selector_per_variate,run_0,170,0,vanilla_univariate,42,vanilla_univariate,3,
SG_Carpark/15T,short,scope_selector_per_variate,scope_selector_per_variate,run_0,171,0,vanilla_univariate,42,vanilla_univariate,3,
SG_Carpark/15T,short,scope_selector_per_variate,scope_selector_per_variate,run_0,172,0,vanilla_univariate,42,vanilla_univariate,3,
SG_Carpark/15T,short,scope_selector_per_variate,scope_selector_per_variate,run_0,173,0,vanilla_univariate,42,vanilla_univariate,3,
SG_Carpark/15T,short,scope_selector_per_variate,scope_selector_per_variate,run_0,174,0,vanilla_univariate,42,vanilla_univariate,3,
SG_Carpark/15T,short,scope_selector_per_variate,scope_selector_per_variate,run_0,175,0,vanilla_univariate,42,vanilla_univariate,3,
SG_Carpark/15T,short,scope_selector_per_variate,scope_selector_per_variate,run_0,176,0,vanilla_univariate,42,vanilla_univariate,3,
SG_Carpark/15T,short,scope_selector_per_variate,scope_selector_per_variate,run_0,177,0,vanilla_univariate,42,vanilla_univariate,3,
SG_Carpark/15T,short,scope_selector_per_variate,scope_selector_per_variate,run_0,178,0,vanilla_univariate,42,vanilla_univariate,3,
SG_Carpark/15T,short,scope_selector_per_variate,scope_selector_per_variate,run_0,179,0,vanilla_univariate,42,vanilla_univariate,3,
SG_Carpark/15T,short,scope_selector_per_variate,scope_selector_per_variate,run_0,180,0,vanilla_univariate,42,vanilla_univariate,3,
SG_Carpark/15T,short,scope_selector_per_variate,scope_selector_per_variate,run_0,181,0,vanilla_univariate,42,vanilla_univariate,3,
SG_Carpark/15T,short,scope_selector_per_variate,scope_selector_per_variate,run_0,182,0,vanilla_univariate,42,vanilla_univariate,3,
SG_Carpark/15T,short,scope_selector_per_variate,scope_selector_per_variate,run_0,183,0,vanilla_univariate,42,vanilla_univariate,3,
SG_Carpark/15T,short,scope_selector_per_variate,scope_selector_per_variate,run_0,184,0,vanilla_univariate,42,vanilla_univariate,3,
SG_Carpark/15T,short,scope_selector_per_variate,scope_selector_per_variate,run_0,185,0,vanilla_univariate,42,vanilla_univariate,3,
SG_Carpark/15T,short,scope_selector_per_variate,scope_selector_per_variate,run_0,186,0,vanilla_univariate,42,vanilla_univariate,3,
SG_Carpark/15T,short,scope_selector_per_variate,scope_selector_per_variate,run_0,187,0,vanilla_univariate,42,vanilla_univariate,3,
SG_Carpark/15T,short,scope_selector_per_variate,scope_selector_per_variate,run_0,188,0,vanilla_univariate,42,vanilla_univariate,3,
SG_Carpark/15T,short,scope_selector_per_variate,scope_selector_per_variate,run_0,189,0,vanilla_univariate,42,vanilla_univariate,3,
SG_Carpark/15T,short,scope_selector_per_variate,scope_selector_per_variate,run_0,190,0,vanilla_univariate,42,vanilla_univariate,3,
SG_Carpark/15T,short,scope_selector_per_variate,scope_selector_per_variate,run_0,191,0,vanilla_univariate,42,vanilla_univariate,3,
SG_Carpark/15T,short,scope_selector_per_variate,scope_selector_per_variate,run_0,192,0,vanilla_univariate,42,vanilla_univariate,3,
SG_Carpark/15T,short,scope_selector_per_variate,scope_selector_per_variate,run_0,193,0,vanilla_univariate,42,vanilla_univariate,3,
SG_Carpark/15T,short,scope_selector_per_variate,scope_selector_per_variate,run_0,194,0,vanilla_univariate,42,vanilla_univariate,3,
SG_Carpark/15T,short,scope_selector_per_variate,scope_selector_per_variate,run_0,195,0,vanilla_univariate,42,vanilla_univariate,3,
SG_Carpark/15T,short,scope_selector_per_variate,scope_selector_per_variate,run_0,196,0,vanilla_univariate,42,vanilla_univariate,3,
SG_Carpark/15T,short,scope_selector_per_variate,scope_selector_per_variate,run_0,197,0,vanilla_univariate,42,vanilla_univariate,3,
SG_Carpark/15T,short,scope_selector_per_variate,scope_selector_per_variate,run_0,198,0,vanilla_univariate,42,vanilla_univariate,3,
SG_Carpark/15T,short,scope_selector_per_variate,scope_selector_per_variate,run_0,199,0,vanilla_univariate,42,vanilla_univariate,3,
SG_Carpark/15T,short,scope_selector_per_variate,scope_selector_per_variate,run_0,200,0,vanilla_univariate,42,vanilla_univariate,3,
SG_Carpark/15T,short,scope_selector_per_variate,scope_selector_per_variate,run_0,201,0,vanilla_univariate,42,vanilla_univariate,3,
SG_Carpark/15T,short,scope_selector_per_variate,scope_selector_per_variate,run_0,202,0,vanilla_univariate,42,vanilla_univariate,3,
SG_Carpark/15T,short,scope_selector_per_variate,scope_selector_per_variate,run_0,203,0,vanilla_univariate,42,vanilla_univariate,3,
SG_Carpark/15T,short,scope_selector_per_variate,scope_selector_per_variate,run_0,204,0,vanilla_univariate,42,vanilla_univariate,3,
SG_Carpark/15T,short,scope_selector_per_variate,scope_selector_per_variate,run_0,205,0,vanilla_univariate,42,vanilla_univariate,3,
SG_Carpark/15T,short,scope_selector_per_variate,scope_selector_per_variate,run_0,206,0,vanilla_univariate,42,vanilla_univariate,3,
SG_Carpark/15T,short,scope_selector_per_variate,scope_selector_per_variate,run_0,207,0,vanilla_univariate,42,vanilla_univariate,3,
SG_Carpark/15T,short,scope_selector_per_variate,scope_selector_per_variate,run_0,208,0,vanilla_univariate,42,vanilla_univariate,3,
SG_Carpark/15T,short,scope_selector_per_variate,scope_selector_per_variate,run_0,209,0,vanilla_univariate,42,vanilla_univariate,3,
SG_Carpark/15T,short,scope_selector_per_variate,scope_selector_per_variate,run_0,210,0,vanilla_univariate,42,vanilla_univariate,3,
SG_Carpark/15T,short,scope_selector_per_variate,scope_selector_per_variate,run_0,211,0,vanilla_univariate,42,vanilla_univariate,3,
SG_Carpark/15T,short,scope_selector_per_variate,scope_selector_per_variate,run_0,212,0,vanilla_univariate,42,vanilla_univariate,3,
SG_Carpark/15T,short,scope_selector_per_variate,scope_selector_per_variate,run_0,213,0,vanilla_univariate,42,vanilla_univariate,3,
SG_Carpark/15T,short,scope_selector_per_variate,scope_selector_per_variate,run_0,214,0,vanilla_univariate,42,vanilla_univariate,3,
SG_Carpark/15T,short,scope_selector_per_variate,scope_selector_per_variate,run_0,215,0,vanilla_univariate,42,vanilla_univariate,3,
SG_Carpark/15T,short,scope_selector_per_variate,scope_selector_per_variate,run_0,216,0,vanilla_univariate,42,vanilla_univariate,3,
SG_Carpark/15T,short,scope_selector_per_variate,scope_selector_per_variate,run_0,217,0,vanilla_univariate,42,vanilla_univariate,3,
SG_Carpark/15T,short,scope_selector_per_variate,scope_selector_per_variate,run_0,218,0,vanilla_univariate,42,vanilla_univariate,3,
SG_Carpark/15T,short,scope_selector_per_variate,scope_selector_per_variate,run_0,219,0,vanilla_univariate,42,vanilla_univariate,3,
SG_Carpark/15T,short,scope_selector_per_variate,scope_selector_per_variate,run_0,220,0,vanilla_univariate,42,vanilla_univariate,3,
SG_Carpark/15T,short,scope_selector_per_variate,scope_selector_per_variate,run_0,221,0,vanilla_univariate,42,vanilla_univariate,3,
SG_Carpark/15T,short,scope_selector_per_variate,scope_selector_per_variate,run_0,222,0,vanilla_univariate,42,vanilla_univariate,3,
SG_Carpark/15T,short,scope_selector_per_variate,scope_selector_per_variate,run_0,223,0,vanilla_univariate,42,vanilla_univariate,3,
SG_Carpark/15T,short,scope_selector_per_variate,scope_selector_per_variate,run_0,224,0,vanilla_univariate,42,vanilla_univariate,3,
SG_Carpark/15T,short,scope_selector_per_variate,scope_selector_per_variate,run_0,225,0,vanilla_univariate,42,vanilla_univariate,3,
SG_Carpark/15T,short,scope_selector_per_variate,scope_selector_per_variate,run_0,226,0,vanilla_univariate,42,vanilla_univariate,3,
SG_Carpark/15T,short,scope_selector_per_variate,scope_selector_per_variate,run_0,227,0,vanilla_univariate,42,vanilla_univariate,3,
SG_Carpark/15T,short,scope_selector_per_variate,scope_selector_per_variate,run_0,228,0,vanilla_univariate,42,vanilla_univariate,3,
SG_Carpark/15T,short,scope_selector_per_variate,scope_selector_per_variate,run_0,229,0,vanilla_univariate,42,vanilla_univariate,3,
SG_Carpark/15T,short,scope_selector_per_variate,scope_selector_per_variate,run_0,230,0,vanilla_univariate,42,vanilla_univariate,3,
SG_Carpark/15T,short,scope_selector_per_variate,scope_selector_per_variate,run_0,231,0,vanilla_univariate,42,vanilla_univariate,3,
SG_Carpark/15T,short,scope_selector_per_variate,scope_selector_per_variate,run_0,232,0,vanilla_univariate,42,vanilla_univariate,3,
SG_Carpark/15T,short,scope_selector_per_variate,scope_selector_per_variate,run_0,233,0,vanilla_univariate,42,vanilla_univariate,3,
SG_Carpark/15T,short,scope_selector_per_variate,scope_selector_per_variate,run_0,234,0,vanilla_univariate,42,vanilla_univariate,3,
SG_Carpark/15T,short,scope_selector_per_variate,scope_selector_per_variate,run_0,235,0,vanilla_univariate,42,vanilla_univariate,3,
SG_Carpark/15T,short,scope_selector_per_variate,scope_selector_per_variate,run_0,236,0,vanilla_univariate,42,vanilla_univariate,3,
SG_Carpark/15T,short,scope_selector_per_variate,scope_selector_per_variate,run_0,237,0,vanilla_univariate,42,vanilla_univariate,3,
SG_Carpark/15T,short,scope_selector_per_variate,scope_selector_per_variate,run_0,238,0,vanilla_univariate,42,vanilla_univariate,3,
SG_Carpark/15T,short,scope_selector_per_variate,scope_selector_per_variate,run_0,239,0,vanilla_univariate,42,vanilla_univariate,3,
SG_Carpark/15T,short,scope_selector_per_variate,scope_selector_per_variate,run_0,240,0,vanilla_univariate,42,vanilla_univariate,3,
SG_Carpark/15T,short,scope_selector_per_variate,scope_selector_per_variate,run_0,241,0,vanilla_univariate,42,vanilla_univariate,3,
SG_Carpark/15T,short,scope_selector_per_variate,scope_selector_per_variate,run_0,242,0,vanilla_univariate,42,vanilla_univariate,3,
SG_Carpark/15T,short,scope_selector_per_variate,scope_selector_per_variate,run_0,243,0,vanilla_univariate,42,vanilla_univariate,3,
SG_Carpark/15T,short,scope_selector_per_variate,scope_selector_per_variate,run_0,244,0,vanilla_univariate,42,vanilla_univariate,3,
SG_Carpark/15T,short,scope_selector_per_variate,scope_selector_per_variate,run_0,245,0,vanilla_univariate,42,vanilla_univariate,3,
SG_Carpark/15T,short,scope_selector_per_variate,scope_selector_per_variate,run_0,246,0,vanilla_univariate,42,vanilla_univariate,3,
SG_Carpark/15T,short,scope_selector_per_variate,scope_selector_per_variate,run_0,247,0,vanilla_univariate,42,vanilla_univariate,3,
SG_Carpark/15T,short,scope_selector_per_variate,scope_selector_per_variate,run_0,248,0,vanilla_univariate,42,vanilla_univariate,3,
SG_Carpark/15T,short,scope_selector_per_variate,scope_selector_per_variate,run_0,249,0,vanilla_univariate,42,vanilla_univariate,3,
SG_Carpark/15T,short,scope_selector_per_variate,scope_selector_per_variate,run_0,250,0,vanilla_univariate,42,vanilla_univariate,3,
SG_Carpark/15T,short,scope_selector_per_variate,scope_selector_per_variate,run_0,251,0,vanilla_univariate,42,vanilla_univariate,3,
SG_Carpark/15T,short,scope_selector_per_variate,scope_selector_per_variate,run_0,252,0,vanilla_univariate,42,vanilla_univariate,3,
SG_Carpark/15T,short,scope_selector_per_variate,scope_selector_per_variate,run_0,253,0,vanilla_univariate,42,vanilla_univariate,3,
SG_Carpark/15T,short,scope_selector_per_variate,scope_selector_per_variate,run_0,254,0,vanilla_univariate,42,vanilla_univariate,3,
SG_Carpark/15T,short,scope_selector_per_variate,scope_selector_per_variate,run_0,255,0,vanilla_univariate,42,vanilla_univariate,3,
SG_Carpark/15T,short,scope_selector_per_variate,scope_selector_per_variate,run_0,256,0,vanilla_univariate,42,vanilla_univariate,3,
SG_Carpark/15T,short,scope_selector_per_variate,scope_selector_per_variate,run_0,257,0,vanilla_univariate,42,vanilla_univariate,3,
SG_Carpark/15T,short,scope_selector_per_variate,scope_selector_per_variate,run_0,258,0,vanilla_univariate,42,vanilla_univariate,3,
SG_Carpark/15T,short,scope_selector_per_variate,scope_selector_per_variate,run_0,259,0,vanilla_univariate,42,vanilla_univariate,3,
SG_Carpark/15T,short,scope_selector_per_variate,scope_selector_per_variate,run_0,260,0,vanilla_univariate,42,vanilla_univariate,3,
SG_Carpark/15T,short,scope_selector_per_variate,scope_selector_per_variate,run_0,261,0,vanilla_univariate,42,vanilla_univariate,3,
SG_Carpark/15T,short,scope_selector_per_variate,scope_selector_per_variate,run_0,262,0,vanilla_univariate,42,vanilla_univariate,3,
SG_Carpark/15T,short,scope_selector_per_variate,scope_selector_per_variate,run_0,263,0,vanilla_univariate,42,vanilla_univariate,3,
SG_Carpark/15T,short,scope_selector_per_variate,scope_selector_per_variate,run_0,264,0,vanilla_univariate,42,vanilla_univariate,3,
SG_Carpark/15T,short,scope_selector_per_variate,scope_selector_per_variate,run_0,265,0,vanilla_univariate,42,vanilla_univariate,3,
SG_Carpark/15T,short,scope_selector_per_variate,scope_selector_per_variate,run_0,266,0,vanilla_univariate,42,vanilla_univariate,3,
SG_Carpark/15T,short,scope_selector_per_variate,scope_selector_per_variate,run_0,267,0,vanilla_univariate,42,vanilla_univariate,3,
SG_Carpark/15T,short,scope_selector_per_variate,scope_selector_per_variate,run_0,268,0,vanilla_univariate,42,vanilla_univariate,3,
SG_Carpark/15T,short,scope_selector_per_variate,scope_selector_per_variate,run_0,269,0,vanilla_univariate,42,vanilla_univariate,3,
SG_Carpark/15T,short,scope_selector_per_variate,scope_selector_per_variate,run_0,270,0,vanilla_univariate,42,vanilla_univariate,3,
SG_Carpark/15T,short,scope_selector_per_variate,scope_selector_per_variate,run_0,271,0,vanilla_univariate,42,vanilla_univariate,3,
SG_Carpark/15T,short,scope_selector_per_variate,scope_selector_per_variate,run_0,272,0,vanilla_univariate,42,vanilla_univariate,3,
SG_Carpark/15T,short,scope_selector_per_variate,scope_selector_per_variate,run_0,273,0,vanilla_univariate,42,vanilla_univariate,3,
SG_Carpark/15T,short,scope_selector_per_variate,scope_selector_per_variate,run_0,274,0,vanilla_univariate,42,vanilla_univariate,3,
SG_Carpark/15T,short,scope_selector_per_variate,scope_selector_per_variate,run_0,275,0,vanilla_univariate,42,vanilla_univariate,3,
SG_Carpark/15T,short,scope_selector_per_variate,scope_selector_per_variate,run_0,276,0,vanilla_univariate,42,vanilla_univariate,3,
SG_Carpark/15T,short,scope_selector_per_variate,scope_selector_per_variate,run_0,277,0,vanilla_univariate,42,vanilla_univariate,3,
SG_Carpark/15T,short,scope_selector_per_variate,scope_selector_per_variate,run_0,278,0,vanilla_univariate,42,vanilla_univariate,3,
SG_Carpark/15T,short,scope_selector_per_variate,scope_selector_per_variate,run_0,279,0,vanilla_univariate,42,vanilla_univariate,3,
SG_Carpark/15T,short,scope_selector_per_variate,scope_selector_per_variate,run_0,280,0,vanilla_univariate,42,vanilla_univariate,3,
SG_Carpark/15T,short,scope_selector_per_variate,scope_selector_per_variate,run_0,281,0,vanilla_univariate,42,vanilla_univariate,3,
SG_Carpark/15T,short,scope_selector_per_variate,scope_selector_per_variate,run_0,282,0,vanilla_univariate,42,vanilla_univariate,3,
SG_Carpark/15T,short,scope_selector_per_variate,scope_selector_per_variate,run_0,283,0,vanilla_univariate,42,vanilla_univariate,3,
SG_Carpark/15T,short,scope_selector_per_variate,scope_selector_per_variate,run_0,284,0,vanilla_univariate,42,vanilla_univariate,3,
SG_Carpark/15T,short,scope_selector_per_variate,scope_selector_per_variate,run_0,285,0,vanilla_univariate,42,vanilla_univariate,3,
SG_Carpark/15T,short,scope_selector_per_variate,scope_selector_per_variate,run_0,286,0,vanilla_univariate,42,vanilla_univariate,3,
SG_Carpark/15T,short,scope_selector_per_variate,scope_selector_per_variate,run_0,287,0,vanilla_univariate,42,vanilla_univariate,3,
SG_Carpark/15T,short,scope_selector_per_variate,scope_selector_per_variate,run_0,288,0,vanilla_univariate,42,vanilla_univariate,3,
SG_Carpark/15T,short,scope_selector_per_variate,scope_selector_per_variate,run_0,289,0,vanilla_univariate,42,vanilla_univariate,3,
SG_Carpark/15T,short,scope_selector_per_variate,scope_selector_per_variate,run_0,290,0,vanilla_univariate,42,vanilla_univariate,3,
SG_Carpark/15T,short,scope_selector_per_variate,scope_selector_per_variate,run_0,291,0,vanilla_univariate,42,vanilla_univariate,3,
SG_Carpark/15T,short,scope_selector_per_variate,scope_selector_per_variate,run_0,292,0,vanilla_univariate,42,vanilla_univariate,3,
SG_Carpark/15T,short,scope_selector_per_variate,scope_selector_per_variate,run_0,293,0,vanilla_univariate,42,vanilla_univariate,3,
SG_Carpark/15T,short,scope_selector_per_variate,scope_selector_per_variate,run_0,294,0,vanilla_univariate,42,vanilla_univariate,3,
SG_Carpark/15T,short,scope_selector_per_variate,scope_selector_per_variate,run_0,295,0,vanilla_univariate,42,vanilla_univariate,3,
SG_Carpark/15T,short,scope_selector_per_variate,scope_selector_per_variate,run_0,296,0,vanilla_univariate,42,vanilla_univariate,3,
SG_Carpark/15T,short,scope_selector_per_variate,scope_selector_per_variate,run_0,297,0,vanilla_univariate,42,vanilla_univariate,3,
SG_Carpark/15T,short,scope_selector_per_variate,scope_selector_per_variate,run_0,298,0,vanilla_univariate,42,vanilla_univariate,3,
SG_Carpark/15T,short,scope_selector_per_variate,scope_selector_per_variate,run_0,299,0,vanilla_univariate,42,vanilla_univariate,3,
SG_Carpark/15T,short,scope_selector_per_variate,scope_selector_per_variate,run_0,300,0,vanilla_univariate,42,vanilla_univariate,3,
SG_Carpark/15T,short,scope_selector_per_variate,scope_selector_per_variate,run_0,301,0,vanilla_univariate,42,vanilla_univariate,3,
SG_Carpark/15T,short,scope_selector_per_variate,scope_selector_per_variate,run_0,302,0,vanilla_univariate,42,vanilla_univariate,3,
SG_Carpark/15T,short,scope_selector_per_variate,scope_selector_per_variate,run_0,303,0,vanilla_univariate,42,vanilla_univariate,3,
SG_Carpark/15T,short,scope_selector_per_variate,scope_selector_per_variate,run_0,304,0,vanilla_univariate,42,vanilla_univariate,3,
SG_Carpark/15T,short,scope_selector_per_variate,scope_selector_per_variate,run_0,305,0,vanilla_univariate,42,vanilla_univariate,3,
SG_Carpark/15T,short,scope_selector_per_variate,scope_selector_per_variate,run_0,306,0,vanilla_univariate,42,vanilla_univariate,3,
SG_Carpark/15T,short,scope_selector_per_variate,scope_selector_per_variate,run_0,307,0,vanilla_univariate,42,vanilla_univariate,3,
SG_Carpark/15T,short,scope_selector_per_variate,scope_selector_per_variate,run_0,308,0,vanilla_univariate,42,vanilla_univariate,3,
SG_Carpark/15T,short,scope_selector_per_variate,scope_selector_per_variate,run_0,309,0,vanilla_univariate,42,vanilla_univariate,3,
SG_Carpark/15T,short,scope_selector_per_variate,scope_selector_per_variate,run_0,310,0,vanilla_univariate,42,vanilla_univariate,3,
SG_Carpark/15T,short,scope_selector_per_variate,scope_selector_per_variate,run_0,311,0,vanilla_univariate,42,vanilla_univariate,3,
SG_Carpark/15T,short,scope_selector_per_variate,scope_selector_per_variate,run_0,312,0,vanilla_univariate,42,vanilla_univariate,3,
SG_Carpark/15T,short,scope_selector_per_variate,scope_selector_per_variate,run_0,313,0,vanilla_univariate,42,vanilla_univariate,3,
SG_Carpark/15T,short,scope_selector_per_variate,scope_selector_per_variate,run_0,314,0,vanilla_univariate,42,vanilla_univariate,3,
SG_Carpark/15T,short,scope_selector_per_variate,scope_selector_per_variate,run_0,315,0,vanilla_univariate,42,vanilla_univariate,3,
SG_Carpark/15T,short,scope_selector_per_variate,scope_selector_per_variate,run_0,316,0,vanilla_univariate,42,vanilla_univariate,3,
SG_Carpark/15T,short,scope_selector_per_variate,scope_selector_per_variate,run_0,317,0,vanilla_univariate,42,vanilla_univariate,3,
SG_Carpark/15T,short,scope_selector_per_variate,scope_selector_per_variate,run_0,318,0,vanilla_univariate,42,vanilla_univariate,3,
SG_Carpark/15T,short,scope_selector_per_variate,scope_selector_per_variate,run_0,319,0,vanilla_univariate,42,vanilla_univariate,3,
SG_Carpark/15T,short,scope_selector_per_variate,scope_selector_per_variate,run_0,320,0,vanilla_univariate,42,vanilla_univariate,3,
SG_Carpark/15T,short,scope_selector_per_variate,scope_selector_per_variate,run_0,321,0,vanilla_univariate,42,vanilla_univariate,3,
SG_Carpark/15T,short,scope_selector_per_variate,scope_selector_per_variate,run_0,322,0,vanilla_univariate,42,vanilla_univariate,3,
SG_Carpark/15T,short,scope_selector_per_variate,scope_selector_per_variate,run_0,323,0,vanilla_univariate,42,vanilla_univariate,3,
SG_Carpark/15T,short,scope_selector_per_variate,scope_selector_per_variate,run_0,324,0,vanilla_univariate,42,vanilla_univariate,3,
SG_Carpark/15T,short,scope_selector_per_variate,scope_selector_per_variate,run_0,325,0,vanilla_univariate,42,vanilla_univariate,3,
SG_Carpark/15T,short,scope_selector_per_variate,scope_selector_per_variate,run_0,326,0,vanilla_univariate,42,vanilla_univariate,3,
SG_Carpark/15T,short,scope_selector_per_variate,scope_selector_per_variate,run_0,327,0,vanilla_univariate,42,vanilla_univariate,3,
SG_Carpark/15T,short,scope_selector_per_variate,scope_selector_per_variate,run_0,328,0,vanilla_univariate,42,vanilla_univariate,3,
SG_Carpark/15T,short,scope_selector_per_variate,scope_selector_per_variate,run_0,329,0,vanilla_univariate,42,vanilla_univariate,3,
SG_Carpark/15T,short,scope_selector_per_variate,scope_selector_per_variate,run_0,330,0,vanilla_univariate,42,vanilla_univariate,3,
SG_Carpark/15T,short,scope_selector_per_variate,scope_selector_per_variate,run_0,331,0,vanilla_univariate,42,vanilla_univariate,3,
SG_Carpark/15T,short,scope_selector_per_variate,scope_selector_per_variate,run_0,332,0,vanilla_univariate,42,vanilla_univariate,3,
SG_Carpark/15T,short,scope_selector_per_variate,scope_selector_per_variate,run_0,333,0,vanilla_univariate,42,vanilla_univariate,3,
SG_Carpark/15T,short,scope_selector_per_variate,scope_selector_per_variate,run_0,334,0,vanilla_univariate,42,vanilla_univariate,3,
SG_Carpark/15T,short,scope_selector_per_variate,scope_selector_per_variate,run_0,335,0,vanilla_univariate,42,vanilla_univariate,3,
SG_Carpark/15T,short,scope_selector_per_variate,scope_selector_per_variate,run_0,336,0,vanilla_univariate,42,vanilla_univariate,3,
SG_Carpark/15T,short,scope_selector_per_variate,scope_selector_per_variate,run_0,337,0,vanilla_univariate,42,vanilla_univariate,3,
SG_Carpark/15T,short,scope_selector_per_variate,scope_selector_per_variate,run_0,338,0,vanilla_univariate,42,vanilla_univariate,3,
SG_Carpark/15T,short,scope_selector_per_variate,scope_selector_per_variate,run_0,339,0,vanilla_univariate,42,vanilla_univariate,3,
SG_Carpark/15T,short,scope_selector_per_variate,scope_selector_per_variate,run_0,340,0,vanilla_univariate,42,vanilla_univariate,3,
SG_Carpark/15T,short,scope_selector_per_variate,scope_selector_per_variate,run_0,341,0,vanilla_univariate,42,vanilla_univariate,3,
SG_Carpark/15T,short,scope_selector_per_variate,scope_selector_per_variate,run_0,342,0,vanilla_univariate,42,vanilla_univariate,3,
SG_Carpark/15T,short,scope_selector_per_variate,scope_selector_per_variate,run_0,343,0,vanilla_univariate,42,vanilla_univariate,3,
SG_Carpark/15T,short,scope_selector_per_variate,scope_selector_per_variate,run_0,344,0,vanilla_univariate,42,vanilla_univariate,3,
SG_Carpark/15T,short,scope_selector_per_variate,scope_selector_per_variate,run_0,345,0,vanilla_univariate,42,vanilla_univariate,3,
SG_Carpark/15T,short,scope_selector_per_variate,scope_selector_per_variate,run_0,346,0,vanilla_univariate,42,vanilla_univariate,3,
SG_Carpark/15T,short,scope_selector_per_variate,scope_selector_per_variate,run_0,347,0,vanilla_univariate,42,vanilla_univariate,3,
SG_Carpark/15T,short,scope_selector_per_variate,scope_selector_per_variate,run_0,348,0,vanilla_univariate,42,vanilla_univariate,3,
SG_Carpark/15T,short,scope_selector_per_variate,scope_selector_per_variate,run_0,349,0,vanilla_univariate,42,vanilla_univariate,3,
SG_Carpark/15T,short,scope_selector_per_variate,scope_selector_per_variate,run_0,350,0,vanilla_univariate,42,vanilla_univariate,3,
SG_Carpark/15T,short,scope_selector_per_variate,scope_selector_per_variate,run_0,351,0,vanilla_univariate,42,vanilla_univariate,3,
SG_Carpark/15T,short,scope_selector_per_variate,scope_selector_per_variate,run_0,352,0,vanilla_univariate,42,vanilla_univariate,3,
SG_Carpark/15T,short,scope_selector_per_variate,scope_selector_per_variate,run_0,353,0,vanilla_univariate,42,vanilla_univariate,3,
SG_Carpark/15T,medium,scope_selector,scope_selector,run_1,,,vanilla_univariate,7,vanilla_multivariate,2,
SG_Carpark/15T,medium,scope_selector_per_variate,scope_selector_per_variate,run_0,0,0,vanilla_univariate,7,vanilla_multivariate,2,
SG_Carpark/15T,medium,scope_selector_per_variate,scope_selector_per_variate,run_0,1,0,vanilla_univariate,7,vanilla_univariate,2,
SG_Carpark/15T,medium,scope_selector_per_variate,scope_selector_per_variate,run_0,2,0,vanilla_multivariate,7,vanilla_multivariate,2,
SG_Carpark/15T,medium,scope_selector_per_variate,scope_selector_per_variate,run_0,3,0,vanilla_multivariate,7,vanilla_multivariate,2,
SG_Carpark/15T,medium,scope_selector_per_variate,scope_selector_per_variate,run_0,4,0,vanilla_multivariate,7,vanilla_multivariate,2,
SG_Carpark/15T,medium,scope_selector_per_variate,scope_selector_per_variate,run_0,5,0,vanilla_univariate,7,vanilla_univariate,2,
SG_Carpark/15T,medium,scope_selector_per_variate,scope_selector_per_variate,run_0,6,0,vanilla_univariate,7,vanilla_multivariate,2,
SG_Carpark/15T,medium,scope_selector_per_variate,scope_selector_per_variate,run_0,7,0,vanilla_univariate,7,vanilla_multivariate,2,
SG_Carpark/15T,medium,scope_selector_per_variate,scope_selector_per_variate,run_0,8,0,vanilla_univariate,7,vanilla_univariate,2,
SG_Carpark/15T,medium,scope_selector_per_variate,scope_selector_per_variate,run_0,9,0,vanilla_univariate,7,vanilla_univariate,2,
SG_Carpark/15T,medium,scope_selector_per_variate,scope_selector_per_variate,run_0,10,0,vanilla_univariate,7,vanilla_univariate,2,
SG_Carpark/15T,medium,scope_selector_per_variate,scope_selector_per_variate,run_0,11,0,vanilla_univariate,7,vanilla_multivariate,2,
SG_Carpark/15T,medium,scope_selector_per_variate,scope_selector_per_variate,run_0,12,0,vanilla_univariate,7,vanilla_univariate,2,
SG_Carpark/15T,medium,scope_selector_per_variate,scope_selector_per_variate,run_0,13,0,vanilla_univariate,7,vanilla_univariate,2,
SG_Carpark/15T,medium,scope_selector_per_variate,scope_selector_per_variate,run_0,14,0,vanilla_univariate,7,vanilla_univariate,2,
SG_Carpark/15T,medium,scope_selector_per_variate,scope_selector_per_variate,run_0,15,0,vanilla_univariate,7,vanilla_univariate,2,
SG_Carpark/15T,medium,scope_selector_per_variate,scope_selector_per_variate,run_0,16,0,vanilla_univariate,7,vanilla_univariate,2,
SG_Carpark/15T,medium,scope_selector_per_variate,scope_selector_per_variate,run_0,17,0,vanilla_univariate,7,vanilla_univariate,2,
SG_Carpark/15T,medium,scope_selector_per_variate,scope_selector_per_variate,run_0,18,0,vanilla_univariate,7,vanilla_univariate,2,
SG_Carpark/15T,medium,scope_selector_per_variate,scope_selector_per_variate,run_0,19,0,vanilla_univariate,7,vanilla_univariate,2,
SG_Carpark/15T,medium,scope_selector_per_variate,scope_selector_per_variate,run_0,20,0,vanilla_univariate,7,vanilla_univariate,2,
SG_Carpark/15T,medium,scope_selector_per_variate,scope_selector_per_variate,run_0,21,0,vanilla_univariate,7,vanilla_univariate,2,
SG_Carpark/15T,medium,scope_selector_per_variate,scope_selector_per_variate,run_0,22,0,vanilla_univariate,7,vanilla_univariate,2,
SG_Carpark/15T,medium,scope_selector_per_variate,scope_selector_per_variate,run_0,23,0,vanilla_univariate,7,vanilla_multivariate,2,
SG_Carpark/15T,medium,scope_selector_per_variate,scope_selector_per_variate,run_0,24,0,vanilla_univariate,7,vanilla_univariate,2,
SG_Carpark/15T,medium,scope_selector_per_variate,scope_selector_per_variate,run_0,25,0,vanilla_multivariate,7,vanilla_multivariate,2,
SG_Carpark/15T,medium,scope_selector_per_variate,scope_selector_per_variate,run_0,26,0,vanilla_univariate,7,vanilla_univariate,2,
SG_Carpark/15T,medium,scope_selector_per_variate,scope_selector_per_variate,run_0,27,0,vanilla_univariate,7,vanilla_univariate,2,
SG_Carpark/15T,medium,scope_selector_per_variate,scope_selector_per_variate,run_0,28,0,vanilla_univariate,7,vanilla_univariate,2,
SG_Carpark/15T,medium,scope_selector_per_variate,scope_selector_per_variate,run_0,29,0,vanilla_multivariate,7,vanilla_multivariate,2,
SG_Carpark/15T,medium,scope_selector_per_variate,scope_selector_per_variate,run_0,30,0,vanilla_multivariate,7,vanilla_multivariate,2,
SG_Carpark/15T,medium,scope_selector_per_variate,scope_selector_per_variate,run_0,31,0,vanilla_univariate,7,vanilla_univariate,2,
SG_Carpark/15T,medium,scope_selector_per_variate,scope_selector_per_variate,run_0,32,0,vanilla_univariate,7,vanilla_univariate,2,
SG_Carpark/15T,medium,scope_selector_per_variate,scope_selector_per_variate,run_0,33,0,vanilla_univariate,7,vanilla_univariate,2,
SG_Carpark/15T,medium,scope_selector_per_variate,scope_selector_per_variate,run_0,34,0,vanilla_multivariate,7,vanilla_multivariate,2,
SG_Carpark/15T,medium,scope_selector_per_variate,scope_selector_per_variate,run_0,35,0,vanilla_multivariate,7,vanilla_multivariate,2,
SG_Carpark/15T,medium,scope_selector_per_variate,scope_selector_per_variate,run_0,36,0,vanilla_multivariate,7,vanilla_multivariate,2,
SG_Carpark/15T,medium,scope_selector_per_variate,scope_selector_per_variate,run_0,37,0,vanilla_multivariate,7,vanilla_multivariate,2,
SG_Carpark/15T,medium,scope_selector_per_variate,scope_selector_per_variate,run_0,38,0,vanilla_multivariate,7,vanilla_multivariate,2,
SG_Carpark/15T,medium,scope_selector_per_variate,scope_selector_per_variate,run_0,39,0,vanilla_univariate,7,vanilla_univariate,2,
SG_Carpark/15T,medium,scope_selector_per_variate,scope_selector_per_variate,run_0,40,0,vanilla_univariate,7,vanilla_univariate,2,
SG_Carpark/15T,medium,scope_selector_per_variate,scope_selector_per_variate,run_0,41,0,vanilla_univariate,7,vanilla_univariate,2,
SG_Carpark/15T,medium,scope_selector_per_variate,scope_selector_per_variate,run_0,42,0,vanilla_univariate,7,vanilla_univariate,2,
SG_Carpark/15T,medium,scope_selector_per_variate,scope_selector_per_variate,run_0,43,0,vanilla_univariate,7,vanilla_univariate,2,
SG_Carpark/15T,medium,scope_selector_per_variate,scope_selector_per_variate,run_0,44,0,vanilla_multivariate,7,vanilla_multivariate,2,
SG_Carpark/15T,medium,scope_selector_per_variate,scope_selector_per_variate,run_0,45,0,vanilla_univariate,7,vanilla_multivariate,2,
SG_Carpark/15T,medium,scope_selector_per_variate,scope_selector_per_variate,run_0,46,0,vanilla_univariate,7,vanilla_univariate,2,
SG_Carpark/15T,medium,scope_selector_per_variate,scope_selector_per_variate,run_0,47,0,vanilla_multivariate,7,vanilla_multivariate,2,
SG_Carpark/15T,medium,scope_selector_per_variate,scope_selector_per_variate,run_0,48,0,vanilla_univariate,7,vanilla_multivariate,2,
SG_Carpark/15T,medium,scope_selector_per_variate,scope_selector_per_variate,run_0,49,0,vanilla_multivariate,7,vanilla_multivariate,2,
SG_Carpark/15T,medium,scope_selector_per_variate,scope_selector_per_variate,run_0,50,0,vanilla_univariate,7,vanilla_multivariate,2,
SG_Carpark/15T,medium,scope_selector_per_variate,scope_selector_per_variate,run_0,51,0,vanilla_univariate,7,vanilla_multivariate,2,
SG_Carpark/15T,medium,scope_selector_per_variate,scope_selector_per_variate,run_0,52,0,vanilla_univariate,7,vanilla_univariate,2,
SG_Carpark/15T,medium,scope_selector_per_variate,scope_selector_per_variate,run_0,53,0,vanilla_univariate,7,vanilla_univariate,2,
SG_Carpark/15T,medium,scope_selector_per_variate,scope_selector_per_variate,run_0,54,0,vanilla_univariate,7,vanilla_univariate,2,
SG_Carpark/15T,medium,scope_selector_per_variate,scope_selector_per_variate,run_0,55,0,vanilla_univariate,7,vanilla_univariate,2,
SG_Carpark/15T,medium,scope_selector_per_variate,scope_selector_per_variate,run_0,56,0,vanilla_univariate,7,vanilla_univariate,2,
SG_Carpark/15T,medium,scope_selector_per_variate,scope_selector_per_variate,run_0,57,0,vanilla_univariate,7,vanilla_multivariate,2,
SG_Carpark/15T,medium,scope_selector_per_variate,scope_selector_per_variate,run_0,58,0,vanilla_univariate,7,vanilla_univariate,2,
SG_Carpark/15T,medium,scope_selector_per_variate,scope_selector_per_variate,run_0,59,0,vanilla_univariate,7,vanilla_univariate,2,
SG_Carpark/15T,medium,scope_selector_per_variate,scope_selector_per_variate,run_0,60,0,vanilla_univariate,7,vanilla_multivariate,2,
SG_Carpark/15T,medium,scope_selector_per_variate,scope_selector_per_variate,run_0,61,0,vanilla_multivariate,7,vanilla_multivariate,2,
SG_Carpark/15T,medium,scope_selector_per_variate,scope_selector_per_variate,run_0,62,0,vanilla_univariate,7,vanilla_univariate,2,
SG_Carpark/15T,medium,scope_selector_per_variate,scope_selector_per_variate,run_0,63,0,vanilla_univariate,7,vanilla_univariate,2,
SG_Carpark/15T,medium,scope_selector_per_variate,scope_selector_per_variate,run_0,64,0,vanilla_univariate,7,vanilla_univariate,2,
SG_Carpark/15T,medium,scope_selector_per_variate,scope_selector_per_variate,run_0,65,0,vanilla_univariate,7,vanilla_multivariate,2,
SG_Carpark/15T,medium,scope_selector_per_variate,scope_selector_per_variate,run_0,66,0,vanilla_univariate,7,vanilla_univariate,2,
SG_Carpark/15T,medium,scope_selector_per_variate,scope_selector_per_variate,run_0,67,0,vanilla_univariate,7,vanilla_univariate,2,
SG_Carpark/15T,medium,scope_selector_per_variate,scope_selector_per_variate,run_0,68,0,vanilla_univariate,7,vanilla_univariate,2,
SG_Carpark/15T,medium,scope_selector_per_variate,scope_selector_per_variate,run_0,69,0,vanilla_univariate,7,vanilla_univariate,2,
SG_Carpark/15T,medium,scope_selector_per_variate,scope_selector_per_variate,run_0,70,0,vanilla_multivariate,7,vanilla_multivariate,2,
SG_Carpark/15T,medium,scope_selector_per_variate,scope_selector_per_variate,run_0,71,0,vanilla_multivariate,7,vanilla_multivariate,2,
SG_Carpark/15T,medium,scope_selector_per_variate,scope_selector_per_variate,run_0,72,0,vanilla_univariate,7,vanilla_univariate,2,
SG_Carpark/15T,medium,scope_selector_per_variate,scope_selector_per_variate,run_0,73,0,vanilla_multivariate,7,vanilla_multivariate,2,
SG_Carpark/15T,medium,scope_selector_per_variate,scope_selector_per_variate,run_0,74,0,vanilla_univariate,7,vanilla_univariate,2,
SG_Carpark/15T,medium,scope_selector_per_variate,scope_selector_per_variate,run_0,75,0,vanilla_univariate,7,vanilla_univariate,2,
SG_Carpark/15T,medium,scope_selector_per_variate,scope_selector_per_variate,run_0,76,0,vanilla_univariate,7,vanilla_multivariate,2,
SG_Carpark/15T,medium,scope_selector_per_variate,scope_selector_per_variate,run_0,77,0,vanilla_univariate,7,vanilla_univariate,2,
SG_Carpark/15T,medium,scope_selector_per_variate,scope_selector_per_variate,run_0,78,0,vanilla_univariate,7,vanilla_multivariate,2,
SG_Carpark/15T,medium,scope_selector_per_variate,scope_selector_per_variate,run_0,79,0,vanilla_univariate,7,vanilla_multivariate,2,
SG_Carpark/15T,medium,scope_selector_per_variate,scope_selector_per_variate,run_0,80,0,vanilla_univariate,7,vanilla_univariate,2,
SG_Carpark/15T,medium,scope_selector_per_variate,scope_selector_per_variate,run_0,81,0,vanilla_univariate,7,vanilla_univariate,2,
SG_Carpark/15T,medium,scope_selector_per_variate,scope_selector_per_variate,run_0,82,0,vanilla_multivariate,7,vanilla_multivariate,2,
SG_Carpark/15T,medium,scope_selector_per_variate,scope_selector_per_variate,run_0,83,0,vanilla_univariate,7,vanilla_multivariate,2,
SG_Carpark/15T,medium,scope_selector_per_variate,scope_selector_per_variate,run_0,84,0,vanilla_univariate,7,vanilla_multivariate,2,
SG_Carpark/15T,medium,scope_selector_per_variate,scope_selector_per_variate,run_0,85,0,vanilla_multivariate,7,vanilla_multivariate,2,
SG_Carpark/15T,medium,scope_selector_per_variate,scope_selector_per_variate,run_0,86,0,vanilla_univariate,7,vanilla_multivariate,2,
SG_Carpark/15T,medium,scope_selector_per_variate,scope_selector_per_variate,run_0,87,0,vanilla_univariate,7,vanilla_univariate,2,
SG_Carpark/15T,medium,scope_selector_per_variate,scope_selector_per_variate,run_0,88,0,vanilla_multivariate,7,vanilla_multivariate,2,
SG_Carpark/15T,medium,scope_selector_per_variate,scope_selector_per_variate,run_0,89,0,vanilla_univariate,7,vanilla_multivariate,2,
SG_Carpark/15T,medium,scope_selector_per_variate,scope_selector_per_variate,run_0,90,0,vanilla_multivariate,7,vanilla_multivariate,2,
SG_Carpark/15T,medium,scope_selector_per_variate,scope_selector_per_variate,run_0,91,0,vanilla_univariate,7,vanilla_univariate,2,
SG_Carpark/15T,medium,scope_selector_per_variate,scope_selector_per_variate,run_0,92,0,vanilla_univariate,7,vanilla_multivariate,2,
SG_Carpark/15T,medium,scope_selector_per_variate,scope_selector_per_variate,run_0,93,0,vanilla_univariate,7,vanilla_multivariate,2,
SG_Carpark/15T,medium,scope_selector_per_variate,scope_selector_per_variate,run_0,94,0,vanilla_univariate,7,vanilla_univariate,2,
SG_Carpark/15T,medium,scope_selector_per_variate,scope_selector_per_variate,run_0,95,0,vanilla_multivariate,7,vanilla_multivariate,2,
SG_Carpark/15T,medium,scope_selector_per_variate,scope_selector_per_variate,run_0,96,0,vanilla_univariate,7,vanilla_multivariate,2,
SG_Carpark/15T,medium,scope_selector_per_variate,scope_selector_per_variate,run_0,97,0,vanilla_univariate,7,vanilla_multivariate,2,
SG_Carpark/15T,medium,scope_selector_per_variate,scope_selector_per_variate,run_0,98,0,vanilla_univariate,7,vanilla_multivariate,2,
SG_Carpark/15T,medium,scope_selector_per_variate,scope_selector_per_variate,run_0,99,0,vanilla_multivariate,7,vanilla_multivariate,2,
SG_Carpark/15T,medium,scope_selector_per_variate,scope_selector_per_variate,run_0,100,0,vanilla_univariate,7,vanilla_univariate,2,
SG_Carpark/15T,medium,scope_selector_per_variate,scope_selector_per_variate,run_0,101,0,vanilla_multivariate,7,vanilla_multivariate,2,
SG_Carpark/15T,medium,scope_selector_per_variate,scope_selector_per_variate,run_0,102,0,vanilla_multivariate,7,vanilla_multivariate,2,
SG_Carpark/15T,medium,scope_selector_per_variate,scope_selector_per_variate,run_0,103,0,vanilla_multivariate,7,vanilla_multivariate,2,
SG_Carpark/15T,medium,scope_selector_per_variate,scope_selector_per_variate,run_0,104,0,vanilla_univariate,7,vanilla_univariate,2,
SG_Carpark/15T,medium,scope_selector_per_variate,scope_selector_per_variate,run_0,105,0,vanilla_multivariate,7,vanilla_multivariate,2,
SG_Carpark/15T,medium,scope_selector_per_variate,scope_selector_per_variate,run_0,106,0,vanilla_univariate,7,vanilla_univariate,2,
SG_Carpark/15T,medium,scope_selector_per_variate,scope_selector_per_variate,run_0,107,0,vanilla_univariate,7,vanilla_multivariate,2,
SG_Carpark/15T,medium,scope_selector_per_variate,scope_selector_per_variate,run_0,108,0,vanilla_univariate,7,vanilla_multivariate,2,
SG_Carpark/15T,medium,scope_selector_per_variate,scope_selector_per_variate,run_0,109,0,vanilla_multivariate,7,vanilla_multivariate,2,
SG_Carpark/15T,medium,scope_selector_per_variate,scope_selector_per_variate,run_0,110,0,vanilla_multivariate,7,vanilla_multivariate,2,
SG_Carpark/15T,medium,scope_selector_per_variate,scope_selector_per_variate,run_0,111,0,vanilla_multivariate,7,vanilla_multivariate,2,
SG_Carpark/15T,medium,scope_selector_per_variate,scope_selector_per_variate,run_0,112,0,vanilla_multivariate,7,vanilla_multivariate,2,
SG_Carpark/15T,medium,scope_selector_per_variate,scope_selector_per_variate,run_0,113,0,vanilla_multivariate,7,vanilla_multivariate,2,
SG_Carpark/15T,medium,scope_selector_per_variate,scope_selector_per_variate,run_0,114,0,vanilla_univariate,7,vanilla_univariate,2,
SG_Carpark/15T,medium,scope_selector_per_variate,scope_selector_per_variate,run_0,115,0,vanilla_univariate,7,vanilla_univariate,2,
SG_Carpark/15T,medium,scope_selector_per_variate,scope_selector_per_variate,run_0,116,0,vanilla_univariate,7,vanilla_univariate,2,
SG_Carpark/15T,medium,scope_selector_per_variate,scope_selector_per_variate,run_0,117,0,vanilla_univariate,7,vanilla_univariate,2,
SG_Carpark/15T,medium,scope_selector_per_variate,scope_selector_per_variate,run_0,118,0,vanilla_univariate,7,vanilla_univariate,2,
SG_Carpark/15T,medium,scope_selector_per_variate,scope_selector_per_variate,run_0,119,0,vanilla_univariate,7,vanilla_multivariate,2,
SG_Carpark/15T,medium,scope_selector_per_variate,scope_selector_per_variate,run_0,120,0,vanilla_multivariate,7,vanilla_multivariate,2,
SG_Carpark/15T,medium,scope_selector_per_variate,scope_selector_per_variate,run_0,121,0,vanilla_univariate,7,vanilla_univariate,2,
SG_Carpark/15T,medium,scope_selector_per_variate,scope_selector_per_variate,run_0,122,0,vanilla_univariate,7,vanilla_univariate,2,
SG_Carpark/15T,medium,scope_selector_per_variate,scope_selector_per_variate,run_0,123,0,vanilla_multivariate,7,vanilla_multivariate,2,
SG_Carpark/15T,medium,scope_selector_per_variate,scope_selector_per_variate,run_0,124,0,vanilla_univariate,7,vanilla_univariate,2,
SG_Carpark/15T,medium,scope_selector_per_variate,scope_selector_per_variate,run_0,125,0,vanilla_multivariate,7,vanilla_multivariate,2,
SG_Carpark/15T,medium,scope_selector_per_variate,scope_selector_per_variate,run_0,126,0,vanilla_univariate,7,vanilla_univariate,2,
SG_Carpark/15T,medium,scope_selector_per_variate,scope_selector_per_variate,run_0,127,0,vanilla_univariate,7,vanilla_multivariate,2,
SG_Carpark/15T,medium,scope_selector_per_variate,scope_selector_per_variate,run_0,128,0,vanilla_univariate,7,vanilla_univariate,2,
SG_Carpark/15T,medium,scope_selector_per_variate,scope_selector_per_variate,run_0,129,0,vanilla_univariate,7,vanilla_univariate,2,
SG_Carpark/15T,medium,scope_selector_per_variate,scope_selector_per_variate,run_0,130,0,vanilla_univariate,7,vanilla_multivariate,2,
SG_Carpark/15T,medium,scope_selector_per_variate,scope_selector_per_variate,run_0,131,0,vanilla_univariate,7,vanilla_multivariate,2,
SG_Carpark/15T,medium,scope_selector_per_variate,scope_selector_per_variate,run_0,132,0,vanilla_univariate,7,vanilla_multivariate,2,
SG_Carpark/15T,medium,scope_selector_per_variate,scope_selector_per_variate,run_0,133,0,vanilla_multivariate,7,vanilla_multivariate,2,
SG_Carpark/15T,medium,scope_selector_per_variate,scope_selector_per_variate,run_0,134,0,vanilla_multivariate,7,vanilla_multivariate,2,
SG_Carpark/15T,medium,scope_selector_per_variate,scope_selector_per_variate,run_0,135,0,vanilla_univariate,7,vanilla_univariate,2,
SG_Carpark/15T,medium,scope_selector_per_variate,scope_selector_per_variate,run_0,136,0,vanilla_multivariate,7,vanilla_multivariate,2,
SG_Carpark/15T,medium,scope_selector_per_variate,scope_selector_per_variate,run_0,137,0,vanilla_multivariate,7,vanilla_multivariate,2,
SG_Carpark/15T,medium,scope_selector_per_variate,scope_selector_per_variate,run_0,138,0,vanilla_univariate,7,vanilla_univariate,2,
SG_Carpark/15T,medium,scope_selector_per_variate,scope_selector_per_variate,run_0,139,0,vanilla_multivariate,7,vanilla_multivariate,2,
SG_Carpark/15T,medium,scope_selector_per_variate,scope_selector_per_variate,run_0,140,0,vanilla_univariate,7,vanilla_univariate,2,
SG_Carpark/15T,medium,scope_selector_per_variate,scope_selector_per_variate,run_0,141,0,vanilla_multivariate,7,vanilla_multivariate,2,
SG_Carpark/15T,medium,scope_selector_per_variate,scope_selector_per_variate,run_0,142,0,vanilla_univariate,7,vanilla_univariate,2,
SG_Carpark/15T,medium,scope_selector_per_variate,scope_selector_per_variate,run_0,143,0,vanilla_univariate,7,vanilla_univariate,2,
SG_Carpark/15T,medium,scope_selector_per_variate,scope_selector_per_variate,run_0,144,0,vanilla_univariate,7,vanilla_multivariate,2,
SG_Carpark/15T,medium,scope_selector_per_variate,scope_selector_per_variate,run_0,145,0,vanilla_multivariate,7,vanilla_multivariate,2,
SG_Carpark/15T,medium,scope_selector_per_variate,scope_selector_per_variate,run_0,146,0,vanilla_univariate,7,vanilla_multivariate,2,
SG_Carpark/15T,medium,scope_selector_per_variate,scope_selector_per_variate,run_0,147,0,vanilla_multivariate,7,vanilla_multivariate,2,
SG_Carpark/15T,medium,scope_selector_per_variate,scope_selector_per_variate,run_0,148,0,vanilla_univariate,7,vanilla_univariate,2,
SG_Carpark/15T,medium,scope_selector_per_variate,scope_selector_per_variate,run_0,149,0,vanilla_multivariate,7,vanilla_multivariate,2,
SG_Carpark/15T,medium,scope_selector_per_variate,scope_selector_per_variate,run_0,150,0,vanilla_multivariate,7,vanilla_multivariate,2,
SG_Carpark/15T,medium,scope_selector_per_variate,scope_selector_per_variate,run_0,151,0,vanilla_multivariate,7,vanilla_multivariate,2,
SG_Carpark/15T,medium,scope_selector_per_variate,scope_selector_per_variate,run_0,152,0,vanilla_univariate,7,vanilla_multivariate,2,
SG_Carpark/15T,medium,scope_selector_per_variate,scope_selector_per_variate,run_0,153,0,vanilla_univariate,7,vanilla_univariate,2,
SG_Carpark/15T,medium,scope_selector_per_variate,scope_selector_per_variate,run_0,154,0,vanilla_multivariate,7,vanilla_multivariate,2,
SG_Carpark/15T,medium,scope_selector_per_variate,scope_selector_per_variate,run_0,155,0,vanilla_univariate,7,vanilla_univariate,2,
SG_Carpark/15T,medium,scope_selector_per_variate,scope_selector_per_variate,run_0,156,0,vanilla_univariate,7,vanilla_multivariate,2,
SG_Carpark/15T,medium,scope_selector_per_variate,scope_selector_per_variate,run_0,157,0,vanilla_multivariate,7,vanilla_multivariate,2,
SG_Carpark/15T,medium,scope_selector_per_variate,scope_selector_per_variate,run_0,158,0,vanilla_multivariate,7,vanilla_multivariate,2,
SG_Carpark/15T,medium,scope_selector_per_variate,scope_selector_per_variate,run_0,159,0,vanilla_univariate,7,vanilla_univariate,2,
SG_Carpark/15T,medium,scope_selector_per_variate,scope_selector_per_variate,run_0,160,0,vanilla_multivariate,7,vanilla_multivariate,2,
SG_Carpark/15T,medium,scope_selector_per_variate,scope_selector_per_variate,run_0,161,0,vanilla_univariate,7,vanilla_univariate,2,
SG_Carpark/15T,medium,scope_selector_per_variate,scope_selector_per_variate,run_0,162,0,vanilla_multivariate,7,vanilla_multivariate,2,
SG_Carpark/15T,medium,scope_selector_per_variate,scope_selector_per_variate,run_0,163,0,vanilla_univariate,7,vanilla_univariate,2,
SG_Carpark/15T,medium,scope_selector_per_variate,scope_selector_per_variate,run_0,164,0,vanilla_multivariate,7,vanilla_multivariate,2,
SG_Carpark/15T,medium,scope_selector_per_variate,scope_selector_per_variate,run_0,165,0,vanilla_univariate,7,vanilla_multivariate,2,
SG_Carpark/15T,medium,scope_selector_per_variate,scope_selector_per_variate,run_0,166,0,vanilla_univariate,7,vanilla_multivariate,2,
SG_Carpark/15T,medium,scope_selector_per_variate,scope_selector_per_variate,run_0,167,0,vanilla_multivariate,7,vanilla_multivariate,2,
SG_Carpark/15T,medium,scope_selector_per_variate,scope_selector_per_variate,run_0,168,0,vanilla_univariate,7,vanilla_multivariate,2,
SG_Carpark/15T,medium,scope_selector_per_variate,scope_selector_per_variate,run_0,169,0,vanilla_univariate,7,vanilla_multivariate,2,
SG_Carpark/15T,medium,scope_selector_per_variate,scope_selector_per_variate,run_0,170,0,vanilla_univariate,7,vanilla_univariate,2,
SG_Carpark/15T,medium,scope_selector_per_variate,scope_selector_per_variate,run_0,171,0,vanilla_univariate,7,vanilla_univariate,2,
SG_Carpark/15T,medium,scope_selector_per_variate,scope_selector_per_variate,run_0,172,0,vanilla_multivariate,7,vanilla_multivariate,2,
SG_Carpark/15T,medium,scope_selector_per_variate,scope_selector_per_variate,run_0,173,0,vanilla_multivariate,7,vanilla_multivariate,2,
SG_Carpark/15T,medium,scope_selector_per_variate,scope_selector_per_variate,run_0,174,0,vanilla_univariate,7,vanilla_univariate,2,
SG_Carpark/15T,medium,scope_selector_per_variate,scope_selector_per_variate,run_0,175,0,vanilla_univariate,7,vanilla_univariate,2,
SG_Carpark/15T,medium,scope_selector_per_variate,scope_selector_per_variate,run_0,176,0,vanilla_multivariate,7,vanilla_multivariate,2,
SG_Carpark/15T,medium,scope_selector_per_variate,scope_selector_per_variate,run_0,177,0,vanilla_univariate,7,vanilla_univariate,2,
SG_Carpark/15T,medium,scope_selector_per_variate,scope_selector_per_variate,run_0,178,0,vanilla_multivariate,7,vanilla_multivariate,2,
SG_Carpark/15T,medium,scope_selector_per_variate,scope_selector_per_variate,run_0,179,0,vanilla_univariate,7,vanilla_univariate,2,
SG_Carpark/15T,medium,scope_selector_per_variate,scope_selector_per_variate,run_0,180,0,vanilla_univariate,7,vanilla_multivariate,2,
SG_Carpark/15T,medium,scope_selector_per_variate,scope_selector_per_variate,run_0,181,0,vanilla_univariate,7,vanilla_univariate,2,
SG_Carpark/15T,medium,scope_selector_per_variate,scope_selector_per_variate,run_0,182,0,vanilla_univariate,7,vanilla_univariate,2,
SG_Carpark/15T,medium,scope_selector_per_variate,scope_selector_per_variate,run_0,183,0,vanilla_univariate,7,vanilla_univariate,2,
SG_Carpark/15T,medium,scope_selector_per_variate,scope_selector_per_variate,run_0,184,0,vanilla_univariate,7,vanilla_multivariate,2,
SG_Carpark/15T,medium,scope_selector_per_variate,scope_selector_per_variate,run_0,185,0,vanilla_univariate,7,vanilla_multivariate,2,
SG_Carpark/15T,medium,scope_selector_per_variate,scope_selector_per_variate,run_0,186,0,vanilla_univariate,7,vanilla_multivariate,2,
SG_Carpark/15T,medium,scope_selector_per_variate,scope_selector_per_variate,run_0,187,0,vanilla_univariate,7,vanilla_univariate,2,
SG_Carpark/15T,medium,scope_selector_per_variate,scope_selector_per_variate,run_0,188,0,vanilla_univariate,7,vanilla_multivariate,2,
SG_Carpark/15T,medium,scope_selector_per_variate,scope_selector_per_variate,run_0,189,0,vanilla_univariate,7,vanilla_univariate,2,
SG_Carpark/15T,medium,scope_selector_per_variate,scope_selector_per_variate,run_0,190,0,vanilla_multivariate,7,vanilla_multivariate,2,
SG_Carpark/15T,medium,scope_selector_per_variate,scope_selector_per_variate,run_0,191,0,vanilla_univariate,7,vanilla_multivariate,2,
SG_Carpark/15T,medium,scope_selector_per_variate,scope_selector_per_variate,run_0,192,0,vanilla_univariate,7,vanilla_univariate,2,
SG_Carpark/15T,medium,scope_selector_per_variate,scope_selector_per_variate,run_0,193,0,vanilla_univariate,7,vanilla_univariate,2,
SG_Carpark/15T,medium,scope_selector_per_variate,scope_selector_per_variate,run_0,194,0,vanilla_univariate,7,vanilla_univariate,2,
SG_Carpark/15T,medium,scope_selector_per_variate,scope_selector_per_variate,run_0,195,0,vanilla_univariate,7,vanilla_multivariate,2,
SG_Carpark/15T,medium,scope_selector_per_variate,scope_selector_per_variate,run_0,196,0,vanilla_univariate,7,vanilla_univariate,2,
SG_Carpark/15T,medium,scope_selector_per_variate,scope_selector_per_variate,run_0,197,0,vanilla_univariate,7,vanilla_univariate,2,
SG_Carpark/15T,medium,scope_selector_per_variate,scope_selector_per_variate,run_0,198,0,vanilla_multivariate,7,vanilla_multivariate,2,
SG_Carpark/15T,medium,scope_selector_per_variate,scope_selector_per_variate,run_0,199,0,vanilla_univariate,7,vanilla_univariate,2,
SG_Carpark/15T,medium,scope_selector_per_variate,scope_selector_per_variate,run_0,200,0,vanilla_univariate,7,vanilla_univariate,2,
SG_Carpark/15T,medium,scope_selector_per_variate,scope_selector_per_variate,run_0,201,0,vanilla_univariate,7,vanilla_multivariate,2,
SG_Carpark/15T,medium,scope_selector_per_variate,scope_selector_per_variate,run_0,202,0,vanilla_univariate,7,vanilla_univariate,2,
SG_Carpark/15T,medium,scope_selector_per_variate,scope_selector_per_variate,run_0,203,0,vanilla_univariate,7,vanilla_univariate,2,
SG_Carpark/15T,medium,scope_selector_per_variate,scope_selector_per_variate,run_0,204,0,vanilla_multivariate,7,vanilla_multivariate,2,
SG_Carpark/15T,medium,scope_selector_per_variate,scope_selector_per_variate,run_0,205,0,vanilla_univariate,7,vanilla_univariate,2,
SG_Carpark/15T,medium,scope_selector_per_variate,scope_selector_per_variate,run_0,206,0,vanilla_univariate,7,vanilla_multivariate,2,
SG_Carpark/15T,medium,scope_selector_per_variate,scope_selector_per_variate,run_0,207,0,vanilla_univariate,7,vanilla_univariate,2,
SG_Carpark/15T,medium,scope_selector_per_variate,scope_selector_per_variate,run_0,208,0,vanilla_multivariate,7,vanilla_multivariate,2,
SG_Carpark/15T,medium,scope_selector_per_variate,scope_selector_per_variate,run_0,209,0,vanilla_univariate,7,vanilla_univariate,2,
SG_Carpark/15T,medium,scope_selector_per_variate,scope_selector_per_variate,run_0,210,0,vanilla_multivariate,7,vanilla_multivariate,2,
SG_Carpark/15T,medium,scope_selector_per_variate,scope_selector_per_variate,run_0,211,0,vanilla_multivariate,7,vanilla_multivariate,2,
SG_Carpark/15T,medium,scope_selector_per_variate,scope_selector_per_variate,run_0,212,0,vanilla_univariate,7,vanilla_univariate,2,
SG_Carpark/15T,medium,scope_selector_per_variate,scope_selector_per_variate,run_0,213,0,vanilla_multivariate,7,vanilla_multivariate,2,
SG_Carpark/15T,medium,scope_selector_per_variate,scope_selector_per_variate,run_0,214,0,vanilla_univariate,7,vanilla_univariate,2,
SG_Carpark/15T,medium,scope_selector_per_variate,scope_selector_per_variate,run_0,215,0,vanilla_univariate,7,vanilla_multivariate,2,
SG_Carpark/15T,medium,scope_selector_per_variate,scope_selector_per_variate,run_0,216,0,vanilla_univariate,7,vanilla_univariate,2,
SG_Carpark/15T,medium,scope_selector_per_variate,scope_selector_per_variate,run_0,217,0,vanilla_univariate,7,vanilla_univariate,2,
SG_Carpark/15T,medium,scope_selector_per_variate,scope_selector_per_variate,run_0,218,0,vanilla_univariate,7,vanilla_univariate,2,
SG_Carpark/15T,medium,scope_selector_per_variate,scope_selector_per_variate,run_0,219,0,vanilla_univariate,7,vanilla_multivariate,2,
SG_Carpark/15T,medium,scope_selector_per_variate,scope_selector_per_variate,run_0,220,0,vanilla_univariate,7,vanilla_multivariate,2,
SG_Carpark/15T,medium,scope_selector_per_variate,scope_selector_per_variate,run_0,221,0,vanilla_univariate,7,vanilla_univariate,2,
SG_Carpark/15T,medium,scope_selector_per_variate,scope_selector_per_variate,run_0,222,0,vanilla_univariate,7,vanilla_univariate,2,
SG_Carpark/15T,medium,scope_selector_per_variate,scope_selector_per_variate,run_0,223,0,vanilla_univariate,7,vanilla_multivariate,2,
SG_Carpark/15T,medium,scope_selector_per_variate,scope_selector_per_variate,run_0,224,0,vanilla_univariate,7,vanilla_univariate,2,
SG_Carpark/15T,medium,scope_selector_per_variate,scope_selector_per_variate,run_0,225,0,vanilla_multivariate,7,vanilla_multivariate,2,
SG_Carpark/15T,medium,scope_selector_per_variate,scope_selector_per_variate,run_0,226,0,vanilla_univariate,7,vanilla_univariate,2,
SG_Carpark/15T,medium,scope_selector_per_variate,scope_selector_per_variate,run_0,227,0,vanilla_univariate,7,vanilla_multivariate,2,
SG_Carpark/15T,medium,scope_selector_per_variate,scope_selector_per_variate,run_0,228,0,vanilla_univariate,7,vanilla_univariate,2,
SG_Carpark/15T,medium,scope_selector_per_variate,scope_selector_per_variate,run_0,229,0,vanilla_univariate,7,vanilla_univariate,2,
SG_Carpark/15T,medium,scope_selector_per_variate,scope_selector_per_variate,run_0,230,0,vanilla_univariate,7,vanilla_univariate,2,
SG_Carpark/15T,medium,scope_selector_per_variate,scope_selector_per_variate,run_0,231,0,vanilla_univariate,7,vanilla_multivariate,2,
SG_Carpark/15T,medium,scope_selector_per_variate,scope_selector_per_variate,run_0,232,0,vanilla_univariate,7,vanilla_univariate,2,
SG_Carpark/15T,medium,scope_selector_per_variate,scope_selector_per_variate,run_0,233,0,vanilla_multivariate,7,vanilla_multivariate,2,
SG_Carpark/15T,medium,scope_selector_per_variate,scope_selector_per_variate,run_0,234,0,vanilla_multivariate,7,vanilla_multivariate,2,
SG_Carpark/15T,medium,scope_selector_per_variate,scope_selector_per_variate,run_0,235,0,vanilla_univariate,7,vanilla_univariate,2,
SG_Carpark/15T,medium,scope_selector_per_variate,scope_selector_per_variate,run_0,236,0,vanilla_univariate,7,vanilla_univariate,2,
SG_Carpark/15T,medium,scope_selector_per_variate,scope_selector_per_variate,run_0,237,0,vanilla_multivariate,7,vanilla_multivariate,2,
SG_Carpark/15T,medium,scope_selector_per_variate,scope_selector_per_variate,run_0,238,0,vanilla_univariate,7,vanilla_univariate,2,
SG_Carpark/15T,medium,scope_selector_per_variate,scope_selector_per_variate,run_0,239,0,vanilla_univariate,7,vanilla_multivariate,2,
SG_Carpark/15T,medium,scope_selector_per_variate,scope_selector_per_variate,run_0,240,0,vanilla_univariate,7,vanilla_univariate,2,
SG_Carpark/15T,medium,scope_selector_per_variate,scope_selector_per_variate,run_0,241,0,vanilla_univariate,7,vanilla_univariate,2,
SG_Carpark/15T,medium,scope_selector_per_variate,scope_selector_per_variate,run_0,242,0,vanilla_univariate,7,vanilla_univariate,2,
SG_Carpark/15T,medium,scope_selector_per_variate,scope_selector_per_variate,run_0,243,0,vanilla_univariate,7,vanilla_univariate,2,
SG_Carpark/15T,medium,scope_selector_per_variate,scope_selector_per_variate,run_0,244,0,vanilla_univariate,7,vanilla_multivariate,2,
SG_Carpark/15T,medium,scope_selector_per_variate,scope_selector_per_variate,run_0,245,0,vanilla_univariate,7,vanilla_univariate,2,
SG_Carpark/15T,medium,scope_selector_per_variate,scope_selector_per_variate,run_0,246,0,vanilla_univariate,7,vanilla_univariate,2,
SG_Carpark/15T,medium,scope_selector_per_variate,scope_selector_per_variate,run_0,247,0,vanilla_univariate,7,vanilla_univariate,2,
SG_Carpark/15T,medium,scope_selector_per_variate,scope_selector_per_variate,run_0,248,0,vanilla_univariate,7,vanilla_univariate,2,
SG_Carpark/15T,medium,scope_selector_per_variate,scope_selector_per_variate,run_0,249,0,vanilla_univariate,7,vanilla_univariate,2,
SG_Carpark/15T,medium,scope_selector_per_variate,scope_selector_per_variate,run_0,250,0,vanilla_multivariate,7,vanilla_multivariate,2,
SG_Carpark/15T,medium,scope_selector_per_variate,scope_selector_per_variate,run_0,251,0,vanilla_univariate,7,vanilla_univariate,2,
SG_Carpark/15T,medium,scope_selector_per_variate,scope_selector_per_variate,run_0,252,0,vanilla_multivariate,7,vanilla_multivariate,2,
SG_Carpark/15T,medium,scope_selector_per_variate,scope_selector_per_variate,run_0,253,0,vanilla_univariate,7,vanilla_univariate,2,
SG_Carpark/15T,medium,scope_selector_per_variate,scope_selector_per_variate,run_0,254,0,vanilla_multivariate,7,vanilla_multivariate,2,
SG_Carpark/15T,medium,scope_selector_per_variate,scope_selector_per_variate,run_0,255,0,vanilla_multivariate,7,vanilla_multivariate,2,
SG_Carpark/15T,medium,scope_selector_per_variate,scope_selector_per_variate,run_0,256,0,vanilla_multivariate,7,vanilla_multivariate,2,
SG_Carpark/15T,medium,scope_selector_per_variate,scope_selector_per_variate,run_0,257,0,vanilla_univariate,7,vanilla_multivariate,2,
SG_Carpark/15T,medium,scope_selector_per_variate,scope_selector_per_variate,run_0,258,0,vanilla_univariate,7,vanilla_univariate,2,
SG_Carpark/15T,medium,scope_selector_per_variate,scope_selector_per_variate,run_0,259,0,vanilla_multivariate,7,vanilla_multivariate,2,
SG_Carpark/15T,medium,scope_selector_per_variate,scope_selector_per_variate,run_0,260,0,vanilla_univariate,7,vanilla_univariate,2,
SG_Carpark/15T,medium,scope_selector_per_variate,scope_selector_per_variate,run_0,261,0,vanilla_univariate,7,vanilla_multivariate,2,
SG_Carpark/15T,medium,scope_selector_per_variate,scope_selector_per_variate,run_0,262,0,vanilla_univariate,7,vanilla_multivariate,2,
SG_Carpark/15T,medium,scope_selector_per_variate,scope_selector_per_variate,run_0,263,0,vanilla_univariate,7,vanilla_multivariate,2,
SG_Carpark/15T,medium,scope_selector_per_variate,scope_selector_per_variate,run_0,264,0,vanilla_multivariate,7,vanilla_multivariate,2,
SG_Carpark/15T,medium,scope_selector_per_variate,scope_selector_per_variate,run_0,265,0,vanilla_univariate,7,vanilla_multivariate,2,
SG_Carpark/15T,medium,scope_selector_per_variate,scope_selector_per_variate,run_0,266,0,vanilla_univariate,7,vanilla_univariate,2,
SG_Carpark/15T,medium,scope_selector_per_variate,scope_selector_per_variate,run_0,267,0,vanilla_univariate,7,vanilla_univariate,2,
SG_Carpark/15T,medium,scope_selector_per_variate,scope_selector_per_variate,run_0,268,0,vanilla_univariate,7,vanilla_multivariate,2,
SG_Carpark/15T,medium,scope_selector_per_variate,scope_selector_per_variate,run_0,269,0,vanilla_univariate,7,vanilla_univariate,2,
SG_Carpark/15T,medium,scope_selector_per_variate,scope_selector_per_variate,run_0,270,0,vanilla_univariate,7,vanilla_multivariate,2,
SG_Carpark/15T,medium,scope_selector_per_variate,scope_selector_per_variate,run_0,271,0,vanilla_multivariate,7,vanilla_multivariate,2,
SG_Carpark/15T,medium,scope_selector_per_variate,scope_selector_per_variate,run_0,272,0,vanilla_univariate,7,vanilla_univariate,2,
SG_Carpark/15T,medium,scope_selector_per_variate,scope_selector_per_variate,run_0,273,0,vanilla_univariate,7,vanilla_univariate,2,
SG_Carpark/15T,medium,scope_selector_per_variate,scope_selector_per_variate,run_0,274,0,vanilla_univariate,7,vanilla_univariate,2,
SG_Carpark/15T,medium,scope_selector_per_variate,scope_selector_per_variate,run_0,275,0,vanilla_multivariate,7,vanilla_multivariate,2,
SG_Carpark/15T,medium,scope_selector_per_variate,scope_selector_per_variate,run_0,276,0,vanilla_multivariate,7,vanilla_multivariate,2,
SG_Carpark/15T,medium,scope_selector_per_variate,scope_selector_per_variate,run_0,277,0,vanilla_univariate,7,vanilla_multivariate,2,
SG_Carpark/15T,medium,scope_selector_per_variate,scope_selector_per_variate,run_0,278,0,vanilla_univariate,7,vanilla_multivariate,2,
SG_Carpark/15T,medium,scope_selector_per_variate,scope_selector_per_variate,run_0,279,0,vanilla_multivariate,7,vanilla_multivariate,2,
SG_Carpark/15T,medium,scope_selector_per_variate,scope_selector_per_variate,run_0,280,0,vanilla_univariate,7,vanilla_univariate,2,
SG_Carpark/15T,medium,scope_selector_per_variate,scope_selector_per_variate,run_0,281,0,vanilla_multivariate,7,vanilla_multivariate,2,
SG_Carpark/15T,medium,scope_selector_per_variate,scope_selector_per_variate,run_0,282,0,vanilla_multivariate,7,vanilla_multivariate,2,
SG_Carpark/15T,medium,scope_selector_per_variate,scope_selector_per_variate,run_0,283,0,vanilla_univariate,7,vanilla_univariate,2,
SG_Carpark/15T,medium,scope_selector_per_variate,scope_selector_per_variate,run_0,284,0,vanilla_univariate,7,vanilla_univariate,2,
SG_Carpark/15T,medium,scope_selector_per_variate,scope_selector_per_variate,run_0,285,0,vanilla_univariate,7,vanilla_multivariate,2,
SG_Carpark/15T,medium,scope_selector_per_variate,scope_selector_per_variate,run_0,286,0,vanilla_univariate,7,vanilla_multivariate,2,
SG_Carpark/15T,medium,scope_selector_per_variate,scope_selector_per_variate,run_0,287,0,vanilla_univariate,7,vanilla_univariate,2,
SG_Carpark/15T,medium,scope_selector_per_variate,scope_selector_per_variate,run_0,288,0,vanilla_univariate,7,vanilla_univariate,2,
SG_Carpark/15T,medium,scope_selector_per_variate,scope_selector_per_variate,run_0,289,0,vanilla_univariate,7,vanilla_univariate,2,
SG_Carpark/15T,medium,scope_selector_per_variate,scope_selector_per_variate,run_0,290,0,vanilla_univariate,7,vanilla_multivariate,2,
SG_Carpark/15T,medium,scope_selector_per_variate,scope_selector_per_variate,run_0,291,0,vanilla_univariate,7,vanilla_univariate,2,
SG_Carpark/15T,medium,scope_selector_per_variate,scope_selector_per_variate,run_0,292,0,vanilla_univariate,7,vanilla_multivariate,2,
SG_Carpark/15T,medium,scope_selector_per_variate,scope_selector_per_variate,run_0,293,0,vanilla_multivariate,7,vanilla_multivariate,2,
SG_Carpark/15T,medium,scope_selector_per_variate,scope_selector_per_variate,run_0,294,0,vanilla_univariate,7,vanilla_univariate,2,
SG_Carpark/15T,medium,scope_selector_per_variate,scope_selector_per_variate,run_0,295,0,vanilla_multivariate,7,vanilla_multivariate,2,
SG_Carpark/15T,medium,scope_selector_per_variate,scope_selector_per_variate,run_0,296,0,vanilla_multivariate,7,vanilla_multivariate,2,
SG_Carpark/15T,medium,scope_selector_per_variate,scope_selector_per_variate,run_0,297,0,vanilla_multivariate,7,vanilla_multivariate,2,
SG_Carpark/15T,medium,scope_selector_per_variate,scope_selector_per_variate,run_0,298,0,vanilla_multivariate,7,vanilla_multivariate,2,
SG_Carpark/15T,medium,scope_selector_per_variate,scope_selector_per_variate,run_0,299,0,vanilla_univariate,7,vanilla_univariate,2,
SG_Carpark/15T,medium,scope_selector_per_variate,scope_selector_per_variate,run_0,300,0,vanilla_univariate,7,vanilla_multivariate,2,
SG_Carpark/15T,medium,scope_selector_per_variate,scope_selector_per_variate,run_0,301,0,vanilla_univariate,7,vanilla_univariate,2,
SG_Carpark/15T,medium,scope_selector_per_variate,scope_selector_per_variate,run_0,302,0,vanilla_univariate,7,vanilla_univariate,2,
SG_Carpark/15T,medium,scope_selector_per_variate,scope_selector_per_variate,run_0,303,0,vanilla_univariate,7,vanilla_univariate,2,
SG_Carpark/15T,medium,scope_selector_per_variate,scope_selector_per_variate,run_0,304,0,vanilla_univariate,7,vanilla_univariate,2,
SG_Carpark/15T,medium,scope_selector_per_variate,scope_selector_per_variate,run_0,305,0,vanilla_univariate,7,vanilla_multivariate,2,
SG_Carpark/15T,medium,scope_selector_per_variate,scope_selector_per_variate,run_0,306,0,vanilla_univariate,7,vanilla_multivariate,2,
SG_Carpark/15T,medium,scope_selector_per_variate,scope_selector_per_variate,run_0,307,0,vanilla_univariate,7,vanilla_univariate,2,
SG_Carpark/15T,medium,scope_selector_per_variate,scope_selector_per_variate,run_0,308,0,vanilla_univariate,7,vanilla_multivariate,2,
SG_Carpark/15T,medium,scope_selector_per_variate,scope_selector_per_variate,run_0,309,0,vanilla_univariate,7,vanilla_univariate,2,
SG_Carpark/15T,medium,scope_selector_per_variate,scope_selector_per_variate,run_0,310,0,vanilla_multivariate,7,vanilla_multivariate,2,
SG_Carpark/15T,medium,scope_selector_per_variate,scope_selector_per_variate,run_0,311,0,vanilla_univariate,7,vanilla_univariate,2,
SG_Carpark/15T,medium,scope_selector_per_variate,scope_selector_per_variate,run_0,312,0,vanilla_univariate,7,vanilla_univariate,2,
SG_Carpark/15T,medium,scope_selector_per_variate,scope_selector_per_variate,run_0,313,0,vanilla_univariate,7,vanilla_multivariate,2,
SG_Carpark/15T,medium,scope_selector_per_variate,scope_selector_per_variate,run_0,314,0,vanilla_univariate,7,vanilla_univariate,2,
SG_Carpark/15T,medium,scope_selector_per_variate,scope_selector_per_variate,run_0,315,0,vanilla_univariate,7,vanilla_univariate,2,
SG_Carpark/15T,medium,scope_selector_per_variate,scope_selector_per_variate,run_0,316,0,vanilla_univariate,7,vanilla_univariate,2,
SG_Carpark/15T,medium,scope_selector_per_variate,scope_selector_per_variate,run_0,317,0,vanilla_univariate,7,vanilla_multivariate,2,
SG_Carpark/15T,medium,scope_selector_per_variate,scope_selector_per_variate,run_0,318,0,vanilla_univariate,7,vanilla_univariate,2,
SG_Carpark/15T,medium,scope_selector_per_variate,scope_selector_per_variate,run_0,319,0,vanilla_univariate,7,vanilla_univariate,2,
SG_Carpark/15T,medium,scope_selector_per_variate,scope_selector_per_variate,run_0,320,0,vanilla_univariate,7,vanilla_multivariate,2,
SG_Carpark/15T,medium,scope_selector_per_variate,scope_selector_per_variate,run_0,321,0,vanilla_univariate,7,vanilla_univariate,2,
SG_Carpark/15T,medium,scope_selector_per_variate,scope_selector_per_variate,run_0,322,0,vanilla_multivariate,7,vanilla_multivariate,2,
SG_Carpark/15T,medium,scope_selector_per_variate,scope_selector_per_variate,run_0,323,0,vanilla_univariate,7,vanilla_multivariate,2,
SG_Carpark/15T,medium,scope_selector_per_variate,scope_selector_per_variate,run_0,324,0,vanilla_univariate,7,vanilla_univariate,2,
SG_Carpark/15T,medium,scope_selector_per_variate,scope_selector_per_variate,run_0,325,0,vanilla_multivariate,7,vanilla_multivariate,2,
SG_Carpark/15T,medium,scope_selector_per_variate,scope_selector_per_variate,run_0,326,0,vanilla_univariate,7,vanilla_multivariate,2,
SG_Carpark/15T,medium,scope_selector_per_variate,scope_selector_per_variate,run_0,327,0,vanilla_univariate,7,vanilla_multivariate,2,
SG_Carpark/15T,medium,scope_selector_per_variate,scope_selector_per_variate,run_0,328,0,vanilla_univariate,7,vanilla_univariate,2,
SG_Carpark/15T,medium,scope_selector_per_variate,scope_selector_per_variate,run_0,329,0,vanilla_univariate,7,vanilla_univariate,2,
SG_Carpark/15T,medium,scope_selector_per_variate,scope_selector_per_variate,run_0,330,0,vanilla_univariate,7,vanilla_univariate,2,
SG_Carpark/15T,medium,scope_selector_per_variate,scope_selector_per_variate,run_0,331,0,vanilla_multivariate,7,vanilla_multivariate,2,
SG_Carpark/15T,medium,scope_selector_per_variate,scope_selector_per_variate,run_0,332,0,vanilla_univariate,7,vanilla_univariate,2,
SG_Carpark/15T,medium,scope_selector_per_variate,scope_selector_per_variate,run_0,333,0,vanilla_univariate,7,vanilla_univariate,2,
SG_Carpark/15T,medium,scope_selector_per_variate,scope_selector_per_variate,run_0,334,0,vanilla_multivariate,7,vanilla_multivariate,2,
SG_Carpark/15T,medium,scope_selector_per_variate,scope_selector_per_variate,run_0,335,0,vanilla_univariate,7,vanilla_univariate,2,
SG_Carpark/15T,medium,scope_selector_per_variate,scope_selector_per_variate,run_0,336,0,vanilla_univariate,7,vanilla_univariate,2,
SG_Carpark/15T,medium,scope_selector_per_variate,scope_selector_per_variate,run_0,337,0,vanilla_multivariate,7,vanilla_multivariate,2,
SG_Carpark/15T,medium,scope_selector_per_variate,scope_selector_per_variate,run_0,338,0,vanilla_univariate,7,vanilla_univariate,2,
SG_Carpark/15T,medium,scope_selector_per_variate,scope_selector_per_variate,run_0,339,0,vanilla_univariate,7,vanilla_univariate,2,
SG_Carpark/15T,medium,scope_selector_per_variate,scope_selector_per_variate,run_0,340,0,vanilla_univariate,7,vanilla_univariate,2,
SG_Carpark/15T,medium,scope_selector_per_variate,scope_selector_per_variate,run_0,341,0,vanilla_univariate,7,vanilla_univariate,2,
SG_Carpark/15T,medium,scope_selector_per_variate,scope_selector_per_variate,run_0,342,0,vanilla_univariate,7,vanilla_multivariate,2,
SG_Carpark/15T,medium,scope_selector_per_variate,scope_selector_per_variate,run_0,343,0,vanilla_univariate,7,vanilla_univariate,2,
SG_Carpark/15T,medium,scope_selector_per_variate,scope_selector_per_variate,run_0,344,0,vanilla_univariate,7,vanilla_univariate,2,
SG_Carpark/15T,medium,scope_selector_per_variate,scope_selector_per_variate,run_0,345,0,vanilla_univariate,7,vanilla_multivariate,2,
SG_Carpark/15T,medium,scope_selector_per_variate,scope_selector_per_variate,run_0,346,0,vanilla_multivariate,7,vanilla_multivariate,2,
SG_Carpark/15T,medium,scope_selector_per_variate,scope_selector_per_variate,run_0,347,0,vanilla_univariate,7,vanilla_univariate,2,
SG_Carpark/15T,medium,scope_selector_per_variate,scope_selector_per_variate,run_0,348,0,vanilla_univariate,7,vanilla_multivariate,2,
SG_Carpark/15T,medium,scope_selector_per_variate,scope_selector_per_variate,run_0,349,0,vanilla_univariate,7,vanilla_univariate,2,
SG_Carpark/15T,medium,scope_selector_per_variate,scope_selector_per_variate,run_0,350,0,vanilla_univariate,7,vanilla_multivariate,2,
SG_Carpark/15T,medium,scope_selector_per_variate,scope_selector_per_variate,run_0,351,0,vanilla_univariate,7,vanilla_univariate,2,
SG_Carpark/15T,medium,scope_selector_per_variate,scope_selector_per_variate,run_0,352,0,vanilla_univariate,7,vanilla_univariate,2,
SG_Carpark/15T,medium,scope_selector_per_variate,scope_selector_per_variate,run_0,353,0,vanilla_univariate,7,vanilla_univariate,2,
SG_Carpark/15T,long,scope_selector,scope_selector,run_1,,,vanilla_univariate,1,vanilla_univariate,1,fewer_than_two_validation_dates
SG_Carpark/15T,long,scope_selector_per_variate,scope_selector_per_variate,run_0,0,0,vanilla_univariate,1,vanilla_univariate,1,fewer_than_two_validation_dates
SG_Carpark/15T,long,scope_selector_per_variate,scope_selector_per_variate,run_0,1,0,vanilla_univariate,1,vanilla_univariate,1,fewer_than_two_validation_dates
SG_Carpark/15T,long,scope_selector_per_variate,scope_selector_per_variate,run_0,2,0,vanilla_univariate,1,vanilla_univariate,1,fewer_than_two_validation_dates
SG_Carpark/15T,long,scope_selector_per_variate,scope_selector_per_variate,run_0,3,0,vanilla_univariate,1,vanilla_univariate,1,fewer_than_two_validation_dates
SG_Carpark/15T,long,scope_selector_per_variate,scope_selector_per_variate,run_0,4,0,vanilla_univariate,1,vanilla_univariate,1,fewer_than_two_validation_dates
SG_Carpark/15T,long,scope_selector_per_variate,scope_selector_per_variate,run_0,5,0,vanilla_univariate,1,vanilla_univariate,1,fewer_than_two_validation_dates
SG_Carpark/15T,long,scope_selector_per_variate,scope_selector_per_variate,run_0,6,0,vanilla_univariate,1,vanilla_univariate,1,fewer_than_two_validation_dates
SG_Carpark/15T,long,scope_selector_per_variate,scope_selector_per_variate,run_0,7,0,vanilla_univariate,1,vanilla_univariate,1,fewer_than_two_validation_dates
SG_Carpark/15T,long,scope_selector_per_variate,scope_selector_per_variate,run_0,8,0,vanilla_univariate,1,vanilla_univariate,1,fewer_than_two_validation_dates
SG_Carpark/15T,long,scope_selector_per_variate,scope_selector_per_variate,run_0,9,0,vanilla_univariate,1,vanilla_univariate,1,fewer_than_two_validation_dates
SG_Carpark/15T,long,scope_selector_per_variate,scope_selector_per_variate,run_0,10,0,vanilla_univariate,1,vanilla_univariate,1,fewer_than_two_validation_dates
SG_Carpark/15T,long,scope_selector_per_variate,scope_selector_per_variate,run_0,11,0,vanilla_univariate,1,vanilla_univariate,1,fewer_than_two_validation_dates
SG_Carpark/15T,long,scope_selector_per_variate,scope_selector_per_variate,run_0,12,0,vanilla_univariate,1,vanilla_univariate,1,fewer_than_two_validation_dates
SG_Carpark/15T,long,scope_selector_per_variate,scope_selector_per_variate,run_0,13,0,vanilla_univariate,1,vanilla_univariate,1,fewer_than_two_validation_dates
SG_Carpark/15T,long,scope_selector_per_variate,scope_selector_per_variate,run_0,14,0,vanilla_univariate,1,vanilla_univariate,1,fewer_than_two_validation_dates
SG_Carpark/15T,long,scope_selector_per_variate,scope_selector_per_variate,run_0,15,0,vanilla_univariate,1,vanilla_univariate,1,fewer_than_two_validation_dates
SG_Carpark/15T,long,scope_selector_per_variate,scope_selector_per_variate,run_0,16,0,vanilla_univariate,1,vanilla_univariate,1,fewer_than_two_validation_dates
SG_Carpark/15T,long,scope_selector_per_variate,scope_selector_per_variate,run_0,17,0,vanilla_univariate,1,vanilla_univariate,1,fewer_than_two_validation_dates
SG_Carpark/15T,long,scope_selector_per_variate,scope_selector_per_variate,run_0,18,0,vanilla_univariate,1,vanilla_univariate,1,fewer_than_two_validation_dates
SG_Carpark/15T,long,scope_selector_per_variate,scope_selector_per_variate,run_0,19,0,vanilla_univariate,1,vanilla_univariate,1,fewer_than_two_validation_dates
SG_Carpark/15T,long,scope_selector_per_variate,scope_selector_per_variate,run_0,20,0,vanilla_univariate,1,vanilla_univariate,1,fewer_than_two_validation_dates
SG_Carpark/15T,long,scope_selector_per_variate,scope_selector_per_variate,run_0,21,0,vanilla_univariate,1,vanilla_univariate,1,fewer_than_two_validation_dates
SG_Carpark/15T,long,scope_selector_per_variate,scope_selector_per_variate,run_0,22,0,vanilla_univariate,1,vanilla_univariate,1,fewer_than_two_validation_dates
SG_Carpark/15T,long,scope_selector_per_variate,scope_selector_per_variate,run_0,23,0,vanilla_univariate,1,vanilla_univariate,1,fewer_than_two_validation_dates
SG_Carpark/15T,long,scope_selector_per_variate,scope_selector_per_variate,run_0,24,0,vanilla_univariate,1,vanilla_univariate,1,fewer_than_two_validation_dates
SG_Carpark/15T,long,scope_selector_per_variate,scope_selector_per_variate,run_0,25,0,vanilla_univariate,1,vanilla_univariate,1,fewer_than_two_validation_dates
SG_Carpark/15T,long,scope_selector_per_variate,scope_selector_per_variate,run_0,26,0,vanilla_univariate,1,vanilla_univariate,1,fewer_than_two_validation_dates
SG_Carpark/15T,long,scope_selector_per_variate,scope_selector_per_variate,run_0,27,0,vanilla_univariate,1,vanilla_univariate,1,fewer_than_two_validation_dates
SG_Carpark/15T,long,scope_selector_per_variate,scope_selector_per_variate,run_0,28,0,vanilla_univariate,1,vanilla_univariate,1,fewer_than_two_validation_dates
SG_Carpark/15T,long,scope_selector_per_variate,scope_selector_per_variate,run_0,29,0,vanilla_univariate,1,vanilla_univariate,1,fewer_than_two_validation_dates
SG_Carpark/15T,long,scope_selector_per_variate,scope_selector_per_variate,run_0,30,0,vanilla_univariate,1,vanilla_univariate,1,fewer_than_two_validation_dates
SG_Carpark/15T,long,scope_selector_per_variate,scope_selector_per_variate,run_0,31,0,vanilla_univariate,1,vanilla_univariate,1,fewer_than_two_validation_dates
SG_Carpark/15T,long,scope_selector_per_variate,scope_selector_per_variate,run_0,32,0,vanilla_univariate,1,vanilla_univariate,1,fewer_than_two_validation_dates
SG_Carpark/15T,long,scope_selector_per_variate,scope_selector_per_variate,run_0,33,0,vanilla_univariate,1,vanilla_univariate,1,fewer_than_two_validation_dates
SG_Carpark/15T,long,scope_selector_per_variate,scope_selector_per_variate,run_0,34,0,vanilla_univariate,1,vanilla_univariate,1,fewer_than_two_validation_dates
SG_Carpark/15T,long,scope_selector_per_variate,scope_selector_per_variate,run_0,35,0,vanilla_univariate,1,vanilla_univariate,1,fewer_than_two_validation_dates
SG_Carpark/15T,long,scope_selector_per_variate,scope_selector_per_variate,run_0,36,0,vanilla_univariate,1,vanilla_univariate,1,fewer_than_two_validation_dates
SG_Carpark/15T,long,scope_selector_per_variate,scope_selector_per_variate,run_0,37,0,vanilla_univariate,1,vanilla_univariate,1,fewer_than_two_validation_dates
SG_Carpark/15T,long,scope_selector_per_variate,scope_selector_per_variate,run_0,38,0,vanilla_univariate,1,vanilla_univariate,1,fewer_than_two_validation_dates
SG_Carpark/15T,long,scope_selector_per_variate,scope_selector_per_variate,run_0,39,0,vanilla_univariate,1,vanilla_univariate,1,fewer_than_two_validation_dates
SG_Carpark/15T,long,scope_selector_per_variate,scope_selector_per_variate,run_0,40,0,vanilla_univariate,1,vanilla_univariate,1,fewer_than_two_validation_dates
SG_Carpark/15T,long,scope_selector_per_variate,scope_selector_per_variate,run_0,41,0,vanilla_univariate,1,vanilla_univariate,1,fewer_than_two_validation_dates
SG_Carpark/15T,long,scope_selector_per_variate,scope_selector_per_variate,run_0,42,0,vanilla_univariate,1,vanilla_univariate,1,fewer_than_two_validation_dates
SG_Carpark/15T,long,scope_selector_per_variate,scope_selector_per_variate,run_0,43,0,vanilla_univariate,1,vanilla_univariate,1,fewer_than_two_validation_dates
SG_Carpark/15T,long,scope_selector_per_variate,scope_selector_per_variate,run_0,44,0,vanilla_univariate,1,vanilla_univariate,1,fewer_than_two_validation_dates
SG_Carpark/15T,long,scope_selector_per_variate,scope_selector_per_variate,run_0,45,0,vanilla_univariate,1,vanilla_univariate,1,fewer_than_two_validation_dates
SG_Carpark/15T,long,scope_selector_per_variate,scope_selector_per_variate,run_0,46,0,vanilla_univariate,1,vanilla_univariate,1,fewer_than_two_validation_dates
SG_Carpark/15T,long,scope_selector_per_variate,scope_selector_per_variate,run_0,47,0,vanilla_univariate,1,vanilla_univariate,1,fewer_than_two_validation_dates
SG_Carpark/15T,long,scope_selector_per_variate,scope_selector_per_variate,run_0,48,0,vanilla_univariate,1,vanilla_univariate,1,fewer_than_two_validation_dates
SG_Carpark/15T,long,scope_selector_per_variate,scope_selector_per_variate,run_0,49,0,vanilla_univariate,1,vanilla_univariate,1,fewer_than_two_validation_dates
SG_Carpark/15T,long,scope_selector_per_variate,scope_selector_per_variate,run_0,50,0,vanilla_univariate,1,vanilla_univariate,1,fewer_than_two_validation_dates
SG_Carpark/15T,long,scope_selector_per_variate,scope_selector_per_variate,run_0,51,0,vanilla_univariate,1,vanilla_univariate,1,fewer_than_two_validation_dates
SG_Carpark/15T,long,scope_selector_per_variate,scope_selector_per_variate,run_0,52,0,vanilla_univariate,1,vanilla_univariate,1,fewer_than_two_validation_dates
SG_Carpark/15T,long,scope_selector_per_variate,scope_selector_per_variate,run_0,53,0,vanilla_univariate,1,vanilla_univariate,1,fewer_than_two_validation_dates
SG_Carpark/15T,long,scope_selector_per_variate,scope_selector_per_variate,run_0,54,0,vanilla_univariate,1,vanilla_univariate,1,fewer_than_two_validation_dates
SG_Carpark/15T,long,scope_selector_per_variate,scope_selector_per_variate,run_0,55,0,vanilla_univariate,1,vanilla_univariate,1,fewer_than_two_validation_dates
SG_Carpark/15T,long,scope_selector_per_variate,scope_selector_per_variate,run_0,56,0,vanilla_univariate,1,vanilla_univariate,1,fewer_than_two_validation_dates
SG_Carpark/15T,long,scope_selector_per_variate,scope_selector_per_variate,run_0,57,0,vanilla_univariate,1,vanilla_univariate,1,fewer_than_two_validation_dates
SG_Carpark/15T,long,scope_selector_per_variate,scope_selector_per_variate,run_0,58,0,vanilla_univariate,1,vanilla_univariate,1,fewer_than_two_validation_dates
SG_Carpark/15T,long,scope_selector_per_variate,scope_selector_per_variate,run_0,59,0,vanilla_univariate,1,vanilla_univariate,1,fewer_than_two_validation_dates
SG_Carpark/15T,long,scope_selector_per_variate,scope_selector_per_variate,run_0,60,0,vanilla_univariate,1,vanilla_univariate,1,fewer_than_two_validation_dates
SG_Carpark/15T,long,scope_selector_per_variate,scope_selector_per_variate,run_0,61,0,vanilla_univariate,1,vanilla_univariate,1,fewer_than_two_validation_dates
SG_Carpark/15T,long,scope_selector_per_variate,scope_selector_per_variate,run_0,62,0,vanilla_univariate,1,vanilla_univariate,1,fewer_than_two_validation_dates
SG_Carpark/15T,long,scope_selector_per_variate,scope_selector_per_variate,run_0,63,0,vanilla_univariate,1,vanilla_univariate,1,fewer_than_two_validation_dates
SG_Carpark/15T,long,scope_selector_per_variate,scope_selector_per_variate,run_0,64,0,vanilla_univariate,1,vanilla_univariate,1,fewer_than_two_validation_dates
SG_Carpark/15T,long,scope_selector_per_variate,scope_selector_per_variate,run_0,65,0,vanilla_univariate,1,vanilla_univariate,1,fewer_than_two_validation_dates
SG_Carpark/15T,long,scope_selector_per_variate,scope_selector_per_variate,run_0,66,0,vanilla_univariate,1,vanilla_univariate,1,fewer_than_two_validation_dates
SG_Carpark/15T,long,scope_selector_per_variate,scope_selector_per_variate,run_0,67,0,vanilla_univariate,1,vanilla_univariate,1,fewer_than_two_validation_dates
SG_Carpark/15T,long,scope_selector_per_variate,scope_selector_per_variate,run_0,68,0,vanilla_univariate,1,vanilla_univariate,1,fewer_than_two_validation_dates
SG_Carpark/15T,long,scope_selector_per_variate,scope_selector_per_variate,run_0,69,0,vanilla_univariate,1,vanilla_univariate,1,fewer_than_two_validation_dates
SG_Carpark/15T,long,scope_selector_per_variate,scope_selector_per_variate,run_0,70,0,vanilla_univariate,1,vanilla_univariate,1,fewer_than_two_validation_dates
SG_Carpark/15T,long,scope_selector_per_variate,scope_selector_per_variate,run_0,71,0,vanilla_univariate,1,vanilla_univariate,1,fewer_than_two_validation_dates
SG_Carpark/15T,long,scope_selector_per_variate,scope_selector_per_variate,run_0,72,0,vanilla_univariate,1,vanilla_univariate,1,fewer_than_two_validation_dates
SG_Carpark/15T,long,scope_selector_per_variate,scope_selector_per_variate,run_0,73,0,vanilla_univariate,1,vanilla_univariate,1,fewer_than_two_validation_dates
SG_Carpark/15T,long,scope_selector_per_variate,scope_selector_per_variate,run_0,74,0,vanilla_univariate,1,vanilla_univariate,1,fewer_than_two_validation_dates
SG_Carpark/15T,long,scope_selector_per_variate,scope_selector_per_variate,run_0,75,0,vanilla_univariate,1,vanilla_univariate,1,fewer_than_two_validation_dates
SG_Carpark/15T,long,scope_selector_per_variate,scope_selector_per_variate,run_0,76,0,vanilla_univariate,1,vanilla_univariate,1,fewer_than_two_validation_dates
SG_Carpark/15T,long,scope_selector_per_variate,scope_selector_per_variate,run_0,77,0,vanilla_univariate,1,vanilla_univariate,1,fewer_than_two_validation_dates
SG_Carpark/15T,long,scope_selector_per_variate,scope_selector_per_variate,run_0,78,0,vanilla_univariate,1,vanilla_univariate,1,fewer_than_two_validation_dates
SG_Carpark/15T,long,scope_selector_per_variate,scope_selector_per_variate,run_0,79,0,vanilla_univariate,1,vanilla_univariate,1,fewer_than_two_validation_dates
SG_Carpark/15T,long,scope_selector_per_variate,scope_selector_per_variate,run_0,80,0,vanilla_univariate,1,vanilla_univariate,1,fewer_than_two_validation_dates
SG_Carpark/15T,long,scope_selector_per_variate,scope_selector_per_variate,run_0,81,0,vanilla_univariate,1,vanilla_univariate,1,fewer_than_two_validation_dates
SG_Carpark/15T,long,scope_selector_per_variate,scope_selector_per_variate,run_0,82,0,vanilla_univariate,1,vanilla_univariate,1,fewer_than_two_validation_dates
SG_Carpark/15T,long,scope_selector_per_variate,scope_selector_per_variate,run_0,83,0,vanilla_univariate,1,vanilla_univariate,1,fewer_than_two_validation_dates
SG_Carpark/15T,long,scope_selector_per_variate,scope_selector_per_variate,run_0,84,0,vanilla_univariate,1,vanilla_univariate,1,fewer_than_two_validation_dates
SG_Carpark/15T,long,scope_selector_per_variate,scope_selector_per_variate,run_0,85,0,vanilla_univariate,1,vanilla_univariate,1,fewer_than_two_validation_dates
SG_Carpark/15T,long,scope_selector_per_variate,scope_selector_per_variate,run_0,86,0,vanilla_univariate,1,vanilla_univariate,1,fewer_than_two_validation_dates
SG_Carpark/15T,long,scope_selector_per_variate,scope_selector_per_variate,run_0,87,0,vanilla_univariate,1,vanilla_univariate,1,fewer_than_two_validation_dates
SG_Carpark/15T,long,scope_selector_per_variate,scope_selector_per_variate,run_0,88,0,vanilla_univariate,1,vanilla_univariate,1,fewer_than_two_validation_dates
SG_Carpark/15T,long,scope_selector_per_variate,scope_selector_per_variate,run_0,89,0,vanilla_univariate,1,vanilla_univariate,1,fewer_than_two_validation_dates
SG_Carpark/15T,long,scope_selector_per_variate,scope_selector_per_variate,run_0,90,0,vanilla_univariate,1,vanilla_univariate,1,fewer_than_two_validation_dates
SG_Carpark/15T,long,scope_selector_per_variate,scope_selector_per_variate,run_0,91,0,vanilla_univariate,1,vanilla_univariate,1,fewer_than_two_validation_dates
SG_Carpark/15T,long,scope_selector_per_variate,scope_selector_per_variate,run_0,92,0,vanilla_univariate,1,vanilla_univariate,1,fewer_than_two_validation_dates
SG_Carpark/15T,long,scope_selector_per_variate,scope_selector_per_variate,run_0,93,0,vanilla_univariate,1,vanilla_univariate,1,fewer_than_two_validation_dates
SG_Carpark/15T,long,scope_selector_per_variate,scope_selector_per_variate,run_0,94,0,vanilla_univariate,1,vanilla_univariate,1,fewer_than_two_validation_dates
SG_Carpark/15T,long,scope_selector_per_variate,scope_selector_per_variate,run_0,95,0,vanilla_univariate,1,vanilla_univariate,1,fewer_than_two_validation_dates
SG_Carpark/15T,long,scope_selector_per_variate,scope_selector_per_variate,run_0,96,0,vanilla_univariate,1,vanilla_univariate,1,fewer_than_two_validation_dates
SG_Carpark/15T,long,scope_selector_per_variate,scope_selector_per_variate,run_0,97,0,vanilla_univariate,1,vanilla_univariate,1,fewer_than_two_validation_dates
SG_Carpark/15T,long,scope_selector_per_variate,scope_selector_per_variate,run_0,98,0,vanilla_univariate,1,vanilla_univariate,1,fewer_than_two_validation_dates
SG_Carpark/15T,long,scope_selector_per_variate,scope_selector_per_variate,run_0,99,0,vanilla_univariate,1,vanilla_univariate,1,fewer_than_two_validation_dates
SG_Carpark/15T,long,scope_selector_per_variate,scope_selector_per_variate,run_0,100,0,vanilla_univariate,1,vanilla_univariate,1,fewer_than_two_validation_dates
SG_Carpark/15T,long,scope_selector_per_variate,scope_selector_per_variate,run_0,101,0,vanilla_univariate,1,vanilla_univariate,1,fewer_than_two_validation_dates
SG_Carpark/15T,long,scope_selector_per_variate,scope_selector_per_variate,run_0,102,0,vanilla_univariate,1,vanilla_univariate,1,fewer_than_two_validation_dates
SG_Carpark/15T,long,scope_selector_per_variate,scope_selector_per_variate,run_0,103,0,vanilla_univariate,1,vanilla_univariate,1,fewer_than_two_validation_dates
SG_Carpark/15T,long,scope_selector_per_variate,scope_selector_per_variate,run_0,104,0,vanilla_univariate,1,vanilla_univariate,1,fewer_than_two_validation_dates
SG_Carpark/15T,long,scope_selector_per_variate,scope_selector_per_variate,run_0,105,0,vanilla_univariate,1,vanilla_univariate,1,fewer_than_two_validation_dates
SG_Carpark/15T,long,scope_selector_per_variate,scope_selector_per_variate,run_0,106,0,vanilla_univariate,1,vanilla_univariate,1,fewer_than_two_validation_dates
SG_Carpark/15T,long,scope_selector_per_variate,scope_selector_per_variate,run_0,107,0,vanilla_univariate,1,vanilla_univariate,1,fewer_than_two_validation_dates
SG_Carpark/15T,long,scope_selector_per_variate,scope_selector_per_variate,run_0,108,0,vanilla_univariate,1,vanilla_univariate,1,fewer_than_two_validation_dates
SG_Carpark/15T,long,scope_selector_per_variate,scope_selector_per_variate,run_0,109,0,vanilla_univariate,1,vanilla_univariate,1,fewer_than_two_validation_dates
SG_Carpark/15T,long,scope_selector_per_variate,scope_selector_per_variate,run_0,110,0,vanilla_univariate,1,vanilla_univariate,1,fewer_than_two_validation_dates
SG_Carpark/15T,long,scope_selector_per_variate,scope_selector_per_variate,run_0,111,0,vanilla_univariate,1,vanilla_univariate,1,fewer_than_two_validation_dates
SG_Carpark/15T,long,scope_selector_per_variate,scope_selector_per_variate,run_0,112,0,vanilla_univariate,1,vanilla_univariate,1,fewer_than_two_validation_dates
SG_Carpark/15T,long,scope_selector_per_variate,scope_selector_per_variate,run_0,113,0,vanilla_univariate,1,vanilla_univariate,1,fewer_than_two_validation_dates
SG_Carpark/15T,long,scope_selector_per_variate,scope_selector_per_variate,run_0,114,0,vanilla_univariate,1,vanilla_univariate,1,fewer_than_two_validation_dates
SG_Carpark/15T,long,scope_selector_per_variate,scope_selector_per_variate,run_0,115,0,vanilla_univariate,1,vanilla_univariate,1,fewer_than_two_validation_dates
SG_Carpark/15T,long,scope_selector_per_variate,scope_selector_per_variate,run_0,116,0,vanilla_univariate,1,vanilla_univariate,1,fewer_than_two_validation_dates
SG_Carpark/15T,long,scope_selector_per_variate,scope_selector_per_variate,run_0,117,0,vanilla_univariate,1,vanilla_univariate,1,fewer_than_two_validation_dates
SG_Carpark/15T,long,scope_selector_per_variate,scope_selector_per_variate,run_0,118,0,vanilla_univariate,1,vanilla_univariate,1,fewer_than_two_validation_dates
SG_Carpark/15T,long,scope_selector_per_variate,scope_selector_per_variate,run_0,119,0,vanilla_univariate,1,vanilla_univariate,1,fewer_than_two_validation_dates
SG_Carpark/15T,long,scope_selector_per_variate,scope_selector_per_variate,run_0,120,0,vanilla_univariate,1,vanilla_univariate,1,fewer_than_two_validation_dates
SG_Carpark/15T,long,scope_selector_per_variate,scope_selector_per_variate,run_0,121,0,vanilla_univariate,1,vanilla_univariate,1,fewer_than_two_validation_dates
SG_Carpark/15T,long,scope_selector_per_variate,scope_selector_per_variate,run_0,122,0,vanilla_univariate,1,vanilla_univariate,1,fewer_than_two_validation_dates
SG_Carpark/15T,long,scope_selector_per_variate,scope_selector_per_variate,run_0,123,0,vanilla_univariate,1,vanilla_univariate,1,fewer_than_two_validation_dates
SG_Carpark/15T,long,scope_selector_per_variate,scope_selector_per_variate,run_0,124,0,vanilla_univariate,1,vanilla_univariate,1,fewer_than_two_validation_dates
SG_Carpark/15T,long,scope_selector_per_variate,scope_selector_per_variate,run_0,125,0,vanilla_univariate,1,vanilla_univariate,1,fewer_than_two_validation_dates
SG_Carpark/15T,long,scope_selector_per_variate,scope_selector_per_variate,run_0,126,0,vanilla_univariate,1,vanilla_univariate,1,fewer_than_two_validation_dates
SG_Carpark/15T,long,scope_selector_per_variate,scope_selector_per_variate,run_0,127,0,vanilla_univariate,1,vanilla_univariate,1,fewer_than_two_validation_dates
SG_Carpark/15T,long,scope_selector_per_variate,scope_selector_per_variate,run_0,128,0,vanilla_univariate,1,vanilla_univariate,1,fewer_than_two_validation_dates
SG_Carpark/15T,long,scope_selector_per_variate,scope_selector_per_variate,run_0,129,0,vanilla_univariate,1,vanilla_univariate,1,fewer_than_two_validation_dates
SG_Carpark/15T,long,scope_selector_per_variate,scope_selector_per_variate,run_0,130,0,vanilla_univariate,1,vanilla_univariate,1,fewer_than_two_validation_dates
SG_Carpark/15T,long,scope_selector_per_variate,scope_selector_per_variate,run_0,131,0,vanilla_univariate,1,vanilla_univariate,1,fewer_than_two_validation_dates
SG_Carpark/15T,long,scope_selector_per_variate,scope_selector_per_variate,run_0,132,0,vanilla_univariate,1,vanilla_univariate,1,fewer_than_two_validation_dates
SG_Carpark/15T,long,scope_selector_per_variate,scope_selector_per_variate,run_0,133,0,vanilla_univariate,1,vanilla_univariate,1,fewer_than_two_validation_dates
SG_Carpark/15T,long,scope_selector_per_variate,scope_selector_per_variate,run_0,134,0,vanilla_univariate,1,vanilla_univariate,1,fewer_than_two_validation_dates
SG_Carpark/15T,long,scope_selector_per_variate,scope_selector_per_variate,run_0,135,0,vanilla_univariate,1,vanilla_univariate,1,fewer_than_two_validation_dates
SG_Carpark/15T,long,scope_selector_per_variate,scope_selector_per_variate,run_0,136,0,vanilla_univariate,1,vanilla_univariate,1,fewer_than_two_validation_dates
SG_Carpark/15T,long,scope_selector_per_variate,scope_selector_per_variate,run_0,137,0,vanilla_univariate,1,vanilla_univariate,1,fewer_than_two_validation_dates
SG_Carpark/15T,long,scope_selector_per_variate,scope_selector_per_variate,run_0,138,0,vanilla_univariate,1,vanilla_univariate,1,fewer_than_two_validation_dates
SG_Carpark/15T,long,scope_selector_per_variate,scope_selector_per_variate,run_0,139,0,vanilla_univariate,1,vanilla_univariate,1,fewer_than_two_validation_dates
SG_Carpark/15T,long,scope_selector_per_variate,scope_selector_per_variate,run_0,140,0,vanilla_univariate,1,vanilla_univariate,1,fewer_than_two_validation_dates
SG_Carpark/15T,long,scope_selector_per_variate,scope_selector_per_variate,run_0,141,0,vanilla_univariate,1,vanilla_univariate,1,fewer_than_two_validation_dates
SG_Carpark/15T,long,scope_selector_per_variate,scope_selector_per_variate,run_0,142,0,vanilla_univariate,1,vanilla_univariate,1,fewer_than_two_validation_dates
SG_Carpark/15T,long,scope_selector_per_variate,scope_selector_per_variate,run_0,143,0,vanilla_univariate,1,vanilla_univariate,1,fewer_than_two_validation_dates
SG_Carpark/15T,long,scope_selector_per_variate,scope_selector_per_variate,run_0,144,0,vanilla_univariate,1,vanilla_univariate,1,fewer_than_two_validation_dates
SG_Carpark/15T,long,scope_selector_per_variate,scope_selector_per_variate,run_0,145,0,vanilla_univariate,1,vanilla_univariate,1,fewer_than_two_validation_dates
SG_Carpark/15T,long,scope_selector_per_variate,scope_selector_per_variate,run_0,146,0,vanilla_univariate,1,vanilla_univariate,1,fewer_than_two_validation_dates
SG_Carpark/15T,long,scope_selector_per_variate,scope_selector_per_variate,run_0,147,0,vanilla_univariate,1,vanilla_univariate,1,fewer_than_two_validation_dates
SG_Carpark/15T,long,scope_selector_per_variate,scope_selector_per_variate,run_0,148,0,vanilla_univariate,1,vanilla_univariate,1,fewer_than_two_validation_dates
SG_Carpark/15T,long,scope_selector_per_variate,scope_selector_per_variate,run_0,149,0,vanilla_univariate,1,vanilla_univariate,1,fewer_than_two_validation_dates
SG_Carpark/15T,long,scope_selector_per_variate,scope_selector_per_variate,run_0,150,0,vanilla_univariate,1,vanilla_univariate,1,fewer_than_two_validation_dates
SG_Carpark/15T,long,scope_selector_per_variate,scope_selector_per_variate,run_0,151,0,vanilla_univariate,1,vanilla_univariate,1,fewer_than_two_validation_dates
SG_Carpark/15T,long,scope_selector_per_variate,scope_selector_per_variate,run_0,152,0,vanilla_univariate,1,vanilla_univariate,1,fewer_than_two_validation_dates
SG_Carpark/15T,long,scope_selector_per_variate,scope_selector_per_variate,run_0,153,0,vanilla_univariate,1,vanilla_univariate,1,fewer_than_two_validation_dates
SG_Carpark/15T,long,scope_selector_per_variate,scope_selector_per_variate,run_0,154,0,vanilla_univariate,1,vanilla_univariate,1,fewer_than_two_validation_dates
SG_Carpark/15T,long,scope_selector_per_variate,scope_selector_per_variate,run_0,155,0,vanilla_univariate,1,vanilla_univariate,1,fewer_than_two_validation_dates
SG_Carpark/15T,long,scope_selector_per_variate,scope_selector_per_variate,run_0,156,0,vanilla_univariate,1,vanilla_univariate,1,fewer_than_two_validation_dates
SG_Carpark/15T,long,scope_selector_per_variate,scope_selector_per_variate,run_0,157,0,vanilla_univariate,1,vanilla_univariate,1,fewer_than_two_validation_dates
SG_Carpark/15T,long,scope_selector_per_variate,scope_selector_per_variate,run_0,158,0,vanilla_univariate,1,vanilla_univariate,1,fewer_than_two_validation_dates
SG_Carpark/15T,long,scope_selector_per_variate,scope_selector_per_variate,run_0,159,0,vanilla_univariate,1,vanilla_univariate,1,fewer_than_two_validation_dates
SG_Carpark/15T,long,scope_selector_per_variate,scope_selector_per_variate,run_0,160,0,vanilla_univariate,1,vanilla_univariate,1,fewer_than_two_validation_dates
SG_Carpark/15T,long,scope_selector_per_variate,scope_selector_per_variate,run_0,161,0,vanilla_univariate,1,vanilla_univariate,1,fewer_than_two_validation_dates
SG_Carpark/15T,long,scope_selector_per_variate,scope_selector_per_variate,run_0,162,0,vanilla_univariate,1,vanilla_univariate,1,fewer_than_two_validation_dates
SG_Carpark/15T,long,scope_selector_per_variate,scope_selector_per_variate,run_0,163,0,vanilla_univariate,1,vanilla_univariate,1,fewer_than_two_validation_dates
SG_Carpark/15T,long,scope_selector_per_variate,scope_selector_per_variate,run_0,164,0,vanilla_univariate,1,vanilla_univariate,1,fewer_than_two_validation_dates
SG_Carpark/15T,long,scope_selector_per_variate,scope_selector_per_variate,run_0,165,0,vanilla_univariate,1,vanilla_univariate,1,fewer_than_two_validation_dates
SG_Carpark/15T,long,scope_selector_per_variate,scope_selector_per_variate,run_0,166,0,vanilla_univariate,1,vanilla_univariate,1,fewer_than_two_validation_dates
SG_Carpark/15T,long,scope_selector_per_variate,scope_selector_per_variate,run_0,167,0,vanilla_univariate,1,vanilla_univariate,1,fewer_than_two_validation_dates
SG_Carpark/15T,long,scope_selector_per_variate,scope_selector_per_variate,run_0,168,0,vanilla_univariate,1,vanilla_univariate,1,fewer_than_two_validation_dates
SG_Carpark/15T,long,scope_selector_per_variate,scope_selector_per_variate,run_0,169,0,vanilla_univariate,1,vanilla_univariate,1,fewer_than_two_validation_dates
SG_Carpark/15T,long,scope_selector_per_variate,scope_selector_per_variate,run_0,170,0,vanilla_univariate,1,vanilla_univariate,1,fewer_than_two_validation_dates
SG_Carpark/15T,long,scope_selector_per_variate,scope_selector_per_variate,run_0,171,0,vanilla_univariate,1,vanilla_univariate,1,fewer_than_two_validation_dates
SG_Carpark/15T,long,scope_selector_per_variate,scope_selector_per_variate,run_0,172,0,vanilla_univariate,1,vanilla_univariate,1,fewer_than_two_validation_dates
SG_Carpark/15T,long,scope_selector_per_variate,scope_selector_per_variate,run_0,173,0,vanilla_univariate,1,vanilla_univariate,1,fewer_than_two_validation_dates
SG_Carpark/15T,long,scope_selector_per_variate,scope_selector_per_variate,run_0,174,0,vanilla_univariate,1,vanilla_univariate,1,fewer_than_two_validation_dates
SG_Carpark/15T,long,scope_selector_per_variate,scope_selector_per_variate,run_0,175,0,vanilla_univariate,1,vanilla_univariate,1,fewer_than_two_validation_dates
SG_Carpark/15T,long,scope_selector_per_variate,scope_selector_per_variate,run_0,176,0,vanilla_univariate,1,vanilla_univariate,1,fewer_than_two_validation_dates
SG_Carpark/15T,long,scope_selector_per_variate,scope_selector_per_variate,run_0,177,0,vanilla_univariate,1,vanilla_univariate,1,fewer_than_two_validation_dates
SG_Carpark/15T,long,scope_selector_per_variate,scope_selector_per_variate,run_0,178,0,vanilla_univariate,1,vanilla_univariate,1,fewer_than_two_validation_dates
SG_Carpark/15T,long,scope_selector_per_variate,scope_selector_per_variate,run_0,179,0,vanilla_univariate,1,vanilla_univariate,1,fewer_than_two_validation_dates
SG_Carpark/15T,long,scope_selector_per_variate,scope_selector_per_variate,run_0,180,0,vanilla_univariate,1,vanilla_univariate,1,fewer_than_two_validation_dates
SG_Carpark/15T,long,scope_selector_per_variate,scope_selector_per_variate,run_0,181,0,vanilla_univariate,1,vanilla_univariate,1,fewer_than_two_validation_dates
SG_Carpark/15T,long,scope_selector_per_variate,scope_selector_per_variate,run_0,182,0,vanilla_univariate,1,vanilla_univariate,1,fewer_than_two_validation_dates
SG_Carpark/15T,long,scope_selector_per_variate,scope_selector_per_variate,run_0,183,0,vanilla_univariate,1,vanilla_univariate,1,fewer_than_two_validation_dates
SG_Carpark/15T,long,scope_selector_per_variate,scope_selector_per_variate,run_0,184,0,vanilla_univariate,1,vanilla_univariate,1,fewer_than_two_validation_dates
SG_Carpark/15T,long,scope_selector_per_variate,scope_selector_per_variate,run_0,185,0,vanilla_univariate,1,vanilla_univariate,1,fewer_than_two_validation_dates
SG_Carpark/15T,long,scope_selector_per_variate,scope_selector_per_variate,run_0,186,0,vanilla_univariate,1,vanilla_univariate,1,fewer_than_two_validation_dates
SG_Carpark/15T,long,scope_selector_per_variate,scope_selector_per_variate,run_0,187,0,vanilla_univariate,1,vanilla_univariate,1,fewer_than_two_validation_dates
SG_Carpark/15T,long,scope_selector_per_variate,scope_selector_per_variate,run_0,188,0,vanilla_univariate,1,vanilla_univariate,1,fewer_than_two_validation_dates
SG_Carpark/15T,long,scope_selector_per_variate,scope_selector_per_variate,run_0,189,0,vanilla_univariate,1,vanilla_univariate,1,fewer_than_two_validation_dates
SG_Carpark/15T,long,scope_selector_per_variate,scope_selector_per_variate,run_0,190,0,vanilla_univariate,1,vanilla_univariate,1,fewer_than_two_validation_dates
SG_Carpark/15T,long,scope_selector_per_variate,scope_selector_per_variate,run_0,191,0,vanilla_univariate,1,vanilla_univariate,1,fewer_than_two_validation_dates
SG_Carpark/15T,long,scope_selector_per_variate,scope_selector_per_variate,run_0,192,0,vanilla_univariate,1,vanilla_univariate,1,fewer_than_two_validation_dates
SG_Carpark/15T,long,scope_selector_per_variate,scope_selector_per_variate,run_0,193,0,vanilla_univariate,1,vanilla_univariate,1,fewer_than_two_validation_dates
SG_Carpark/15T,long,scope_selector_per_variate,scope_selector_per_variate,run_0,194,0,vanilla_univariate,1,vanilla_univariate,1,fewer_than_two_validation_dates
SG_Carpark/15T,long,scope_selector_per_variate,scope_selector_per_variate,run_0,195,0,vanilla_univariate,1,vanilla_univariate,1,fewer_than_two_validation_dates
SG_Carpark/15T,long,scope_selector_per_variate,scope_selector_per_variate,run_0,196,0,vanilla_univariate,1,vanilla_univariate,1,fewer_than_two_validation_dates
SG_Carpark/15T,long,scope_selector_per_variate,scope_selector_per_variate,run_0,197,0,vanilla_univariate,1,vanilla_univariate,1,fewer_than_two_validation_dates
SG_Carpark/15T,long,scope_selector_per_variate,scope_selector_per_variate,run_0,198,0,vanilla_univariate,1,vanilla_univariate,1,fewer_than_two_validation_dates
SG_Carpark/15T,long,scope_selector_per_variate,scope_selector_per_variate,run_0,199,0,vanilla_univariate,1,vanilla_univariate,1,fewer_than_two_validation_dates
SG_Carpark/15T,long,scope_selector_per_variate,scope_selector_per_variate,run_0,200,0,vanilla_univariate,1,vanilla_univariate,1,fewer_than_two_validation_dates
SG_Carpark/15T,long,scope_selector_per_variate,scope_selector_per_variate,run_0,201,0,vanilla_univariate,1,vanilla_univariate,1,fewer_than_two_validation_dates
SG_Carpark/15T,long,scope_selector_per_variate,scope_selector_per_variate,run_0,202,0,vanilla_univariate,1,vanilla_univariate,1,fewer_than_two_validation_dates
SG_Carpark/15T,long,scope_selector_per_variate,scope_selector_per_variate,run_0,203,0,vanilla_univariate,1,vanilla_univariate,1,fewer_than_two_validation_dates
SG_Carpark/15T,long,scope_selector_per_variate,scope_selector_per_variate,run_0,204,0,vanilla_univariate,1,vanilla_univariate,1,fewer_than_two_validation_dates
SG_Carpark/15T,long,scope_selector_per_variate,scope_selector_per_variate,run_0,205,0,vanilla_univariate,1,vanilla_univariate,1,fewer_than_two_validation_dates
SG_Carpark/15T,long,scope_selector_per_variate,scope_selector_per_variate,run_0,206,0,vanilla_univariate,1,vanilla_univariate,1,fewer_than_two_validation_dates
SG_Carpark/15T,long,scope_selector_per_variate,scope_selector_per_variate,run_0,207,0,vanilla_univariate,1,vanilla_univariate,1,fewer_than_two_validation_dates
SG_Carpark/15T,long,scope_selector_per_variate,scope_selector_per_variate,run_0,208,0,vanilla_univariate,1,vanilla_univariate,1,fewer_than_two_validation_dates
SG_Carpark/15T,long,scope_selector_per_variate,scope_selector_per_variate,run_0,209,0,vanilla_univariate,1,vanilla_univariate,1,fewer_than_two_validation_dates
SG_Carpark/15T,long,scope_selector_per_variate,scope_selector_per_variate,run_0,210,0,vanilla_univariate,1,vanilla_univariate,1,fewer_than_two_validation_dates
SG_Carpark/15T,long,scope_selector_per_variate,scope_selector_per_variate,run_0,211,0,vanilla_univariate,1,vanilla_univariate,1,fewer_than_two_validation_dates
SG_Carpark/15T,long,scope_selector_per_variate,scope_selector_per_variate,run_0,212,0,vanilla_univariate,1,vanilla_univariate,1,fewer_than_two_validation_dates
SG_Carpark/15T,long,scope_selector_per_variate,scope_selector_per_variate,run_0,213,0,vanilla_univariate,1,vanilla_univariate,1,fewer_than_two_validation_dates
SG_Carpark/15T,long,scope_selector_per_variate,scope_selector_per_variate,run_0,214,0,vanilla_univariate,1,vanilla_univariate,1,fewer_than_two_validation_dates
SG_Carpark/15T,long,scope_selector_per_variate,scope_selector_per_variate,run_0,215,0,vanilla_univariate,1,vanilla_univariate,1,fewer_than_two_validation_dates
SG_Carpark/15T,long,scope_selector_per_variate,scope_selector_per_variate,run_0,216,0,vanilla_univariate,1,vanilla_univariate,1,fewer_than_two_validation_dates
SG_Carpark/15T,long,scope_selector_per_variate,scope_selector_per_variate,run_0,217,0,vanilla_univariate,1,vanilla_univariate,1,fewer_than_two_validation_dates
SG_Carpark/15T,long,scope_selector_per_variate,scope_selector_per_variate,run_0,218,0,vanilla_univariate,1,vanilla_univariate,1,fewer_than_two_validation_dates
SG_Carpark/15T,long,scope_selector_per_variate,scope_selector_per_variate,run_0,219,0,vanilla_univariate,1,vanilla_univariate,1,fewer_than_two_validation_dates
SG_Carpark/15T,long,scope_selector_per_variate,scope_selector_per_variate,run_0,220,0,vanilla_univariate,1,vanilla_univariate,1,fewer_than_two_validation_dates
SG_Carpark/15T,long,scope_selector_per_variate,scope_selector_per_variate,run_0,221,0,vanilla_univariate,1,vanilla_univariate,1,fewer_than_two_validation_dates
SG_Carpark/15T,long,scope_selector_per_variate,scope_selector_per_variate,run_0,222,0,vanilla_univariate,1,vanilla_univariate,1,fewer_than_two_validation_dates
SG_Carpark/15T,long,scope_selector_per_variate,scope_selector_per_variate,run_0,223,0,vanilla_univariate,1,vanilla_univariate,1,fewer_than_two_validation_dates
SG_Carpark/15T,long,scope_selector_per_variate,scope_selector_per_variate,run_0,224,0,vanilla_univariate,1,vanilla_univariate,1,fewer_than_two_validation_dates
SG_Carpark/15T,long,scope_selector_per_variate,scope_selector_per_variate,run_0,225,0,vanilla_univariate,1,vanilla_univariate,1,fewer_than_two_validation_dates
SG_Carpark/15T,long,scope_selector_per_variate,scope_selector_per_variate,run_0,226,0,vanilla_univariate,1,vanilla_univariate,1,fewer_than_two_validation_dates
SG_Carpark/15T,long,scope_selector_per_variate,scope_selector_per_variate,run_0,227,0,vanilla_univariate,1,vanilla_univariate,1,fewer_than_two_validation_dates
SG_Carpark/15T,long,scope_selector_per_variate,scope_selector_per_variate,run_0,228,0,vanilla_univariate,1,vanilla_univariate,1,fewer_than_two_validation_dates
SG_Carpark/15T,long,scope_selector_per_variate,scope_selector_per_variate,run_0,229,0,vanilla_univariate,1,vanilla_univariate,1,fewer_than_two_validation_dates
SG_Carpark/15T,long,scope_selector_per_variate,scope_selector_per_variate,run_0,230,0,vanilla_univariate,1,vanilla_univariate,1,fewer_than_two_validation_dates
SG_Carpark/15T,long,scope_selector_per_variate,scope_selector_per_variate,run_0,231,0,vanilla_univariate,1,vanilla_univariate,1,fewer_than_two_validation_dates
SG_Carpark/15T,long,scope_selector_per_variate,scope_selector_per_variate,run_0,232,0,vanilla_univariate,1,vanilla_univariate,1,fewer_than_two_validation_dates
SG_Carpark/15T,long,scope_selector_per_variate,scope_selector_per_variate,run_0,233,0,vanilla_univariate,1,vanilla_univariate,1,fewer_than_two_validation_dates
SG_Carpark/15T,long,scope_selector_per_variate,scope_selector_per_variate,run_0,234,0,vanilla_univariate,1,vanilla_univariate,1,fewer_than_two_validation_dates
SG_Carpark/15T,long,scope_selector_per_variate,scope_selector_per_variate,run_0,235,0,vanilla_univariate,1,vanilla_univariate,1,fewer_than_two_validation_dates
SG_Carpark/15T,long,scope_selector_per_variate,scope_selector_per_variate,run_0,236,0,vanilla_univariate,1,vanilla_univariate,1,fewer_than_two_validation_dates
SG_Carpark/15T,long,scope_selector_per_variate,scope_selector_per_variate,run_0,237,0,vanilla_univariate,1,vanilla_univariate,1,fewer_than_two_validation_dates
SG_Carpark/15T,long,scope_selector_per_variate,scope_selector_per_variate,run_0,238,0,vanilla_univariate,1,vanilla_univariate,1,fewer_than_two_validation_dates
SG_Carpark/15T,long,scope_selector_per_variate,scope_selector_per_variate,run_0,239,0,vanilla_univariate,1,vanilla_univariate,1,fewer_than_two_validation_dates
SG_Carpark/15T,long,scope_selector_per_variate,scope_selector_per_variate,run_0,240,0,vanilla_univariate,1,vanilla_univariate,1,fewer_than_two_validation_dates
SG_Carpark/15T,long,scope_selector_per_variate,scope_selector_per_variate,run_0,241,0,vanilla_univariate,1,vanilla_univariate,1,fewer_than_two_validation_dates
SG_Carpark/15T,long,scope_selector_per_variate,scope_selector_per_variate,run_0,242,0,vanilla_univariate,1,vanilla_univariate,1,fewer_than_two_validation_dates
SG_Carpark/15T,long,scope_selector_per_variate,scope_selector_per_variate,run_0,243,0,vanilla_univariate,1,vanilla_univariate,1,fewer_than_two_validation_dates
SG_Carpark/15T,long,scope_selector_per_variate,scope_selector_per_variate,run_0,244,0,vanilla_univariate,1,vanilla_univariate,1,fewer_than_two_validation_dates
SG_Carpark/15T,long,scope_selector_per_variate,scope_selector_per_variate,run_0,245,0,vanilla_univariate,1,vanilla_univariate,1,fewer_than_two_validation_dates
SG_Carpark/15T,long,scope_selector_per_variate,scope_selector_per_variate,run_0,246,0,vanilla_univariate,1,vanilla_univariate,1,fewer_than_two_validation_dates
SG_Carpark/15T,long,scope_selector_per_variate,scope_selector_per_variate,run_0,247,0,vanilla_univariate,1,vanilla_univariate,1,fewer_than_two_validation_dates
SG_Carpark/15T,long,scope_selector_per_variate,scope_selector_per_variate,run_0,248,0,vanilla_univariate,1,vanilla_univariate,1,fewer_than_two_validation_dates
SG_Carpark/15T,long,scope_selector_per_variate,scope_selector_per_variate,run_0,249,0,vanilla_univariate,1,vanilla_univariate,1,fewer_than_two_validation_dates
SG_Carpark/15T,long,scope_selector_per_variate,scope_selector_per_variate,run_0,250,0,vanilla_univariate,1,vanilla_univariate,1,fewer_than_two_validation_dates
SG_Carpark/15T,long,scope_selector_per_variate,scope_selector_per_variate,run_0,251,0,vanilla_univariate,1,vanilla_univariate,1,fewer_than_two_validation_dates
SG_Carpark/15T,long,scope_selector_per_variate,scope_selector_per_variate,run_0,252,0,vanilla_univariate,1,vanilla_univariate,1,fewer_than_two_validation_dates
SG_Carpark/15T,long,scope_selector_per_variate,scope_selector_per_variate,run_0,253,0,vanilla_univariate,1,vanilla_univariate,1,fewer_than_two_validation_dates
SG_Carpark/15T,long,scope_selector_per_variate,scope_selector_per_variate,run_0,254,0,vanilla_univariate,1,vanilla_univariate,1,fewer_than_two_validation_dates
SG_Carpark/15T,long,scope_selector_per_variate,scope_selector_per_variate,run_0,255,0,vanilla_univariate,1,vanilla_univariate,1,fewer_than_two_validation_dates
SG_Carpark/15T,long,scope_selector_per_variate,scope_selector_per_variate,run_0,256,0,vanilla_univariate,1,vanilla_univariate,1,fewer_than_two_validation_dates
SG_Carpark/15T,long,scope_selector_per_variate,scope_selector_per_variate,run_0,257,0,vanilla_univariate,1,vanilla_univariate,1,fewer_than_two_validation_dates
SG_Carpark/15T,long,scope_selector_per_variate,scope_selector_per_variate,run_0,258,0,vanilla_univariate,1,vanilla_univariate,1,fewer_than_two_validation_dates
SG_Carpark/15T,long,scope_selector_per_variate,scope_selector_per_variate,run_0,259,0,vanilla_univariate,1,vanilla_univariate,1,fewer_than_two_validation_dates
SG_Carpark/15T,long,scope_selector_per_variate,scope_selector_per_variate,run_0,260,0,vanilla_univariate,1,vanilla_univariate,1,fewer_than_two_validation_dates
SG_Carpark/15T,long,scope_selector_per_variate,scope_selector_per_variate,run_0,261,0,vanilla_univariate,1,vanilla_univariate,1,fewer_than_two_validation_dates
SG_Carpark/15T,long,scope_selector_per_variate,scope_selector_per_variate,run_0,262,0,vanilla_univariate,1,vanilla_univariate,1,fewer_than_two_validation_dates
SG_Carpark/15T,long,scope_selector_per_variate,scope_selector_per_variate,run_0,263,0,vanilla_univariate,1,vanilla_univariate,1,fewer_than_two_validation_dates
SG_Carpark/15T,long,scope_selector_per_variate,scope_selector_per_variate,run_0,264,0,vanilla_univariate,1,vanilla_univariate,1,fewer_than_two_validation_dates
SG_Carpark/15T,long,scope_selector_per_variate,scope_selector_per_variate,run_0,265,0,vanilla_univariate,1,vanilla_univariate,1,fewer_than_two_validation_dates
SG_Carpark/15T,long,scope_selector_per_variate,scope_selector_per_variate,run_0,266,0,vanilla_univariate,1,vanilla_univariate,1,fewer_than_two_validation_dates
SG_Carpark/15T,long,scope_selector_per_variate,scope_selector_per_variate,run_0,267,0,vanilla_univariate,1,vanilla_univariate,1,fewer_than_two_validation_dates
SG_Carpark/15T,long,scope_selector_per_variate,scope_selector_per_variate,run_0,268,0,vanilla_univariate,1,vanilla_univariate,1,fewer_than_two_validation_dates
SG_Carpark/15T,long,scope_selector_per_variate,scope_selector_per_variate,run_0,269,0,vanilla_univariate,1,vanilla_univariate,1,fewer_than_two_validation_dates
SG_Carpark/15T,long,scope_selector_per_variate,scope_selector_per_variate,run_0,270,0,vanilla_univariate,1,vanilla_univariate,1,fewer_than_two_validation_dates
SG_Carpark/15T,long,scope_selector_per_variate,scope_selector_per_variate,run_0,271,0,vanilla_univariate,1,vanilla_univariate,1,fewer_than_two_validation_dates
SG_Carpark/15T,long,scope_selector_per_variate,scope_selector_per_variate,run_0,272,0,vanilla_univariate,1,vanilla_univariate,1,fewer_than_two_validation_dates
SG_Carpark/15T,long,scope_selector_per_variate,scope_selector_per_variate,run_0,273,0,vanilla_univariate,1,vanilla_univariate,1,fewer_than_two_validation_dates
SG_Carpark/15T,long,scope_selector_per_variate,scope_selector_per_variate,run_0,274,0,vanilla_univariate,1,vanilla_univariate,1,fewer_than_two_validation_dates
SG_Carpark/15T,long,scope_selector_per_variate,scope_selector_per_variate,run_0,275,0,vanilla_univariate,1,vanilla_univariate,1,fewer_than_two_validation_dates
SG_Carpark/15T,long,scope_selector_per_variate,scope_selector_per_variate,run_0,276,0,vanilla_univariate,1,vanilla_univariate,1,fewer_than_two_validation_dates
SG_Carpark/15T,long,scope_selector_per_variate,scope_selector_per_variate,run_0,277,0,vanilla_univariate,1,vanilla_univariate,1,fewer_than_two_validation_dates
SG_Carpark/15T,long,scope_selector_per_variate,scope_selector_per_variate,run_0,278,0,vanilla_univariate,1,vanilla_univariate,1,fewer_than_two_validation_dates
SG_Carpark/15T,long,scope_selector_per_variate,scope_selector_per_variate,run_0,279,0,vanilla_univariate,1,vanilla_univariate,1,fewer_than_two_validation_dates
SG_Carpark/15T,long,scope_selector_per_variate,scope_selector_per_variate,run_0,280,0,vanilla_univariate,1,vanilla_univariate,1,fewer_than_two_validation_dates
SG_Carpark/15T,long,scope_selector_per_variate,scope_selector_per_variate,run_0,281,0,vanilla_univariate,1,vanilla_univariate,1,fewer_than_two_validation_dates
SG_Carpark/15T,long,scope_selector_per_variate,scope_selector_per_variate,run_0,282,0,vanilla_univariate,1,vanilla_univariate,1,fewer_than_two_validation_dates
SG_Carpark/15T,long,scope_selector_per_variate,scope_selector_per_variate,run_0,283,0,vanilla_univariate,1,vanilla_univariate,1,fewer_than_two_validation_dates
SG_Carpark/15T,long,scope_selector_per_variate,scope_selector_per_variate,run_0,284,0,vanilla_univariate,1,vanilla_univariate,1,fewer_than_two_validation_dates
SG_Carpark/15T,long,scope_selector_per_variate,scope_selector_per_variate,run_0,285,0,vanilla_univariate,1,vanilla_univariate,1,fewer_than_two_validation_dates
SG_Carpark/15T,long,scope_selector_per_variate,scope_selector_per_variate,run_0,286,0,vanilla_univariate,1,vanilla_univariate,1,fewer_than_two_validation_dates
SG_Carpark/15T,long,scope_selector_per_variate,scope_selector_per_variate,run_0,287,0,vanilla_univariate,1,vanilla_univariate,1,fewer_than_two_validation_dates
SG_Carpark/15T,long,scope_selector_per_variate,scope_selector_per_variate,run_0,288,0,vanilla_univariate,1,vanilla_univariate,1,fewer_than_two_validation_dates
SG_Carpark/15T,long,scope_selector_per_variate,scope_selector_per_variate,run_0,289,0,vanilla_univariate,1,vanilla_univariate,1,fewer_than_two_validation_dates
SG_Carpark/15T,long,scope_selector_per_variate,scope_selector_per_variate,run_0,290,0,vanilla_univariate,1,vanilla_univariate,1,fewer_than_two_validation_dates
SG_Carpark/15T,long,scope_selector_per_variate,scope_selector_per_variate,run_0,291,0,vanilla_univariate,1,vanilla_univariate,1,fewer_than_two_validation_dates
SG_Carpark/15T,long,scope_selector_per_variate,scope_selector_per_variate,run_0,292,0,vanilla_univariate,1,vanilla_univariate,1,fewer_than_two_validation_dates
SG_Carpark/15T,long,scope_selector_per_variate,scope_selector_per_variate,run_0,293,0,vanilla_univariate,1,vanilla_univariate,1,fewer_than_two_validation_dates
SG_Carpark/15T,long,scope_selector_per_variate,scope_selector_per_variate,run_0,294,0,vanilla_univariate,1,vanilla_univariate,1,fewer_than_two_validation_dates
SG_Carpark/15T,long,scope_selector_per_variate,scope_selector_per_variate,run_0,295,0,vanilla_univariate,1,vanilla_univariate,1,fewer_than_two_validation_dates
SG_Carpark/15T,long,scope_selector_per_variate,scope_selector_per_variate,run_0,296,0,vanilla_univariate,1,vanilla_univariate,1,fewer_than_two_validation_dates
SG_Carpark/15T,long,scope_selector_per_variate,scope_selector_per_variate,run_0,297,0,vanilla_univariate,1,vanilla_univariate,1,fewer_than_two_validation_dates
SG_Carpark/15T,long,scope_selector_per_variate,scope_selector_per_variate,run_0,298,0,vanilla_univariate,1,vanilla_univariate,1,fewer_than_two_validation_dates
SG_Carpark/15T,long,scope_selector_per_variate,scope_selector_per_variate,run_0,299,0,vanilla_univariate,1,vanilla_univariate,1,fewer_than_two_validation_dates
SG_Carpark/15T,long,scope_selector_per_variate,scope_selector_per_variate,run_0,300,0,vanilla_univariate,1,vanilla_univariate,1,fewer_than_two_validation_dates
SG_Carpark/15T,long,scope_selector_per_variate,scope_selector_per_variate,run_0,301,0,vanilla_univariate,1,vanilla_univariate,1,fewer_than_two_validation_dates
SG_Carpark/15T,long,scope_selector_per_variate,scope_selector_per_variate,run_0,302,0,vanilla_univariate,1,vanilla_univariate,1,fewer_than_two_validation_dates
SG_Carpark/15T,long,scope_selector_per_variate,scope_selector_per_variate,run_0,303,0,vanilla_univariate,1,vanilla_univariate,1,fewer_than_two_validation_dates
SG_Carpark/15T,long,scope_selector_per_variate,scope_selector_per_variate,run_0,304,0,vanilla_univariate,1,vanilla_univariate,1,fewer_than_two_validation_dates
SG_Carpark/15T,long,scope_selector_per_variate,scope_selector_per_variate,run_0,305,0,vanilla_univariate,1,vanilla_univariate,1,fewer_than_two_validation_dates
SG_Carpark/15T,long,scope_selector_per_variate,scope_selector_per_variate,run_0,306,0,vanilla_univariate,1,vanilla_univariate,1,fewer_than_two_validation_dates
SG_Carpark/15T,long,scope_selector_per_variate,scope_selector_per_variate,run_0,307,0,vanilla_univariate,1,vanilla_univariate,1,fewer_than_two_validation_dates
SG_Carpark/15T,long,scope_selector_per_variate,scope_selector_per_variate,run_0,308,0,vanilla_univariate,1,vanilla_univariate,1,fewer_than_two_validation_dates
SG_Carpark/15T,long,scope_selector_per_variate,scope_selector_per_variate,run_0,309,0,vanilla_univariate,1,vanilla_univariate,1,fewer_than_two_validation_dates
SG_Carpark/15T,long,scope_selector_per_variate,scope_selector_per_variate,run_0,310,0,vanilla_univariate,1,vanilla_univariate,1,fewer_than_two_validation_dates
SG_Carpark/15T,long,scope_selector_per_variate,scope_selector_per_variate,run_0,311,0,vanilla_univariate,1,vanilla_univariate,1,fewer_than_two_validation_dates
SG_Carpark/15T,long,scope_selector_per_variate,scope_selector_per_variate,run_0,312,0,vanilla_univariate,1,vanilla_univariate,1,fewer_than_two_validation_dates
SG_Carpark/15T,long,scope_selector_per_variate,scope_selector_per_variate,run_0,313,0,vanilla_univariate,1,vanilla_univariate,1,fewer_than_two_validation_dates
SG_Carpark/15T,long,scope_selector_per_variate,scope_selector_per_variate,run_0,314,0,vanilla_univariate,1,vanilla_univariate,1,fewer_than_two_validation_dates
SG_Carpark/15T,long,scope_selector_per_variate,scope_selector_per_variate,run_0,315,0,vanilla_univariate,1,vanilla_univariate,1,fewer_than_two_validation_dates
SG_Carpark/15T,long,scope_selector_per_variate,scope_selector_per_variate,run_0,316,0,vanilla_univariate,1,vanilla_univariate,1,fewer_than_two_validation_dates
SG_Carpark/15T,long,scope_selector_per_variate,scope_selector_per_variate,run_0,317,0,vanilla_univariate,1,vanilla_univariate,1,fewer_than_two_validation_dates
SG_Carpark/15T,long,scope_selector_per_variate,scope_selector_per_variate,run_0,318,0,vanilla_univariate,1,vanilla_univariate,1,fewer_than_two_validation_dates
SG_Carpark/15T,long,scope_selector_per_variate,scope_selector_per_variate,run_0,319,0,vanilla_univariate,1,vanilla_univariate,1,fewer_than_two_validation_dates
SG_Carpark/15T,long,scope_selector_per_variate,scope_selector_per_variate,run_0,320,0,vanilla_univariate,1,vanilla_univariate,1,fewer_than_two_validation_dates
SG_Carpark/15T,long,scope_selector_per_variate,scope_selector_per_variate,run_0,321,0,vanilla_univariate,1,vanilla_univariate,1,fewer_than_two_validation_dates
SG_Carpark/15T,long,scope_selector_per_variate,scope_selector_per_variate,run_0,322,0,vanilla_univariate,1,vanilla_univariate,1,fewer_than_two_validation_dates
SG_Carpark/15T,long,scope_selector_per_variate,scope_selector_per_variate,run_0,323,0,vanilla_univariate,1,vanilla_univariate,1,fewer_than_two_validation_dates
SG_Carpark/15T,long,scope_selector_per_variate,scope_selector_per_variate,run_0,324,0,vanilla_univariate,1,vanilla_univariate,1,fewer_than_two_validation_dates
SG_Carpark/15T,long,scope_selector_per_variate,scope_selector_per_variate,run_0,325,0,vanilla_univariate,1,vanilla_univariate,1,fewer_than_two_validation_dates
SG_Carpark/15T,long,scope_selector_per_variate,scope_selector_per_variate,run_0,326,0,vanilla_univariate,1,vanilla_univariate,1,fewer_than_two_validation_dates
SG_Carpark/15T,long,scope_selector_per_variate,scope_selector_per_variate,run_0,327,0,vanilla_univariate,1,vanilla_univariate,1,fewer_than_two_validation_dates
SG_Carpark/15T,long,scope_selector_per_variate,scope_selector_per_variate,run_0,328,0,vanilla_univariate,1,vanilla_univariate,1,fewer_than_two_validation_dates
SG_Carpark/15T,long,scope_selector_per_variate,scope_selector_per_variate,run_0,329,0,vanilla_univariate,1,vanilla_univariate,1,fewer_than_two_validation_dates
SG_Carpark/15T,long,scope_selector_per_variate,scope_selector_per_variate,run_0,330,0,vanilla_univariate,1,vanilla_univariate,1,fewer_than_two_validation_dates
SG_Carpark/15T,long,scope_selector_per_variate,scope_selector_per_variate,run_0,331,0,vanilla_univariate,1,vanilla_univariate,1,fewer_than_two_validation_dates
SG_Carpark/15T,long,scope_selector_per_variate,scope_selector_per_variate,run_0,332,0,vanilla_univariate,1,vanilla_univariate,1,fewer_than_two_validation_dates
SG_Carpark/15T,long,scope_selector_per_variate,scope_selector_per_variate,run_0,333,0,vanilla_univariate,1,vanilla_univariate,1,fewer_than_two_validation_dates
SG_Carpark/15T,long,scope_selector_per_variate,scope_selector_per_variate,run_0,334,0,vanilla_univariate,1,vanilla_univariate,1,fewer_than_two_validation_dates
SG_Carpark/15T,long,scope_selector_per_variate,scope_selector_per_variate,run_0,335,0,vanilla_univariate,1,vanilla_univariate,1,fewer_than_two_validation_dates
SG_Carpark/15T,long,scope_selector_per_variate,scope_selector_per_variate,run_0,336,0,vanilla_univariate,1,vanilla_univariate,1,fewer_than_two_validation_dates
SG_Carpark/15T,long,scope_selector_per_variate,scope_selector_per_variate,run_0,337,0,vanilla_univariate,1,vanilla_univariate,1,fewer_than_two_validation_dates
SG_Carpark/15T,long,scope_selector_per_variate,scope_selector_per_variate,run_0,338,0,vanilla_univariate,1,vanilla_univariate,1,fewer_than_two_validation_dates
SG_Carpark/15T,long,scope_selector_per_variate,scope_selector_per_variate,run_0,339,0,vanilla_univariate,1,vanilla_univariate,1,fewer_than_two_validation_dates
SG_Carpark/15T,long,scope_selector_per_variate,scope_selector_per_variate,run_0,340,0,vanilla_univariate,1,vanilla_univariate,1,fewer_than_two_validation_dates
SG_Carpark/15T,long,scope_selector_per_variate,scope_selector_per_variate,run_0,341,0,vanilla_univariate,1,vanilla_univariate,1,fewer_than_two_validation_dates
SG_Carpark/15T,long,scope_selector_per_variate,scope_selector_per_variate,run_0,342,0,vanilla_univariate,1,vanilla_univariate,1,fewer_than_two_validation_dates
SG_Carpark/15T,long,scope_selector_per_variate,scope_selector_per_variate,run_0,343,0,vanilla_univariate,1,vanilla_univariate,1,fewer_than_two_validation_dates
SG_Carpark/15T,long,scope_selector_per_variate,scope_selector_per_variate,run_0,344,0,vanilla_univariate,1,vanilla_univariate,1,fewer_than_two_validation_dates
SG_Carpark/15T,long,scope_selector_per_variate,scope_selector_per_variate,run_0,345,0,vanilla_univariate,1,vanilla_univariate,1,fewer_than_two_validation_dates
SG_Carpark/15T,long,scope_selector_per_variate,scope_selector_per_variate,run_0,346,0,vanilla_univariate,1,vanilla_univariate,1,fewer_than_two_validation_dates
SG_Carpark/15T,long,scope_selector_per_variate,scope_selector_per_variate,run_0,347,0,vanilla_univariate,1,vanilla_univariate,1,fewer_than_two_validation_dates
SG_Carpark/15T,long,scope_selector_per_variate,scope_selector_per_variate,run_0,348,0,vanilla_univariate,1,vanilla_univariate,1,fewer_than_two_validation_dates
SG_Carpark/15T,long,scope_selector_per_variate,scope_selector_per_variate,run_0,349,0,vanilla_univariate,1,vanilla_univariate,1,fewer_than_two_validation_dates
SG_Carpark/15T,long,scope_selector_per_variate,scope_selector_per_variate,run_0,350,0,vanilla_univariate,1,vanilla_univariate,1,fewer_than_two_validation_dates
SG_Carpark/15T,long,scope_selector_per_variate,scope_selector_per_variate,run_0,351,0,vanilla_univariate,1,vanilla_univariate,1,fewer_than_two_validation_dates
SG_Carpark/15T,long,scope_selector_per_variate,scope_selector_per_variate,run_0,352,0,vanilla_univariate,1,vanilla_univariate,1,fewer_than_two_validation_dates
SG_Carpark/15T,long,scope_selector_per_variate,scope_selector_per_variate,run_0,353,0,vanilla_univariate,1,vanilla_univariate,1,fewer_than_two_validation_dates
Finland_Traffic/15T,short,scope_selector,scope_selector,run_1,,,vanilla_univariate,186,vanilla_univariate,6,
Finland_Traffic/15T,short,scope_selector_per_variate,scope_selector_per_variate,run_0,0,0,vanilla_univariate,186,vanilla_univariate,6,
Finland_Traffic/15T,medium,scope_selector,scope_selector,run_1,,,vanilla_univariate,31,vanilla_univariate,3,
Finland_Traffic/15T,medium,scope_selector_per_variate,scope_selector_per_variate,run_0,0,0,vanilla_univariate,31,vanilla_univariate,3,
Finland_Traffic/15T,long,scope_selector,scope_selector,run_1,,,vanilla_univariate,4,vanilla_multivariate,2,
Finland_Traffic/15T,long,scope_selector_per_variate,scope_selector_per_variate,run_0,0,0,vanilla_univariate,4,vanilla_multivariate,2,
Port_Activity/D,short,scope_selector,scope_selector,run_1,,,vanilla_multivariate,12,vanilla_multivariate,2,
Port_Activity/D,short,scope_selector_per_variate,scope_selector_per_variate,run_0,0,0,vanilla_univariate,12,vanilla_univariate,2,
Port_Activity/D,short,scope_selector_per_variate,scope_selector_per_variate,run_0,0,1,vanilla_multivariate,12,vanilla_multivariate,2,
Port_Activity/D,short,scope_selector_per_variate,scope_selector_per_variate,run_0,1,0,vanilla_univariate,12,vanilla_univariate,2,
Port_Activity/D,short,scope_selector_per_variate,scope_selector_per_variate,run_0,1,1,vanilla_multivariate,12,vanilla_multivariate,2,
Port_Activity/D,short,scope_selector_per_variate,scope_selector_per_variate,run_0,2,0,vanilla_univariate,12,vanilla_univariate,2,
Port_Activity/D,short,scope_selector_per_variate,scope_selector_per_variate,run_0,2,1,vanilla_multivariate,12,vanilla_multivariate,2,
Port_Activity/D,short,scope_selector_per_variate,scope_selector_per_variate,run_0,3,0,vanilla_univariate,12,vanilla_multivariate,2,
Port_Activity/D,short,scope_selector_per_variate,scope_selector_per_variate,run_0,3,1,vanilla_univariate,12,vanilla_univariate,2,
Port_Activity/D,short,scope_selector_per_variate,scope_selector_per_variate,run_0,4,0,vanilla_univariate,12,vanilla_univariate,2,
Port_Activity/D,short,scope_selector_per_variate,scope_selector_per_variate,run_0,4,1,vanilla_univariate,12,vanilla_univariate,2,
Port_Activity/D,short,scope_selector_per_variate,scope_selector_per_variate,run_0,5,0,vanilla_univariate,12,vanilla_multivariate,2,
Port_Activity/D,short,scope_selector_per_variate,scope_selector_per_variate,run_0,5,1,vanilla_univariate,12,vanilla_univariate,2,
Port_Activity/D,short,scope_selector_per_variate,scope_selector_per_variate,run_0,6,0,vanilla_univariate,12,vanilla_univariate,2,
Port_Activity/D,short,scope_selector_per_variate,scope_selector_per_variate,run_0,6,1,vanilla_multivariate,12,vanilla_multivariate,2,
Port_Activity/D,short,scope_selector_per_variate,scope_selector_per_variate,run_0,7,0,vanilla_univariate,12,vanilla_univariate,2,
Port_Activity/D,short,scope_selector_per_variate,scope_selector_per_variate,run_0,7,1,vanilla_univariate,12,vanilla_multivariate,2,
Port_Activity/D,short,scope_selector_per_variate,scope_selector_per_variate,run_0,8,0,vanilla_univariate,12,vanilla_univariate,2,
Port_Activity/D,short,scope_selector_per_variate,scope_selector_per_variate,run_0,8,1,vanilla_univariate,12,vanilla_multivariate,2,
Port_Activity/D,short,scope_selector_per_variate,scope_selector_per_variate,run_0,9,0,vanilla_univariate,12,vanilla_univariate,2,
Port_Activity/D,short,scope_selector_per_variate,scope_selector_per_variate,run_0,9,1,vanilla_univariate,12,vanilla_multivariate,2,
Port_Activity/D,short,scope_selector_per_variate,scope_selector_per_variate,run_0,10,0,vanilla_multivariate,12,vanilla_multivariate,2,
Port_Activity/D,short,scope_selector_per_variate,scope_selector_per_variate,run_0,10,1,vanilla_univariate,12,vanilla_multivariate,2,
Port_Activity/D,short,scope_selector_per_variate,scope_selector_per_variate,run_0,11,0,vanilla_univariate,12,vanilla_univariate,2,
Port_Activity/D,short,scope_selector_per_variate,scope_selector_per_variate,run_0,11,1,vanilla_univariate,12,vanilla_univariate,2,
Port_Activity/D,short,scope_selector_per_variate,scope_selector_per_variate,run_0,12,0,vanilla_univariate,12,vanilla_multivariate,2,
Port_Activity/D,short,scope_selector_per_variate,scope_selector_per_variate,run_0,12,1,vanilla_multivariate,12,vanilla_multivariate,2,
Port_Activity/D,short,scope_selector_per_variate,scope_selector_per_variate,run_0,13,0,vanilla_univariate,12,vanilla_multivariate,2,
Port_Activity/D,short,scope_selector_per_variate,scope_selector_per_variate,run_0,13,1,vanilla_univariate,12,vanilla_univariate,2,
Port_Activity/D,short,scope_selector_per_variate,scope_selector_per_variate,run_0,14,0,vanilla_univariate,12,vanilla_multivariate,2,
Port_Activity/D,short,scope_selector_per_variate,scope_selector_per_variate,run_0,14,1,vanilla_multivariate,12,vanilla_multivariate,2,
Port_Activity/D,short,scope_selector_per_variate,scope_selector_per_variate,run_0,15,0,vanilla_univariate,12,vanilla_multivariate,2,
Port_Activity/D,short,scope_selector_per_variate,scope_selector_per_variate,run_0,15,1,vanilla_multivariate,12,vanilla_multivariate,2,
Port_Activity/D,short,scope_selector_per_variate,scope_selector_per_variate,run_0,16,0,vanilla_univariate,12,vanilla_univariate,2,
Port_Activity/D,short,scope_selector_per_variate,scope_selector_per_variate,run_0,16,1,vanilla_univariate,12,vanilla_multivariate,2,
Port_Activity/D,short,scope_selector_per_variate,scope_selector_per_variate,run_0,17,0,vanilla_univariate,12,vanilla_univariate,2,
Port_Activity/D,short,scope_selector_per_variate,scope_selector_per_variate,run_0,17,1,vanilla_univariate,12,vanilla_multivariate,2,
Port_Activity/D,short,scope_selector_per_variate,scope_selector_per_variate,run_0,18,0,vanilla_multivariate,12,vanilla_multivariate,2,
Port_Activity/D,short,scope_selector_per_variate,scope_selector_per_variate,run_0,18,1,vanilla_univariate,12,vanilla_multivariate,2,
Port_Activity/D,short,scope_selector_per_variate,scope_selector_per_variate,run_0,19,0,vanilla_multivariate,12,vanilla_multivariate,2,
Port_Activity/D,short,scope_selector_per_variate,scope_selector_per_variate,run_0,19,1,vanilla_univariate,12,vanilla_univariate,2,
Port_Activity/D,short,scope_selector_per_variate,scope_selector_per_variate,run_0,20,0,vanilla_multivariate,12,vanilla_multivariate,2,
Port_Activity/D,short,scope_selector_per_variate,scope_selector_per_variate,run_0,20,1,vanilla_multivariate,12,vanilla_multivariate,2,
Port_Activity/D,short,scope_selector_per_variate,scope_selector_per_variate,run_0,21,0,vanilla_univariate,12,vanilla_univariate,2,
Port_Activity/D,short,scope_selector_per_variate,scope_selector_per_variate,run_0,21,1,vanilla_multivariate,12,vanilla_multivariate,2,
Port_Activity/D,short,scope_selector_per_variate,scope_selector_per_variate,run_0,22,0,vanilla_univariate,12,vanilla_multivariate,2,
Port_Activity/D,short,scope_selector_per_variate,scope_selector_per_variate,run_0,22,1,vanilla_multivariate,12,vanilla_multivariate,2,
Port_Activity/D,short,scope_selector_per_variate,scope_selector_per_variate,run_0,23,0,vanilla_univariate,12,vanilla_univariate,2,
Port_Activity/D,short,scope_selector_per_variate,scope_selector_per_variate,run_0,23,1,vanilla_univariate,12,vanilla_univariate,2,
Port_Activity/D,short,scope_selector_per_variate,scope_selector_per_variate,run_0,24,0,vanilla_univariate,12,vanilla_multivariate,2,
Port_Activity/D,short,scope_selector_per_variate,scope_selector_per_variate,run_0,24,1,vanilla_multivariate,12,vanilla_multivariate,2,
Port_Activity/D,short,scope_selector_per_variate,scope_selector_per_variate,run_0,25,0,vanilla_univariate,12,vanilla_univariate,2,
Port_Activity/D,short,scope_selector_per_variate,scope_selector_per_variate,run_0,25,1,vanilla_univariate,12,vanilla_multivariate,2,
Port_Activity/D,short,scope_selector_per_variate,scope_selector_per_variate,run_0,26,0,vanilla_multivariate,12,vanilla_multivariate,2,
Port_Activity/D,short,scope_selector_per_variate,scope_selector_per_variate,run_0,26,1,vanilla_univariate,12,vanilla_univariate,2,
Port_Activity/D,short,scope_selector_per_variate,scope_selector_per_variate,run_0,27,0,vanilla_univariate,12,vanilla_univariate,2,
Port_Activity/D,short,scope_selector_per_variate,scope_selector_per_variate,run_0,27,1,vanilla_univariate,12,vanilla_univariate,2,
Port_Activity/D,short,scope_selector_per_variate,scope_selector_per_variate,run_0,28,0,vanilla_multivariate,12,vanilla_multivariate,2,
Port_Activity/D,short,scope_selector_per_variate,scope_selector_per_variate,run_0,28,1,vanilla_univariate,12,vanilla_multivariate,2,
Port_Activity/D,short,scope_selector_per_variate,scope_selector_per_variate,run_0,29,0,vanilla_univariate,12,vanilla_univariate,2,
Port_Activity/D,short,scope_selector_per_variate,scope_selector_per_variate,run_0,29,1,vanilla_multivariate,12,vanilla_multivariate,2,
Port_Activity/D,short,scope_selector_per_variate,scope_selector_per_variate,run_0,30,0,vanilla_multivariate,12,vanilla_multivariate,2,
Port_Activity/D,short,scope_selector_per_variate,scope_selector_per_variate,run_0,30,1,vanilla_multivariate,12,vanilla_multivariate,2,
Port_Activity/D,short,scope_selector_per_variate,scope_selector_per_variate,run_0,31,0,vanilla_multivariate,12,vanilla_multivariate,2,
Port_Activity/D,short,scope_selector_per_variate,scope_selector_per_variate,run_0,31,1,vanilla_univariate,12,vanilla_univariate,2,
Port_Activity/D,short,scope_selector_per_variate,scope_selector_per_variate,run_0,32,0,vanilla_univariate,12,vanilla_multivariate,2,
Port_Activity/D,short,scope_selector_per_variate,scope_selector_per_variate,run_0,32,1,vanilla_multivariate,12,vanilla_multivariate,2,
Port_Activity/D,short,scope_selector_per_variate,scope_selector_per_variate,run_0,33,0,vanilla_univariate,12,vanilla_univariate,2,
Port_Activity/D,short,scope_selector_per_variate,scope_selector_per_variate,run_0,33,1,vanilla_univariate,12,vanilla_univariate,2,
Port_Activity/D,short,scope_selector_per_variate,scope_selector_per_variate,run_0,34,0,vanilla_univariate,12,vanilla_multivariate,2,
Port_Activity/D,short,scope_selector_per_variate,scope_selector_per_variate,run_0,34,1,vanilla_univariate,12,vanilla_univariate,2,
Port_Activity/D,short,scope_selector_per_variate,scope_selector_per_variate,run_0,35,0,vanilla_multivariate,12,vanilla_multivariate,2,
Port_Activity/D,short,scope_selector_per_variate,scope_selector_per_variate,run_0,35,1,vanilla_univariate,12,vanilla_univariate,2,
Port_Activity/D,short,scope_selector_per_variate,scope_selector_per_variate,run_0,36,0,vanilla_univariate,12,vanilla_univariate,2,
Port_Activity/D,short,scope_selector_per_variate,scope_selector_per_variate,run_0,36,1,vanilla_univariate,12,vanilla_univariate,2,
Port_Activity/D,short,scope_selector_per_variate,scope_selector_per_variate,run_0,37,0,vanilla_univariate,12,vanilla_univariate,2,
Port_Activity/D,short,scope_selector_per_variate,scope_selector_per_variate,run_0,37,1,vanilla_univariate,12,vanilla_multivariate,2,
Port_Activity/D,short,scope_selector_per_variate,scope_selector_per_variate,run_0,38,0,vanilla_univariate,12,vanilla_univariate,2,
Port_Activity/D,short,scope_selector_per_variate,scope_selector_per_variate,run_0,38,1,vanilla_univariate,12,vanilla_multivariate,2,
Port_Activity/D,short,scope_selector_per_variate,scope_selector_per_variate,run_0,39,0,vanilla_univariate,12,vanilla_univariate,2,
Port_Activity/D,short,scope_selector_per_variate,scope_selector_per_variate,run_0,39,1,vanilla_univariate,12,vanilla_univariate,2,
Port_Activity/D,short,scope_selector_per_variate,scope_selector_per_variate,run_0,40,0,vanilla_univariate,12,vanilla_multivariate,2,
Port_Activity/D,short,scope_selector_per_variate,scope_selector_per_variate,run_0,40,1,vanilla_multivariate,12,vanilla_multivariate,2,
Port_Activity/D,short,scope_selector_per_variate,scope_selector_per_variate,run_0,41,0,vanilla_univariate,12,vanilla_multivariate,2,
Port_Activity/D,short,scope_selector_per_variate,scope_selector_per_variate,run_0,41,1,vanilla_multivariate,12,vanilla_multivariate,2,
Port_Activity/D,short,scope_selector_per_variate,scope_selector_per_variate,run_0,42,0,vanilla_univariate,12,vanilla_univariate,2,
Port_Activity/D,short,scope_selector_per_variate,scope_selector_per_variate,run_0,42,1,vanilla_multivariate,12,vanilla_multivariate,2,
Port_Activity/D,short,scope_selector_per_variate,scope_selector_per_variate,run_0,43,0,vanilla_univariate,12,vanilla_univariate,2,
Port_Activity/D,short,scope_selector_per_variate,scope_selector_per_variate,run_0,43,1,vanilla_univariate,12,vanilla_univariate,2,
Port_Activity/D,short,scope_selector_per_variate,scope_selector_per_variate,run_0,44,0,vanilla_univariate,12,vanilla_univariate,2,
Port_Activity/D,short,scope_selector_per_variate,scope_selector_per_variate,run_0,44,1,vanilla_univariate,12,vanilla_univariate,2,
Port_Activity/D,short,scope_selector_per_variate,scope_selector_per_variate,run_0,45,0,vanilla_multivariate,12,vanilla_multivariate,2,
Port_Activity/D,short,scope_selector_per_variate,scope_selector_per_variate,run_0,45,1,vanilla_univariate,12,vanilla_univariate,2,
Port_Activity/D,short,scope_selector_per_variate,scope_selector_per_variate,run_0,46,0,vanilla_multivariate,12,vanilla_multivariate,2,
Port_Activity/D,short,scope_selector_per_variate,scope_selector_per_variate,run_0,46,1,vanilla_univariate,12,vanilla_univariate,2,
Port_Activity/D,short,scope_selector_per_variate,scope_selector_per_variate,run_0,47,0,vanilla_multivariate,12,vanilla_multivariate,2,
Port_Activity/D,short,scope_selector_per_variate,scope_selector_per_variate,run_0,47,1,vanilla_univariate,12,vanilla_univariate,2,
Port_Activity/D,short,scope_selector_per_variate,scope_selector_per_variate,run_0,48,0,vanilla_univariate,12,vanilla_univariate,2,
Port_Activity/D,short,scope_selector_per_variate,scope_selector_per_variate,run_0,48,1,vanilla_univariate,12,vanilla_univariate,2,
Port_Activity/D,short,scope_selector_per_variate,scope_selector_per_variate,run_0,49,0,vanilla_univariate,12,vanilla_multivariate,2,
Port_Activity/D,short,scope_selector_per_variate,scope_selector_per_variate,run_0,49,1,vanilla_univariate,12,vanilla_univariate,2,
Port_Activity/D,short,scope_selector_per_variate,scope_selector_per_variate,run_0,50,0,vanilla_multivariate,12,vanilla_multivariate,2,
Port_Activity/D,short,scope_selector_per_variate,scope_selector_per_variate,run_0,50,1,vanilla_univariate,12,vanilla_univariate,2,
Port_Activity/D,short,scope_selector_per_variate,scope_selector_per_variate,run_0,51,0,vanilla_univariate,12,vanilla_multivariate,2,
Port_Activity/D,short,scope_selector_per_variate,scope_selector_per_variate,run_0,51,1,vanilla_multivariate,12,vanilla_multivariate,2,
Port_Activity/D,short,scope_selector_per_variate,scope_selector_per_variate,run_0,52,0,vanilla_multivariate,12,vanilla_multivariate,2,
Port_Activity/D,short,scope_selector_per_variate,scope_selector_per_variate,run_0,52,1,vanilla_univariate,12,vanilla_univariate,2,
Port_Activity/D,short,scope_selector_per_variate,scope_selector_per_variate,run_0,53,0,vanilla_univariate,12,vanilla_univariate,2,
Port_Activity/D,short,scope_selector_per_variate,scope_selector_per_variate,run_0,53,1,vanilla_univariate,12,vanilla_univariate,2,
Port_Activity/D,short,scope_selector_per_variate,scope_selector_per_variate,run_0,54,0,vanilla_univariate,12,vanilla_univariate,2,
Port_Activity/D,short,scope_selector_per_variate,scope_selector_per_variate,run_0,54,1,vanilla_univariate,12,vanilla_univariate,2,
Port_Activity/D,short,scope_selector_per_variate,scope_selector_per_variate,run_0,55,0,vanilla_multivariate,12,vanilla_multivariate,2,
Port_Activity/D,short,scope_selector_per_variate,scope_selector_per_variate,run_0,55,1,vanilla_multivariate,12,vanilla_multivariate,2,
Port_Activity/D,short,scope_selector_per_variate,scope_selector_per_variate,run_0,56,0,vanilla_multivariate,12,vanilla_multivariate,2,
Port_Activity/D,short,scope_selector_per_variate,scope_selector_per_variate,run_0,56,1,vanilla_univariate,12,vanilla_multivariate,2,
Port_Activity/D,short,scope_selector_per_variate,scope_selector_per_variate,run_0,57,0,vanilla_univariate,12,vanilla_univariate,2,
Port_Activity/D,short,scope_selector_per_variate,scope_selector_per_variate,run_0,57,1,vanilla_multivariate,12,vanilla_multivariate,2,
Port_Activity/D,short,scope_selector_per_variate,scope_selector_per_variate,run_0,58,0,vanilla_univariate,12,vanilla_multivariate,2,
Port_Activity/D,short,scope_selector_per_variate,scope_selector_per_variate,run_0,58,1,vanilla_univariate,12,vanilla_univariate,2,
Port_Activity/D,short,scope_selector_per_variate,scope_selector_per_variate,run_0,59,0,vanilla_univariate,12,vanilla_univariate,2,
Port_Activity/D,short,scope_selector_per_variate,scope_selector_per_variate,run_0,59,1,vanilla_univariate,12,vanilla_univariate,2,
Port_Activity/D,short,scope_selector_per_variate,scope_selector_per_variate,run_0,60,0,vanilla_univariate,12,vanilla_univariate,2,
Port_Activity/D,short,scope_selector_per_variate,scope_selector_per_variate,run_0,60,1,vanilla_univariate,12,vanilla_univariate,2,
Port_Activity/D,short,scope_selector_per_variate,scope_selector_per_variate,run_0,61,0,vanilla_multivariate,12,vanilla_multivariate,2,
Port_Activity/D,short,scope_selector_per_variate,scope_selector_per_variate,run_0,61,1,vanilla_multivariate,12,vanilla_multivariate,2,
Port_Activity/D,short,scope_selector_per_variate,scope_selector_per_variate,run_0,62,0,vanilla_univariate,12,vanilla_univariate,2,
Port_Activity/D,short,scope_selector_per_variate,scope_selector_per_variate,run_0,62,1,vanilla_univariate,12,vanilla_univariate,2,
Port_Activity/D,short,scope_selector_per_variate,scope_selector_per_variate,run_0,63,0,vanilla_multivariate,12,vanilla_multivariate,2,
Port_Activity/D,short,scope_selector_per_variate,scope_selector_per_variate,run_0,63,1,vanilla_univariate,12,vanilla_multivariate,2,
Port_Activity/D,short,scope_selector_per_variate,scope_selector_per_variate,run_0,64,0,vanilla_univariate,12,vanilla_univariate,2,
Port_Activity/D,short,scope_selector_per_variate,scope_selector_per_variate,run_0,64,1,vanilla_univariate,12,vanilla_univariate,2,
Port_Activity/D,short,scope_selector_per_variate,scope_selector_per_variate,run_0,65,0,vanilla_multivariate,12,vanilla_multivariate,2,
Port_Activity/D,short,scope_selector_per_variate,scope_selector_per_variate,run_0,65,1,vanilla_univariate,12,vanilla_univariate,2,
Port_Activity/D,short,scope_selector_per_variate,scope_selector_per_variate,run_0,66,0,vanilla_univariate,12,vanilla_univariate,2,
Port_Activity/D,short,scope_selector_per_variate,scope_selector_per_variate,run_0,66,1,vanilla_univariate,12,vanilla_univariate,2,
Port_Activity/D,short,scope_selector_per_variate,scope_selector_per_variate,run_0,67,0,vanilla_multivariate,12,vanilla_multivariate,2,
Port_Activity/D,short,scope_selector_per_variate,scope_selector_per_variate,run_0,67,1,vanilla_univariate,12,vanilla_multivariate,2,
Port_Activity/D,short,scope_selector_per_variate,scope_selector_per_variate,run_0,68,0,vanilla_multivariate,12,vanilla_multivariate,2,
Port_Activity/D,short,scope_selector_per_variate,scope_selector_per_variate,run_0,68,1,vanilla_multivariate,12,vanilla_multivariate,2,
Port_Activity/D,short,scope_selector_per_variate,scope_selector_per_variate,run_0,69,0,vanilla_univariate,12,vanilla_univariate,2,
Port_Activity/D,short,scope_selector_per_variate,scope_selector_per_variate,run_0,69,1,vanilla_univariate,12,vanilla_univariate,2,
Port_Activity/D,short,scope_selector_per_variate,scope_selector_per_variate,run_0,70,0,vanilla_univariate,12,vanilla_univariate,2,
Port_Activity/D,short,scope_selector_per_variate,scope_selector_per_variate,run_0,70,1,vanilla_univariate,12,vanilla_multivariate,2,
Port_Activity/D,short,scope_selector_per_variate,scope_selector_per_variate,run_0,71,0,vanilla_multivariate,12,vanilla_multivariate,2,
Port_Activity/D,short,scope_selector_per_variate,scope_selector_per_variate,run_0,71,1,vanilla_univariate,12,vanilla_univariate,2,
Port_Activity/D,short,scope_selector_per_variate,scope_selector_per_variate,run_0,72,0,vanilla_univariate,12,vanilla_univariate,2,
Port_Activity/D,short,scope_selector_per_variate,scope_selector_per_variate,run_0,72,1,vanilla_univariate,12,vanilla_multivariate,2,
Port_Activity/D,short,scope_selector_per_variate,scope_selector_per_variate,run_0,73,0,vanilla_univariate,12,vanilla_multivariate,2,
Port_Activity/D,short,scope_selector_per_variate,scope_selector_per_variate,run_0,73,1,vanilla_univariate,12,vanilla_multivariate,2,
Port_Activity/D,short,scope_selector_per_variate,scope_selector_per_variate,run_0,74,0,vanilla_univariate,12,vanilla_univariate,2,
Port_Activity/D,short,scope_selector_per_variate,scope_selector_per_variate,run_0,74,1,vanilla_multivariate,12,vanilla_multivariate,2,
Port_Activity/D,short,scope_selector_per_variate,scope_selector_per_variate,run_0,75,0,vanilla_univariate,12,vanilla_multivariate,2,
Port_Activity/D,short,scope_selector_per_variate,scope_selector_per_variate,run_0,75,1,vanilla_multivariate,12,vanilla_multivariate,2,
Port_Activity/D,short,scope_selector_per_variate,scope_selector_per_variate,run_0,76,0,vanilla_univariate,12,vanilla_multivariate,2,
Port_Activity/D,short,scope_selector_per_variate,scope_selector_per_variate,run_0,76,1,vanilla_univariate,12,vanilla_univariate,2,
Port_Activity/D,short,scope_selector_per_variate,scope_selector_per_variate,run_0,77,0,vanilla_univariate,12,vanilla_multivariate,2,
Port_Activity/D,short,scope_selector_per_variate,scope_selector_per_variate,run_0,77,1,vanilla_univariate,12,vanilla_univariate,2,
Port_Activity/D,short,scope_selector_per_variate,scope_selector_per_variate,run_0,78,0,vanilla_univariate,12,vanilla_multivariate,2,
Port_Activity/D,short,scope_selector_per_variate,scope_selector_per_variate,run_0,78,1,vanilla_univariate,12,vanilla_univariate,2,
Port_Activity/D,short,scope_selector_per_variate,scope_selector_per_variate,run_0,79,0,vanilla_univariate,12,vanilla_univariate,2,
Port_Activity/D,short,scope_selector_per_variate,scope_selector_per_variate,run_0,79,1,vanilla_univariate,12,vanilla_multivariate,2,
Port_Activity/D,short,scope_selector_per_variate,scope_selector_per_variate,run_0,80,0,vanilla_univariate,12,vanilla_univariate,2,
Port_Activity/D,short,scope_selector_per_variate,scope_selector_per_variate,run_0,80,1,vanilla_multivariate,12,vanilla_multivariate,2,
Port_Activity/D,short,scope_selector_per_variate,scope_selector_per_variate,run_0,81,0,vanilla_univariate,12,vanilla_univariate,2,
Port_Activity/D,short,scope_selector_per_variate,scope_selector_per_variate,run_0,81,1,vanilla_univariate,12,vanilla_univariate,2,
Port_Activity/D,short,scope_selector_per_variate,scope_selector_per_variate,run_0,82,0,vanilla_univariate,12,vanilla_univariate,2,
Port_Activity/D,short,scope_selector_per_variate,scope_selector_per_variate,run_0,82,1,vanilla_multivariate,12,vanilla_multivariate,2,
Port_Activity/D,short,scope_selector_per_variate,scope_selector_per_variate,run_0,83,0,vanilla_multivariate,12,vanilla_multivariate,2,
Port_Activity/D,short,scope_selector_per_variate,scope_selector_per_variate,run_0,83,1,vanilla_multivariate,12,vanilla_multivariate,2,
Port_Activity/D,short,scope_selector_per_variate,scope_selector_per_variate,run_0,84,0,vanilla_univariate,12,vanilla_multivariate,2,
Port_Activity/D,short,scope_selector_per_variate,scope_selector_per_variate,run_0,84,1,vanilla_univariate,12,vanilla_univariate,2,
Port_Activity/D,short,scope_selector_per_variate,scope_selector_per_variate,run_0,85,0,vanilla_multivariate,12,vanilla_multivariate,2,
Port_Activity/D,short,scope_selector_per_variate,scope_selector_per_variate,run_0,85,1,vanilla_univariate,12,vanilla_multivariate,2,
Port_Activity/D,short,scope_selector_per_variate,scope_selector_per_variate,run_0,86,0,vanilla_univariate,12,vanilla_univariate,2,
Port_Activity/D,short,scope_selector_per_variate,scope_selector_per_variate,run_0,86,1,vanilla_multivariate,12,vanilla_multivariate,2,
Port_Activity/D,short,scope_selector_per_variate,scope_selector_per_variate,run_0,87,0,vanilla_univariate,12,vanilla_univariate,2,
Port_Activity/D,short,scope_selector_per_variate,scope_selector_per_variate,run_0,87,1,vanilla_multivariate,12,vanilla_multivariate,2,
Port_Activity/D,short,scope_selector_per_variate,scope_selector_per_variate,run_0,88,0,vanilla_univariate,12,vanilla_univariate,2,
Port_Activity/D,short,scope_selector_per_variate,scope_selector_per_variate,run_0,88,1,vanilla_univariate,12,vanilla_univariate,2,
Port_Activity/D,short,scope_selector_per_variate,scope_selector_per_variate,run_0,89,0,vanilla_univariate,12,vanilla_multivariate,2,
Port_Activity/D,short,scope_selector_per_variate,scope_selector_per_variate,run_0,89,1,vanilla_univariate,12,vanilla_univariate,2,
Port_Activity/D,short,scope_selector_per_variate,scope_selector_per_variate,run_0,90,0,vanilla_univariate,12,vanilla_multivariate,2,
Port_Activity/D,short,scope_selector_per_variate,scope_selector_per_variate,run_0,90,1,vanilla_multivariate,12,vanilla_multivariate,2,
Port_Activity/D,short,scope_selector_per_variate,scope_selector_per_variate,run_0,91,0,vanilla_multivariate,12,vanilla_multivariate,2,
Port_Activity/D,short,scope_selector_per_variate,scope_selector_per_variate,run_0,91,1,vanilla_univariate,12,vanilla_univariate,2,
Port_Activity/D,short,scope_selector_per_variate,scope_selector_per_variate,run_0,92,0,vanilla_univariate,12,vanilla_univariate,2,
Port_Activity/D,short,scope_selector_per_variate,scope_selector_per_variate,run_0,92,1,vanilla_univariate,12,vanilla_univariate,2,
Port_Activity/D,short,scope_selector_per_variate,scope_selector_per_variate,run_0,93,0,vanilla_multivariate,12,vanilla_multivariate,2,
Port_Activity/D,short,scope_selector_per_variate,scope_selector_per_variate,run_0,93,1,vanilla_multivariate,12,vanilla_multivariate,2,
Port_Activity/D,short,scope_selector_per_variate,scope_selector_per_variate,run_0,94,0,vanilla_univariate,12,vanilla_univariate,2,
Port_Activity/D,short,scope_selector_per_variate,scope_selector_per_variate,run_0,94,1,vanilla_multivariate,12,vanilla_multivariate,2,
Port_Activity/D,short,scope_selector_per_variate,scope_selector_per_variate,run_0,95,0,vanilla_univariate,12,vanilla_univariate,2,
Port_Activity/D,short,scope_selector_per_variate,scope_selector_per_variate,run_0,95,1,vanilla_univariate,12,vanilla_univariate,2,
Port_Activity/D,short,scope_selector_per_variate,scope_selector_per_variate,run_0,96,0,vanilla_univariate,12,vanilla_multivariate,2,
Port_Activity/D,short,scope_selector_per_variate,scope_selector_per_variate,run_0,96,1,vanilla_univariate,12,vanilla_univariate,2,
Port_Activity/D,short,scope_selector_per_variate,scope_selector_per_variate,run_0,97,0,vanilla_multivariate,12,vanilla_multivariate,2,
Port_Activity/D,short,scope_selector_per_variate,scope_selector_per_variate,run_0,97,1,vanilla_multivariate,12,vanilla_multivariate,2,
Port_Activity/D,short,scope_selector_per_variate,scope_selector_per_variate,run_0,98,0,vanilla_univariate,12,vanilla_univariate,2,
Port_Activity/D,short,scope_selector_per_variate,scope_selector_per_variate,run_0,98,1,vanilla_univariate,12,vanilla_univariate,2,
Port_Activity/W,short,scope_selector,scope_selector,run_1,,,vanilla_multivariate,4,vanilla_multivariate,2,
Port_Activity/W,short,scope_selector_per_variate,scope_selector_per_variate,run_0,0,0,vanilla_univariate,4,vanilla_univariate,2,
Port_Activity/W,short,scope_selector_per_variate,scope_selector_per_variate,run_0,0,1,vanilla_univariate,4,vanilla_univariate,2,
Port_Activity/W,short,scope_selector_per_variate,scope_selector_per_variate,run_0,1,0,vanilla_univariate,4,vanilla_univariate,2,
Port_Activity/W,short,scope_selector_per_variate,scope_selector_per_variate,run_0,1,1,vanilla_univariate,4,vanilla_univariate,2,
Port_Activity/W,short,scope_selector_per_variate,scope_selector_per_variate,run_0,2,0,vanilla_univariate,4,vanilla_univariate,2,
Port_Activity/W,short,scope_selector_per_variate,scope_selector_per_variate,run_0,2,1,vanilla_univariate,4,vanilla_univariate,2,
Port_Activity/W,short,scope_selector_per_variate,scope_selector_per_variate,run_0,3,0,vanilla_multivariate,4,vanilla_multivariate,2,
Port_Activity/W,short,scope_selector_per_variate,scope_selector_per_variate,run_0,3,1,vanilla_multivariate,4,vanilla_multivariate,2,
Port_Activity/W,short,scope_selector_per_variate,scope_selector_per_variate,run_0,4,0,vanilla_univariate,4,vanilla_univariate,2,
Port_Activity/W,short,scope_selector_per_variate,scope_selector_per_variate,run_0,4,1,vanilla_multivariate,4,vanilla_multivariate,2,
Port_Activity/W,short,scope_selector_per_variate,scope_selector_per_variate,run_0,5,0,vanilla_univariate,4,vanilla_univariate,2,
Port_Activity/W,short,scope_selector_per_variate,scope_selector_per_variate,run_0,5,1,vanilla_univariate,4,vanilla_univariate,2,
Port_Activity/W,short,scope_selector_per_variate,scope_selector_per_variate,run_0,6,0,vanilla_multivariate,4,vanilla_multivariate,2,
Port_Activity/W,short,scope_selector_per_variate,scope_selector_per_variate,run_0,6,1,vanilla_multivariate,4,vanilla_multivariate,2,
Port_Activity/W,short,scope_selector_per_variate,scope_selector_per_variate,run_0,7,0,vanilla_univariate,4,vanilla_univariate,2,
Port_Activity/W,short,scope_selector_per_variate,scope_selector_per_variate,run_0,7,1,vanilla_univariate,4,vanilla_univariate,2,
Port_Activity/W,short,scope_selector_per_variate,scope_selector_per_variate,run_0,8,0,vanilla_univariate,4,vanilla_univariate,2,
Port_Activity/W,short,scope_selector_per_variate,scope_selector_per_variate,run_0,8,1,vanilla_univariate,4,vanilla_multivariate,2,
Port_Activity/W,short,scope_selector_per_variate,scope_selector_per_variate,run_0,9,0,vanilla_univariate,4,vanilla_multivariate,2,
Port_Activity/W,short,scope_selector_per_variate,scope_selector_per_variate,run_0,9,1,vanilla_multivariate,4,vanilla_multivariate,2,
Port_Activity/W,short,scope_selector_per_variate,scope_selector_per_variate,run_0,10,0,vanilla_multivariate,4,vanilla_multivariate,2,
Port_Activity/W,short,scope_selector_per_variate,scope_selector_per_variate,run_0,10,1,vanilla_univariate,4,vanilla_multivariate,2,
Port_Activity/W,short,scope_selector_per_variate,scope_selector_per_variate,run_0,11,0,vanilla_multivariate,4,vanilla_multivariate,2,
Port_Activity/W,short,scope_selector_per_variate,scope_selector_per_variate,run_0,11,1,vanilla_univariate,4,vanilla_univariate,2,
Port_Activity/W,short,scope_selector_per_variate,scope_selector_per_variate,run_0,12,0,vanilla_multivariate,4,vanilla_multivariate,2,
Port_Activity/W,short,scope_selector_per_variate,scope_selector_per_variate,run_0,12,1,vanilla_multivariate,4,vanilla_multivariate,2,
Port_Activity/W,short,scope_selector_per_variate,scope_selector_per_variate,run_0,13,0,vanilla_multivariate,4,vanilla_multivariate,2,
Port_Activity/W,short,scope_selector_per_variate,scope_selector_per_variate,run_0,13,1,vanilla_multivariate,4,vanilla_multivariate,2,
Port_Activity/W,short,scope_selector_per_variate,scope_selector_per_variate,run_0,14,0,vanilla_multivariate,4,vanilla_multivariate,2,
Port_Activity/W,short,scope_selector_per_variate,scope_selector_per_variate,run_0,14,1,vanilla_multivariate,4,vanilla_multivariate,2,
Port_Activity/W,short,scope_selector_per_variate,scope_selector_per_variate,run_0,15,0,vanilla_multivariate,4,vanilla_multivariate,2,
Port_Activity/W,short,scope_selector_per_variate,scope_selector_per_variate,run_0,15,1,vanilla_univariate,4,vanilla_multivariate,2,
Port_Activity/W,short,scope_selector_per_variate,scope_selector_per_variate,run_0,16,0,vanilla_multivariate,4,vanilla_multivariate,2,
Port_Activity/W,short,scope_selector_per_variate,scope_selector_per_variate,run_0,16,1,vanilla_multivariate,4,vanilla_multivariate,2,
Port_Activity/W,short,scope_selector_per_variate,scope_selector_per_variate,run_0,17,0,vanilla_multivariate,4,vanilla_multivariate,2,
Port_Activity/W,short,scope_selector_per_variate,scope_selector_per_variate,run_0,17,1,vanilla_univariate,4,vanilla_univariate,2,
Port_Activity/W,short,scope_selector_per_variate,scope_selector_per_variate,run_0,18,0,vanilla_univariate,4,vanilla_multivariate,2,
Port_Activity/W,short,scope_selector_per_variate,scope_selector_per_variate,run_0,18,1,vanilla_univariate,4,vanilla_multivariate,2,
Port_Activity/W,short,scope_selector_per_variate,scope_selector_per_variate,run_0,19,0,vanilla_multivariate,4,vanilla_multivariate,2,
Port_Activity/W,short,scope_selector_per_variate,scope_selector_per_variate,run_0,19,1,vanilla_univariate,4,vanilla_univariate,2,
Port_Activity/W,short,scope_selector_per_variate,scope_selector_per_variate,run_0,20,0,vanilla_multivariate,4,vanilla_multivariate,2,
Port_Activity/W,short,scope_selector_per_variate,scope_selector_per_variate,run_0,20,1,vanilla_univariate,4,vanilla_univariate,2,
Port_Activity/W,short,scope_selector_per_variate,scope_selector_per_variate,run_0,21,0,vanilla_multivariate,4,vanilla_multivariate,2,
Port_Activity/W,short,scope_selector_per_variate,scope_selector_per_variate,run_0,21,1,vanilla_multivariate,4,vanilla_multivariate,2,
Port_Activity/W,short,scope_selector_per_variate,scope_selector_per_variate,run_0,22,0,vanilla_univariate,4,vanilla_univariate,2,
Port_Activity/W,short,scope_selector_per_variate,scope_selector_per_variate,run_0,22,1,vanilla_multivariate,4,vanilla_multivariate,2,
Port_Activity/W,short,scope_selector_per_variate,scope_selector_per_variate,run_0,23,0,vanilla_univariate,4,vanilla_univariate,2,
Port_Activity/W,short,scope_selector_per_variate,scope_selector_per_variate,run_0,23,1,vanilla_univariate,4,vanilla_multivariate,2,
Port_Activity/W,short,scope_selector_per_variate,scope_selector_per_variate,run_0,24,0,vanilla_multivariate,4,vanilla_multivariate,2,
Port_Activity/W,short,scope_selector_per_variate,scope_selector_per_variate,run_0,24,1,vanilla_multivariate,4,vanilla_multivariate,2,
Port_Activity/W,short,scope_selector_per_variate,scope_selector_per_variate,run_0,25,0,vanilla_univariate,4,vanilla_univariate,2,
Port_Activity/W,short,scope_selector_per_variate,scope_selector_per_variate,run_0,25,1,vanilla_univariate,4,vanilla_univariate,2,
Port_Activity/W,short,scope_selector_per_variate,scope_selector_per_variate,run_0,26,0,vanilla_univariate,4,vanilla_univariate,2,
Port_Activity/W,short,scope_selector_per_variate,scope_selector_per_variate,run_0,26,1,vanilla_univariate,4,vanilla_univariate,2,
Port_Activity/W,short,scope_selector_per_variate,scope_selector_per_variate,run_0,27,0,vanilla_multivariate,4,vanilla_multivariate,2,
Port_Activity/W,short,scope_selector_per_variate,scope_selector_per_variate,run_0,27,1,vanilla_univariate,4,vanilla_univariate,2,
Port_Activity/W,short,scope_selector_per_variate,scope_selector_per_variate,run_0,28,0,vanilla_univariate,4,vanilla_univariate,2,
Port_Activity/W,short,scope_selector_per_variate,scope_selector_per_variate,run_0,28,1,vanilla_univariate,4,vanilla_univariate,2,
Port_Activity/W,short,scope_selector_per_variate,scope_selector_per_variate,run_0,29,0,vanilla_univariate,4,vanilla_multivariate,2,
Port_Activity/W,short,scope_selector_per_variate,scope_selector_per_variate,run_0,29,1,vanilla_multivariate,4,vanilla_multivariate,2,
Port_Activity/W,short,scope_selector_per_variate,scope_selector_per_variate,run_0,30,0,vanilla_univariate,4,vanilla_multivariate,2,
Port_Activity/W,short,scope_selector_per_variate,scope_selector_per_variate,run_0,30,1,vanilla_univariate,4,vanilla_univariate,2,
Port_Activity/W,short,scope_selector_per_variate,scope_selector_per_variate,run_0,31,0,vanilla_univariate,4,vanilla_univariate,2,
Port_Activity/W,short,scope_selector_per_variate,scope_selector_per_variate,run_0,31,1,vanilla_univariate,4,vanilla_univariate,2,
Port_Activity/W,short,scope_selector_per_variate,scope_selector_per_variate,run_0,32,0,vanilla_univariate,4,vanilla_univariate,2,
Port_Activity/W,short,scope_selector_per_variate,scope_selector_per_variate,run_0,32,1,vanilla_multivariate,4,vanilla_multivariate,2,
Port_Activity/W,short,scope_selector_per_variate,scope_selector_per_variate,run_0,33,0,vanilla_univariate,4,vanilla_univariate,2,
Port_Activity/W,short,scope_selector_per_variate,scope_selector_per_variate,run_0,33,1,vanilla_univariate,4,vanilla_univariate,2,
Port_Activity/W,short,scope_selector_per_variate,scope_selector_per_variate,run_0,34,0,vanilla_multivariate,4,vanilla_multivariate,2,
Port_Activity/W,short,scope_selector_per_variate,scope_selector_per_variate,run_0,34,1,vanilla_multivariate,4,vanilla_multivariate,2,
Port_Activity/W,short,scope_selector_per_variate,scope_selector_per_variate,run_0,35,0,vanilla_univariate,4,vanilla_univariate,2,
Port_Activity/W,short,scope_selector_per_variate,scope_selector_per_variate,run_0,35,1,vanilla_univariate,4,vanilla_univariate,2,
Port_Activity/W,short,scope_selector_per_variate,scope_selector_per_variate,run_0,36,0,vanilla_univariate,4,vanilla_multivariate,2,
Port_Activity/W,short,scope_selector_per_variate,scope_selector_per_variate,run_0,36,1,vanilla_univariate,4,vanilla_univariate,2,
Port_Activity/W,short,scope_selector_per_variate,scope_selector_per_variate,run_0,37,0,vanilla_univariate,4,vanilla_univariate,2,
Port_Activity/W,short,scope_selector_per_variate,scope_selector_per_variate,run_0,37,1,vanilla_univariate,4,vanilla_univariate,2,
Port_Activity/W,short,scope_selector_per_variate,scope_selector_per_variate,run_0,38,0,vanilla_multivariate,4,vanilla_multivariate,2,
Port_Activity/W,short,scope_selector_per_variate,scope_selector_per_variate,run_0,38,1,vanilla_multivariate,4,vanilla_multivariate,2,
Port_Activity/W,short,scope_selector_per_variate,scope_selector_per_variate,run_0,39,0,vanilla_univariate,4,vanilla_multivariate,2,
Port_Activity/W,short,scope_selector_per_variate,scope_selector_per_variate,run_0,39,1,vanilla_univariate,4,vanilla_univariate,2,
Port_Activity/W,short,scope_selector_per_variate,scope_selector_per_variate,run_0,40,0,vanilla_multivariate,4,vanilla_multivariate,2,
Port_Activity/W,short,scope_selector_per_variate,scope_selector_per_variate,run_0,40,1,vanilla_univariate,4,vanilla_multivariate,2,
Port_Activity/W,short,scope_selector_per_variate,scope_selector_per_variate,run_0,41,0,vanilla_multivariate,4,vanilla_multivariate,2,
Port_Activity/W,short,scope_selector_per_variate,scope_selector_per_variate,run_0,41,1,vanilla_multivariate,4,vanilla_multivariate,2,
Port_Activity/W,short,scope_selector_per_variate,scope_selector_per_variate,run_0,42,0,vanilla_univariate,4,vanilla_univariate,2,
Port_Activity/W,short,scope_selector_per_variate,scope_selector_per_variate,run_0,42,1,vanilla_multivariate,4,vanilla_multivariate,2,
Port_Activity/W,short,scope_selector_per_variate,scope_selector_per_variate,run_0,43,0,vanilla_univariate,4,vanilla_univariate,2,
Port_Activity/W,short,scope_selector_per_variate,scope_selector_per_variate,run_0,43,1,vanilla_univariate,4,vanilla_univariate,2,
Port_Activity/W,short,scope_selector_per_variate,scope_selector_per_variate,run_0,44,0,vanilla_univariate,4,vanilla_univariate,2,
Port_Activity/W,short,scope_selector_per_variate,scope_selector_per_variate,run_0,44,1,vanilla_univariate,4,vanilla_multivariate,2,
Port_Activity/W,short,scope_selector_per_variate,scope_selector_per_variate,run_0,45,0,vanilla_univariate,4,vanilla_multivariate,2,
Port_Activity/W,short,scope_selector_per_variate,scope_selector_per_variate,run_0,45,1,vanilla_multivariate,4,vanilla_multivariate,2,
Port_Activity/W,short,scope_selector_per_variate,scope_selector_per_variate,run_0,46,0,vanilla_univariate,4,vanilla_univariate,2,
Port_Activity/W,short,scope_selector_per_variate,scope_selector_per_variate,run_0,46,1,vanilla_multivariate,4,vanilla_multivariate,2,
Port_Activity/W,short,scope_selector_per_variate,scope_selector_per_variate,run_0,47,0,vanilla_multivariate,4,vanilla_multivariate,2,
Port_Activity/W,short,scope_selector_per_variate,scope_selector_per_variate,run_0,47,1,vanilla_univariate,4,vanilla_univariate,2,
Port_Activity/W,short,scope_selector_per_variate,scope_selector_per_variate,run_0,48,0,vanilla_multivariate,4,vanilla_multivariate,2,
Port_Activity/W,short,scope_selector_per_variate,scope_selector_per_variate,run_0,48,1,vanilla_univariate,4,vanilla_univariate,2,
Port_Activity/W,short,scope_selector_per_variate,scope_selector_per_variate,run_0,49,0,vanilla_univariate,4,vanilla_univariate,2,
Port_Activity/W,short,scope_selector_per_variate,scope_selector_per_variate,run_0,49,1,vanilla_multivariate,4,vanilla_multivariate,2,
Port_Activity/W,short,scope_selector_per_variate,scope_selector_per_variate,run_0,50,0,vanilla_multivariate,4,vanilla_multivariate,2,
Port_Activity/W,short,scope_selector_per_variate,scope_selector_per_variate,run_0,50,1,vanilla_multivariate,4,vanilla_multivariate,2,
Port_Activity/W,short,scope_selector_per_variate,scope_selector_per_variate,run_0,51,0,vanilla_univariate,4,vanilla_univariate,2,
Port_Activity/W,short,scope_selector_per_variate,scope_selector_per_variate,run_0,51,1,vanilla_multivariate,4,vanilla_multivariate,2,
Port_Activity/W,short,scope_selector_per_variate,scope_selector_per_variate,run_0,52,0,vanilla_multivariate,4,vanilla_multivariate,2,
Port_Activity/W,short,scope_selector_per_variate,scope_selector_per_variate,run_0,52,1,vanilla_univariate,4,vanilla_multivariate,2,
Port_Activity/W,short,scope_selector_per_variate,scope_selector_per_variate,run_0,53,0,vanilla_univariate,4,vanilla_multivariate,2,
Port_Activity/W,short,scope_selector_per_variate,scope_selector_per_variate,run_0,53,1,vanilla_multivariate,4,vanilla_multivariate,2,
Port_Activity/W,short,scope_selector_per_variate,scope_selector_per_variate,run_0,54,0,vanilla_multivariate,4,vanilla_multivariate,2,
Port_Activity/W,short,scope_selector_per_variate,scope_selector_per_variate,run_0,54,1,vanilla_univariate,4,vanilla_multivariate,2,
Port_Activity/W,short,scope_selector_per_variate,scope_selector_per_variate,run_0,55,0,vanilla_multivariate,4,vanilla_multivariate,2,
Port_Activity/W,short,scope_selector_per_variate,scope_selector_per_variate,run_0,55,1,vanilla_univariate,4,vanilla_univariate,2,
Port_Activity/W,short,scope_selector_per_variate,scope_selector_per_variate,run_0,56,0,vanilla_univariate,4,vanilla_univariate,2,
Port_Activity/W,short,scope_selector_per_variate,scope_selector_per_variate,run_0,56,1,vanilla_univariate,4,vanilla_univariate,2,
Port_Activity/W,short,scope_selector_per_variate,scope_selector_per_variate,run_0,57,0,vanilla_univariate,4,vanilla_univariate,2,
Port_Activity/W,short,scope_selector_per_variate,scope_selector_per_variate,run_0,57,1,vanilla_univariate,4,vanilla_univariate,2,
Port_Activity/W,short,scope_selector_per_variate,scope_selector_per_variate,run_0,58,0,vanilla_univariate,4,vanilla_univariate,2,
Port_Activity/W,short,scope_selector_per_variate,scope_selector_per_variate,run_0,58,1,vanilla_multivariate,4,vanilla_multivariate,2,
Port_Activity/W,short,scope_selector_per_variate,scope_selector_per_variate,run_0,59,0,vanilla_univariate,4,vanilla_univariate,2,
Port_Activity/W,short,scope_selector_per_variate,scope_selector_per_variate,run_0,59,1,vanilla_univariate,4,vanilla_univariate,2,
Port_Activity/W,short,scope_selector_per_variate,scope_selector_per_variate,run_0,60,0,vanilla_multivariate,4,vanilla_multivariate,2,
Port_Activity/W,short,scope_selector_per_variate,scope_selector_per_variate,run_0,60,1,vanilla_univariate,4,vanilla_univariate,2,
Port_Activity/W,short,scope_selector_per_variate,scope_selector_per_variate,run_0,61,0,vanilla_univariate,4,vanilla_univariate,2,
Port_Activity/W,short,scope_selector_per_variate,scope_selector_per_variate,run_0,61,1,vanilla_univariate,4,vanilla_univariate,2,
Port_Activity/W,short,scope_selector_per_variate,scope_selector_per_variate,run_0,62,0,vanilla_univariate,4,vanilla_univariate,2,
Port_Activity/W,short,scope_selector_per_variate,scope_selector_per_variate,run_0,62,1,vanilla_univariate,4,vanilla_univariate,2,
Port_Activity/W,short,scope_selector_per_variate,scope_selector_per_variate,run_0,63,0,vanilla_multivariate,4,vanilla_multivariate,2,
Port_Activity/W,short,scope_selector_per_variate,scope_selector_per_variate,run_0,63,1,vanilla_univariate,4,vanilla_univariate,2,
Port_Activity/W,short,scope_selector_per_variate,scope_selector_per_variate,run_0,64,0,vanilla_univariate,4,vanilla_univariate,2,
Port_Activity/W,short,scope_selector_per_variate,scope_selector_per_variate,run_0,64,1,vanilla_multivariate,4,vanilla_multivariate,2,
Port_Activity/W,short,scope_selector_per_variate,scope_selector_per_variate,run_0,65,0,vanilla_univariate,4,vanilla_multivariate,2,
Port_Activity/W,short,scope_selector_per_variate,scope_selector_per_variate,run_0,65,1,vanilla_univariate,4,vanilla_univariate,2,
Port_Activity/W,short,scope_selector_per_variate,scope_selector_per_variate,run_0,66,0,vanilla_univariate,4,vanilla_univariate,2,
Port_Activity/W,short,scope_selector_per_variate,scope_selector_per_variate,run_0,66,1,vanilla_multivariate,4,vanilla_multivariate,2,
Port_Activity/W,short,scope_selector_per_variate,scope_selector_per_variate,run_0,67,0,vanilla_univariate,4,vanilla_multivariate,2,
Port_Activity/W,short,scope_selector_per_variate,scope_selector_per_variate,run_0,67,1,vanilla_univariate,4,vanilla_multivariate,2,
Port_Activity/W,short,scope_selector_per_variate,scope_selector_per_variate,run_0,68,0,vanilla_univariate,4,vanilla_univariate,2,
Port_Activity/W,short,scope_selector_per_variate,scope_selector_per_variate,run_0,68,1,vanilla_univariate,4,vanilla_univariate,2,
Port_Activity/W,short,scope_selector_per_variate,scope_selector_per_variate,run_0,69,0,vanilla_multivariate,4,vanilla_multivariate,2,
Port_Activity/W,short,scope_selector_per_variate,scope_selector_per_variate,run_0,69,1,vanilla_univariate,4,vanilla_multivariate,2,
Port_Activity/W,short,scope_selector_per_variate,scope_selector_per_variate,run_0,70,0,vanilla_multivariate,4,vanilla_multivariate,2,
Port_Activity/W,short,scope_selector_per_variate,scope_selector_per_variate,run_0,70,1,vanilla_multivariate,4,vanilla_multivariate,2,
Port_Activity/W,short,scope_selector_per_variate,scope_selector_per_variate,run_0,71,0,vanilla_univariate,4,vanilla_multivariate,2,
Port_Activity/W,short,scope_selector_per_variate,scope_selector_per_variate,run_0,71,1,vanilla_multivariate,4,vanilla_multivariate,2,
Port_Activity/W,short,scope_selector_per_variate,scope_selector_per_variate,run_0,72,0,vanilla_multivariate,4,vanilla_multivariate,2,
Port_Activity/W,short,scope_selector_per_variate,scope_selector_per_variate,run_0,72,1,vanilla_univariate,4,vanilla_multivariate,2,
Port_Activity/W,short,scope_selector_per_variate,scope_selector_per_variate,run_0,73,0,vanilla_univariate,4,vanilla_univariate,2,
Port_Activity/W,short,scope_selector_per_variate,scope_selector_per_variate,run_0,73,1,vanilla_univariate,4,vanilla_univariate,2,
Port_Activity/W,short,scope_selector_per_variate,scope_selector_per_variate,run_0,74,0,vanilla_univariate,4,vanilla_univariate,2,
Port_Activity/W,short,scope_selector_per_variate,scope_selector_per_variate,run_0,74,1,vanilla_univariate,4,vanilla_univariate,2,
Port_Activity/W,short,scope_selector_per_variate,scope_selector_per_variate,run_0,75,0,vanilla_univariate,4,vanilla_univariate,2,
Port_Activity/W,short,scope_selector_per_variate,scope_selector_per_variate,run_0,75,1,vanilla_univariate,4,vanilla_multivariate,2,
Port_Activity/W,short,scope_selector_per_variate,scope_selector_per_variate,run_0,76,0,vanilla_multivariate,4,vanilla_multivariate,2,
Port_Activity/W,short,scope_selector_per_variate,scope_selector_per_variate,run_0,76,1,vanilla_univariate,4,vanilla_univariate,2,
Port_Activity/W,short,scope_selector_per_variate,scope_selector_per_variate,run_0,77,0,vanilla_univariate,4,vanilla_multivariate,2,
Port_Activity/W,short,scope_selector_per_variate,scope_selector_per_variate,run_0,77,1,vanilla_univariate,4,vanilla_multivariate,2,
Port_Activity/W,short,scope_selector_per_variate,scope_selector_per_variate,run_0,78,0,vanilla_univariate,4,vanilla_multivariate,2,
Port_Activity/W,short,scope_selector_per_variate,scope_selector_per_variate,run_0,78,1,vanilla_multivariate,4,vanilla_multivariate,2,
Port_Activity/W,short,scope_selector_per_variate,scope_selector_per_variate,run_0,79,0,vanilla_univariate,4,vanilla_multivariate,2,
Port_Activity/W,short,scope_selector_per_variate,scope_selector_per_variate,run_0,79,1,vanilla_multivariate,4,vanilla_multivariate,2,
Port_Activity/W,short,scope_selector_per_variate,scope_selector_per_variate,run_0,80,0,vanilla_multivariate,4,vanilla_multivariate,2,
Port_Activity/W,short,scope_selector_per_variate,scope_selector_per_variate,run_0,80,1,vanilla_multivariate,4,vanilla_multivariate,2,
Port_Activity/W,short,scope_selector_per_variate,scope_selector_per_variate,run_0,81,0,vanilla_univariate,4,vanilla_multivariate,2,
Port_Activity/W,short,scope_selector_per_variate,scope_selector_per_variate,run_0,81,1,vanilla_univariate,4,vanilla_univariate,2,
Port_Activity/W,short,scope_selector_per_variate,scope_selector_per_variate,run_0,82,0,vanilla_univariate,4,vanilla_univariate,2,
Port_Activity/W,short,scope_selector_per_variate,scope_selector_per_variate,run_0,82,1,vanilla_univariate,4,vanilla_univariate,2,
Port_Activity/W,short,scope_selector_per_variate,scope_selector_per_variate,run_0,83,0,vanilla_univariate,4,vanilla_univariate,2,
Port_Activity/W,short,scope_selector_per_variate,scope_selector_per_variate,run_0,83,1,vanilla_univariate,4,vanilla_univariate,2,
Port_Activity/W,short,scope_selector_per_variate,scope_selector_per_variate,run_0,84,0,vanilla_multivariate,4,vanilla_multivariate,2,
Port_Activity/W,short,scope_selector_per_variate,scope_selector_per_variate,run_0,84,1,vanilla_univariate,4,vanilla_univariate,2,
Port_Activity/W,short,scope_selector_per_variate,scope_selector_per_variate,run_0,85,0,vanilla_multivariate,4,vanilla_multivariate,2,
Port_Activity/W,short,scope_selector_per_variate,scope_selector_per_variate,run_0,85,1,vanilla_multivariate,4,vanilla_multivariate,2,
Port_Activity/W,short,scope_selector_per_variate,scope_selector_per_variate,run_0,86,0,vanilla_multivariate,4,vanilla_multivariate,2,
Port_Activity/W,short,scope_selector_per_variate,scope_selector_per_variate,run_0,86,1,vanilla_multivariate,4,vanilla_multivariate,2,
Port_Activity/W,short,scope_selector_per_variate,scope_selector_per_variate,run_0,87,0,vanilla_univariate,4,vanilla_univariate,2,
Port_Activity/W,short,scope_selector_per_variate,scope_selector_per_variate,run_0,87,1,vanilla_univariate,4,vanilla_univariate,2,
Port_Activity/W,short,scope_selector_per_variate,scope_selector_per_variate,run_0,88,0,vanilla_univariate,4,vanilla_univariate,2,
Port_Activity/W,short,scope_selector_per_variate,scope_selector_per_variate,run_0,88,1,vanilla_univariate,4,vanilla_univariate,2,
Port_Activity/W,short,scope_selector_per_variate,scope_selector_per_variate,run_0,89,0,vanilla_multivariate,4,vanilla_multivariate,2,
Port_Activity/W,short,scope_selector_per_variate,scope_selector_per_variate,run_0,89,1,vanilla_univariate,4,vanilla_univariate,2,
Port_Activity/W,short,scope_selector_per_variate,scope_selector_per_variate,run_0,90,0,vanilla_univariate,4,vanilla_multivariate,2,
Port_Activity/W,short,scope_selector_per_variate,scope_selector_per_variate,run_0,90,1,vanilla_multivariate,4,vanilla_multivariate,2,
Port_Activity/W,short,scope_selector_per_variate,scope_selector_per_variate,run_0,91,0,vanilla_univariate,4,vanilla_multivariate,2,
Port_Activity/W,short,scope_selector_per_variate,scope_selector_per_variate,run_0,91,1,vanilla_multivariate,4,vanilla_multivariate,2,
Port_Activity/W,short,scope_selector_per_variate,scope_selector_per_variate,run_0,92,0,vanilla_univariate,4,vanilla_multivariate,2,
Port_Activity/W,short,scope_selector_per_variate,scope_selector_per_variate,run_0,92,1,vanilla_univariate,4,vanilla_univariate,2,
Port_Activity/W,short,scope_selector_per_variate,scope_selector_per_variate,run_0,93,0,vanilla_multivariate,4,vanilla_multivariate,2,
Port_Activity/W,short,scope_selector_per_variate,scope_selector_per_variate,run_0,93,1,vanilla_univariate,4,vanilla_univariate,2,
Port_Activity/W,short,scope_selector_per_variate,scope_selector_per_variate,run_0,94,0,vanilla_univariate,4,vanilla_univariate,2,
Port_Activity/W,short,scope_selector_per_variate,scope_selector_per_variate,run_0,94,1,vanilla_univariate,4,vanilla_univariate,2,
Port_Activity/W,short,scope_selector_per_variate,scope_selector_per_variate,run_0,95,0,vanilla_univariate,4,vanilla_univariate,2,
Port_Activity/W,short,scope_selector_per_variate,scope_selector_per_variate,run_0,95,1,vanilla_univariate,4,vanilla_univariate,2,
Port_Activity/W,short,scope_selector_per_variate,scope_selector_per_variate,run_0,96,0,vanilla_multivariate,4,vanilla_multivariate,2,
Port_Activity/W,short,scope_selector_per_variate,scope_selector_per_variate,run_0,96,1,vanilla_univariate,4,vanilla_univariate,2,
Port_Activity/W,short,scope_selector_per_variate,scope_selector_per_variate,run_0,97,0,vanilla_multivariate,4,vanilla_multivariate,2,
Port_Activity/W,short,scope_selector_per_variate,scope_selector_per_variate,run_0,97,1,vanilla_multivariate,4,vanilla_multivariate,2,
Port_Activity/W,short,scope_selector_per_variate,scope_selector_per_variate,run_0,98,0,vanilla_univariate,4,vanilla_univariate,2,
Port_Activity/W,short,scope_selector_per_variate,scope_selector_per_variate,run_0,98,1,vanilla_univariate,4,vanilla_multivariate,2,
ECDC_COVID/D,short,scope_selector,scope_selector,run_1,,,vanilla_univariate,41,vanilla_multivariate,3,
ECDC_COVID/D,short,scope_selector_per_variate,scope_selector_per_variate,run_0,0,0,vanilla_multivariate,5,vanilla_multivariate,2,
ECDC_COVID/D,short,scope_selector_per_variate,scope_selector_per_variate,run_0,1,0,vanilla_multivariate,5,vanilla_multivariate,2,
ECDC_COVID/D,short,scope_selector_per_variate,scope_selector_per_variate,run_0,2,0,vanilla_univariate,5,vanilla_univariate,2,
ECDC_COVID/D,short,scope_selector_per_variate,scope_selector_per_variate,run_0,3,0,vanilla_multivariate,5,vanilla_multivariate,2,
ECDC_COVID/D,short,scope_selector_per_variate,scope_selector_per_variate,run_0,4,0,vanilla_univariate,5,vanilla_univariate,2,
ECDC_COVID/D,short,scope_selector_per_variate,scope_selector_per_variate,run_0,5,0,vanilla_univariate,5,vanilla_multivariate,2,
ECDC_COVID/D,short,scope_selector_per_variate,scope_selector_per_variate,run_0,6,0,vanilla_multivariate,5,vanilla_multivariate,2,
ECDC_COVID/D,short,scope_selector_per_variate,scope_selector_per_variate,run_0,7,0,vanilla_univariate,5,vanilla_univariate,2,
ECDC_COVID/D,short,scope_selector_per_variate,scope_selector_per_variate,run_0,8,0,vanilla_multivariate,5,vanilla_multivariate,2,
ECDC_COVID/W,short,scope_selector,scope_selector,run_1,,,vanilla_univariate,42,vanilla_univariate,3,
ECDC_COVID/W,short,scope_selector_per_variate,scope_selector_per_variate,run_0,0,0,vanilla_multivariate,4,vanilla_multivariate,2,
ECDC_COVID/W,short,scope_selector_per_variate,scope_selector_per_variate,run_0,1,0,vanilla_univariate,4,vanilla_multivariate,2,
ECDC_COVID/W,short,scope_selector_per_variate,scope_selector_per_variate,run_0,2,0,vanilla_univariate,4,vanilla_univariate,2,
ECDC_COVID/W,short,scope_selector_per_variate,scope_selector_per_variate,run_0,3,0,vanilla_univariate,4,vanilla_univariate,2,
ECDC_COVID/W,short,scope_selector_per_variate,scope_selector_per_variate,run_0,4,0,vanilla_univariate,4,vanilla_univariate,2,
ECDC_COVID/W,short,scope_selector_per_variate,scope_selector_per_variate,run_0,5,0,vanilla_multivariate,4,vanilla_multivariate,2,
ECDC_COVID/W,short,scope_selector_per_variate,scope_selector_per_variate,run_0,6,0,vanilla_univariate,4,vanilla_multivariate,2,
ECDC_COVID/W,short,scope_selector_per_variate,scope_selector_per_variate,run_0,7,0,vanilla_multivariate,4,vanilla_multivariate,2,
ECDC_COVID/W,short,scope_selector_per_variate,scope_selector_per_variate,run_0,8,0,vanilla_multivariate,4,vanilla_multivariate,2,
ECDC_COVID/W,short,scope_selector_per_variate,scope_selector_per_variate,run_0,9,0,vanilla_multivariate,4,vanilla_multivariate,2,
ECDC_COVID/W,short,scope_selector_per_variate,scope_selector_per_variate,run_0,10,0,vanilla_univariate,4,vanilla_multivariate,2,
ECDC_COVID/W,short,scope_selector_per_variate,scope_selector_per_variate,run_0,11,0,vanilla_multivariate,4,vanilla_multivariate,2,
ECDC_COVID/W,short,scope_selector_per_variate,scope_selector_per_variate,run_0,12,0,vanilla_multivariate,4,vanilla_multivariate,2,
ECDC_COVID/W,short,scope_selector_per_variate,scope_selector_per_variate,run_0,13,0,vanilla_univariate,4,vanilla_univariate,2,
ECDC_COVID/W,short,scope_selector_per_variate,scope_selector_per_variate,run_0,14,0,vanilla_multivariate,4,vanilla_multivariate,2,
ECDC_COVID/W,short,scope_selector_per_variate,scope_selector_per_variate,run_0,15,0,vanilla_multivariate,4,vanilla_multivariate,2,
Global_Influenza/W,short,scope_selector,scope_selector,run_1,,,vanilla_multivariate,20,vanilla_multivariate,3,
Global_Influenza/W,short,scope_selector_per_variate,scope_selector_per_variate,run_0,0,0,vanilla_univariate,4,vanilla_multivariate,2,
Global_Influenza/W,short,scope_selector_per_variate,scope_selector_per_variate,run_0,0,1,vanilla_univariate,4,vanilla_univariate,2,
Global_Influenza/W,short,scope_selector_per_variate,scope_selector_per_variate,run_0,0,2,vanilla_univariate,4,vanilla_univariate,2,
Global_Influenza/W,short,scope_selector_per_variate,scope_selector_per_variate,run_0,0,3,vanilla_univariate,4,vanilla_univariate,2,
Global_Influenza/W,short,scope_selector_per_variate,scope_selector_per_variate,run_0,1,0,vanilla_univariate,4,vanilla_univariate,2,
Global_Influenza/W,short,scope_selector_per_variate,scope_selector_per_variate,run_0,1,1,vanilla_univariate,4,vanilla_univariate,2,
Global_Influenza/W,short,scope_selector_per_variate,scope_selector_per_variate,run_0,1,2,vanilla_univariate,4,vanilla_univariate,2,
Global_Influenza/W,short,scope_selector_per_variate,scope_selector_per_variate,run_0,1,3,vanilla_multivariate,4,vanilla_multivariate,2,
Global_Influenza/W,short,scope_selector_per_variate,scope_selector_per_variate,run_0,2,0,vanilla_multivariate,4,vanilla_multivariate,2,
Global_Influenza/W,short,scope_selector_per_variate,scope_selector_per_variate,run_0,2,1,vanilla_multivariate,4,vanilla_multivariate,2,
Global_Influenza/W,short,scope_selector_per_variate,scope_selector_per_variate,run_0,2,2,vanilla_univariate,4,vanilla_univariate,2,
Global_Influenza/W,short,scope_selector_per_variate,scope_selector_per_variate,run_0,2,3,vanilla_univariate,4,vanilla_univariate,2,
Global_Influenza/W,short,scope_selector_per_variate,scope_selector_per_variate,run_0,3,0,vanilla_univariate,4,vanilla_multivariate,2,
Global_Influenza/W,short,scope_selector_per_variate,scope_selector_per_variate,run_0,3,1,vanilla_multivariate,4,vanilla_multivariate,2,
Global_Influenza/W,short,scope_selector_per_variate,scope_selector_per_variate,run_0,3,2,vanilla_multivariate,4,vanilla_multivariate,2,
Global_Influenza/W,short,scope_selector_per_variate,scope_selector_per_variate,run_0,3,3,vanilla_univariate,4,vanilla_univariate,2,
Global_Influenza/W,short,scope_selector_per_variate,scope_selector_per_variate,run_0,4,0,vanilla_multivariate,4,vanilla_multivariate,2,
Global_Influenza/W,short,scope_selector_per_variate,scope_selector_per_variate,run_0,4,1,vanilla_univariate,4,vanilla_univariate,2,
Global_Influenza/W,short,scope_selector_per_variate,scope_selector_per_variate,run_0,4,2,vanilla_univariate,4,vanilla_univariate,2,
Global_Influenza/W,short,scope_selector_per_variate,scope_selector_per_variate,run_0,4,3,vanilla_multivariate,4,vanilla_multivariate,2,
Global_Influenza/W,short,scope_selector_per_variate,scope_selector_per_variate,run_0,5,0,vanilla_univariate,4,vanilla_univariate,2,
Global_Influenza/W,short,scope_selector_per_variate,scope_selector_per_variate,run_0,5,1,vanilla_multivariate,4,vanilla_multivariate,2,
Global_Influenza/W,short,scope_selector_per_variate,scope_selector_per_variate,run_0,5,2,vanilla_univariate,4,vanilla_univariate,2,
Global_Influenza/W,short,scope_selector_per_variate,scope_selector_per_variate,run_0,5,3,vanilla_univariate,4,vanilla_multivariate,2,
Global_Influenza/W,short,scope_selector_per_variate,scope_selector_per_variate,run_0,6,0,vanilla_univariate,4,vanilla_univariate,2,
Global_Influenza/W,short,scope_selector_per_variate,scope_selector_per_variate,run_0,6,1,vanilla_univariate,4,vanilla_univariate,2,
Global_Influenza/W,short,scope_selector_per_variate,scope_selector_per_variate,run_0,6,2,vanilla_univariate,4,vanilla_multivariate,2,
Global_Influenza/W,short,scope_selector_per_variate,scope_selector_per_variate,run_0,6,3,vanilla_univariate,4,vanilla_univariate,2,
Global_Influenza/W,short,scope_selector_per_variate,scope_selector_per_variate,run_0,7,0,vanilla_univariate,4,vanilla_univariate,2,
Global_Influenza/W,short,scope_selector_per_variate,scope_selector_per_variate,run_0,7,1,vanilla_univariate,4,vanilla_univariate,2,
Global_Influenza/W,short,scope_selector_per_variate,scope_selector_per_variate,run_0,7,2,vanilla_univariate,4,vanilla_multivariate,2,
Global_Influenza/W,short,scope_selector_per_variate,scope_selector_per_variate,run_0,7,3,vanilla_multivariate,4,vanilla_multivariate,2,
Global_Influenza/W,short,scope_selector_per_variate,scope_selector_per_variate,run_0,8,0,vanilla_univariate,4,vanilla_multivariate,2,
Global_Influenza/W,short,scope_selector_per_variate,scope_selector_per_variate,run_0,8,1,vanilla_univariate,4,vanilla_univariate,2,
Global_Influenza/W,short,scope_selector_per_variate,scope_selector_per_variate,run_0,8,2,vanilla_univariate,4,vanilla_univariate,2,
Global_Influenza/W,short,scope_selector_per_variate,scope_selector_per_variate,run_0,8,3,vanilla_multivariate,4,vanilla_multivariate,2,
Global_Influenza/W,short,scope_selector_per_variate,scope_selector_per_variate,run_0,9,0,vanilla_univariate,4,vanilla_univariate,2,
Global_Influenza/W,short,scope_selector_per_variate,scope_selector_per_variate,run_0,9,1,vanilla_univariate,4,vanilla_univariate,2,
Global_Influenza/W,short,scope_selector_per_variate,scope_selector_per_variate,run_0,9,2,vanilla_univariate,4,vanilla_univariate,2,
Global_Influenza/W,short,scope_selector_per_variate,scope_selector_per_variate,run_0,9,3,vanilla_univariate,4,vanilla_univariate,2,
Global_Influenza/W,short,scope_selector_per_variate,scope_selector_per_variate,run_0,10,0,vanilla_univariate,4,vanilla_multivariate,2,
Global_Influenza/W,short,scope_selector_per_variate,scope_selector_per_variate,run_0,10,1,vanilla_univariate,4,vanilla_univariate,2,
Global_Influenza/W,short,scope_selector_per_variate,scope_selector_per_variate,run_0,10,2,vanilla_univariate,4,vanilla_univariate,2,
Global_Influenza/W,short,scope_selector_per_variate,scope_selector_per_variate,run_0,10,3,vanilla_multivariate,4,vanilla_multivariate,2,
Global_Influenza/W,short,scope_selector_per_variate,scope_selector_per_variate,run_0,11,0,vanilla_multivariate,4,vanilla_multivariate,2,
Global_Influenza/W,short,scope_selector_per_variate,scope_selector_per_variate,run_0,11,1,vanilla_multivariate,4,vanilla_multivariate,2,
Global_Influenza/W,short,scope_selector_per_variate,scope_selector_per_variate,run_0,11,2,vanilla_multivariate,4,vanilla_multivariate,2,
Global_Influenza/W,short,scope_selector_per_variate,scope_selector_per_variate,run_0,11,3,vanilla_univariate,4,vanilla_univariate,2,
Global_Influenza/W,short,scope_selector_per_variate,scope_selector_per_variate,run_0,12,0,vanilla_univariate,4,vanilla_multivariate,2,
Global_Influenza/W,short,scope_selector_per_variate,scope_selector_per_variate,run_0,12,1,vanilla_multivariate,4,vanilla_multivariate,2,
Global_Influenza/W,short,scope_selector_per_variate,scope_selector_per_variate,run_0,12,2,vanilla_univariate,4,vanilla_multivariate,2,
Global_Influenza/W,short,scope_selector_per_variate,scope_selector_per_variate,run_0,12,3,vanilla_univariate,4,vanilla_multivariate,2,
Global_Influenza/W,short,scope_selector_per_variate,scope_selector_per_variate,run_0,13,0,vanilla_multivariate,4,vanilla_multivariate,2,
Global_Influenza/W,short,scope_selector_per_variate,scope_selector_per_variate,run_0,13,1,vanilla_univariate,4,vanilla_multivariate,2,
Global_Influenza/W,short,scope_selector_per_variate,scope_selector_per_variate,run_0,13,2,vanilla_univariate,4,vanilla_univariate,2,
Global_Influenza/W,short,scope_selector_per_variate,scope_selector_per_variate,run_0,13,3,vanilla_multivariate,4,vanilla_multivariate,2,
Global_Influenza/W,short,scope_selector_per_variate,scope_selector_per_variate,run_0,14,0,vanilla_multivariate,4,vanilla_multivariate,2,
Global_Influenza/W,short,scope_selector_per_variate,scope_selector_per_variate,run_0,14,1,vanilla_univariate,4,vanilla_univariate,2,
Global_Influenza/W,short,scope_selector_per_variate,scope_selector_per_variate,run_0,14,2,vanilla_univariate,4,vanilla_multivariate,2,
Global_Influenza/W,short,scope_selector_per_variate,scope_selector_per_variate,run_0,14,3,vanilla_multivariate,4,vanilla_multivariate,2,
Crypto/D,short,scope_selector,scope_selector,run_1,,,vanilla_univariate,9,vanilla_univariate,2,
Crypto/D,short,scope_selector_per_variate,scope_selector_per_variate,run_0,0,0,vanilla_univariate,9,vanilla_multivariate,2,
Crypto/D,short,scope_selector_per_variate,scope_selector_per_variate,run_0,0,1,vanilla_univariate,9,vanilla_univariate,2,
Crypto/D,short,scope_selector_per_variate,scope_selector_per_variate,run_0,0,2,vanilla_univariate,9,vanilla_univariate,2,
Crypto/D,short,scope_selector_per_variate,scope_selector_per_variate,run_0,0,3,vanilla_univariate,9,vanilla_univariate,2,
US_Term_Structure/B,short,scope_selector,scope_selector,run_1,,,vanilla_univariate,35,vanilla_univariate,3,
US_Term_Structure/B,short,scope_selector_per_variate,scope_selector_per_variate,run_0,0,0,vanilla_univariate,35,vanilla_univariate,3,
US_Term_Structure/B,short,scope_selector_per_variate,scope_selector_per_variate,run_0,0,1,vanilla_univariate,35,vanilla_multivariate,3,
US_Term_Structure/B,short,scope_selector_per_variate,scope_selector_per_variate,run_0,0,2,vanilla_univariate,35,vanilla_univariate,3,
US_Term_Structure/B,short,scope_selector_per_variate,scope_selector_per_variate,run_0,0,3,vanilla_univariate,35,vanilla_multivariate,3,
US_Term_Structure/B,short,scope_selector_per_variate,scope_selector_per_variate,run_0,0,4,vanilla_univariate,35,vanilla_multivariate,3,
US_Term_Structure/B,short,scope_selector_per_variate,scope_selector_per_variate,run_0,0,5,vanilla_univariate,35,vanilla_univariate,3,
US_Term_Structure/B,short,scope_selector_per_variate,scope_selector_per_variate,run_0,0,6,vanilla_univariate,35,vanilla_multivariate,3,
US_Term_Structure/B,short,scope_selector_per_variate,scope_selector_per_variate,run_0,0,7,vanilla_univariate,35,vanilla_multivariate,3,
US_Term_Structure/B,short,scope_selector_per_variate,scope_selector_per_variate,run_0,0,8,vanilla_univariate,35,vanilla_multivariate,3,
US_Term_Structure/B,short,scope_selector_per_variate,scope_selector_per_variate,run_0,0,9,vanilla_univariate,35,vanilla_multivariate,3,
US_Term_Structure/B,short,scope_selector_per_variate,scope_selector_per_variate,run_0,0,10,vanilla_univariate,35,vanilla_univariate,3,
US_Term_Structure/B,short,scope_selector_per_variate,scope_selector_per_variate,run_0,0,11,vanilla_univariate,35,vanilla_univariate,3,
US_Term_Structure/B,short,scope_selector_per_variate,scope_selector_per_variate,run_0,0,12,vanilla_univariate,35,vanilla_univariate,3,
US_Term_Structure/B,short,scope_selector_per_variate,scope_selector_per_variate,run_0,0,13,vanilla_univariate,35,vanilla_univariate,3,
US_Term_Structure/B,short,scope_selector_per_variate,scope_selector_per_variate,run_0,0,14,vanilla_univariate,35,vanilla_univariate,3,
US_Term_Structure/B,short,scope_selector_per_variate,scope_selector_per_variate,run_0,0,15,vanilla_univariate,35,vanilla_univariate,3,
US_Term_Structure/B,short,scope_selector_per_variate,scope_selector_per_variate,run_0,0,16,vanilla_univariate,35,vanilla_univariate,3,
US_Term_Structure/B,short,scope_selector_per_variate,scope_selector_per_variate,run_0,0,17,vanilla_univariate,35,vanilla_univariate,3,
US_Term_Structure/B,short,scope_selector_per_variate,scope_selector_per_variate,run_0,0,18,vanilla_univariate,35,vanilla_univariate,3,
US_Term_Structure/B,short,scope_selector_per_variate,scope_selector_per_variate,run_0,0,19,vanilla_univariate,35,vanilla_univariate,3,
US_Term_Structure/B,short,scope_selector_per_variate,scope_selector_per_variate,run_0,0,20,vanilla_univariate,35,vanilla_univariate,3,
US_Term_Structure/B,short,scope_selector_per_variate,scope_selector_per_variate,run_0,0,21,vanilla_univariate,35,vanilla_multivariate,3,
US_Term_Structure/B,short,scope_selector_per_variate,scope_selector_per_variate,run_0,0,22,vanilla_univariate,35,vanilla_univariate,3,
US_Term_Structure/B,short,scope_selector_per_variate,scope_selector_per_variate,run_0,0,23,vanilla_univariate,35,vanilla_multivariate,3,
US_Term_Structure/B,short,scope_selector_per_variate,scope_selector_per_variate,run_0,0,24,vanilla_univariate,35,vanilla_multivariate,3,
US_Term_Structure/B,short,scope_selector_per_variate,scope_selector_per_variate,run_0,0,25,vanilla_univariate,35,vanilla_multivariate,3,
US_Term_Structure/B,short,scope_selector_per_variate,scope_selector_per_variate,run_0,0,26,vanilla_univariate,35,vanilla_multivariate,3,
US_Term_Structure/B,short,scope_selector_per_variate,scope_selector_per_variate,run_0,0,27,vanilla_univariate,35,vanilla_multivariate,3,
US_Term_Structure/B,short,scope_selector_per_variate,scope_selector_per_variate,run_0,0,28,vanilla_univariate,35,vanilla_multivariate,3,
US_Term_Structure/B,short,scope_selector_per_variate,scope_selector_per_variate,run_0,0,29,vanilla_univariate,35,vanilla_multivariate,3,
US_Term_Structure/B,short,scope_selector_per_variate,scope_selector_per_variate,run_0,0,30,vanilla_univariate,35,vanilla_univariate,3,
US_Term_Structure/B,short,scope_selector_per_variate,scope_selector_per_variate,run_0,0,31,vanilla_univariate,35,vanilla_univariate,3,
US_Term_Structure/B,short,scope_selector_per_variate,scope_selector_per_variate,run_0,0,32,vanilla_univariate,35,vanilla_univariate,3,
US_Term_Structure/B,short,scope_selector_per_variate,scope_selector_per_variate,run_0,0,33,vanilla_univariate,35,vanilla_univariate,3,
US_Term_Structure/B,short,scope_selector_per_variate,scope_selector_per_variate,run_0,0,34,vanilla_univariate,35,vanilla_univariate,3,
US_Term_Structure/B,short,scope_selector_per_variate,scope_selector_per_variate,run_0,0,35,vanilla_univariate,35,vanilla_univariate,3,
US_Term_Structure/B,short,scope_selector_per_variate,scope_selector_per_variate,run_0,0,36,vanilla_univariate,35,vanilla_univariate,3,
US_Term_Structure/B,short,scope_selector_per_variate,scope_selector_per_variate,run_0,0,37,vanilla_univariate,35,vanilla_univariate,3,
US_Term_Structure/B,short,scope_selector_per_variate,scope_selector_per_variate,run_0,0,38,vanilla_univariate,35,vanilla_univariate,3,
US_Term_Structure/B,short,scope_selector_per_variate,scope_selector_per_variate,run_0,0,39,vanilla_univariate,35,vanilla_univariate,3,
Oil_Price/B,short,scope_selector,scope_selector,run_1,,,vanilla_multivariate,35,vanilla_multivariate,3,
Oil_Price/B,short,scope_selector_per_variate,scope_selector_per_variate,run_0,0,0,vanilla_univariate,35,vanilla_univariate,3,
Oil_Price/B,short,scope_selector_per_variate,scope_selector_per_variate,run_0,0,1,vanilla_multivariate,35,vanilla_multivariate,3,
Oil_Price/B,short,scope_selector_per_variate,scope_selector_per_variate,run_0,0,2,vanilla_multivariate,35,vanilla_multivariate,3,
Oil_Price/B,short,scope_selector_per_variate,scope_selector_per_variate,run_0,0,3,vanilla_univariate,35,vanilla_multivariate,3,
Oil_Price/B,short,scope_selector_per_variate,scope_selector_per_variate,run_0,0,4,vanilla_multivariate,35,vanilla_multivariate,3,
Oil_Price/B,short,scope_selector_per_variate,scope_selector_per_variate,run_0,0,5,vanilla_multivariate,35,vanilla_multivariate,3,
Oil_Price/B,short,scope_selector_per_variate,scope_selector_per_variate,run_0,0,6,vanilla_univariate,35,vanilla_multivariate,3,
Oil_Price/B,short,scope_selector_per_variate,scope_selector_per_variate,run_0,0,7,vanilla_univariate,35,vanilla_univariate,3,
Oil_Price/B,short,scope_selector_per_variate,scope_selector_per_variate,run_0,0,8,vanilla_multivariate,35,vanilla_multivariate,3,
Oil_Price/B,short,scope_selector_per_variate,scope_selector_per_variate,run_0,0,9,vanilla_multivariate,35,vanilla_multivariate,3,
Oil_Price/B,short,scope_selector_per_variate,scope_selector_per_variate,run_0,0,10,vanilla_univariate,35,vanilla_univariate,3,
Oil_Price/B,short,scope_selector_per_variate,scope_selector_per_variate,run_0,0,11,vanilla_univariate,35,vanilla_univariate,3,
Job_Claims/W,short,scope_selector,scope_selector,run_1,,,vanilla_univariate,4,vanilla_univariate,2,
Job_Claims/W,short,scope_selector_per_variate,scope_selector_per_variate,run_0,0,0,vanilla_univariate,4,vanilla_univariate,2,
Job_Claims/W,short,scope_selector_per_variate,scope_selector_per_variate,run_0,0,1,vanilla_univariate,4,vanilla_univariate,2,
Uncertainty_1M/M,short,scope_selector,scope_selector,run_1,,,vanilla_univariate,7,vanilla_univariate,2,
Uncertainty_1M/M,short,scope_selector_per_variate,scope_selector_per_variate,run_0,0,0,vanilla_univariate,7,vanilla_univariate,2,
Uncertainty_1M/M,short,scope_selector_per_variate,scope_selector_per_variate,run_0,0,1,vanilla_univariate,7,vanilla_multivariate,2,
Uncertainty_1M/M,short,scope_selector_per_variate,scope_selector_per_variate,run_0,0,2,vanilla_univariate,7,vanilla_univariate,2,
Housing_Inventory/M,short,scope_selector,scope_selector,run_1,,,vanilla_univariate,3,vanilla_univariate,1,
Housing_Inventory/M,short,scope_selector_per_variate,scope_selector_per_variate,run_0,0,0,vanilla_univariate,3,vanilla_univariate,1,
Housing_Inventory/M,short,scope_selector_per_variate,scope_selector_per_variate,run_0,0,1,vanilla_multivariate,3,vanilla_multivariate,1,
Housing_Inventory/M,short,scope_selector_per_variate,scope_selector_per_variate,run_0,0,2,vanilla_univariate,3,vanilla_univariate,1,
Housing_Inventory/M,short,scope_selector_per_variate,scope_selector_per_variate,run_0,0,3,vanilla_univariate,3,vanilla_multivariate,1,
JOLTS/M,short,scope_selector,scope_selector,run_1,,,vanilla_univariate,5,vanilla_univariate,2,
JOLTS/M,short,scope_selector_per_variate,scope_selector_per_variate,run_0,0,0,vanilla_univariate,5,vanilla_univariate,2,
JOLTS/M,short,scope_selector_per_variate,scope_selector_per_variate,run_0,0,1,vanilla_univariate,5,vanilla_univariate,2,
JOLTS/M,short,scope_selector_per_variate,scope_selector_per_variate,run_0,0,2,vanilla_univariate,5,vanilla_univariate,2,
JOLTS/M,short,scope_selector_per_variate,scope_selector_per_variate,run_0,0,3,vanilla_univariate,5,vanilla_multivariate,2,
JOLTS/M,short,scope_selector_per_variate,scope_selector_per_variate,run_0,0,4,vanilla_univariate,5,vanilla_univariate,2,
JOLTS/M,short,scope_selector_per_variate,scope_selector_per_variate,run_0,0,5,vanilla_univariate,5,vanilla_univariate,2,
US_Labor/M,short,scope_selector,scope_selector,run_1,,,vanilla_multivariate,5,vanilla_multivariate,2,
US_Labor/M,short,scope_selector_per_variate,scope_selector_per_variate,run_0,0,0,vanilla_univariate,5,vanilla_univariate,2,
US_Labor/M,short,scope_selector_per_variate,scope_selector_per_variate,run_0,0,1,vanilla_univariate,5,vanilla_univariate,2,
US_Labor/M,short,scope_selector_per_variate,scope_selector_per_variate,run_0,0,2,vanilla_univariate,5,vanilla_univariate,2,
US_Labor/M,short,scope_selector_per_variate,scope_selector_per_variate,run_0,0,3,vanilla_multivariate,5,vanilla_multivariate,2,
US_Labor/M,short,scope_selector_per_variate,scope_selector_per_variate,run_0,0,4,vanilla_multivariate,5,vanilla_multivariate,2,
US_Labor/M,short,scope_selector_per_variate,scope_selector_per_variate,run_0,0,5,vanilla_univariate,5,vanilla_univariate,2,
US_Labor/M,short,scope_selector_per_variate,scope_selector_per_variate,run_0,0,6,vanilla_multivariate,5,vanilla_multivariate,2,
US_Labor/M,short,scope_selector_per_variate,scope_selector_per_variate,run_0,0,7,vanilla_univariate,5,vanilla_univariate,2,
US_Labor/M,short,scope_selector_per_variate,scope_selector_per_variate,run_0,0,8,vanilla_univariate,5,vanilla_univariate,2,
US_Labor/M,short,scope_selector_per_variate,scope_selector_per_variate,run_0,0,9,vanilla_univariate,5,vanilla_univariate,2,
US_Labor/M,short,scope_selector_per_variate,scope_selector_per_variate,run_0,0,10,vanilla_multivariate,5,vanilla_multivariate,2,
US_Labor/M,short,scope_selector_per_variate,scope_selector_per_variate,run_0,0,11,vanilla_multivariate,5,vanilla_multivariate,2,
US_Labor/M,short,scope_selector_per_variate,scope_selector_per_variate,run_0,0,12,vanilla_multivariate,5,vanilla_multivariate,2,
US_Labor/M,short,scope_selector_per_variate,scope_selector_per_variate,run_0,0,13,vanilla_multivariate,5,vanilla_multivariate,2,
Vehicle_Supply/M,short,scope_selector,scope_selector,run_1,,,vanilla_multivariate,5,vanilla_multivariate,2,
Vehicle_Supply/M,short,scope_selector_per_variate,scope_selector_per_variate,run_0,0,0,vanilla_univariate,5,vanilla_univariate,2,
Vehicle_Supply/M,short,scope_selector_per_variate,scope_selector_per_variate,run_0,0,1,vanilla_univariate,5,vanilla_multivariate,2,
Vehicle_Supply/M,short,scope_selector_per_variate,scope_selector_per_variate,run_0,0,2,vanilla_multivariate,5,vanilla_multivariate,2,
Vehicle_Supply/M,short,scope_selector_per_variate,scope_selector_per_variate,run_0,0,3,vanilla_multivariate,5,vanilla_multivariate,2,
Vehicle_Supply/M,short,scope_selector_per_variate,scope_selector_per_variate,run_0,0,4,vanilla_multivariate,5,vanilla_multivariate,2,
Vehicle_Supply/M,short,scope_selector_per_variate,scope_selector_per_variate,run_0,0,5,vanilla_multivariate,5,vanilla_multivariate,2,
Auto_Production_SF/M,short,scope_selector,scope_selector,run_1,,,vanilla_univariate,5,vanilla_univariate,2,
Auto_Production_SF/M,short,scope_selector_per_variate,scope_selector_per_variate,run_0,0,0,vanilla_univariate,5,vanilla_univariate,2,
Commodity_Production/M,short,scope_selector,scope_selector,run_1,,,vanilla_univariate,96,vanilla_multivariate,5,
Commodity_Production/M,short,scope_selector_per_variate,scope_selector_per_variate,run_0,0,0,vanilla_univariate,5,vanilla_univariate,2,
Commodity_Production/M,short,scope_selector_per_variate,scope_selector_per_variate,run_0,1,0,vanilla_univariate,5,vanilla_univariate,2,
Commodity_Production/M,short,scope_selector_per_variate,scope_selector_per_variate,run_0,2,0,vanilla_multivariate,5,vanilla_multivariate,2,
Commodity_Production/M,short,scope_selector_per_variate,scope_selector_per_variate,run_0,3,0,vanilla_multivariate,5,vanilla_multivariate,2,
Commodity_Production/M,short,scope_selector_per_variate,scope_selector_per_variate,run_0,4,0,vanilla_univariate,5,vanilla_multivariate,2,
Commodity_Production/M,short,scope_selector_per_variate,scope_selector_per_variate,run_0,5,0,vanilla_multivariate,5,vanilla_multivariate,2,
Commodity_Production/M,short,scope_selector_per_variate,scope_selector_per_variate,run_0,6,0,vanilla_univariate,5,vanilla_multivariate,2,
Commodity_Production/M,short,scope_selector_per_variate,scope_selector_per_variate,run_0,7,0,vanilla_multivariate,5,vanilla_multivariate,2,
Commodity_Production/M,short,scope_selector_per_variate,scope_selector_per_variate,run_0,8,0,vanilla_univariate,5,vanilla_univariate,2,
Commodity_Production/M,short,scope_selector_per_variate,scope_selector_per_variate,run_0,9,0,vanilla_univariate,5,vanilla_univariate,2,
Commodity_Production/M,short,scope_selector_per_variate,scope_selector_per_variate,run_0,10,0,vanilla_univariate,5,vanilla_univariate,2,
Commodity_Production/M,short,scope_selector_per_variate,scope_selector_per_variate,run_0,11,0,vanilla_multivariate,5,vanilla_multivariate,2,
Commodity_Production/M,short,scope_selector_per_variate,scope_selector_per_variate,run_0,12,0,vanilla_univariate,5,vanilla_univariate,2,
Commodity_Production/M,short,scope_selector_per_variate,scope_selector_per_variate,run_0,13,0,vanilla_multivariate,5,vanilla_multivariate,2,
Commodity_Production/M,short,scope_selector_per_variate,scope_selector_per_variate,run_0,14,0,vanilla_univariate,3,vanilla_univariate,1,
Commodity_Production/M,short,scope_selector_per_variate,scope_selector_per_variate,run_0,15,0,vanilla_univariate,4,vanilla_univariate,2,
Commodity_Production/M,short,scope_selector_per_variate,scope_selector_per_variate,run_0,16,0,vanilla_univariate,5,vanilla_univariate,2,
Commodity_Production/M,short,scope_selector_per_variate,scope_selector_per_variate,run_0,17,0,vanilla_univariate,4,vanilla_univariate,2,
Commodity_Production/M,short,scope_selector_per_variate,scope_selector_per_variate,run_0,18,0,vanilla_univariate,5,vanilla_univariate,2,
Commodity_Production/M,short,scope_selector_per_variate,scope_selector_per_variate,run_0,19,0,vanilla_univariate,5,vanilla_univariate,2,
Commodity_Production/M,short,scope_selector_per_variate,scope_selector_per_variate,run_0,20,0,vanilla_univariate,5,vanilla_univariate,2,
Commodity_Production/M,short,scope_selector_per_variate,scope_selector_per_variate,run_0,21,0,vanilla_multivariate,5,vanilla_multivariate,2,
Commodity_Production/M,short,scope_selector_per_variate,scope_selector_per_variate,run_0,22,0,vanilla_univariate,5,vanilla_univariate,2,
Commodity_Production/M,short,scope_selector_per_variate,scope_selector_per_variate,run_0,23,0,vanilla_multivariate,5,vanilla_multivariate,2,
Commodity_Production/M,short,scope_selector_per_variate,scope_selector_per_variate,run_0,24,0,vanilla_univariate,5,vanilla_multivariate,2,
Commodity_Production/M,short,scope_selector_per_variate,scope_selector_per_variate,run_0,25,0,vanilla_univariate,5,vanilla_multivariate,2,
Commodity_Production/M,short,scope_selector_per_variate,scope_selector_per_variate,run_0,26,0,vanilla_univariate,5,vanilla_univariate,2,
Commodity_Production/M,short,scope_selector_per_variate,scope_selector_per_variate,run_0,27,0,vanilla_univariate,5,vanilla_multivariate,2,
Commodity_Production/M,short,scope_selector_per_variate,scope_selector_per_variate,run_0,28,0,vanilla_multivariate,5,vanilla_multivariate,2,
Commodity_Production/M,short,scope_selector_per_variate,scope_selector_per_variate,run_0,29,0,vanilla_univariate,5,vanilla_univariate,2,
Commodity_Production/M,short,scope_selector_per_variate,scope_selector_per_variate,run_0,30,0,vanilla_univariate,5,vanilla_multivariate,2,
Commodity_Production/M,short,scope_selector_per_variate,scope_selector_per_variate,run_0,31,0,vanilla_multivariate,5,vanilla_multivariate,2,
Commodity_Import/M,short,scope_selector,scope_selector,run_1,,,vanilla_univariate,30,vanilla_univariate,3,
Commodity_Import/M,short,scope_selector_per_variate,scope_selector_per_variate,run_0,0,0,vanilla_univariate,5,vanilla_multivariate,2,
Commodity_Import/M,short,scope_selector_per_variate,scope_selector_per_variate,run_0,1,0,vanilla_multivariate,5,vanilla_multivariate,2,
Commodity_Import/M,short,scope_selector_per_variate,scope_selector_per_variate,run_0,2,0,vanilla_univariate,5,vanilla_multivariate,2,
Commodity_Import/M,short,scope_selector_per_variate,scope_selector_per_variate,run_0,3,0,vanilla_univariate,5,vanilla_univariate,2,
Commodity_Import/M,short,scope_selector_per_variate,scope_selector_per_variate,run_0,4,0,vanilla_multivariate,5,vanilla_multivariate,2,
Commodity_Import/M,short,scope_selector_per_variate,scope_selector_per_variate,run_0,5,0,vanilla_univariate,5,vanilla_univariate,2,
Commodity_Import/M,short,scope_selector_per_variate,scope_selector_per_variate,run_0,6,0,vanilla_univariate,5,vanilla_univariate,2,
Commodity_Import/M,short,scope_selector_per_variate,scope_selector_per_variate,run_0,7,0,vanilla_univariate,5,vanilla_univariate,2,
WUI_Global/Q,short,scope_selector,scope_selector,run_1,,,vanilla_univariate,5,vanilla_multivariate,2,
WUI_Global/Q,short,scope_selector_per_variate,scope_selector_per_variate,run_0,0,0,vanilla_multivariate,5,vanilla_multivariate,2,
WUI_Global/Q,short,scope_selector_per_variate,scope_selector_per_variate,run_0,0,1,vanilla_multivariate,5,vanilla_multivariate,2,
WUI_Global/Q,short,scope_selector_per_variate,scope_selector_per_variate,run_0,0,2,vanilla_univariate,5,vanilla_univariate,2,
WUI_Global/Q,short,scope_selector_per_variate,scope_selector_per_variate,run_0,0,3,vanilla_univariate,5,vanilla_univariate,2,
WUI_Global/Q,short,scope_selector_per_variate,scope_selector_per_variate,run_0,0,4,vanilla_univariate,5,vanilla_univariate,2,
WUI_Global/Q,short,scope_selector_per_variate,scope_selector_per_variate,run_0,0,5,vanilla_multivariate,5,vanilla_multivariate,2,
WUI_Global/Q,short,scope_selector_per_variate,scope_selector_per_variate,run_0,0,6,vanilla_univariate,5,vanilla_univariate,2,
WUI_Global/Q,short,scope_selector_per_variate,scope_selector_per_variate,run_0,0,7,vanilla_univariate,5,vanilla_multivariate,2,
WUI_Global/Q,short,scope_selector_per_variate,scope_selector_per_variate,run_0,0,8,vanilla_univariate,5,vanilla_multivariate,2,
WUI_Global/Q,short,scope_selector_per_variate,scope_selector_per_variate,run_0,0,9,vanilla_univariate,5,vanilla_univariate,2,
WUI_Global/Q,short,scope_selector_per_variate,scope_selector_per_variate,run_0,0,10,vanilla_univariate,5,vanilla_multivariate,2,
WUI_Global/Q,short,scope_selector_per_variate,scope_selector_per_variate,run_0,0,11,vanilla_univariate,5,vanilla_multivariate,2,
WUI_Global/Q,short,scope_selector_per_variate,scope_selector_per_variate,run_0,0,12,vanilla_univariate,5,vanilla_univariate,2,
WUI_Global/Q,short,scope_selector_per_variate,scope_selector_per_variate,run_0,0,13,vanilla_univariate,5,vanilla_multivariate,2,
WUI_Global/Q,short,scope_selector_per_variate,scope_selector_per_variate,run_0,0,14,vanilla_multivariate,5,vanilla_multivariate,2,
Global_Price/Q,short,scope_selector,scope_selector,run_1,,,vanilla_univariate,5,vanilla_univariate,2,
Global_Price/Q,short,scope_selector_per_variate,scope_selector_per_variate,run_0,0,0,vanilla_univariate,5,vanilla_multivariate,2,
Global_Price/Q,short,scope_selector_per_variate,scope_selector_per_variate,run_0,0,1,vanilla_univariate,5,vanilla_multivariate,2,
Global_Price/Q,short,scope_selector_per_variate,scope_selector_per_variate,run_0,0,2,vanilla_univariate,5,vanilla_univariate,2,
Global_Price/Q,short,scope_selector_per_variate,scope_selector_per_variate,run_0,0,3,vanilla_univariate,5,vanilla_univariate,2,
Global_Price/Q,short,scope_selector_per_variate,scope_selector_per_variate,run_0,0,4,vanilla_univariate,5,vanilla_univariate,2,
Global_Price/Q,short,scope_selector_per_variate,scope_selector_per_variate,run_0,0,5,vanilla_univariate,5,vanilla_univariate,2,
Global_Price/Q,short,scope_selector_per_variate,scope_selector_per_variate,run_0,0,6,vanilla_univariate,5,vanilla_multivariate,2,
Global_Price/Q,short,scope_selector_per_variate,scope_selector_per_variate,run_0,0,7,vanilla_univariate,5,vanilla_univariate,2,
Global_Price/Q,short,scope_selector_per_variate,scope_selector_per_variate,run_0,0,8,vanilla_univariate,5,vanilla_univariate,2,
Global_Price/Q,short,scope_selector_per_variate,scope_selector_per_variate,run_0,0,9,vanilla_univariate,5,vanilla_univariate,2,
Global_Price/Q,short,scope_selector_per_variate,scope_selector_per_variate,run_0,0,10,vanilla_univariate,5,vanilla_multivariate,2,
Global_Price/Q,short,scope_selector_per_variate,scope_selector_per_variate,run_0,0,11,vanilla_multivariate,5,vanilla_multivariate,2,
Global_Price/Q,short,scope_selector_per_variate,scope_selector_per_variate,run_0,0,12,vanilla_univariate,5,vanilla_univariate,2,
Global_Price/Q,short,scope_selector_per_variate,scope_selector_per_variate,run_0,0,13,vanilla_univariate,5,vanilla_multivariate,2,
Global_Price/Q,short,scope_selector_per_variate,scope_selector_per_variate,run_0,0,14,vanilla_univariate,5,vanilla_univariate,2,
Global_Price/Q,short,scope_selector_per_variate,scope_selector_per_variate,run_0,0,15,vanilla_univariate,5,vanilla_univariate,2,
Global_Price/Q,short,scope_selector_per_variate,scope_selector_per_variate,run_0,0,16,vanilla_univariate,5,vanilla_univariate,2,
Global_Price/Q,short,scope_selector_per_variate,scope_selector_per_variate,run_0,0,17,vanilla_univariate,5,vanilla_univariate,2,
Global_Price/Q,short,scope_selector_per_variate,scope_selector_per_variate,run_0,0,18,vanilla_univariate,5,vanilla_multivariate,2,
Global_Price/Q,short,scope_selector_per_variate,scope_selector_per_variate,run_0,0,19,vanilla_univariate,5,vanilla_multivariate,2,
Global_Price/Q,short,scope_selector_per_variate,scope_selector_per_variate,run_0,0,20,vanilla_univariate,5,vanilla_univariate,2,
Global_Price/Q,short,scope_selector_per_variate,scope_selector_per_variate,run_0,0,21,vanilla_univariate,5,vanilla_univariate,2,
Global_Price/Q,short,scope_selector_per_variate,scope_selector_per_variate,run_0,0,22,vanilla_univariate,5,vanilla_univariate,2,
Global_Price/Q,short,scope_selector_per_variate,scope_selector_per_variate,run_0,0,23,vanilla_multivariate,5,vanilla_multivariate,2,
Global_Price/Q,short,scope_selector_per_variate,scope_selector_per_variate,run_0,0,24,vanilla_univariate,5,vanilla_univariate,2,
Global_Price/Q,short,scope_selector_per_variate,scope_selector_per_variate,run_0,0,25,vanilla_univariate,5,vanilla_univariate,2,
Global_Price/Q,short,scope_selector_per_variate,scope_selector_per_variate,run_0,0,26,vanilla_univariate,5,vanilla_univariate,2,
Global_Price/Q,short,scope_selector_per_variate,scope_selector_per_variate,run_0,0,27,vanilla_univariate,5,vanilla_univariate,2,
Global_Price/Q,short,scope_selector_per_variate,scope_selector_per_variate,run_0,0,28,vanilla_univariate,5,vanilla_multivariate,2,
Global_Price/Q,short,scope_selector_per_variate,scope_selector_per_variate,run_0,0,29,vanilla_univariate,5,vanilla_multivariate,2,
Global_Price/Q,short,scope_selector_per_variate,scope_selector_per_variate,run_0,0,30,vanilla_univariate,5,vanilla_multivariate,2,
Global_Price/Q,short,scope_selector_per_variate,scope_selector_per_variate,run_0,0,31,vanilla_univariate,5,vanilla_univariate,2,
Global_Price/Q,short,scope_selector_per_variate,scope_selector_per_variate,run_0,0,32,vanilla_univariate,5,vanilla_univariate,2,
Global_Price/Q,short,scope_selector_per_variate,scope_selector_per_variate,run_0,0,33,vanilla_univariate,5,vanilla_multivariate,2,
Global_Price/Q,short,scope_selector_per_variate,scope_selector_per_variate,run_0,0,34,vanilla_univariate,5,vanilla_multivariate,2,
Global_Price/Q,short,scope_selector_per_variate,scope_selector_per_variate,run_0,0,35,vanilla_univariate,5,vanilla_univariate,2,
Global_Price/Q,short,scope_selector_per_variate,scope_selector_per_variate,run_0,0,36,vanilla_univariate,5,vanilla_univariate,2,
Global_Price/Q,short,scope_selector_per_variate,scope_selector_per_variate,run_0,0,37,vanilla_univariate,5,vanilla_multivariate,2,
Global_Price/Q,short,scope_selector_per_variate,scope_selector_per_variate,run_0,0,38,vanilla_univariate,5,vanilla_univariate,2,
Global_Price/Q,short,scope_selector_per_variate,scope_selector_per_variate,run_0,0,39,vanilla_univariate,5,vanilla_univariate,2,
Global_Price/Q,short,scope_selector_per_variate,scope_selector_per_variate,run_0,0,40,vanilla_multivariate,5,vanilla_multivariate,2,
Global_Price/Q,short,scope_selector_per_variate,scope_selector_per_variate,run_0,0,41,vanilla_univariate,5,vanilla_univariate,2,
Global_Price/Q,short,scope_selector_per_variate,scope_selector_per_variate,run_0,0,42,vanilla_multivariate,5,vanilla_multivariate,2,
Global_Price/Q,short,scope_selector_per_variate,scope_selector_per_variate,run_0,0,43,vanilla_multivariate,5,vanilla_multivariate,2,
Global_Price/Q,short,scope_selector_per_variate,scope_selector_per_variate,run_0,0,44,vanilla_multivariate,5,vanilla_multivariate,2,
Global_Price/Q,short,scope_selector_per_variate,scope_selector_per_variate,run_0,0,45,vanilla_univariate,5,vanilla_multivariate,2,
Global_Price/Q,short,scope_selector_per_variate,scope_selector_per_variate,run_0,0,46,vanilla_univariate,5,vanilla_univariate,2,
Global_Price/Q,short,scope_selector_per_variate,scope_selector_per_variate,run_0,0,47,vanilla_univariate,5,vanilla_univariate,2,
Global_Price/Q,short,scope_selector_per_variate,scope_selector_per_variate,run_0,0,48,vanilla_univariate,5,vanilla_multivariate,2,
Global_Price/Q,short,scope_selector_per_variate,scope_selector_per_variate,run_0,0,49,vanilla_univariate,5,vanilla_univariate,2,
Global_Price/Q,short,scope_selector_per_variate,scope_selector_per_variate,run_0,0,50,vanilla_multivariate,5,vanilla_multivariate,2,
Global_Price/Q,short,scope_selector_per_variate,scope_selector_per_variate,run_0,0,51,vanilla_univariate,5,vanilla_univariate,2,
Global_Price/Q,short,scope_selector_per_variate,scope_selector_per_variate,run_0,0,52,vanilla_univariate,5,vanilla_univariate,2,
Global_Price/Q,short,scope_selector_per_variate,scope_selector_per_variate,run_0,0,53,vanilla_univariate,5,vanilla_univariate,2,
Global_Price/Q,short,scope_selector_per_variate,scope_selector_per_variate,run_0,0,54,vanilla_multivariate,5,vanilla_multivariate,2,
Global_Price/Q,short,scope_selector_per_variate,scope_selector_per_variate,run_0,0,55,vanilla_univariate,5,vanilla_multivariate,2,
Global_Price/Q,short,scope_selector_per_variate,scope_selector_per_variate,run_0,0,56,vanilla_univariate,5,vanilla_univariate,2,
Global_Price/Q,short,scope_selector_per_variate,scope_selector_per_variate,run_0,0,57,vanilla_univariate,5,vanilla_univariate,2,
Global_Price/Q,short,scope_selector_per_variate,scope_selector_per_variate,run_0,0,58,vanilla_univariate,5,vanilla_univariate,2,
Global_Price/Q,short,scope_selector_per_variate,scope_selector_per_variate,run_0,0,59,vanilla_univariate,5,vanilla_univariate,2,
Vehicle_Sales/M,short,scope_selector,scope_selector,run_1,,,vanilla_univariate,5,vanilla_univariate,2,
Vehicle_Sales/M,short,scope_selector_per_variate,scope_selector_per_variate,run_0,0,0,vanilla_univariate,5,vanilla_univariate,2,
Vehicle_Sales/M,short,scope_selector_per_variate,scope_selector_per_variate,run_0,0,1,vanilla_univariate,5,vanilla_univariate,2,
Vehicle_Sales/M,short,scope_selector_per_variate,scope_selector_per_variate,run_0,0,2,vanilla_multivariate,5,vanilla_multivariate,2,
Vehicle_Sales/M,short,scope_selector_per_variate,scope_selector_per_variate,run_0,0,3,vanilla_univariate,5,vanilla_univariate,2,
Vehicle_Sales/M,short,scope_selector_per_variate,scope_selector_per_variate,run_0,0,4,vanilla_univariate,5,vanilla_univariate,2,
Vehicle_Sales/M,short,scope_selector_per_variate,scope_selector_per_variate,run_0,0,5,vanilla_univariate,5,vanilla_univariate,2,
Vehicle_Sales/M,short,scope_selector_per_variate,scope_selector_per_variate,run_0,0,6,vanilla_univariate,5,vanilla_univariate,2,
Vehicle_Sales/M,short,scope_selector_per_variate,scope_selector_per_variate,run_0,0,7,vanilla_univariate,5,vanilla_multivariate,2,
Vehicle_Sales/M,short,scope_selector_per_variate,scope_selector_per_variate,run_0,0,8,vanilla_univariate,5,vanilla_multivariate,2,
Vehicle_Sales/M,short,scope_selector_per_variate,scope_selector_per_variate,run_0,0,9,vanilla_univariate,5,vanilla_univariate,2,
Online_Retail_2_UCI/D,short,scope_selector,scope_selector,run_1,,,vanilla_univariate,6,vanilla_univariate,2,
Online_Retail_2_UCI/D,short,scope_selector_per_variate,scope_selector_per_variate,run_0,0,0,vanilla_univariate,6,vanilla_univariate,2,
Supply_Chain_Customer/D,short,scope_selector,scope_selector,run_1,,,vanilla_univariate,12,vanilla_multivariate,2,
Supply_Chain_Customer/D,short,scope_selector_per_variate,scope_selector_per_variate,run_0,0,0,vanilla_univariate,12,vanilla_univariate,2,
Supply_Chain_Customer/D,short,scope_selector_per_variate,scope_selector_per_variate,run_0,0,1,vanilla_univariate,12,vanilla_univariate,2,
Supply_Chain_Customer/D,short,scope_selector_per_variate,scope_selector_per_variate,run_0,0,2,vanilla_univariate,12,vanilla_univariate,2,
Supply_Chain_Customer/D,short,scope_selector_per_variate,scope_selector_per_variate,run_0,0,3,vanilla_multivariate,12,vanilla_multivariate,2,
Supply_Chain_Customer/D,short,scope_selector_per_variate,scope_selector_per_variate,run_0,0,4,vanilla_multivariate,12,vanilla_multivariate,2,
Supply_Chain_Customer/D,short,scope_selector_per_variate,scope_selector_per_variate,run_0,0,5,vanilla_multivariate,12,vanilla_multivariate,2,
Supply_Chain_Customer/D,short,scope_selector_per_variate,scope_selector_per_variate,run_0,0,6,vanilla_univariate,12,vanilla_multivariate,2,
Supply_Chain_Customer/D,short,scope_selector_per_variate,scope_selector_per_variate,run_0,0,7,vanilla_multivariate,12,vanilla_multivariate,2,
Supply_Chain_Customer/D,short,scope_selector_per_variate,scope_selector_per_variate,run_0,0,8,vanilla_univariate,12,vanilla_multivariate,2,
Supply_Chain_Customer/D,short,scope_selector_per_variate,scope_selector_per_variate,run_0,0,9,vanilla_univariate,12,vanilla_univariate,2,
Supply_Chain_Customer/D,short,scope_selector_per_variate,scope_selector_per_variate,run_0,0,10,vanilla_univariate,12,vanilla_univariate,2,
Supply_Chain_Customer/D,short,scope_selector_per_variate,scope_selector_per_variate,run_0,0,11,vanilla_univariate,12,vanilla_univariate,2,
Supply_Chain_Customer/D,short,scope_selector_per_variate,scope_selector_per_variate,run_0,0,12,vanilla_multivariate,12,vanilla_multivariate,2,
Supply_Chain_Customer/D,short,scope_selector_per_variate,scope_selector_per_variate,run_0,0,13,vanilla_univariate,12,vanilla_multivariate,2,
Supply_Chain_Customer/D,short,scope_selector_per_variate,scope_selector_per_variate,run_0,0,14,vanilla_multivariate,12,vanilla_multivariate,2,
Supply_Chain_Customer/D,short,scope_selector_per_variate,scope_selector_per_variate,run_0,0,15,vanilla_multivariate,12,vanilla_multivariate,2,
Supply_Chain_Customer/D,short,scope_selector_per_variate,scope_selector_per_variate,run_0,0,16,vanilla_multivariate,12,vanilla_multivariate,2,
Supply_Chain_Customer/D,short,scope_selector_per_variate,scope_selector_per_variate,run_0,0,17,vanilla_multivariate,12,vanilla_multivariate,2,
Supply_Chain_Customer/D,short,scope_selector_per_variate,scope_selector_per_variate,run_0,0,18,vanilla_multivariate,12,vanilla_multivariate,2,
Supply_Chain_Customer/D,short,scope_selector_per_variate,scope_selector_per_variate,run_0,0,19,vanilla_multivariate,12,vanilla_multivariate,2,
Supply_Chain_Customer/D,short,scope_selector_per_variate,scope_selector_per_variate,run_0,0,20,vanilla_multivariate,12,vanilla_multivariate,2,
Supply_Chain_Customer/D,short,scope_selector_per_variate,scope_selector_per_variate,run_0,0,21,vanilla_multivariate,12,vanilla_multivariate,2,
Supply_Chain_Customer/D,short,scope_selector_per_variate,scope_selector_per_variate,run_0,0,22,vanilla_multivariate,12,vanilla_multivariate,2,
Supply_Chain_Customer/D,short,scope_selector_per_variate,scope_selector_per_variate,run_0,0,23,vanilla_multivariate,12,vanilla_multivariate,2,
Supply_Chain_Customer/D,short,scope_selector_per_variate,scope_selector_per_variate,run_0,0,24,vanilla_univariate,12,vanilla_multivariate,2,
Supply_Chain_Customer/D,short,scope_selector_per_variate,scope_selector_per_variate,run_0,0,25,vanilla_univariate,12,vanilla_multivariate,2,
Supply_Chain_Customer/D,short,scope_selector_per_variate,scope_selector_per_variate,run_0,0,26,vanilla_multivariate,12,vanilla_multivariate,2,
Supply_Chain_Customer/D,short,scope_selector_per_variate,scope_selector_per_variate,run_0,0,27,vanilla_univariate,12,vanilla_univariate,2,
Supply_Chain_Customer/D,short,scope_selector_per_variate,scope_selector_per_variate,run_0,0,28,vanilla_univariate,12,vanilla_univariate,2,
Supply_Chain_Customer/D,short,scope_selector_per_variate,scope_selector_per_variate,run_0,0,29,vanilla_univariate,12,vanilla_univariate,2,
Supply_Chain_Customer/D,short,scope_selector_per_variate,scope_selector_per_variate,run_0,0,30,vanilla_univariate,12,vanilla_multivariate,2,
Supply_Chain_Customer/D,short,scope_selector_per_variate,scope_selector_per_variate,run_0,0,31,vanilla_univariate,12,vanilla_univariate,2,
Supply_Chain_Customer/D,short,scope_selector_per_variate,scope_selector_per_variate,run_0,0,32,vanilla_univariate,12,vanilla_univariate,2,
Supply_Chain_Customer/D,short,scope_selector_per_variate,scope_selector_per_variate,run_0,0,33,vanilla_univariate,12,vanilla_univariate,2,
Supply_Chain_Customer/D,short,scope_selector_per_variate,scope_selector_per_variate,run_0,0,34,vanilla_univariate,12,vanilla_univariate,2,
Supply_Chain_Customer/D,short,scope_selector_per_variate,scope_selector_per_variate,run_0,0,35,vanilla_univariate,12,vanilla_univariate,2,
Supply_Chain_Location/D,short,scope_selector,scope_selector,run_1,,,vanilla_multivariate,12,vanilla_multivariate,2,
Supply_Chain_Location/D,short,scope_selector_per_variate,scope_selector_per_variate,run_0,0,0,vanilla_univariate,12,vanilla_multivariate,2,
Supply_Chain_Location/D,short,scope_selector_per_variate,scope_selector_per_variate,run_0,0,1,vanilla_univariate,12,vanilla_multivariate,2,
Supply_Chain_Location/D,short,scope_selector_per_variate,scope_selector_per_variate,run_0,0,2,vanilla_multivariate,12,vanilla_multivariate,2,
Supply_Chain_Location/D,short,scope_selector_per_variate,scope_selector_per_variate,run_0,0,3,vanilla_multivariate,12,vanilla_multivariate,2,
Supply_Chain_Location/D,short,scope_selector_per_variate,scope_selector_per_variate,run_0,0,4,vanilla_multivariate,12,vanilla_multivariate,2,
Supply_Chain_Location/D,short,scope_selector_per_variate,scope_selector_per_variate,run_0,0,5,vanilla_multivariate,12,vanilla_multivariate,2,
Supply_Chain_Location/D,short,scope_selector_per_variate,scope_selector_per_variate,run_0,0,6,vanilla_univariate,12,vanilla_multivariate,2,
Supply_Chain_Location/D,short,scope_selector_per_variate,scope_selector_per_variate,run_0,0,7,vanilla_univariate,12,vanilla_multivariate,2,
Supply_Chain_Location/D,short,scope_selector_per_variate,scope_selector_per_variate,run_0,0,8,vanilla_univariate,12,vanilla_multivariate,2,
Supply_Chain_Location/D,short,scope_selector_per_variate,scope_selector_per_variate,run_0,0,9,vanilla_multivariate,12,vanilla_multivariate,2,
Supply_Chain_Location/D,short,scope_selector_per_variate,scope_selector_per_variate,run_0,0,10,vanilla_multivariate,12,vanilla_multivariate,2,
Supply_Chain_Location/D,short,scope_selector_per_variate,scope_selector_per_variate,run_0,0,11,vanilla_univariate,12,vanilla_multivariate,2,
Supply_Chain_Location/D,short,scope_selector_per_variate,scope_selector_per_variate,run_0,0,12,vanilla_multivariate,12,vanilla_multivariate,2,
Supply_Chain_Location/D,short,scope_selector_per_variate,scope_selector_per_variate,run_0,0,13,vanilla_multivariate,12,vanilla_multivariate,2,
Supply_Chain_Location/D,short,scope_selector_per_variate,scope_selector_per_variate,run_0,0,14,vanilla_multivariate,12,vanilla_multivariate,2,
Supply_Chain_Location/D,short,scope_selector_per_variate,scope_selector_per_variate,run_0,0,15,vanilla_multivariate,12,vanilla_multivariate,2,
Supply_Chain_Location/D,short,scope_selector_per_variate,scope_selector_per_variate,run_0,0,16,vanilla_multivariate,12,vanilla_multivariate,2,
Supply_Chain_Location/D,short,scope_selector_per_variate,scope_selector_per_variate,run_0,0,17,vanilla_multivariate,12,vanilla_multivariate,2,
Supply_Chain_Location/D,short,scope_selector_per_variate,scope_selector_per_variate,run_0,0,18,vanilla_univariate,12,vanilla_multivariate,2,
Supply_Chain_Location/D,short,scope_selector_per_variate,scope_selector_per_variate,run_0,0,19,vanilla_univariate,12,vanilla_multivariate,2,
Supply_Chain_Location/D,short,scope_selector_per_variate,scope_selector_per_variate,run_0,0,20,vanilla_multivariate,12,vanilla_multivariate,2,
Supply_Chain_Location/D,short,scope_selector_per_variate,scope_selector_per_variate,run_0,0,21,vanilla_univariate,12,vanilla_multivariate,2,
Supply_Chain_Location/D,short,scope_selector_per_variate,scope_selector_per_variate,run_0,0,22,vanilla_univariate,12,vanilla_multivariate,2,
Supply_Chain_Location/D,short,scope_selector_per_variate,scope_selector_per_variate,run_0,0,23,vanilla_univariate,12,vanilla_multivariate,2,
Supply_Chain_Location/D,short,scope_selector_per_variate,scope_selector_per_variate,run_0,0,24,vanilla_univariate,12,vanilla_multivariate,2,
Supply_Chain_Location/D,short,scope_selector_per_variate,scope_selector_per_variate,run_0,0,25,vanilla_univariate,12,vanilla_multivariate,2,
Supply_Chain_Location/D,short,scope_selector_per_variate,scope_selector_per_variate,run_0,0,26,vanilla_multivariate,12,vanilla_multivariate,2,
Supply_Chain_Location/D,short,scope_selector_per_variate,scope_selector_per_variate,run_0,0,27,vanilla_univariate,12,vanilla_univariate,2,
Supply_Chain_Location/D,short,scope_selector_per_variate,scope_selector_per_variate,run_0,0,28,vanilla_univariate,12,vanilla_univariate,2,
Supply_Chain_Location/D,short,scope_selector_per_variate,scope_selector_per_variate,run_0,0,29,vanilla_univariate,12,vanilla_univariate,2,
Supply_Chain_Location/D,short,scope_selector_per_variate,scope_selector_per_variate,run_0,0,30,vanilla_multivariate,12,vanilla_multivariate,2,
Supply_Chain_Location/D,short,scope_selector_per_variate,scope_selector_per_variate,run_0,0,31,vanilla_multivariate,12,vanilla_multivariate,2,
Supply_Chain_Location/D,short,scope_selector_per_variate,scope_selector_per_variate,run_0,0,32,vanilla_multivariate,12,vanilla_multivariate,2,
Supply_Chain_Location/D,short,scope_selector_per_variate,scope_selector_per_variate,run_0,0,33,vanilla_univariate,12,vanilla_univariate,2,
Supply_Chain_Location/D,short,scope_selector_per_variate,scope_selector_per_variate,run_0,0,34,vanilla_univariate,12,vanilla_univariate,2,
Supply_Chain_Location/D,short,scope_selector_per_variate,scope_selector_per_variate,run_0,0,35,vanilla_univariate,12,vanilla_univariate,2,
Supply_Chain_Location/D,short,scope_selector_per_variate,scope_selector_per_variate,run_0,0,36,vanilla_multivariate,12,vanilla_multivariate,2,
Supply_Chain_Location/D,short,scope_selector_per_variate,scope_selector_per_variate,run_0,0,37,vanilla_multivariate,12,vanilla_multivariate,2,
Supply_Chain_Location/D,short,scope_selector_per_variate,scope_selector_per_variate,run_0,0,38,vanilla_multivariate,12,vanilla_multivariate,2,
Supply_Chain_Location/D,short,scope_selector_per_variate,scope_selector_per_variate,run_0,0,39,vanilla_univariate,12,vanilla_univariate,2,
Supply_Chain_Location/D,short,scope_selector_per_variate,scope_selector_per_variate,run_0,0,40,vanilla_univariate,12,vanilla_univariate,2,
Supply_Chain_Location/D,short,scope_selector_per_variate,scope_selector_per_variate,run_0,0,41,vanilla_univariate,12,vanilla_multivariate,2,
Supply_Chain_Location/D,short,scope_selector_per_variate,scope_selector_per_variate,run_0,0,42,vanilla_univariate,12,vanilla_multivariate,2,
Supply_Chain_Location/D,short,scope_selector_per_variate,scope_selector_per_variate,run_0,0,43,vanilla_univariate,12,vanilla_multivariate,2,
Supply_Chain_Location/D,short,scope_selector_per_variate,scope_selector_per_variate,run_0,0,44,vanilla_univariate,12,vanilla_multivariate,2,
Supply_Chain_Location/D,short,scope_selector_per_variate,scope_selector_per_variate,run_0,0,45,vanilla_multivariate,12,vanilla_multivariate,2,
Supply_Chain_Location/D,short,scope_selector_per_variate,scope_selector_per_variate,run_0,0,46,vanilla_multivariate,12,vanilla_multivariate,2,
Supply_Chain_Location/D,short,scope_selector_per_variate,scope_selector_per_variate,run_0,0,47,vanilla_multivariate,12,vanilla_multivariate,2,
Supply_Chain_Location/D,short,scope_selector_per_variate,scope_selector_per_variate,run_0,0,48,vanilla_univariate,12,vanilla_multivariate,2,
Supply_Chain_Location/D,short,scope_selector_per_variate,scope_selector_per_variate,run_0,0,49,vanilla_univariate,12,vanilla_multivariate,2,
Supply_Chain_Location/D,short,scope_selector_per_variate,scope_selector_per_variate,run_0,0,50,vanilla_multivariate,12,vanilla_multivariate,2,
azure2019_U/5T,short,scope_selector,scope_selector,run_1,,,vanilla_univariate,384,vanilla_multivariate,7,
azure2019_U/5T,short,scope_selector_per_variate,scope_selector_per_variate,run_0,0,0,vanilla_multivariate,6,vanilla_multivariate,2,
azure2019_U/5T,short,scope_selector_per_variate,scope_selector_per_variate,run_0,0,1,vanilla_univariate,6,vanilla_multivariate,2,
azure2019_U/5T,short,scope_selector_per_variate,scope_selector_per_variate,run_0,0,2,vanilla_univariate,6,vanilla_univariate,2,
azure2019_U/5T,short,scope_selector_per_variate,scope_selector_per_variate,run_0,1,0,vanilla_multivariate,6,vanilla_multivariate,2,
azure2019_U/5T,short,scope_selector_per_variate,scope_selector_per_variate,run_0,1,1,vanilla_univariate,6,vanilla_univariate,2,
azure2019_U/5T,short,scope_selector_per_variate,scope_selector_per_variate,run_0,1,2,vanilla_univariate,6,vanilla_univariate,2,
azure2019_U/5T,short,scope_selector_per_variate,scope_selector_per_variate,run_0,2,0,vanilla_multivariate,6,vanilla_multivariate,2,
azure2019_U/5T,short,scope_selector_per_variate,scope_selector_per_variate,run_0,2,1,vanilla_univariate,6,vanilla_univariate,2,
azure2019_U/5T,short,scope_selector_per_variate,scope_selector_per_variate,run_0,2,2,vanilla_multivariate,6,vanilla_multivariate,2,
azure2019_U/5T,short,scope_selector_per_variate,scope_selector_per_variate,run_0,3,0,vanilla_multivariate,6,vanilla_multivariate,2,
azure2019_U/5T,short,scope_selector_per_variate,scope_selector_per_variate,run_0,3,1,vanilla_univariate,6,vanilla_univariate,2,
azure2019_U/5T,short,scope_selector_per_variate,scope_selector_per_variate,run_0,3,2,vanilla_univariate,6,vanilla_multivariate,2,
azure2019_U/5T,short,scope_selector_per_variate,scope_selector_per_variate,run_0,4,0,vanilla_univariate,6,vanilla_univariate,2,
azure2019_U/5T,short,scope_selector_per_variate,scope_selector_per_variate,run_0,4,1,vanilla_multivariate,6,vanilla_multivariate,2,
azure2019_U/5T,short,scope_selector_per_variate,scope_selector_per_variate,run_0,4,2,vanilla_univariate,6,vanilla_univariate,2,
azure2019_U/5T,short,scope_selector_per_variate,scope_selector_per_variate,run_0,5,0,vanilla_univariate,6,vanilla_univariate,2,
azure2019_U/5T,short,scope_selector_per_variate,scope_selector_per_variate,run_0,5,1,vanilla_univariate,6,vanilla_univariate,2,
azure2019_U/5T,short,scope_selector_per_variate,scope_selector_per_variate,run_0,5,2,vanilla_univariate,6,vanilla_multivariate,2,
azure2019_U/5T,short,scope_selector_per_variate,scope_selector_per_variate,run_0,6,0,vanilla_univariate,6,vanilla_multivariate,2,
azure2019_U/5T,short,scope_selector_per_variate,scope_selector_per_variate,run_0,6,1,vanilla_univariate,6,vanilla_multivariate,2,
azure2019_U/5T,short,scope_selector_per_variate,scope_selector_per_variate,run_0,6,2,vanilla_univariate,6,vanilla_univariate,2,
azure2019_U/5T,short,scope_selector_per_variate,scope_selector_per_variate,run_0,7,0,vanilla_multivariate,6,vanilla_multivariate,2,
azure2019_U/5T,short,scope_selector_per_variate,scope_selector_per_variate,run_0,7,1,vanilla_univariate,6,vanilla_multivariate,2,
azure2019_U/5T,short,scope_selector_per_variate,scope_selector_per_variate,run_0,7,2,vanilla_univariate,6,vanilla_univariate,2,
azure2019_U/5T,short,scope_selector_per_variate,scope_selector_per_variate,run_0,8,0,vanilla_univariate,6,vanilla_multivariate,2,
azure2019_U/5T,short,scope_selector_per_variate,scope_selector_per_variate,run_0,8,1,vanilla_multivariate,6,vanilla_multivariate,2,
azure2019_U/5T,short,scope_selector_per_variate,scope_selector_per_variate,run_0,8,2,vanilla_univariate,6,vanilla_univariate,2,
azure2019_U/5T,short,scope_selector_per_variate,scope_selector_per_variate,run_0,9,0,vanilla_multivariate,6,vanilla_multivariate,2,
azure2019_U/5T,short,scope_selector_per_variate,scope_selector_per_variate,run_0,9,1,vanilla_multivariate,6,vanilla_multivariate,2,
azure2019_U/5T,short,scope_selector_per_variate,scope_selector_per_variate,run_0,9,2,vanilla_multivariate,6,vanilla_multivariate,2,
azure2019_U/5T,short,scope_selector_per_variate,scope_selector_per_variate,run_0,10,0,vanilla_univariate,6,vanilla_multivariate,2,
azure2019_U/5T,short,scope_selector_per_variate,scope_selector_per_variate,run_0,10,1,vanilla_univariate,6,vanilla_univariate,2,
azure2019_U/5T,short,scope_selector_per_variate,scope_selector_per_variate,run_0,10,2,vanilla_multivariate,6,vanilla_multivariate,2,
azure2019_U/5T,short,scope_selector_per_variate,scope_selector_per_variate,run_0,11,0,vanilla_univariate,6,vanilla_univariate,2,
azure2019_U/5T,short,scope_selector_per_variate,scope_selector_per_variate,run_0,11,1,vanilla_univariate,6,vanilla_univariate,2,
azure2019_U/5T,short,scope_selector_per_variate,scope_selector_per_variate,run_0,11,2,vanilla_univariate,6,vanilla_univariate,2,
azure2019_U/5T,short,scope_selector_per_variate,scope_selector_per_variate,run_0,12,0,vanilla_univariate,6,vanilla_univariate,2,
azure2019_U/5T,short,scope_selector_per_variate,scope_selector_per_variate,run_0,12,1,vanilla_multivariate,6,vanilla_multivariate,2,
azure2019_U/5T,short,scope_selector_per_variate,scope_selector_per_variate,run_0,12,2,vanilla_univariate,6,vanilla_univariate,2,
azure2019_U/5T,short,scope_selector_per_variate,scope_selector_per_variate,run_0,13,0,vanilla_multivariate,6,vanilla_multivariate,2,
azure2019_U/5T,short,scope_selector_per_variate,scope_selector_per_variate,run_0,13,1,vanilla_univariate,6,vanilla_multivariate,2,
azure2019_U/5T,short,scope_selector_per_variate,scope_selector_per_variate,run_0,13,2,vanilla_univariate,6,vanilla_univariate,2,
azure2019_U/5T,short,scope_selector_per_variate,scope_selector_per_variate,run_0,14,0,vanilla_multivariate,6,vanilla_multivariate,2,
azure2019_U/5T,short,scope_selector_per_variate,scope_selector_per_variate,run_0,14,1,vanilla_univariate,6,vanilla_univariate,2,
azure2019_U/5T,short,scope_selector_per_variate,scope_selector_per_variate,run_0,14,2,vanilla_univariate,6,vanilla_univariate,2,
azure2019_U/5T,short,scope_selector_per_variate,scope_selector_per_variate,run_0,15,0,vanilla_multivariate,6,vanilla_multivariate,2,
azure2019_U/5T,short,scope_selector_per_variate,scope_selector_per_variate,run_0,15,1,vanilla_multivariate,6,vanilla_multivariate,2,
azure2019_U/5T,short,scope_selector_per_variate,scope_selector_per_variate,run_0,15,2,vanilla_univariate,6,vanilla_univariate,2,
azure2019_U/5T,short,scope_selector_per_variate,scope_selector_per_variate,run_0,16,0,vanilla_univariate,6,vanilla_univariate,2,
azure2019_U/5T,short,scope_selector_per_variate,scope_selector_per_variate,run_0,16,1,vanilla_univariate,6,vanilla_univariate,2,
azure2019_U/5T,short,scope_selector_per_variate,scope_selector_per_variate,run_0,16,2,vanilla_univariate,6,vanilla_univariate,2,
azure2019_U/5T,short,scope_selector_per_variate,scope_selector_per_variate,run_0,17,0,vanilla_univariate,6,vanilla_univariate,2,
azure2019_U/5T,short,scope_selector_per_variate,scope_selector_per_variate,run_0,17,1,vanilla_multivariate,6,vanilla_multivariate,2,
azure2019_U/5T,short,scope_selector_per_variate,scope_selector_per_variate,run_0,17,2,vanilla_multivariate,6,vanilla_multivariate,2,
azure2019_U/5T,short,scope_selector_per_variate,scope_selector_per_variate,run_0,18,0,vanilla_multivariate,6,vanilla_multivariate,2,
azure2019_U/5T,short,scope_selector_per_variate,scope_selector_per_variate,run_0,18,1,vanilla_univariate,6,vanilla_univariate,2,
azure2019_U/5T,short,scope_selector_per_variate,scope_selector_per_variate,run_0,18,2,vanilla_univariate,6,vanilla_univariate,2,
azure2019_U/5T,short,scope_selector_per_variate,scope_selector_per_variate,run_0,19,0,vanilla_univariate,6,vanilla_multivariate,2,
azure2019_U/5T,short,scope_selector_per_variate,scope_selector_per_variate,run_0,19,1,vanilla_univariate,6,vanilla_univariate,2,
azure2019_U/5T,short,scope_selector_per_variate,scope_selector_per_variate,run_0,19,2,vanilla_univariate,6,vanilla_univariate,2,
azure2019_U/5T,short,scope_selector_per_variate,scope_selector_per_variate,run_0,20,0,vanilla_multivariate,6,vanilla_multivariate,2,
azure2019_U/5T,short,scope_selector_per_variate,scope_selector_per_variate,run_0,20,1,vanilla_univariate,6,vanilla_univariate,2,
azure2019_U/5T,short,scope_selector_per_variate,scope_selector_per_variate,run_0,20,2,vanilla_multivariate,6,vanilla_multivariate,2,
azure2019_U/5T,short,scope_selector_per_variate,scope_selector_per_variate,run_0,21,0,vanilla_univariate,6,vanilla_multivariate,2,
azure2019_U/5T,short,scope_selector_per_variate,scope_selector_per_variate,run_0,21,1,vanilla_univariate,6,vanilla_univariate,2,
azure2019_U/5T,short,scope_selector_per_variate,scope_selector_per_variate,run_0,21,2,vanilla_univariate,6,vanilla_multivariate,2,
azure2019_U/5T,short,scope_selector_per_variate,scope_selector_per_variate,run_0,22,0,vanilla_multivariate,6,vanilla_multivariate,2,
azure2019_U/5T,short,scope_selector_per_variate,scope_selector_per_variate,run_0,22,1,vanilla_univariate,6,vanilla_univariate,2,
azure2019_U/5T,short,scope_selector_per_variate,scope_selector_per_variate,run_0,22,2,vanilla_univariate,6,vanilla_univariate,2,
azure2019_U/5T,short,scope_selector_per_variate,scope_selector_per_variate,run_0,23,0,vanilla_multivariate,6,vanilla_multivariate,2,
azure2019_U/5T,short,scope_selector_per_variate,scope_selector_per_variate,run_0,23,1,vanilla_univariate,6,vanilla_univariate,2,
azure2019_U/5T,short,scope_selector_per_variate,scope_selector_per_variate,run_0,23,2,vanilla_univariate,6,vanilla_univariate,2,
azure2019_U/5T,short,scope_selector_per_variate,scope_selector_per_variate,run_0,24,0,vanilla_univariate,6,vanilla_univariate,2,
azure2019_U/5T,short,scope_selector_per_variate,scope_selector_per_variate,run_0,24,1,vanilla_multivariate,6,vanilla_multivariate,2,
azure2019_U/5T,short,scope_selector_per_variate,scope_selector_per_variate,run_0,24,2,vanilla_univariate,6,vanilla_univariate,2,
azure2019_U/5T,short,scope_selector_per_variate,scope_selector_per_variate,run_0,25,0,vanilla_univariate,6,vanilla_univariate,2,
azure2019_U/5T,short,scope_selector_per_variate,scope_selector_per_variate,run_0,25,1,vanilla_univariate,6,vanilla_multivariate,2,
azure2019_U/5T,short,scope_selector_per_variate,scope_selector_per_variate,run_0,25,2,vanilla_univariate,6,vanilla_univariate,2,
azure2019_U/5T,short,scope_selector_per_variate,scope_selector_per_variate,run_0,26,0,vanilla_univariate,6,vanilla_univariate,2,
azure2019_U/5T,short,scope_selector_per_variate,scope_selector_per_variate,run_0,26,1,vanilla_univariate,6,vanilla_univariate,2,
azure2019_U/5T,short,scope_selector_per_variate,scope_selector_per_variate,run_0,26,2,vanilla_univariate,6,vanilla_univariate,2,
azure2019_U/5T,short,scope_selector_per_variate,scope_selector_per_variate,run_0,27,0,vanilla_multivariate,6,vanilla_multivariate,2,
azure2019_U/5T,short,scope_selector_per_variate,scope_selector_per_variate,run_0,27,1,vanilla_univariate,6,vanilla_univariate,2,
azure2019_U/5T,short,scope_selector_per_variate,scope_selector_per_variate,run_0,27,2,vanilla_multivariate,6,vanilla_multivariate,2,
azure2019_U/5T,short,scope_selector_per_variate,scope_selector_per_variate,run_0,28,0,vanilla_univariate,6,vanilla_univariate,2,
azure2019_U/5T,short,scope_selector_per_variate,scope_selector_per_variate,run_0,28,1,vanilla_multivariate,6,vanilla_multivariate,2,
azure2019_U/5T,short,scope_selector_per_variate,scope_selector_per_variate,run_0,28,2,vanilla_univariate,6,vanilla_univariate,2,
azure2019_U/5T,short,scope_selector_per_variate,scope_selector_per_variate,run_0,29,0,vanilla_univariate,6,vanilla_multivariate,2,
azure2019_U/5T,short,scope_selector_per_variate,scope_selector_per_variate,run_0,29,1,vanilla_multivariate,6,vanilla_multivariate,2,
azure2019_U/5T,short,scope_selector_per_variate,scope_selector_per_variate,run_0,29,2,vanilla_multivariate,6,vanilla_multivariate,2,
azure2019_U/5T,short,scope_selector_per_variate,scope_selector_per_variate,run_0,30,0,vanilla_univariate,6,vanilla_univariate,2,
azure2019_U/5T,short,scope_selector_per_variate,scope_selector_per_variate,run_0,30,1,vanilla_univariate,6,vanilla_univariate,2,
azure2019_U/5T,short,scope_selector_per_variate,scope_selector_per_variate,run_0,30,2,vanilla_univariate,6,vanilla_univariate,2,
azure2019_U/5T,short,scope_selector_per_variate,scope_selector_per_variate,run_0,31,0,vanilla_univariate,6,vanilla_univariate,2,
azure2019_U/5T,short,scope_selector_per_variate,scope_selector_per_variate,run_0,31,1,vanilla_multivariate,6,vanilla_multivariate,2,
azure2019_U/5T,short,scope_selector_per_variate,scope_selector_per_variate,run_0,31,2,vanilla_univariate,6,vanilla_univariate,2,
azure2019_U/5T,short,scope_selector_per_variate,scope_selector_per_variate,run_0,32,0,vanilla_univariate,6,vanilla_univariate,2,
azure2019_U/5T,short,scope_selector_per_variate,scope_selector_per_variate,run_0,32,1,vanilla_univariate,6,vanilla_univariate,2,
azure2019_U/5T,short,scope_selector_per_variate,scope_selector_per_variate,run_0,32,2,vanilla_univariate,6,vanilla_multivariate,2,
azure2019_U/5T,short,scope_selector_per_variate,scope_selector_per_variate,run_0,33,0,vanilla_univariate,6,vanilla_multivariate,2,
azure2019_U/5T,short,scope_selector_per_variate,scope_selector_per_variate,run_0,33,1,vanilla_univariate,6,vanilla_multivariate,2,
azure2019_U/5T,short,scope_selector_per_variate,scope_selector_per_variate,run_0,33,2,vanilla_univariate,6,vanilla_univariate,2,
azure2019_U/5T,short,scope_selector_per_variate,scope_selector_per_variate,run_0,34,0,vanilla_multivariate,6,vanilla_multivariate,2,
azure2019_U/5T,short,scope_selector_per_variate,scope_selector_per_variate,run_0,34,1,vanilla_multivariate,6,vanilla_multivariate,2,
azure2019_U/5T,short,scope_selector_per_variate,scope_selector_per_variate,run_0,34,2,vanilla_multivariate,6,vanilla_multivariate,2,
azure2019_U/5T,short,scope_selector_per_variate,scope_selector_per_variate,run_0,35,0,vanilla_univariate,6,vanilla_univariate,2,
azure2019_U/5T,short,scope_selector_per_variate,scope_selector_per_variate,run_0,35,1,vanilla_multivariate,6,vanilla_multivariate,2,
azure2019_U/5T,short,scope_selector_per_variate,scope_selector_per_variate,run_0,35,2,vanilla_univariate,6,vanilla_univariate,2,
azure2019_U/5T,short,scope_selector_per_variate,scope_selector_per_variate,run_0,36,0,vanilla_multivariate,6,vanilla_multivariate,2,
azure2019_U/5T,short,scope_selector_per_variate,scope_selector_per_variate,run_0,36,1,vanilla_univariate,6,vanilla_univariate,2,
azure2019_U/5T,short,scope_selector_per_variate,scope_selector_per_variate,run_0,36,2,vanilla_univariate,6,vanilla_univariate,2,
azure2019_U/5T,short,scope_selector_per_variate,scope_selector_per_variate,run_0,37,0,vanilla_multivariate,6,vanilla_multivariate,2,
azure2019_U/5T,short,scope_selector_per_variate,scope_selector_per_variate,run_0,37,1,vanilla_univariate,6,vanilla_univariate,2,
azure2019_U/5T,short,scope_selector_per_variate,scope_selector_per_variate,run_0,37,2,vanilla_univariate,6,vanilla_multivariate,2,
azure2019_U/5T,short,scope_selector_per_variate,scope_selector_per_variate,run_0,38,0,vanilla_multivariate,6,vanilla_multivariate,2,
azure2019_U/5T,short,scope_selector_per_variate,scope_selector_per_variate,run_0,38,1,vanilla_multivariate,6,vanilla_multivariate,2,
azure2019_U/5T,short,scope_selector_per_variate,scope_selector_per_variate,run_0,38,2,vanilla_univariate,6,vanilla_univariate,2,
azure2019_U/5T,short,scope_selector_per_variate,scope_selector_per_variate,run_0,39,0,vanilla_univariate,6,vanilla_multivariate,2,
azure2019_U/5T,short,scope_selector_per_variate,scope_selector_per_variate,run_0,39,1,vanilla_univariate,6,vanilla_univariate,2,
azure2019_U/5T,short,scope_selector_per_variate,scope_selector_per_variate,run_0,39,2,vanilla_univariate,6,vanilla_univariate,2,
azure2019_U/5T,short,scope_selector_per_variate,scope_selector_per_variate,run_0,40,0,vanilla_multivariate,6,vanilla_multivariate,2,
azure2019_U/5T,short,scope_selector_per_variate,scope_selector_per_variate,run_0,40,1,vanilla_univariate,6,vanilla_univariate,2,
azure2019_U/5T,short,scope_selector_per_variate,scope_selector_per_variate,run_0,40,2,vanilla_univariate,6,vanilla_multivariate,2,
azure2019_U/5T,short,scope_selector_per_variate,scope_selector_per_variate,run_0,41,0,vanilla_univariate,6,vanilla_univariate,2,
azure2019_U/5T,short,scope_selector_per_variate,scope_selector_per_variate,run_0,41,1,vanilla_multivariate,6,vanilla_multivariate,2,
azure2019_U/5T,short,scope_selector_per_variate,scope_selector_per_variate,run_0,41,2,vanilla_univariate,6,vanilla_univariate,2,
azure2019_U/5T,short,scope_selector_per_variate,scope_selector_per_variate,run_0,42,0,vanilla_multivariate,6,vanilla_multivariate,2,
azure2019_U/5T,short,scope_selector_per_variate,scope_selector_per_variate,run_0,42,1,vanilla_univariate,6,vanilla_multivariate,2,
azure2019_U/5T,short,scope_selector_per_variate,scope_selector_per_variate,run_0,42,2,vanilla_multivariate,6,vanilla_multivariate,2,
azure2019_U/5T,short,scope_selector_per_variate,scope_selector_per_variate,run_0,43,0,vanilla_multivariate,6,vanilla_multivariate,2,
azure2019_U/5T,short,scope_selector_per_variate,scope_selector_per_variate,run_0,43,1,vanilla_multivariate,6,vanilla_multivariate,2,
azure2019_U/5T,short,scope_selector_per_variate,scope_selector_per_variate,run_0,43,2,vanilla_multivariate,6,vanilla_multivariate,2,
azure2019_U/5T,short,scope_selector_per_variate,scope_selector_per_variate,run_0,44,0,vanilla_univariate,6,vanilla_univariate,2,
azure2019_U/5T,short,scope_selector_per_variate,scope_selector_per_variate,run_0,44,1,vanilla_multivariate,6,vanilla_multivariate,2,
azure2019_U/5T,short,scope_selector_per_variate,scope_selector_per_variate,run_0,44,2,vanilla_multivariate,6,vanilla_multivariate,2,
azure2019_U/5T,short,scope_selector_per_variate,scope_selector_per_variate,run_0,45,0,vanilla_univariate,6,vanilla_univariate,2,
azure2019_U/5T,short,scope_selector_per_variate,scope_selector_per_variate,run_0,45,1,vanilla_univariate,6,vanilla_univariate,2,
azure2019_U/5T,short,scope_selector_per_variate,scope_selector_per_variate,run_0,45,2,vanilla_univariate,6,vanilla_univariate,2,
azure2019_U/5T,short,scope_selector_per_variate,scope_selector_per_variate,run_0,46,0,vanilla_multivariate,6,vanilla_multivariate,2,
azure2019_U/5T,short,scope_selector_per_variate,scope_selector_per_variate,run_0,46,1,vanilla_univariate,6,vanilla_univariate,2,
azure2019_U/5T,short,scope_selector_per_variate,scope_selector_per_variate,run_0,46,2,vanilla_univariate,6,vanilla_univariate,2,
azure2019_U/5T,short,scope_selector_per_variate,scope_selector_per_variate,run_0,47,0,vanilla_univariate,6,vanilla_univariate,2,
azure2019_U/5T,short,scope_selector_per_variate,scope_selector_per_variate,run_0,47,1,vanilla_univariate,6,vanilla_univariate,2,
azure2019_U/5T,short,scope_selector_per_variate,scope_selector_per_variate,run_0,47,2,vanilla_univariate,6,vanilla_univariate,2,
azure2019_U/5T,short,scope_selector_per_variate,scope_selector_per_variate,run_0,48,0,vanilla_univariate,6,vanilla_multivariate,2,
azure2019_U/5T,short,scope_selector_per_variate,scope_selector_per_variate,run_0,48,1,vanilla_univariate,6,vanilla_univariate,2,
azure2019_U/5T,short,scope_selector_per_variate,scope_selector_per_variate,run_0,48,2,vanilla_univariate,6,vanilla_univariate,2,
azure2019_U/5T,short,scope_selector_per_variate,scope_selector_per_variate,run_0,49,0,vanilla_univariate,6,vanilla_univariate,2,
azure2019_U/5T,short,scope_selector_per_variate,scope_selector_per_variate,run_0,49,1,vanilla_multivariate,6,vanilla_multivariate,2,
azure2019_U/5T,short,scope_selector_per_variate,scope_selector_per_variate,run_0,49,2,vanilla_univariate,6,vanilla_univariate,2,
azure2019_U/5T,short,scope_selector_per_variate,scope_selector_per_variate,run_0,50,0,vanilla_multivariate,6,vanilla_multivariate,2,
azure2019_U/5T,short,scope_selector_per_variate,scope_selector_per_variate,run_0,50,1,vanilla_univariate,6,vanilla_multivariate,2,
azure2019_U/5T,short,scope_selector_per_variate,scope_selector_per_variate,run_0,50,2,vanilla_multivariate,6,vanilla_multivariate,2,
azure2019_U/5T,short,scope_selector_per_variate,scope_selector_per_variate,run_0,51,0,vanilla_multivariate,6,vanilla_multivariate,2,
azure2019_U/5T,short,scope_selector_per_variate,scope_selector_per_variate,run_0,51,1,vanilla_multivariate,6,vanilla_multivariate,2,
azure2019_U/5T,short,scope_selector_per_variate,scope_selector_per_variate,run_0,51,2,vanilla_univariate,6,vanilla_multivariate,2,
azure2019_U/5T,short,scope_selector_per_variate,scope_selector_per_variate,run_0,52,0,vanilla_multivariate,6,vanilla_multivariate,2,
azure2019_U/5T,short,scope_selector_per_variate,scope_selector_per_variate,run_0,52,1,vanilla_univariate,6,vanilla_univariate,2,
azure2019_U/5T,short,scope_selector_per_variate,scope_selector_per_variate,run_0,52,2,vanilla_univariate,6,vanilla_multivariate,2,
azure2019_U/5T,short,scope_selector_per_variate,scope_selector_per_variate,run_0,53,0,vanilla_multivariate,6,vanilla_multivariate,2,
azure2019_U/5T,short,scope_selector_per_variate,scope_selector_per_variate,run_0,53,1,vanilla_multivariate,6,vanilla_multivariate,2,
azure2019_U/5T,short,scope_selector_per_variate,scope_selector_per_variate,run_0,53,2,vanilla_univariate,6,vanilla_univariate,2,
azure2019_U/5T,short,scope_selector_per_variate,scope_selector_per_variate,run_0,54,0,vanilla_univariate,6,vanilla_multivariate,2,
azure2019_U/5T,short,scope_selector_per_variate,scope_selector_per_variate,run_0,54,1,vanilla_multivariate,6,vanilla_multivariate,2,
azure2019_U/5T,short,scope_selector_per_variate,scope_selector_per_variate,run_0,54,2,vanilla_univariate,6,vanilla_multivariate,2,
azure2019_U/5T,short,scope_selector_per_variate,scope_selector_per_variate,run_0,55,0,vanilla_univariate,6,vanilla_univariate,2,
azure2019_U/5T,short,scope_selector_per_variate,scope_selector_per_variate,run_0,55,1,vanilla_univariate,6,vanilla_univariate,2,
azure2019_U/5T,short,scope_selector_per_variate,scope_selector_per_variate,run_0,55,2,vanilla_univariate,6,vanilla_univariate,2,
azure2019_U/5T,short,scope_selector_per_variate,scope_selector_per_variate,run_0,56,0,vanilla_univariate,6,vanilla_multivariate,2,
azure2019_U/5T,short,scope_selector_per_variate,scope_selector_per_variate,run_0,56,1,vanilla_univariate,6,vanilla_univariate,2,
azure2019_U/5T,short,scope_selector_per_variate,scope_selector_per_variate,run_0,56,2,vanilla_univariate,6,vanilla_univariate,2,
azure2019_U/5T,short,scope_selector_per_variate,scope_selector_per_variate,run_0,57,0,vanilla_multivariate,6,vanilla_multivariate,2,
azure2019_U/5T,short,scope_selector_per_variate,scope_selector_per_variate,run_0,57,1,vanilla_univariate,6,vanilla_univariate,2,
azure2019_U/5T,short,scope_selector_per_variate,scope_selector_per_variate,run_0,57,2,vanilla_univariate,6,vanilla_multivariate,2,
azure2019_U/5T,short,scope_selector_per_variate,scope_selector_per_variate,run_0,58,0,vanilla_multivariate,6,vanilla_multivariate,2,
azure2019_U/5T,short,scope_selector_per_variate,scope_selector_per_variate,run_0,58,1,vanilla_univariate,6,vanilla_multivariate,2,
azure2019_U/5T,short,scope_selector_per_variate,scope_selector_per_variate,run_0,58,2,vanilla_univariate,6,vanilla_univariate,2,
azure2019_U/5T,short,scope_selector_per_variate,scope_selector_per_variate,run_0,59,0,vanilla_univariate,6,vanilla_univariate,2,
azure2019_U/5T,short,scope_selector_per_variate,scope_selector_per_variate,run_0,59,1,vanilla_multivariate,6,vanilla_multivariate,2,
azure2019_U/5T,short,scope_selector_per_variate,scope_selector_per_variate,run_0,59,2,vanilla_multivariate,6,vanilla_multivariate,2,
azure2019_U/5T,short,scope_selector_per_variate,scope_selector_per_variate,run_0,60,0,vanilla_univariate,6,vanilla_univariate,2,
azure2019_U/5T,short,scope_selector_per_variate,scope_selector_per_variate,run_0,60,1,vanilla_univariate,6,vanilla_univariate,2,
azure2019_U/5T,short,scope_selector_per_variate,scope_selector_per_variate,run_0,60,2,vanilla_univariate,6,vanilla_univariate,2,
azure2019_U/5T,short,scope_selector_per_variate,scope_selector_per_variate,run_0,61,0,vanilla_multivariate,6,vanilla_multivariate,2,
azure2019_U/5T,short,scope_selector_per_variate,scope_selector_per_variate,run_0,61,1,vanilla_univariate,6,vanilla_univariate,2,
azure2019_U/5T,short,scope_selector_per_variate,scope_selector_per_variate,run_0,61,2,vanilla_univariate,6,vanilla_multivariate,2,
azure2019_U/5T,short,scope_selector_per_variate,scope_selector_per_variate,run_0,62,0,vanilla_multivariate,6,vanilla_multivariate,2,
azure2019_U/5T,short,scope_selector_per_variate,scope_selector_per_variate,run_0,62,1,vanilla_univariate,6,vanilla_univariate,2,
azure2019_U/5T,short,scope_selector_per_variate,scope_selector_per_variate,run_0,62,2,vanilla_univariate,6,vanilla_univariate,2,
azure2019_U/5T,short,scope_selector_per_variate,scope_selector_per_variate,run_0,63,0,vanilla_multivariate,6,vanilla_multivariate,2,
azure2019_U/5T,short,scope_selector_per_variate,scope_selector_per_variate,run_0,63,1,vanilla_multivariate,6,vanilla_multivariate,2,
azure2019_U/5T,short,scope_selector_per_variate,scope_selector_per_variate,run_0,63,2,vanilla_univariate,6,vanilla_multivariate,2,
azure2019_U/5T,short,scope_selector_per_variate,scope_selector_per_variate,run_0,64,0,vanilla_univariate,6,vanilla_univariate,2,
azure2019_U/5T,short,scope_selector_per_variate,scope_selector_per_variate,run_0,64,1,vanilla_univariate,6,vanilla_univariate,2,
azure2019_U/5T,short,scope_selector_per_variate,scope_selector_per_variate,run_0,64,2,vanilla_multivariate,6,vanilla_multivariate,2,
azure2019_U/5T,short,scope_selector_per_variate,scope_selector_per_variate,run_0,65,0,vanilla_multivariate,6,vanilla_multivariate,2,
azure2019_U/5T,short,scope_selector_per_variate,scope_selector_per_variate,run_0,65,1,vanilla_univariate,6,vanilla_univariate,2,
azure2019_U/5T,short,scope_selector_per_variate,scope_selector_per_variate,run_0,65,2,vanilla_multivariate,6,vanilla_multivariate,2,
azure2019_U/5T,short,scope_selector_per_variate,scope_selector_per_variate,run_0,66,0,vanilla_univariate,6,vanilla_univariate,2,
azure2019_U/5T,short,scope_selector_per_variate,scope_selector_per_variate,run_0,66,1,vanilla_univariate,6,vanilla_univariate,2,
azure2019_U/5T,short,scope_selector_per_variate,scope_selector_per_variate,run_0,66,2,vanilla_univariate,6,vanilla_multivariate,2,
azure2019_U/5T,short,scope_selector_per_variate,scope_selector_per_variate,run_0,67,0,vanilla_univariate,6,vanilla_multivariate,2,
azure2019_U/5T,short,scope_selector_per_variate,scope_selector_per_variate,run_0,67,1,vanilla_univariate,6,vanilla_univariate,2,
azure2019_U/5T,short,scope_selector_per_variate,scope_selector_per_variate,run_0,67,2,vanilla_multivariate,6,vanilla_multivariate,2,
azure2019_U/5T,short,scope_selector_per_variate,scope_selector_per_variate,run_0,68,0,vanilla_univariate,6,vanilla_multivariate,2,
azure2019_U/5T,short,scope_selector_per_variate,scope_selector_per_variate,run_0,68,1,vanilla_univariate,6,vanilla_univariate,2,
azure2019_U/5T,short,scope_selector_per_variate,scope_selector_per_variate,run_0,68,2,vanilla_univariate,6,vanilla_univariate,2,
azure2019_U/5T,short,scope_selector_per_variate,scope_selector_per_variate,run_0,69,0,vanilla_univariate,6,vanilla_multivariate,2,
azure2019_U/5T,short,scope_selector_per_variate,scope_selector_per_variate,run_0,69,1,vanilla_univariate,6,vanilla_univariate,2,
azure2019_U/5T,short,scope_selector_per_variate,scope_selector_per_variate,run_0,69,2,vanilla_univariate,6,vanilla_multivariate,2,
azure2019_U/5T,short,scope_selector_per_variate,scope_selector_per_variate,run_0,70,0,vanilla_univariate,6,vanilla_univariate,2,
azure2019_U/5T,short,scope_selector_per_variate,scope_selector_per_variate,run_0,70,1,vanilla_univariate,6,vanilla_univariate,2,
azure2019_U/5T,short,scope_selector_per_variate,scope_selector_per_variate,run_0,70,2,vanilla_univariate,6,vanilla_univariate,2,
azure2019_U/5T,short,scope_selector_per_variate,scope_selector_per_variate,run_0,71,0,vanilla_univariate,6,vanilla_multivariate,2,
azure2019_U/5T,short,scope_selector_per_variate,scope_selector_per_variate,run_0,71,1,vanilla_univariate,6,vanilla_univariate,2,
azure2019_U/5T,short,scope_selector_per_variate,scope_selector_per_variate,run_0,71,2,vanilla_univariate,6,vanilla_univariate,2,
azure2019_U/5T,short,scope_selector_per_variate,scope_selector_per_variate,run_0,72,0,vanilla_multivariate,6,vanilla_multivariate,2,
azure2019_U/5T,short,scope_selector_per_variate,scope_selector_per_variate,run_0,72,1,vanilla_multivariate,6,vanilla_multivariate,2,
azure2019_U/5T,short,scope_selector_per_variate,scope_selector_per_variate,run_0,72,2,vanilla_multivariate,6,vanilla_multivariate,2,
azure2019_U/5T,short,scope_selector_per_variate,scope_selector_per_variate,run_0,73,0,vanilla_multivariate,6,vanilla_multivariate,2,
azure2019_U/5T,short,scope_selector_per_variate,scope_selector_per_variate,run_0,73,1,vanilla_multivariate,6,vanilla_multivariate,2,
azure2019_U/5T,short,scope_selector_per_variate,scope_selector_per_variate,run_0,73,2,vanilla_univariate,6,vanilla_univariate,2,
azure2019_U/5T,short,scope_selector_per_variate,scope_selector_per_variate,run_0,74,0,vanilla_univariate,6,vanilla_univariate,2,
azure2019_U/5T,short,scope_selector_per_variate,scope_selector_per_variate,run_0,74,1,vanilla_univariate,6,vanilla_univariate,2,
azure2019_U/5T,short,scope_selector_per_variate,scope_selector_per_variate,run_0,74,2,vanilla_multivariate,6,vanilla_multivariate,2,
azure2019_U/5T,short,scope_selector_per_variate,scope_selector_per_variate,run_0,75,0,vanilla_univariate,6,vanilla_univariate,2,
azure2019_U/5T,short,scope_selector_per_variate,scope_selector_per_variate,run_0,75,1,vanilla_multivariate,6,vanilla_multivariate,2,
azure2019_U/5T,short,scope_selector_per_variate,scope_selector_per_variate,run_0,75,2,vanilla_univariate,6,vanilla_univariate,2,
azure2019_U/5T,short,scope_selector_per_variate,scope_selector_per_variate,run_0,76,0,vanilla_univariate,6,vanilla_univariate,2,
azure2019_U/5T,short,scope_selector_per_variate,scope_selector_per_variate,run_0,76,1,vanilla_multivariate,6,vanilla_multivariate,2,
azure2019_U/5T,short,scope_selector_per_variate,scope_selector_per_variate,run_0,76,2,vanilla_univariate,6,vanilla_multivariate,2,
azure2019_U/5T,short,scope_selector_per_variate,scope_selector_per_variate,run_0,77,0,vanilla_univariate,6,vanilla_multivariate,2,
azure2019_U/5T,short,scope_selector_per_variate,scope_selector_per_variate,run_0,77,1,vanilla_univariate,6,vanilla_univariate,2,
azure2019_U/5T,short,scope_selector_per_variate,scope_selector_per_variate,run_0,77,2,vanilla_univariate,6,vanilla_multivariate,2,
Smart_Manufacturing/H,short,scope_selector,scope_selector,run_1,,,vanilla_multivariate,70,vanilla_multivariate,4,
Smart_Manufacturing/H,short,scope_selector_per_variate,scope_selector_per_variate,run_0,0,0,vanilla_univariate,14,vanilla_univariate,2,
Smart_Manufacturing/H,short,scope_selector_per_variate,scope_selector_per_variate,run_0,0,1,vanilla_univariate,14,vanilla_univariate,2,
Smart_Manufacturing/H,short,scope_selector_per_variate,scope_selector_per_variate,run_0,0,2,vanilla_univariate,14,vanilla_multivariate,2,
Smart_Manufacturing/H,short,scope_selector_per_variate,scope_selector_per_variate,run_0,0,3,vanilla_univariate,14,vanilla_multivariate,2,
Smart_Manufacturing/H,short,scope_selector_per_variate,scope_selector_per_variate,run_0,0,4,vanilla_univariate,14,vanilla_multivariate,2,
Smart_Manufacturing/H,short,scope_selector_per_variate,scope_selector_per_variate,run_0,1,0,vanilla_multivariate,14,vanilla_multivariate,2,
Smart_Manufacturing/H,short,scope_selector_per_variate,scope_selector_per_variate,run_0,1,1,vanilla_multivariate,14,vanilla_multivariate,2,
Smart_Manufacturing/H,short,scope_selector_per_variate,scope_selector_per_variate,run_0,1,2,vanilla_univariate,14,vanilla_multivariate,2,
Smart_Manufacturing/H,short,scope_selector_per_variate,scope_selector_per_variate,run_0,1,3,vanilla_univariate,14,vanilla_multivariate,2,
Smart_Manufacturing/H,short,scope_selector_per_variate,scope_selector_per_variate,run_0,1,4,vanilla_univariate,14,vanilla_multivariate,2,
Smart_Manufacturing/H,short,scope_selector_per_variate,scope_selector_per_variate,run_0,2,0,vanilla_univariate,14,vanilla_univariate,2,
Smart_Manufacturing/H,short,scope_selector_per_variate,scope_selector_per_variate,run_0,2,1,vanilla_multivariate,14,vanilla_multivariate,2,
Smart_Manufacturing/H,short,scope_selector_per_variate,scope_selector_per_variate,run_0,2,2,vanilla_univariate,14,vanilla_univariate,2,
Smart_Manufacturing/H,short,scope_selector_per_variate,scope_selector_per_variate,run_0,2,3,vanilla_univariate,14,vanilla_multivariate,2,
Smart_Manufacturing/H,short,scope_selector_per_variate,scope_selector_per_variate,run_0,2,4,vanilla_univariate,14,vanilla_multivariate,2,
Smart_Manufacturing/H,short,scope_selector_per_variate,scope_selector_per_variate,run_0,3,0,vanilla_univariate,14,vanilla_multivariate,2,
Smart_Manufacturing/H,short,scope_selector_per_variate,scope_selector_per_variate,run_0,3,1,vanilla_univariate,14,vanilla_multivariate,2,
Smart_Manufacturing/H,short,scope_selector_per_variate,scope_selector_per_variate,run_0,3,2,vanilla_univariate,14,vanilla_univariate,2,
Smart_Manufacturing/H,short,scope_selector_per_variate,scope_selector_per_variate,run_0,3,3,vanilla_univariate,14,vanilla_univariate,2,
Smart_Manufacturing/H,short,scope_selector_per_variate,scope_selector_per_variate,run_0,3,4,vanilla_univariate,14,vanilla_univariate,2,
Smart_Manufacturing/H,short,scope_selector_per_variate,scope_selector_per_variate,run_0,4,0,vanilla_univariate,14,vanilla_multivariate,2,
Smart_Manufacturing/H,short,scope_selector_per_variate,scope_selector_per_variate,run_0,4,1,vanilla_univariate,14,vanilla_univariate,2,
Smart_Manufacturing/H,short,scope_selector_per_variate,scope_selector_per_variate,run_0,4,2,vanilla_univariate,14,vanilla_univariate,2,
Smart_Manufacturing/H,short,scope_selector_per_variate,scope_selector_per_variate,run_0,4,3,vanilla_univariate,14,vanilla_univariate,2,
Smart_Manufacturing/H,short,scope_selector_per_variate,scope_selector_per_variate,run_0,4,4,vanilla_univariate,14,vanilla_multivariate,2,
Smart_Manufacturing/H,short,scope_selector_per_variate,scope_selector_per_variate,run_0,5,0,vanilla_univariate,14,vanilla_multivariate,2,
Smart_Manufacturing/H,short,scope_selector_per_variate,scope_selector_per_variate,run_0,5,1,vanilla_univariate,14,vanilla_univariate,2,
Smart_Manufacturing/H,short,scope_selector_per_variate,scope_selector_per_variate,run_0,5,2,vanilla_univariate,14,vanilla_multivariate,2,
Smart_Manufacturing/H,short,scope_selector_per_variate,scope_selector_per_variate,run_0,5,3,vanilla_multivariate,14,vanilla_multivariate,2,
Smart_Manufacturing/H,short,scope_selector_per_variate,scope_selector_per_variate,run_0,5,4,vanilla_multivariate,14,vanilla_multivariate,2,
Smart_Manufacturing/H,short,scope_selector_per_variate,scope_selector_per_variate,run_0,6,0,vanilla_univariate,14,vanilla_univariate,2,
Smart_Manufacturing/H,short,scope_selector_per_variate,scope_selector_per_variate,run_0,6,1,vanilla_univariate,14,vanilla_univariate,2,
Smart_Manufacturing/H,short,scope_selector_per_variate,scope_selector_per_variate,run_0,6,2,vanilla_univariate,14,vanilla_multivariate,2,
Smart_Manufacturing/H,short,scope_selector_per_variate,scope_selector_per_variate,run_0,6,3,vanilla_multivariate,14,vanilla_multivariate,2,
Smart_Manufacturing/H,short,scope_selector_per_variate,scope_selector_per_variate,run_0,6,4,vanilla_univariate,14,vanilla_univariate,2,
Smart_Manufacturing/H,short,scope_selector_per_variate,scope_selector_per_variate,run_0,7,0,vanilla_multivariate,14,vanilla_multivariate,2,
Smart_Manufacturing/H,short,scope_selector_per_variate,scope_selector_per_variate,run_0,7,1,vanilla_multivariate,14,vanilla_multivariate,2,
Smart_Manufacturing/H,short,scope_selector_per_variate,scope_selector_per_variate,run_0,7,2,vanilla_univariate,14,vanilla_univariate,2,
Smart_Manufacturing/H,short,scope_selector_per_variate,scope_selector_per_variate,run_0,7,3,vanilla_univariate,14,vanilla_multivariate,2,
Smart_Manufacturing/H,short,scope_selector_per_variate,scope_selector_per_variate,run_0,7,4,vanilla_multivariate,14,vanilla_multivariate,2,
Smart_Manufacturing/H,short,scope_selector_per_variate,scope_selector_per_variate,run_0,8,0,vanilla_univariate,14,vanilla_multivariate,2,
Smart_Manufacturing/H,short,scope_selector_per_variate,scope_selector_per_variate,run_0,8,1,vanilla_multivariate,14,vanilla_multivariate,2,
Smart_Manufacturing/H,short,scope_selector_per_variate,scope_selector_per_variate,run_0,8,2,vanilla_multivariate,14,vanilla_multivariate,2,
Smart_Manufacturing/H,short,scope_selector_per_variate,scope_selector_per_variate,run_0,8,3,vanilla_univariate,14,vanilla_multivariate,2,
Smart_Manufacturing/H,short,scope_selector_per_variate,scope_selector_per_variate,run_0,8,4,vanilla_multivariate,14,vanilla_multivariate,2,
Smart_Manufacturing/H,short,scope_selector_per_variate,scope_selector_per_variate,run_0,9,0,vanilla_univariate,14,vanilla_multivariate,2,
Smart_Manufacturing/H,short,scope_selector_per_variate,scope_selector_per_variate,run_0,9,1,vanilla_univariate,14,vanilla_multivariate,2,
Smart_Manufacturing/H,short,scope_selector_per_variate,scope_selector_per_variate,run_0,9,2,vanilla_univariate,14,vanilla_multivariate,2,
Smart_Manufacturing/H,short,scope_selector_per_variate,scope_selector_per_variate,run_0,9,3,vanilla_univariate,14,vanilla_multivariate,2,
Smart_Manufacturing/H,short,scope_selector_per_variate,scope_selector_per_variate,run_0,9,4,vanilla_multivariate,14,vanilla_multivariate,2,
Smart_Manufacturing/H,short,scope_selector_per_variate,scope_selector_per_variate,run_0,10,0,vanilla_multivariate,14,vanilla_multivariate,2,
Smart_Manufacturing/H,short,scope_selector_per_variate,scope_selector_per_variate,run_0,10,1,vanilla_univariate,14,vanilla_univariate,2,
Smart_Manufacturing/H,short,scope_selector_per_variate,scope_selector_per_variate,run_0,10,2,vanilla_univariate,14,vanilla_multivariate,2,
Smart_Manufacturing/H,short,scope_selector_per_variate,scope_selector_per_variate,run_0,10,3,vanilla_univariate,14,vanilla_univariate,2,
Smart_Manufacturing/H,short,scope_selector_per_variate,scope_selector_per_variate,run_0,10,4,vanilla_univariate,14,vanilla_multivariate,2,
Smart_Manufacturing/H,short,scope_selector_per_variate,scope_selector_per_variate,run_0,11,0,vanilla_univariate,14,vanilla_univariate,2,
Smart_Manufacturing/H,short,scope_selector_per_variate,scope_selector_per_variate,run_0,11,1,vanilla_univariate,14,vanilla_multivariate,2,
Smart_Manufacturing/H,short,scope_selector_per_variate,scope_selector_per_variate,run_0,11,2,vanilla_multivariate,14,vanilla_multivariate,2,
Smart_Manufacturing/H,short,scope_selector_per_variate,scope_selector_per_variate,run_0,11,3,vanilla_multivariate,14,vanilla_multivariate,2,
Smart_Manufacturing/H,short,scope_selector_per_variate,scope_selector_per_variate,run_0,11,4,vanilla_univariate,14,vanilla_multivariate,2,
Smart_Manufacturing/H,short,scope_selector_per_variate,scope_selector_per_variate,run_0,12,0,vanilla_univariate,14,vanilla_univariate,2,
Smart_Manufacturing/H,short,scope_selector_per_variate,scope_selector_per_variate,run_0,12,1,vanilla_univariate,14,vanilla_multivariate,2,
Smart_Manufacturing/H,short,scope_selector_per_variate,scope_selector_per_variate,run_0,12,2,vanilla_multivariate,14,vanilla_multivariate,2,
Smart_Manufacturing/H,short,scope_selector_per_variate,scope_selector_per_variate,run_0,12,3,vanilla_multivariate,14,vanilla_multivariate,2,
Smart_Manufacturing/H,short,scope_selector_per_variate,scope_selector_per_variate,run_0,12,4,vanilla_multivariate,14,vanilla_multivariate,2,
Smart_Manufacturing/H,short,scope_selector_per_variate,scope_selector_per_variate,run_0,13,0,vanilla_multivariate,14,vanilla_multivariate,2,
Smart_Manufacturing/H,short,scope_selector_per_variate,scope_selector_per_variate,run_0,13,1,vanilla_univariate,14,vanilla_multivariate,2,
Smart_Manufacturing/H,short,scope_selector_per_variate,scope_selector_per_variate,run_0,13,2,vanilla_multivariate,14,vanilla_multivariate,2,
Smart_Manufacturing/H,short,scope_selector_per_variate,scope_selector_per_variate,run_0,13,3,vanilla_univariate,14,vanilla_multivariate,2,
Smart_Manufacturing/H,short,scope_selector_per_variate,scope_selector_per_variate,run_0,13,4,vanilla_univariate,14,vanilla_univariate,2,
Smart_Manufacturing/H,short,scope_selector_per_variate,scope_selector_per_variate,run_0,14,0,vanilla_univariate,14,vanilla_univariate,2,
Smart_Manufacturing/H,short,scope_selector_per_variate,scope_selector_per_variate,run_0,14,1,vanilla_univariate,14,vanilla_multivariate,2,
Smart_Manufacturing/H,short,scope_selector_per_variate,scope_selector_per_variate,run_0,14,2,vanilla_multivariate,14,vanilla_multivariate,2,
Smart_Manufacturing/H,short,scope_selector_per_variate,scope_selector_per_variate,run_0,14,3,vanilla_univariate,14,vanilla_multivariate,2,
Smart_Manufacturing/H,short,scope_selector_per_variate,scope_selector_per_variate,run_0,14,4,vanilla_univariate,14,vanilla_univariate,2,
Smart_Manufacturing/H,short,scope_selector_per_variate,scope_selector_per_variate,run_0,15,0,vanilla_univariate,14,vanilla_multivariate,2,
Smart_Manufacturing/H,short,scope_selector_per_variate,scope_selector_per_variate,run_0,15,1,vanilla_multivariate,14,vanilla_multivariate,2,
Smart_Manufacturing/H,short,scope_selector_per_variate,scope_selector_per_variate,run_0,15,2,vanilla_univariate,14,vanilla_multivariate,2,
Smart_Manufacturing/H,short,scope_selector_per_variate,scope_selector_per_variate,run_0,15,3,vanilla_univariate,14,vanilla_univariate,2,
Smart_Manufacturing/H,short,scope_selector_per_variate,scope_selector_per_variate,run_0,15,4,vanilla_univariate,14,vanilla_multivariate,2,
Smart_Manufacturing/H,short,scope_selector_per_variate,scope_selector_per_variate,run_0,16,0,vanilla_multivariate,14,vanilla_multivariate,2,
Smart_Manufacturing/H,short,scope_selector_per_variate,scope_selector_per_variate,run_0,16,1,vanilla_univariate,14,vanilla_univariate,2,
Smart_Manufacturing/H,short,scope_selector_per_variate,scope_selector_per_variate,run_0,16,2,vanilla_univariate,14,vanilla_multivariate,2,
Smart_Manufacturing/H,short,scope_selector_per_variate,scope_selector_per_variate,run_0,16,3,vanilla_univariate,14,vanilla_univariate,2,
Smart_Manufacturing/H,short,scope_selector_per_variate,scope_selector_per_variate,run_0,16,4,vanilla_univariate,14,vanilla_multivariate,2,
Smart_Manufacturing/H,short,scope_selector_per_variate,scope_selector_per_variate,run_0,17,0,vanilla_univariate,14,vanilla_univariate,2,
Smart_Manufacturing/H,short,scope_selector_per_variate,scope_selector_per_variate,run_0,17,1,vanilla_univariate,14,vanilla_multivariate,2,
Smart_Manufacturing/H,short,scope_selector_per_variate,scope_selector_per_variate,run_0,17,2,vanilla_univariate,14,vanilla_multivariate,2,
Smart_Manufacturing/H,short,scope_selector_per_variate,scope_selector_per_variate,run_0,17,3,vanilla_multivariate,14,vanilla_multivariate,2,
Smart_Manufacturing/H,short,scope_selector_per_variate,scope_selector_per_variate,run_0,17,4,vanilla_multivariate,14,vanilla_multivariate,2,
Smart_Manufacturing/H,short,scope_selector_per_variate,scope_selector_per_variate,run_0,18,0,vanilla_multivariate,14,vanilla_multivariate,2,
Smart_Manufacturing/H,short,scope_selector_per_variate,scope_selector_per_variate,run_0,18,1,vanilla_univariate,14,vanilla_univariate,2,
Smart_Manufacturing/H,short,scope_selector_per_variate,scope_selector_per_variate,run_0,18,2,vanilla_univariate,14,vanilla_multivariate,2,
Smart_Manufacturing/H,short,scope_selector_per_variate,scope_selector_per_variate,run_0,18,3,vanilla_univariate,14,vanilla_univariate,2,
Smart_Manufacturing/H,short,scope_selector_per_variate,scope_selector_per_variate,run_0,18,4,vanilla_multivariate,14,vanilla_multivariate,2,
Smart_Manufacturing/H,short,scope_selector_per_variate,scope_selector_per_variate,run_0,19,0,vanilla_univariate,14,vanilla_univariate,2,
Smart_Manufacturing/H,short,scope_selector_per_variate,scope_selector_per_variate,run_0,19,1,vanilla_multivariate,14,vanilla_multivariate,2,
Smart_Manufacturing/H,short,scope_selector_per_variate,scope_selector_per_variate,run_0,19,2,vanilla_multivariate,14,vanilla_multivariate,2,
Smart_Manufacturing/H,short,scope_selector_per_variate,scope_selector_per_variate,run_0,19,3,vanilla_multivariate,14,vanilla_multivariate,2,
Smart_Manufacturing/H,short,scope_selector_per_variate,scope_selector_per_variate,run_0,19,4,vanilla_multivariate,14,vanilla_multivariate,2,
Smart_Manufacturing/H,short,scope_selector_per_variate,scope_selector_per_variate,run_0,20,0,vanilla_univariate,14,vanilla_univariate,2,
Smart_Manufacturing/H,short,scope_selector_per_variate,scope_selector_per_variate,run_0,20,1,vanilla_univariate,14,vanilla_multivariate,2,
Smart_Manufacturing/H,short,scope_selector_per_variate,scope_selector_per_variate,run_0,20,2,vanilla_multivariate,14,vanilla_multivariate,2,
Smart_Manufacturing/H,short,scope_selector_per_variate,scope_selector_per_variate,run_0,20,3,vanilla_univariate,14,vanilla_multivariate,2,
Smart_Manufacturing/H,short,scope_selector_per_variate,scope_selector_per_variate,run_0,20,4,vanilla_univariate,14,vanilla_multivariate,2,
Smart_Manufacturing/H,short,scope_selector_per_variate,scope_selector_per_variate,run_0,21,0,vanilla_multivariate,14,vanilla_multivariate,2,
Smart_Manufacturing/H,short,scope_selector_per_variate,scope_selector_per_variate,run_0,21,1,vanilla_univariate,14,vanilla_univariate,2,
Smart_Manufacturing/H,short,scope_selector_per_variate,scope_selector_per_variate,run_0,21,2,vanilla_univariate,14,vanilla_multivariate,2,
Smart_Manufacturing/H,short,scope_selector_per_variate,scope_selector_per_variate,run_0,21,3,vanilla_multivariate,14,vanilla_multivariate,2,
Smart_Manufacturing/H,short,scope_selector_per_variate,scope_selector_per_variate,run_0,21,4,vanilla_univariate,14,vanilla_univariate,2,
Smart_Manufacturing/H,short,scope_selector_per_variate,scope_selector_per_variate,run_0,22,0,vanilla_univariate,14,vanilla_multivariate,2,
Smart_Manufacturing/H,short,scope_selector_per_variate,scope_selector_per_variate,run_0,22,1,vanilla_univariate,14,vanilla_univariate,2,
Smart_Manufacturing/H,short,scope_selector_per_variate,scope_selector_per_variate,run_0,22,2,vanilla_univariate,14,vanilla_univariate,2,
Smart_Manufacturing/H,short,scope_selector_per_variate,scope_selector_per_variate,run_0,22,3,vanilla_univariate,14,vanilla_univariate,2,
Smart_Manufacturing/H,short,scope_selector_per_variate,scope_selector_per_variate,run_0,22,4,vanilla_multivariate,14,vanilla_multivariate,2,
Smart_Manufacturing/H,short,scope_selector_per_variate,scope_selector_per_variate,run_0,23,0,vanilla_univariate,14,vanilla_univariate,2,
Smart_Manufacturing/H,short,scope_selector_per_variate,scope_selector_per_variate,run_0,23,1,vanilla_univariate,14,vanilla_univariate,2,
Smart_Manufacturing/H,short,scope_selector_per_variate,scope_selector_per_variate,run_0,23,2,vanilla_univariate,14,vanilla_multivariate,2,
Smart_Manufacturing/H,short,scope_selector_per_variate,scope_selector_per_variate,run_0,23,3,vanilla_univariate,14,vanilla_univariate,2,
Smart_Manufacturing/H,short,scope_selector_per_variate,scope_selector_per_variate,run_0,23,4,vanilla_multivariate,14,vanilla_multivariate,2,
Smart_Manufacturing/H,short,scope_selector_per_variate,scope_selector_per_variate,run_0,24,0,vanilla_univariate,14,vanilla_multivariate,2,
Smart_Manufacturing/H,short,scope_selector_per_variate,scope_selector_per_variate,run_0,24,1,vanilla_univariate,14,vanilla_univariate,2,
Smart_Manufacturing/H,short,scope_selector_per_variate,scope_selector_per_variate,run_0,24,2,vanilla_univariate,14,vanilla_multivariate,2,
Smart_Manufacturing/H,short,scope_selector_per_variate,scope_selector_per_variate,run_0,24,3,vanilla_univariate,14,vanilla_univariate,2,
Smart_Manufacturing/H,short,scope_selector_per_variate,scope_selector_per_variate,run_0,24,4,vanilla_univariate,14,vanilla_univariate,2,
Smart_Manufacturing/H,short,scope_selector_per_variate,scope_selector_per_variate,run_0,25,0,vanilla_multivariate,14,vanilla_multivariate,2,
Smart_Manufacturing/H,short,scope_selector_per_variate,scope_selector_per_variate,run_0,25,1,vanilla_univariate,14,vanilla_univariate,2,
Smart_Manufacturing/H,short,scope_selector_per_variate,scope_selector_per_variate,run_0,25,2,vanilla_univariate,14,vanilla_univariate,2,
Smart_Manufacturing/H,short,scope_selector_per_variate,scope_selector_per_variate,run_0,25,3,vanilla_univariate,14,vanilla_univariate,2,
Smart_Manufacturing/H,short,scope_selector_per_variate,scope_selector_per_variate,run_0,25,4,vanilla_univariate,14,vanilla_univariate,2,
Smart_Manufacturing/H,short,scope_selector_per_variate,scope_selector_per_variate,run_0,26,0,vanilla_multivariate,14,vanilla_multivariate,2,
Smart_Manufacturing/H,short,scope_selector_per_variate,scope_selector_per_variate,run_0,26,1,vanilla_univariate,14,vanilla_univariate,2,
Smart_Manufacturing/H,short,scope_selector_per_variate,scope_selector_per_variate,run_0,26,2,vanilla_univariate,14,vanilla_multivariate,2,
Smart_Manufacturing/H,short,scope_selector_per_variate,scope_selector_per_variate,run_0,26,3,vanilla_univariate,14,vanilla_univariate,2,
Smart_Manufacturing/H,short,scope_selector_per_variate,scope_selector_per_variate,run_0,26,4,vanilla_univariate,14,vanilla_multivariate,2,
Smart_Manufacturing/H,short,scope_selector_per_variate,scope_selector_per_variate,run_0,27,0,vanilla_univariate,14,vanilla_multivariate,2,
Smart_Manufacturing/H,short,scope_selector_per_variate,scope_selector_per_variate,run_0,27,1,vanilla_univariate,14,vanilla_univariate,2,
Smart_Manufacturing/H,short,scope_selector_per_variate,scope_selector_per_variate,run_0,27,2,vanilla_univariate,14,vanilla_multivariate,2,
Smart_Manufacturing/H,short,scope_selector_per_variate,scope_selector_per_variate,run_0,27,3,vanilla_univariate,14,vanilla_univariate,2,
Smart_Manufacturing/H,short,scope_selector_per_variate,scope_selector_per_variate,run_0,27,4,vanilla_multivariate,14,vanilla_multivariate,2,
Smart_Manufacturing/H,short,scope_selector_per_variate,scope_selector_per_variate,run_0,28,0,vanilla_univariate,14,vanilla_multivariate,2,
Smart_Manufacturing/H,short,scope_selector_per_variate,scope_selector_per_variate,run_0,28,1,vanilla_multivariate,14,vanilla_multivariate,2,
Smart_Manufacturing/H,short,scope_selector_per_variate,scope_selector_per_variate,run_0,28,2,vanilla_univariate,14,vanilla_univariate,2,
Smart_Manufacturing/H,short,scope_selector_per_variate,scope_selector_per_variate,run_0,28,3,vanilla_univariate,14,vanilla_univariate,2,
Smart_Manufacturing/H,short,scope_selector_per_variate,scope_selector_per_variate,run_0,28,4,vanilla_univariate,14,vanilla_univariate,2,
Smart_Manufacturing/H,short,scope_selector_per_variate,scope_selector_per_variate,run_0,29,0,vanilla_univariate,14,vanilla_univariate,2,
Smart_Manufacturing/H,short,scope_selector_per_variate,scope_selector_per_variate,run_0,29,1,vanilla_univariate,14,vanilla_univariate,2,
Smart_Manufacturing/H,short,scope_selector_per_variate,scope_selector_per_variate,run_0,29,2,vanilla_univariate,14,vanilla_univariate,2,
Smart_Manufacturing/H,short,scope_selector_per_variate,scope_selector_per_variate,run_0,29,3,vanilla_univariate,14,vanilla_univariate,2,
Smart_Manufacturing/H,short,scope_selector_per_variate,scope_selector_per_variate,run_0,29,4,vanilla_multivariate,14,vanilla_multivariate,2,
Smart_Manufacturing/H,short,scope_selector_per_variate,scope_selector_per_variate,run_0,30,0,vanilla_multivariate,14,vanilla_multivariate,2,
Smart_Manufacturing/H,short,scope_selector_per_variate,scope_selector_per_variate,run_0,30,1,vanilla_univariate,14,vanilla_univariate,2,
Smart_Manufacturing/H,short,scope_selector_per_variate,scope_selector_per_variate,run_0,30,2,vanilla_univariate,14,vanilla_univariate,2,
Smart_Manufacturing/H,short,scope_selector_per_variate,scope_selector_per_variate,run_0,30,3,vanilla_univariate,14,vanilla_multivariate,2,
Smart_Manufacturing/H,short,scope_selector_per_variate,scope_selector_per_variate,run_0,30,4,vanilla_univariate,14,vanilla_univariate,2,
Smart_Manufacturing/H,short,scope_selector_per_variate,scope_selector_per_variate,run_0,31,0,vanilla_univariate,14,vanilla_multivariate,2,
Smart_Manufacturing/H,short,scope_selector_per_variate,scope_selector_per_variate,run_0,31,1,vanilla_univariate,14,vanilla_univariate,2,
Smart_Manufacturing/H,short,scope_selector_per_variate,scope_selector_per_variate,run_0,31,2,vanilla_univariate,14,vanilla_multivariate,2,
Smart_Manufacturing/H,short,scope_selector_per_variate,scope_selector_per_variate,run_0,31,3,vanilla_multivariate,14,vanilla_multivariate,2,
Smart_Manufacturing/H,short,scope_selector_per_variate,scope_selector_per_variate,run_0,31,4,vanilla_univariate,14,vanilla_univariate,2,
Smart_Manufacturing/H,short,scope_selector_per_variate,scope_selector_per_variate,run_0,32,0,vanilla_univariate,14,vanilla_univariate,2,
Smart_Manufacturing/H,short,scope_selector_per_variate,scope_selector_per_variate,run_0,32,1,vanilla_univariate,14,vanilla_multivariate,2,
Smart_Manufacturing/H,short,scope_selector_per_variate,scope_selector_per_variate,run_0,32,2,vanilla_multivariate,14,vanilla_multivariate,2,
Smart_Manufacturing/H,short,scope_selector_per_variate,scope_selector_per_variate,run_0,32,3,vanilla_univariate,14,vanilla_multivariate,2,
Smart_Manufacturing/H,short,scope_selector_per_variate,scope_selector_per_variate,run_0,32,4,vanilla_univariate,14,vanilla_univariate,2,
Smart_Manufacturing/H,short,scope_selector_per_variate,scope_selector_per_variate,run_0,33,0,vanilla_univariate,14,vanilla_multivariate,2,
Smart_Manufacturing/H,short,scope_selector_per_variate,scope_selector_per_variate,run_0,33,1,vanilla_univariate,14,vanilla_univariate,2,
Smart_Manufacturing/H,short,scope_selector_per_variate,scope_selector_per_variate,run_0,33,2,vanilla_univariate,14,vanilla_univariate,2,
Smart_Manufacturing/H,short,scope_selector_per_variate,scope_selector_per_variate,run_0,33,3,vanilla_univariate,14,vanilla_univariate,2,
Smart_Manufacturing/H,short,scope_selector_per_variate,scope_selector_per_variate,run_0,33,4,vanilla_multivariate,14,vanilla_multivariate,2,
Smart_Manufacturing/H,medium,scope_selector,scope_selector,run_1,,,vanilla_multivariate,10,vanilla_multivariate,2,
Smart_Manufacturing/H,medium,scope_selector_per_variate,scope_selector_per_variate,run_0,0,0,vanilla_univariate,2,vanilla_univariate,1,
Smart_Manufacturing/H,medium,scope_selector_per_variate,scope_selector_per_variate,run_0,0,1,vanilla_univariate,2,vanilla_univariate,1,
Smart_Manufacturing/H,medium,scope_selector_per_variate,scope_selector_per_variate,run_0,0,2,vanilla_multivariate,2,vanilla_multivariate,1,
Smart_Manufacturing/H,medium,scope_selector_per_variate,scope_selector_per_variate,run_0,0,3,vanilla_univariate,2,vanilla_multivariate,1,
Smart_Manufacturing/H,medium,scope_selector_per_variate,scope_selector_per_variate,run_0,0,4,vanilla_multivariate,2,vanilla_multivariate,1,
Smart_Manufacturing/H,medium,scope_selector_per_variate,scope_selector_per_variate,run_0,1,0,vanilla_univariate,2,vanilla_univariate,1,
Smart_Manufacturing/H,medium,scope_selector_per_variate,scope_selector_per_variate,run_0,1,1,vanilla_univariate,2,vanilla_univariate,1,
Smart_Manufacturing/H,medium,scope_selector_per_variate,scope_selector_per_variate,run_0,1,2,vanilla_univariate,2,vanilla_multivariate,1,
Smart_Manufacturing/H,medium,scope_selector_per_variate,scope_selector_per_variate,run_0,1,3,vanilla_univariate,2,vanilla_univariate,1,
Smart_Manufacturing/H,medium,scope_selector_per_variate,scope_selector_per_variate,run_0,1,4,vanilla_univariate,2,vanilla_univariate,1,
Smart_Manufacturing/H,medium,scope_selector_per_variate,scope_selector_per_variate,run_0,2,0,vanilla_univariate,2,vanilla_univariate,1,
Smart_Manufacturing/H,medium,scope_selector_per_variate,scope_selector_per_variate,run_0,2,1,vanilla_multivariate,2,vanilla_multivariate,1,
Smart_Manufacturing/H,medium,scope_selector_per_variate,scope_selector_per_variate,run_0,2,2,vanilla_univariate,2,vanilla_univariate,1,
Smart_Manufacturing/H,medium,scope_selector_per_variate,scope_selector_per_variate,run_0,2,3,vanilla_univariate,2,vanilla_univariate,1,
Smart_Manufacturing/H,medium,scope_selector_per_variate,scope_selector_per_variate,run_0,2,4,vanilla_univariate,2,vanilla_univariate,1,
Smart_Manufacturing/H,medium,scope_selector_per_variate,scope_selector_per_variate,run_0,3,0,vanilla_multivariate,2,vanilla_multivariate,1,
Smart_Manufacturing/H,medium,scope_selector_per_variate,scope_selector_per_variate,run_0,3,1,vanilla_multivariate,2,vanilla_multivariate,1,
Smart_Manufacturing/H,medium,scope_selector_per_variate,scope_selector_per_variate,run_0,3,2,vanilla_univariate,2,vanilla_univariate,1,
Smart_Manufacturing/H,medium,scope_selector_per_variate,scope_selector_per_variate,run_0,3,3,vanilla_multivariate,2,vanilla_multivariate,1,
Smart_Manufacturing/H,medium,scope_selector_per_variate,scope_selector_per_variate,run_0,3,4,vanilla_univariate,2,vanilla_univariate,1,
Smart_Manufacturing/H,medium,scope_selector_per_variate,scope_selector_per_variate,run_0,4,0,vanilla_univariate,2,vanilla_univariate,1,
Smart_Manufacturing/H,medium,scope_selector_per_variate,scope_selector_per_variate,run_0,4,1,vanilla_univariate,2,vanilla_univariate,1,
Smart_Manufacturing/H,medium,scope_selector_per_variate,scope_selector_per_variate,run_0,4,2,vanilla_univariate,2,vanilla_multivariate,1,
Smart_Manufacturing/H,medium,scope_selector_per_variate,scope_selector_per_variate,run_0,4,3,vanilla_univariate,2,vanilla_univariate,1,
Smart_Manufacturing/H,medium,scope_selector_per_variate,scope_selector_per_variate,run_0,4,4,vanilla_univariate,2,vanilla_univariate,1,
Smart_Manufacturing/H,medium,scope_selector_per_variate,scope_selector_per_variate,run_0,5,0,vanilla_univariate,2,vanilla_univariate,1,
Smart_Manufacturing/H,medium,scope_selector_per_variate,scope_selector_per_variate,run_0,5,1,vanilla_univariate,2,vanilla_multivariate,1,
Smart_Manufacturing/H,medium,scope_selector_per_variate,scope_selector_per_variate,run_0,5,2,vanilla_univariate,2,vanilla_multivariate,1,
Smart_Manufacturing/H,medium,scope_selector_per_variate,scope_selector_per_variate,run_0,5,3,vanilla_multivariate,2,vanilla_multivariate,1,
Smart_Manufacturing/H,medium,scope_selector_per_variate,scope_selector_per_variate,run_0,5,4,vanilla_univariate,2,vanilla_univariate,1,
Smart_Manufacturing/H,medium,scope_selector_per_variate,scope_selector_per_variate,run_0,6,0,vanilla_univariate,2,vanilla_multivariate,1,
Smart_Manufacturing/H,medium,scope_selector_per_variate,scope_selector_per_variate,run_0,6,1,vanilla_univariate,2,vanilla_univariate,1,
Smart_Manufacturing/H,medium,scope_selector_per_variate,scope_selector_per_variate,run_0,6,2,vanilla_multivariate,2,vanilla_multivariate,1,
Smart_Manufacturing/H,medium,scope_selector_per_variate,scope_selector_per_variate,run_0,6,3,vanilla_multivariate,2,vanilla_multivariate,1,
Smart_Manufacturing/H,medium,scope_selector_per_variate,scope_selector_per_variate,run_0,6,4,vanilla_univariate,2,vanilla_multivariate,1,
Smart_Manufacturing/H,medium,scope_selector_per_variate,scope_selector_per_variate,run_0,7,0,vanilla_multivariate,2,vanilla_multivariate,1,
Smart_Manufacturing/H,medium,scope_selector_per_variate,scope_selector_per_variate,run_0,7,1,vanilla_multivariate,2,vanilla_multivariate,1,
Smart_Manufacturing/H,medium,scope_selector_per_variate,scope_selector_per_variate,run_0,7,2,vanilla_univariate,2,vanilla_univariate,1,
Smart_Manufacturing/H,medium,scope_selector_per_variate,scope_selector_per_variate,run_0,7,3,vanilla_multivariate,2,vanilla_multivariate,1,
Smart_Manufacturing/H,medium,scope_selector_per_variate,scope_selector_per_variate,run_0,7,4,vanilla_multivariate,2,vanilla_multivariate,1,
Smart_Manufacturing/H,medium,scope_selector_per_variate,scope_selector_per_variate,run_0,8,0,vanilla_multivariate,2,vanilla_multivariate,1,
Smart_Manufacturing/H,medium,scope_selector_per_variate,scope_selector_per_variate,run_0,8,1,vanilla_multivariate,2,vanilla_multivariate,1,
Smart_Manufacturing/H,medium,scope_selector_per_variate,scope_selector_per_variate,run_0,8,2,vanilla_multivariate,2,vanilla_multivariate,1,
Smart_Manufacturing/H,medium,scope_selector_per_variate,scope_selector_per_variate,run_0,8,3,vanilla_multivariate,2,vanilla_multivariate,1,
Smart_Manufacturing/H,medium,scope_selector_per_variate,scope_selector_per_variate,run_0,8,4,vanilla_univariate,2,vanilla_multivariate,1,
Smart_Manufacturing/H,medium,scope_selector_per_variate,scope_selector_per_variate,run_0,9,0,vanilla_univariate,2,vanilla_univariate,1,
Smart_Manufacturing/H,medium,scope_selector_per_variate,scope_selector_per_variate,run_0,9,1,vanilla_univariate,2,vanilla_univariate,1,
Smart_Manufacturing/H,medium,scope_selector_per_variate,scope_selector_per_variate,run_0,9,2,vanilla_multivariate,2,vanilla_multivariate,1,
Smart_Manufacturing/H,medium,scope_selector_per_variate,scope_selector_per_variate,run_0,9,3,vanilla_univariate,2,vanilla_univariate,1,
Smart_Manufacturing/H,medium,scope_selector_per_variate,scope_selector_per_variate,run_0,9,4,vanilla_univariate,2,vanilla_multivariate,1,
Smart_Manufacturing/H,medium,scope_selector_per_variate,scope_selector_per_variate,run_0,10,0,vanilla_multivariate,2,vanilla_multivariate,1,
Smart_Manufacturing/H,medium,scope_selector_per_variate,scope_selector_per_variate,run_0,10,1,vanilla_univariate,2,vanilla_univariate,1,
Smart_Manufacturing/H,medium,scope_selector_per_variate,scope_selector_per_variate,run_0,10,2,vanilla_univariate,2,vanilla_univariate,1,
Smart_Manufacturing/H,medium,scope_selector_per_variate,scope_selector_per_variate,run_0,10,3,vanilla_univariate,2,vanilla_multivariate,1,
Smart_Manufacturing/H,medium,scope_selector_per_variate,scope_selector_per_variate,run_0,10,4,vanilla_univariate,2,vanilla_univariate,1,
Smart_Manufacturing/H,medium,scope_selector_per_variate,scope_selector_per_variate,run_0,11,0,vanilla_univariate,2,vanilla_multivariate,1,
Smart_Manufacturing/H,medium,scope_selector_per_variate,scope_selector_per_variate,run_0,11,1,vanilla_univariate,2,vanilla_univariate,1,
Smart_Manufacturing/H,medium,scope_selector_per_variate,scope_selector_per_variate,run_0,11,2,vanilla_multivariate,2,vanilla_multivariate,1,
Smart_Manufacturing/H,medium,scope_selector_per_variate,scope_selector_per_variate,run_0,11,3,vanilla_multivariate,2,vanilla_multivariate,1,
Smart_Manufacturing/H,medium,scope_selector_per_variate,scope_selector_per_variate,run_0,11,4,vanilla_univariate,2,vanilla_univariate,1,
Smart_Manufacturing/H,medium,scope_selector_per_variate,scope_selector_per_variate,run_0,12,0,vanilla_univariate,2,vanilla_univariate,1,
Smart_Manufacturing/H,medium,scope_selector_per_variate,scope_selector_per_variate,run_0,12,1,vanilla_univariate,2,vanilla_univariate,1,
Smart_Manufacturing/H,medium,scope_selector_per_variate,scope_selector_per_variate,run_0,12,2,vanilla_multivariate,2,vanilla_multivariate,1,
Smart_Manufacturing/H,medium,scope_selector_per_variate,scope_selector_per_variate,run_0,12,3,vanilla_multivariate,2,vanilla_multivariate,1,
Smart_Manufacturing/H,medium,scope_selector_per_variate,scope_selector_per_variate,run_0,12,4,vanilla_multivariate,2,vanilla_multivariate,1,
Smart_Manufacturing/H,medium,scope_selector_per_variate,scope_selector_per_variate,run_0,13,0,vanilla_univariate,2,vanilla_univariate,1,
Smart_Manufacturing/H,medium,scope_selector_per_variate,scope_selector_per_variate,run_0,13,1,vanilla_univariate,2,vanilla_univariate,1,
Smart_Manufacturing/H,medium,scope_selector_per_variate,scope_selector_per_variate,run_0,13,2,vanilla_multivariate,2,vanilla_multivariate,1,
Smart_Manufacturing/H,medium,scope_selector_per_variate,scope_selector_per_variate,run_0,13,3,vanilla_multivariate,2,vanilla_multivariate,1,
Smart_Manufacturing/H,medium,scope_selector_per_variate,scope_selector_per_variate,run_0,13,4,vanilla_multivariate,2,vanilla_multivariate,1,
Smart_Manufacturing/H,medium,scope_selector_per_variate,scope_selector_per_variate,run_0,14,0,vanilla_univariate,2,vanilla_multivariate,1,
Smart_Manufacturing/H,medium,scope_selector_per_variate,scope_selector_per_variate,run_0,14,1,vanilla_univariate,2,vanilla_univariate,1,
Smart_Manufacturing/H,medium,scope_selector_per_variate,scope_selector_per_variate,run_0,14,2,vanilla_univariate,2,vanilla_multivariate,1,
Smart_Manufacturing/H,medium,scope_selector_per_variate,scope_selector_per_variate,run_0,14,3,vanilla_univariate,2,vanilla_univariate,1,
Smart_Manufacturing/H,medium,scope_selector_per_variate,scope_selector_per_variate,run_0,14,4,vanilla_univariate,2,vanilla_univariate,1,
Smart_Manufacturing/H,medium,scope_selector_per_variate,scope_selector_per_variate,run_0,15,0,vanilla_univariate,2,vanilla_univariate,1,
Smart_Manufacturing/H,medium,scope_selector_per_variate,scope_selector_per_variate,run_0,15,1,vanilla_multivariate,2,vanilla_multivariate,1,
Smart_Manufacturing/H,medium,scope_selector_per_variate,scope_selector_per_variate,run_0,15,2,vanilla_multivariate,2,vanilla_multivariate,1,
Smart_Manufacturing/H,medium,scope_selector_per_variate,scope_selector_per_variate,run_0,15,3,vanilla_univariate,2,vanilla_univariate,1,
Smart_Manufacturing/H,medium,scope_selector_per_variate,scope_selector_per_variate,run_0,15,4,vanilla_univariate,2,vanilla_univariate,1,
Smart_Manufacturing/H,medium,scope_selector_per_variate,scope_selector_per_variate,run_0,16,0,vanilla_multivariate,2,vanilla_multivariate,1,
Smart_Manufacturing/H,medium,scope_selector_per_variate,scope_selector_per_variate,run_0,16,1,vanilla_univariate,2,vanilla_univariate,1,
Smart_Manufacturing/H,medium,scope_selector_per_variate,scope_selector_per_variate,run_0,16,2,vanilla_univariate,2,vanilla_multivariate,1,
Smart_Manufacturing/H,medium,scope_selector_per_variate,scope_selector_per_variate,run_0,16,3,vanilla_univariate,2,vanilla_univariate,1,
Smart_Manufacturing/H,medium,scope_selector_per_variate,scope_selector_per_variate,run_0,16,4,vanilla_univariate,2,vanilla_univariate,1,
Smart_Manufacturing/H,medium,scope_selector_per_variate,scope_selector_per_variate,run_0,17,0,vanilla_univariate,2,vanilla_univariate,1,
Smart_Manufacturing/H,medium,scope_selector_per_variate,scope_selector_per_variate,run_0,17,1,vanilla_univariate,2,vanilla_multivariate,1,
Smart_Manufacturing/H,medium,scope_selector_per_variate,scope_selector_per_variate,run_0,17,2,vanilla_univariate,2,vanilla_univariate,1,
Smart_Manufacturing/H,medium,scope_selector_per_variate,scope_selector_per_variate,run_0,17,3,vanilla_univariate,2,vanilla_multivariate,1,
Smart_Manufacturing/H,medium,scope_selector_per_variate,scope_selector_per_variate,run_0,17,4,vanilla_multivariate,2,vanilla_multivariate,1,
Smart_Manufacturing/H,medium,scope_selector_per_variate,scope_selector_per_variate,run_0,18,0,vanilla_multivariate,2,vanilla_multivariate,1,
Smart_Manufacturing/H,medium,scope_selector_per_variate,scope_selector_per_variate,run_0,18,1,vanilla_univariate,2,vanilla_univariate,1,
Smart_Manufacturing/H,medium,scope_selector_per_variate,scope_selector_per_variate,run_0,18,2,vanilla_univariate,2,vanilla_multivariate,1,
Smart_Manufacturing/H,medium,scope_selector_per_variate,scope_selector_per_variate,run_0,18,3,vanilla_multivariate,2,vanilla_multivariate,1,
Smart_Manufacturing/H,medium,scope_selector_per_variate,scope_selector_per_variate,run_0,18,4,vanilla_multivariate,2,vanilla_multivariate,1,
Smart_Manufacturing/H,medium,scope_selector_per_variate,scope_selector_per_variate,run_0,19,0,vanilla_univariate,2,vanilla_univariate,1,
Smart_Manufacturing/H,medium,scope_selector_per_variate,scope_selector_per_variate,run_0,19,1,vanilla_multivariate,2,vanilla_multivariate,1,
Smart_Manufacturing/H,medium,scope_selector_per_variate,scope_selector_per_variate,run_0,19,2,vanilla_multivariate,2,vanilla_multivariate,1,
Smart_Manufacturing/H,medium,scope_selector_per_variate,scope_selector_per_variate,run_0,19,3,vanilla_multivariate,2,vanilla_multivariate,1,
Smart_Manufacturing/H,medium,scope_selector_per_variate,scope_selector_per_variate,run_0,19,4,vanilla_multivariate,2,vanilla_multivariate,1,
Smart_Manufacturing/H,medium,scope_selector_per_variate,scope_selector_per_variate,run_0,20,0,vanilla_univariate,2,vanilla_univariate,1,
Smart_Manufacturing/H,medium,scope_selector_per_variate,scope_selector_per_variate,run_0,20,1,vanilla_multivariate,2,vanilla_multivariate,1,
Smart_Manufacturing/H,medium,scope_selector_per_variate,scope_selector_per_variate,run_0,20,2,vanilla_univariate,2,vanilla_multivariate,1,
Smart_Manufacturing/H,medium,scope_selector_per_variate,scope_selector_per_variate,run_0,20,3,vanilla_multivariate,2,vanilla_multivariate,1,
Smart_Manufacturing/H,medium,scope_selector_per_variate,scope_selector_per_variate,run_0,20,4,vanilla_univariate,2,vanilla_univariate,1,
Smart_Manufacturing/H,medium,scope_selector_per_variate,scope_selector_per_variate,run_0,21,0,vanilla_multivariate,2,vanilla_multivariate,1,
Smart_Manufacturing/H,medium,scope_selector_per_variate,scope_selector_per_variate,run_0,21,1,vanilla_univariate,2,vanilla_multivariate,1,
Smart_Manufacturing/H,medium,scope_selector_per_variate,scope_selector_per_variate,run_0,21,2,vanilla_univariate,2,vanilla_univariate,1,
Smart_Manufacturing/H,medium,scope_selector_per_variate,scope_selector_per_variate,run_0,21,3,vanilla_multivariate,2,vanilla_multivariate,1,
Smart_Manufacturing/H,medium,scope_selector_per_variate,scope_selector_per_variate,run_0,21,4,vanilla_univariate,2,vanilla_univariate,1,
Smart_Manufacturing/H,medium,scope_selector_per_variate,scope_selector_per_variate,run_0,22,0,vanilla_univariate,2,vanilla_univariate,1,
Smart_Manufacturing/H,medium,scope_selector_per_variate,scope_selector_per_variate,run_0,22,1,vanilla_multivariate,2,vanilla_multivariate,1,
Smart_Manufacturing/H,medium,scope_selector_per_variate,scope_selector_per_variate,run_0,22,2,vanilla_univariate,2,vanilla_univariate,1,
Smart_Manufacturing/H,medium,scope_selector_per_variate,scope_selector_per_variate,run_0,22,3,vanilla_univariate,2,vanilla_multivariate,1,
Smart_Manufacturing/H,medium,scope_selector_per_variate,scope_selector_per_variate,run_0,22,4,vanilla_multivariate,2,vanilla_multivariate,1,
Smart_Manufacturing/H,medium,scope_selector_per_variate,scope_selector_per_variate,run_0,23,0,vanilla_univariate,2,vanilla_multivariate,1,
Smart_Manufacturing/H,medium,scope_selector_per_variate,scope_selector_per_variate,run_0,23,1,vanilla_univariate,2,vanilla_univariate,1,
Smart_Manufacturing/H,medium,scope_selector_per_variate,scope_selector_per_variate,run_0,23,2,vanilla_univariate,2,vanilla_univariate,1,
Smart_Manufacturing/H,medium,scope_selector_per_variate,scope_selector_per_variate,run_0,23,3,vanilla_univariate,2,vanilla_univariate,1,
Smart_Manufacturing/H,medium,scope_selector_per_variate,scope_selector_per_variate,run_0,23,4,vanilla_univariate,2,vanilla_univariate,1,
Smart_Manufacturing/H,medium,scope_selector_per_variate,scope_selector_per_variate,run_0,24,0,vanilla_univariate,2,vanilla_univariate,1,
Smart_Manufacturing/H,medium,scope_selector_per_variate,scope_selector_per_variate,run_0,24,1,vanilla_multivariate,2,vanilla_multivariate,1,
Smart_Manufacturing/H,medium,scope_selector_per_variate,scope_selector_per_variate,run_0,24,2,vanilla_multivariate,2,vanilla_multivariate,1,
Smart_Manufacturing/H,medium,scope_selector_per_variate,scope_selector_per_variate,run_0,24,3,vanilla_univariate,2,vanilla_univariate,1,
Smart_Manufacturing/H,medium,scope_selector_per_variate,scope_selector_per_variate,run_0,24,4,vanilla_univariate,2,vanilla_univariate,1,
Smart_Manufacturing/H,medium,scope_selector_per_variate,scope_selector_per_variate,run_0,25,0,vanilla_multivariate,2,vanilla_multivariate,1,
Smart_Manufacturing/H,medium,scope_selector_per_variate,scope_selector_per_variate,run_0,25,1,vanilla_univariate,2,vanilla_univariate,1,
Smart_Manufacturing/H,medium,scope_selector_per_variate,scope_selector_per_variate,run_0,25,2,vanilla_univariate,2,vanilla_univariate,1,
Smart_Manufacturing/H,medium,scope_selector_per_variate,scope_selector_per_variate,run_0,25,3,vanilla_univariate,2,vanilla_multivariate,1,
Smart_Manufacturing/H,medium,scope_selector_per_variate,scope_selector_per_variate,run_0,25,4,vanilla_univariate,2,vanilla_multivariate,1,
Smart_Manufacturing/H,medium,scope_selector_per_variate,scope_selector_per_variate,run_0,26,0,vanilla_multivariate,2,vanilla_multivariate,1,
Smart_Manufacturing/H,medium,scope_selector_per_variate,scope_selector_per_variate,run_0,26,1,vanilla_univariate,2,vanilla_multivariate,1,
Smart_Manufacturing/H,medium,scope_selector_per_variate,scope_selector_per_variate,run_0,26,2,vanilla_univariate,2,vanilla_multivariate,1,
Smart_Manufacturing/H,medium,scope_selector_per_variate,scope_selector_per_variate,run_0,26,3,vanilla_multivariate,2,vanilla_multivariate,1,
Smart_Manufacturing/H,medium,scope_selector_per_variate,scope_selector_per_variate,run_0,26,4,vanilla_multivariate,2,vanilla_multivariate,1,
Smart_Manufacturing/H,medium,scope_selector_per_variate,scope_selector_per_variate,run_0,27,0,vanilla_univariate,2,vanilla_univariate,1,
Smart_Manufacturing/H,medium,scope_selector_per_variate,scope_selector_per_variate,run_0,27,1,vanilla_univariate,2,vanilla_univariate,1,
Smart_Manufacturing/H,medium,scope_selector_per_variate,scope_selector_per_variate,run_0,27,2,vanilla_univariate,2,vanilla_univariate,1,
Smart_Manufacturing/H,medium,scope_selector_per_variate,scope_selector_per_variate,run_0,27,3,vanilla_multivariate,2,vanilla_multivariate,1,
Smart_Manufacturing/H,medium,scope_selector_per_variate,scope_selector_per_variate,run_0,27,4,vanilla_multivariate,2,vanilla_multivariate,1,
Smart_Manufacturing/H,medium,scope_selector_per_variate,scope_selector_per_variate,run_0,28,0,vanilla_univariate,2,vanilla_univariate,1,
Smart_Manufacturing/H,medium,scope_selector_per_variate,scope_selector_per_variate,run_0,28,1,vanilla_univariate,2,vanilla_multivariate,1,
Smart_Manufacturing/H,medium,scope_selector_per_variate,scope_selector_per_variate,run_0,28,2,vanilla_univariate,2,vanilla_univariate,1,
Smart_Manufacturing/H,medium,scope_selector_per_variate,scope_selector_per_variate,run_0,28,3,vanilla_univariate,2,vanilla_multivariate,1,
Smart_Manufacturing/H,medium,scope_selector_per_variate,scope_selector_per_variate,run_0,28,4,vanilla_univariate,2,vanilla_multivariate,1,
Smart_Manufacturing/H,medium,scope_selector_per_variate,scope_selector_per_variate,run_0,29,0,vanilla_univariate,2,vanilla_univariate,1,
Smart_Manufacturing/H,medium,scope_selector_per_variate,scope_selector_per_variate,run_0,29,1,vanilla_univariate,2,vanilla_univariate,1,
Smart_Manufacturing/H,medium,scope_selector_per_variate,scope_selector_per_variate,run_0,29,2,vanilla_univariate,2,vanilla_univariate,1,
Smart_Manufacturing/H,medium,scope_selector_per_variate,scope_selector_per_variate,run_0,29,3,vanilla_univariate,2,vanilla_univariate,1,
Smart_Manufacturing/H,medium,scope_selector_per_variate,scope_selector_per_variate,run_0,29,4,vanilla_univariate,2,vanilla_univariate,1,
Smart_Manufacturing/H,medium,scope_selector_per_variate,scope_selector_per_variate,run_0,30,0,vanilla_multivariate,2,vanilla_multivariate,1,
Smart_Manufacturing/H,medium,scope_selector_per_variate,scope_selector_per_variate,run_0,30,1,vanilla_univariate,2,vanilla_univariate,1,
Smart_Manufacturing/H,medium,scope_selector_per_variate,scope_selector_per_variate,run_0,30,2,vanilla_univariate,2,vanilla_univariate,1,
Smart_Manufacturing/H,medium,scope_selector_per_variate,scope_selector_per_variate,run_0,30,3,vanilla_univariate,2,vanilla_univariate,1,
Smart_Manufacturing/H,medium,scope_selector_per_variate,scope_selector_per_variate,run_0,30,4,vanilla_univariate,2,vanilla_multivariate,1,
Smart_Manufacturing/H,medium,scope_selector_per_variate,scope_selector_per_variate,run_0,31,0,vanilla_univariate,2,vanilla_univariate,1,
Smart_Manufacturing/H,medium,scope_selector_per_variate,scope_selector_per_variate,run_0,31,1,vanilla_univariate,2,vanilla_univariate,1,
Smart_Manufacturing/H,medium,scope_selector_per_variate,scope_selector_per_variate,run_0,31,2,vanilla_univariate,2,vanilla_multivariate,1,
Smart_Manufacturing/H,medium,scope_selector_per_variate,scope_selector_per_variate,run_0,31,3,vanilla_multivariate,2,vanilla_multivariate,1,
Smart_Manufacturing/H,medium,scope_selector_per_variate,scope_selector_per_variate,run_0,31,4,vanilla_univariate,2,vanilla_univariate,1,
Smart_Manufacturing/H,medium,scope_selector_per_variate,scope_selector_per_variate,run_0,32,0,vanilla_univariate,2,vanilla_univariate,1,
Smart_Manufacturing/H,medium,scope_selector_per_variate,scope_selector_per_variate,run_0,32,1,vanilla_univariate,2,vanilla_univariate,1,
Smart_Manufacturing/H,medium,scope_selector_per_variate,scope_selector_per_variate,run_0,32,2,vanilla_univariate,2,vanilla_univariate,1,
Smart_Manufacturing/H,medium,scope_selector_per_variate,scope_selector_per_variate,run_0,32,3,vanilla_multivariate,2,vanilla_multivariate,1,
Smart_Manufacturing/H,medium,scope_selector_per_variate,scope_selector_per_variate,run_0,32,4,vanilla_multivariate,2,vanilla_multivariate,1,
Smart_Manufacturing/H,medium,scope_selector_per_variate,scope_selector_per_variate,run_0,33,0,vanilla_univariate,2,vanilla_univariate,1,
Smart_Manufacturing/H,medium,scope_selector_per_variate,scope_selector_per_variate,run_0,33,1,vanilla_univariate,2,vanilla_multivariate,1,
Smart_Manufacturing/H,medium,scope_selector_per_variate,scope_selector_per_variate,run_0,33,2,vanilla_univariate,2,vanilla_univariate,1,
Smart_Manufacturing/H,medium,scope_selector_per_variate,scope_selector_per_variate,run_0,33,3,vanilla_multivariate,2,vanilla_multivariate,1,
Smart_Manufacturing/H,medium,scope_selector_per_variate,scope_selector_per_variate,run_0,33,4,vanilla_univariate,2,vanilla_univariate,1,
Smart_Manufacturing/H,long,scope_selector,scope_selector,run_1,,,vanilla_multivariate,5,vanilla_multivariate,2,
Smart_Manufacturing/H,long,scope_selector_per_variate,scope_selector_per_variate,run_0,0,0,vanilla_multivariate,1,vanilla_multivariate,1,fewer_than_two_validation_dates
Smart_Manufacturing/H,long,scope_selector_per_variate,scope_selector_per_variate,run_0,0,1,vanilla_multivariate,1,vanilla_multivariate,1,fewer_than_two_validation_dates
Smart_Manufacturing/H,long,scope_selector_per_variate,scope_selector_per_variate,run_0,0,2,vanilla_multivariate,1,vanilla_multivariate,1,fewer_than_two_validation_dates
Smart_Manufacturing/H,long,scope_selector_per_variate,scope_selector_per_variate,run_0,0,3,vanilla_univariate,1,vanilla_univariate,1,fewer_than_two_validation_dates
Smart_Manufacturing/H,long,scope_selector_per_variate,scope_selector_per_variate,run_0,0,4,vanilla_multivariate,1,vanilla_multivariate,1,fewer_than_two_validation_dates
Smart_Manufacturing/H,long,scope_selector_per_variate,scope_selector_per_variate,run_0,1,0,vanilla_multivariate,1,vanilla_multivariate,1,fewer_than_two_validation_dates
Smart_Manufacturing/H,long,scope_selector_per_variate,scope_selector_per_variate,run_0,1,1,vanilla_univariate,1,vanilla_univariate,1,fewer_than_two_validation_dates
Smart_Manufacturing/H,long,scope_selector_per_variate,scope_selector_per_variate,run_0,1,2,vanilla_univariate,1,vanilla_univariate,1,fewer_than_two_validation_dates
Smart_Manufacturing/H,long,scope_selector_per_variate,scope_selector_per_variate,run_0,1,3,vanilla_univariate,1,vanilla_univariate,1,fewer_than_two_validation_dates
Smart_Manufacturing/H,long,scope_selector_per_variate,scope_selector_per_variate,run_0,1,4,vanilla_univariate,1,vanilla_univariate,1,fewer_than_two_validation_dates
Smart_Manufacturing/H,long,scope_selector_per_variate,scope_selector_per_variate,run_0,2,0,vanilla_univariate,1,vanilla_univariate,1,fewer_than_two_validation_dates
Smart_Manufacturing/H,long,scope_selector_per_variate,scope_selector_per_variate,run_0,2,1,vanilla_multivariate,1,vanilla_multivariate,1,fewer_than_two_validation_dates
Smart_Manufacturing/H,long,scope_selector_per_variate,scope_selector_per_variate,run_0,2,2,vanilla_univariate,1,vanilla_univariate,1,fewer_than_two_validation_dates
Smart_Manufacturing/H,long,scope_selector_per_variate,scope_selector_per_variate,run_0,2,3,vanilla_univariate,1,vanilla_univariate,1,fewer_than_two_validation_dates
Smart_Manufacturing/H,long,scope_selector_per_variate,scope_selector_per_variate,run_0,2,4,vanilla_univariate,1,vanilla_univariate,1,fewer_than_two_validation_dates
Smart_Manufacturing/H,long,scope_selector_per_variate,scope_selector_per_variate,run_0,3,0,vanilla_univariate,1,vanilla_univariate,1,fewer_than_two_validation_dates
Smart_Manufacturing/H,long,scope_selector_per_variate,scope_selector_per_variate,run_0,3,1,vanilla_univariate,1,vanilla_univariate,1,fewer_than_two_validation_dates
Smart_Manufacturing/H,long,scope_selector_per_variate,scope_selector_per_variate,run_0,3,2,vanilla_univariate,1,vanilla_univariate,1,fewer_than_two_validation_dates
Smart_Manufacturing/H,long,scope_selector_per_variate,scope_selector_per_variate,run_0,3,3,vanilla_univariate,1,vanilla_univariate,1,fewer_than_two_validation_dates
Smart_Manufacturing/H,long,scope_selector_per_variate,scope_selector_per_variate,run_0,3,4,vanilla_multivariate,1,vanilla_multivariate,1,fewer_than_two_validation_dates
Smart_Manufacturing/H,long,scope_selector_per_variate,scope_selector_per_variate,run_0,4,0,vanilla_univariate,1,vanilla_univariate,1,fewer_than_two_validation_dates
Smart_Manufacturing/H,long,scope_selector_per_variate,scope_selector_per_variate,run_0,4,1,vanilla_univariate,1,vanilla_univariate,1,fewer_than_two_validation_dates
Smart_Manufacturing/H,long,scope_selector_per_variate,scope_selector_per_variate,run_0,4,2,vanilla_univariate,1,vanilla_univariate,1,fewer_than_two_validation_dates
Smart_Manufacturing/H,long,scope_selector_per_variate,scope_selector_per_variate,run_0,4,3,vanilla_univariate,1,vanilla_univariate,1,fewer_than_two_validation_dates
Smart_Manufacturing/H,long,scope_selector_per_variate,scope_selector_per_variate,run_0,4,4,vanilla_multivariate,1,vanilla_multivariate,1,fewer_than_two_validation_dates
Smart_Manufacturing/H,long,scope_selector_per_variate,scope_selector_per_variate,run_0,5,0,vanilla_univariate,1,vanilla_univariate,1,fewer_than_two_validation_dates
Smart_Manufacturing/H,long,scope_selector_per_variate,scope_selector_per_variate,run_0,5,1,vanilla_univariate,1,vanilla_univariate,1,fewer_than_two_validation_dates
Smart_Manufacturing/H,long,scope_selector_per_variate,scope_selector_per_variate,run_0,5,2,vanilla_univariate,1,vanilla_univariate,1,fewer_than_two_validation_dates
Smart_Manufacturing/H,long,scope_selector_per_variate,scope_selector_per_variate,run_0,5,3,vanilla_multivariate,1,vanilla_multivariate,1,fewer_than_two_validation_dates
Smart_Manufacturing/H,long,scope_selector_per_variate,scope_selector_per_variate,run_0,5,4,vanilla_univariate,1,vanilla_univariate,1,fewer_than_two_validation_dates
Smart_Manufacturing/H,long,scope_selector_per_variate,scope_selector_per_variate,run_0,6,0,vanilla_multivariate,1,vanilla_multivariate,1,fewer_than_two_validation_dates
Smart_Manufacturing/H,long,scope_selector_per_variate,scope_selector_per_variate,run_0,6,1,vanilla_univariate,1,vanilla_univariate,1,fewer_than_two_validation_dates
Smart_Manufacturing/H,long,scope_selector_per_variate,scope_selector_per_variate,run_0,6,2,vanilla_multivariate,1,vanilla_multivariate,1,fewer_than_two_validation_dates
Smart_Manufacturing/H,long,scope_selector_per_variate,scope_selector_per_variate,run_0,6,3,vanilla_multivariate,1,vanilla_multivariate,1,fewer_than_two_validation_dates
Smart_Manufacturing/H,long,scope_selector_per_variate,scope_selector_per_variate,run_0,6,4,vanilla_univariate,1,vanilla_univariate,1,fewer_than_two_validation_dates
Smart_Manufacturing/H,long,scope_selector_per_variate,scope_selector_per_variate,run_0,7,0,vanilla_univariate,1,vanilla_univariate,1,fewer_than_two_validation_dates
Smart_Manufacturing/H,long,scope_selector_per_variate,scope_selector_per_variate,run_0,7,1,vanilla_multivariate,1,vanilla_multivariate,1,fewer_than_two_validation_dates
Smart_Manufacturing/H,long,scope_selector_per_variate,scope_selector_per_variate,run_0,7,2,vanilla_univariate,1,vanilla_univariate,1,fewer_than_two_validation_dates
Smart_Manufacturing/H,long,scope_selector_per_variate,scope_selector_per_variate,run_0,7,3,vanilla_multivariate,1,vanilla_multivariate,1,fewer_than_two_validation_dates
Smart_Manufacturing/H,long,scope_selector_per_variate,scope_selector_per_variate,run_0,7,4,vanilla_multivariate,1,vanilla_multivariate,1,fewer_than_two_validation_dates
Smart_Manufacturing/H,long,scope_selector_per_variate,scope_selector_per_variate,run_0,8,0,vanilla_multivariate,1,vanilla_multivariate,1,fewer_than_two_validation_dates
Smart_Manufacturing/H,long,scope_selector_per_variate,scope_selector_per_variate,run_0,8,1,vanilla_multivariate,1,vanilla_multivariate,1,fewer_than_two_validation_dates
Smart_Manufacturing/H,long,scope_selector_per_variate,scope_selector_per_variate,run_0,8,2,vanilla_multivariate,1,vanilla_multivariate,1,fewer_than_two_validation_dates
Smart_Manufacturing/H,long,scope_selector_per_variate,scope_selector_per_variate,run_0,8,3,vanilla_multivariate,1,vanilla_multivariate,1,fewer_than_two_validation_dates
Smart_Manufacturing/H,long,scope_selector_per_variate,scope_selector_per_variate,run_0,8,4,vanilla_univariate,1,vanilla_univariate,1,fewer_than_two_validation_dates
Smart_Manufacturing/H,long,scope_selector_per_variate,scope_selector_per_variate,run_0,9,0,vanilla_univariate,1,vanilla_univariate,1,fewer_than_two_validation_dates
Smart_Manufacturing/H,long,scope_selector_per_variate,scope_selector_per_variate,run_0,9,1,vanilla_multivariate,1,vanilla_multivariate,1,fewer_than_two_validation_dates
Smart_Manufacturing/H,long,scope_selector_per_variate,scope_selector_per_variate,run_0,9,2,vanilla_multivariate,1,vanilla_multivariate,1,fewer_than_two_validation_dates
Smart_Manufacturing/H,long,scope_selector_per_variate,scope_selector_per_variate,run_0,9,3,vanilla_multivariate,1,vanilla_multivariate,1,fewer_than_two_validation_dates
Smart_Manufacturing/H,long,scope_selector_per_variate,scope_selector_per_variate,run_0,9,4,vanilla_multivariate,1,vanilla_multivariate,1,fewer_than_two_validation_dates
Smart_Manufacturing/H,long,scope_selector_per_variate,scope_selector_per_variate,run_0,10,0,vanilla_multivariate,1,vanilla_multivariate,1,fewer_than_two_validation_dates
Smart_Manufacturing/H,long,scope_selector_per_variate,scope_selector_per_variate,run_0,10,1,vanilla_multivariate,1,vanilla_multivariate,1,fewer_than_two_validation_dates
Smart_Manufacturing/H,long,scope_selector_per_variate,scope_selector_per_variate,run_0,10,2,vanilla_univariate,1,vanilla_univariate,1,fewer_than_two_validation_dates
Smart_Manufacturing/H,long,scope_selector_per_variate,scope_selector_per_variate,run_0,10,3,vanilla_univariate,1,vanilla_univariate,1,fewer_than_two_validation_dates
Smart_Manufacturing/H,long,scope_selector_per_variate,scope_selector_per_variate,run_0,10,4,vanilla_univariate,1,vanilla_univariate,1,fewer_than_two_validation_dates
Smart_Manufacturing/H,long,scope_selector_per_variate,scope_selector_per_variate,run_0,11,0,vanilla_univariate,1,vanilla_univariate,1,fewer_than_two_validation_dates
Smart_Manufacturing/H,long,scope_selector_per_variate,scope_selector_per_variate,run_0,11,1,vanilla_multivariate,1,vanilla_multivariate,1,fewer_than_two_validation_dates
Smart_Manufacturing/H,long,scope_selector_per_variate,scope_selector_per_variate,run_0,11,2,vanilla_multivariate,1,vanilla_multivariate,1,fewer_than_two_validation_dates
Smart_Manufacturing/H,long,scope_selector_per_variate,scope_selector_per_variate,run_0,11,3,vanilla_multivariate,1,vanilla_multivariate,1,fewer_than_two_validation_dates
Smart_Manufacturing/H,long,scope_selector_per_variate,scope_selector_per_variate,run_0,11,4,vanilla_multivariate,1,vanilla_multivariate,1,fewer_than_two_validation_dates
Smart_Manufacturing/H,long,scope_selector_per_variate,scope_selector_per_variate,run_0,12,0,vanilla_univariate,1,vanilla_univariate,1,fewer_than_two_validation_dates
Smart_Manufacturing/H,long,scope_selector_per_variate,scope_selector_per_variate,run_0,12,1,vanilla_univariate,1,vanilla_univariate,1,fewer_than_two_validation_dates
Smart_Manufacturing/H,long,scope_selector_per_variate,scope_selector_per_variate,run_0,12,2,vanilla_multivariate,1,vanilla_multivariate,1,fewer_than_two_validation_dates
Smart_Manufacturing/H,long,scope_selector_per_variate,scope_selector_per_variate,run_0,12,3,vanilla_multivariate,1,vanilla_multivariate,1,fewer_than_two_validation_dates
Smart_Manufacturing/H,long,scope_selector_per_variate,scope_selector_per_variate,run_0,12,4,vanilla_multivariate,1,vanilla_multivariate,1,fewer_than_two_validation_dates
Smart_Manufacturing/H,long,scope_selector_per_variate,scope_selector_per_variate,run_0,13,0,vanilla_univariate,1,vanilla_univariate,1,fewer_than_two_validation_dates
Smart_Manufacturing/H,long,scope_selector_per_variate,scope_selector_per_variate,run_0,13,1,vanilla_univariate,1,vanilla_univariate,1,fewer_than_two_validation_dates
Smart_Manufacturing/H,long,scope_selector_per_variate,scope_selector_per_variate,run_0,13,2,vanilla_multivariate,1,vanilla_multivariate,1,fewer_than_two_validation_dates
Smart_Manufacturing/H,long,scope_selector_per_variate,scope_selector_per_variate,run_0,13,3,vanilla_multivariate,1,vanilla_multivariate,1,fewer_than_two_validation_dates
Smart_Manufacturing/H,long,scope_selector_per_variate,scope_selector_per_variate,run_0,13,4,vanilla_multivariate,1,vanilla_multivariate,1,fewer_than_two_validation_dates
Smart_Manufacturing/H,long,scope_selector_per_variate,scope_selector_per_variate,run_0,14,0,vanilla_multivariate,1,vanilla_multivariate,1,fewer_than_two_validation_dates
Smart_Manufacturing/H,long,scope_selector_per_variate,scope_selector_per_variate,run_0,14,1,vanilla_univariate,1,vanilla_univariate,1,fewer_than_two_validation_dates
Smart_Manufacturing/H,long,scope_selector_per_variate,scope_selector_per_variate,run_0,14,2,vanilla_multivariate,1,vanilla_multivariate,1,fewer_than_two_validation_dates
Smart_Manufacturing/H,long,scope_selector_per_variate,scope_selector_per_variate,run_0,14,3,vanilla_univariate,1,vanilla_univariate,1,fewer_than_two_validation_dates
Smart_Manufacturing/H,long,scope_selector_per_variate,scope_selector_per_variate,run_0,14,4,vanilla_univariate,1,vanilla_univariate,1,fewer_than_two_validation_dates
Smart_Manufacturing/H,long,scope_selector_per_variate,scope_selector_per_variate,run_0,15,0,vanilla_univariate,1,vanilla_univariate,1,fewer_than_two_validation_dates
Smart_Manufacturing/H,long,scope_selector_per_variate,scope_selector_per_variate,run_0,15,1,vanilla_univariate,1,vanilla_univariate,1,fewer_than_two_validation_dates
Smart_Manufacturing/H,long,scope_selector_per_variate,scope_selector_per_variate,run_0,15,2,vanilla_multivariate,1,vanilla_multivariate,1,fewer_than_two_validation_dates
Smart_Manufacturing/H,long,scope_selector_per_variate,scope_selector_per_variate,run_0,15,3,vanilla_univariate,1,vanilla_univariate,1,fewer_than_two_validation_dates
Smart_Manufacturing/H,long,scope_selector_per_variate,scope_selector_per_variate,run_0,15,4,vanilla_multivariate,1,vanilla_multivariate,1,fewer_than_two_validation_dates
Smart_Manufacturing/H,long,scope_selector_per_variate,scope_selector_per_variate,run_0,16,0,vanilla_multivariate,1,vanilla_multivariate,1,fewer_than_two_validation_dates
Smart_Manufacturing/H,long,scope_selector_per_variate,scope_selector_per_variate,run_0,16,1,vanilla_univariate,1,vanilla_univariate,1,fewer_than_two_validation_dates
Smart_Manufacturing/H,long,scope_selector_per_variate,scope_selector_per_variate,run_0,16,2,vanilla_univariate,1,vanilla_univariate,1,fewer_than_two_validation_dates
Smart_Manufacturing/H,long,scope_selector_per_variate,scope_selector_per_variate,run_0,16,3,vanilla_univariate,1,vanilla_univariate,1,fewer_than_two_validation_dates
Smart_Manufacturing/H,long,scope_selector_per_variate,scope_selector_per_variate,run_0,16,4,vanilla_univariate,1,vanilla_univariate,1,fewer_than_two_validation_dates
Smart_Manufacturing/H,long,scope_selector_per_variate,scope_selector_per_variate,run_0,17,0,vanilla_multivariate,1,vanilla_multivariate,1,fewer_than_two_validation_dates
Smart_Manufacturing/H,long,scope_selector_per_variate,scope_selector_per_variate,run_0,17,1,vanilla_multivariate,1,vanilla_multivariate,1,fewer_than_two_validation_dates
Smart_Manufacturing/H,long,scope_selector_per_variate,scope_selector_per_variate,run_0,17,2,vanilla_univariate,1,vanilla_univariate,1,fewer_than_two_validation_dates
Smart_Manufacturing/H,long,scope_selector_per_variate,scope_selector_per_variate,run_0,17,3,vanilla_multivariate,1,vanilla_multivariate,1,fewer_than_two_validation_dates
Smart_Manufacturing/H,long,scope_selector_per_variate,scope_selector_per_variate,run_0,17,4,vanilla_multivariate,1,vanilla_multivariate,1,fewer_than_two_validation_dates
Smart_Manufacturing/H,long,scope_selector_per_variate,scope_selector_per_variate,run_0,18,0,vanilla_multivariate,1,vanilla_multivariate,1,fewer_than_two_validation_dates
Smart_Manufacturing/H,long,scope_selector_per_variate,scope_selector_per_variate,run_0,18,1,vanilla_univariate,1,vanilla_univariate,1,fewer_than_two_validation_dates
Smart_Manufacturing/H,long,scope_selector_per_variate,scope_selector_per_variate,run_0,18,2,vanilla_univariate,1,vanilla_univariate,1,fewer_than_two_validation_dates
Smart_Manufacturing/H,long,scope_selector_per_variate,scope_selector_per_variate,run_0,18,3,vanilla_multivariate,1,vanilla_multivariate,1,fewer_than_two_validation_dates
Smart_Manufacturing/H,long,scope_selector_per_variate,scope_selector_per_variate,run_0,18,4,vanilla_multivariate,1,vanilla_multivariate,1,fewer_than_two_validation_dates
Smart_Manufacturing/H,long,scope_selector_per_variate,scope_selector_per_variate,run_0,19,0,vanilla_univariate,1,vanilla_univariate,1,fewer_than_two_validation_dates
Smart_Manufacturing/H,long,scope_selector_per_variate,scope_selector_per_variate,run_0,19,1,vanilla_multivariate,1,vanilla_multivariate,1,fewer_than_two_validation_dates
Smart_Manufacturing/H,long,scope_selector_per_variate,scope_selector_per_variate,run_0,19,2,vanilla_multivariate,1,vanilla_multivariate,1,fewer_than_two_validation_dates
Smart_Manufacturing/H,long,scope_selector_per_variate,scope_selector_per_variate,run_0,19,3,vanilla_multivariate,1,vanilla_multivariate,1,fewer_than_two_validation_dates
Smart_Manufacturing/H,long,scope_selector_per_variate,scope_selector_per_variate,run_0,19,4,vanilla_multivariate,1,vanilla_multivariate,1,fewer_than_two_validation_dates
Smart_Manufacturing/H,long,scope_selector_per_variate,scope_selector_per_variate,run_0,20,0,vanilla_univariate,1,vanilla_univariate,1,fewer_than_two_validation_dates
Smart_Manufacturing/H,long,scope_selector_per_variate,scope_selector_per_variate,run_0,20,1,vanilla_multivariate,1,vanilla_multivariate,1,fewer_than_two_validation_dates
Smart_Manufacturing/H,long,scope_selector_per_variate,scope_selector_per_variate,run_0,20,2,vanilla_multivariate,1,vanilla_multivariate,1,fewer_than_two_validation_dates
Smart_Manufacturing/H,long,scope_selector_per_variate,scope_selector_per_variate,run_0,20,3,vanilla_univariate,1,vanilla_univariate,1,fewer_than_two_validation_dates
Smart_Manufacturing/H,long,scope_selector_per_variate,scope_selector_per_variate,run_0,20,4,vanilla_univariate,1,vanilla_univariate,1,fewer_than_two_validation_dates
Smart_Manufacturing/H,long,scope_selector_per_variate,scope_selector_per_variate,run_0,21,0,vanilla_multivariate,1,vanilla_multivariate,1,fewer_than_two_validation_dates
Smart_Manufacturing/H,long,scope_selector_per_variate,scope_selector_per_variate,run_0,21,1,vanilla_multivariate,1,vanilla_multivariate,1,fewer_than_two_validation_dates
Smart_Manufacturing/H,long,scope_selector_per_variate,scope_selector_per_variate,run_0,21,2,vanilla_univariate,1,vanilla_univariate,1,fewer_than_two_validation_dates
Smart_Manufacturing/H,long,scope_selector_per_variate,scope_selector_per_variate,run_0,21,3,vanilla_multivariate,1,vanilla_multivariate,1,fewer_than_two_validation_dates
Smart_Manufacturing/H,long,scope_selector_per_variate,scope_selector_per_variate,run_0,21,4,vanilla_univariate,1,vanilla_univariate,1,fewer_than_two_validation_dates
Smart_Manufacturing/H,long,scope_selector_per_variate,scope_selector_per_variate,run_0,22,0,vanilla_univariate,1,vanilla_univariate,1,fewer_than_two_validation_dates
Smart_Manufacturing/H,long,scope_selector_per_variate,scope_selector_per_variate,run_0,22,1,vanilla_univariate,1,vanilla_univariate,1,fewer_than_two_validation_dates
Smart_Manufacturing/H,long,scope_selector_per_variate,scope_selector_per_variate,run_0,22,2,vanilla_univariate,1,vanilla_univariate,1,fewer_than_two_validation_dates
Smart_Manufacturing/H,long,scope_selector_per_variate,scope_selector_per_variate,run_0,22,3,vanilla_univariate,1,vanilla_univariate,1,fewer_than_two_validation_dates
Smart_Manufacturing/H,long,scope_selector_per_variate,scope_selector_per_variate,run_0,22,4,vanilla_univariate,1,vanilla_univariate,1,fewer_than_two_validation_dates
Smart_Manufacturing/H,long,scope_selector_per_variate,scope_selector_per_variate,run_0,23,0,vanilla_multivariate,1,vanilla_multivariate,1,fewer_than_two_validation_dates
Smart_Manufacturing/H,long,scope_selector_per_variate,scope_selector_per_variate,run_0,23,1,vanilla_univariate,1,vanilla_univariate,1,fewer_than_two_validation_dates
Smart_Manufacturing/H,long,scope_selector_per_variate,scope_selector_per_variate,run_0,23,2,vanilla_univariate,1,vanilla_univariate,1,fewer_than_two_validation_dates
Smart_Manufacturing/H,long,scope_selector_per_variate,scope_selector_per_variate,run_0,23,3,vanilla_univariate,1,vanilla_univariate,1,fewer_than_two_validation_dates
Smart_Manufacturing/H,long,scope_selector_per_variate,scope_selector_per_variate,run_0,23,4,vanilla_univariate,1,vanilla_univariate,1,fewer_than_two_validation_dates
Smart_Manufacturing/H,long,scope_selector_per_variate,scope_selector_per_variate,run_0,24,0,vanilla_univariate,1,vanilla_univariate,1,fewer_than_two_validation_dates
Smart_Manufacturing/H,long,scope_selector_per_variate,scope_selector_per_variate,run_0,24,1,vanilla_multivariate,1,vanilla_multivariate,1,fewer_than_two_validation_dates
Smart_Manufacturing/H,long,scope_selector_per_variate,scope_selector_per_variate,run_0,24,2,vanilla_multivariate,1,vanilla_multivariate,1,fewer_than_two_validation_dates
Smart_Manufacturing/H,long,scope_selector_per_variate,scope_selector_per_variate,run_0,24,3,vanilla_univariate,1,vanilla_univariate,1,fewer_than_two_validation_dates
Smart_Manufacturing/H,long,scope_selector_per_variate,scope_selector_per_variate,run_0,24,4,vanilla_univariate,1,vanilla_univariate,1,fewer_than_two_validation_dates
Smart_Manufacturing/H,long,scope_selector_per_variate,scope_selector_per_variate,run_0,25,0,vanilla_multivariate,1,vanilla_multivariate,1,fewer_than_two_validation_dates
Smart_Manufacturing/H,long,scope_selector_per_variate,scope_selector_per_variate,run_0,25,1,vanilla_univariate,1,vanilla_univariate,1,fewer_than_two_validation_dates
Smart_Manufacturing/H,long,scope_selector_per_variate,scope_selector_per_variate,run_0,25,2,vanilla_multivariate,1,vanilla_multivariate,1,fewer_than_two_validation_dates
Smart_Manufacturing/H,long,scope_selector_per_variate,scope_selector_per_variate,run_0,25,3,vanilla_multivariate,1,vanilla_multivariate,1,fewer_than_two_validation_dates
Smart_Manufacturing/H,long,scope_selector_per_variate,scope_selector_per_variate,run_0,25,4,vanilla_univariate,1,vanilla_univariate,1,fewer_than_two_validation_dates
Smart_Manufacturing/H,long,scope_selector_per_variate,scope_selector_per_variate,run_0,26,0,vanilla_multivariate,1,vanilla_multivariate,1,fewer_than_two_validation_dates
Smart_Manufacturing/H,long,scope_selector_per_variate,scope_selector_per_variate,run_0,26,1,vanilla_univariate,1,vanilla_univariate,1,fewer_than_two_validation_dates
Smart_Manufacturing/H,long,scope_selector_per_variate,scope_selector_per_variate,run_0,26,2,vanilla_multivariate,1,vanilla_multivariate,1,fewer_than_two_validation_dates
Smart_Manufacturing/H,long,scope_selector_per_variate,scope_selector_per_variate,run_0,26,3,vanilla_univariate,1,vanilla_univariate,1,fewer_than_two_validation_dates
Smart_Manufacturing/H,long,scope_selector_per_variate,scope_selector_per_variate,run_0,26,4,vanilla_univariate,1,vanilla_univariate,1,fewer_than_two_validation_dates
Smart_Manufacturing/H,long,scope_selector_per_variate,scope_selector_per_variate,run_0,27,0,vanilla_multivariate,1,vanilla_multivariate,1,fewer_than_two_validation_dates
Smart_Manufacturing/H,long,scope_selector_per_variate,scope_selector_per_variate,run_0,27,1,vanilla_multivariate,1,vanilla_multivariate,1,fewer_than_two_validation_dates
Smart_Manufacturing/H,long,scope_selector_per_variate,scope_selector_per_variate,run_0,27,2,vanilla_univariate,1,vanilla_univariate,1,fewer_than_two_validation_dates
Smart_Manufacturing/H,long,scope_selector_per_variate,scope_selector_per_variate,run_0,27,3,vanilla_multivariate,1,vanilla_multivariate,1,fewer_than_two_validation_dates
Smart_Manufacturing/H,long,scope_selector_per_variate,scope_selector_per_variate,run_0,27,4,vanilla_multivariate,1,vanilla_multivariate,1,fewer_than_two_validation_dates
Smart_Manufacturing/H,long,scope_selector_per_variate,scope_selector_per_variate,run_0,28,0,vanilla_univariate,1,vanilla_univariate,1,fewer_than_two_validation_dates
Smart_Manufacturing/H,long,scope_selector_per_variate,scope_selector_per_variate,run_0,28,1,vanilla_univariate,1,vanilla_univariate,1,fewer_than_two_validation_dates
Smart_Manufacturing/H,long,scope_selector_per_variate,scope_selector_per_variate,run_0,28,2,vanilla_univariate,1,vanilla_univariate,1,fewer_than_two_validation_dates
Smart_Manufacturing/H,long,scope_selector_per_variate,scope_selector_per_variate,run_0,28,3,vanilla_multivariate,1,vanilla_multivariate,1,fewer_than_two_validation_dates
Smart_Manufacturing/H,long,scope_selector_per_variate,scope_selector_per_variate,run_0,28,4,vanilla_univariate,1,vanilla_univariate,1,fewer_than_two_validation_dates
Smart_Manufacturing/H,long,scope_selector_per_variate,scope_selector_per_variate,run_0,29,0,vanilla_univariate,1,vanilla_univariate,1,fewer_than_two_validation_dates
Smart_Manufacturing/H,long,scope_selector_per_variate,scope_selector_per_variate,run_0,29,1,vanilla_univariate,1,vanilla_univariate,1,fewer_than_two_validation_dates
Smart_Manufacturing/H,long,scope_selector_per_variate,scope_selector_per_variate,run_0,29,2,vanilla_univariate,1,vanilla_univariate,1,fewer_than_two_validation_dates
Smart_Manufacturing/H,long,scope_selector_per_variate,scope_selector_per_variate,run_0,29,3,vanilla_univariate,1,vanilla_univariate,1,fewer_than_two_validation_dates
Smart_Manufacturing/H,long,scope_selector_per_variate,scope_selector_per_variate,run_0,29,4,vanilla_multivariate,1,vanilla_multivariate,1,fewer_than_two_validation_dates
Smart_Manufacturing/H,long,scope_selector_per_variate,scope_selector_per_variate,run_0,30,0,vanilla_multivariate,1,vanilla_multivariate,1,fewer_than_two_validation_dates
Smart_Manufacturing/H,long,scope_selector_per_variate,scope_selector_per_variate,run_0,30,1,vanilla_multivariate,1,vanilla_multivariate,1,fewer_than_two_validation_dates
Smart_Manufacturing/H,long,scope_selector_per_variate,scope_selector_per_variate,run_0,30,2,vanilla_multivariate,1,vanilla_multivariate,1,fewer_than_two_validation_dates
Smart_Manufacturing/H,long,scope_selector_per_variate,scope_selector_per_variate,run_0,30,3,vanilla_multivariate,1,vanilla_multivariate,1,fewer_than_two_validation_dates
Smart_Manufacturing/H,long,scope_selector_per_variate,scope_selector_per_variate,run_0,30,4,vanilla_multivariate,1,vanilla_multivariate,1,fewer_than_two_validation_dates
Smart_Manufacturing/H,long,scope_selector_per_variate,scope_selector_per_variate,run_0,31,0,vanilla_univariate,1,vanilla_univariate,1,fewer_than_two_validation_dates
Smart_Manufacturing/H,long,scope_selector_per_variate,scope_selector_per_variate,run_0,31,1,vanilla_univariate,1,vanilla_univariate,1,fewer_than_two_validation_dates
Smart_Manufacturing/H,long,scope_selector_per_variate,scope_selector_per_variate,run_0,31,2,vanilla_univariate,1,vanilla_univariate,1,fewer_than_two_validation_dates
Smart_Manufacturing/H,long,scope_selector_per_variate,scope_selector_per_variate,run_0,31,3,vanilla_multivariate,1,vanilla_multivariate,1,fewer_than_two_validation_dates
Smart_Manufacturing/H,long,scope_selector_per_variate,scope_selector_per_variate,run_0,31,4,vanilla_univariate,1,vanilla_univariate,1,fewer_than_two_validation_dates
Smart_Manufacturing/H,long,scope_selector_per_variate,scope_selector_per_variate,run_0,32,0,vanilla_multivariate,1,vanilla_multivariate,1,fewer_than_two_validation_dates
Smart_Manufacturing/H,long,scope_selector_per_variate,scope_selector_per_variate,run_0,32,1,vanilla_multivariate,1,vanilla_multivariate,1,fewer_than_two_validation_dates
Smart_Manufacturing/H,long,scope_selector_per_variate,scope_selector_per_variate,run_0,32,2,vanilla_multivariate,1,vanilla_multivariate,1,fewer_than_two_validation_dates
Smart_Manufacturing/H,long,scope_selector_per_variate,scope_selector_per_variate,run_0,32,3,vanilla_multivariate,1,vanilla_multivariate,1,fewer_than_two_validation_dates
Smart_Manufacturing/H,long,scope_selector_per_variate,scope_selector_per_variate,run_0,32,4,vanilla_multivariate,1,vanilla_multivariate,1,fewer_than_two_validation_dates
Smart_Manufacturing/H,long,scope_selector_per_variate,scope_selector_per_variate,run_0,33,0,vanilla_univariate,1,vanilla_univariate,1,fewer_than_two_validation_dates
Smart_Manufacturing/H,long,scope_selector_per_variate,scope_selector_per_variate,run_0,33,1,vanilla_univariate,1,vanilla_univariate,1,fewer_than_two_validation_dates
Smart_Manufacturing/H,long,scope_selector_per_variate,scope_selector_per_variate,run_0,33,2,vanilla_univariate,1,vanilla_univariate,1,fewer_than_two_validation_dates
Smart_Manufacturing/H,long,scope_selector_per_variate,scope_selector_per_variate,run_0,33,3,vanilla_multivariate,1,vanilla_multivariate,1,fewer_than_two_validation_dates
Smart_Manufacturing/H,long,scope_selector_per_variate,scope_selector_per_variate,run_0,33,4,vanilla_univariate,1,vanilla_univariate,1,fewer_than_two_validation_dates
MetroPT-3/5T,short,scope_selector,scope_selector,run_1,,,vanilla_univariate,31,vanilla_univariate,3,
MetroPT-3/5T,short,scope_selector_per_variate,scope_selector_per_variate,run_0,0,0,vanilla_univariate,31,vanilla_multivariate,3,
MetroPT-3/5T,short,scope_selector_per_variate,scope_selector_per_variate,run_0,0,1,vanilla_univariate,31,vanilla_univariate,3,
MetroPT-3/5T,short,scope_selector_per_variate,scope_selector_per_variate,run_0,0,2,vanilla_univariate,31,vanilla_univariate,3,
MetroPT-3/5T,short,scope_selector_per_variate,scope_selector_per_variate,run_0,0,3,vanilla_univariate,31,vanilla_univariate,3,
MetroPT-3/5T,short,scope_selector_per_variate,scope_selector_per_variate,run_0,0,4,vanilla_univariate,31,vanilla_univariate,3,
MetroPT-3/5T,short,scope_selector_per_variate,scope_selector_per_variate,run_0,0,5,vanilla_univariate,31,vanilla_univariate,3,
MetroPT-3/5T,medium,scope_selector,scope_selector,run_1,,,vanilla_univariate,6,vanilla_univariate,2,
MetroPT-3/5T,medium,scope_selector_per_variate,scope_selector_per_variate,run_0,0,0,vanilla_univariate,6,vanilla_multivariate,2,
MetroPT-3/5T,medium,scope_selector_per_variate,scope_selector_per_variate,run_0,0,1,vanilla_univariate,6,vanilla_univariate,2,
MetroPT-3/5T,medium,scope_selector_per_variate,scope_selector_per_variate,run_0,0,2,vanilla_univariate,6,vanilla_univariate,2,
MetroPT-3/5T,medium,scope_selector_per_variate,scope_selector_per_variate,run_0,0,3,vanilla_univariate,6,vanilla_univariate,2,
MetroPT-3/5T,medium,scope_selector_per_variate,scope_selector_per_variate,run_0,0,4,vanilla_univariate,6,vanilla_univariate,2,
MetroPT-3/5T,medium,scope_selector_per_variate,scope_selector_per_variate,run_0,0,5,vanilla_univariate,6,vanilla_univariate,2,
MetroPT-3/5T,long,scope_selector,scope_selector,run_1,,,vanilla_univariate,3,vanilla_univariate,1,
MetroPT-3/5T,long,scope_selector_per_variate,scope_selector_per_variate,run_0,0,0,vanilla_multivariate,3,vanilla_multivariate,1,
MetroPT-3/5T,long,scope_selector_per_variate,scope_selector_per_variate,run_0,0,1,vanilla_multivariate,3,vanilla_multivariate,1,
MetroPT-3/5T,long,scope_selector_per_variate,scope_selector_per_variate,run_0,0,2,vanilla_univariate,3,vanilla_univariate,1,
MetroPT-3/5T,long,scope_selector_per_variate,scope_selector_per_variate,run_0,0,3,vanilla_univariate,3,vanilla_univariate,1,
MetroPT-3/5T,long,scope_selector_per_variate,scope_selector_per_variate,run_0,0,4,vanilla_univariate,3,vanilla_univariate,1,
MetroPT-3/5T,long,scope_selector_per_variate,scope_selector_per_variate,run_0,0,5,vanilla_univariate,3,vanilla_univariate,1,
