dataset,term,method,report_label,inference_seconds,query_retrieval_seconds,datastore_preprocessing_seconds,timing_policy,fallback_count,grid_rows,fallback_rate,MSE_mean,MSE_variance,MSE_std,MSE_dispersion_ddof,MSE_finite_values,MSE_evaluation_values,MSE_total_values,MAE_mean,MAE_variance,MAE_std,MAE_dispersion_ddof,MAE_finite_values,MAE_evaluation_values,MAE_total_values,RMSE_mean,RMSE_variance,RMSE_std,RMSE_dispersion_ddof,RMSE_finite_values,RMSE_evaluation_values,RMSE_total_values,MAPE_mean,MAPE_variance,MAPE_std,MAPE_dispersion_ddof,MAPE_finite_values,MAPE_evaluation_values,MAPE_total_values,sMAPE_mean,sMAPE_variance,sMAPE_std,sMAPE_dispersion_ddof,sMAPE_finite_values,sMAPE_evaluation_values,sMAPE_total_values,MASE_mean,MASE_variance,MASE_std,MASE_dispersion_ddof,MASE_finite_values,MASE_evaluation_values,MASE_total_values,ND_mean,ND_variance,ND_std,ND_dispersion_ddof,ND_finite_values,ND_evaluation_values,ND_total_values,CRPS_mean,CRPS_variance,CRPS_std,CRPS_dispersion_ddof,CRPS_finite_values,CRPS_evaluation_values,CRPS_total_values,seasonal_MASE_mean,seasonal_MASE_variance,scaled_MASE_mean,scaled_MASE_std,scaled_MASE_variance,MASE_variance_ratio_to_seasonal
Water_Quality_Darwin/15T,short,vanilla_univariate,vanilla_univariate,17.253382069058716,0.0,0.0,measured_candidate_query_loop_precomputed_vanilla_fallback_separate_retrieval,0.0,3780.0,0.0,2.043003773381203,248.19314565155312,15.754146935062943,0.0,3780.0,3780.0,3780.0,0.4198844377046988,1.3050120342954117,1.1423712331354514,0.0,3780.0,3780.0,3780.0,0.5028248445375615,1.79017094909698,1.3379727011777856,0.0,3780.0,3780.0,3780.0,0.0526729952346271,0.013987619557392974,0.11826926717196219,0.0,3780.0,3780.0,3780.0,0.0497206666135044,0.008401816979903751,0.09166142580117195,0.0,3780.0,3780.0,3780.0,0.6095422683374909,0.5754183740405062,0.7585633619154739,0.0,3780.0,3780.0,3780.0,0.050587885442001594,0.00972431935534646,0.09861196355081091,0.0,3780.0,3780.0,3780.0,0.050587885442001594,0.00972431935534646,0.09861196355081091,0.0,3780.0,3780.0,3780.0,1.0871610587899843,1.3381496638898256,0.560673382668723,0.6977469950586335,0.4868508691133527,0.4300104760836994
Water_Quality_Darwin/15T,short,vanilla_multivariate,vanilla_multivariate,18.2074853470549,0.0,0.0,measured_candidate_query_loop_precomputed_vanilla_fallback_separate_retrieval,0.0,3780.0,0.0,2.0380336788241458,260.7681777541303,16.14831810914469,0.0,3780.0,3780.0,3780.0,0.4175622038596492,1.314582380879772,1.1465523890689742,0.0,3780.0,3780.0,3780.0,0.4994945279219773,1.7885388954001469,1.3373626641267307,0.0,3780.0,3780.0,3780.0,0.05217961085267132,0.012357671461746688,0.11116506403428501,0.0,3780.0,3780.0,3780.0,0.049300366544035294,0.00811831551105789,0.09010169538392654,0.0,3780.0,3780.0,3780.0,0.6094824398393609,0.5858826419691493,0.7654297106652899,0.0,3780.0,3780.0,3780.0,0.050341828501537206,0.009460392582081253,0.09726454946218202,0.0,3780.0,3780.0,3780.0,0.050341828501537206,0.009460392582081253,0.09726454946218202,0.0,3780.0,3780.0,3780.0,1.0871610587899843,1.3381496638898256,0.5606183508060139,0.7040628474287122,0.49570449312942594,0.4378304294200286
Water_Quality_Darwin/15T,short,self_augmentation,self_augmentation,52.54526310227811,0.0,0.0,measured_candidate_query_loop_precomputed_vanilla_fallback_separate_retrieval,0.0,3780.0,0.0,2.1283788190793365,284.0029279389259,16.852386416734156,0.0,3780.0,3780.0,3780.0,0.42522461543606144,1.3756265871772386,1.1728710871946835,0.0,3780.0,3780.0,3780.0,0.5088485439951534,1.8694519783533488,1.3672790418759986,0.0,3780.0,3780.0,3780.0,0.05360636399885482,0.013284262238416058,0.11525737390039761,0.0,3780.0,3780.0,3780.0,0.05081372942008459,0.00865184530567374,0.09301529608442764,0.0,3780.0,3780.0,3780.0,0.6174598858797139,0.6063975495337879,0.7787153199557512,0.0,3780.0,3780.0,3780.0,0.051660519444597736,0.00986783402482072,0.09933697209408349,0.0,3780.0,3780.0,3780.0,0.051660519444597736,0.00986783402482072,0.09933697209408349,0.0,3780.0,3780.0,3780.0,1.0871610587899843,1.3381496638898256,0.5679562203662352,0.7162833084018528,0.5130617778951038,0.4531612314358543
Water_Quality_Darwin/15T,short,top_k_1,top_k_1,35.27905719401315,29.60133718699217,4.515017389319837,measured_candidate_query_loop_precomputed_vanilla_fallback_separate_retrieval,0.0,3780.0,0.0,2.055177543758843,262.5376247863656,16.203012830531414,0.0,3780.0,3780.0,3780.0,0.4171806551201079,1.3165770997985824,1.1474219362547424,0.0,3780.0,3780.0,3780.0,0.5001024316404042,1.8050751016261972,1.3435308338948524,0.0,3780.0,3780.0,3780.0,0.051857888007276115,0.012984326369414616,0.11394878836308273,0.0,3780.0,3780.0,3780.0,0.04885574250488784,0.008158468504247129,0.09032424095583161,0.0,3780.0,3780.0,3780.0,0.5956297845405512,0.5619835699413906,0.7496556342357407,0.0,3780.0,3780.0,3780.0,0.04985416320149521,0.009508642364325718,0.09751226776321899,0.0,3780.0,3780.0,3780.0,0.04985416320149521,0.009508642364325718,0.09751226776321899,0.0,3780.0,3780.0,3780.0,1.0871610587899843,1.3381496638898256,0.5478763056538193,0.6895534274103886,0.47548392925341415,0.41997063938855544
Water_Quality_Darwin/15T,short,top_k_5,top_k_5,122.84331455407664,29.60133718699217,4.515017389319837,measured_candidate_query_loop_precomputed_vanilla_fallback_separate_retrieval,0.0,3780.0,0.0,2.0544679438639353,246.4247498189525,15.69792183121551,0.0,3780.0,3780.0,3780.0,0.41859419976236506,1.3195387296536085,1.1487117696156894,0.0,3780.0,3780.0,3780.0,0.5005729024174803,1.803894713229275,1.3430914761211445,0.0,3780.0,3780.0,3780.0,0.05144178154585934,0.012545501127979633,0.1120067012637174,0.0,3780.0,3780.0,3780.0,0.04819526142224531,0.0078070191616375455,0.08835733790488227,0.0,3780.0,3780.0,3780.0,0.596838286404782,0.56354918037541,0.7506991277305509,0.0,3780.0,3780.0,3780.0,0.04930676582252455,0.009301474646383232,0.09644415299220183,0.0,3780.0,3780.0,3780.0,0.04930676582252455,0.009301474646383232,0.09644415299220183,0.0,3780.0,3780.0,3780.0,1.0871610587899843,1.3381496638898256,0.5489879181922374,0.6905132608098407,0.47680856335423905,0.4211406209506091
Water_Quality_Darwin/15T,short,top_k_10,top_k_10,241.38797240005806,29.60133718699217,4.515017389319837,measured_candidate_query_loop_precomputed_vanilla_fallback_separate_retrieval,0.0,3780.0,0.0,2.0549917312264605,225.90107602733747,15.030005855865042,0.0,3780.0,3780.0,3780.0,0.42269196722991687,1.314722635735235,1.1466135511737314,0.0,3780.0,3780.0,3780.0,0.5042255128749035,1.8007483633925012,1.3419196560869437,0.0,3780.0,3780.0,3780.0,0.05176949275320261,0.01268836578740943,0.11264264639739884,0.0,3780.0,3780.0,3780.0,0.04830819324425959,0.007829037267047603,0.08848184710463274,0.0,3780.0,3780.0,3780.0,0.6027559594872117,0.5688464253500397,0.7542190831250822,0.0,3780.0,3780.0,3780.0,0.049530538542602705,0.009408531163379176,0.0969975832862818,0.0,3780.0,3780.0,3780.0,0.049530538542602705,0.009408531163379176,0.0969975832862818,0.0,3780.0,3780.0,3780.0,1.0871610587899843,1.3381496638898256,0.554431153152305,0.693751010512216,0.4812904645867208,0.4250992551135706
Water_Quality_Darwin/15T,short,top_k_15,top_k_15,359.933260360267,29.60133718699217,4.515017389319837,measured_candidate_query_loop_precomputed_vanilla_fallback_separate_retrieval,0.0,3780.0,0.0,2.0639658395704603,232.21590444813728,15.23863197429931,0.0,3780.0,3780.0,3780.0,0.4231611999655992,1.322249703648996,1.149891170350045,0.0,3780.0,3780.0,3780.0,0.5049312643912002,1.809010257810764,1.344994519621089,0.0,3780.0,3780.0,3780.0,0.052162672640300556,0.013070629508284179,0.11432685383707618,0.0,3780.0,3780.0,3780.0,0.04852036950204974,0.007890616309648088,0.08882914110610374,0.0,3780.0,3780.0,3780.0,0.6039989450870298,0.5717010508182969,0.7561091527142737,0.0,3780.0,3780.0,3780.0,0.049819015375550196,0.009521053374637965,0.0975758852106296,0.0,3780.0,3780.0,3780.0,0.049819015375550196,0.009521053374637965,0.0975758852106296,0.0,3780.0,3780.0,3780.0,1.0871610587899843,1.3381496638898256,0.5555744847587566,0.6954895473866834,0.4837057105241338,0.4272325183391198
Water_Quality_Darwin/15T,short,selected_task,selected_task,,,,assembled_from_candidate_artifacts_no_independent_selected_method_latency,0.0,3780.0,0.0,2.0380336788241458,260.7681777541303,16.14831810914469,0.0,3780.0,3780.0,3780.0,0.4175622038596492,1.314582380879772,1.1465523890689742,0.0,3780.0,3780.0,3780.0,0.4994945279219773,1.7885388954001469,1.3373626641267307,0.0,3780.0,3780.0,3780.0,0.05217961085267132,0.012357671461746688,0.11116506403428501,0.0,3780.0,3780.0,3780.0,0.049300366544035294,0.00811831551105789,0.09010169538392654,0.0,3780.0,3780.0,3780.0,0.6094824398393609,0.5858826419691493,0.7654297106652899,0.0,3780.0,3780.0,3780.0,0.050341828501537206,0.009460392582081253,0.09726454946218202,0.0,3780.0,3780.0,3780.0,0.050341828501537206,0.009460392582081253,0.09726454946218202,0.0,3780.0,3780.0,3780.0,1.0871610587899843,1.3381496638898256,0.5606183508060139,0.7040628474287122,0.49570449312942594,0.4378304294200286
Water_Quality_Darwin/15T,short,selected_per_variate,selected_per_variate,,,,assembled_from_candidate_artifacts_no_independent_selected_method_latency,0.0,3780.0,0.0,2.080747711799647,259.6544630951012,16.113797289748348,0.0,3780.0,3780.0,3780.0,0.4202543795930395,1.3370227056308683,1.1562969798589238,0.0,3780.0,3780.0,3780.0,0.5029521057175668,1.8277868911539121,1.3519566898217976,0.0,3780.0,3780.0,3780.0,0.0516772436696491,0.01208315385593045,0.10992339994710158,0.0,3780.0,3780.0,3780.0,0.04909879036739982,0.008099467660120731,0.08999704250763317,0.0,3780.0,3780.0,3780.0,0.6102978012187417,0.5958635356814896,0.7719219751253942,0.0,3780.0,3780.0,3780.0,0.04989361991910758,0.00923910402926514,0.09612025816270543,0.0,3780.0,3780.0,3780.0,0.04989361991910758,0.00923910402926514,0.09612025816270543,0.0,3780.0,3780.0,3780.0,1.0871610587899843,1.3381496638898256,0.5613683421461086,0.710034607001604,0.5041491431399222,0.44528915693136484
Water_Quality_Darwin/15T,medium,vanilla_univariate,vanilla_univariate,2.7885179580189288,0.0,0.0,measured_candidate_query_loop_precomputed_vanilla_fallback_separate_retrieval,0.0,630.0,0.0,3.356499681911157,334.4480779338773,18.28792164063148,0.0,630.0,630.0,630.0,0.5678276312331102,1.7157718920839313,1.3098747619844926,0.0,630.0,630.0,630.0,0.7336453662458945,2.8182641584970844,1.678768643529264,0.0,630.0,630.0,630.0,0.06854437002225369,0.014745502785797615,0.12143106186556064,0.0,630.0,630.0,630.0,0.0642191683415395,0.010646739222229109,0.10318303747336142,0.0,630.0,630.0,630.0,0.8815112751312864,0.7740750744312059,0.8798153638299379,0.0,630.0,630.0,630.0,0.0632396525647071,0.010309859456907336,0.10153747809014825,0.0,630.0,630.0,630.0,0.0632396525647071,0.010309859456907336,0.10153747809014825,0.0,630.0,630.0,630.0,1.0892248555624096,0.8662032158339698,0.8093014684980977,0.8077444793303533,0.6524511438886637,0.893641423030202
Water_Quality_Darwin/15T,medium,vanilla_multivariate,vanilla_multivariate,3.021430755034089,0.0,0.0,measured_candidate_query_loop_precomputed_vanilla_fallback_separate_retrieval,0.0,630.0,0.0,3.2556539701352087,351.6152635545745,18.751406975333197,0.0,630.0,630.0,630.0,0.5577785019225757,1.699414987527862,1.3036161196946983,0.0,630.0,630.0,630.0,0.7191915835490631,2.7384174362873996,1.6548164358282762,0.0,630.0,630.0,630.0,0.06812569552373078,0.014527529508303579,0.12053020164383522,0.0,630.0,630.0,630.0,0.06380224961926102,0.010546484792427663,0.10269607973251785,0.0,630.0,630.0,630.0,0.8597502769537473,0.7240182474716516,0.8508926180615575,0.0,630.0,630.0,630.0,0.06323870932050128,0.010392712202598667,0.10194465264347448,0.0,630.0,630.0,630.0,0.06323870932050128,0.010392712202598667,0.10194465264347448,0.0,630.0,630.0,630.0,1.0892248555624096,0.8662032158339698,0.7893230424950453,0.7811909668754375,0.6102593267277809,0.8358526431636204
Water_Quality_Darwin/15T,medium,self_augmentation,self_augmentation,8.930399921257049,0.0,0.0,measured_candidate_query_loop_precomputed_vanilla_fallback_separate_retrieval,0.0,630.0,0.0,3.4213212033001668,330.97505395320377,18.1927198063732,0.0,630.0,630.0,630.0,0.5748497052408769,1.7488829529056371,1.3224533840198818,0.0,630.0,630.0,630.0,0.7418072636189997,2.8710431869422584,1.6944152935282006,0.0,630.0,630.0,630.0,0.0698418934441539,0.015057950301556546,0.12271084019578933,0.0,630.0,630.0,630.0,0.06568075580378561,0.011188080984081692,0.1057737253956846,0.0,630.0,630.0,630.0,0.8862491896386195,0.7706884911389339,0.8778886553196447,0.0,630.0,630.0,630.0,0.06487347004687032,0.010876770626336045,0.10429175723102975,0.0,630.0,630.0,630.0,0.06487347004687032,0.010876770626336045,0.10429175723102975,0.0,630.0,630.0,630.0,1.0892248555624096,0.8662032158339698,0.8136512723821513,0.8059755989192482,0.6495966660532408,0.8897317362149534
Water_Quality_Darwin/15T,medium,top_k_1,top_k_1,6.242817941121757,0.9141253470443189,0.892228860873729,measured_candidate_query_loop_precomputed_vanilla_fallback_separate_retrieval,0.0,630.0,0.0,3.1682165493538545,299.8599613473456,17.316465036125173,0.0,630.0,630.0,630.0,0.5579552849197884,1.6135355289214068,1.2702501835943212,0.0,630.0,630.0,630.0,0.7235212802189642,2.6447335064241653,1.6262636644849953,0.0,630.0,630.0,630.0,0.06784979935705684,0.01466726408098873,0.1211084806319885,0.0,630.0,630.0,630.0,0.06328131088960244,0.010729483495729532,0.10358322014558889,0.0,630.0,630.0,630.0,0.8656395346969533,0.7628755946644621,0.8734274982300833,0.0,630.0,630.0,630.0,0.06247080522860739,0.010402943357483348,0.10199482024830157,0.0,630.0,630.0,630.0,0.06247080522860739,0.010402943357483348,0.10199482024830157,0.0,630.0,630.0,630.0,1.0892248555624096,0.8662032158339698,0.7947298762751697,0.801879881614617,0.6430113445382721,0.8807120323721898
Water_Quality_Darwin/15T,medium,top_k_5,top_k_5,20.998884149361402,0.9141253470443189,0.892228860873729,measured_candidate_query_loop_precomputed_vanilla_fallback_separate_retrieval,0.0,630.0,0.0,3.3499247340958593,401.90552175217454,20.04758144395913,0.0,630.0,630.0,630.0,0.5699578642846281,1.7836112770236352,1.3355191039530792,0.0,630.0,630.0,630.0,0.7314777774026181,2.814864995261986,1.6777559403149154,0.0,630.0,630.0,630.0,0.06763063588127566,0.014577406025547865,0.12073692900495633,0.0,630.0,630.0,630.0,0.06249893613337945,0.010416398479496726,0.10206075876406527,0.0,630.0,630.0,630.0,0.88894062941584,0.7684993626253901,0.8766409542254971,0.0,630.0,630.0,630.0,0.06204876906794009,0.010427125314804532,0.1021132964642927,0.0,630.0,630.0,630.0,0.06204876906794009,0.010427125314804532,0.1021132964642927,0.0,630.0,630.0,630.0,1.0892248555624096,0.8662032158339698,0.8161222403952992,0.8048301044074623,0.6477514969605266,0.8872044672398133
Water_Quality_Darwin/15T,medium,top_k_10,top_k_10,40.89128895616159,0.9141253470443189,0.892228860873729,measured_candidate_query_loop_precomputed_vanilla_fallback_separate_retrieval,0.0,630.0,0.0,3.417623969901503,425.12279130218565,20.618506039531226,0.0,630.0,630.0,630.0,0.5668207450900519,1.8670994469626583,1.3664184743198762,0.0,630.0,630.0,630.0,0.7250921597975727,2.891865329701595,1.7005485378846423,0.0,630.0,630.0,630.0,0.06776296186627874,0.014566785351293094,0.1206929382826232,0.0,630.0,630.0,630.0,0.06266020737045472,0.010663642604092381,0.10326491468108799,0.0,630.0,630.0,630.0,0.8764476636862095,0.7334648050214755,0.8564255980652817,0.0,630.0,630.0,630.0,0.061953135812049316,0.010368615925513731,0.10182640092585876,0.0,630.0,630.0,630.0,0.061953135812049316,0.010368615925513731,0.10182640092585876,0.0,630.0,630.0,630.0,1.0892248555624096,0.8662032158339698,0.804652647440427,0.7862707077346996,0.6182216258416254,0.8467583490962968
Water_Quality_Darwin/15T,medium,top_k_15,top_k_15,60.80477717611939,0.9141253470443189,0.892228860873729,measured_candidate_query_loop_precomputed_vanilla_fallback_separate_retrieval,0.0,630.0,0.0,3.472537828042056,444.1201703738835,21.074158829568585,0.0,630.0,630.0,630.0,0.5678381217789317,1.900185659805688,1.3784722194537284,0.0,630.0,630.0,630.0,0.7251828598645288,2.946647647800759,1.7165802188656256,0.0,630.0,630.0,630.0,0.06804801020422334,0.015106276304521195,0.12290759254220707,0.0,630.0,630.0,630.0,0.06294949539841119,0.010881384617296838,0.10431387547827392,0.0,630.0,630.0,630.0,0.8712189095841896,0.7174997733362063,0.8470535835094533,0.0,630.0,630.0,630.0,0.062205181622062455,0.010646134967397334,0.1031801093593011,0.0,630.0,630.0,630.0,0.062205181622062455,0.010646134967397334,0.1031801093593011,0.0,630.0,630.0,630.0,1.0892248555624096,0.8662032158339698,0.7998522115384018,0.7776664103685793,0.6047650458155515,0.8283273026704321
Water_Quality_Darwin/15T,medium,selected_task,selected_task,,,,assembled_from_candidate_artifacts_no_independent_selected_method_latency,0.0,630.0,0.0,3.2556539701352087,351.6152635545745,18.751406975333197,0.0,630.0,630.0,630.0,0.5577785019225757,1.699414987527862,1.3036161196946983,0.0,630.0,630.0,630.0,0.7191915835490631,2.7384174362873996,1.6548164358282762,0.0,630.0,630.0,630.0,0.06812569552373078,0.014527529508303579,0.12053020164383522,0.0,630.0,630.0,630.0,0.06380224961926102,0.010546484792427663,0.10269607973251785,0.0,630.0,630.0,630.0,0.8597502769537473,0.7240182474716516,0.8508926180615575,0.0,630.0,630.0,630.0,0.06323870932050128,0.010392712202598667,0.10194465264347448,0.0,630.0,630.0,630.0,0.06323870932050128,0.010392712202598667,0.10194465264347448,0.0,630.0,630.0,630.0,1.0892248555624096,0.8662032158339698,0.7893230424950453,0.7811909668754375,0.6102593267277809,0.8358526431636204
Water_Quality_Darwin/15T,medium,selected_per_variate,selected_per_variate,,,,assembled_from_candidate_artifacts_no_independent_selected_method_latency,0.0,630.0,0.0,3.4818489844957683,428.5955802642889,20.702550090853276,0.0,630.0,630.0,630.0,0.5684312184171263,1.9016390216813421,1.378999282697907,0.0,630.0,630.0,630.0,0.7297820202353199,2.9492671874370235,1.717343060496948,0.0,630.0,630.0,630.0,0.06678870751454187,0.0139004406822981,0.11790013011993711,0.0,630.0,630.0,630.0,0.06292862304644235,0.010615099200014423,0.10302960351284685,0.0,630.0,630.0,630.0,0.870766909954254,0.7546400823661333,0.8687002258352033,0.0,630.0,630.0,630.0,0.061938755892034944,0.01014764507177671,0.10073552040753406,0.0,630.0,630.0,630.0,0.061938755892034944,0.01014764507177671,0.10073552040753406,0.0,630.0,630.0,630.0,1.0892248555624096,0.8662032158339698,0.7994372378737564,0.7975398480845898,0.6360698092827906,0.8712044339844377
Water_Quality_Darwin/15T,long,vanilla_univariate,vanilla_univariate,1.0750914099626243,0.0,0.0,measured_candidate_query_loop_precomputed_vanilla_fallback_separate_retrieval,0.0,210.0,0.0,9.03044960252863,2589.3070785243153,50.88523438606052,0.0,210.0,210.0,210.0,0.9201136129363544,5.037845806751657,2.244514603817863,0.0,210.0,210.0,210.0,1.170925959910194,7.6593819989370235,2.7675588519373937,0.0,210.0,210.0,210.0,0.09621794401759269,0.02473367057404737,0.15726942033989752,0.0,210.0,210.0,210.0,0.09399204069182844,0.02366188325681839,0.15382419594075047,0.0,210.0,210.0,210.0,1.3525939885798965,1.5195709469838654,1.2327087843379172,0.0,210.0,210.0,210.0,0.08879184212517381,0.019131236863501256,0.13831571444886967,0.0,210.0,210.0,210.0,0.08879184212517381,0.019131236863501256,0.13831571444886967,0.0,210.0,210.0,210.0,1.591229713377238,1.5257973604856987,0.8500306255022984,0.7746893952360949,0.6001436590912664,0.9959192395641245
Water_Quality_Darwin/15T,long,vanilla_multivariate,vanilla_multivariate,1.0292764250189066,0.0,0.0,measured_candidate_query_loop_precomputed_vanilla_fallback_separate_retrieval,0.0,210.0,0.0,7.774089220899714,1720.426090072334,41.47801936052798,0.0,210.0,210.0,210.0,0.880839476200818,4.1547944899584435,2.0383313003431125,0.0,210.0,210.0,210.0,1.126294425301489,6.505550088434504,2.5505979864405335,0.0,210.0,210.0,210.0,0.0993560328374752,0.03294914845095354,0.18151900300231252,0.0,210.0,210.0,210.0,0.09300492669708144,0.024706379681124994,0.15718263161407175,0.0,210.0,210.0,210.0,1.3438600522974593,1.4403531670144538,1.2001471439013025,0.0,210.0,210.0,210.0,0.08929600025541762,0.02120709505246566,0.14562656025761805,0.0,210.0,210.0,210.0,0.08929600025541762,0.02120709505246566,0.14562656025761805,0.0,210.0,210.0,210.0,1.591229713377238,1.5257973604856987,0.8445418288760085,0.7542262024218371,0.568857164419666,0.9440003006401545
Water_Quality_Darwin/15T,long,self_augmentation,self_augmentation,3.083294391166419,0.0,0.0,measured_candidate_query_loop_precomputed_vanilla_fallback_separate_retrieval,0.0,210.0,0.0,8.57763847017924,2083.2291298460004,45.64240495247813,0.0,210.0,210.0,210.0,0.9195266752584281,4.605099456097239,2.1459495464938683,0.0,210.0,210.0,210.0,1.1736808480936929,7.20011173699731,2.6833023938791003,0.0,210.0,210.0,210.0,0.09990942439868235,0.030194174260025467,0.17376470947814884,0.0,210.0,210.0,210.0,0.09361206480106124,0.023402239234999987,0.15297790440125655,0.0,210.0,210.0,210.0,1.3958466859685623,1.5400491609989437,1.2409871719719523,0.0,210.0,210.0,210.0,0.09040467672909304,0.02078997354424221,0.14418728634745231,0.0,210.0,210.0,210.0,0.09040467672909304,0.02078997354424221,0.14418728634745231,0.0,210.0,210.0,210.0,1.591229713377238,1.5257973604856987,0.8772125572026975,0.7798919046943082,0.6082313830077158,1.0093405591609546
Water_Quality_Darwin/15T,long,top_k_1,top_k_1,2.2500190008431673,0.334438637830317,0.8481886629015207,measured_candidate_query_loop_precomputed_vanilla_fallback_separate_retrieval,0.0,210.0,0.0,8.219452976548771,2229.218714327982,47.21460276575439,0.0,210.0,210.0,210.0,0.8666905864798493,4.498078468147624,2.1208673857994103,0.0,210.0,210.0,210.0,1.1123389074160448,6.982155131597249,2.6423767959163675,0.0,210.0,210.0,210.0,0.0944715412718665,0.0247300170899518,0.15725780454385022,0.0,210.0,210.0,210.0,0.09040784454861814,0.02191898764961948,0.1480506252929027,0.0,210.0,210.0,210.0,1.3158379323279212,1.456842806770446,1.2069974344506478,0.0,210.0,210.0,210.0,0.08529149643353176,0.01792582092536935,0.13388734415682965,0.0,210.0,210.0,210.0,0.08529149643353176,0.01792582092536935,0.13388734415682965,0.0,210.0,210.0,210.0,1.591229713377238,1.5257973604856987,0.8269314739825823,0.7585312317282633,0.5753696295071964,0.9548075285086987
Water_Quality_Darwin/15T,long,top_k_5,top_k_5,7.178534211590886,0.334438637830317,0.8481886629015207,measured_candidate_query_loop_precomputed_vanilla_fallback_separate_retrieval,0.0,210.0,0.0,6.843707407629487,1405.8880768641618,37.49517404765795,0.0,210.0,210.0,210.0,0.8202507192945006,3.516603262870008,1.8752608519536709,0.0,210.0,210.0,210.0,1.0520544017825828,5.736888943319379,2.3951803571588046,0.0,210.0,210.0,210.0,0.0929227776374085,0.024648781623764746,0.15699930453274227,0.0,210.0,210.0,210.0,0.08623288780537433,0.02028114201357897,0.14241187455257714,0.0,210.0,210.0,210.0,1.3264527351604707,1.3423648676328503,1.1586047072374817,0.0,210.0,210.0,210.0,0.0823181045633909,0.016951912478775435,0.13019951028623508,0.0,210.0,210.0,210.0,0.0823181045633909,0.016951912478775435,0.13019951028623508,0.0,210.0,210.0,210.0,1.591229713377238,1.5257973604856987,0.833602291365712,0.7281190751387179,0.5301573875808618,0.879779256667178
Water_Quality_Darwin/15T,long,top_k_10,top_k_10,13.791031808126718,0.334438637830317,0.8481886629015207,measured_candidate_query_loop_precomputed_vanilla_fallback_separate_retrieval,0.0,210.0,0.0,6.620815321125454,1338.3349562741537,36.583260602004216,0.0,210.0,210.0,210.0,0.800416573525453,3.332208912682599,1.825433897100248,0.0,210.0,210.0,210.0,1.0359576785898381,5.547607009296205,2.3553358591284184,0.0,210.0,210.0,210.0,0.09093652158892883,0.02357089080596413,0.15352814336780124,0.0,210.0,210.0,210.0,0.08343746303150952,0.017979762691505776,0.13408863744369162,0.0,210.0,210.0,210.0,1.309676248794616,1.2480000428952156,1.1171392227002037,0.0,210.0,210.0,210.0,0.08030863220615608,0.015691000280364145,0.1252637229223375,0.0,210.0,210.0,210.0,0.08030863220615608,0.015691000280364145,0.1252637229223375,0.0,210.0,210.0,210.0,1.591229713377238,1.5257973604856987,0.8230591961577624,0.7020603080174885,0.492888676093611,0.8179330199509236
Water_Quality_Darwin/15T,long,top_k_15,top_k_15,20.454408837947994,0.334438637830317,0.8481886629015207,measured_candidate_query_loop_precomputed_vanilla_fallback_separate_retrieval,0.0,210.0,0.0,7.621034538620543,1890.7408925419354,43.48265047742531,0.0,210.0,210.0,210.0,0.835696556833769,4.074542791981124,2.018549675381095,0.0,210.0,210.0,210.0,1.0745924112569363,6.466285688289547,2.542889240271693,0.0,210.0,210.0,210.0,0.09437612089560911,0.0261546956905965,0.16172413453345946,0.0,210.0,210.0,210.0,0.0867056496262254,0.020197858989320208,0.142119171786639,0.0,210.0,210.0,210.0,1.33816355197567,1.401671910985448,1.1839222571543488,0.0,210.0,210.0,210.0,0.08309022916835444,0.017262485377897447,0.13138677778946192,0.0,210.0,210.0,210.0,0.08309022916835444,0.017262485377897447,0.13138677778946192,0.0,210.0,210.0,210.0,1.591229713377238,1.5257973604856987,0.8409618930101184,0.7440297571125563,0.5535802794689694,0.9186487978582304
Water_Quality_Darwin/15T,long,selected_task,selected_task,,,,assembled_from_candidate_artifacts_no_independent_selected_method_latency,0.0,210.0,0.0,7.774089220899714,1720.426090072334,41.47801936052798,0.0,210.0,210.0,210.0,0.880839476200818,4.1547944899584435,2.0383313003431125,0.0,210.0,210.0,210.0,1.126294425301489,6.505550088434504,2.5505979864405335,0.0,210.0,210.0,210.0,0.0993560328374752,0.03294914845095354,0.18151900300231252,0.0,210.0,210.0,210.0,0.09300492669708144,0.024706379681124994,0.15718263161407175,0.0,210.0,210.0,210.0,1.3438600522974593,1.4403531670144538,1.2001471439013025,0.0,210.0,210.0,210.0,0.08929600025541762,0.02120709505246566,0.14562656025761805,0.0,210.0,210.0,210.0,0.08929600025541762,0.02120709505246566,0.14562656025761805,0.0,210.0,210.0,210.0,1.591229713377238,1.5257973604856987,0.8445418288760085,0.7542262024218371,0.568857164419666,0.9440003006401545
Water_Quality_Darwin/15T,long,selected_per_variate,selected_per_variate,,,,assembled_from_candidate_artifacts_no_independent_selected_method_latency,0.0,210.0,0.0,7.880039649120036,1567.075089026852,39.586299259047344,0.0,210.0,210.0,210.0,0.8967866510880218,4.172492274179061,2.042667930472073,0.0,210.0,210.0,210.0,1.1396527909075802,6.5812311652965985,2.5653910355531764,0.0,210.0,210.0,210.0,0.10143623068009651,0.03388452177516946,0.18407748850733882,0.0,210.0,210.0,210.0,0.09142513948140432,0.024234081947695465,0.15567299684818645,0.0,210.0,210.0,210.0,1.3445775172345515,1.405459384974988,1.1855207231318177,0.0,210.0,210.0,210.0,0.08837306949243645,0.021096080711533165,0.14524489908954863,0.0,210.0,210.0,210.0,0.08837306949243645,0.021096080711533165,0.14524489908954863,0.0,210.0,210.0,210.0,1.591229713377238,1.5257973604856987,0.844992715967332,0.7450343047049188,0.5550761151871417,0.9211310894702267
current_velocity/5T,short,vanilla_univariate,vanilla_univariate,3.161908474750817,0.0,0.0,measured_candidate_query_loop_precomputed_vanilla_fallback_separate_retrieval,0.0,720.0,0.0,2.913595656417231,100.55266644759325,10.027595247495446,0.0,720.0,720.0,720.0,0.5493215452034578,1.8035564923692733,1.3429655588916916,0.0,720.0,720.0,720.0,0.6554102365166565,2.4840330782864113,1.5760815582597276,0.0,720.0,720.0,720.0,0.435972193836215,0.7885135607718315,0.8879828606295459,0.0,720.0,720.0,720.0,0.3435262006753431,0.25390456378277404,0.5038894360698327,0.0,720.0,720.0,720.0,0.36774959727758433,0.08720171839117236,0.2952993707937292,0.0,720.0,720.0,720.0,0.2954592726751456,0.19308452940668244,0.43941384753633156,0.0,720.0,720.0,720.0,0.2954592726751456,0.19308452940668244,0.43941384753633156,0.0,720.0,720.0,720.0,0.9105016048084428,0.38424047675878115,0.4038978024151356,0.32432602999733995,0.10518737373383545,0.22694568549038088
current_velocity/5T,short,vanilla_multivariate,vanilla_multivariate,3.415444729384035,0.0,0.0,measured_candidate_query_loop_precomputed_vanilla_fallback_separate_retrieval,0.0,720.0,0.0,3.0684539834078692,115.85949789989499,10.76380499172551,0.0,720.0,720.0,720.0,0.5618469565184322,1.9159250274323416,1.3841694359551295,0.0,720.0,720.0,720.0,0.6694292001964228,2.6203185293322466,1.6187397966727841,0.0,720.0,720.0,720.0,0.43780063188746837,0.763362113453147,0.8737059651010441,0.0,720.0,720.0,720.0,0.34184394375613164,0.25230805868562567,0.5023027560004282,0.0,720.0,720.0,720.0,0.3706701853490308,0.09145102393810738,0.3024087034761192,0.0,720.0,720.0,720.0,0.2948391846611555,0.19366358085881455,0.44007224504485004,0.0,720.0,720.0,720.0,0.2948391846611555,0.19366358085881455,0.44007224504485004,0.0,720.0,720.0,720.0,0.9105016048084428,0.38424047675878115,0.407105471743803,0.3321341795325467,0.11031311321375793,0.23800465976289786
current_velocity/5T,short,self_augmentation,self_augmentation,10.025848390068859,0.0,0.0,measured_candidate_query_loop_precomputed_vanilla_fallback_separate_retrieval,0.0,720.0,0.0,3.0614260395351836,119.80106593741345,10.945367327660295,0.0,720.0,720.0,720.0,0.5582408348557186,1.9080254235910152,1.3813129347077784,0.0,720.0,720.0,720.0,0.6659166141519666,2.6179811025315645,1.6180176459271278,0.0,720.0,720.0,720.0,0.4661792402163765,0.9526702422227101,0.9760482786331371,0.0,720.0,720.0,720.0,0.3351498987992564,0.24041207283764685,0.4903183382636701,0.0,720.0,720.0,720.0,0.37223167791732653,0.09175335406949449,0.3029081611140487,0.0,720.0,720.0,720.0,0.30160352257229966,0.20850744280070643,0.456626152120864,0.0,720.0,720.0,720.0,0.30160352257229966,0.20850744280070643,0.456626152120864,0.0,720.0,720.0,720.0,0.9105016048084428,0.38424047675878115,0.4088204523215959,0.33268273171004076,0.11067779997805495,0.2387914850706775
current_velocity/5T,short,top_k_1,top_k_1,6.5813285782933235,0.22879824694246054,0.18916768208146095,measured_candidate_query_loop_precomputed_vanilla_fallback_separate_retrieval,0.0,720.0,0.0,3.00544695533331,115.89807225601079,10.765596697629482,0.0,720.0,720.0,720.0,0.5510099546070211,1.8597182672136552,1.3637148775362302,0.0,720.0,720.0,720.0,0.6597810689087672,2.5701358964429146,1.603164338563865,0.0,720.0,720.0,720.0,0.4370910460278136,0.7718214768798896,0.8785337084482812,0.0,720.0,720.0,720.0,0.3438890695430078,0.2519751338758383,0.5019712480569364,0.0,720.0,720.0,720.0,0.3683764457426597,0.08800482947621288,0.29665607945264305,0.0,720.0,720.0,720.0,0.296141060860288,0.19086378582272168,0.4368796010604314,0.0,720.0,720.0,720.0,0.296141060860288,0.19086378582272168,0.4368796010604314,0.0,720.0,720.0,720.0,0.9105016048084428,0.38424047675878115,0.4045862673906666,0.3258160972874457,0.10615612925162231,0.2290358116837874
current_velocity/5T,short,top_k_5,top_k_5,20.688327473588288,0.22879824694246054,0.18916768208146095,measured_candidate_query_loop_precomputed_vanilla_fallback_separate_retrieval,0.0,720.0,0.0,3.1833919629962084,131.89360182017973,11.484493973187488,0.0,720.0,720.0,720.0,0.5645170999235289,1.976028698084072,1.4057128789635784,0.0,720.0,720.0,720.0,0.6754194848115017,2.727200482533174,1.6514237743635563,0.0,720.0,720.0,720.0,0.4399843211032147,0.81185687093098,0.9010310044227002,0.0,720.0,720.0,720.0,0.3455395510874436,0.25332085319298875,0.5033098977697426,0.0,720.0,720.0,720.0,0.36974338491621367,0.08921226673943515,0.29868422579613263,0.0,720.0,720.0,720.0,0.29749948354948713,0.19294957993986744,0.43926026446728306,0.0,720.0,720.0,720.0,0.29749948354948713,0.19294957993986744,0.43926026446728306,0.0,720.0,720.0,720.0,0.9105016048084428,0.38424047675878115,0.4060875708110396,0.3280436017012532,0.10761260461713044,0.23217821165530386
current_velocity/5T,short,top_k_10,top_k_10,39.10411429218948,0.22879824694246054,0.18916768208146095,measured_candidate_query_loop_precomputed_vanilla_fallback_separate_retrieval,0.0,720.0,0.0,3.257085996355954,137.2297025758363,11.71450820887656,0.0,720.0,720.0,720.0,0.5716507719588,2.019261122149931,1.4210070802603099,0.0,720.0,720.0,720.0,0.6844619115482772,2.788597887995632,1.6699095448543408,0.0,720.0,720.0,720.0,0.43729631400629626,0.780715498056786,0.8835810647907673,0.0,720.0,720.0,720.0,0.34686523022920246,0.25480589703233886,0.5047830197543682,0.0,720.0,720.0,720.0,0.36971341686153575,0.08619308219157884,0.2935865838071945,0.0,720.0,720.0,720.0,0.297980965515354,0.19255513298324414,0.43881104473707605,0.0,720.0,720.0,720.0,0.297980965515354,0.19255513298324414,0.43881104473707605,0.0,720.0,720.0,720.0,0.9105016048084428,0.38424047675878115,0.40605465702536403,0.3224448834101299,0.10397070283737227,0.22432067261276384
current_velocity/5T,short,top_k_15,top_k_15,56.623386749997735,0.22879824694246054,0.18916768208146095,measured_candidate_query_loop_precomputed_vanilla_fallback_separate_retrieval,0.0,720.0,0.0,3.256320510482419,132.3137817106088,11.502772783577392,0.0,720.0,720.0,720.0,0.5745637792935555,2.0190638176350078,1.4209376543800252,0.0,720.0,720.0,720.0,0.6861939140235452,2.785458422839466,1.6689692695911047,0.0,720.0,720.0,720.0,0.43618638692413675,0.7704708584825607,0.8777646942561319,0.0,720.0,720.0,720.0,0.34686905123234346,0.2548722249211606,0.5048487148851234,0.0,720.0,720.0,720.0,0.3703200505746289,0.08639279199217065,0.2939265078079394,0.0,720.0,720.0,720.0,0.29686544234407314,0.18893758002798594,0.43466950666913123,0.0,720.0,720.0,720.0,0.29686544234407314,0.18893758002798594,0.43466950666913123,0.0,720.0,720.0,720.0,0.9105016048084428,0.38424047675878115,0.40672092022565876,0.3228182204794439,0.10421160347351485,0.2248404247280965
current_velocity/5T,short,selected_task,selected_task,,,,assembled_from_candidate_artifacts_no_independent_selected_method_latency,0.0,720.0,0.0,2.913595656417231,100.55266644759325,10.027595247495446,0.0,720.0,720.0,720.0,0.5493215452034578,1.8035564923692733,1.3429655588916916,0.0,720.0,720.0,720.0,0.6554102365166565,2.4840330782864113,1.5760815582597276,0.0,720.0,720.0,720.0,0.435972193836215,0.7885135607718315,0.8879828606295459,0.0,720.0,720.0,720.0,0.3435262006753431,0.25390456378277404,0.5038894360698327,0.0,720.0,720.0,720.0,0.36774959727758433,0.08720171839117236,0.2952993707937292,0.0,720.0,720.0,720.0,0.2954592726751456,0.19308452940668244,0.43941384753633156,0.0,720.0,720.0,720.0,0.2954592726751456,0.19308452940668244,0.43941384753633156,0.0,720.0,720.0,720.0,0.9105016048084428,0.38424047675878115,0.4038978024151356,0.32432602999733995,0.10518737373383545,0.22694568549038088
current_velocity/5T,short,selected_per_variate,selected_per_variate,,,,assembled_from_candidate_artifacts_no_independent_selected_method_latency,0.0,720.0,0.0,2.913573290950283,100.55279666327041,10.027601740359975,0.0,720.0,720.0,720.0,0.5490934530922705,1.8037893790039314,1.3430522622012635,0.0,720.0,720.0,720.0,0.6551482020176287,2.484354124343351,1.5761834044118568,0.0,720.0,720.0,720.0,0.4359699627662702,0.788515504445508,0.887983955060849,0.0,720.0,720.0,720.0,0.34352397076287106,0.2539060941556998,0.5038909546277843,0.0,720.0,720.0,720.0,0.3660879229909649,0.08748498820945971,0.29577861350925916,0.0,720.0,720.0,720.0,0.2954570426934662,0.19308584545118918,0.43941534503381785,0.0,720.0,720.0,720.0,0.2954570426934662,0.19308584545118918,0.43941534503381785,0.0,720.0,720.0,720.0,0.9105016048084428,0.38424047675878115,0.40207279268660356,0.3248523802124291,0.10552906892968064,0.22768290563094715
current_velocity/5T,medium,vanilla_univariate,vanilla_univariate,0.4393536220304668,0.0,0.0,measured_candidate_query_loop_precomputed_vanilla_fallback_separate_retrieval,0.0,90.0,0.0,5.008877919584037,172.1853935683474,13.121943208547558,0.0,90.0,90.0,90.0,0.7779179198999586,2.793031567597935,1.6712365384941579,0.0,90.0,90.0,90.0,0.9558272788268267,4.095272132634541,2.0236778727442126,0.0,90.0,90.0,90.0,0.6799373460701329,1.6073310931114337,1.2678056211862423,0.0,90.0,90.0,90.0,0.4154168892758719,0.2668556845381206,0.5165807628417076,0.0,90.0,90.0,90.0,0.5819090237846842,0.10966632047445307,0.3311590561564836,0.0,90.0,90.0,90.0,0.36289139217075383,0.21430341794263796,0.4629291716263277,0.0,90.0,90.0,90.0,0.36289139217075383,0.21430341794263796,0.4629291716263277,0.0,90.0,90.0,90.0,0.9106922601897061,0.11522061713881367,0.6389743816022626,0.3636344247479384,0.1322299948617641,0.9517942465308186
current_velocity/5T,medium,vanilla_multivariate,vanilla_multivariate,0.4063226613216102,0.0,0.0,measured_candidate_query_loop_precomputed_vanilla_fallback_separate_retrieval,0.0,90.0,0.0,5.777976774206632,238.4660880473996,15.44234723244493,0.0,90.0,90.0,90.0,0.8236129077472548,3.1637251908320208,1.7786863666290413,0.0,90.0,90.0,90.0,1.0185869076302152,4.740457485810946,2.1772591682688915,0.0,90.0,90.0,90.0,0.6861571553654222,1.4546349123582454,1.2060824649907838,0.0,90.0,90.0,90.0,0.40735100866713503,0.2517460364838726,0.5017429984403097,0.0,90.0,90.0,90.0,0.5887550969808875,0.10027613034646171,0.31666406544864184,0.0,90.0,90.0,90.0,0.3592182828777727,0.20398378887980917,0.4516456452572184,0.0,90.0,90.0,90.0,0.3592182828777727,0.20398378887980917,0.4516456452572184,0.0,90.0,90.0,90.0,0.9106922601897061,0.11522061713881367,0.6464918202535772,0.3477179715820552,0.12090778776113893,0.8702967649066887
current_velocity/5T,medium,self_augmentation,self_augmentation,1.2961753970012069,0.0,0.0,measured_candidate_query_loop_precomputed_vanilla_fallback_separate_retrieval,0.0,90.0,0.0,5.872450259706583,257.18912524634965,16.037117111449604,0.0,90.0,90.0,90.0,0.8363471759025057,3.360129492025521,1.8330655994877874,0.0,90.0,90.0,90.0,1.0226042865130096,4.826730732911802,2.196982187663751,0.0,90.0,90.0,90.0,0.7165523087059826,1.6703095109680186,1.2924045461727602,0.0,90.0,90.0,90.0,0.40070484693741143,0.24512094193154207,0.4950969015572023,0.0,90.0,90.0,90.0,0.5913987012709971,0.10587073068230027,0.3253778275824895,0.0,90.0,90.0,90.0,0.3657555290828482,0.21478946114757508,0.46345383928453443,0.0,90.0,90.0,90.0,0.3657555290828482,0.21478946114757508,0.46345383928453443,0.0,90.0,90.0,90.0,0.9106922601897061,0.11522061713881367,0.6493946716400149,0.3572862555290743,0.12765346838998695,0.9188523140329218
current_velocity/5T,medium,top_k_1,top_k_1,0.8507098131813109,0.0276418118737638,0.04049087315797806,measured_candidate_query_loop_precomputed_vanilla_fallback_separate_retrieval,0.0,90.0,0.0,5.520404112198992,234.29001802914317,15.306535141211521,0.0,90.0,90.0,90.0,0.8143821035340176,3.1685104804975026,1.7800310335770841,0.0,90.0,90.0,90.0,0.9934665907923097,4.533428245178498,2.1291848781114564,0.0,90.0,90.0,90.0,0.7062607087471164,1.6766722513347494,1.294863796441444,0.0,90.0,90.0,90.0,0.41213849532105007,0.2570086452164114,0.5069602008209435,0.0,90.0,90.0,90.0,0.5912190312708865,0.09715945982575028,0.311704122246964,0.0,90.0,90.0,90.0,0.3686245072809337,0.22349386446837127,0.472751377013723,0.0,90.0,90.0,90.0,0.3686245072809337,0.22349386446837127,0.472751377013723,0.0,90.0,90.0,90.0,0.9106922601897061,0.11522061713881367,0.6491973821625867,0.3422716277198106,0.11714986714196865,0.8432471743203392
current_velocity/5T,medium,top_k_5,top_k_5,2.657806795090437,0.0276418118737638,0.04049087315797806,measured_candidate_query_loop_precomputed_vanilla_fallback_separate_retrieval,0.0,90.0,0.0,6.311095722027975,278.45671965431904,16.68702249217394,0.0,90.0,90.0,90.0,0.8639717626110881,3.481460124259378,1.8658671239558775,0.0,90.0,90.0,90.0,1.0613134881155608,5.184709401971959,2.276995696520298,0.0,90.0,90.0,90.0,0.7276219055688753,1.7420274944249328,1.3198588918611462,0.0,90.0,90.0,90.0,0.4081779541664801,0.25345848158223266,0.5034466025133476,0.0,90.0,90.0,90.0,0.6003813961299784,0.11429084409155822,0.33806928889143156,0.0,90.0,90.0,90.0,0.37059208694212914,0.23617782373319424,0.4859812997772592,0.0,90.0,90.0,90.0,0.37059208694212914,0.23617782373319424,0.4859812997772592,0.0,90.0,90.0,90.0,0.9106922601897061,0.11522061713881367,0.6592582614075507,0.37122231479271434,0.1378060070000611,0.9919304975937138
current_velocity/5T,medium,top_k_10,top_k_10,5.021262743044645,0.0276418118737638,0.04049087315797806,measured_candidate_query_loop_precomputed_vanilla_fallback_separate_retrieval,0.0,90.0,0.0,6.682150913249828,315.2643195918424,17.755684148797037,0.0,90.0,90.0,90.0,0.884397209540547,3.6829256527101513,1.9190950087763115,0.0,90.0,90.0,90.0,1.0863574606848525,5.501978380864185,2.3456296342057468,0.0,90.0,90.0,90.0,0.7015867059599069,1.5439890049142926,1.2425735410486949,0.0,90.0,90.0,90.0,0.4135305401763236,0.25929939743077285,0.5092144905938684,0.0,90.0,90.0,90.0,0.5953905676007587,0.1035871918569023,0.32184964169143065,0.0,90.0,90.0,90.0,0.3669468481411823,0.22729684825168575,0.4767565922477483,0.0,90.0,90.0,90.0,0.3669468481411823,0.22729684825168575,0.4767565922477483,0.0,90.0,90.0,90.0,0.9106922601897061,0.11522061713881367,0.6537780034242665,0.3534120753638405,0.12490009501297689,0.8990334753380479
current_velocity/5T,medium,top_k_15,top_k_15,7.261914122849703,0.0276418118737638,0.04049087315797806,measured_candidate_query_loop_precomputed_vanilla_fallback_separate_retrieval,0.0,90.0,0.0,6.396764602043988,266.18823286862283,16.315276058609086,0.0,90.0,90.0,90.0,0.8753364646715869,3.535460164966004,1.880281937626909,0.0,90.0,90.0,90.0,1.0704000515420804,5.251008331702701,2.2915078729305516,0.0,90.0,90.0,90.0,0.6896312375519646,1.3876454703889556,1.177983646061759,0.0,90.0,90.0,90.0,0.410952748330498,0.2573854537440171,0.5073316999202958,0.0,90.0,90.0,90.0,0.5850117522093791,0.09489347839854333,0.30804785082604186,0.0,90.0,90.0,90.0,0.3609717889910887,0.21165812031676295,0.4600631699199176,0.0,90.0,90.0,90.0,0.3609717889910887,0.21165812031676295,0.4600631699199176,0.0,90.0,90.0,90.0,0.9106922601897061,0.11522061713881367,0.6423813814861186,0.3382568012183089,0.11441766357044253,0.8235807163245712
current_velocity/5T,medium,selected_task,selected_task,,,,assembled_from_candidate_artifacts_no_independent_selected_method_latency,0.0,90.0,0.0,5.008877919584037,172.1853935683474,13.121943208547558,0.0,90.0,90.0,90.0,0.7779179198999586,2.793031567597935,1.6712365384941579,0.0,90.0,90.0,90.0,0.9558272788268267,4.095272132634541,2.0236778727442126,0.0,90.0,90.0,90.0,0.6799373460701329,1.6073310931114337,1.2678056211862423,0.0,90.0,90.0,90.0,0.4154168892758719,0.2668556845381206,0.5165807628417076,0.0,90.0,90.0,90.0,0.5819090237846842,0.10966632047445307,0.3311590561564836,0.0,90.0,90.0,90.0,0.36289139217075383,0.21430341794263796,0.4629291716263277,0.0,90.0,90.0,90.0,0.36289139217075383,0.21430341794263796,0.4629291716263277,0.0,90.0,90.0,90.0,0.9106922601897061,0.11522061713881367,0.6389743816022626,0.3636344247479384,0.1322299948617641,0.9517942465308186
current_velocity/5T,medium,selected_per_variate,selected_per_variate,,,,assembled_from_candidate_artifacts_no_independent_selected_method_latency,0.0,90.0,0.0,5.008882115864631,172.18535526246148,13.121941748935692,0.0,90.0,90.0,90.0,0.7778372034035446,2.793204277232963,1.6712882089074172,0.0,90.0,90.0,90.0,0.9553298880763228,4.096226920812711,2.023913763185752,0.0,90.0,90.0,90.0,0.686599456753104,1.6266094295503462,1.2753859923765614,0.0,90.0,90.0,90.0,0.41992542987815873,0.27004151792496334,0.5196551913769007,0.0,90.0,90.0,90.0,0.5818728394512396,0.11445302394144713,0.33830906570981384,0.0,90.0,90.0,90.0,0.36607707610916307,0.22144334094083484,0.4705776672780327,0.0,90.0,90.0,90.0,0.36607707610916307,0.22144334094083484,0.4705776672780327,0.0,90.0,90.0,90.0,0.9106922601897061,0.11522061713881367,0.638934648824214,0.3714856055099675,0.1380015551011072,0.9933380568822873
current_velocity/5T,long,vanilla_univariate,vanilla_univariate,0.15749204298481345,0.0,0.0,measured_candidate_query_loop_precomputed_vanilla_fallback_separate_retrieval,0.0,30.0,0.0,5.494680423381424,153.24046747029743,12.379033381904156,0.0,30.0,30.0,30.0,0.8914244977776197,3.03015240301349,1.740733294624277,0.0,30.0,30.0,30.0,1.0733475168801736,4.34260553138859,2.0838919193155365,0.0,30.0,30.0,30.0,0.8593487745008729,1.9578841834036076,1.399244147175041,0.0,30.0,30.0,30.0,0.48285399716219474,0.31199556052874783,0.5585656277723754,0.0,30.0,30.0,30.0,0.8300299590984856,0.17981309840211743,0.4240437458589826,0.0,30.0,30.0,30.0,0.44949871582794265,0.3272072808529661,0.572020350033953,0.0,30.0,30.0,30.0,0.44949871582794265,0.3272072808529661,0.572020350033953,0.0,30.0,30.0,30.0,1.0927077660320532,0.29190573790947194,0.7596083645607931,0.38806692790224373,0.15059594053148523,0.6159971355475118
current_velocity/5T,long,vanilla_multivariate,vanilla_multivariate,0.15596943208947778,0.0,0.0,measured_candidate_query_loop_precomputed_vanilla_fallback_separate_retrieval,0.0,30.0,0.0,6.600166629275621,227.3693360041562,15.078771037593091,0.0,30.0,30.0,30.0,0.9699937386613592,3.6265389756490127,1.9043473883850637,0.0,30.0,30.0,30.0,1.1715831947464423,5.227559447063341,2.286385673298217,0.0,30.0,30.0,30.0,0.8364728524192457,1.6396124170309498,1.2804735128189688,0.0,30.0,30.0,30.0,0.48255430583040443,0.31210839728910156,0.5586666244631959,0.0,30.0,30.0,30.0,0.8498128607052333,0.14661748431257482,0.38290662610168397,0.0,30.0,30.0,30.0,0.4323126129769749,0.2781592072858718,0.5274080083634224,0.0,30.0,30.0,30.0,0.4323126129769749,0.2781592072858718,0.5274080083634224,0.0,30.0,30.0,30.0,1.0927077660320532,0.29190573790947194,0.7777128406354761,0.3504199732121716,0.12279415762601908,0.5022768149834895
current_velocity/5T,long,self_augmentation,self_augmentation,0.44289930909872055,0.0,0.0,measured_candidate_query_loop_precomputed_vanilla_fallback_separate_retrieval,0.0,30.0,0.0,6.20309052424756,197.7887587321128,14.063739144769174,0.0,30.0,30.0,30.0,0.9453031412626586,3.4883085604383637,1.8677014109429708,0.0,30.0,30.0,30.0,1.1320957221768035,4.921449800076543,2.2184340873860875,0.0,30.0,30.0,30.0,0.849540019222226,1.7545851698216317,1.3246075531347508,0.0,30.0,30.0,30.0,0.4676387592399969,0.30035416013205546,0.5480457646328958,0.0,30.0,30.0,30.0,0.8285758356581314,0.14533680799140988,0.38123064933372014,0.0,30.0,30.0,30.0,0.43681940844053685,0.30524902131276316,0.5524934581628665,0.0,30.0,30.0,30.0,0.43681940844053685,0.30524902131276316,0.5524934581628665,0.0,30.0,30.0,30.0,1.0927077660320532,0.29190573790947194,0.7582776121990389,0.34888619005434723,0.12172157361063812,0.4978895208852758
current_velocity/5T,long,top_k_1,top_k_1,0.3049931493587792,0.017064991872757673,0.03817699197679758,measured_candidate_query_loop_precomputed_vanilla_fallback_separate_retrieval,0.0,30.0,0.0,6.396229109840507,215.6405792189581,14.684705622482124,0.0,30.0,30.0,30.0,0.9589636464458356,3.6748348079756923,1.9169858653562608,0.0,30.0,30.0,30.0,1.1394792826812008,5.097816074180841,2.257834377048246,0.0,30.0,30.0,30.0,0.8275172511729457,1.5049717852770523,1.22677291512205,0.0,30.0,30.0,30.0,0.47152267473252013,0.28943120282573204,0.5379881065839022,0.0,30.0,30.0,30.0,0.8060462004131901,0.1360371475439833,0.3688321400637196,0.0,30.0,30.0,30.0,0.4353219373128034,0.28601376948687135,0.5348025518701938,0.0,30.0,30.0,30.0,0.4353219373128034,0.28601376948687135,0.5348025518701938,0.0,30.0,30.0,30.0,1.0927077660320532,0.29190573790947194,0.7376594414993347,0.33753959798698857,0.11393298020921788,0.466031084274788
current_velocity/5T,long,top_k_5,top_k_5,0.9372861459851265,0.017064991872757673,0.03817699197679758,measured_candidate_query_loop_precomputed_vanilla_fallback_separate_retrieval,0.0,30.0,0.0,7.195790135147277,261.18182190812155,16.161120688495632,0.0,30.0,30.0,30.0,1.0092136282097608,4.128547016111373,2.031882628527389,0.0,30.0,30.0,30.0,1.1976238513335162,5.761487245864355,2.4003098228904443,0.0,30.0,30.0,30.0,0.8045884631352498,1.480890876790559,1.2169185990815323,0.0,30.0,30.0,30.0,0.46460418349221855,0.29065247135167654,0.5391219447877044,0.0,30.0,30.0,30.0,0.7784476995958209,0.166743851309875,0.4083428110177465,0.0,30.0,30.0,30.0,0.4207059593516533,0.2653473999962643,0.5151188212405603,0.0,30.0,30.0,30.0,0.4207059593516533,0.2653473999962643,0.5151188212405603,0.0,30.0,30.0,30.0,1.0927077660320532,0.29190573790947194,0.7124024590971803,0.37369809542084675,0.13965026652116827,0.5712249868880169
current_velocity/5T,long,top_k_10,top_k_10,1.761313526891172,0.017064991872757673,0.03817699197679758,measured_candidate_query_loop_precomputed_vanilla_fallback_separate_retrieval,0.0,30.0,0.0,6.921311278103812,247.20291711928263,15.722687973730276,0.0,30.0,30.0,30.0,0.9783440762724992,3.9487242476787716,1.9871397151883337,0.0,30.0,30.0,30.0,1.1684380961505083,5.556063693567991,2.35713039384078,0.0,30.0,30.0,30.0,0.779309880455153,1.2550820587351705,1.1203044491276335,0.0,30.0,30.0,30.0,0.4661128905039084,0.2855608097886207,0.5343789009575702,0.0,30.0,30.0,30.0,0.7554076473721502,0.12242185963580035,0.34988835310110045,0.0,30.0,30.0,30.0,0.4142977951131547,0.2408030623248753,0.49071688612159586,0.0,30.0,30.0,30.0,0.4142977951131547,0.2408030623248753,0.49071688612159586,0.0,30.0,30.0,30.0,1.0927077660320532,0.29190573790947194,0.6913171763345839,0.3202030441969394,0.10252998951298713,0.4193883289603809
current_velocity/5T,long,top_k_15,top_k_15,2.5817080410197377,0.017064991872757673,0.03817699197679758,measured_candidate_query_loop_precomputed_vanilla_fallback_separate_retrieval,0.0,30.0,0.0,7.805171671956774,306.45928612785264,17.505978582411572,0.0,30.0,30.0,30.0,1.045113425428366,4.53933377732543,2.1305712326335,0.0,30.0,30.0,30.0,1.2356213194237209,6.278411626942359,2.5056758822605847,0.0,30.0,30.0,30.0,0.7928259749522485,1.336073213740915,1.1558863325348714,0.0,30.0,30.0,30.0,0.4720120699792275,0.2912076929260207,0.5396366304524005,0.0,30.0,30.0,30.0,0.762863222741946,0.12190537647155393,0.34914950446986737,0.0,30.0,30.0,30.0,0.4197710414733977,0.24569318656772232,0.4956744764134243,0.0,30.0,30.0,30.0,0.4197710414733977,0.24569318656772232,0.4956744764134243,0.0,30.0,30.0,30.0,1.0927077660320532,0.29190573790947194,0.698140204047537,0.3195268811328513,0.1020974277664873,0.41761897982752283
current_velocity/5T,long,selected_task,selected_task,,,,assembled_from_candidate_artifacts_no_independent_selected_method_latency,0.0,30.0,0.0,7.805171671956774,306.45928612785264,17.505978582411572,0.0,30.0,30.0,30.0,1.045113425428366,4.53933377732543,2.1305712326335,0.0,30.0,30.0,30.0,1.2356213194237209,6.278411626942359,2.5056758822605847,0.0,30.0,30.0,30.0,0.7928259749522485,1.336073213740915,1.1558863325348714,0.0,30.0,30.0,30.0,0.4720120699792275,0.2912076929260207,0.5396366304524005,0.0,30.0,30.0,30.0,0.762863222741946,0.12190537647155393,0.34914950446986737,0.0,30.0,30.0,30.0,0.4197710414733977,0.24569318656772232,0.4956744764134243,0.0,30.0,30.0,30.0,0.4197710414733977,0.24569318656772232,0.4956744764134243,0.0,30.0,30.0,30.0,1.0927077660320532,0.29190573790947194,0.698140204047537,0.3195268811328513,0.1020974277664873,0.41761897982752283
current_velocity/5T,long,selected_per_variate,selected_per_variate,,,,assembled_from_candidate_artifacts_no_independent_selected_method_latency,0.0,30.0,0.0,5.492379555388305,153.26560252917935,12.380048567319086,0.0,30.0,30.0,30.0,0.8846505183985159,3.0406432611649103,1.7437440354492715,0.0,30.0,30.0,30.0,1.0653312929345515,4.3574487916827005,2.087450308793649,0.0,30.0,30.0,30.0,0.7961059472996548,1.4816447036474307,1.2172282874002849,0.0,30.0,30.0,30.0,0.4665059475398223,0.29695359650878406,0.5449344882724749,0.0,30.0,30.0,30.0,0.7708821404922659,0.16375084045239124,0.40466138987107636,0.0,30.0,30.0,30.0,0.41573356907289727,0.260614441165858,0.5105041049451591,0.0,30.0,30.0,30.0,0.41573356907289727,0.260614441165858,0.5105041049451591,0.0,30.0,30.0,30.0,1.0927077660320532,0.29190573790947194,0.7054787789159476,0.3703290142619945,0.1371435788042605,0.5609716397667213
current_velocity/10T,short,vanilla_univariate,vanilla_univariate,31.005081621930003,0.0,0.0,measured_candidate_query_loop_precomputed_vanilla_fallback_separate_retrieval,0.0,7200.0,0.0,7.014398348472221,1411.254693037825,37.5666699753628,0.0,7200.0,7200.0,7200.0,0.7190213366503843,3.981985818581519,1.9954913727153818,0.0,7200.0,7200.0,7200.0,0.903714159130748,6.197699067058825,2.4895178382688536,0.0,7200.0,7200.0,7200.0,3150.0559703936556,7799738511.949584,88316.12826630018,0.0,7200.0,7200.0,7200.0,0.4371448149639876,0.3402098732052688,0.5832751265100106,0.0,7200.0,7200.0,7200.0,0.5283046490793603,0.13877769010270377,0.3725287775497401,0.0,7200.0,7200.0,7200.0,0.32582745905213945,0.19050165841177324,0.43646495668240454,0.0,7200.0,7200.0,7200.0,0.32582745905213945,0.19050165841177324,0.43646495668240454,0.0,7200.0,7200.0,7200.0,1.042604019237951,0.4807344590412708,0.5067164899915723,0.35730610152646913,0.12766765018804346,0.2886784741403149
current_velocity/10T,short,vanilla_multivariate,vanilla_multivariate,33.764696813654155,0.0,0.0,measured_candidate_query_loop_precomputed_vanilla_fallback_separate_retrieval,0.0,7200.0,0.0,6.867846738049251,1217.5052449298485,34.89276780265286,0.0,7200.0,7200.0,7200.0,0.7122541206501364,3.8592541345986353,1.9644984435215609,0.0,7200.0,7200.0,7200.0,0.8965726572427739,6.064004208333882,2.462519889936705,0.0,7200.0,7200.0,7200.0,2931.12702749719,6903411441.776949,83086.77055811562,0.0,7200.0,7200.0,7200.0,0.43013298204145,0.33392608204331636,0.5778633766240221,0.0,7200.0,7200.0,7200.0,0.5194504785891715,0.13173426002233427,0.36295214563676886,0.0,7200.0,7200.0,7200.0,0.31899776824175824,0.18323329137631694,0.42805757951041695,0.0,7200.0,7200.0,7200.0,0.31899776824175824,0.18323329137631694,0.42805757951041695,0.0,7200.0,7200.0,7200.0,1.042604019237951,0.4807344590412708,0.49822412824462603,0.3481208003610555,0.12118809164402186,0.27402707990821384
current_velocity/10T,short,self_augmentation,self_augmentation,97.99535492993891,0.0,0.0,measured_candidate_query_loop_precomputed_vanilla_fallback_separate_retrieval,0.0,7200.0,0.0,7.172050513049415,1456.250400948763,38.16084905958937,0.0,7200.0,7200.0,7200.0,0.7272950013664866,4.0883684121528505,2.021971417244282,0.0,7200.0,7200.0,7200.0,0.911820450797864,6.340633978556196,2.518061551780694,0.0,7200.0,7200.0,7200.0,3393.103667237904,8246102894.450938,90808.0552288779,0.0,7200.0,7200.0,7200.0,0.433926795185762,0.3366560766112363,0.5802207137040493,0.0,7200.0,7200.0,7200.0,0.5308527442695644,0.14106800623811874,0.3755902105195485,0.0,7200.0,7200.0,7200.0,0.3298977228626648,0.20074813859297477,0.4480492591144134,0.0,7200.0,7200.0,7200.0,0.3298977228626648,0.20074813859297477,0.4480492591144134,0.0,7200.0,7200.0,7200.0,1.042604019237951,0.4807344590412708,0.5091604621451292,0.3602424348930391,0.1297746118976655,0.29344267627382237
current_velocity/10T,short,top_k_1,top_k_1,65.47235422115773,127.27383549604565,12.687121479772031,measured_candidate_query_loop_precomputed_vanilla_fallback_separate_retrieval,0.0,7200.0,0.0,7.037670493826175,1403.689028599942,37.46583815424315,0.0,7200.0,7200.0,7200.0,0.7186144979885186,3.9848970351228026,1.9962206879808662,0.0,7200.0,7200.0,7200.0,0.9035790566977077,6.221215382123456,2.494236432683048,0.0,7200.0,7200.0,7200.0,3155.6667237409624,7087302285.653296,84186.1169412944,0.0,7200.0,7200.0,7200.0,0.43436870263048605,0.33447375418416936,0.5783370593210929,0.0,7200.0,7200.0,7200.0,0.5254346701911846,0.13666427943570206,0.36968132145904,0.0,7200.0,7200.0,7200.0,0.32511098489198414,0.18935752038003154,0.43515229561618024,0.0,7200.0,7200.0,7200.0,0.32511098489198414,0.18935752038003154,0.43515229561618024,0.0,7200.0,7200.0,7200.0,1.042604019237951,0.4807344590412708,0.5039637873017502,0.3545750012830791,0.12572343153489557,0.28428226199605444
current_velocity/10T,short,top_k_5,top_k_5,230.83930065715685,127.27383549604565,12.687121479772031,measured_candidate_query_loop_precomputed_vanilla_fallback_separate_retrieval,0.0,7200.0,0.0,6.993713957236631,1356.217968685795,36.826864768614165,0.0,7200.0,7200.0,7200.0,0.7172578953390812,3.9456632693596436,1.9863693688132738,0.0,7200.0,7200.0,7200.0,0.9025776911050472,6.179067468756114,2.4857730123155077,0.0,7200.0,7200.0,7200.0,3214.9140844408157,7473302794.858778,86448.26658099501,0.0,7200.0,7200.0,7200.0,0.43451089171707685,0.33451420877575205,0.5783720331894965,0.0,7200.0,7200.0,7200.0,0.5246007389425015,0.13640972567009604,0.3693368728817853,0.0,7200.0,7200.0,7200.0,0.32455585221282945,0.18779068390223055,0.43334822475952356,0.0,7200.0,7200.0,7200.0,0.32455585221282945,0.18779068390223055,0.43334822475952356,0.0,7200.0,7200.0,7200.0,1.042604019237951,0.4807344590412708,0.5031639330586285,0.3542446279381668,0.12548925642305023,0.28375275186667104
current_velocity/10T,short,top_k_10,top_k_10,457.95740848919377,127.27383549604565,12.687121479772031,measured_candidate_query_loop_precomputed_vanilla_fallback_separate_retrieval,0.0,7200.0,0.0,6.964845911083119,1297.7701635287465,36.024577215128375,0.0,7200.0,7200.0,7200.0,0.7182882178826558,3.928510953744952,1.9820471623412375,0.0,7200.0,7200.0,7200.0,0.9033990156074857,6.148716129682543,2.479660486776878,0.0,7200.0,7200.0,7200.0,3127.5658376822203,6425805140.473296,80161.11988035905,0.0,7200.0,7200.0,7200.0,0.43409133989302795,0.3334577098897921,0.5774579724012754,0.0,7200.0,7200.0,7200.0,0.5248291223563648,0.13510363232484446,0.3675644600948852,0.0,7200.0,7200.0,7200.0,0.32472344938423486,0.18789143293857546,0.43346445406581546,0.0,7200.0,7200.0,7200.0,0.32472344938423486,0.18789143293857546,0.43346445406581546,0.0,7200.0,7200.0,7200.0,1.042604019237951,0.4807344590412708,0.5033829840210737,0.3525446414100163,0.12428772418691697,0.28103588121035
current_velocity/10T,short,top_k_15,top_k_15,686.1348136528395,127.27383549604565,12.687121479772031,measured_candidate_query_loop_precomputed_vanilla_fallback_separate_retrieval,0.0,7200.0,0.0,7.0345264542154515,1326.8725476953296,36.42626178590564,0.0,7200.0,7200.0,7200.0,0.7220070671451473,3.980666405643927,1.9951607468181423,0.0,7200.0,7200.0,7200.0,0.906941803552434,6.211983019184509,2.49238500621082,0.0,7200.0,7200.0,7200.0,3009.012002963888,5580593957.209759,74703.3731314039,0.0,7200.0,7200.0,7200.0,0.43367336965590914,0.33212013862142714,0.5762986540166715,0.0,7200.0,7200.0,7200.0,0.5245618171522449,0.13555968334738458,0.36818430622092596,0.0,7200.0,7200.0,7200.0,0.32416609186240464,0.18677552341854436,0.43217533874406155,0.0,7200.0,7200.0,7200.0,0.32416609186240464,0.18677552341854436,0.43217533874406155,0.0,7200.0,7200.0,7200.0,1.042604019237951,0.4807344590412708,0.5031266017328918,0.3531391587095888,0.12470726541411613,0.28198453594887163
current_velocity/10T,short,selected_task,selected_task,,,,assembled_from_candidate_artifacts_no_independent_selected_method_latency,0.0,7200.0,0.0,6.867846738049251,1217.5052449298485,34.89276780265286,0.0,7200.0,7200.0,7200.0,0.7122541206501364,3.8592541345986353,1.9644984435215609,0.0,7200.0,7200.0,7200.0,0.8965726572427739,6.064004208333882,2.462519889936705,0.0,7200.0,7200.0,7200.0,2931.12702749719,6903411441.776949,83086.77055811562,0.0,7200.0,7200.0,7200.0,0.43013298204145,0.33392608204331636,0.5778633766240221,0.0,7200.0,7200.0,7200.0,0.5194504785891715,0.13173426002233427,0.36295214563676886,0.0,7200.0,7200.0,7200.0,0.31899776824175824,0.18323329137631694,0.42805757951041695,0.0,7200.0,7200.0,7200.0,0.31899776824175824,0.18323329137631694,0.42805757951041695,0.0,7200.0,7200.0,7200.0,1.042604019237951,0.4807344590412708,0.49822412824462603,0.3481208003610555,0.12118809164402186,0.27402707990821384
current_velocity/10T,short,selected_per_variate,selected_per_variate,,,,assembled_from_candidate_artifacts_no_independent_selected_method_latency,0.0,7200.0,0.0,6.854060465493499,1211.3138778028724,34.803934803451064,0.0,7200.0,7200.0,7200.0,0.7124146221033827,3.859082407507363,1.9644547354182949,0.0,7200.0,7200.0,7200.0,0.8966215313170681,6.050130295072135,2.4597012613470226,0.0,7200.0,7200.0,7200.0,2931.130097476864,6903411423.927259,83086.77045069967,0.0,7200.0,7200.0,7200.0,0.43131897355951054,0.3346347895391144,0.5784762653204663,0.0,7200.0,7200.0,7200.0,0.5186506400027517,0.13226687397353443,0.363685130261789,0.0,7200.0,7200.0,7200.0,0.3201928048504001,0.18612407548333748,0.4314209956450167,0.0,7200.0,7200.0,7200.0,0.3201928048504001,0.18612407548333748,0.4314209956450167,0.0,7200.0,7200.0,7200.0,1.042604019237951,0.4807344590412708,0.49745697353232754,0.348823832971227,0.12167806644873846,0.27513499705703304
current_velocity/10T,medium,vanilla_univariate,vanilla_univariate,3.979810683056712,0.0,0.0,measured_candidate_query_loop_precomputed_vanilla_fallback_separate_retrieval,0.0,900.0,0.0,9.557168477108009,1362.737468224357,36.91527418595664,0.0,900.0,900.0,900.0,0.8878966322356978,4.526863065028943,2.1276426074481924,0.0,900.0,900.0,900.0,1.1818875228288668,8.160310360489452,2.8566256948521365,0.0,900.0,900.0,900.0,3372.138154099177,2138400679.1703355,46242.84462671317,0.0,900.0,900.0,900.0,0.48595997799535906,0.32707034338158164,0.5719006411795511,0.0,900.0,900.0,900.0,0.6911431751988615,0.14876838251401375,0.38570504600538186,0.0,900.0,900.0,900.0,0.336323023440363,0.15513807986231984,0.3938757162637979,0.0,900.0,900.0,900.0,0.336323023440363,0.15513807986231984,0.3938757162637979,0.0,900.0,900.0,900.0,1.0437112263446233,0.25305105017876023,0.6621977015802001,0.36955149687929656,0.13656830884572876,0.5878986963654995
current_velocity/10T,medium,vanilla_multivariate,vanilla_multivariate,4.405166476033628,0.0,0.0,measured_candidate_query_loop_precomputed_vanilla_fallback_separate_retrieval,0.0,900.0,0.0,9.67317090019473,1433.894242991697,37.86679604867168,0.0,900.0,900.0,900.0,0.8862768159583605,4.54413818499767,2.131698427310409,0.0,900.0,900.0,900.0,1.1857103633693795,8.267261834393183,2.875284652759303,0.0,900.0,900.0,900.0,3752.364114894935,2858876077.5372043,53468.45871667898,0.0,900.0,900.0,900.0,0.4775850764396243,0.3204422729093886,0.5660762076870822,0.0,900.0,900.0,900.0,0.6789061120241204,0.1474878000258393,0.38404140405148934,0.0,900.0,900.0,900.0,0.33001989524659375,0.15393964818593991,0.3923514345404384,0.0,900.0,900.0,900.0,0.33001989524659375,0.15393964818593991,0.3923514345404384,0.0,900.0,900.0,900.0,1.0437112263446233,0.25305105017876023,0.6504731336481305,0.36795752920710906,0.13539274330020054,0.5828381266216877
current_velocity/10T,medium,self_augmentation,self_augmentation,12.68043740419671,0.0,0.0,measured_candidate_query_loop_precomputed_vanilla_fallback_separate_retrieval,0.0,900.0,0.0,9.80032787053457,1441.959915602007,37.97314729650424,0.0,900.0,900.0,900.0,0.9005973094562914,4.663628094427537,2.159543492136136,0.0,900.0,900.0,900.0,1.1964156864872824,8.368917375661734,2.8929081173901348,0.0,900.0,900.0,900.0,3693.82277089832,2483760223.641929,49837.33764600522,0.0,900.0,900.0,900.0,0.4812881955222551,0.3216295271380611,0.5671239080995096,0.0,900.0,900.0,900.0,0.6937689478220761,0.1474811382955158,0.3840327307606941,0.0,900.0,900.0,900.0,0.3388943677535428,0.16002871561781326,0.4000358929118902,0.0,900.0,900.0,900.0,0.3388943677535428,0.16002871561781326,0.4000358929118902,0.0,900.0,900.0,900.0,1.0437112263446233,0.25305105017876023,0.6647135053360059,0.36794921915871986,0.1353866278795117,0.5828118009837628
current_velocity/10T,medium,top_k_1,top_k_1,8.994686887599528,2.7557091880589724,2.096877538599074,measured_candidate_query_loop_precomputed_vanilla_fallback_separate_retrieval,0.0,900.0,0.0,9.628960116275044,1408.6896657572981,37.53251478061786,0.0,900.0,900.0,900.0,0.8878863228993359,4.588247180463036,2.1420194164533233,0.0,900.0,900.0,900.0,1.1818325050711473,8.2322320462323,2.869186652386404,0.0,900.0,900.0,900.0,3522.4029006726855,2318224915.715529,48147.94819839708,0.0,900.0,900.0,900.0,0.48073551862408764,0.3180551434934227,0.5639637785296345,0.0,900.0,900.0,900.0,0.6869041830464178,0.1532730734116618,0.3915010516099054,0.0,900.0,900.0,900.0,0.33525050872900236,0.15469432387099263,0.3933119930424098,0.0,900.0,900.0,900.0,0.33525050872900236,0.15469432387099263,0.3933119930424098,0.0,900.0,900.0,900.0,1.0437112263446233,0.25305105017876023,0.6581362408567297,0.37510476243611424,0.1407035828022537,0.6057002067503244
current_velocity/10T,medium,top_k_5,top_k_5,29.933532449882478,2.7557091880589724,2.096877538599074,measured_candidate_query_loop_precomputed_vanilla_fallback_separate_retrieval,0.0,900.0,0.0,9.845528460346571,1523.1910640542594,39.028080455670114,0.0,900.0,900.0,900.0,0.8981400802087918,4.733155761422328,2.175581706445963,0.0,900.0,900.0,900.0,1.1914192261718886,8.42604868785455,2.902765696341086,0.0,900.0,900.0,900.0,3724.388509878765,2661304757.287129,51587.83536151841,0.0,900.0,900.0,900.0,0.4789363368608051,0.3128131390730313,0.5592970043483438,0.0,900.0,900.0,900.0,0.6878719757011853,0.15323832090601122,0.3914566654254481,0.0,900.0,900.0,900.0,0.3344036357945917,0.1541587565852811,0.39263055992278684,0.0,900.0,900.0,900.0,0.3344036357945917,0.1541587565852811,0.39263055992278684,0.0,900.0,900.0,900.0,1.0437112263446233,0.25305105017876023,0.6590635017985872,0.3750622351705863,0.14067168025115617,0.6055628727790723
current_velocity/10T,medium,top_k_10,top_k_10,58.69862402789295,2.7557091880589724,2.096877538599074,measured_candidate_query_loop_precomputed_vanilla_fallback_separate_retrieval,0.0,900.0,0.0,10.026939659470587,1587.3817817807296,39.84196006449394,0.0,900.0,900.0,900.0,0.9074721720390898,4.783265369941984,2.187067756138795,0.0,900.0,900.0,900.0,1.2040268542185448,8.577258993791181,2.9286957837561727,0.0,900.0,900.0,900.0,3570.436142752424,2462092926.5633764,49619.48132098296,0.0,900.0,900.0,900.0,0.47717669076368563,0.3085613616672302,0.5554829985402165,0.0,900.0,900.0,900.0,0.6910709701640326,0.15173083315535293,0.38952642163960194,0.0,900.0,900.0,900.0,0.33461243534909335,0.15584425635007923,0.39477114427232296,0.0,900.0,900.0,900.0,0.33461243534909335,0.15584425635007923,0.39477114427232296,0.0,900.0,900.0,900.0,1.0437112263446233,0.25305105017876023,0.6621285205337513,0.3732128311044765,0.1392878173010185,0.5996056252213429
current_velocity/10T,medium,top_k_15,top_k_15,88.27483445499092,2.7557091880589724,2.096877538599074,measured_candidate_query_loop_precomputed_vanilla_fallback_separate_retrieval,0.0,900.0,0.0,9.940314689982731,1645.4125494106179,40.56368510639311,0.0,900.0,900.0,900.0,0.8986145448538223,4.670309975516579,2.16108999708864,0.0,900.0,900.0,900.0,1.196348849118923,8.509064121194559,2.917030017191211,0.0,900.0,900.0,900.0,3737.9487064195123,2704278640.3666077,52002.67916527578,0.0,900.0,900.0,900.0,0.47710426558542435,0.3086061159877479,0.555523281229282,0.0,900.0,900.0,900.0,0.6865896357835969,0.14803001745404348,0.38474669258363153,0.0,900.0,900.0,900.0,0.33342875677584527,0.15423310797574755,0.39272523216079147,0.0,900.0,900.0,900.0,0.33342875677584527,0.15423310797574755,0.39272523216079147,0.0,900.0,900.0,900.0,1.0437112263446233,0.25305105017876023,0.6578348670141559,0.36863327984994954,0.1358904950129312,0.5849808461552409
current_velocity/10T,medium,selected_task,selected_task,,,,assembled_from_candidate_artifacts_no_independent_selected_method_latency,0.0,900.0,0.0,9.67317090019473,1433.894242991697,37.86679604867168,0.0,900.0,900.0,900.0,0.8862768159583605,4.54413818499767,2.131698427310409,0.0,900.0,900.0,900.0,1.1857103633693795,8.267261834393183,2.875284652759303,0.0,900.0,900.0,900.0,3752.364114894935,2858876077.5372043,53468.45871667898,0.0,900.0,900.0,900.0,0.4775850764396243,0.3204422729093886,0.5660762076870822,0.0,900.0,900.0,900.0,0.6789061120241204,0.1474878000258393,0.38404140405148934,0.0,900.0,900.0,900.0,0.33001989524659375,0.15393964818593991,0.3923514345404384,0.0,900.0,900.0,900.0,0.33001989524659375,0.15393964818593991,0.3923514345404384,0.0,900.0,900.0,900.0,1.0437112263446233,0.25305105017876023,0.6504731336481305,0.36795752920710906,0.13539274330020054,0.5828381266216877
current_velocity/10T,medium,selected_per_variate,selected_per_variate,,,,assembled_from_candidate_artifacts_no_independent_selected_method_latency,0.0,900.0,0.0,9.502043943363427,1341.462699101704,36.625983933564214,0.0,900.0,900.0,900.0,0.8853416617126569,4.478812470243481,2.1163205027224685,0.0,900.0,900.0,900.0,1.1800668080831453,8.109486271823886,2.8477159745704776,0.0,900.0,900.0,900.0,3372.1261598401147,2138400759.892471,46242.845499519935,0.0,900.0,900.0,900.0,0.48386849466411946,0.3264242952116897,0.5713355364509455,0.0,900.0,900.0,900.0,0.6834291531021164,0.14096537318040428,0.37545355662239277,0.0,900.0,900.0,900.0,0.3312617411623325,0.1506735149404366,0.3881668648151676,0.0,900.0,900.0,900.0,0.3312617411623325,0.1506735149404366,0.3881668648151676,0.0,900.0,900.0,900.0,1.0437112263446233,0.25305105017876023,0.6548067471648089,0.3597293457667779,0.12940520220579402,0.5570629842508995
current_velocity/10T,long,vanilla_univariate,vanilla_univariate,1.5782299730926752,0.0,0.0,measured_candidate_query_loop_precomputed_vanilla_fallback_separate_retrieval,0.0,300.0,0.0,11.676828876210063,1653.3018648881587,40.660814857650834,0.0,300.0,300.0,300.0,1.0308974071064207,5.730516877462523,2.393849802611376,0.0,300.0,300.0,300.0,1.3565479114711143,9.83660664009342,3.1363364998184458,0.0,300.0,300.0,300.0,3330.7730383922412,1297239237.7996643,36017.20752362215,0.0,300.0,300.0,300.0,0.5385259137500134,0.3576584336461291,0.5980455113502058,0.0,300.0,300.0,300.0,0.9351213693475997,0.5211290919753931,0.7218927150036861,0.0,300.0,300.0,300.0,0.3833889501343268,0.18253946972108884,0.4272463805827837,0.0,300.0,300.0,300.0,0.3833889501343268,0.18253946972108884,0.4272463805827837,0.0,300.0,300.0,300.0,1.437499922931037,0.6433695275713929,0.6505192483356129,0.5021862634481118,0.2521910431959763,0.8099996497231755
current_velocity/10T,long,vanilla_multivariate,vanilla_multivariate,1.526150739286095,0.0,0.0,measured_candidate_query_loop_precomputed_vanilla_fallback_separate_retrieval,0.0,300.0,0.0,11.95393267451864,1724.7136065996074,41.52967140009186,0.0,300.0,300.0,300.0,1.0455829935370131,5.85369654800696,2.419441371062122,0.0,300.0,300.0,300.0,1.3710605735828312,10.074125578085356,3.173976303957759,0.0,300.0,300.0,300.0,3797.336727847733,1882317085.3542948,43385.67834383018,0.0,300.0,300.0,300.0,0.5294262164794828,0.3508223127742818,0.5923025517202182,0.0,300.0,300.0,300.0,0.9316453714800119,0.5211711106852238,0.7219218175711438,0.0,300.0,300.0,300.0,0.37446109526485655,0.17239025271678105,0.41519905192182344,0.0,300.0,300.0,300.0,0.37446109526485655,0.17239025271678105,0.41519905192182344,0.0,300.0,300.0,300.0,1.437499922931037,0.6433695275713929,0.6481011627328671,0.5022065087135156,0.2522113773942184,0.8100649601055141
current_velocity/10T,long,self_augmentation,self_augmentation,4.469282110221684,0.0,0.0,measured_candidate_query_loop_precomputed_vanilla_fallback_separate_retrieval,0.0,300.0,0.0,12.015713030619846,1684.4894677208558,41.042532423339274,0.0,300.0,300.0,300.0,1.0513211656263513,5.906306513918261,2.430289388924344,0.0,300.0,300.0,300.0,1.3799210302250389,10.111530980962515,3.179863358850898,0.0,300.0,300.0,300.0,3679.0790132532447,1573843106.9905326,39671.69150654573,0.0,300.0,300.0,300.0,0.5402171225093597,0.3599510004659676,0.5999591656654373,0.0,300.0,300.0,300.0,0.9372062071420055,0.48599773305037797,0.6971353764157848,0.0,300.0,300.0,300.0,0.3865834593406676,0.18422662584753693,0.4292162926165978,0.0,300.0,300.0,300.0,0.3865834593406676,0.18422662584753693,0.4292162926165978,0.0,300.0,300.0,300.0,1.437499922931037,0.6433695275713929,0.6519695703573039,0.4849637661157839,0.23518985444520477,0.7553943919055883
current_velocity/10T,long,top_k_1,top_k_1,3.381775907240808,1.0738514787517488,2.087505261413753,measured_candidate_query_loop_precomputed_vanilla_fallback_separate_retrieval,0.0,300.0,0.0,11.714795323575851,1680.5201763088062,40.99414807394839,0.0,300.0,300.0,300.0,1.0234180800012476,5.673727148242974,2.381958678953725,0.0,300.0,300.0,300.0,1.3536973385757436,9.882298839108799,3.1436123869059935,0.0,300.0,300.0,300.0,3413.538825345143,1322942609.701904,36372.278038389406,0.0,300.0,300.0,300.0,0.5356950792688702,0.35346856337313604,0.594532222316954,0.0,300.0,300.0,300.0,0.9320188867714774,0.5236901231707568,0.7236643719092137,0.0,300.0,300.0,300.0,0.38647420570093355,0.18806241773093332,0.4336616396811382,0.0,300.0,300.0,300.0,0.38647420570093355,0.18806241773093332,0.4336616396811382,0.0,300.0,300.0,300.0,1.437499922931037,0.6433695275713929,0.6483609994712954,0.503418720491946,0.25343040814174816,0.8139803032754678
current_velocity/10T,long,top_k_5,top_k_5,10.712764775380492,1.0738514787517488,2.087505261413753,measured_candidate_query_loop_precomputed_vanilla_fallback_separate_retrieval,0.0,300.0,0.0,12.073763513824606,1703.7835087292642,41.2769125387215,0.0,300.0,300.0,300.0,1.040275224285459,5.858857914018214,2.420507780201959,0.0,300.0,300.0,300.0,1.3750840712236505,10.182907310891599,3.191066798249701,0.0,300.0,300.0,300.0,2458.920224678695,543452998.279584,23312.078377518897,0.0,300.0,300.0,300.0,0.5285052550673492,0.3410110366575034,0.583961502718718,0.0,300.0,300.0,300.0,0.9400002210143505,0.6213589422789471,0.7882632442775365,0.0,300.0,300.0,300.0,0.37442920129787005,0.17368420343564897,0.41675436822623585,0.0,300.0,300.0,300.0,0.37442920129787005,0.17368420343564897,0.41675436822623585,0.0,300.0,300.0,300.0,1.437499922931037,0.6433695275713929,0.6539132322857497,0.5483570688965893,0.3006954750088588,0.9657885797365444
current_velocity/10T,long,top_k_10,top_k_10,20.374283872079104,1.0738514787517488,2.087505261413753,measured_candidate_query_loop_precomputed_vanilla_fallback_separate_retrieval,0.0,300.0,0.0,13.451378464083906,2494.686651236514,49.9468382506492,0.0,300.0,300.0,300.0,1.0922296461105938,6.93280011363969,2.6330211001128894,0.0,300.0,300.0,300.0,1.4222953197698118,11.428454487444794,3.3805997230439444,0.0,300.0,300.0,300.0,3219.5630588796207,1268247187.4439986,35612.45831789767,0.0,300.0,300.0,300.0,0.5325506297922339,0.34278985208244733,0.5854825805115361,0.0,300.0,300.0,300.0,0.9416174291949763,0.5750571988653573,0.7583252592821614,0.0,300.0,300.0,300.0,0.378197726049824,0.17582899439882912,0.41931968043347206,0.0,300.0,300.0,300.0,0.378197726049824,0.17582899439882912,0.41931968043347206,0.0,300.0,300.0,300.0,1.437499922931037,0.6433695275713929,0.6550382467325876,0.5275306434354095,0.2782885797633771,0.8938210067798787
current_velocity/10T,long,top_k_15,top_k_15,30.375848649069667,1.0738514787517488,2.087505261413753,measured_candidate_query_loop_precomputed_vanilla_fallback_separate_retrieval,0.0,300.0,0.0,12.612295690838891,1954.988807591601,44.21525537177865,0.0,300.0,300.0,300.0,1.0677938273744647,6.27314404278175,2.504624531298404,0.0,300.0,300.0,300.0,1.3960587464404193,10.663315667326094,3.2654732685058216,0.0,300.0,300.0,300.0,3338.410129777399,1425600010.143663,37757.11866845327,0.0,300.0,300.0,300.0,0.5317157301121496,0.3433798718752378,0.5859862386398146,0.0,300.0,300.0,300.0,0.9332888579733742,0.5490438347354617,0.7409749217992885,0.0,300.0,300.0,300.0,0.37701843216891984,0.17586950901311624,0.41936798758741256,0.0,300.0,300.0,300.0,0.37701843216891984,0.17586950901311624,0.41936798758741256,0.0,300.0,300.0,300.0,1.437499922931037,0.6433695275713929,0.649244457746067,0.5154608428002234,0.2656998804603166,0.8533880005290364
current_velocity/10T,long,selected_task,selected_task,,,,assembled_from_candidate_artifacts_no_independent_selected_method_latency,0.0,300.0,0.0,11.676828876210063,1653.3018648881587,40.660814857650834,0.0,300.0,300.0,300.0,1.0308974071064207,5.730516877462523,2.393849802611376,0.0,300.0,300.0,300.0,1.3565479114711143,9.83660664009342,3.1363364998184458,0.0,300.0,300.0,300.0,3330.7730383922412,1297239237.7996643,36017.20752362215,0.0,300.0,300.0,300.0,0.5385259137500134,0.3576584336461291,0.5980455113502058,0.0,300.0,300.0,300.0,0.9351213693475997,0.5211290919753931,0.7218927150036861,0.0,300.0,300.0,300.0,0.3833889501343268,0.18253946972108884,0.4272463805827837,0.0,300.0,300.0,300.0,0.3833889501343268,0.18253946972108884,0.4272463805827837,0.0,300.0,300.0,300.0,1.437499922931037,0.6433695275713929,0.6505192483356129,0.5021862634481118,0.2521910431959763,0.8099996497231755
current_velocity/10T,long,selected_per_variate,selected_per_variate,,,,assembled_from_candidate_artifacts_no_independent_selected_method_latency,0.0,300.0,0.0,11.796581005205791,1726.754994715905,41.554241597169174,0.0,300.0,300.0,300.0,1.034413074772369,5.745645350731329,2.3970075825352177,0.0,300.0,300.0,300.0,1.3604390614248854,9.945786565355169,3.1536941141073225,0.0,300.0,300.0,300.0,3330.74706360811,1297239410.7172124,36017.20992410729,0.0,300.0,300.0,300.0,0.538323236820101,0.3651885430839425,0.6043083179006744,0.0,300.0,300.0,300.0,0.9212279536052049,0.5090438776660977,0.7134731092802992,0.0,300.0,300.0,300.0,0.3770715536416038,0.17497249744739518,0.4182971401377198,0.0,300.0,300.0,300.0,0.3770715536416038,0.17497249744739518,0.4182971401377198,0.0,300.0,300.0,300.0,1.437499922931037,0.6433695275713929,0.6408542629531676,0.4963291461091282,0.24634262127741632,0.7912153993174794
current_velocity/15T,short,vanilla_univariate,vanilla_univariate,11.460987428668886,0.0,0.0,measured_candidate_query_loop_precomputed_vanilla_fallback_separate_retrieval,0.0,3600.0,0.0,6.055158398519775,492.5310373264995,22.193040290291446,0.0,3600.0,3600.0,3600.0,0.7410914095859857,3.564285578035145,1.8879315607391982,0.0,3600.0,3600.0,3600.0,0.9015804077178461,5.242311166939097,2.289609391782602,0.0,3600.0,3600.0,3600.0,108212.81052095746,6054021107171.049,2460492.0457443157,0.0,3600.0,3600.0,3600.0,0.46829397437148235,0.32419657078916453,0.5693826224861139,0.0,3600.0,3600.0,3600.0,0.5023035755591049,0.1421409380485343,0.37701583262315963,0.0,3600.0,3600.0,3600.0,0.3837872710845655,0.22418884260566183,0.47348584203296074,0.0,3600.0,3600.0,3600.0,0.3837872710845655,0.22418884260566183,0.47348584203296074,0.0,3600.0,3600.0,3600.0,0.9913714905166404,0.453088957404636,0.5066754293058557,0.380297230886358,0.14462598381983185,0.31371529966817047
current_velocity/15T,short,vanilla_multivariate,vanilla_multivariate,12.361756057012826,0.0,0.0,measured_candidate_query_loop_precomputed_vanilla_fallback_separate_retrieval,0.0,3600.0,0.0,6.112415502211325,498.6638286522674,22.330782087787867,0.0,3600.0,3600.0,3600.0,0.746087466117205,3.606041702290124,1.8989580570118245,0.0,3600.0,3600.0,3600.0,0.9065139553179832,5.290647951025072,2.3001408546054463,0.0,3600.0,3600.0,3600.0,109460.39011531624,5580186436077.6,2362241.8242164794,0.0,3600.0,3600.0,3600.0,0.46057997521715466,0.31536486978623424,0.5615735657830008,0.0,3600.0,3600.0,3600.0,0.5007411233972535,0.13721344328912669,0.370423329839154,0.0,3600.0,3600.0,3600.0,0.38049255988217096,0.22441785525023172,0.4737276171495934,0.0,3600.0,3600.0,3600.0,0.38049255988217096,0.22441785525023172,0.4737276171495934,0.0,3600.0,3600.0,3600.0,0.9913714905166404,0.453088957404636,0.5050993781718484,0.37364734953807544,0.13961234181682874,0.3028399634259608
current_velocity/15T,short,self_augmentation,self_augmentation,35.86259749671444,0.0,0.0,measured_candidate_query_loop_precomputed_vanilla_fallback_separate_retrieval,0.0,3600.0,0.0,6.126660713896199,518.8172886372284,22.77756107745578,0.0,3600.0,3600.0,3600.0,0.7432033885463166,3.618547641614213,1.9022480494441867,0.0,3600.0,3600.0,3600.0,0.9042741627201758,5.3089489525329245,2.304115655198958,0.0,3600.0,3600.0,3600.0,114210.04623107164,6692835116648.066,2587051.432934426,0.0,3600.0,3600.0,3600.0,0.4606035867080276,0.317505432592165,0.5634762041046321,0.0,3600.0,3600.0,3600.0,0.5034582596398458,0.14652136389142606,0.3827810913452048,0.0,3600.0,3600.0,3600.0,0.38947265372294654,0.23997723303731044,0.48987471157155116,0.0,3600.0,3600.0,3600.0,0.38947265372294654,0.23997723303731044,0.48987471157155116,0.0,3600.0,3600.0,3600.0,0.9913714905166404,0.453088957404636,0.5078401633049535,0.38611266816410406,0.14908299251680357,0.3233832153639833
current_velocity/15T,short,top_k_1,top_k_1,24.08305009594187,8.863716682884842,1.5500967307016253,measured_candidate_query_loop_precomputed_vanilla_fallback_separate_retrieval,0.0,3600.0,0.0,6.1147640075697565,501.10614079731516,22.38540017058697,0.0,3600.0,3600.0,3600.0,0.7453844428385783,3.6114773673587144,1.900388741115542,0.0,3600.0,3600.0,3600.0,0.9060448303517594,5.293846772962608,2.3008361030205102,0.0,3600.0,3600.0,3600.0,110402.68477932659,6592295686798.051,2567546.6279695975,0.0,3600.0,3600.0,3600.0,0.46848807284739286,0.32479526424727695,0.5699081191273528,0.0,3600.0,3600.0,3600.0,0.5022324172185922,0.13997861262784053,0.37413715750756504,0.0,3600.0,3600.0,3600.0,0.3836905765235266,0.22698827841105065,0.47643286873498836,0.0,3600.0,3600.0,3600.0,0.3836905765235266,0.22698827841105065,0.47643286873498836,0.0,3600.0,3600.0,3600.0,0.9913714905166404,0.453088957404636,0.5066036516309949,0.37739350090911766,0.14242585452844017,0.3089428915453155
current_velocity/15T,short,top_k_5,top_k_5,79.5104395672679,8.863716682884842,1.5500967307016253,measured_candidate_query_loop_precomputed_vanilla_fallback_separate_retrieval,0.0,3600.0,0.0,6.08104415028934,466.88878191834266,21.607609352224568,0.0,3600.0,3600.0,3600.0,0.7498070628151302,3.608596911738863,1.8996307303628417,0.0,3600.0,3600.0,3600.0,0.9091218187927342,5.254541668884332,2.2922787066332777,0.0,3600.0,3600.0,3600.0,101098.41538404378,4367951203840.124,2089964.4025294124,0.0,3600.0,3600.0,3600.0,0.4694027643329333,0.32469073595251435,0.5698164054785667,0.0,3600.0,3600.0,3600.0,0.5041767468111967,0.1408065818643402,0.37524203104708326,0.0,3600.0,3600.0,3600.0,0.38479955700196866,0.22641623803065253,0.4758321532122987,0.0,3600.0,3600.0,3600.0,0.38479955700196866,0.22641623803065253,0.4758321532122987,0.0,3600.0,3600.0,3600.0,0.9913714905166404,0.453088957404636,0.5085649039074661,0.37850799083553505,0.1432682991263535,0.3107702793528719
current_velocity/15T,short,top_k_10,top_k_10,149.8384887939319,8.863716682884842,1.5500967307016253,measured_candidate_query_loop_precomputed_vanilla_fallback_separate_retrieval,0.0,3600.0,0.0,6.113447766793385,474.60943812351024,21.78553277116514,0.0,3600.0,3600.0,3600.0,0.7521874180323612,3.6310306888810793,1.9055263548114676,0.0,3600.0,3600.0,3600.0,0.9121550246545211,5.281420977790895,2.298134238418395,0.0,3600.0,3600.0,3600.0,100963.37191649414,4153578444496.368,2038032.9841531927,0.0,3600.0,3600.0,3600.0,0.4697455341659543,0.3255931521192235,0.570607704223509,0.0,3600.0,3600.0,3600.0,0.50522651496981,0.1380118180104289,0.3714994185869325,0.0,3600.0,3600.0,3600.0,0.38551356413748017,0.22920832916180034,0.47875706695755454,0.0,3600.0,3600.0,3600.0,0.38551356413748017,0.22920832916180034,0.47875706695755454,0.0,3600.0,3600.0,3600.0,0.9913714905166404,0.453088957404636,0.5096238088373085,0.37473280414119065,0.14042467449951998,0.3046020340044967
current_velocity/15T,short,top_k_15,top_k_15,218.45228471094742,8.863716682884842,1.5500967307016253,measured_candidate_query_loop_precomputed_vanilla_fallback_separate_retrieval,0.0,3600.0,0.0,6.121039204462413,475.32373487426497,21.801920440049884,0.0,3600.0,3600.0,3600.0,0.75367419656407,3.6507156489237653,1.9106846021580237,0.0,3600.0,3600.0,3600.0,0.9127180829228216,5.287984905568103,2.2995618942677107,0.0,3600.0,3600.0,3600.0,105469.0257097996,5041938452707.978,2245426.118292022,0.0,3600.0,3600.0,3600.0,0.4706166116070694,0.32660501097438793,0.5714936666091655,0.0,3600.0,3600.0,3600.0,0.5058281555387854,0.13825792334365486,0.3718305035142422,0.0,3600.0,3600.0,3600.0,0.3861474041663637,0.22953448658967793,0.4790975752283432,0.0,3600.0,3600.0,3600.0,0.3861474041663637,0.22953448658967793,0.4790975752283432,0.0,3600.0,3600.0,3600.0,0.9913714905166404,0.453088957404636,0.5102306858503461,0.3750667707021386,0.14067508248493063,0.30514520622091024
current_velocity/15T,short,selected_task,selected_task,,,,assembled_from_candidate_artifacts_no_independent_selected_method_latency,0.0,3600.0,0.0,6.055158398519775,492.5310373264995,22.193040290291446,0.0,3600.0,3600.0,3600.0,0.7410914095859857,3.564285578035145,1.8879315607391982,0.0,3600.0,3600.0,3600.0,0.9015804077178461,5.242311166939097,2.289609391782602,0.0,3600.0,3600.0,3600.0,108212.81052095746,6054021107171.049,2460492.0457443157,0.0,3600.0,3600.0,3600.0,0.46829397437148235,0.32419657078916453,0.5693826224861139,0.0,3600.0,3600.0,3600.0,0.5023035755591049,0.1421409380485343,0.37701583262315963,0.0,3600.0,3600.0,3600.0,0.3837872710845655,0.22418884260566183,0.47348584203296074,0.0,3600.0,3600.0,3600.0,0.3837872710845655,0.22418884260566183,0.47348584203296074,0.0,3600.0,3600.0,3600.0,0.9913714905166404,0.453088957404636,0.5066754293058557,0.380297230886358,0.14462598381983185,0.31371529966817047
current_velocity/15T,short,selected_per_variate,selected_per_variate,,,,assembled_from_candidate_artifacts_no_independent_selected_method_latency,0.0,3600.0,0.0,6.019587408339244,490.30333073500054,22.142794104064656,0.0,3600.0,3600.0,3600.0,0.7383205663357404,3.541292256478586,1.8818321541727854,0.0,3600.0,3600.0,3600.0,0.898420737853887,5.212427586133322,2.2830741525700216,0.0,3600.0,3600.0,3600.0,109373.73678470161,5585630968223.894,2363393.9511270425,0.0,3600.0,3600.0,3600.0,0.4672661008662685,0.32327511640371664,0.5685728769504544,0.0,3600.0,3600.0,3600.0,0.5017641772780601,0.14101419348644892,0.3755185661008639,0.0,3600.0,3600.0,3600.0,0.38285175003066846,0.22411596866974048,0.4734088810634423,0.0,3600.0,3600.0,3600.0,0.38285175003066846,0.22411596866974048,0.4734088810634423,0.0,3600.0,3600.0,3600.0,0.9913714905166404,0.453088957404636,0.5061313363132646,0.3787869327422027,0.143479540416246,0.3112284931731732
current_velocity/15T,medium,vanilla_univariate,vanilla_univariate,1.527520777657628,0.0,0.0,measured_candidate_query_loop_precomputed_vanilla_fallback_separate_retrieval,0.0,450.0,0.0,8.916213048083337,687.6892066816556,26.2238289858986,0.0,450.0,450.0,450.0,0.9588080971700876,4.915043846327468,2.216989816469049,0.0,450.0,450.0,450.0,1.2072078627544256,7.458862224187229,2.7310917641462047,0.0,450.0,450.0,450.0,122394.51504376948,1316840307854.262,1147536.6259315046,0.0,450.0,450.0,450.0,0.5726952888813649,0.3813603199133861,0.6175437797544285,0.0,450.0,450.0,450.0,0.7292408432510908,0.17018730398069248,0.41253763947146993,0.0,450.0,450.0,450.0,0.4318312838822645,0.21513829175122642,0.46383002463319084,0.0,450.0,450.0,450.0,0.4318312838822645,0.21513829175122642,0.46383002463319084,0.0,450.0,450.0,450.0,0.9924470867542217,0.20323056826444055,0.7347906533093451,0.41567721340254626,0.17278754574210595,0.8374099695437909
current_velocity/15T,medium,vanilla_multivariate,vanilla_multivariate,2.165469584055245,0.0,0.0,measured_candidate_query_loop_precomputed_vanilla_fallback_separate_retrieval,0.0,450.0,0.0,9.129179221967986,726.9612412623627,26.962218774840522,0.0,450.0,450.0,450.0,0.9659523287630849,5.038058034952572,2.2445618804017347,0.0,450.0,450.0,450.0,1.214812637574238,7.653409477557909,2.766479618135277,0.0,450.0,450.0,450.0,117305.09029347621,1030717776061.3748,1015242.7178076062,0.0,450.0,450.0,450.0,0.5654007143223564,0.3701056587602029,0.6083630977962116,0.0,450.0,450.0,450.0,0.724117143950837,0.16325768814357475,0.40405159094300663,0.0,450.0,450.0,450.0,0.4307102678345045,0.21658312710423577,0.46538492358931843,0.0,450.0,450.0,450.0,0.4307102678345045,0.21658312710423577,0.46538492358931843,0.0,450.0,450.0,450.0,0.9924470867542217,0.20323056826444055,0.7296279606392394,0.4071265827022066,0.16575205434277665,0.8033126588080308
current_velocity/15T,medium,self_augmentation,self_augmentation,4.819325132761151,0.0,0.0,measured_candidate_query_loop_precomputed_vanilla_fallback_separate_retrieval,0.0,450.0,0.0,8.938111689742085,702.8504443323191,26.511326717694065,0.0,450.0,450.0,450.0,0.9580212139192026,4.943763446065348,2.2234575431218264,0.0,450.0,450.0,450.0,1.205663024532115,7.4844883610181565,2.735779296839962,0.0,450.0,450.0,450.0,116649.1425624209,1004847813919.4414,1002420.9763963649,0.0,450.0,450.0,450.0,0.5663592314455921,0.3777440047300935,0.6146088225286824,0.0,450.0,450.0,450.0,0.7265088329070596,0.17036933026695636,0.41275819830374827,0.0,450.0,450.0,450.0,0.43290418370023664,0.2212104804285602,0.470330182349124,0.0,450.0,450.0,450.0,0.43290418370023664,0.2212104804285602,0.470330182349124,0.0,450.0,450.0,450.0,0.9924470867542217,0.20323056826444055,0.7320378512904826,0.41589945077441426,0.1729723531544594,0.8383056334580257
current_velocity/15T,medium,top_k_1,top_k_1,3.279836940113455,0.19844005908817053,0.22120372531935573,measured_candidate_query_loop_precomputed_vanilla_fallback_separate_retrieval,0.0,450.0,0.0,8.783117321994494,656.5048377147551,25.62235035500754,0.0,450.0,450.0,450.0,0.9487311804654183,4.796612986057619,2.1901171169728846,0.0,450.0,450.0,450.0,1.197781354268925,7.348437149360194,2.7108000939501595,0.0,450.0,450.0,450.0,93109.27643682888,421761946172.974,649432.0181304384,0.0,450.0,450.0,450.0,0.5714979474006759,0.37457934836129386,0.6120288786987864,0.0,450.0,450.0,450.0,0.7246110149017793,0.1628391507965662,0.4035333329435949,0.0,450.0,450.0,450.0,0.436874663688815,0.2244010537008347,0.4737098834738776,0.0,450.0,450.0,450.0,0.436874663688815,0.2244010537008347,0.4737098834738776,0.0,450.0,450.0,450.0,0.9924470867542217,0.20323056826444055,0.7301255901426494,0.40660438055528236,0.16532712228674487,0.8012532375773429
current_velocity/15T,medium,top_k_5,top_k_5,10.60091750184074,0.19844005908817053,0.22120372531935573,measured_candidate_query_loop_precomputed_vanilla_fallback_separate_retrieval,0.0,450.0,0.0,9.233317040785554,724.7793778288376,26.921726873082225,0.0,450.0,450.0,450.0,0.9747515800808256,5.080420486389847,2.2539788123205255,0.0,450.0,450.0,450.0,1.2250972179738948,7.732453847298178,2.7807290136398004,0.0,450.0,450.0,450.0,75153.30439945408,229710956411.41846,479281.70882208564,0.0,450.0,450.0,450.0,0.5709549079857414,0.3731032087194406,0.6108217487282526,0.0,450.0,450.0,450.0,0.7349096122200188,0.169632705666711,0.4118649119149518,0.0,450.0,450.0,450.0,0.43909026664343476,0.2259540324105902,0.47534622372602287,0.0,450.0,450.0,450.0,0.43909026664343476,0.2259540324105902,0.47534622372602287,0.0,450.0,450.0,450.0,0.9924470867542217,0.20323056826444055,0.7405025638430015,0.41499936612434196,0.1722244738836056,0.8346810576546116
current_velocity/15T,medium,top_k_10,top_k_10,20.071029712911695,0.19844005908817053,0.22120372531935573,measured_candidate_query_loop_precomputed_vanilla_fallback_separate_retrieval,0.0,450.0,0.0,9.654751844634104,801.874682585783,28.317391874708076,0.0,450.0,450.0,450.0,0.9980667015252295,5.422219103154388,2.3285658898030754,0.0,450.0,450.0,450.0,1.24503214956398,8.1046467911862,2.8468661351012274,0.0,450.0,450.0,450.0,83421.23093246529,316293638376.64557,562399.8918711183,0.0,450.0,450.0,450.0,0.5701767615769625,0.37262256900228435,0.6104281849671461,0.0,450.0,450.0,450.0,0.7342689243057536,0.17278207058272188,0.41567062751982115,0.0,450.0,450.0,450.0,0.4365506288591209,0.22160034831737013,0.47074446180212265,0.0,450.0,450.0,450.0,0.4365506288591209,0.22160034831737013,0.47074446180212265,0.0,450.0,450.0,450.0,0.9924470867542217,0.20323056826444055,0.7398570000413478,0.418834044724,0.1754219570198656,0.8501775695371794
current_velocity/15T,medium,top_k_15,top_k_15,29.536826183088124,0.19844005908817053,0.22120372531935573,measured_candidate_query_loop_precomputed_vanilla_fallback_separate_retrieval,0.0,450.0,0.0,9.63193442361309,802.0930584295734,28.32124747304704,0.0,450.0,450.0,450.0,0.9986285703447308,5.43146135276542,2.330549581700724,0.0,450.0,450.0,450.0,1.244502531107843,8.083147873679263,2.843087735839199,0.0,450.0,450.0,450.0,100751.41855380144,624209476571.2018,790069.2859307985,0.0,450.0,450.0,450.0,0.5690263975641942,0.3725315300385262,0.6103536106541242,0.0,450.0,450.0,450.0,0.7380588372462623,0.1746766942646031,0.4179434103615023,0.0,450.0,450.0,450.0,0.43718415068323857,0.22325939602675016,0.4725033291171081,0.0,450.0,450.0,450.0,0.43718415068323857,0.22325939602675016,0.4725033291171081,0.0,450.0,450.0,450.0,0.9924470867542217,0.20323056826444055,0.7436757557121448,0.42112412433833407,0.1773455280997287,0.8595001025501067
current_velocity/15T,medium,selected_task,selected_task,,,,assembled_from_candidate_artifacts_no_independent_selected_method_latency,0.0,450.0,0.0,8.916213048083337,687.6892066816556,26.2238289858986,0.0,450.0,450.0,450.0,0.9588080971700876,4.915043846327468,2.216989816469049,0.0,450.0,450.0,450.0,1.2072078627544256,7.458862224187229,2.7310917641462047,0.0,450.0,450.0,450.0,122394.51504376948,1316840307854.262,1147536.6259315046,0.0,450.0,450.0,450.0,0.5726952888813649,0.3813603199133861,0.6175437797544285,0.0,450.0,450.0,450.0,0.7292408432510908,0.17018730398069248,0.41253763947146993,0.0,450.0,450.0,450.0,0.4318312838822645,0.21513829175122642,0.46383002463319084,0.0,450.0,450.0,450.0,0.4318312838822645,0.21513829175122642,0.46383002463319084,0.0,450.0,450.0,450.0,0.9924470867542217,0.20323056826444055,0.7347906533093451,0.41567721340254626,0.17278754574210595,0.8374099695437909
current_velocity/15T,medium,selected_per_variate,selected_per_variate,,,,assembled_from_candidate_artifacts_no_independent_selected_method_latency,0.0,450.0,0.0,9.000581864410199,701.0458239783906,26.477269949494236,0.0,450.0,450.0,450.0,0.9599127989048594,4.946898181186623,2.2241623549522243,0.0,450.0,450.0,450.0,1.2101648202563915,7.536082972224015,2.7451927022021634,0.0,450.0,450.0,450.0,117468.29050894687,1024202261192.4086,1012028.784764746,0.0,450.0,450.0,450.0,0.573942807513003,0.38476702205428376,0.6202959149102013,0.0,450.0,450.0,450.0,0.7284046222412268,0.16728545813545365,0.40900545000703065,0.0,450.0,450.0,450.0,0.4332015674304678,0.21767414561774565,0.466555618997077,0.0,450.0,450.0,450.0,0.4332015674304678,0.21767414561774565,0.466555618997077,0.0,450.0,450.0,450.0,0.9924470867542217,0.20323056826444055,0.7339480683282165,0.41211814258498636,0.16984136344769915,0.8231313801070729
current_velocity/15T,long,vanilla_univariate,vanilla_univariate,0.6076600388623774,0.0,0.0,measured_candidate_query_loop_precomputed_vanilla_fallback_separate_retrieval,0.0,150.0,0.0,10.545652421293562,848.443951364062,29.128061235929554,0.0,150.0,150.0,150.0,1.0611316802623014,5.70335019357886,2.3881687950349866,0.0,150.0,150.0,150.0,1.341420240950977,8.746244158460586,2.957404970317827,0.0,150.0,150.0,150.0,119975.58454203015,422341953667.5772,649878.4145265769,0.0,150.0,150.0,150.0,0.5962108695618632,0.3774455951747169,0.6143660107580146,0.0,150.0,150.0,150.0,0.8343731434228315,0.17879022084973561,0.4228359266308099,0.0,150.0,150.0,150.0,0.4490240138491212,0.2099051768212349,0.45815409724374934,0.0,150.0,150.0,150.0,0.4490240138491212,0.2099051768212349,0.45815409724374934,0.0,150.0,150.0,150.0,1.1285984948447063,0.18788879728392668,0.7393002447142553,0.3746557598315702,0.1403669383749712,0.9515746730740853
current_velocity/15T,long,vanilla_multivariate,vanilla_multivariate,0.7182385637424886,0.0,0.0,measured_candidate_query_loop_precomputed_vanilla_fallback_separate_retrieval,0.0,150.0,0.0,10.902936175697272,951.9400595722002,30.85352588558073,0.0,150.0,150.0,150.0,1.068710486544024,5.875389219505513,2.423920217231894,0.0,150.0,150.0,150.0,1.3534785717894735,9.071031931404,3.0118153880017284,0.0,150.0,150.0,150.0,104506.02530456056,250876970630.93085,500876.2028994099,0.0,150.0,150.0,150.0,0.5881119602909611,0.36842517808273895,0.6069803770162088,0.0,150.0,150.0,150.0,0.8331182490563158,0.18187070567560473,0.42646301794599345,0.0,150.0,150.0,150.0,0.4528392872992873,0.21734362388202716,0.4662012697130148,0.0,150.0,150.0,150.0,0.4528392872992873,0.21734362388202716,0.4662012697130148,0.0,150.0,150.0,150.0,1.1285984948447063,0.18788879728392668,0.7381883396636567,0.37786956113624287,0.1427854052332968,0.9679699285145364
current_velocity/15T,long,self_augmentation,self_augmentation,1.8322998969815671,0.0,0.0,measured_candidate_query_loop_precomputed_vanilla_fallback_separate_retrieval,0.0,150.0,0.0,10.73555197566561,924.2370192662526,30.40126673785572,0.0,150.0,150.0,150.0,1.0667856889006573,5.8598245345608575,2.420707445058336,0.0,150.0,150.0,150.0,1.3449714776354929,8.926603700012611,2.9877422412270795,0.0,150.0,150.0,150.0,106727.03939342333,260402627537.21265,510296.6074129953,0.0,150.0,150.0,150.0,0.5881975598016534,0.3723901046208881,0.6102377443430455,0.0,150.0,150.0,150.0,0.8241201032857877,0.17674786313746157,0.4204139188198478,0.0,150.0,150.0,150.0,0.4461583660161938,0.20723749230431474,0.4552334481387706,0.0,150.0,150.0,150.0,0.4461583660161938,0.20723749230431474,0.4552334481387706,0.0,150.0,150.0,150.0,1.1285984948447063,0.18788879728392668,0.7302154903185348,0.37250972842888314,0.13876349777416025,0.9407046385547427
current_velocity/15T,long,top_k_1,top_k_1,1.2693081349134445,0.08608144521713257,0.20646929508075118,measured_candidate_query_loop_precomputed_vanilla_fallback_separate_retrieval,0.0,150.0,0.0,10.276034438747162,754.3007598379813,27.46453640311413,0.0,150.0,150.0,150.0,1.0600371687587162,5.500020519794486,2.3452122547425183,0.0,150.0,150.0,150.0,1.3388668840750086,8.48346990547444,2.9126396799938092,0.0,150.0,150.0,150.0,78533.42524969694,129006065676.90851,359174.14394261246,0.0,150.0,150.0,150.0,0.5997871646936873,0.37619064544494635,0.6133438231896905,0.0,150.0,150.0,150.0,0.8530281050626939,0.19339904450299103,0.43977158219124507,0.0,150.0,150.0,150.0,0.4568747854627018,0.22320571760395172,0.47244652353885697,0.0,150.0,150.0,150.0,0.4568747854627018,0.22320571760395172,0.47244652353885697,0.0,150.0,150.0,150.0,1.1285984948447063,0.18788879728392668,0.7558295611408461,0.3896616770269192,0.1518362225434311,1.0293271727677173
current_velocity/15T,long,top_k_5,top_k_5,3.935104927048087,0.08608144521713257,0.20646929508075118,measured_candidate_query_loop_precomputed_vanilla_fallback_separate_retrieval,0.0,150.0,0.0,10.028283267538413,726.4460728386543,26.952663557404755,0.0,150.0,150.0,150.0,1.044239220902201,5.402066932671705,2.324234698276339,0.0,150.0,150.0,150.0,1.318941307124753,8.288677095898462,2.8790062688188893,0.0,150.0,150.0,150.0,69405.81751547985,96763982123.83508,311069.09541745717,0.0,150.0,150.0,150.0,0.6058923683873456,0.37810191090193523,0.6148999194193598,0.0,150.0,150.0,150.0,0.8477851858407007,0.16834813629107337,0.4103024936447174,0.0,150.0,150.0,150.0,0.4623041811489327,0.22938983668133617,0.4789465906354655,0.0,150.0,150.0,150.0,0.4623041811489327,0.22938983668133617,0.4789465906354655,0.0,150.0,150.0,150.0,1.1285984948447063,0.18788879728392668,0.7511840479260562,0.3635504526356598,0.13216893161159315,0.8959987967599548
current_velocity/15T,long,top_k_10,top_k_10,6.789475516881794,0.08608144521713257,0.20646929508075118,measured_candidate_query_loop_precomputed_vanilla_fallback_separate_retrieval,0.0,150.0,0.0,10.643567131551041,834.6886893763686,28.890979377244527,0.0,150.0,150.0,150.0,1.0744192158678247,5.799415850962814,2.4081976353619345,0.0,150.0,150.0,150.0,1.351513650107479,8.8169779851242,2.969339654725306,0.0,150.0,150.0,150.0,78051.44309079275,106422543945.09433,326224.68322475895,0.0,150.0,150.0,150.0,0.6007184080304433,0.3712931272913259,0.6093382700038837,0.0,150.0,150.0,150.0,0.8503686365608689,0.17255583628863855,0.415398406699687,0.0,150.0,150.0,150.0,0.45600194774277525,0.22067180979749376,0.46975718174126274,0.0,150.0,150.0,150.0,0.45600194774277525,0.22067180979749376,0.46975718174126274,0.0,150.0,150.0,150.0,1.1285984948447063,0.18788879728392668,0.7534731265771168,0.3680657103453299,0.1354723671320123,0.91839342623436
current_velocity/15T,long,top_k_15,top_k_15,10.273856824729592,0.08608144521713257,0.20646929508075118,measured_candidate_query_loop_precomputed_vanilla_fallback_separate_retrieval,0.0,150.0,0.0,10.726201066273262,873.0983256602018,29.54823726823991,0.0,150.0,150.0,150.0,1.0786804644013268,5.849537791009433,2.4185817726530217,0.0,150.0,150.0,150.0,1.3549697803928475,8.890257960495418,2.9816535614479793,0.0,150.0,150.0,150.0,86214.34947622096,142686027505.36914,377738.0408502288,0.0,150.0,150.0,150.0,0.5988022019351733,0.3742138332641375,0.6117301964625724,0.0,150.0,150.0,150.0,0.8574494515179483,0.17264721184423673,0.4155083775861044,0.0,150.0,150.0,150.0,0.4581829127978846,0.23156377973355527,0.4812107435766114,0.0,150.0,150.0,150.0,0.4581829127978846,0.23156377973355527,0.4812107435766114,0.0,150.0,150.0,150.0,1.1285984948447063,0.18788879728392668,0.7597471159448358,0.3681631505660282,0.13554410543470397,0.9188797540884902
current_velocity/15T,long,selected_task,selected_task,,,,assembled_from_candidate_artifacts_no_independent_selected_method_latency,0.0,150.0,0.0,10.545652421293562,848.443951364062,29.128061235929554,0.0,150.0,150.0,150.0,1.0611316802623014,5.70335019357886,2.3881687950349866,0.0,150.0,150.0,150.0,1.341420240950977,8.746244158460586,2.957404970317827,0.0,150.0,150.0,150.0,119975.58454203015,422341953667.5772,649878.4145265769,0.0,150.0,150.0,150.0,0.5962108695618632,0.3774455951747169,0.6143660107580146,0.0,150.0,150.0,150.0,0.8343731434228315,0.17879022084973561,0.4228359266308099,0.0,150.0,150.0,150.0,0.4490240138491212,0.2099051768212349,0.45815409724374934,0.0,150.0,150.0,150.0,0.4490240138491212,0.2099051768212349,0.45815409724374934,0.0,150.0,150.0,150.0,1.1285984948447063,0.18788879728392668,0.7393002447142553,0.3746557598315702,0.1403669383749712,0.9515746730740853
current_velocity/15T,long,selected_per_variate,selected_per_variate,,,,assembled_from_candidate_artifacts_no_independent_selected_method_latency,0.0,150.0,0.0,10.644079130152326,885.7671870993069,29.7618411241527,0.0,150.0,150.0,150.0,1.0613750888070441,5.705737181682725,2.3886684955603874,0.0,150.0,150.0,150.0,1.345028233200577,8.834978182045662,2.9723691194139503,0.0,150.0,150.0,150.0,106741.86157676292,260413813592.49484,510307.56764180446,0.0,150.0,150.0,150.0,0.5902650174965882,0.3687223225086901,0.607225100361217,0.0,150.0,150.0,150.0,0.8292745975507588,0.1814228913889535,0.4259376613883228,0.0,150.0,150.0,150.0,0.4442714889575901,0.2019980168185095,0.4494418948190183,0.0,150.0,150.0,150.0,0.4442714889575901,0.2019980168185095,0.4494418948190183,0.0,150.0,150.0,150.0,1.1285984948447063,0.18788879728392668,0.7347826541846185,0.3774040664895014,0.14243382940281202,0.9655865278375151
current_velocity/H,short,vanilla_univariate,vanilla_univariate,6.97080892091617,0.0,0.0,measured_candidate_query_loop_precomputed_vanilla_fallback_separate_retrieval,0.0,3528.0,0.0,6.58462163291773,572.3166288925813,23.923140029949693,0.0,3528.0,3528.0,3528.0,0.7994898985997668,3.587975436863291,1.894195195026978,0.0,3528.0,3528.0,3528.0,0.9958634117134892,5.5928776981281,2.3649265735172627,0.0,3528.0,3528.0,3528.0,1990655363804.9001,1.4239557232178994e+27,37735337857476.5,0.0,3528.0,3528.0,3528.0,0.441361031504058,0.2728606003229786,0.5223606037240736,0.0,3528.0,3528.0,3528.0,0.7026019814190542,0.23193914290941176,0.48160060517965686,0.0,3528.0,3528.0,3528.0,0.3334498403727962,0.17760184774163357,0.42142834235683957,0.0,3528.0,3528.0,3528.0,0.3334498403727962,0.17760184774163357,0.42142834235683957,0.0,3528.0,3528.0,3528.0,1.0337543563683367,0.3826492950103123,0.6796604793883068,0.4658752847935355,0.21703978098145785,0.6061402593284826
current_velocity/H,short,vanilla_multivariate,vanilla_multivariate,7.925346596632153,0.0,0.0,measured_candidate_query_loop_precomputed_vanilla_fallback_separate_retrieval,0.0,3528.0,0.0,6.378177282853337,524.0849078915189,22.89290081862757,0.0,3528.0,3528.0,3528.0,0.7897257039591482,3.484929531738347,1.8667965962413653,0.0,3528.0,3528.0,3528.0,0.9825782014256347,5.412717360936501,2.32652473894788,0.0,3528.0,3528.0,3528.0,1942717043317.3062,1.2033364658512388e+27,34689140459965.836,0.0,3528.0,3528.0,3528.0,0.4298930996504875,0.2632369009125923,0.513066175958416,0.0,3528.0,3528.0,3528.0,0.6887221845341432,0.21896839787042097,0.4679405922448073,0.0,3528.0,3528.0,3528.0,0.32679163646041426,0.17397270970422873,0.4171003592712775,0.0,3528.0,3528.0,3528.0,0.32679163646041426,0.17397270970422873,0.4171003592712775,0.0,3528.0,3528.0,3528.0,1.0337543563683367,0.3826492950103123,0.6662338884391069,0.4526613013643983,0.20490225375291063,0.5722430453308945
current_velocity/H,short,self_augmentation,self_augmentation,20.930563636124134,0.0,0.0,measured_candidate_query_loop_precomputed_vanilla_fallback_separate_retrieval,0.0,3528.0,0.0,6.422589620163642,528.743087145472,22.994414259673412,0.0,3528.0,3528.0,3528.0,0.7953846857708194,3.5275670835859816,1.8781818558345147,0.0,3528.0,3528.0,3528.0,0.9880076499978093,5.446430503709449,2.333758878656801,0.0,3528.0,3528.0,3528.0,2301238999685.174,1.7586426914538902e+27,41936174020216.61,0.0,3528.0,3528.0,3528.0,0.43710153748075664,0.2700507369968761,0.5196640616753059,0.0,3528.0,3528.0,3528.0,0.7041963188904025,0.2314237317968385,0.4810652053483379,0.0,3528.0,3528.0,3528.0,0.3387401039892304,0.18898916338123475,0.4347288389113779,0.0,3528.0,3528.0,3528.0,0.3387401039892304,0.18898916338123475,0.4347288389113779,0.0,3528.0,3528.0,3528.0,1.0337543563683367,0.3826492950103123,0.6812027582300128,0.465357366945818,0.21655747897074465,0.6047933050303979
current_velocity/H,short,top_k_1,top_k_1,15.121400015894324,10.624779981095344,1.1568528260104358,measured_candidate_query_loop_precomputed_vanilla_fallback_separate_retrieval,0.0,3528.0,0.0,6.535481302651951,561.9968640132752,23.70647304035915,0.0,3528.0,3528.0,3528.0,0.7983971656541334,3.5796699512988366,1.8920015727527386,0.0,3528.0,3528.0,3528.0,0.9934048485311276,5.5486281095668,2.3555526123537978,0.0,3528.0,3528.0,3528.0,2285050107255.6123,1.6602210801391406e+27,40745810583901.02,0.0,3528.0,3528.0,3528.0,0.4419423248259062,0.27249486241013215,0.5220104045037149,0.0,3528.0,3528.0,3528.0,0.7051818818276958,0.2307952726901391,0.4804115659412657,0.0,3528.0,3528.0,3528.0,0.33524025175509076,0.17801476002694902,0.42191795414150013,0.0,3528.0,3528.0,3528.0,0.33524025175509076,0.17801476002694902,0.42191795414150013,0.0,3528.0,3528.0,3528.0,1.0337543563683367,0.3826492950103123,0.6821561403669023,0.464725070304894,0.21596939096988868,0.6031509157332152
current_velocity/H,short,top_k_5,top_k_5,48.41211059875786,10.624779981095344,1.1568528260104358,measured_candidate_query_loop_precomputed_vanilla_fallback_separate_retrieval,0.0,3528.0,0.0,6.491919295261011,524.0220117049424,22.89152707236768,0.0,3528.0,3528.0,3528.0,0.8021737704757347,3.567905729670598,1.8888900787686398,0.0,3528.0,3528.0,3528.0,0.9956825229438053,5.50053560876527,2.3453220693041863,0.0,3528.0,3528.0,3528.0,2228001597048.9146,1.515654639765602e+27,38931409424340.164,0.0,3528.0,3528.0,3528.0,0.443752089694981,0.27363690506005195,0.5231031495413232,0.0,3528.0,3528.0,3528.0,0.7069873716294575,0.23957154217860857,0.4894604602811228,0.0,3528.0,3528.0,3528.0,0.33612420448988545,0.17966382902494238,0.4238677022668068,0.0,3528.0,3528.0,3528.0,0.33612420448988545,0.17966382902494238,0.4238677022668068,0.0,3528.0,3528.0,3528.0,1.0337543563683367,0.3826492950103123,0.6839026769504137,0.47347849831621247,0.22418188836777558,0.6260864590699224
current_velocity/H,short,top_k_10,top_k_10,90.9375775787048,10.624779981095344,1.1568528260104358,measured_candidate_query_loop_precomputed_vanilla_fallback_separate_retrieval,0.0,3528.0,0.0,6.496961863329539,515.045283929421,22.6946091380623,0.0,3528.0,3528.0,3528.0,0.8038944182280251,3.5652265923872157,1.8881807626356157,0.0,3528.0,3528.0,3528.0,0.9973646824783776,5.502225553474345,2.3456823215163523,0.0,3528.0,3528.0,3528.0,2198697350493.1343,1.3917314193964592e+27,37305916680822.35,0.0,3528.0,3528.0,3528.0,0.44303573307664096,0.2726375996078338,0.5221471053331942,0.0,3528.0,3528.0,3528.0,0.7056470752324722,0.23444936754158086,0.48419971865086914,0.0,3528.0,3528.0,3528.0,0.33474376059076144,0.17865055864115795,0.4226707449554061,0.0,3528.0,3528.0,3528.0,0.33474376059076144,0.17865055864115795,0.4226707449554061,0.0,3528.0,3528.0,3528.0,1.0337543563683367,0.3826492950103123,0.6826061441825192,0.46838953148589596,0.21938875320557713,0.6127003776010158
current_velocity/H,short,top_k_15,top_k_15,132.7159914476797,10.624779981095344,1.1568528260104358,measured_candidate_query_loop_precomputed_vanilla_fallback_separate_retrieval,0.0,3528.0,0.0,6.461370440161211,510.07184916761184,22.584770292558034,0.0,3528.0,3528.0,3528.0,0.802056788563212,3.5449709599017343,1.8828093264857528,0.0,3528.0,3528.0,3528.0,0.9949691144053853,5.471406901540575,2.3391038671979865,0.0,3528.0,3528.0,3528.0,2067307677532.8975,1.2620662323346922e+27,35525571527206.88,0.0,3528.0,3528.0,3528.0,0.4434574202897295,0.2732901848135714,0.522771637346147,0.0,3528.0,3528.0,3528.0,0.7055286101157905,0.23438494425802842,0.48413318855251847,0.0,3528.0,3528.0,3528.0,0.33415634325323823,0.17749143523674266,0.4212973240322595,0.0,3528.0,3528.0,3528.0,0.33415634325323823,0.17749143523674266,0.4212973240322595,0.0,3528.0,3528.0,3528.0,1.0337543563683367,0.3826492950103123,0.6824915472127924,0.4683251737417754,0.21932846836026412,0.612532016429592
current_velocity/H,short,selected_task,selected_task,,,,assembled_from_candidate_artifacts_no_independent_selected_method_latency,0.0,3528.0,0.0,6.378177282853337,524.0849078915189,22.89290081862757,0.0,3528.0,3528.0,3528.0,0.7897257039591482,3.484929531738347,1.8667965962413653,0.0,3528.0,3528.0,3528.0,0.9825782014256347,5.412717360936501,2.32652473894788,0.0,3528.0,3528.0,3528.0,1942717043317.3062,1.2033364658512388e+27,34689140459965.836,0.0,3528.0,3528.0,3528.0,0.4298930996504875,0.2632369009125923,0.513066175958416,0.0,3528.0,3528.0,3528.0,0.6887221845341432,0.21896839787042097,0.4679405922448073,0.0,3528.0,3528.0,3528.0,0.32679163646041426,0.17397270970422873,0.4171003592712775,0.0,3528.0,3528.0,3528.0,0.32679163646041426,0.17397270970422873,0.4171003592712775,0.0,3528.0,3528.0,3528.0,1.0337543563683367,0.3826492950103123,0.6662338884391069,0.4526613013643983,0.20490225375291063,0.5722430453308945
current_velocity/H,short,selected_per_variate,selected_per_variate,,,,assembled_from_candidate_artifacts_no_independent_selected_method_latency,0.0,3528.0,0.0,6.440351184013309,537.0442151775878,23.174214445749566,0.0,3528.0,3528.0,3528.0,0.7921610958478985,3.5119762332286997,1.8740267429331685,0.0,3528.0,3528.0,3528.0,0.9865871294055051,5.466997020104714,2.338161033826523,0.0,3528.0,3528.0,3528.0,1755849532157.1074,1.0494151997512361e+27,32394678571506.71,0.0,3528.0,3528.0,3528.0,0.4338381721745246,0.26633943310983693,0.5160808397042433,0.0,3528.0,3528.0,3528.0,0.6925703193938618,0.22900998966347857,0.4785498821058036,0.0,3528.0,3528.0,3528.0,0.3287738225149301,0.17382620876288163,0.41692470394890446,0.0,3528.0,3528.0,3528.0,0.3287738225149301,0.17382620876288163,0.41692470394890446,0.0,3528.0,3528.0,3528.0,1.0337543563683367,0.3826492950103123,0.6699563732209244,0.4629241745466383,0.21429879137968647,0.5984853301697755
current_velocity/H,medium,vanilla_univariate,vanilla_univariate,1.0949427550658584,0.0,0.0,measured_candidate_query_loop_precomputed_vanilla_fallback_separate_retrieval,0.0,504.0,0.0,10.956829718198133,1002.9430063157797,31.66927543086169,0.0,504.0,504.0,504.0,1.1121571359114966,5.868932148941252,2.4225879032433997,0.0,504.0,504.0,504.0,1.390382358884792,9.023666614300094,3.0039418460250014,0.0,504.0,504.0,504.0,2525140945340.7817,3.3156100921583545e+26,18208816798898.15,0.0,504.0,504.0,504.0,0.5614585241412083,0.34613357045447,0.5883311741310926,0.0,504.0,504.0,504.0,1.1527019569841095,0.9292738310170483,0.9639885014962826,0.0,504.0,504.0,504.0,0.4015593921255154,0.17581761350792766,0.41930610955235037,0.0,504.0,504.0,504.0,0.4015593921255154,0.17581761350792766,0.41930610955235037,0.0,504.0,504.0,504.0,1.8436548434542293,1.2185305146164476,0.625226549902602,0.5228682065511655,0.27339116142203224,0.762618432505609
current_velocity/H,medium,vanilla_multivariate,vanilla_multivariate,1.3686391273513436,0.0,0.0,measured_candidate_query_loop_precomputed_vanilla_fallback_separate_retrieval,0.0,504.0,0.0,11.022442554227133,1020.160438862671,31.93995051440548,0.0,504.0,504.0,504.0,1.1160564499865466,5.974140225648383,2.444205438511334,0.0,504.0,504.0,504.0,1.3897577726440506,9.091015887602579,3.015131155953681,0.0,504.0,504.0,504.0,2718915845659.2534,4.181152767387943e+26,20447867290717.492,0.0,504.0,504.0,504.0,0.5526086304559101,0.34048061184455747,0.5835071652041279,0.0,504.0,504.0,504.0,1.1473699362613143,0.8415993018442749,0.9173872147813457,0.0,504.0,504.0,504.0,0.40209237573385564,0.18309448036101436,0.42789540820276906,0.0,504.0,504.0,504.0,0.40209237573385564,0.18309448036101436,0.42789540820276906,0.0,504.0,504.0,504.0,1.8436548434542293,1.2185305146164476,0.6223344571978714,0.4975916278681264,0.24759742812445198,0.6906673995843117
current_velocity/H,medium,self_augmentation,self_augmentation,3.2525911959819496,0.0,0.0,measured_candidate_query_loop_precomputed_vanilla_fallback_separate_retrieval,0.0,504.0,0.0,10.752746290380736,970.4722295493901,31.152403270845575,0.0,504.0,504.0,504.0,1.104280166746272,5.795123158190689,2.4073062036622366,0.0,504.0,504.0,504.0,1.376858853052677,8.857005989151203,2.976072241924111,0.0,504.0,504.0,504.0,2723009376810.4927,4.443471112236885e+26,21079542481365.4,0.0,504.0,504.0,504.0,0.552686179167568,0.3392158779829935,0.5824224222872892,0.0,504.0,504.0,504.0,1.1469966241375484,0.9090191558052002,0.9534249607626183,0.0,504.0,504.0,504.0,0.39835133705879483,0.17606876446922318,0.41960548670057113,0.0,504.0,504.0,504.0,0.39835133705879483,0.17606876446922318,0.41960548670057113,0.0,504.0,504.0,504.0,1.8436548434542293,1.2185305146164476,0.6221319723753509,0.5171385328157755,0.26743226212285287,0.7459962183149175
current_velocity/H,medium,top_k_1,top_k_1,2.409390666987747,1.537227587774396,1.1129191303625703,measured_candidate_query_loop_precomputed_vanilla_fallback_separate_retrieval,0.0,504.0,0.0,11.017491366776731,1037.8981322135116,32.21642643456148,0.0,504.0,504.0,504.0,1.1144240788461324,5.955133420898371,2.4403142053633937,0.0,504.0,504.0,504.0,1.3904755861603972,9.084069011068632,3.013978933414869,0.0,504.0,504.0,504.0,2931905035742.09,5.51204821590921e+26,23477751629807.336,0.0,504.0,504.0,504.0,0.5612149599844981,0.3446294429722633,0.5870514823865649,0.0,504.0,504.0,504.0,1.1672255101723232,0.9282829032668937,0.963474391598912,0.0,504.0,504.0,504.0,0.4095586401242058,0.1868625770237021,0.43227604262057145,0.0,504.0,504.0,504.0,0.4095586401242058,0.1868625770237021,0.43227604262057145,0.0,504.0,504.0,504.0,1.8436548434542293,1.2185305146164476,0.6331041378577329,0.5225893528930657,0.27309963175719315,0.7618052171299837
current_velocity/H,medium,top_k_5,top_k_5,7.621678779833019,1.537227587774396,1.1129191303625703,measured_candidate_query_loop_precomputed_vanilla_fallback_separate_retrieval,0.0,504.0,0.0,11.068804587496274,983.7403323245655,31.36463505804851,0.0,504.0,504.0,504.0,1.1219477019483821,5.8928342502078666,2.427516065901082,0.0,504.0,504.0,504.0,1.4024279267698774,9.102000497712217,3.0169521868455615,0.0,504.0,504.0,504.0,2831246735102.53,4.133519864086147e+26,20331059647952.8,0.0,504.0,504.0,504.0,0.5657828762798344,0.3496973032449685,0.5913520975230988,0.0,504.0,504.0,504.0,1.1590571139270396,0.8981150957303308,0.9476893455823647,0.0,504.0,504.0,504.0,0.40633619482353456,0.1825733016917979,0.42728597179383027,0.0,504.0,504.0,504.0,0.40633619482353456,0.1825733016917979,0.42728597179383027,0.0,504.0,504.0,504.0,1.8436548434542293,1.2185305146164476,0.6286735925882183,0.5140275301242373,0.26422430172562367,0.7370476856814925
current_velocity/H,medium,top_k_10,top_k_10,14.000064000952989,1.537227587774396,1.1129191303625703,measured_candidate_query_loop_precomputed_vanilla_fallback_separate_retrieval,0.0,504.0,0.0,11.246024584135096,982.8098602500343,31.349798408443302,0.0,504.0,504.0,504.0,1.140064363292362,6.072735396236728,2.4642920679653066,0.0,504.0,504.0,504.0,1.416906108908874,9.23840166267181,3.0394739121551626,0.0,504.0,504.0,504.0,2500323995827.721,3.250683393250035e+26,18029651669541.582,0.0,504.0,504.0,504.0,0.5677398777017822,0.3524498962857103,0.5936749079131695,0.0,504.0,504.0,504.0,1.1676952310254132,0.9151987227877671,0.9566601919113009,0.0,504.0,504.0,504.0,0.40536690671287373,0.18157265381486914,0.4261134283437558,0.0,504.0,504.0,504.0,0.40536690671287373,0.18157265381486914,0.4261134283437558,0.0,504.0,504.0,504.0,1.8436548434542293,1.2185305146164476,0.6333589148593813,0.5188933250211436,0.26925028275149815,0.7510675455475491
current_velocity/H,medium,top_k_15,top_k_15,19.971503514796495,1.537227587774396,1.1129191303625703,measured_candidate_query_loop_precomputed_vanilla_fallback_separate_retrieval,0.0,504.0,0.0,11.122241174962655,973.0244907331441,31.193340486923553,0.0,504.0,504.0,504.0,1.1364410262570797,6.004704197851132,2.450449795007262,0.0,504.0,504.0,504.0,1.4103974604473233,9.133020178526396,3.02208871122712,0.0,504.0,504.0,504.0,2842255766894.7354,4.3393775561194646e+26,20831172689312.2,0.0,504.0,504.0,504.0,0.5685739659802527,0.353731130082418,0.5947529992210363,0.0,504.0,504.0,504.0,1.1758585937731363,0.9602526530949301,0.9799248201239369,0.0,504.0,504.0,504.0,0.4058170184045587,0.18146102712522397,0.42598242584081325,0.0,504.0,504.0,504.0,0.4058170184045587,0.18146102712522397,0.42598242584081325,0.0,504.0,504.0,504.0,1.8436548434542293,1.2185305146164476,0.6377867299554154,0.5315120797165983,0.2825050908846636,0.7880415316453403
current_velocity/H,medium,selected_task,selected_task,,,,assembled_from_candidate_artifacts_no_independent_selected_method_latency,0.0,504.0,0.0,10.752746290380736,970.4722295493901,31.152403270845575,0.0,504.0,504.0,504.0,1.104280166746272,5.795123158190689,2.4073062036622366,0.0,504.0,504.0,504.0,1.376858853052677,8.857005989151203,2.976072241924111,0.0,504.0,504.0,504.0,2723009376810.4927,4.443471112236885e+26,21079542481365.4,0.0,504.0,504.0,504.0,0.552686179167568,0.3392158779829935,0.5824224222872892,0.0,504.0,504.0,504.0,1.1469966241375484,0.9090191558052002,0.9534249607626183,0.0,504.0,504.0,504.0,0.39835133705879483,0.17606876446922318,0.41960548670057113,0.0,504.0,504.0,504.0,0.39835133705879483,0.17606876446922318,0.41960548670057113,0.0,504.0,504.0,504.0,1.8436548434542293,1.2185305146164476,0.6221319723753509,0.5171385328157755,0.26743226212285287,0.7459962183149175
current_velocity/H,medium,selected_per_variate,selected_per_variate,,,,assembled_from_candidate_artifacts_no_independent_selected_method_latency,0.0,504.0,0.0,10.645282107220151,919.329788662057,30.320451656630333,0.0,504.0,504.0,504.0,1.0919594402145445,5.582718406918542,2.3627776888481367,0.0,504.0,504.0,504.0,1.373468646477883,8.758865984362364,2.9595381370008336,0.0,504.0,504.0,504.0,2507602699208.7603,3.4523575341374176e+26,18580520805772.418,0.0,504.0,504.0,504.0,0.554933466457067,0.34349287266628364,0.5860826500300821,0.0,504.0,504.0,504.0,1.1447433468940331,0.975246324862141,0.9875456064719953,0.0,504.0,504.0,504.0,0.39829064838479317,0.17630868066269853,0.4198912724297786,0.0,504.0,504.0,504.0,0.39829064838479317,0.17630868066269853,0.4198912724297786,0.0,504.0,504.0,504.0,1.8436548434542293,1.2185305146164476,0.620909792827202,0.5356456008987847,0.28691620976222004,0.8003462475202073
current_velocity/H,long,vanilla_univariate,vanilla_univariate,0.5988340876065195,0.0,0.0,measured_candidate_query_loop_precomputed_vanilla_fallback_separate_retrieval,0.0,252.0,0.0,11.70617098490503,944.7475566508399,30.73674603224681,0.0,252.0,252.0,252.0,1.1858292802811696,6.04278160686227,2.4582069902394856,0.0,252.0,252.0,252.0,1.493321314526086,9.476162436487112,3.07833760924417,0.0,252.0,252.0,252.0,2265187324714.3076,1.213997762066056e+26,11018156661012.113,0.0,252.0,252.0,252.0,0.6040750138151626,0.37359461500255736,0.611223866519099,0.0,252.0,252.0,252.0,1.3405691348227926,1.602932343341078,1.2660696439537116,0.0,252.0,252.0,252.0,0.4294313937580587,0.18539258316668444,0.4305723901583617,0.0,252.0,252.0,252.0,0.4294313937580587,0.18539258316668444,0.4305723901583617,0.0,252.0,252.0,252.0,1.97807318941371,1.9703509296939952,0.677714627546279,0.640051971145197,0.40966652576685203,0.8135263212173178
current_velocity/H,long,vanilla_multivariate,vanilla_multivariate,0.7407830990850925,0.0,0.0,measured_candidate_query_loop_precomputed_vanilla_fallback_separate_retrieval,0.0,252.0,0.0,11.888830194764111,1028.374854166073,32.068284241070224,0.0,252.0,252.0,252.0,1.1925651806496371,6.202079897215523,2.490397537987765,0.0,252.0,252.0,252.0,1.499007037745023,9.641808095555003,3.105126099783228,0.0,252.0,252.0,252.0,2064172518976.4412,9.40159396844866e+25,9696181706449.535,0.0,252.0,252.0,252.0,0.5931769581089958,0.36311837236474936,0.6025930404217671,0.0,252.0,252.0,252.0,1.3531326118213223,1.4643528376269095,1.2101044738479854,0.0,252.0,252.0,252.0,0.42925467474675005,0.19036816319656832,0.43631200212298576,0.0,252.0,252.0,252.0,0.42925467474675005,0.19036816319656832,0.43631200212298576,0.0,252.0,252.0,252.0,1.97807318941371,1.9703509296939952,0.6840659987016877,0.6117592009862151,0.3742493199912923,0.743193923254235
current_velocity/H,long,self_augmentation,self_augmentation,1.8264515339396894,0.0,0.0,measured_candidate_query_loop_precomputed_vanilla_fallback_separate_retrieval,0.0,252.0,0.0,11.376438826295608,881.4464088666656,29.689163155378186,0.0,252.0,252.0,252.0,1.1716347552891524,5.867290842588453,2.422249128927174,0.0,252.0,252.0,252.0,1.4755819879800125,9.19909662304456,3.0330012566836433,0.0,252.0,252.0,252.0,2299301375848.7856,1.2475132112291915e+26,11169213093272.021,0.0,252.0,252.0,252.0,0.592580581860122,0.3654062731085237,0.6044884391851706,0.0,252.0,252.0,252.0,1.3287580387881925,1.472952318510502,1.2136524702362295,0.0,252.0,252.0,252.0,0.42200775435045507,0.18381929902136637,0.42874152938730625,0.0,252.0,252.0,252.0,0.42200775435045507,0.18381929902136637,0.42874152938730625,0.0,252.0,252.0,252.0,1.97807318941371,1.9703509296939952,0.6717436169194675,0.6135528638330867,0.37644711671778225,0.7475583645088332
current_velocity/H,long,top_k_1,top_k_1,1.3345882236026227,0.7755588949657977,1.5197636731900275,measured_candidate_query_loop_precomputed_vanilla_fallback_separate_retrieval,0.0,252.0,0.0,11.820285411069593,909.4720046546128,30.15745355056711,0.0,252.0,252.0,252.0,1.1928861027655986,6.056723039358321,2.461041047881632,0.0,252.0,252.0,252.0,1.5021920022781994,9.563704599361007,3.0925239852523387,0.0,252.0,252.0,252.0,2404434932789.5244,1.3571158961325731e+26,11649531733647.379,0.0,252.0,252.0,252.0,0.5878904789479842,0.35687843756805987,0.5973930344154172,0.0,252.0,252.0,252.0,1.3468221057932923,2.5896534933705926,1.6092400359705796,0.0,252.0,252.0,252.0,0.43450097746453936,0.19982954469140954,0.4470229800484641,0.0,252.0,252.0,252.0,0.43450097746453936,0.19982954469140954,0.4470229800484641,0.0,252.0,252.0,252.0,1.97807318941371,1.9703509296939952,0.6808757699165231,0.8135391777124028,0.6618459936729726,1.314310793241678
current_velocity/H,long,top_k_5,top_k_5,4.106972829904407,0.7755588949657977,1.5197636731900275,measured_candidate_query_loop_precomputed_vanilla_fallback_separate_retrieval,0.0,252.0,0.0,12.748679949200186,1186.3317152123366,34.44316645159583,0.0,252.0,252.0,252.0,1.2382203865644836,6.8763550738971695,2.6222805101470685,0.0,252.0,252.0,252.0,1.5403085537046182,10.376129508584574,3.2212000106458114,0.0,252.0,252.0,252.0,1935343663068.8005,9.910437580124573e+25,9955118070683.326,0.0,252.0,252.0,252.0,0.5832438386625097,0.35549376553843653,0.5962329792442184,0.0,252.0,252.0,252.0,1.3515946778232206,2.214670925028833,1.4881770476085274,0.0,252.0,252.0,252.0,0.4273969316737513,0.19176319623445756,0.4379077485435232,0.0,252.0,252.0,252.0,0.4273969316737513,0.19176319623445756,0.4379077485435232,0.0,252.0,252.0,252.0,1.97807318941371,1.9703509296939952,0.6832885077542686,0.752336695918524,0.5660105040256017,1.1239982135429967
current_velocity/H,long,top_k_10,top_k_10,7.376856550108641,0.7755588949657977,1.5197636731900275,measured_candidate_query_loop_precomputed_vanilla_fallback_separate_retrieval,0.0,252.0,0.0,12.406800985051579,1078.417639322852,32.839269774507045,0.0,252.0,252.0,252.0,1.221665704589803,6.565109514476028,2.562246965941423,0.0,252.0,252.0,252.0,1.5256526559183239,10.079184958540942,3.1747732137179407,0.0,252.0,252.0,252.0,2192485908525.4116,1.0882928192279238e+26,10432127391994.041,0.0,252.0,252.0,252.0,0.5878448123765062,0.36081192885890995,0.6006762263140685,0.0,252.0,252.0,252.0,1.348296408235091,2.0918340957557184,1.4463174256558338,0.0,252.0,252.0,252.0,0.426668536489156,0.1892402923992839,0.4350175771153206,0.0,252.0,252.0,252.0,0.426668536489156,0.1892402923992839,0.4350175771153206,0.0,252.0,252.0,252.0,1.97807318941371,1.9703509296939952,0.6816210924099925,0.7311748793706234,0.5346167042226457,1.061655598619983
current_velocity/H,long,top_k_15,top_k_15,10.46223406214267,0.7755588949657977,1.5197636731900275,measured_candidate_query_loop_precomputed_vanilla_fallback_separate_retrieval,0.0,252.0,0.0,12.63802463942351,1210.2105508378856,34.78808058571047,0.0,252.0,252.0,252.0,1.2297743123697422,6.748260860470927,2.5977414922333835,0.0,252.0,252.0,252.0,1.5331788604477976,10.287387221299502,3.207395707002724,0.0,252.0,252.0,252.0,2183378600696.2856,1.2550322553902108e+26,11202822213130.988,0.0,252.0,252.0,252.0,0.5878729581672578,0.3625208821281811,0.6020970703534283,0.0,252.0,252.0,252.0,1.3596177342717177,2.0052327063126536,1.4160623949221494,0.0,252.0,252.0,252.0,0.4278517106057278,0.19087496013577024,0.4368923896519259,0.0,252.0,252.0,252.0,0.4278517106057278,0.19087496013577024,0.4368923896519259,0.0,252.0,252.0,252.0,1.97807318941371,1.9703509296939952,0.6873445035037864,0.7158796764956217,0.5124837112194761,1.0177033319765407
current_velocity/H,long,selected_task,selected_task,,,,assembled_from_candidate_artifacts_no_independent_selected_method_latency,0.0,252.0,0.0,11.70617098490503,944.7475566508399,30.73674603224681,0.0,252.0,252.0,252.0,1.1858292802811696,6.04278160686227,2.4582069902394856,0.0,252.0,252.0,252.0,1.493321314526086,9.476162436487112,3.07833760924417,0.0,252.0,252.0,252.0,2265187324714.3076,1.213997762066056e+26,11018156661012.113,0.0,252.0,252.0,252.0,0.6040750138151626,0.37359461500255736,0.611223866519099,0.0,252.0,252.0,252.0,1.3405691348227926,1.602932343341078,1.2660696439537116,0.0,252.0,252.0,252.0,0.4294313937580587,0.18539258316668444,0.4305723901583617,0.0,252.0,252.0,252.0,0.4294313937580587,0.18539258316668444,0.4305723901583617,0.0,252.0,252.0,252.0,1.97807318941371,1.9703509296939952,0.677714627546279,0.640051971145197,0.40966652576685203,0.8135263212173178
current_velocity/H,long,selected_per_variate,selected_per_variate,,,,assembled_from_candidate_artifacts_no_independent_selected_method_latency,0.0,252.0,0.0,12.146763880476744,993.0580538098542,31.512823640699896,0.0,252.0,252.0,252.0,1.2125101618834189,6.400071861435547,2.5298363309581013,0.0,252.0,252.0,252.0,1.5142893845747698,9.853691540240908,3.1390590214650165,0.0,252.0,252.0,252.0,2117443922987.6855,1.1386029085149045e+26,10670533766006.762,0.0,252.0,252.0,252.0,0.5883229971310525,0.3596036646145014,0.5996696295582271,0.0,252.0,252.0,252.0,1.317084337087684,1.5486262883050406,1.2444381416145363,0.0,252.0,252.0,252.0,0.4251636605784336,0.1868677816865498,0.43228206264723706,0.0,252.0,252.0,252.0,0.4251636605784336,0.1868677816865498,0.43228206264723706,0.0,252.0,252.0,252.0,1.97807318941371,1.9703509296939952,0.6658420649632587,0.629116328088639,0.39578735426773215,0.7859647055591004
CPHL/15T,short,vanilla_univariate,vanilla_univariate,1.0537029802799225,0.0,0.0,measured_candidate_query_loop_precomputed_vanilla_fallback_separate_retrieval,0.0,240.0,0.0,0.06383973072371144,0.04183820496401417,0.20454389495659403,0.0,240.0,240.0,240.0,0.13782809829207684,0.028995421156403897,0.17028041918084386,0.0,240.0,240.0,240.0,0.1612417815518271,0.03784081860570431,0.1945271667549402,0.0,240.0,240.0,240.0,0.19451171113606952,0.06424785046648711,0.2534715969620405,0.0,240.0,240.0,240.0,0.17760429648500187,0.0235805460590893,0.15355958471905717,0.0,240.0,240.0,240.0,0.6512084034917712,0.48973057287056093,0.6998075255886871,0.0,240.0,240.0,240.0,0.18592466527239743,0.039756793293631056,0.19939105620270697,0.0,240.0,240.0,240.0,0.18592466527239743,0.039756793293631056,0.19939105620270697,0.0,240.0,240.0,240.0,1.3686982871636935,1.2103073573379792,0.47578667234343375,0.5112942217812475,0.2614217812268915,0.404633227998963
CPHL/15T,short,vanilla_multivariate,vanilla_multivariate,1.0573597280308604,0.0,0.0,measured_candidate_query_loop_precomputed_vanilla_fallback_separate_retrieval,0.0,240.0,0.0,0.06383973072371144,0.04183820496401417,0.20454389495659403,0.0,240.0,240.0,240.0,0.13782809829207684,0.028995421156403897,0.17028041918084386,0.0,240.0,240.0,240.0,0.1612417815518271,0.03784081860570431,0.1945271667549402,0.0,240.0,240.0,240.0,0.19451171113606952,0.06424785046648711,0.2534715969620405,0.0,240.0,240.0,240.0,0.17760429648500187,0.0235805460590893,0.15355958471905717,0.0,240.0,240.0,240.0,0.6512084034917712,0.48973057287056093,0.6998075255886871,0.0,240.0,240.0,240.0,0.18592466527239743,0.039756793293631056,0.19939105620270697,0.0,240.0,240.0,240.0,0.18592466527239743,0.039756793293631056,0.19939105620270697,0.0,240.0,240.0,240.0,1.3686982871636935,1.2103073573379792,0.47578667234343375,0.5112942217812475,0.2614217812268915,0.404633227998963
CPHL/15T,short,self_augmentation,self_augmentation,3.350983188021928,0.0,0.0,measured_candidate_query_loop_precomputed_vanilla_fallback_separate_retrieval,0.0,240.0,0.0,0.06353628255303387,0.04019760069821069,0.20049339315351689,0.0,240.0,240.0,240.0,0.13812064530346732,0.028766114906205606,0.16960576318688467,0.0,240.0,240.0,240.0,0.16125103345362274,0.03753438676317251,0.19373793320661936,0.0,240.0,240.0,240.0,0.19603372481673204,0.0631441029696054,0.2512849039827212,0.0,240.0,240.0,240.0,0.17938910854905052,0.02494613242612627,0.15794344692365767,0.0,240.0,240.0,240.0,0.6532361139071211,0.4886722363500906,0.6990509540441888,0.0,240.0,240.0,240.0,0.18729840948116022,0.040889666417644924,0.20221193440953214,0.0,240.0,240.0,240.0,0.18729840948116022,0.040889666417644924,0.20221193440953214,0.0,240.0,240.0,240.0,1.3686982871636935,1.2103073573379792,0.4772681605825634,0.5107414545632318,0.26085683340936583,0.40375879183689745
CPHL/15T,short,top_k_1,top_k_1,2.1984991189092398,0.05431409412994981,0.07068782998248935,measured_candidate_query_loop_precomputed_vanilla_fallback_separate_retrieval,0.0,240.0,0.0,0.06272293727773746,0.039004577096948684,0.19749576475699088,0.0,240.0,240.0,240.0,0.1367376385360128,0.027938122069591557,0.16714700736056137,0.0,240.0,240.0,240.0,0.1604381378452694,0.036982541202479804,0.19230845327878804,0.0,240.0,240.0,240.0,0.19417536512711725,0.06411896357292626,0.25321722605882535,0.0,240.0,240.0,240.0,0.17597373846223155,0.02344712459533266,0.15312453949427132,0.0,240.0,240.0,240.0,0.6481585134181014,0.47661191371313316,0.6903708523055802,0.0,240.0,240.0,240.0,0.1856647525304827,0.04160099301842351,0.203963214865876,0.0,240.0,240.0,240.0,0.1856647525304827,0.04160099301842351,0.203963214865876,0.0,240.0,240.0,240.0,1.3686982871636935,1.2103073573379792,0.4735583579645285,0.5043995881197543,0.2544189444953778,0.39379411421692195
CPHL/15T,short,top_k_5,top_k_5,6.912270888220519,0.05431409412994981,0.07068782998248935,measured_candidate_query_loop_precomputed_vanilla_fallback_separate_retrieval,0.0,240.0,0.0,0.06389248678073574,0.04462304595137915,0.2112416766440258,0.0,240.0,240.0,240.0,0.13806362627732632,0.028462372552501652,0.16870795047211512,0.0,240.0,240.0,240.0,0.16195029619769183,0.03766458834221561,0.1940736673075861,0.0,240.0,240.0,240.0,0.19802366301854515,0.07018270047641378,0.2649201775562099,0.0,240.0,240.0,240.0,0.1777831036887161,0.023651636712351935,0.1537908863110943,0.0,240.0,240.0,240.0,0.6553418783184217,0.48869945249884084,0.6990704202716925,0.0,240.0,240.0,240.0,0.1888921281318061,0.04523806791230851,0.2126924256110417,0.0,240.0,240.0,240.0,0.1888921281318061,0.04523806791230851,0.2126924256110417,0.0,240.0,240.0,240.0,1.3686982871636935,1.2103073573379792,0.47880667672673444,0.5107556770019434,0.2608713615897135,0.40378127880980164
CPHL/15T,short,top_k_10,top_k_10,13.072254861239344,0.05431409412994981,0.07068782998248935,measured_candidate_query_loop_precomputed_vanilla_fallback_separate_retrieval,0.0,240.0,0.0,0.06519297344388057,0.05059301195187838,0.2249289042161509,0.0,240.0,240.0,240.0,0.1385642712540699,0.02899798322455321,0.17028794209970713,0.0,240.0,240.0,240.0,0.1624651363289141,0.03879805292150794,0.19697221357721484,0.0,240.0,240.0,240.0,0.1973032968527143,0.06463809652178527,0.2542402338769088,0.0,240.0,240.0,240.0,0.17849802132962356,0.02296865801690002,0.15155414219644417,0.0,240.0,240.0,240.0,0.656767484989924,0.4943488192102508,0.703099437640403,0.0,240.0,240.0,240.0,0.18843496992215894,0.04060425428124877,0.2015049733412274,0.0,240.0,240.0,240.0,0.18843496992215894,0.04060425428124877,0.2015049733412274,0.0,240.0,240.0,240.0,1.3686982871636935,1.2103073573379792,0.4798482551994134,0.5136993625508306,0.2638870350851296,0.40844899125256123
CPHL/15T,short,top_k_15,top_k_15,18.92551239579916,0.05431409412994981,0.07068782998248935,measured_candidate_query_loop_precomputed_vanilla_fallback_separate_retrieval,0.0,240.0,0.0,0.06498263106099371,0.05255553283123746,0.22924993529167562,0.0,240.0,240.0,240.0,0.13784598489433078,0.02917325793785031,0.17080180894197317,0.0,240.0,240.0,240.0,0.1616405761345918,0.038854955207870925,0.19711660307511117,0.0,240.0,240.0,240.0,0.19682892910660613,0.06465157101357938,0.25426673202284916,0.0,240.0,240.0,240.0,0.17786203868785808,0.02304955776095605,0.15182080806317708,0.0,240.0,240.0,240.0,0.6536608415264098,0.4980504642455776,0.705726904861631,0.0,240.0,240.0,240.0,0.18774413576769503,0.04032349018394846,0.20080709694616986,0.0,240.0,240.0,240.0,0.18774413576769503,0.04032349018394846,0.20080709694616986,0.0,240.0,240.0,240.0,1.3686982871636935,1.2103073573379792,0.47757847559009425,0.5156190458337496,0.26586300042650635,0.41150742513952726
CPHL/15T,short,selected_task,selected_task,,,,assembled_from_candidate_artifacts_no_independent_selected_method_latency,0.0,240.0,0.0,0.06383973072371144,0.04183820496401417,0.20454389495659403,0.0,240.0,240.0,240.0,0.13782809829207684,0.028995421156403897,0.17028041918084386,0.0,240.0,240.0,240.0,0.1612417815518271,0.03784081860570431,0.1945271667549402,0.0,240.0,240.0,240.0,0.19451171113606952,0.06424785046648711,0.2534715969620405,0.0,240.0,240.0,240.0,0.17760429648500187,0.0235805460590893,0.15355958471905717,0.0,240.0,240.0,240.0,0.6512084034917712,0.48973057287056093,0.6998075255886871,0.0,240.0,240.0,240.0,0.18592466527239743,0.039756793293631056,0.19939105620270697,0.0,240.0,240.0,240.0,0.18592466527239743,0.039756793293631056,0.19939105620270697,0.0,240.0,240.0,240.0,1.3686982871636935,1.2103073573379792,0.47578667234343375,0.5112942217812475,0.2614217812268915,0.404633227998963
CPHL/15T,short,selected_per_variate,selected_per_variate,,,,assembled_from_candidate_artifacts_no_independent_selected_method_latency,0.0,240.0,0.0,0.06383973072371144,0.04183820496401417,0.20454389495659403,0.0,240.0,240.0,240.0,0.13782809829207684,0.028995421156403897,0.17028041918084386,0.0,240.0,240.0,240.0,0.1612417815518271,0.03784081860570431,0.1945271667549402,0.0,240.0,240.0,240.0,0.19451171113606952,0.06424785046648711,0.2534715969620405,0.0,240.0,240.0,240.0,0.17760429648500187,0.0235805460590893,0.15355958471905717,0.0,240.0,240.0,240.0,0.6512084034917712,0.48973057287056093,0.6998075255886871,0.0,240.0,240.0,240.0,0.18592466527239743,0.039756793293631056,0.19939105620270697,0.0,240.0,240.0,240.0,0.18592466527239743,0.039756793293631056,0.19939105620270697,0.0,240.0,240.0,240.0,1.3686982871636935,1.2103073573379792,0.47578667234343375,0.5112942217812475,0.2614217812268915,0.404633227998963
CPHL/15T,medium,vanilla_univariate,vanilla_univariate,0.12890606001019478,0.0,0.0,measured_candidate_query_loop_precomputed_vanilla_fallback_separate_retrieval,0.0,30.0,0.0,0.12381329163764764,0.043599554261845024,0.2088050628261801,0.0,30.0,30.0,30.0,0.2186489219016978,0.026554299824616965,0.16295490119851247,0.0,30.0,30.0,30.0,0.2766424426432396,0.047282250566029485,0.21744482188828845,0.0,30.0,30.0,30.0,0.3433816903417899,0.07983187645492187,0.28254535291687577,0.0,30.0,30.0,30.0,0.29421017632247354,0.021525629777824167,0.14671615377259645,0.0,30.0,30.0,30.0,1.0652255105006003,0.4463123483134693,0.668066125704237,0.0,30.0,30.0,30.0,0.2928304434763275,0.025895212909751223,0.1609198959412764,0.0,30.0,30.0,30.0,0.2928304434763275,0.025895212909751223,0.1609198959412764,0.0,30.0,30.0,30.0,1.37281934883039,0.6233469173388662,0.7759400473253437,0.48663804620281154,0.23681658801208974,0.7159935116368649
CPHL/15T,medium,vanilla_multivariate,vanilla_multivariate,0.13049655687063932,0.0,0.0,measured_candidate_query_loop_precomputed_vanilla_fallback_separate_retrieval,0.0,30.0,0.0,0.12381329163764764,0.043599554261845024,0.2088050628261801,0.0,30.0,30.0,30.0,0.2186489219016978,0.026554299824616965,0.16295490119851247,0.0,30.0,30.0,30.0,0.2766424426432396,0.047282250566029485,0.21744482188828845,0.0,30.0,30.0,30.0,0.3433816903417899,0.07983187645492187,0.28254535291687577,0.0,30.0,30.0,30.0,0.29421017632247354,0.021525629777824167,0.14671615377259645,0.0,30.0,30.0,30.0,1.0652255105006003,0.4463123483134693,0.668066125704237,0.0,30.0,30.0,30.0,0.2928304434763275,0.025895212909751223,0.1609198959412764,0.0,30.0,30.0,30.0,0.2928304434763275,0.025895212909751223,0.1609198959412764,0.0,30.0,30.0,30.0,1.37281934883039,0.6233469173388662,0.7759400473253437,0.48663804620281154,0.23681658801208974,0.7159935116368649
CPHL/15T,medium,self_augmentation,self_augmentation,0.40139832301065326,0.0,0.0,measured_candidate_query_loop_precomputed_vanilla_fallback_separate_retrieval,0.0,30.0,0.0,0.14255011378430643,0.0663392191114621,0.25756400973634125,0.0,30.0,30.0,30.0,0.2345582226814147,0.03346810939725128,0.18294291294622836,0.0,30.0,30.0,30.0,0.29341275119290877,0.0564590712217146,0.23761117655050362,0.0,30.0,30.0,30.0,0.3751483028767218,0.10376332586857633,0.3221231532637422,0.0,30.0,30.0,30.0,0.3173572009125364,0.02587651356953182,0.160861784055542,0.0,30.0,30.0,30.0,1.1423023201501603,0.5433926676890403,0.7371517263691649,0.0,30.0,30.0,30.0,0.31205354979148475,0.027045665808390358,0.16445566517572557,0.0,30.0,30.0,30.0,0.31205354979148475,0.027045665808390358,0.16445566517572557,0.0,30.0,30.0,30.0,1.37281934883039,0.6233469173388662,0.8320849506698571,0.5369619294754266,0.28832811370597305,0.8717339455352422
CPHL/15T,medium,top_k_1,top_k_1,0.269028308801353,0.013236815109848976,0.016017011366784573,measured_candidate_query_loop_precomputed_vanilla_fallback_separate_retrieval,0.0,30.0,0.0,0.10953235015449511,0.02819881504694806,0.16792502805403386,0.0,30.0,30.0,30.0,0.20903870971350555,0.021680043278964844,0.1472414455204948,0.0,30.0,30.0,30.0,0.2664557879944925,0.03853366319872923,0.19629993173388835,0.0,30.0,30.0,30.0,0.338753253342001,0.07264522190882637,0.26952777576499676,0.0,30.0,30.0,30.0,0.2808495523638758,0.017530223577946768,0.13240175066043033,0.0,30.0,30.0,30.0,1.0205006574983344,0.35746864508283455,0.5978868162811708,0.0,30.0,30.0,30.0,0.2822259786900269,0.020934476475696455,0.14468751319895043,0.0,30.0,30.0,30.0,0.2822259786900269,0.020934476475696455,0.14468751319895043,0.0,30.0,30.0,30.0,1.37281934883039,0.6233469173388662,0.7433612138172274,0.43551747488885295,0.1896754709335627,0.5734666124746489
CPHL/15T,medium,top_k_5,top_k_5,0.858405842911452,0.013236815109848976,0.016017011366784573,measured_candidate_query_loop_precomputed_vanilla_fallback_separate_retrieval,0.0,30.0,0.0,0.11647136980793923,0.04419707610172051,0.21023100651835472,0.0,30.0,30.0,30.0,0.2095557896468287,0.026827367266612813,0.16379062020339508,0.0,30.0,30.0,30.0,0.2657647053652193,0.045840491190077416,0.21410392614353763,0.0,30.0,30.0,30.0,0.3358070811648472,0.08015247195231558,0.28311211904882416,0.0,30.0,30.0,30.0,0.2776321393900871,0.021311557325854835,0.14598478456967642,0.0,30.0,30.0,30.0,1.0253697513150974,0.4779290765518784,0.6913241472362139,0.0,30.0,30.0,30.0,0.2785359087330107,0.025945101432427033,0.16107483177836018,0.0,30.0,30.0,30.0,0.2785359087330107,0.025945101432427033,0.16107483177836018,0.0,30.0,30.0,30.0,1.37281934883039,0.6233469173388662,0.7469079979013179,0.5035798394196629,0.25359265466993347,0.7667144302120047
CPHL/15T,medium,top_k_10,top_k_10,1.6386542450636625,0.013236815109848976,0.016017011366784573,measured_candidate_query_loop_precomputed_vanilla_fallback_separate_retrieval,0.0,30.0,0.0,0.1239174447481997,0.05376757720705631,0.2318783672683942,0.0,30.0,30.0,30.0,0.21551215023673767,0.030509093001010457,0.17466852321185536,0.0,30.0,30.0,30.0,0.270540912138933,0.050725059607233766,0.22522224492095305,0.0,30.0,30.0,30.0,0.34369644742951616,0.08440730043662034,0.29052934522457513,0.0,30.0,30.0,30.0,0.28605857108172084,0.02305408920418823,0.15183573098644546,0.0,30.0,30.0,30.0,1.0527205850125518,0.5380194252104098,0.7334980744421963,0.0,30.0,30.0,30.0,0.2842905718913354,0.026354563260952715,0.16234088598055857,0.0,30.0,30.0,30.0,0.2842905718913354,0.026354563260952715,0.16234088598055857,0.0,30.0,30.0,30.0,1.37281934883039,0.6233469173388662,0.7668311099413373,0.5343005072496388,0.28547703204722147,0.8631139582870989
CPHL/15T,medium,top_k_15,top_k_15,2.3673079889267683,0.013236815109848976,0.016017011366784573,measured_candidate_query_loop_precomputed_vanilla_fallback_separate_retrieval,0.0,30.0,0.0,0.11900549792774333,0.0491387369148842,0.2216725894531938,0.0,30.0,30.0,30.0,0.21295651122132497,0.02827129360105182,0.16814069585038544,0.0,30.0,30.0,30.0,0.2665579612509141,0.047952351221499524,0.2189802530400847,0.0,30.0,30.0,30.0,0.3389785579011447,0.08382739653063828,0.28952961252804227,0.0,30.0,30.0,30.0,0.2833687746565436,0.02064980860902522,0.14370041269608524,0.0,30.0,30.0,30.0,1.044198323520475,0.49531791978516715,0.703788263460799,0.0,30.0,30.0,30.0,0.28263126144721806,0.025009983547933372,0.15814545060776605,0.0,30.0,30.0,30.0,0.28263126144721806,0.025009983547933372,0.15814545060776605,0.0,30.0,30.0,30.0,1.37281934883039,0.6233469173388662,0.760623256373905,0.5126590501950677,0.262819301746909,0.7946103622357381
CPHL/15T,medium,selected_task,selected_task,,,,assembled_from_candidate_artifacts_no_independent_selected_method_latency,0.0,30.0,0.0,0.12381329163764764,0.043599554261845024,0.2088050628261801,0.0,30.0,30.0,30.0,0.2186489219016978,0.026554299824616965,0.16295490119851247,0.0,30.0,30.0,30.0,0.2766424426432396,0.047282250566029485,0.21744482188828845,0.0,30.0,30.0,30.0,0.3433816903417899,0.07983187645492187,0.28254535291687577,0.0,30.0,30.0,30.0,0.29421017632247354,0.021525629777824167,0.14671615377259645,0.0,30.0,30.0,30.0,1.0652255105006003,0.4463123483134693,0.668066125704237,0.0,30.0,30.0,30.0,0.2928304434763275,0.025895212909751223,0.1609198959412764,0.0,30.0,30.0,30.0,0.2928304434763275,0.025895212909751223,0.1609198959412764,0.0,30.0,30.0,30.0,1.37281934883039,0.6233469173388662,0.7759400473253437,0.48663804620281154,0.23681658801208974,0.7159935116368649
CPHL/15T,medium,selected_per_variate,selected_per_variate,,,,assembled_from_candidate_artifacts_no_independent_selected_method_latency,0.0,30.0,0.0,0.12381329163764764,0.043599554261845024,0.2088050628261801,0.0,30.0,30.0,30.0,0.2186489219016978,0.026554299824616965,0.16295490119851247,0.0,30.0,30.0,30.0,0.2766424426432396,0.047282250566029485,0.21744482188828845,0.0,30.0,30.0,30.0,0.3433816903417899,0.07983187645492187,0.28254535291687577,0.0,30.0,30.0,30.0,0.29421017632247354,0.021525629777824167,0.14671615377259645,0.0,30.0,30.0,30.0,1.0652255105006003,0.4463123483134693,0.668066125704237,0.0,30.0,30.0,30.0,0.2928304434763275,0.025895212909751223,0.1609198959412764,0.0,30.0,30.0,30.0,0.2928304434763275,0.025895212909751223,0.1609198959412764,0.0,30.0,30.0,30.0,1.37281934883039,0.6233469173388662,0.7759400473253437,0.48663804620281154,0.23681658801208974,0.7159935116368649
CPHL/15T,long,vanilla_univariate,vanilla_univariate,0.0461111250333488,0.0,0.0,measured_candidate_query_loop_precomputed_vanilla_fallback_separate_retrieval,0.0,10.0,0.0,0.1268142311361365,0.018094464913121618,0.1345156679094358,0.0,10.0,10.0,10.0,0.23033303058067314,0.013733871900939169,0.11719160337216643,0.0,10.0,10.0,10.0,0.30966390312410425,0.030922498238081873,0.17584794067057447,0.0,10.0,10.0,10.0,0.36756569197425054,0.02840280098530635,0.16853130565359764,0.0,10.0,10.0,10.0,0.3148897380482458,0.008588733741980548,0.09267542145564027,0.0,10.0,10.0,10.0,1.1569175338572653,0.18150598078269312,0.4260351872588614,0.0,10.0,10.0,10.0,0.31478368590267736,0.008814862461987167,0.09388749896544889,0.0,10.0,10.0,10.0,0.31478368590267736,0.008814862461987167,0.09388749896544889,0.0,10.0,10.0,10.0,1.556704626979664,0.9348312901421038,0.7431837188676761,0.27367760066690344,0.07489942910679308,0.19415907736154445
CPHL/15T,long,vanilla_multivariate,vanilla_multivariate,0.04644133988767862,0.0,0.0,measured_candidate_query_loop_precomputed_vanilla_fallback_separate_retrieval,0.0,10.0,0.0,0.1268142311361365,0.018094464913121618,0.1345156679094358,0.0,10.0,10.0,10.0,0.23033303058067314,0.013733871900939169,0.11719160337216643,0.0,10.0,10.0,10.0,0.30966390312410425,0.030922498238081873,0.17584794067057447,0.0,10.0,10.0,10.0,0.36756569197425054,0.02840280098530635,0.16853130565359764,0.0,10.0,10.0,10.0,0.3148897380482458,0.008588733741980548,0.09267542145564027,0.0,10.0,10.0,10.0,1.1569175338572653,0.18150598078269312,0.4260351872588614,0.0,10.0,10.0,10.0,0.31478368590267736,0.008814862461987167,0.09388749896544889,0.0,10.0,10.0,10.0,0.31478368590267736,0.008814862461987167,0.09388749896544889,0.0,10.0,10.0,10.0,1.556704626979664,0.9348312901421038,0.7431837188676761,0.27367760066690344,0.07489942910679308,0.19415907736154445
CPHL/15T,long,self_augmentation,self_augmentation,0.12985786981880665,0.0,0.0,measured_candidate_query_loop_precomputed_vanilla_fallback_separate_retrieval,0.0,10.0,0.0,0.15457639766302117,0.032035279994774686,0.17898402161862015,0.0,10.0,10.0,10.0,0.24544837709346465,0.021009998971605326,0.14494826308585188,0.0,10.0,10.0,10.0,0.33087608789474593,0.045097412122489536,0.21236151280891163,0.0,10.0,10.0,10.0,0.3964965791862509,0.06091219308789357,0.24680395679140474,0.0,10.0,10.0,10.0,0.32847448381227745,0.013164710466119754,0.11473757216413355,0.0,10.0,10.0,10.0,1.2130984218853258,0.2885806188840403,0.5371970019313588,0.0,10.0,10.0,10.0,0.3294838897660915,0.01406645181039703,0.11860207338152663,0.0,10.0,10.0,10.0,0.3294838897660915,0.01406645181039703,0.11860207338152663,0.0,10.0,10.0,10.0,1.556704626979664,0.9348312901421038,0.7792733450269195,0.3450860186454475,0.11908436026456616,0.30869807410936484
CPHL/15T,long,top_k_1,top_k_1,0.09282683860510588,0.01198010379448533,0.01744910515844822,measured_candidate_query_loop_precomputed_vanilla_fallback_separate_retrieval,0.0,10.0,0.0,0.12624820952609386,0.01765648513993027,0.13287770746039484,0.0,10.0,10.0,10.0,0.23422659478908203,0.015193331607475866,0.12326123318982277,0.0,10.0,10.0,10.0,0.3096563995519279,0.030361123742630614,0.17424443676235582,0.0,10.0,10.0,10.0,0.38548749506039764,0.032430749397248264,0.18008539473607588,0.0,10.0,10.0,10.0,0.3169734728744044,0.009568453448275466,0.09781847191750373,0.0,10.0,10.0,10.0,1.1724092850936276,0.20422815974312866,0.4519160981234555,0.0,10.0,10.0,10.0,0.3198905126904693,0.010208869657588656,0.10103895119006658,0.0,10.0,10.0,10.0,0.3198905126904693,0.010208869657588656,0.10103895119006658,0.0,10.0,10.0,10.0,1.556704626979664,0.9348312901421038,0.753135350646673,0.29030304804853585,0.08427585970627052,0.21846525880844653
CPHL/15T,long,top_k_5,top_k_5,0.26809427002444863,0.01198010379448533,0.01744910515844822,measured_candidate_query_loop_precomputed_vanilla_fallback_separate_retrieval,0.0,10.0,0.0,0.12769129175823907,0.018473734276484927,0.13591811607171772,0.0,10.0,10.0,10.0,0.23240551543396806,0.014681295966651686,0.1211663978446652,0.0,10.0,10.0,10.0,0.30983256806750087,0.03169507152293653,0.17803109706715997,0.0,10.0,10.0,10.0,0.3793331777687358,0.03396372219130391,0.18429249087063723,0.0,10.0,10.0,10.0,0.31565414697412825,0.010804786898049043,0.10394607687666256,0.0,10.0,10.0,10.0,1.1520817526506257,0.18527072448793064,0.4304308591259816,0.0,10.0,10.0,10.0,0.3176647742244258,0.011901231913376085,0.1090927674659328,0.0,10.0,10.0,10.0,0.3176647742244258,0.011901231913376085,0.1090927674659328,0.0,10.0,10.0,10.0,1.556704626979664,0.9348312901421038,0.7400772970566085,0.2765013038864723,0.0764529710509193,0.19818626787702798
CPHL/15T,long,top_k_10,top_k_10,0.5114866062067449,0.01198010379448533,0.01744910515844822,measured_candidate_query_loop_precomputed_vanilla_fallback_separate_retrieval,0.0,10.0,0.0,0.12323212988434533,0.015725066433646535,0.12539962692786025,0.0,10.0,10.0,10.0,0.23149201440584508,0.014417025618851876,0.12007091912220826,0.0,10.0,10.0,10.0,0.3063734943169408,0.029367411864372788,0.17136922671347032,0.0,10.0,10.0,10.0,0.37890827918542574,0.03253348890224369,0.18037042136182885,0.0,10.0,10.0,10.0,0.31452728103713196,0.010619454839879824,0.10305073915251566,0.0,10.0,10.0,10.0,1.1516609276111545,0.18645503241132078,0.4318043913756792,0.0,10.0,10.0,10.0,0.3169217893899252,0.010783578469455183,0.10384401027240417,0.0,10.0,10.0,10.0,0.3169217893899252,0.010783578469455183,0.10384401027240417,0.0,10.0,10.0,10.0,1.556704626979664,0.9348312901421038,0.7398069663643385,0.277383637134471,0.0769416821499479,0.19945313595887204
CPHL/15T,long,top_k_15,top_k_15,0.778173471800983,0.01198010379448533,0.01744910515844822,measured_candidate_query_loop_precomputed_vanilla_fallback_separate_retrieval,0.0,10.0,0.0,0.12246049253539568,0.01621516554396692,0.1273387825604082,0.0,10.0,10.0,10.0,0.22844587600197927,0.01463182369710267,0.12096207544971552,0.0,10.0,10.0,10.0,0.30409182379246624,0.029988655237967315,0.17317232815310682,0.0,10.0,10.0,10.0,0.373501736142848,0.03226631164258339,0.17962825958791503,0.0,10.0,10.0,10.0,0.30968453179599364,0.010200762175012732,0.10099882264171564,0.0,10.0,10.0,10.0,1.1380085853838018,0.19666849708610237,0.44347322025811475,0.0,10.0,10.0,10.0,0.31118655125115496,0.010141482760390756,0.10070492917623623,0.0,10.0,10.0,10.0,0.31118655125115496,0.010141482760390756,0.10070492917623623,0.0,10.0,10.0,10.0,1.556704626979664,0.9348312901421038,0.7310369389675284,0.28487949002794866,0.08115632383858411,0.21037859896217936
CPHL/15T,long,selected_task,selected_task,,,,assembled_from_candidate_artifacts_no_independent_selected_method_latency,0.0,10.0,0.0,0.1268142311361365,0.018094464913121618,0.1345156679094358,0.0,10.0,10.0,10.0,0.23033303058067314,0.013733871900939169,0.11719160337216643,0.0,10.0,10.0,10.0,0.30966390312410425,0.030922498238081873,0.17584794067057447,0.0,10.0,10.0,10.0,0.36756569197425054,0.02840280098530635,0.16853130565359764,0.0,10.0,10.0,10.0,0.3148897380482458,0.008588733741980548,0.09267542145564027,0.0,10.0,10.0,10.0,1.1569175338572653,0.18150598078269312,0.4260351872588614,0.0,10.0,10.0,10.0,0.31478368590267736,0.008814862461987167,0.09388749896544889,0.0,10.0,10.0,10.0,0.31478368590267736,0.008814862461987167,0.09388749896544889,0.0,10.0,10.0,10.0,1.556704626979664,0.9348312901421038,0.7431837188676761,0.27367760066690344,0.07489942910679308,0.19415907736154445
CPHL/15T,long,selected_per_variate,selected_per_variate,,,,assembled_from_candidate_artifacts_no_independent_selected_method_latency,0.0,10.0,0.0,0.12568993403493767,0.018320869056143958,0.13535460485755169,0.0,10.0,10.0,10.0,0.22765891350529213,0.014537356906148852,0.12057096211836767,0.0,10.0,10.0,10.0,0.30552588849503354,0.032343865494257995,0.1798440032201741,0.0,10.0,10.0,10.0,0.36461761193469255,0.03023575214424834,0.17388430677967562,0.0,10.0,10.0,10.0,0.3100986883324618,0.010326922469533505,0.10162146657834409,0.0,10.0,10.0,10.0,1.1386486557219695,0.20330418595883884,0.45089265458514494,0.0,10.0,10.0,10.0,0.3101395440986236,0.01049764866463143,0.1024580336754099,0.0,10.0,10.0,10.0,0.3101395440986236,0.01049764866463143,0.1024580336754099,0.0,10.0,10.0,10.0,1.556704626979664,0.9348312901421038,0.731448109029642,0.28964560570489983,0.0838945769041583,0.21747687320985432
CPHL/30T,short,vanilla_univariate,vanilla_univariate,1.0494236960075796,0.0,0.0,measured_candidate_query_loop_precomputed_vanilla_fallback_separate_retrieval,0.0,240.0,0.0,0.6416899157663604,0.8870664569311466,0.9418420551935163,0.0,240.0,240.0,240.0,0.4646460938772213,0.24085878735928354,0.49077366204726547,0.0,240.0,240.0,240.0,0.5627357928171155,0.325018343248853,0.570103800416076,0.0,240.0,240.0,240.0,0.3676987261080813,0.6596107297389555,0.8121642258428744,0.0,240.0,240.0,240.0,0.29240055227218703,0.03707540135329885,0.19254973734933747,0.0,240.0,240.0,240.0,1.3695101582901847,1.0131518470345189,1.006554443154725,0.0,240.0,240.0,240.0,0.2852333266609696,0.04320694576616468,0.207862805153218,0.0,240.0,240.0,240.0,0.2852333266609696,0.04320694576616468,0.207862805153218,0.0,240.0,240.0,240.0,1.9158052500490743,2.00872837438365,0.7148483167874731,0.5253949706677866,0.2760398752030045,0.5043747377469043
CPHL/30T,short,vanilla_multivariate,vanilla_multivariate,1.0679511479102075,0.0,0.0,measured_candidate_query_loop_precomputed_vanilla_fallback_separate_retrieval,0.0,240.0,0.0,0.6416899157663604,0.8870664569311466,0.9418420551935163,0.0,240.0,240.0,240.0,0.4646460938772213,0.24085878735928354,0.49077366204726547,0.0,240.0,240.0,240.0,0.5627357928171155,0.325018343248853,0.570103800416076,0.0,240.0,240.0,240.0,0.3676987261080813,0.6596107297389555,0.8121642258428744,0.0,240.0,240.0,240.0,0.29240055227218703,0.03707540135329885,0.19254973734933747,0.0,240.0,240.0,240.0,1.3695101582901847,1.0131518470345189,1.006554443154725,0.0,240.0,240.0,240.0,0.2852333266609696,0.04320694576616468,0.207862805153218,0.0,240.0,240.0,240.0,0.2852333266609696,0.04320694576616468,0.207862805153218,0.0,240.0,240.0,240.0,1.9158052500490743,2.00872837438365,0.7148483167874731,0.5253949706677866,0.2760398752030045,0.5043747377469043
CPHL/30T,short,self_augmentation,self_augmentation,3.3591117849573493,0.0,0.0,measured_candidate_query_loop_precomputed_vanilla_fallback_separate_retrieval,0.0,240.0,0.0,0.6588551752394605,0.9741975821981738,0.9870144792241772,0.0,240.0,240.0,240.0,0.4698607410255006,0.2519093047369093,0.501905673146767,0.0,240.0,240.0,240.0,0.5678482496245852,0.33640354063775507,0.5800030522658954,0.0,240.0,240.0,240.0,0.36755978407907514,0.6778070080198184,0.8232903546257653,0.0,240.0,240.0,240.0,0.2950153504053277,0.03843917845517277,0.19605911979597576,0.0,240.0,240.0,240.0,1.3817926345223435,1.069374098124978,1.0341054579321096,0.0,240.0,240.0,240.0,0.28690310395867574,0.04448325687678127,0.21091054235571363,0.0,240.0,240.0,240.0,0.28690310395867574,0.04448325687678127,0.21091054235571363,0.0,240.0,240.0,240.0,1.9158052500490743,2.00872837438365,0.7212594466410133,0.539775876439226,0.29135799678573454,0.5323637141597606
CPHL/30T,short,top_k_1,top_k_1,2.145307985134423,0.05204304168000817,0.062201299238950014,measured_candidate_query_loop_precomputed_vanilla_fallback_separate_retrieval,7.0,240.0,0.029166666666666667,0.6707323244102704,1.0055487994827845,1.0027705617352278,0.0,240.0,240.0,240.0,0.47242292907066485,0.2554625557947416,0.5054330378939841,0.0,240.0,240.0,240.0,0.5723034744212243,0.3432010575756655,0.5858336432603248,0.0,240.0,240.0,240.0,0.37118947210694614,0.7472230745510426,0.8644206583319505,0.0,240.0,240.0,240.0,0.2959068390884151,0.038679176125035145,0.19667022175468035,0.0,240.0,240.0,240.0,1.3868014669864162,1.080786403168105,1.0396087740915354,0.0,240.0,240.0,240.0,0.28775283321910666,0.04631176988206282,0.215201695815955,0.0,240.0,240.0,240.0,0.28775283321910666,0.04631176988206282,0.215201695815955,0.0,240.0,240.0,240.0,1.9158052500490743,2.00872837438365,0.7238739255730156,0.5426484628669356,0.29446735425184795,0.5380450721714573
CPHL/30T,short,top_k_5,top_k_5,6.7282814248465,0.05204304168000817,0.062201299238950014,measured_candidate_query_loop_precomputed_vanilla_fallback_separate_retrieval,7.0,240.0,0.029166666666666667,0.6740884611928301,1.0023935844946912,1.0011960769473136,0.0,240.0,240.0,240.0,0.4744690035841766,0.25596740042842925,0.505932209321001,0.0,240.0,240.0,240.0,0.5743201559120671,0.3442448197059689,0.5867238018914597,0.0,240.0,240.0,240.0,0.3738796279688986,0.7916045694668978,0.8897216247045465,0.0,240.0,240.0,240.0,0.2969662089307139,0.03851196438016211,0.19624465439894692,0.0,240.0,240.0,240.0,1.3924218548155898,1.0796160731184254,1.0390457512152318,0.0,240.0,240.0,240.0,0.28938033920015444,0.04708784987372015,0.21699734992326555,0.0,240.0,240.0,240.0,0.28938033920015444,0.04708784987372015,0.21699734992326555,0.0,240.0,240.0,240.0,1.9158052500490743,2.00872837438365,0.7268076203361079,0.5423545797197372,0.29414849014297284,0.5374624498196231
CPHL/30T,short,top_k_10,top_k_10,12.696028265170753,0.05204304168000817,0.062201299238950014,measured_candidate_query_loop_precomputed_vanilla_fallback_separate_retrieval,7.0,240.0,0.029166666666666667,0.6789172941827882,1.0466035636290045,1.023036442962324,0.0,240.0,240.0,240.0,0.47430015619420757,0.2592069445145517,0.5091237025660381,0.0,240.0,240.0,240.0,0.5751382567764031,0.3481332797749886,0.59002820252509,0.0,240.0,240.0,240.0,0.37210998275707063,0.7514219216799404,0.8668459619101542,0.0,240.0,240.0,240.0,0.29720432707625094,0.03807934022274059,0.1951392841606748,0.0,240.0,240.0,240.0,1.3933097835671837,1.0948571529138023,1.046354219618673,0.0,240.0,240.0,240.0,0.2888509978772277,0.04524322378822716,0.21270454576296005,0.0,240.0,240.0,240.0,0.2888509978772277,0.04524322378822716,0.21270454576296005,0.0,240.0,240.0,240.0,1.9158052500490743,2.00872837438365,0.7272710958128408,0.5461694081858635,0.2983010224380963,0.545049876765814
CPHL/30T,short,top_k_15,top_k_15,18.351724728941917,0.05204304168000817,0.062201299238950014,measured_candidate_query_loop_precomputed_vanilla_fallback_separate_retrieval,7.0,240.0,0.029166666666666667,0.6842995829350296,1.0759803911858288,1.0372947465334184,0.0,240.0,240.0,240.0,0.4749204020683488,0.26214521477320313,0.5120011863005819,0.0,240.0,240.0,240.0,0.5763616946554485,0.3521067798689291,0.5933858608603082,0.0,240.0,240.0,240.0,0.37007307640054693,0.7467601339047015,0.8641528417500585,0.0,240.0,240.0,240.0,0.29714287170405823,0.038685991298433406,0.19668754739035565,0.0,240.0,240.0,240.0,1.3938360950612856,1.1162162803769582,1.0565113725734134,0.0,240.0,240.0,240.0,0.28831263219442876,0.044995602810777205,0.2121216698283728,0.0,240.0,240.0,240.0,0.28831263219442876,0.044995602810777205,0.2121216698283728,0.0,240.0,240.0,240.0,1.9158052500490743,2.00872837438365,0.727545816583174,0.551471175134503,0.3041204570042298,0.5556830354026604
CPHL/30T,short,selected_task,selected_task,,,,assembled_from_candidate_artifacts_no_independent_selected_method_latency,0.0,240.0,0.0,0.6416899157663604,0.8870664569311466,0.9418420551935163,0.0,240.0,240.0,240.0,0.4646460938772213,0.24085878735928354,0.49077366204726547,0.0,240.0,240.0,240.0,0.5627357928171155,0.325018343248853,0.570103800416076,0.0,240.0,240.0,240.0,0.3676987261080813,0.6596107297389555,0.8121642258428744,0.0,240.0,240.0,240.0,0.29240055227218703,0.03707540135329885,0.19254973734933747,0.0,240.0,240.0,240.0,1.3695101582901847,1.0131518470345189,1.006554443154725,0.0,240.0,240.0,240.0,0.2852333266609696,0.04320694576616468,0.207862805153218,0.0,240.0,240.0,240.0,0.2852333266609696,0.04320694576616468,0.207862805153218,0.0,240.0,240.0,240.0,1.9158052500490743,2.00872837438365,0.7148483167874731,0.5253949706677866,0.2760398752030045,0.5043747377469043
CPHL/30T,short,selected_per_variate,selected_per_variate,,,,assembled_from_candidate_artifacts_no_independent_selected_method_latency,0.0,240.0,0.0,0.6417033353861064,0.8870521551582449,0.9418344627153143,0.0,240.0,240.0,240.0,0.4646405037084808,0.24087814567322988,0.49079338389308985,0.0,240.0,240.0,240.0,0.5627481388017261,0.3250178676612997,0.5701033833098166,0.0,240.0,240.0,240.0,0.3671286530625912,0.6593958421528368,0.8120319218804374,0.0,240.0,240.0,240.0,0.29254076856755673,0.036968808539168174,0.19227274518029897,0.0,240.0,240.0,240.0,1.369437225368445,1.0151542503932687,1.007548634257061,0.0,240.0,240.0,240.0,0.28512988724323735,0.042940855974025034,0.2072217555519329,0.0,240.0,240.0,240.0,0.28512988724323735,0.042940855974025034,0.2072217555519329,0.0,240.0,240.0,240.0,1.9158052500490743,2.00872837438365,0.7148102477187419,0.5259139122994115,0.27658544315007305,0.5053715889808917
CPHL/30T,medium,vanilla_univariate,vanilla_univariate,0.25736874528229237,0.0,0.0,measured_candidate_query_loop_precomputed_vanilla_fallback_separate_retrieval,0.0,60.0,0.0,0.7479045419232223,0.8983644806781063,0.947820911711757,0.0,60.0,60.0,60.0,0.5134040757985227,0.24871994374302736,0.4987183009906769,0.0,60.0,60.0,60.0,0.6303312481636637,0.3505870595116602,0.5921039262761734,0.0,60.0,60.0,60.0,0.43116000270826216,0.40788507124402007,0.6386588065970906,0.0,60.0,60.0,60.0,0.33241261026949565,0.037054562850580966,0.19249561774383583,0.0,60.0,60.0,60.0,1.5182478428276724,0.916682022030601,0.957435126800036,0.0,60.0,60.0,60.0,0.3229359184521023,0.047594107962107265,0.21816073881912681,0.0,60.0,60.0,60.0,0.3229359184521023,0.047594107962107265,0.21816073881912681,0.0,60.0,60.0,60.0,1.893340926882399,1.4876388063522994,0.8018882501672004,0.5056855388303266,0.2557178641821178,0.6161993207735093
CPHL/30T,medium,vanilla_multivariate,vanilla_multivariate,0.2583695580251515,0.0,0.0,measured_candidate_query_loop_precomputed_vanilla_fallback_separate_retrieval,0.0,60.0,0.0,0.7479045419232223,0.8983644806781063,0.947820911711757,0.0,60.0,60.0,60.0,0.5134040757985227,0.24871994374302736,0.4987183009906769,0.0,60.0,60.0,60.0,0.6303312481636637,0.3505870595116602,0.5921039262761734,0.0,60.0,60.0,60.0,0.43116000270826216,0.40788507124402007,0.6386588065970906,0.0,60.0,60.0,60.0,0.33241261026949565,0.037054562850580966,0.19249561774383583,0.0,60.0,60.0,60.0,1.5182478428276724,0.916682022030601,0.957435126800036,0.0,60.0,60.0,60.0,0.3229359184521023,0.047594107962107265,0.21816073881912681,0.0,60.0,60.0,60.0,0.3229359184521023,0.047594107962107265,0.21816073881912681,0.0,60.0,60.0,60.0,1.893340926882399,1.4876388063522994,0.8018882501672004,0.5056855388303266,0.2557178641821178,0.6161993207735093
CPHL/30T,medium,self_augmentation,self_augmentation,0.830231677275151,0.0,0.0,measured_candidate_query_loop_precomputed_vanilla_fallback_separate_retrieval,0.0,60.0,0.0,0.7830650754889479,1.028521837630302,1.014160656715839,0.0,60.0,60.0,60.0,0.5200781697899395,0.26455488584746706,0.5143489922683498,0.0,60.0,60.0,60.0,0.6405913999146775,0.37270773384430184,0.6104979392629445,0.0,60.0,60.0,60.0,0.4254318270120813,0.44270494170944485,0.6653607605723716,0.0,60.0,60.0,60.0,0.33331419363506287,0.03946050861935926,0.19864669294845877,0.0,60.0,60.0,60.0,1.5244251159216127,0.9983928925514041,0.9991961231667205,0.0,60.0,60.0,60.0,0.32409846864826447,0.05284595918827376,0.22988248995578972,0.0,60.0,60.0,60.0,0.32409846864826447,0.05284595918827376,0.22988248995578972,0.0,60.0,60.0,60.0,1.893340926882399,1.4876388063522994,0.8051508813215968,0.5277423146458944,0.27851195066780626,0.6711258729526358
CPHL/30T,medium,top_k_1,top_k_1,0.5201410590671003,0.017335643991827965,0.024694014340639114,measured_candidate_query_loop_precomputed_vanilla_fallback_separate_retrieval,1.0,60.0,0.016666666666666666,0.7640334211546183,0.9693419116158223,0.9845516297360044,0.0,60.0,60.0,60.0,0.5155596882431471,0.2544491383035261,0.5044295176766781,0.0,60.0,60.0,60.0,0.63566126601818,0.35996817603878295,0.5999734794462026,0.0,60.0,60.0,60.0,0.4358080246926976,0.4684254701408247,0.6844161527468684,0.0,60.0,60.0,60.0,0.33457348249733093,0.038202047513161363,0.19545344078107543,0.0,60.0,60.0,60.0,1.5263997908046212,0.9370205159497715,0.9679982003856058,0.0,60.0,60.0,60.0,0.32748811833421637,0.05420969701476334,0.23282975972749562,0.0,60.0,60.0,60.0,0.32748811833421637,0.05420969701476334,0.23282975972749562,0.0,60.0,60.0,60.0,1.893340926882399,1.4876388063522994,0.8061938392247253,0.5112646046158865,0.26139149593303873,0.6298709820882882
CPHL/30T,medium,top_k_5,top_k_5,1.6992428093217313,0.017335643991827965,0.024694014340639114,measured_candidate_query_loop_precomputed_vanilla_fallback_separate_retrieval,1.0,60.0,0.016666666666666666,0.7677649231891661,1.0070389614731505,1.0035133090662778,0.0,60.0,60.0,60.0,0.5134974288058973,0.2586520828995214,0.50857849236821,0.0,60.0,60.0,60.0,0.6347846943996204,0.3648133149451466,0.6039977772683826,0.0,60.0,60.0,60.0,0.4304402423695525,0.4761115259282773,0.6900083520713914,0.0,60.0,60.0,60.0,0.3307259435907296,0.03813065696074369,0.1952707273524214,0.0,60.0,60.0,60.0,1.5172348175678785,0.9554691771450696,0.9774810367189072,0.0,60.0,60.0,60.0,0.3257569251454219,0.05642484721919268,0.23753914881381696,0.0,60.0,60.0,60.0,0.3257569251454219,0.05642484721919268,0.23753914881381696,0.0,60.0,60.0,60.0,1.893340926882399,1.4876388063522994,0.8013532037603909,0.5162731248452125,0.26653793943744036,0.6422722861659456
CPHL/30T,medium,top_k_10,top_k_10,3.2427903627976775,0.017335643991827965,0.024694014340639114,measured_candidate_query_loop_precomputed_vanilla_fallback_separate_retrieval,1.0,60.0,0.016666666666666666,0.7917767668895404,1.04015675640652,1.019880755974207,0.0,60.0,60.0,60.0,0.5214509121331709,0.2667615211075066,0.5164896137460139,0.0,60.0,60.0,60.0,0.6448499181271121,0.3759453499809973,0.6131438248739013,0.0,60.0,60.0,60.0,0.4335650031428208,0.4716570997653502,0.6867729608577715,0.0,60.0,60.0,60.0,0.3340690867846699,0.03873149748551179,0.19680319480514483,0.0,60.0,60.0,60.0,1.5360459683833911,0.9919131931881965,0.9959483888175112,0.0,60.0,60.0,60.0,0.32912138931686713,0.055644152351910274,0.23589012771184442,0.0,60.0,60.0,60.0,0.32912138931686713,0.055644152351910274,0.23589012771184442,0.0,60.0,60.0,60.0,1.893340926882399,1.4876388063522994,0.8112886308926228,0.5260269688763626,0.2767043719852537,0.6667701789928259
CPHL/30T,medium,top_k_15,top_k_15,4.62830962985754,0.017335643991827965,0.024694014340639114,measured_candidate_query_loop_precomputed_vanilla_fallback_separate_retrieval,1.0,60.0,0.016666666666666666,0.7785852914235926,0.9893353018697496,0.994653357642626,0.0,60.0,60.0,60.0,0.5171545896560074,0.2591741990286485,0.5090915428767684,0.0,60.0,60.0,60.0,0.6406919384227788,0.36809913146365464,0.6067117367116402,0.0,60.0,60.0,60.0,0.42998399840932133,0.4442287225930705,0.6665048556410302,0.0,60.0,60.0,60.0,0.3324561143537075,0.0381206139192687,0.19524500997277422,0.0,60.0,60.0,60.0,1.5251678327569327,0.9564893529657693,0.9780027366862372,0.0,60.0,60.0,60.0,0.32706454800947554,0.05237550182400424,0.22885694620003177,0.0,60.0,60.0,60.0,0.32706454800947554,0.05237550182400424,0.22885694620003177,0.0,60.0,60.0,60.0,1.893340926882399,1.4876388063522994,0.8055431597669496,0.5165486694974845,0.26682252795962136,0.6429580546578291
CPHL/30T,medium,selected_task,selected_task,,,,assembled_from_candidate_artifacts_no_independent_selected_method_latency,1.0,60.0,0.016666666666666666,0.7677649231891661,1.0070389614731505,1.0035133090662778,0.0,60.0,60.0,60.0,0.5134974288058973,0.2586520828995214,0.50857849236821,0.0,60.0,60.0,60.0,0.6347846943996204,0.3648133149451466,0.6039977772683826,0.0,60.0,60.0,60.0,0.4304402423695525,0.4761115259282773,0.6900083520713914,0.0,60.0,60.0,60.0,0.3307259435907296,0.03813065696074369,0.1952707273524214,0.0,60.0,60.0,60.0,1.5172348175678785,0.9554691771450696,0.9774810367189072,0.0,60.0,60.0,60.0,0.3257569251454219,0.05642484721919268,0.23753914881381696,0.0,60.0,60.0,60.0,0.3257569251454219,0.05642484721919268,0.23753914881381696,0.0,60.0,60.0,60.0,1.893340926882399,1.4876388063522994,0.8013532037603909,0.5162731248452125,0.26653793943744036,0.6422722861659456
CPHL/30T,medium,selected_per_variate,selected_per_variate,,,,assembled_from_candidate_artifacts_no_independent_selected_method_latency,0.0,60.0,0.0,0.7479674028938376,0.8982714219667844,0.9477718195677609,0.0,60.0,60.0,60.0,0.5134840813559113,0.24861191867988375,0.49860998654247163,0.0,60.0,60.0,60.0,0.6307578131717614,0.3501119840166149,0.5917026145088552,0.0,60.0,60.0,60.0,0.43245168691544933,0.4082442786543226,0.6389399648279348,0.0,60.0,60.0,60.0,0.3323770085671857,0.03670305834685926,0.19158042266071776,0.0,60.0,60.0,60.0,1.5191229107504003,0.9105150267974551,0.9542091106237957,0.0,60.0,60.0,60.0,0.3248263837031998,0.047511926032588504,0.21797230565507286,0.0,60.0,60.0,60.0,0.3248263837031998,0.047511926032588504,0.21797230565507286,0.0,60.0,60.0,60.0,1.893340926882399,1.4876388063522994,0.8023504320755421,0.5039816638807937,0.25399751752805333,0.6120538284625986
CPHL/30T,long,vanilla_univariate,vanilla_univariate,0.08706984808668494,0.0,0.0,measured_candidate_query_loop_precomputed_vanilla_fallback_separate_retrieval,0.0,20.0,0.0,0.8956668857110113,1.2039441445540269,1.097243885630732,0.0,20.0,20.0,20.0,0.5741906138662687,0.2726368920412151,0.5221464277778937,0.0,20.0,20.0,20.0,0.7054810125821362,0.3979634265970951,0.6308434247870822,0.0,20.0,20.0,20.0,0.5005524981095701,0.22290104711870812,0.4721239743104645,0.0,20.0,20.0,20.0,0.40628397499708935,0.041541942127841076,0.20381840478190646,0.0,20.0,20.0,20.0,1.7964635237217261,0.9376637173051195,0.9683303761140201,0.0,20.0,20.0,20.0,0.36924656499499575,0.028306732050270667,0.16824604616534283,0.0,20.0,20.0,20.0,0.36924656499499575,0.028306732050270667,0.16824604616534283,0.0,20.0,20.0,20.0,2.2236567264315648,1.6073134698343936,0.8078870728417775,0.43546756322769203,0.18963199862346394,0.5833732715509004
CPHL/30T,long,vanilla_multivariate,vanilla_multivariate,0.09474443830549717,0.0,0.0,measured_candidate_query_loop_precomputed_vanilla_fallback_separate_retrieval,0.0,20.0,0.0,0.8956668857110113,1.2039441445540269,1.097243885630732,0.0,20.0,20.0,20.0,0.5741906138662687,0.2726368920412151,0.5221464277778937,0.0,20.0,20.0,20.0,0.7054810125821362,0.3979634265970951,0.6308434247870822,0.0,20.0,20.0,20.0,0.5005524981095701,0.22290104711870812,0.4721239743104645,0.0,20.0,20.0,20.0,0.40628397499708935,0.041541942127841076,0.20381840478190646,0.0,20.0,20.0,20.0,1.7964635237217261,0.9376637173051195,0.9683303761140201,0.0,20.0,20.0,20.0,0.36924656499499575,0.028306732050270667,0.16824604616534283,0.0,20.0,20.0,20.0,0.36924656499499575,0.028306732050270667,0.16824604616534283,0.0,20.0,20.0,20.0,2.2236567264315648,1.6073134698343936,0.8078870728417775,0.43546756322769203,0.18963199862346394,0.5833732715509004
CPHL/30T,long,self_augmentation,self_augmentation,0.26268828893080354,0.0,0.0,measured_candidate_query_loop_precomputed_vanilla_fallback_separate_retrieval,0.0,20.0,0.0,0.9557798024531741,1.4135580222435788,1.1889314623827476,0.0,20.0,20.0,20.0,0.5861051179925079,0.2981817052548828,0.5460601663323217,0.0,20.0,20.0,20.0,0.7217837426845402,0.4348080312494713,0.6593997507199039,0.0,20.0,20.0,20.0,0.49886361175564475,0.2694461754478214,0.5190820507856359,0.0,20.0,20.0,20.0,0.4032410505231999,0.04510148750603452,0.21237110798325304,0.0,20.0,20.0,20.0,1.7904413410675808,1.0914453447321504,1.0447226161676364,0.0,20.0,20.0,20.0,0.36732150812244346,0.032847094328978296,0.18123767359182885,0.0,20.0,20.0,20.0,0.36732150812244346,0.032847094328978296,0.18123767359182885,0.0,20.0,20.0,20.0,2.2236567264315648,1.6073134698343936,0.8051788388852669,0.46982189460698165,0.22073261265209373,0.6790494606161704
CPHL/30T,long,top_k_1,top_k_1,0.17743528075516224,0.014212884940207005,0.0241020480170846,measured_candidate_query_loop_precomputed_vanilla_fallback_separate_retrieval,0.0,20.0,0.0,0.9458613748051148,1.3687535582960553,1.169937416401431,0.0,20.0,20.0,20.0,0.5881142760613036,0.29430678506608476,0.5425004931482411,0.0,20.0,20.0,20.0,0.7211521968115775,0.42580088383895054,0.6525342012790981,0.0,20.0,20.0,20.0,0.5240518464772761,0.35736963153806467,0.597804007629645,0.0,20.0,20.0,20.0,0.40855096430281235,0.04401154159637232,0.20978927903106087,0.0,20.0,20.0,20.0,1.8146104960021514,1.019517569262658,1.0097116267839337,0.0,20.0,20.0,20.0,0.37427627707517075,0.032569060151611956,0.18046900052810166,0.0,20.0,20.0,20.0,0.37427627707517075,0.032569060151611956,0.18046900052810166,0.0,20.0,20.0,20.0,2.2236567264315648,1.6073134698343936,0.8160479423072489,0.4540771130642446,0.20618602460875882,0.6342991509725243
CPHL/30T,long,top_k_5,top_k_5,0.5604694099165499,0.014212884940207005,0.0241020480170846,measured_candidate_query_loop_precomputed_vanilla_fallback_separate_retrieval,0.0,20.0,0.0,0.9397342347688407,1.2804654860946219,1.1315765489327807,0.0,20.0,20.0,20.0,0.5846160661458615,0.28668997096858534,0.535434375968321,0.0,20.0,20.0,20.0,0.7212352240565585,0.41955398634892643,0.6477298714347876,0.0,20.0,20.0,20.0,0.514292954896592,0.3105850188268545,0.5573015510716389,0.0,20.0,20.0,20.0,0.40658000335899097,0.040024103162147946,0.20006024883056592,0.0,20.0,20.0,20.0,1.8135110406221817,0.9681847979177931,0.9839638194150195,0.0,20.0,20.0,20.0,0.3761199181363438,0.029972200786560828,0.17312481274086863,0.0,20.0,20.0,20.0,0.3761199181363438,0.029972200786560828,0.17312481274086863,0.0,20.0,20.0,20.0,2.2236567264315648,1.6073134698343936,0.8155535065578362,0.4424980743291458,0.19580454578500223,0.6023621503138079
CPHL/30T,long,top_k_10,top_k_10,1.085823968052864,0.014212884940207005,0.0241020480170846,measured_candidate_query_loop_precomputed_vanilla_fallback_separate_retrieval,0.0,20.0,0.0,0.9717760605927575,1.486567483330428,1.2192487372683345,0.0,20.0,20.0,20.0,0.5924005070312888,0.30085495951821856,0.5485024699290045,0.0,20.0,20.0,20.0,0.7300205553131949,0.4388460494129719,0.6624545640366378,0.0,20.0,20.0,20.0,0.5142106632044867,0.3049268311816516,0.5522018029503811,0.0,20.0,20.0,20.0,0.41339158705599877,0.04195187658353398,0.20482157255409886,0.0,20.0,20.0,20.0,1.8331746941976763,1.0139390571969489,1.0069454092436934,0.0,20.0,20.0,20.0,0.3803832442405589,0.030253169314939814,0.1739343822104756,0.0,20.0,20.0,20.0,0.3803832442405589,0.030253169314939814,0.1739343822104756,0.0,20.0,20.0,20.0,2.2236567264315648,1.6073134698343936,0.8243964423139545,0.4528331182032755,0.20505783294170163,0.6308284452449827
CPHL/30T,long,top_k_15,top_k_15,1.5433351122774184,0.014212884940207005,0.0241020480170846,measured_candidate_query_loop_precomputed_vanilla_fallback_separate_retrieval,0.0,20.0,0.0,0.966997035142065,1.42796340949887,1.1949742296379742,0.0,20.0,20.0,20.0,0.591536305442758,0.29766114617608175,0.5455833081904924,0.0,20.0,20.0,20.0,0.7289341117393766,0.4356520958847908,0.6600394653994492,0.0,20.0,20.0,20.0,0.5120342712825849,0.2884909130100278,0.5371135010498506,0.0,20.0,20.0,20.0,0.4131727005284409,0.041313972958142195,0.20325838963777657,0.0,20.0,20.0,20.0,1.8305555523640904,1.0037524432555716,1.0018744648186078,0.0,20.0,20.0,20.0,0.3800938391160006,0.029918847422768208,0.17297065480239188,0.0,20.0,20.0,20.0,0.3800938391160006,0.029918847422768208,0.17297065480239188,0.0,20.0,20.0,20.0,2.2236567264315648,1.6073134698343936,0.8232185888249454,0.45055266530566335,0.20299770421403707,0.6244907804816637
CPHL/30T,long,selected_task,selected_task,,,,assembled_from_candidate_artifacts_no_independent_selected_method_latency,0.0,20.0,0.0,0.9557798024531741,1.4135580222435788,1.1889314623827476,0.0,20.0,20.0,20.0,0.5861051179925079,0.2981817052548828,0.5460601663323217,0.0,20.0,20.0,20.0,0.7217837426845402,0.4348080312494713,0.6593997507199039,0.0,20.0,20.0,20.0,0.49886361175564475,0.2694461754478214,0.5190820507856359,0.0,20.0,20.0,20.0,0.4032410505231999,0.04510148750603452,0.21237110798325304,0.0,20.0,20.0,20.0,1.7904413410675808,1.0914453447321504,1.0447226161676364,0.0,20.0,20.0,20.0,0.36732150812244346,0.032847094328978296,0.18123767359182885,0.0,20.0,20.0,20.0,0.36732150812244346,0.032847094328978296,0.18123767359182885,0.0,20.0,20.0,20.0,2.2236567264315648,1.6073134698343936,0.8051788388852669,0.46982189460698165,0.22073261265209373,0.6790494606161704
CPHL/30T,long,selected_per_variate,selected_per_variate,,,,assembled_from_candidate_artifacts_no_independent_selected_method_latency,0.0,20.0,0.0,0.9456364413009549,1.369196176073285,1.170126564125986,0.0,20.0,20.0,20.0,0.5859130010344669,0.2966619760489881,0.5446668486781512,0.0,20.0,20.0,20.0,0.7191391994980748,0.4284752530462231,0.654580211315789,0.0,20.0,20.0,20.0,0.5188954824826975,0.36209667507862425,0.6017446926052811,0.0,20.0,20.0,20.0,0.4032302060886206,0.04576251580081163,0.21392175158410523,0.0,20.0,20.0,20.0,1.7897747194359166,1.0799066396950894,1.0391855655729103,0.0,20.0,20.0,20.0,0.3686361228957945,0.034966504800578425,0.18699332822477496,0.0,20.0,20.0,20.0,0.3686361228957945,0.034966504800578425,0.18699332822477496,0.0,20.0,20.0,20.0,2.2236567264315648,1.6073134698343936,0.8048790526710817,0.46733182924351535,0.21839903862409016,0.6718705840288611
CPHL/H,short,vanilla_univariate,vanilla_univariate,0.4017695151269436,0.0,0.0,measured_candidate_query_loop_precomputed_vanilla_fallback_separate_retrieval,0.0,112.0,0.0,0.3634176943151262,0.4610820104230748,0.6790301984618025,0.0,112.0,112.0,112.0,0.33903066247264324,0.14295402133591012,0.37809260947010076,0.0,112.0,112.0,112.0,0.41015676873446744,0.19518911937642677,0.4418021269487357,0.0,112.0,112.0,112.0,0.3330540583476282,0.09740582553134791,0.31209906365022616,0.0,112.0,112.0,112.0,0.2883500107233773,0.03401160096401538,0.18442234399338758,0.0,112.0,112.0,112.0,1.2422315245199103,0.6781318341608336,0.8234876041330759,0.0,112.0,112.0,112.0,0.28358498479707495,0.0444336660354147,0.21079294588627653,0.0,112.0,112.0,112.0,0.28358498479707495,0.0444336660354147,0.21079294588627653,0.0,112.0,112.0,112.0,1.5555461077967614,0.9459225828742138,0.7985822588565874,0.5293881036412634,0.2802517642768931,0.7168999307536457
CPHL/H,short,vanilla_multivariate,vanilla_multivariate,0.41088471189141273,0.0,0.0,measured_candidate_query_loop_precomputed_vanilla_fallback_separate_retrieval,0.0,112.0,0.0,0.3634176943151262,0.4610820104230748,0.6790301984618025,0.0,112.0,112.0,112.0,0.33903066247264324,0.14295402133591012,0.37809260947010076,0.0,112.0,112.0,112.0,0.41015676873446744,0.19518911937642677,0.4418021269487357,0.0,112.0,112.0,112.0,0.3330540583476282,0.09740582553134791,0.31209906365022616,0.0,112.0,112.0,112.0,0.2883500107233773,0.03401160096401538,0.18442234399338758,0.0,112.0,112.0,112.0,1.2422315245199103,0.6781318341608336,0.8234876041330759,0.0,112.0,112.0,112.0,0.28358498479707495,0.0444336660354147,0.21079294588627653,0.0,112.0,112.0,112.0,0.28358498479707495,0.0444336660354147,0.21079294588627653,0.0,112.0,112.0,112.0,1.5555461077967614,0.9459225828742138,0.7985822588565874,0.5293881036412634,0.2802517642768931,0.7168999307536457
CPHL/H,short,self_augmentation,self_augmentation,1.2723030536435544,0.0,0.0,measured_candidate_query_loop_precomputed_vanilla_fallback_separate_retrieval,0.0,112.0,0.0,0.3718317560093731,0.5010747416883207,0.7078663303818883,0.0,112.0,112.0,112.0,0.33856175464269583,0.14759479646393645,0.38418068205459843,0.0,112.0,112.0,112.0,0.41132876854280565,0.20264040017843213,0.450155973167559,0.0,112.0,112.0,112.0,0.32058554422542407,0.08392783258748822,0.2897030075568568,0.0,112.0,112.0,112.0,0.28644231074317306,0.03324557077647462,0.18233367976453121,0.0,112.0,112.0,112.0,1.23097828429479,0.6869880967065348,0.8288474508053547,0.0,112.0,112.0,112.0,0.27830246792973135,0.040021354571894076,0.20005337930635933,0.0,112.0,112.0,112.0,0.27830246792973135,0.040021354571894076,0.20005337930635933,0.0,112.0,112.0,112.0,1.5555461077967614,0.9459225828742138,0.7913479890598155,0.5328337402864353,0.28391179478763223,0.7262624966824464
CPHL/H,short,top_k_1,top_k_1,0.8364799246191978,0.024868275970220566,0.028741581831127405,measured_candidate_query_loop_precomputed_vanilla_fallback_separate_retrieval,0.0,112.0,0.0,0.3708874329216018,0.48786482234561024,0.6984732080370801,0.0,112.0,112.0,112.0,0.34260843665855323,0.14716330513991885,0.3836186975890498,0.0,112.0,112.0,112.0,0.41395012369145334,0.19953272801743224,0.44669086404070574,0.0,112.0,112.0,112.0,0.3306558929912236,0.09117228381182581,0.3019474851887755,0.0,112.0,112.0,112.0,0.2916552319960401,0.0327038482576779,0.1808420533440104,0.0,112.0,112.0,112.0,1.258952075185127,0.6885179977282834,0.8297698462394758,0.0,112.0,112.0,112.0,0.2857422595477939,0.04311689359859223,0.20764607773466906,0.0,112.0,112.0,112.0,0.2857422595477939,0.04311689359859223,0.20764607773466906,0.0,112.0,112.0,112.0,1.5555461077967614,0.9459225828742138,0.8093312495688585,0.53342671238125,0.28454405748186873,0.7278798605655454
CPHL/H,short,top_k_5,top_k_5,2.6250939699821174,0.024868275970220566,0.028741581831127405,measured_candidate_query_loop_precomputed_vanilla_fallback_separate_retrieval,0.0,112.0,0.0,0.38626110909054495,0.5398381443727772,0.7347367857762243,0.0,112.0,112.0,112.0,0.3467568189661237,0.15519841593151065,0.39395230159438166,0.0,112.0,112.0,112.0,0.41953660606494336,0.21025014526205354,0.4585304191240245,0.0,112.0,112.0,112.0,0.3244367639859407,0.079692271911128,0.2822981967904294,0.0,112.0,112.0,112.0,0.2937733041167799,0.032853661996936435,0.18125579162315458,0.0,112.0,112.0,112.0,1.2724401799839065,0.7358077880977021,0.8577923921892185,0.0,112.0,112.0,112.0,0.28524330231260814,0.039712983290275304,0.19928116642140398,0.0,112.0,112.0,112.0,0.28524330231260814,0.039712983290275304,0.19928116642140398,0.0,112.0,112.0,112.0,1.5555461077967614,0.9459225828742138,0.8180022267460529,0.5514413156188442,0.3040875245714417,0.7778731594100738
CPHL/H,short,top_k_10,top_k_10,3.743909800890833,0.024868275970220566,0.028741581831127405,measured_candidate_query_loop_precomputed_vanilla_fallback_separate_retrieval,0.0,112.0,0.0,0.3902562788797062,0.5306553037186733,0.7284609143383558,0.0,112.0,112.0,112.0,0.3499185829187474,0.1555987457359246,0.3944600686202909,0.0,112.0,112.0,112.0,0.42291965553561434,0.21139524384134353,0.4597773850912456,0.0,112.0,112.0,112.0,0.32475528191295816,0.07653887492320853,0.27665660108374157,0.0,112.0,112.0,112.0,0.29688959963757783,0.03351990087105959,0.18308440914250343,0.0,112.0,112.0,112.0,1.286496505735745,0.7517342338796907,0.8670260860433732,0.0,112.0,112.0,112.0,0.28754610584948626,0.0383210653107172,0.19575766986434326,0.0,112.0,112.0,112.0,0.28754610584948626,0.0383210653107172,0.19575766986434326,0.0,112.0,112.0,112.0,1.5555461077967614,0.9459225828742138,0.8270384910402354,0.5573772977204825,0.31066945201418733,0.7947101036487827
CPHL/H,short,top_k_15,top_k_15,6.2791059501469135,0.024868275970220566,0.028741581831127405,measured_candidate_query_loop_precomputed_vanilla_fallback_separate_retrieval,0.0,112.0,0.0,0.38986775198048623,0.5376187418017142,0.7332248916953885,0.0,112.0,112.0,112.0,0.34941027546717046,0.15628124748571587,0.39532423083554574,0.0,112.0,112.0,112.0,0.422169846895863,0.21164037235240982,0.46004388089877885,0.0,112.0,112.0,112.0,0.3235658866243795,0.07530836767598877,0.2744237010099324,0.0,112.0,112.0,112.0,0.2967796774533266,0.0327820063416882,0.1810580192692061,0.0,112.0,112.0,112.0,1.286354070937245,0.7473630172963311,0.8645016005169286,0.0,112.0,112.0,112.0,0.28745715736472016,0.03842470960841167,0.19602221712961945,0.0,112.0,112.0,112.0,0.28745715736472016,0.03842470960841167,0.19602221712961945,0.0,112.0,112.0,112.0,1.5555461077967614,0.9459225828742138,0.826946925256498,0.5557544043110288,0.30886295791110646,0.7900889891278908
CPHL/H,short,selected_task,selected_task,,,,assembled_from_candidate_artifacts_no_independent_selected_method_latency,0.0,112.0,0.0,0.3634176943151262,0.4610820104230748,0.6790301984618025,0.0,112.0,112.0,112.0,0.33903066247264324,0.14295402133591012,0.37809260947010076,0.0,112.0,112.0,112.0,0.41015676873446744,0.19518911937642677,0.4418021269487357,0.0,112.0,112.0,112.0,0.3330540583476282,0.09740582553134791,0.31209906365022616,0.0,112.0,112.0,112.0,0.2883500107233773,0.03401160096401538,0.18442234399338758,0.0,112.0,112.0,112.0,1.2422315245199103,0.6781318341608336,0.8234876041330759,0.0,112.0,112.0,112.0,0.28358498479707495,0.0444336660354147,0.21079294588627653,0.0,112.0,112.0,112.0,0.28358498479707495,0.0444336660354147,0.21079294588627653,0.0,112.0,112.0,112.0,1.5555461077967614,0.9459225828742138,0.7985822588565874,0.5293881036412634,0.2802517642768931,0.7168999307536457
CPHL/H,short,selected_per_variate,selected_per_variate,,,,assembled_from_candidate_artifacts_no_independent_selected_method_latency,0.0,112.0,0.0,0.3733864441425538,0.5006447439332619,0.7075625371182832,0.0,112.0,112.0,112.0,0.3404461545781216,0.1477052635517891,0.38432442487017277,0.0,112.0,112.0,112.0,0.41328418604998285,0.20258262570355695,0.45009179697430274,0.0,112.0,112.0,112.0,0.3267646377094012,0.08796166202499418,0.29658331380068265,0.0,112.0,112.0,112.0,0.2887692862975357,0.03420493291604946,0.18494575668570895,0.0,112.0,112.0,112.0,1.2435054444489382,0.6966902041236639,0.8346797015164942,0.0,112.0,112.0,112.0,0.2823746358999206,0.0418233577341136,0.20450759823075915,0.0,112.0,112.0,112.0,0.2823746358999206,0.0418233577341136,0.20450759823075915,0.0,112.0,112.0,112.0,1.5555461077967614,0.9459225828742138,0.7994012123563536,0.5365830670867833,0.28792138788425936,0.7365192635603963
CPHL/H,medium,vanilla_univariate,vanilla_univariate,0.07400269294157624,0.0,0.0,measured_candidate_query_loop_precomputed_vanilla_fallback_separate_retrieval,0.0,16.0,0.0,0.4790306716304098,0.39732569454610767,0.630337762272028,0.0,16.0,16.0,16.0,0.43699723941112556,0.1256347021035441,0.35444985837709697,0.0,16.0,16.0,16.0,0.539970390941852,0.18746264853651334,0.4329695699890621,0.0,16.0,16.0,16.0,0.46303291936128044,0.06273933357206907,0.2504782097749604,0.0,16.0,16.0,16.0,0.41312593405895437,0.021054502978715323,0.1451016987451054,0.0,16.0,16.0,16.0,1.8356686518765377,0.557099563078292,0.7463910255879903,0.0,16.0,16.0,16.0,0.3947087811761935,0.022823119865272978,0.15107322683147062,0.0,16.0,16.0,16.0,0.3947087811761935,0.022823119865272978,0.15107322683147062,0.0,16.0,16.0,16.0,2.2276216946589162,0.6049068284587019,0.8240486507551307,0.33506184078633444,0.11226643715112693,0.9209675554461462
CPHL/H,medium,vanilla_multivariate,vanilla_multivariate,0.07489588903263211,0.0,0.0,measured_candidate_query_loop_precomputed_vanilla_fallback_separate_retrieval,0.0,16.0,0.0,0.4790306716304098,0.39732569454610767,0.630337762272028,0.0,16.0,16.0,16.0,0.43699723941112556,0.1256347021035441,0.35444985837709697,0.0,16.0,16.0,16.0,0.539970390941852,0.18746264853651334,0.4329695699890621,0.0,16.0,16.0,16.0,0.46303291936128044,0.06273933357206907,0.2504782097749604,0.0,16.0,16.0,16.0,0.41312593405895437,0.021054502978715323,0.1451016987451054,0.0,16.0,16.0,16.0,1.8356686518765377,0.557099563078292,0.7463910255879903,0.0,16.0,16.0,16.0,0.3947087811761935,0.022823119865272978,0.15107322683147062,0.0,16.0,16.0,16.0,0.3947087811761935,0.022823119865272978,0.15107322683147062,0.0,16.0,16.0,16.0,2.2276216946589162,0.6049068284587019,0.8240486507551307,0.33506184078633444,0.11226643715112693,0.9209675554461462
CPHL/H,medium,self_augmentation,self_augmentation,0.2126242839731276,0.0,0.0,measured_candidate_query_loop_precomputed_vanilla_fallback_separate_retrieval,0.0,16.0,0.0,0.4946955602081381,0.4447812979541326,0.6669192589467878,0.0,16.0,16.0,16.0,0.435869329230288,0.1337676225604433,0.3657425632332711,0.0,16.0,16.0,16.0,0.5410532272216655,0.20195696552115888,0.44939622330540213,0.0,16.0,16.0,16.0,0.43646074521481854,0.04650970721973126,0.21566109343071424,0.0,16.0,16.0,16.0,0.4106919452087631,0.02233109320606833,0.1494359167204067,0.0,16.0,16.0,16.0,1.818622874374208,0.6669441997100881,0.8166665168292919,0.0,16.0,16.0,16.0,0.3820508216699996,0.017257124297799346,0.13136637430407885,0.0,16.0,16.0,16.0,0.3820508216699996,0.017257124297799346,0.13136637430407885,0.0,16.0,16.0,16.0,2.2276216946589162,0.6049068284587019,0.8163966434402443,0.3666091593502533,0.13440227571949942,1.1025569035308411
CPHL/H,medium,top_k_1,top_k_1,0.13967355294153094,0.014016672037541866,0.029543960001319647,measured_candidate_query_loop_precomputed_vanilla_fallback_separate_retrieval,0.0,16.0,0.0,0.4835311243986157,0.43180267051139737,0.6571169382319995,0.0,16.0,16.0,16.0,0.435918427790731,0.13192474291134593,0.36321445856593587,0.0,16.0,16.0,16.0,0.5383750625745746,0.1936834163964386,0.44009478115110456,0.0,16.0,16.0,16.0,0.4676663907864687,0.05811475812760762,0.24107002743519904,0.0,16.0,16.0,16.0,0.4145408229495004,0.018492484851384675,0.13598707604542673,0.0,16.0,16.0,16.0,1.8375087641271342,0.5815995651604144,0.7626267535042385,0.0,16.0,16.0,16.0,0.3885764881200408,0.01400913418936173,0.11836018836315584,0.0,16.0,16.0,16.0,0.3885764881200408,0.01400913418936173,0.11836018836315584,0.0,16.0,16.0,16.0,2.2276216946589162,0.6049068284587019,0.8248746941784859,0.3423502093433367,0.11720366583742646,0.9614696640841793
CPHL/H,medium,top_k_5,top_k_5,0.43508161325007677,0.014016672037541866,0.029543960001319647,measured_candidate_query_loop_precomputed_vanilla_fallback_separate_retrieval,0.0,16.0,0.0,0.505619960870906,0.4960891266640367,0.7043359473035837,0.0,16.0,16.0,16.0,0.43140864895531716,0.14322613584300453,0.3784522900485668,0.0,16.0,16.0,16.0,0.5387877996395347,0.21532766783049445,0.4640341235625829,0.0,16.0,16.0,16.0,0.44013465073175284,0.04942028328099368,0.22230673242390497,0.0,16.0,16.0,16.0,0.41104256742197,0.02509595196041571,0.15841701916276454,0.0,16.0,16.0,16.0,1.8027443203649793,0.7392391009243237,0.8597901493529242,0.0,16.0,16.0,16.0,0.37518264015983194,0.01609501769326559,0.12686614084642753,0.0,16.0,16.0,16.0,0.37518264015983194,0.01609501769326559,0.12686614084642753,0.0,16.0,16.0,16.0,2.2276216946589162,0.6049068284587019,0.8092686135564898,0.38596775718893844,0.14897110958945936,1.2220710134945896
CPHL/H,medium,top_k_10,top_k_10,0.850106633733958,0.014016672037541866,0.029543960001319647,measured_candidate_query_loop_precomputed_vanilla_fallback_separate_retrieval,0.0,16.0,0.0,0.501520268213938,0.48107625155487566,0.6935966057838487,0.0,16.0,16.0,16.0,0.43052801127752555,0.1436930958680714,0.3790687218276805,0.0,16.0,16.0,16.0,0.5360037674117353,0.21422022953436445,0.4628393128661009,0.0,16.0,16.0,16.0,0.43763816768924874,0.04813508216053112,0.21939708785790918,0.0,16.0,16.0,16.0,0.40879558582312603,0.023486718798320635,0.15325377254188766,0.0,16.0,16.0,16.0,1.8051211539991545,0.7515189356609759,0.8669019181320202,0.0,16.0,16.0,16.0,0.3737079076377774,0.01540415274022565,0.12411346719927556,0.0,16.0,16.0,16.0,0.3737079076377774,0.01540415274022565,0.12411346719927556,0.0,16.0,16.0,16.0,2.2276216946589162,0.6049068284587019,0.8103355961774051,0.38916029602807245,0.15144573600465697,1.242371387302472
CPHL/H,medium,top_k_15,top_k_15,1.2756209657527506,0.014016672037541866,0.029543960001319647,measured_candidate_query_loop_precomputed_vanilla_fallback_separate_retrieval,0.0,16.0,0.0,0.5058377930088458,0.4962335336697289,0.7044384527194189,0.0,16.0,16.0,16.0,0.4319096707338431,0.14397097796405406,0.3794350774033076,0.0,16.0,16.0,16.0,0.537890941932694,0.2165111275956049,0.4653075623666618,0.0,16.0,16.0,16.0,0.4377339789700017,0.04524541772282592,0.21270970293530553,0.0,16.0,16.0,16.0,0.4106531469510478,0.02316790213078651,0.15221005922995534,0.0,16.0,16.0,16.0,1.8137349617176537,0.7564499627381107,0.8697413194382055,0.0,16.0,16.0,16.0,0.37544600032523934,0.015188103740674027,0.12324002491347535,0.0,16.0,16.0,16.0,0.37544600032523934,0.015188103740674027,0.12324002491347535,0.0,16.0,16.0,16.0,2.2276216946589162,0.6049068284587019,0.8142024142009288,0.3904349295589782,0.15243943421972425,1.2505231006658324
CPHL/H,medium,selected_task,selected_task,,,,assembled_from_candidate_artifacts_no_independent_selected_method_latency,0.0,16.0,0.0,0.4946955602081381,0.4447812979541326,0.6669192589467878,0.0,16.0,16.0,16.0,0.435869329230288,0.1337676225604433,0.3657425632332711,0.0,16.0,16.0,16.0,0.5410532272216655,0.20195696552115888,0.44939622330540213,0.0,16.0,16.0,16.0,0.43646074521481854,0.04650970721973126,0.21566109343071424,0.0,16.0,16.0,16.0,0.4106919452087631,0.02233109320606833,0.1494359167204067,0.0,16.0,16.0,16.0,1.818622874374208,0.6669441997100881,0.8166665168292919,0.0,16.0,16.0,16.0,0.3820508216699996,0.017257124297799346,0.13136637430407885,0.0,16.0,16.0,16.0,0.3820508216699996,0.017257124297799346,0.13136637430407885,0.0,16.0,16.0,16.0,2.2276216946589162,0.6049068284587019,0.8163966434402443,0.3666091593502533,0.13440227571949942,1.1025569035308411
CPHL/H,medium,selected_per_variate,selected_per_variate,,,,assembled_from_candidate_artifacts_no_independent_selected_method_latency,0.0,16.0,0.0,0.49556201603782546,0.44399166006714885,0.6663269918494589,0.0,16.0,16.0,16.0,0.4383827159662911,0.13226863414242335,0.36368755016143095,0.0,16.0,16.0,16.0,0.5437879653547676,0.19985666477314762,0.4470533131217658,0.0,16.0,16.0,16.0,0.44733717449974686,0.04516305592836976,0.2125160133457471,0.0,16.0,16.0,16.0,0.4153965457791777,0.02127459174440908,0.14585812196929274,0.0,16.0,16.0,16.0,1.831212094854393,0.5881934607493873,0.7669377163429814,0.0,16.0,16.0,16.0,0.38819307574826384,0.015852247293100252,0.12590570794487538,0.0,16.0,16.0,16.0,0.38819307574826384,0.015852247293100252,0.12590570794487538,0.0,16.0,16.0,16.0,2.2276216946589162,0.6049068284587019,0.8220480610531944,0.3442854404685673,0.1185324645186354,0.9723703437901334
CPHL/H,long,vanilla_univariate,vanilla_univariate,0.04364801989868283,0.0,0.0,measured_candidate_query_loop_precomputed_vanilla_fallback_separate_retrieval,0.0,8.0,0.0,0.5238753640478321,0.4538228588266539,0.6736637579881034,0.0,8.0,8.0,8.0,0.4663776120435448,0.11705738840083212,0.3421365055074248,0.0,8.0,8.0,8.0,0.5840168506503336,0.18279968220429807,0.4275507948820796,0.0,8.0,8.0,8.0,0.513104837527202,0.039243895647215504,0.19810072096591547,0.0,8.0,8.0,8.0,0.47270296222571695,0.020005143259709868,0.14143953923747726,0.0,8.0,8.0,8.0,2.139118123635133,0.509161883021685,0.7135558023180002,0.0,8.0,8.0,8.0,0.4463565503752142,0.015330319473901514,0.12381566732001857,0.0,8.0,8.0,8.0,0.4463565503752142,0.015330319473901514,0.12381566732001857,0.0,8.0,8.0,8.0,2.524261882033793,1.3278778683794659,0.8474232166084327,0.28267899119210627,0.07990741206138688,0.383440296089175
CPHL/H,long,vanilla_multivariate,vanilla_multivariate,0.04406077694147825,0.0,0.0,measured_candidate_query_loop_precomputed_vanilla_fallback_separate_retrieval,0.0,8.0,0.0,0.5238753640478321,0.4538228588266539,0.6736637579881034,0.0,8.0,8.0,8.0,0.4663776120435448,0.11705738840083212,0.3421365055074248,0.0,8.0,8.0,8.0,0.5840168506503336,0.18279968220429807,0.4275507948820796,0.0,8.0,8.0,8.0,0.513104837527202,0.039243895647215504,0.19810072096591547,0.0,8.0,8.0,8.0,0.47270296222571695,0.020005143259709868,0.14143953923747726,0.0,8.0,8.0,8.0,2.139118123635133,0.509161883021685,0.7135558023180002,0.0,8.0,8.0,8.0,0.4463565503752142,0.015330319473901514,0.12381566732001857,0.0,8.0,8.0,8.0,0.4463565503752142,0.015330319473901514,0.12381566732001857,0.0,8.0,8.0,8.0,2.524261882033793,1.3278778683794659,0.8474232166084327,0.28267899119210627,0.07990741206138688,0.383440296089175
CPHL/H,long,self_augmentation,self_augmentation,0.11828809091821313,0.0,0.0,measured_candidate_query_loop_precomputed_vanilla_fallback_separate_retrieval,0.0,8.0,0.0,0.5309225503258793,0.5097078953717052,0.7139382994150861,0.0,8.0,8.0,8.0,0.45833398130671943,0.12536461080267886,0.3540686526687711,0.0,8.0,8.0,8.0,0.5784465484476633,0.1963221409148643,0.4430825441324272,0.0,8.0,8.0,8.0,0.47287854806621166,0.024505136217621862,0.15654116461053258,0.0,8.0,8.0,8.0,0.45918528311610235,0.0192458465211903,0.13872940034898984,0.0,8.0,8.0,8.0,2.069939195680454,0.534102200004448,0.7308229607808228,0.0,8.0,8.0,8.0,0.4282708359950662,0.013130086829808455,0.11458659096861401,0.0,8.0,8.0,8.0,0.4282708359950662,0.013130086829808455,0.11458659096861401,0.0,8.0,8.0,8.0,2.524261882033793,1.3278778683794659,0.8200176100637814,0.2895194694268409,0.08382152317719947,0.4022223825872353
CPHL/H,long,top_k_1,top_k_1,0.08164565404877067,0.014468047302216291,0.03807683056220412,measured_candidate_query_loop_precomputed_vanilla_fallback_separate_retrieval,0.0,8.0,0.0,0.5013844362395032,0.42765325239426444,0.6539520260648058,0.0,8.0,8.0,8.0,0.44537158890876266,0.12124235988350719,0.34819873618884256,0.0,8.0,8.0,8.0,0.5647377881020196,0.1824556669291417,0.42714829617960753,0.0,8.0,8.0,8.0,0.46138851524701097,0.022387788019649545,0.14962549254605495,0.0,8.0,8.0,8.0,0.44680178404384085,0.021115818588132704,0.14531283008782364,0.0,8.0,8.0,8.0,1.9963666845410815,0.5209271662389263,0.7217528429032519,0.0,8.0,8.0,8.0,0.4120488551173944,0.012913615546088471,0.11363809020785448,0.0,8.0,8.0,8.0,0.4120488551173944,0.012913615546088471,0.11363809020785448,0.0,8.0,8.0,8.0,2.524261882033793,1.3278778683794659,0.7908714617726638,0.285926293163266,0.08175384512208594,0.3923005109458317
CPHL/H,long,top_k_5,top_k_5,0.21905234502628446,0.014468047302216291,0.03807683056220412,measured_candidate_query_loop_precomputed_vanilla_fallback_separate_retrieval,0.0,8.0,0.0,0.5489385198254403,0.497134715307484,0.7050778079811362,0.0,8.0,8.0,8.0,0.46359660639254574,0.1350186569782299,0.36744884947190937,0.0,8.0,8.0,8.0,0.5893344048049266,0.20162347913866316,0.4490250317506399,0.0,8.0,8.0,8.0,0.4641354988086282,0.021156345343953314,0.14545220982836016,0.0,8.0,8.0,8.0,0.46182773739297683,0.021492724011982628,0.14660396997347183,0.0,8.0,8.0,8.0,2.0432015168849444,0.5064611723320332,0.7116608548543564,0.0,8.0,8.0,8.0,0.4229028670479983,0.013059605999247517,0.11427863317019292,0.0,8.0,8.0,8.0,0.4229028670479983,0.013059605999247517,0.11427863317019292,0.0,8.0,8.0,8.0,2.524261882033793,1.3278778683794659,0.809425333966831,0.2819282975033369,0.07948356493313004,0.38140644135451657
CPHL/H,long,top_k_10,top_k_10,0.4062242889776826,0.014468047302216291,0.03807683056220412,measured_candidate_query_loop_precomputed_vanilla_fallback_separate_retrieval,0.0,8.0,0.0,0.5715212741393332,0.5708690854421408,0.7555587901957999,0.0,8.0,8.0,8.0,0.4653595826104376,0.14080448009096513,0.37523923047965696,0.0,8.0,8.0,8.0,0.5967482453865143,0.21541280576744973,0.46412585121650973,0.0,8.0,8.0,8.0,0.44951923933599897,0.0165891098041891,0.1287987181775855,0.0,8.0,8.0,8.0,0.459961236593749,0.020332092646137886,0.14259064712013156,0.0,8.0,8.0,8.0,2.0379095106260228,0.5136106961634184,0.7166663771682179,0.0,8.0,8.0,8.0,0.42106210798881816,0.01273496776870697,0.11284931443614077,0.0,8.0,8.0,8.0,0.42106210798881816,0.01273496776870697,0.11284931443614077,0.0,8.0,8.0,8.0,2.524261882033793,1.3278778683794659,0.8073288770593338,0.283911262246214,0.08060560483023849,0.386790614102354
CPHL/H,long,top_k_15,top_k_15,0.6444708160124719,0.014468047302216291,0.03807683056220412,measured_candidate_query_loop_precomputed_vanilla_fallback_separate_retrieval,0.0,8.0,0.0,0.5818288205816965,0.5782295892047289,0.7604140906142711,0.0,8.0,8.0,8.0,0.4710849241634541,0.14332648885802418,0.3785848502753698,0.0,8.0,8.0,8.0,0.6030019911164575,0.21821741929128424,0.46713747365340347,0.0,8.0,8.0,8.0,0.4551715353371265,0.017457915944965936,0.13212840703257547,0.0,8.0,8.0,8.0,0.4657037503059599,0.018960210735159265,0.13769608104502926,0.0,8.0,8.0,8.0,2.0641985567299903,0.48565212120030443,0.6968874523194577,0.0,8.0,8.0,8.0,0.427282717349379,0.01219056344724727,0.11041088464117689,0.0,8.0,8.0,8.0,0.427282717349379,0.01219056344724727,0.11041088464117689,0.0,8.0,8.0,8.0,2.524261882033793,1.3278778683794659,0.8177434248885734,0.2760757341698543,0.07621781099742407,0.365735533941078
CPHL/H,long,selected_task,selected_task,,,,assembled_from_candidate_artifacts_no_independent_selected_method_latency,0.0,8.0,0.0,0.5489385198254403,0.497134715307484,0.7050778079811362,0.0,8.0,8.0,8.0,0.46359660639254574,0.1350186569782299,0.36744884947190937,0.0,8.0,8.0,8.0,0.5893344048049266,0.20162347913866316,0.4490250317506399,0.0,8.0,8.0,8.0,0.4641354988086282,0.021156345343953314,0.14545220982836016,0.0,8.0,8.0,8.0,0.46182773739297683,0.021492724011982628,0.14660396997347183,0.0,8.0,8.0,8.0,2.0432015168849444,0.5064611723320332,0.7116608548543564,0.0,8.0,8.0,8.0,0.4229028670479983,0.013059605999247517,0.11427863317019292,0.0,8.0,8.0,8.0,0.4229028670479983,0.013059605999247517,0.11427863317019292,0.0,8.0,8.0,8.0,2.524261882033793,1.3278778683794659,0.809425333966831,0.2819282975033369,0.07948356493313004,0.38140644135451657
CPHL/H,long,selected_per_variate,selected_per_variate,,,,assembled_from_candidate_artifacts_no_independent_selected_method_latency,0.0,8.0,0.0,0.5286876043174376,0.5116736292141862,0.7153136579250995,0.0,8.0,8.0,8.0,0.4549951070887984,0.12721234221833544,0.35666839251374016,0.0,8.0,8.0,8.0,0.5745839136835016,0.19854093045358787,0.44557932004704603,0.0,8.0,8.0,8.0,0.4746817161879753,0.022785579310149205,0.15094892947665844,0.0,8.0,8.0,8.0,0.4514598628268247,0.01908161728275922,0.1381362272641005,0.0,8.0,8.0,8.0,2.0205671474138542,0.46656767144504996,0.68305759013794,0.0,8.0,8.0,8.0,0.4202260246138463,0.012925271486835331,0.11368936400048744,0.0,8.0,8.0,8.0,0.4202260246138463,0.012925271486835331,0.11368936400048744,0.0,8.0,8.0,8.0,2.524261882033793,1.3278778683794659,0.8004586060563126,0.2705969594516088,0.0732227144644556,0.3513633915854372
Coastal_T_S/15T,short,vanilla_univariate,vanilla_univariate,7.914419804699719,0.0,0.0,measured_candidate_query_loop_precomputed_vanilla_fallback_separate_retrieval,0.0,1800.0,0.0,111.0751882400019,74679.07902372716,273.274731769564,0.0,1800.0,1800.0,1800.0,4.6569862813861285,82.35012677016111,9.074697062170236,0.0,1800.0,1800.0,1800.0,4.851464618290255,87.53847929747971,9.356200045824144,0.0,1800.0,1800.0,1800.0,0.13437469458769413,0.0616107567134048,0.24821514199058203,0.0,1800.0,1800.0,1800.0,0.11940646377180669,0.04230466721220517,0.20568098408021382,0.0,1800.0,1800.0,1800.0,1.1295658841221838,1.294086951058979,1.137579426263933,0.0,1800.0,1800.0,1800.0,0.11493460682803534,0.03909334097954896,0.19772036055891906,0.0,1800.0,1800.0,1800.0,0.11493460682803534,0.03909334097954896,0.19772036055891906,0.0,1800.0,1800.0,1800.0,1.447975868226236,1.6108624064484944,0.7800999373738853,0.7856342437926557,0.617221165019658,0.8033503953401473
Coastal_T_S/15T,short,vanilla_multivariate,vanilla_multivariate,8.425215423107147,0.0,0.0,measured_candidate_query_loop_precomputed_vanilla_fallback_separate_retrieval,0.0,1800.0,0.0,109.7021951607521,71927.0678428833,268.19222181652344,0.0,1800.0,1800.0,1800.0,4.658838525480694,82.36674411284618,9.075612602620618,0.0,1800.0,1800.0,1800.0,4.829819044739236,86.37504315582628,9.293817469470028,0.0,1800.0,1800.0,1800.0,0.14076496304622638,0.0704920209943201,0.26550333518492775,0.0,1800.0,1800.0,1800.0,0.11911790766854014,0.042225207239760094,0.20548773014406505,0.0,1800.0,1800.0,1800.0,1.1305421687649349,1.2995968690877888,1.1399986267920628,0.0,1800.0,1800.0,1800.0,0.11545226292798182,0.040102023064472664,0.2002548952322331,0.0,1800.0,1800.0,1800.0,0.11545226292798182,0.040102023064472664,0.2002548952322331,0.0,1800.0,1800.0,1800.0,1.447975868226236,1.6108624064484944,0.7807741783361652,0.7873049902334049,0.6198491476464218,0.8067708724750986
Coastal_T_S/15T,short,self_augmentation,self_augmentation,25.367733710911125,0.0,0.0,measured_candidate_query_loop_precomputed_vanilla_fallback_separate_retrieval,0.0,1800.0,0.0,112.02229148243605,77366.99514368261,278.1492317869719,0.0,1800.0,1800.0,1800.0,4.658702606536724,82.38382259259706,9.076553453409343,0.0,1800.0,1800.0,1800.0,4.861290772176115,88.3901435107914,9.401603241511067,0.0,1800.0,1800.0,1800.0,0.13183850464783842,0.0577498708118421,0.2403120280215747,0.0,1800.0,1800.0,1800.0,0.11964724227808307,0.0423514427719025,0.20579466167007954,0.0,1800.0,1800.0,1800.0,1.1301922810219958,1.2953584562572082,1.138138153414254,0.0,1800.0,1800.0,1800.0,0.11479047417715092,0.03862396576610774,0.196529808848703,0.0,1800.0,1800.0,1800.0,0.11479047417715092,0.03862396576610774,0.196529808848703,0.0,1800.0,1800.0,1800.0,1.447975868226236,1.6108624064484944,0.7805325391275175,0.7860201115150269,0.6178276157060956,0.8041397273111084
Coastal_T_S/15T,short,top_k_1,top_k_1,16.92813259223476,2.7930405610240996,0.9104758128523827,measured_candidate_query_loop_precomputed_vanilla_fallback_separate_retrieval,0.0,1800.0,0.0,112.01301941874796,75545.73743395846,274.8558484623503,0.0,1800.0,1800.0,1800.0,4.652252007899461,82.46528004133124,9.081039590340483,0.0,1800.0,1800.0,1800.0,4.870477833283163,88.29146509424531,9.39635381912821,0.0,1800.0,1800.0,1800.0,0.13503972253428495,0.06308284383940678,0.251162982621657,0.0,1800.0,1800.0,1800.0,0.1190166499650682,0.042221431473398546,0.20547854261065449,0.0,1800.0,1800.0,1800.0,1.1272282738112733,1.285748840950654,1.133908656352289,0.0,1800.0,1800.0,1800.0,0.11478717315754508,0.03916986440928313,0.19791378024100073,0.0,1800.0,1800.0,1800.0,0.11478717315754508,0.03916986440928313,0.19791378024100073,0.0,1800.0,1800.0,1800.0,1.447975868226236,1.6108624064484944,0.7784855387073011,0.7830991394499703,0.6132442622072842,0.7981742176138893
Coastal_T_S/15T,short,top_k_5,top_k_5,58.234270920976996,2.7930405610240996,0.9104758128523827,measured_candidate_query_loop_precomputed_vanilla_fallback_separate_retrieval,0.0,1800.0,0.0,112.33152922081659,75982.82760947628,275.6498278785537,0.0,1800.0,1800.0,1800.0,4.665578538753368,83.0490495816375,9.113125127070159,0.0,1800.0,1800.0,1800.0,4.8784013375807245,88.53272961030717,9.409183259470886,0.0,1800.0,1800.0,1800.0,0.14079733840743708,0.07072392359557056,0.2659396991717682,0.0,1800.0,1800.0,1800.0,0.11901318378252299,0.042340249376754846,0.20576746432989557,0.0,1800.0,1800.0,1800.0,1.1281477494722603,1.282439039626732,1.1324482503084774,0.0,1800.0,1800.0,1800.0,0.11544758232395876,0.04023008857360789,0.20057439660536908,0.0,1800.0,1800.0,1800.0,0.11544758232395876,0.04023008857360789,0.20057439660536908,0.0,1800.0,1800.0,1800.0,1.447975868226236,1.6108624064484944,0.7791205462935209,0.7820905549314999,0.6116656361130617,0.7961195409942895
Coastal_T_S/15T,short,top_k_10,top_k_10,113.20001432392746,2.7930405610240996,0.9104758128523827,measured_candidate_query_loop_precomputed_vanilla_fallback_separate_retrieval,0.0,1800.0,0.0,112.27911013584774,75636.92701534988,275.0216846275033,0.0,1800.0,1800.0,1800.0,4.676443689884962,83.43155580168379,9.134087573572074,0.0,1800.0,1800.0,1800.0,4.880016812383586,88.46454604670129,9.40555931599505,0.0,1800.0,1800.0,1800.0,0.1435229314723742,0.07484286216039078,0.27357423519109175,0.0,1800.0,1800.0,1800.0,0.11911352512801636,0.04252809382368999,0.20622340755522878,0.0,1800.0,1800.0,1800.0,1.127623093595404,1.2723872251382164,1.128001429581637,0.0,1800.0,1800.0,1800.0,0.11592452744932866,0.040931741558167464,0.20231594489354382,0.0,1800.0,1800.0,1800.0,0.11592452744932866,0.040931741558167464,0.20231594489354382,0.0,1800.0,1800.0,1800.0,1.447975868226236,1.6108624064484944,0.778758208848285,0.7790194949612204,0.6068713735296348,0.7898795204635001
Coastal_T_S/15T,short,top_k_15,top_k_15,166.29990679584444,2.7930405610240996,0.9104758128523827,measured_candidate_query_loop_precomputed_vanilla_fallback_separate_retrieval,0.0,1800.0,0.0,112.34108995457396,76300.2573485126,276.2250121703547,0.0,1800.0,1800.0,1800.0,4.686127056854742,83.86024831017647,9.157524136477964,0.0,1800.0,1800.0,1800.0,4.87596623867899,88.56604319383662,9.410953362642736,0.0,1800.0,1800.0,1800.0,0.14551528858893967,0.07752939693851017,0.27844101159583184,0.0,1800.0,1800.0,1800.0,0.11929890824395634,0.04269287091521112,0.20662253244796688,0.0,1800.0,1800.0,1800.0,1.1294603640571417,1.2743936491776249,1.1288904504767612,0.0,1800.0,1800.0,1800.0,0.11626948156161837,0.04139731485548859,0.2034633010041088,0.0,1800.0,1800.0,1800.0,0.11626948156161837,0.04139731485548859,0.2034633010041088,0.0,1800.0,1800.0,1800.0,1.447975868226236,1.6108624064484944,0.7800270631862986,0.7796334699000522,0.6078283473883958,0.7911250793836018
Coastal_T_S/15T,short,selected_task,selected_task,,,,assembled_from_candidate_artifacts_no_independent_selected_method_latency,0.0,1800.0,0.0,109.7021951607521,71927.0678428833,268.19222181652344,0.0,1800.0,1800.0,1800.0,4.658838525480694,82.36674411284618,9.075612602620618,0.0,1800.0,1800.0,1800.0,4.829819044739236,86.37504315582628,9.293817469470028,0.0,1800.0,1800.0,1800.0,0.14076496304622638,0.0704920209943201,0.26550333518492775,0.0,1800.0,1800.0,1800.0,0.11911790766854014,0.042225207239760094,0.20548773014406505,0.0,1800.0,1800.0,1800.0,1.1305421687649349,1.2995968690877888,1.1399986267920628,0.0,1800.0,1800.0,1800.0,0.11545226292798182,0.040102023064472664,0.2002548952322331,0.0,1800.0,1800.0,1800.0,0.11545226292798182,0.040102023064472664,0.2002548952322331,0.0,1800.0,1800.0,1800.0,1.447975868226236,1.6108624064484944,0.7807741783361652,0.7873049902334049,0.6198491476464218,0.8067708724750986
Coastal_T_S/15T,short,selected_per_variate,selected_per_variate,,,,assembled_from_candidate_artifacts_no_independent_selected_method_latency,0.0,1800.0,0.0,110.75997160714391,74570.63971107536,273.07625255791714,0.0,1800.0,1800.0,1800.0,4.653931444618437,82.24926967440622,9.069138309365792,0.0,1800.0,1800.0,1800.0,4.841058081980168,87.3241282540384,9.344737998148391,0.0,1800.0,1800.0,1800.0,0.1358101277835882,0.0624473285611348,0.24989463491866887,0.0,1800.0,1800.0,1800.0,0.1193170863804334,0.04227810574239859,0.20561640436112724,0.0,1800.0,1800.0,1800.0,1.130222682396705,1.2969918598762527,1.1388555043886177,0.0,1800.0,1800.0,1800.0,0.11499838565446002,0.039191350453558434,0.19796805412378643,0.0,1800.0,1800.0,1800.0,0.11499838565446002,0.039191350453558434,0.19796805412378643,0.0,1800.0,1800.0,1800.0,1.447975868226236,1.6108624064484944,0.7805535349019475,0.7865155279028998,0.6186066756323771,0.8051537205686987
Coastal_T_S/15T,medium,vanilla_univariate,vanilla_univariate,1.0138782691210508,0.0,0.0,measured_candidate_query_loop_precomputed_vanilla_fallback_separate_retrieval,0.0,225.0,0.0,110.3513027370109,72688.19860055312,269.6074898821491,0.0,225.0,225.0,225.0,4.7091726560062845,82.28475837622358,9.07109466251034,0.0,225.0,225.0,225.0,4.881360005476698,86.52362723394343,9.301807740108556,0.0,225.0,225.0,225.0,0.13703612143156255,0.0613420525194701,0.247673277766234,0.0,225.0,225.0,225.0,0.12122103165089673,0.04243359314246437,0.20599415802994117,0.0,225.0,225.0,225.0,1.2529514234576489,1.1456032779560286,1.070328584106782,0.0,225.0,225.0,225.0,0.11499582829136053,0.03682300910548701,0.19189322318801935,0.0,225.0,225.0,225.0,0.11499582829136053,0.03682300910548701,0.19189322318801935,0.0,225.0,225.0,225.0,1.4516859811322,1.2834579947320974,0.8631008632324506,0.737300351465825,0.5436118082716289,0.8925911737338595
Coastal_T_S/15T,medium,vanilla_multivariate,vanilla_multivariate,1.04990372993052,0.0,0.0,measured_candidate_query_loop_precomputed_vanilla_fallback_separate_retrieval,0.0,225.0,0.0,110.54008023101635,72588.92753453161,269.42332403585925,0.0,225.0,225.0,225.0,4.711840262501328,82.51101175930737,9.083557219465696,0.0,225.0,225.0,225.0,4.8865005593687965,86.66219251430475,9.309253058882048,0.0,225.0,225.0,225.0,0.1410779285215648,0.06675949178364712,0.2583785822850786,0.0,225.0,225.0,225.0,0.12100304579443011,0.0422847810431084,0.2056326361332471,0.0,225.0,225.0,225.0,1.249904502099764,1.1477548277154908,1.071333201070279,0.0,225.0,225.0,225.0,0.11504939557125635,0.036905292193448604,0.19210750165844281,0.0,225.0,225.0,225.0,0.11504939557125635,0.036905292193448604,0.19210750165844281,0.0,225.0,225.0,225.0,1.4516859811322,1.2834579947320974,0.8610019786269049,0.7379923860907742,0.5446327619279543,0.8942675431735242
Coastal_T_S/15T,medium,self_augmentation,self_augmentation,3.181252349168062,0.0,0.0,measured_candidate_query_loop_precomputed_vanilla_fallback_separate_retrieval,0.0,225.0,0.0,112.9667391722949,76463.20783660533,276.5198145460924,0.0,225.0,225.0,225.0,4.70713705446985,82.06702126423058,9.059085012529167,0.0,225.0,225.0,225.0,4.937739653894276,88.5854662826549,9.411985246623313,0.0,225.0,225.0,225.0,0.13267217368914616,0.05645641949414118,0.23760559651266883,0.0,225.0,225.0,225.0,0.12131754124791046,0.04240176179927428,0.20591688080211948,0.0,225.0,225.0,225.0,1.257960175776542,1.1538053961695363,1.0741533392256137,0.0,225.0,225.0,225.0,0.11495929443285346,0.036656186711558764,0.19145805470535515,0.0,225.0,225.0,225.0,0.11495929443285346,0.036656186711558764,0.19145805470535515,0.0,225.0,225.0,225.0,1.4516859811322,1.2834579947320974,0.8665511633551993,0.7399350501324393,0.5475038784144953,0.8989818139006378
Coastal_T_S/15T,medium,top_k_1,top_k_1,2.218795076943934,0.09319137316197157,0.15128982299938798,measured_candidate_query_loop_precomputed_vanilla_fallback_separate_retrieval,0.0,225.0,0.0,112.6357452204852,75359.10784259648,274.5161340296713,0.0,225.0,225.0,225.0,4.712044253834971,82.61249513643435,9.089141606138302,0.0,225.0,225.0,225.0,4.9286624251782225,88.34403191912153,9.399150595618815,0.0,225.0,225.0,225.0,0.13649897611123574,0.06147886243258013,0.2479493142409959,0.0,225.0,225.0,225.0,0.12110328617750282,0.04239843236056928,0.20590879621951386,0.0,225.0,225.0,225.0,1.260664908905966,1.1462732031388527,1.0706414914147746,0.0,225.0,225.0,225.0,0.11503776722535926,0.03688099737013987,0.19204425888357055,0.0,225.0,225.0,225.0,0.11503776722535926,0.03688099737013987,0.19204425888357055,0.0,225.0,225.0,225.0,1.4516859811322,1.2834579947320974,0.8684143301588869,0.7375158989823399,0.5439297012517288,0.8931131426534298
Coastal_T_S/15T,medium,top_k_5,top_k_5,7.324180441908538,0.09319137316197157,0.15128982299938798,measured_candidate_query_loop_precomputed_vanilla_fallback_separate_retrieval,0.0,225.0,0.0,113.0949254584891,75450.7052662474,274.68291768191085,0.0,225.0,225.0,225.0,4.72823528236813,83.1687508872551,9.11969028461247,0.0,225.0,225.0,225.0,4.944752150848665,88.6443516251666,9.415112937462121,0.0,225.0,225.0,225.0,0.1451103964557863,0.07171879823077779,0.2678036561191385,0.0,225.0,225.0,225.0,0.12097438845069705,0.042224379298407534,0.205485715558059,0.0,225.0,225.0,225.0,1.2699460325856076,1.1492263342630404,1.0720197452766624,0.0,225.0,225.0,225.0,0.11551214732138385,0.03729258753922911,0.19311288807127583,0.0,225.0,225.0,225.0,0.11551214732138385,0.03729258753922911,0.19311288807127583,0.0,225.0,225.0,225.0,1.4516859811322,1.2834579947320974,0.874807671281051,0.7384653149578341,0.545331021395773,0.8954140602808931
Coastal_T_S/15T,medium,top_k_10,top_k_10,14.121301919221878,0.09319137316197157,0.15128982299938798,measured_candidate_query_loop_precomputed_vanilla_fallback_separate_retrieval,0.0,225.0,0.0,112.53080193475006,74123.47378464958,272.2562649134994,0.0,225.0,225.0,225.0,4.7334717280776415,83.01987978852188,9.111524558959488,0.0,225.0,225.0,225.0,4.934777987381129,88.17876815000872,9.390355059847776,0.0,225.0,225.0,225.0,0.146711709055584,0.07315024461540562,0.2704630189423419,0.0,225.0,225.0,225.0,0.12108633227554531,0.04227999690945091,0.2056210030844391,0.0,225.0,225.0,225.0,1.2710050261956152,1.1328751866032525,1.064366096135748,0.0,225.0,225.0,225.0,0.11564409238630821,0.03738092895832342,0.1933414827664343,0.0,225.0,225.0,225.0,0.11564409238630821,0.03738092895832342,0.1933414827664343,0.0,225.0,225.0,225.0,1.4516859811322,1.2834579947320974,0.875537163487886,0.7331930665236752,0.5375720727983906,0.8826741437998703
Coastal_T_S/15T,medium,top_k_15,top_k_15,20.850518771912903,0.09319137316197157,0.15128982299938798,measured_candidate_query_loop_precomputed_vanilla_fallback_separate_retrieval,0.0,225.0,0.0,111.98240795061507,74446.96536636152,272.8497120510878,0.0,225.0,225.0,225.0,4.740265715431284,83.4514005066048,9.135173808231828,0.0,225.0,225.0,225.0,4.9157328308298105,87.81797868651702,9.371124729002226,0.0,225.0,225.0,225.0,0.1477791428418228,0.07447231011682522,0.27289615262371364,0.0,225.0,225.0,225.0,0.12125545892766673,0.04245226432932747,0.20603947274570344,0.0,225.0,225.0,225.0,1.2726922752510763,1.1273871199711518,1.0617848746196905,0.0,225.0,225.0,225.0,0.11578189202305086,0.03754014808924734,0.19375280150038435,0.0,225.0,225.0,225.0,0.11578189202305086,0.03754014808924734,0.19375280150038435,0.0,225.0,225.0,225.0,1.4516859811322,1.2834579947320974,0.8766994321034065,0.7314149812148647,0.5349678747455408,0.8783981436077126
Coastal_T_S/15T,medium,selected_task,selected_task,,,,assembled_from_candidate_artifacts_no_independent_selected_method_latency,0.0,225.0,0.0,110.3513027370109,72688.19860055312,269.6074898821491,0.0,225.0,225.0,225.0,4.7091726560062845,82.28475837622358,9.07109466251034,0.0,225.0,225.0,225.0,4.881360005476698,86.52362723394343,9.301807740108556,0.0,225.0,225.0,225.0,0.13703612143156255,0.0613420525194701,0.247673277766234,0.0,225.0,225.0,225.0,0.12122103165089673,0.04243359314246437,0.20599415802994117,0.0,225.0,225.0,225.0,1.2529514234576489,1.1456032779560286,1.070328584106782,0.0,225.0,225.0,225.0,0.11499582829136053,0.03682300910548701,0.19189322318801935,0.0,225.0,225.0,225.0,0.11499582829136053,0.03682300910548701,0.19189322318801935,0.0,225.0,225.0,225.0,1.4516859811322,1.2834579947320974,0.8631008632324506,0.737300351465825,0.5436118082716289,0.8925911737338595
Coastal_T_S/15T,medium,selected_per_variate,selected_per_variate,,,,assembled_from_candidate_artifacts_no_independent_selected_method_latency,0.0,225.0,0.0,110.015858198609,72628.34859994352,269.49647233302244,0.0,225.0,225.0,225.0,4.702497200877579,82.1224754098992,9.062145188083184,0.0,225.0,225.0,225.0,4.869750096046042,86.30139220066857,9.289854261540844,0.0,225.0,225.0,225.0,0.13709205041716274,0.06105002766717103,0.24708303799971992,0.0,225.0,225.0,225.0,0.12109431146193439,0.04234487162737273,0.20577869575680746,0.0,225.0,225.0,225.0,1.2517344682164764,1.1566715024472862,1.0754866351783672,0.0,225.0,225.0,225.0,0.1148522846991408,0.036715308768097574,0.19161239200035465,0.0,225.0,225.0,225.0,0.1148522846991408,0.036715308768097574,0.19161239200035465,0.0,225.0,225.0,225.0,1.4516859811322,1.2834579947320974,0.8622625584909367,0.7408534966629442,0.548863903517711,0.9012149265459397
Coastal_T_S/15T,long,vanilla_univariate,vanilla_univariate,0.38662587804719806,0.0,0.0,measured_candidate_query_loop_precomputed_vanilla_fallback_separate_retrieval,0.0,75.0,0.0,108.96287535181419,71298.60722994403,267.0179904612122,0.0,75.0,75.0,75.0,4.737478581578644,81.83898541912349,9.046490226553251,0.0,75.0,75.0,75.0,4.888587491427172,85.06458769047599,9.223046551464217,0.0,75.0,75.0,75.0,0.13901065889083325,0.06119696783950535,0.24738020906997663,0.0,75.0,75.0,75.0,0.12264874142620047,0.04224982322718866,0.2055476179068701,0.0,75.0,75.0,75.0,1.3934309293240545,1.1825856239930592,1.0874675277878687,0.0,75.0,75.0,75.0,0.11623821318136426,0.03653190209024981,0.19113320509594822,0.0,75.0,75.0,75.0,0.11623821318136426,0.03653190209024981,0.19113320509594822,0.0,75.0,75.0,75.0,1.5935046166703226,1.3306993853637727,0.8744442374040131,0.6824376386559619,0.4657211306543253,0.8886947998925966
Coastal_T_S/15T,long,vanilla_multivariate,vanilla_multivariate,0.35945486696437,0.0,0.0,measured_candidate_query_loop_precomputed_vanilla_fallback_separate_retrieval,0.0,75.0,0.0,108.26721343967371,70435.18039210998,265.3962704939728,0.0,75.0,75.0,75.0,4.744113356934653,82.17288328294158,9.064925994344442,0.0,75.0,75.0,75.0,4.877272468804187,84.47942670471845,9.191269047564566,0.0,75.0,75.0,75.0,0.14279900539222523,0.06567586394437004,0.2562730261739812,0.0,75.0,75.0,75.0,0.12262617987713022,0.04222823015033242,0.20549508546515757,0.0,75.0,75.0,75.0,1.3875581010851818,1.1839815614864155,1.0881091680003507,0.0,75.0,75.0,75.0,0.11639740779574337,0.03667859080879896,0.19151655492097533,0.0,75.0,75.0,75.0,0.11639740779574337,0.03667859080879896,0.19151655492097533,0.0,75.0,75.0,75.0,1.5935046166703226,1.3306993853637727,0.870758758129316,0.6828402984322622,0.46627087316306093,0.8897438253214125
Coastal_T_S/15T,long,self_augmentation,self_augmentation,1.1115076839923859,0.0,0.0,measured_candidate_query_loop_precomputed_vanilla_fallback_separate_retrieval,0.0,75.0,0.0,111.81568757070735,74996.37598469052,273.85466215620744,0.0,75.0,75.0,75.0,4.738153551596183,81.67466023304705,9.037403401035446,0.0,75.0,75.0,75.0,4.960353670205394,87.21057903718724,9.33866045196993,0.0,75.0,75.0,75.0,0.13443829894898482,0.0562951603995675,0.23726601189291208,0.0,75.0,75.0,75.0,0.12288531931536352,0.042232707642380095,0.20550597957816238,0.0,75.0,75.0,75.0,1.4030842119422917,1.2206565252887416,1.1048332567807422,0.0,75.0,75.0,75.0,0.11636038118457824,0.036413828648405984,0.19082407774808186,0.0,75.0,75.0,75.0,0.11636038118457824,0.036413828648405984,0.19082407774808186,0.0,75.0,75.0,75.0,1.5935046166703226,1.3306993853637727,0.8805021317566558,0.6933354602318791,0.4807140604149516,0.9173044931970501
Coastal_T_S/15T,long,top_k_1,top_k_1,0.818018632940948,0.05153641803190112,0.1503433738835156,measured_candidate_query_loop_precomputed_vanilla_fallback_separate_retrieval,0.0,75.0,0.0,112.63440178185117,75557.59874150905,274.8774249397521,0.0,75.0,75.0,75.0,4.72575628232073,81.28722577232755,9.015942866518595,0.0,75.0,75.0,75.0,4.969745646068663,87.93602999523274,9.377421287072089,0.0,75.0,75.0,75.0,0.13518386081039788,0.057263665049095296,0.2392982763186883,0.0,75.0,75.0,75.0,0.1223342909589988,0.04175426869460229,0.2043386128332144,0.0,75.0,75.0,75.0,1.423569431149068,1.1917276724070978,1.0916628016045513,0.0,75.0,75.0,75.0,0.11608210914253397,0.03618229200841055,0.19021643464330454,0.0,75.0,75.0,75.0,0.11608210914253397,0.03618229200841055,0.19021643464330454,0.0,75.0,75.0,75.0,1.5935046166703226,1.3306993853637727,0.8933575819338764,0.6850703726768076,0.46932141551953993,0.8955649078332711
Coastal_T_S/15T,long,top_k_5,top_k_5,2.544108471367508,0.05153641803190112,0.1503433738835156,measured_candidate_query_loop_precomputed_vanilla_fallback_separate_retrieval,0.0,75.0,0.0,111.17599851488832,74867.55203238521,273.6193560996466,0.0,75.0,75.0,75.0,4.737086956059492,81.92379856499834,9.051176639807574,0.0,75.0,75.0,75.0,4.925227873837222,86.91812890566518,9.322989268773465,0.0,75.0,75.0,75.0,0.14280372306790623,0.06488617855263096,0.2547276556493836,0.0,75.0,75.0,75.0,0.12217830761904355,0.04185987822528743,0.20459686758425075,0.0,75.0,75.0,75.0,1.441300819102518,1.2309065479526369,1.1094622787425614,0.0,75.0,75.0,75.0,0.11620988292033796,0.03650769288291158,0.19106986387945007,0.0,75.0,75.0,75.0,0.11620988292033796,0.03650769288291158,0.19106986387945007,0.0,75.0,75.0,75.0,1.5935046166703226,1.3306993853637727,0.9044848719134312,0.6962403918608139,0.48475068325849957,0.9250072266443141
Coastal_T_S/15T,long,top_k_10,top_k_10,4.791561579797417,0.05153641803190112,0.1503433738835156,measured_candidate_query_loop_precomputed_vanilla_fallback_separate_retrieval,0.0,75.0,0.0,110.57640028425953,73332.22030469748,270.7992250814198,0.0,75.0,75.0,75.0,4.72466684796192,81.50420895764228,9.027968152227958,0.0,75.0,75.0,75.0,4.915904492899948,86.41028330094565,9.295713167957887,0.0,75.0,75.0,75.0,0.14516838742827334,0.06657350334899824,0.2580184166857053,0.0,75.0,75.0,75.0,0.12184657062022138,0.04165200848849524,0.2040882370164808,0.0,75.0,75.0,75.0,1.4482869764191146,1.2589663261545938,1.122036686634886,0.0,75.0,75.0,75.0,0.11588824477290299,0.03629907535979216,0.19052316226588348,0.0,75.0,75.0,75.0,0.11588824477290299,0.03629907535979216,0.19052316226588348,0.0,75.0,75.0,75.0,1.5935046166703226,1.3306993853637727,0.908869018180415,0.7041314313725784,0.4958010726467961,0.9460937158323183
Coastal_T_S/15T,long,top_k_15,top_k_15,7.112732337322086,0.05153641803190112,0.1503433738835156,measured_candidate_query_loop_precomputed_vanilla_fallback_separate_retrieval,0.0,75.0,0.0,111.34838822579368,75610.89610251576,274.9743553543053,0.0,75.0,75.0,75.0,4.744497176364616,82.47938407472523,9.081816122049887,0.0,75.0,75.0,75.0,4.921187767622012,87.13029918160113,9.334361209081269,0.0,75.0,75.0,75.0,0.14628220917279505,0.06849580568587599,0.261717033618135,0.0,75.0,75.0,75.0,0.12226726987517234,0.04201676178762112,0.20497990581425565,0.0,75.0,75.0,75.0,1.4459874327947602,1.2622288371458323,1.1234895803459115,0.0,75.0,75.0,75.0,0.11630685811496176,0.036654109126129736,0.1914526289350181,0.0,75.0,75.0,75.0,0.11630685811496176,0.036654109126129736,0.1914526289350181,0.0,75.0,75.0,75.0,1.5935046166703226,1.3306993853637727,0.9074259450946529,0.7050431913360112,0.4970859016492673,0.9485454423658408
Coastal_T_S/15T,long,selected_task,selected_task,,,,assembled_from_candidate_artifacts_no_independent_selected_method_latency,0.0,75.0,0.0,108.96287535181419,71298.60722994403,267.0179904612122,0.0,75.0,75.0,75.0,4.737478581578644,81.83898541912349,9.046490226553251,0.0,75.0,75.0,75.0,4.888587491427172,85.06458769047599,9.223046551464217,0.0,75.0,75.0,75.0,0.13901065889083325,0.06119696783950535,0.24738020906997663,0.0,75.0,75.0,75.0,0.12264874142620047,0.04224982322718866,0.2055476179068701,0.0,75.0,75.0,75.0,1.3934309293240545,1.1825856239930592,1.0874675277878687,0.0,75.0,75.0,75.0,0.11623821318136426,0.03653190209024981,0.19113320509594822,0.0,75.0,75.0,75.0,0.11623821318136426,0.03653190209024981,0.19113320509594822,0.0,75.0,75.0,75.0,1.5935046166703226,1.3306993853637727,0.8744442374040131,0.6824376386559619,0.4657211306543253,0.8886947998925966
Coastal_T_S/15T,long,selected_per_variate,selected_per_variate,,,,assembled_from_candidate_artifacts_no_independent_selected_method_latency,0.0,75.0,0.0,110.40920768548614,74525.92854697905,272.99437457020804,0.0,75.0,75.0,75.0,4.729239238588898,81.53544380665248,9.02969788014264,0.0,75.0,75.0,75.0,4.906790921105257,86.33261054204513,9.291534348106621,0.0,75.0,75.0,75.0,0.13763950067050693,0.05912002175030019,0.24314609137368462,0.0,75.0,75.0,75.0,0.12245480764915433,0.04204002915519933,0.20503665319937148,0.0,75.0,75.0,75.0,1.4035294829287224,1.1781526572527234,1.085427407638449,0.0,75.0,75.0,75.0,0.11606971527051077,0.03636125523817973,0.19068627438329097,0.0,75.0,75.0,75.0,0.11606971527051077,0.03636125523817973,0.19068627438329097,0.0,75.0,75.0,75.0,1.5935046166703226,1.3306993853637727,0.8807815604961602,0.6811573661496402,0.46397535745991486,0.8853634939724965
Coastal_T_S/20T,short,vanilla_univariate,vanilla_univariate,1.5152648519724607,0.0,0.0,measured_candidate_query_loop_precomputed_vanilla_fallback_separate_retrieval,0.0,360.0,0.0,0.006432109483614989,0.00018210064875602536,0.01349446733872906,0.0,360.0,360.0,360.0,0.0557676692067841,0.001852820322931764,0.04304439943746183,0.0,360.0,360.0,360.0,0.06377678574063633,0.002364631084207954,0.04862747252539406,0.0,360.0,360.0,360.0,0.002261344033124025,2.5476632998688256e-06,0.001596140125386498,0.0,360.0,360.0,360.0,0.0022618171093685127,2.551174405407268e-06,0.0015972396205351494,0.0,360.0,360.0,360.0,0.450988283477043,0.15949032967498497,0.3993624039328001,0.0,360.0,360.0,360.0,0.00226131173787019,2.5484128838523467e-06,0.001596374919576334,0.0,360.0,360.0,360.0,0.00226131173787019,2.5484128838523467e-06,0.001596374919576334,0.0,360.0,360.0,360.0,1.2782414293270614,1.391596656960766,0.35281932906404756,0.31243112198534123,0.09761320598501917,0.1146095952999128
Coastal_T_S/20T,short,vanilla_multivariate,vanilla_multivariate,1.573829274624586,0.0,0.0,measured_candidate_query_loop_precomputed_vanilla_fallback_separate_retrieval,0.0,360.0,0.0,0.006697709962882521,0.00012791469727142663,0.011309937987072548,0.0,360.0,360.0,360.0,0.059209175463076,0.001827019941410654,0.04274365381446296,0.0,360.0,360.0,360.0,0.06656430841996137,0.002266902807454781,0.04761200276668459,0.0,360.0,360.0,360.0,0.0024600448511703666,3.244724913845879e-06,0.0018013119979187057,0.0,360.0,360.0,360.0,0.0024615108261766667,3.258612291458273e-06,0.0018051626772837602,0.0,360.0,360.0,360.0,0.48372416639787225,0.1638238804697636,0.4047516281249077,0.0,360.0,360.0,360.0,0.0024600927672165968,3.2489579350024646e-06,0.0018024865977317181,0.0,360.0,360.0,360.0,0.0024600927672165968,3.2489579350024646e-06,0.0018024865977317181,0.0,360.0,360.0,360.0,1.2782414293270614,1.391596656960766,0.37842942287712583,0.31664724584775183,0.10026547830296659,0.11772368067307189
Coastal_T_S/20T,short,self_augmentation,self_augmentation,4.790291678160429,0.0,0.0,measured_candidate_query_loop_precomputed_vanilla_fallback_separate_retrieval,0.0,360.0,0.0,0.006709758158733704,0.0001687207857607381,0.012989256551502019,0.0,360.0,360.0,360.0,0.057282955852555634,0.001944814822682805,0.04410005467890947,0.0,360.0,360.0,360.0,0.06517780012491911,0.0024616125296097976,0.049614640274920845,0.0,360.0,360.0,360.0,0.0023089934032443056,2.679743355692041e-06,0.0016369921672665514,0.0,360.0,360.0,360.0,0.0023094528943421034,2.683775996303436e-06,0.0016382234268571049,0.0,360.0,360.0,360.0,0.46566772231608966,0.16695259034994975,0.4085983239686009,0.0,360.0,360.0,360.0,0.0023090887564915672,2.6821823556776738e-06,0.0016377369616875823,0.0,360.0,360.0,360.0,0.0023090887564915672,2.6821823556776738e-06,0.0016377369616875823,0.0,360.0,360.0,360.0,1.2782414293270614,1.391596656960766,0.36430341845612335,0.3196566114929557,0.10218034927115843,0.11997196854049119
Coastal_T_S/20T,short,top_k_1,top_k_1,3.157966088037938,0.06102818809449673,0.04768018098548055,measured_candidate_query_loop_precomputed_vanilla_fallback_separate_retrieval,0.0,360.0,0.0,0.006428890792816403,0.00023198420580337303,0.015231027732998618,0.0,360.0,360.0,360.0,0.055440253387262786,0.001951277658767598,0.04417326859954556,0.0,360.0,360.0,360.0,0.06293008316625227,0.002468695425504975,0.04968596809467413,0.0,360.0,360.0,360.0,0.0022549109725962177,2.8741230904971023e-06,0.0016953238895553563,0.0,360.0,360.0,360.0,0.002255709883432806,2.8785337148830807e-06,0.0016966242114513988,0.0,360.0,360.0,360.0,0.4529955119779843,0.17220273431790703,0.41497317300990316,0.0,360.0,360.0,360.0,0.002254927288604756,2.8740592687779953e-06,0.001695305066581822,0.0,360.0,360.0,360.0,0.002254927288604756,2.8740592687779953e-06,0.001695305066581822,0.0,360.0,360.0,360.0,1.2782414293270614,1.391596656960766,0.35438963374584626,0.3246438141410958,0.10539360606007835,0.12374471687363504
Coastal_T_S/20T,short,top_k_5,top_k_5,9.847113182302564,0.06102818809449673,0.04768018098548055,measured_candidate_query_loop_precomputed_vanilla_fallback_separate_retrieval,0.0,360.0,0.0,0.006158697968102287,0.0001999812849386174,0.014141473930910363,0.0,360.0,360.0,360.0,0.05401719293476624,0.0018670298788022192,0.04320914114862987,0.0,360.0,360.0,360.0,0.06154736929155861,0.0023706193013907956,0.048689005960183614,0.0,360.0,360.0,360.0,0.0021851818575206045,2.657096773629769e-06,0.0016300603588915868,0.0,360.0,360.0,360.0,0.0021862071135077704,2.664909942694001e-06,0.0016324551885714968,0.0,360.0,360.0,360.0,0.4398708288344123,0.16468495921264376,0.40581394654772984,0.0,360.0,360.0,360.0,0.0021852031429470445,2.6584979598174215e-06,0.0016304900980433526,0.0,360.0,360.0,360.0,0.0021852031429470445,2.6584979598174215e-06,0.0016304900980433526,0.0,360.0,360.0,360.0,1.2782414293270614,1.391596656960766,0.3441218683281023,0.3174783239198977,0.1007924861589875,0.11834245101760603
Coastal_T_S/20T,short,top_k_10,top_k_10,18.29297226294875,0.06102818809449673,0.04768018098548055,measured_candidate_query_loop_precomputed_vanilla_fallback_separate_retrieval,0.0,360.0,0.0,0.006169902007052399,0.00017330267703510042,0.013164447464101956,0.0,360.0,360.0,360.0,0.05421387236795308,0.0018455149705081883,0.04295945728833394,0.0,360.0,360.0,360.0,0.06182112905395974,0.0023480500095460527,0.04845668178431178,0.0,360.0,360.0,360.0,0.0021880107498731577,2.6361398616992504e-06,0.0016236193709423556,0.0,360.0,360.0,360.0,0.002188946680239263,2.6442013135640185e-06,0.0016261000318442953,0.0,360.0,360.0,360.0,0.44209537909360486,0.1640398427516856,0.40501832397026877,0.0,360.0,360.0,360.0,0.0021879562464295283,2.637065186714657e-06,0.0016239043034349829,0.0,360.0,360.0,360.0,0.0021879562464295283,2.637065186714657e-06,0.0016239043034349829,0.0,360.0,360.0,360.0,1.2782414293270614,1.391596656960766,0.3458621892159675,0.3168558886277793,0.10039765415809966,0.11787887095816044
Coastal_T_S/20T,short,top_k_15,top_k_15,26.545191960874945,0.06102818809449673,0.04768018098548055,measured_candidate_query_loop_precomputed_vanilla_fallback_separate_retrieval,0.0,360.0,0.0,0.006225368014510883,0.00017922170143177703,0.013387370967885257,0.0,360.0,360.0,360.0,0.054254284022766865,0.0018807074576245636,0.04336712415672226,0.0,360.0,360.0,360.0,0.06190734331471721,0.0023928488582246215,0.048916754371325796,0.0,360.0,360.0,360.0,0.0021856920704203336,2.6438880262466596e-06,0.0016260036981036235,0.0,360.0,360.0,360.0,0.002186446535155825,2.650618032245612e-06,0.0016280718756386684,0.0,360.0,360.0,360.0,0.4425388716375657,0.1662181195148092,0.4076985645238516,0.0,360.0,360.0,360.0,0.0021855265689164623,2.6443546333441822e-06,0.0016261471745645233,0.0,360.0,360.0,360.0,0.0021855265689164623,2.6443546333441822e-06,0.0016261471745645233,0.0,360.0,360.0,360.0,1.2782414293270614,1.391596656960766,0.346209144441941,0.31895270734456416,0.10173082952242718,0.1194441785149355
Coastal_T_S/20T,short,selected_task,selected_task,,,,assembled_from_candidate_artifacts_no_independent_selected_method_latency,0.0,360.0,0.0,0.006697709962882521,0.00012791469727142663,0.011309937987072548,0.0,360.0,360.0,360.0,0.059209175463076,0.001827019941410654,0.04274365381446296,0.0,360.0,360.0,360.0,0.06656430841996137,0.002266902807454781,0.04761200276668459,0.0,360.0,360.0,360.0,0.0024600448511703666,3.244724913845879e-06,0.0018013119979187057,0.0,360.0,360.0,360.0,0.0024615108261766667,3.258612291458273e-06,0.0018051626772837602,0.0,360.0,360.0,360.0,0.48372416639787225,0.1638238804697636,0.4047516281249077,0.0,360.0,360.0,360.0,0.0024600927672165968,3.2489579350024646e-06,0.0018024865977317181,0.0,360.0,360.0,360.0,0.0024600927672165968,3.2489579350024646e-06,0.0018024865977317181,0.0,360.0,360.0,360.0,1.2782414293270614,1.391596656960766,0.37842942287712583,0.31664724584775183,0.10026547830296659,0.11772368067307189
Coastal_T_S/20T,short,selected_per_variate,selected_per_variate,,,,assembled_from_candidate_artifacts_no_independent_selected_method_latency,0.0,360.0,0.0,0.0060173526467392725,0.00011817878035828952,0.010871006409633356,0.0,360.0,360.0,360.0,0.054901446825192296,0.0016316507522715308,0.040393696937412536,0.0,360.0,360.0,360.0,0.06277899475321506,0.002076150464515067,0.04556479413445283,0.0,360.0,360.0,360.0,0.002239858238514556,2.447328861369303e-06,0.0015643940876164492,0.0,360.0,360.0,360.0,0.00224029492088233,2.452086083838701e-06,0.001565913817500408,0.0,360.0,360.0,360.0,0.44362453478639924,0.14342910904293987,0.3787203573125425,0.0,360.0,360.0,360.0,0.002239791897347736,2.448407226887619e-06,0.0015647387088225365,0.0,360.0,360.0,360.0,0.002239791897347736,2.448407226887619e-06,0.0015647387088225365,0.0,360.0,360.0,360.0,1.2782414293270614,1.391596656960766,0.3470584856727326,0.29628233651597596,0.08778322293136602,0.10306801782363267
Coastal_T_S/20T,medium,vanilla_univariate,vanilla_univariate,0.20009000366553664,0.0,0.0,measured_candidate_query_loop_precomputed_vanilla_fallback_separate_retrieval,0.0,45.0,0.0,0.03054368779515659,0.0009338086290594568,0.03055828249524925,0.0,45.0,45.0,45.0,0.129042195096428,0.004326634213930359,0.06577715571480998,0.0,45.0,45.0,45.0,0.15612728114457736,0.0061679598775586835,0.07853636022606779,0.0,45.0,45.0,45.0,0.005320439594915615,8.27210694024245e-06,0.002876127073034578,0.0,45.0,45.0,45.0,0.0053141294436250255,8.203066318386391e-06,0.002864099565026745,0.0,45.0,45.0,45.0,1.0186017434426982,0.44298054049549257,0.6655678331285945,0.0,45.0,45.0,45.0,0.005308072798295658,8.259703478190532e-06,0.0028739699856105898,0.0,45.0,45.0,45.0,0.005308072798295658,8.259703478190532e-06,0.0028739699856105898,0.0,45.0,45.0,45.0,1.2827707713444634,0.8089647179022766,0.7940637300108644,0.5188517293943463,0.26920711709550404,0.5475894444991171
Coastal_T_S/20T,medium,vanilla_multivariate,vanilla_multivariate,0.20118190720677376,0.0,0.0,measured_candidate_query_loop_precomputed_vanilla_fallback_separate_retrieval,0.0,45.0,0.0,0.028276386965241315,0.0007888768400701538,0.028086951420012708,0.0,45.0,45.0,45.0,0.1254773063424193,0.004290282198631909,0.06550024579062211,0.0,45.0,45.0,45.0,0.14970072854930766,0.005866078837047819,0.07659033122429892,0.0,45.0,45.0,45.0,0.005221903519692988,8.167661430651997e-06,0.002857912075388604,0.0,45.0,45.0,45.0,0.005218159957910156,8.144358823486253e-06,0.0028538323047239923,0.0,45.0,45.0,45.0,0.9893873247652253,0.4083838446567327,0.6390491723308408,0.0,45.0,45.0,45.0,0.005209297738270342,8.150175094580328e-06,0.002854851151037533,0.0,45.0,45.0,45.0,0.005209297738270342,8.150175094580328e-06,0.002854851151037533,0.0,45.0,45.0,45.0,1.2827707713444634,0.8089647179022766,0.7712892645100224,0.49817877566781293,0.24818209252588114,0.5048228131823985
Coastal_T_S/20T,medium,self_augmentation,self_augmentation,0.6005211719311774,0.0,0.0,measured_candidate_query_loop_precomputed_vanilla_fallback_separate_retrieval,0.0,45.0,0.0,0.030127762190604257,0.000914653858315677,0.030243244837743138,0.0,45.0,45.0,45.0,0.12699753796612775,0.004386062351403111,0.06622735349840812,0.0,45.0,45.0,45.0,0.1540858681670269,0.0063853074218178625,0.07990811862268979,0.0,45.0,45.0,45.0,0.005137374495929262,6.832681396376376e-06,0.002613939822638688,0.0,45.0,45.0,45.0,0.005133802155429963,6.801990787655828e-06,0.002608062650255133,0.0,45.0,45.0,45.0,1.011891386522503,0.43977841651422694,0.6631579122005761,0.0,45.0,45.0,45.0,0.005128864438471708,6.836552574804532e-06,0.0026146802050737547,0.0,45.0,45.0,45.0,0.005128864438471708,6.836552574804532e-06,0.0026146802050737547,0.0,45.0,45.0,45.0,1.2827707713444634,0.8089647179022766,0.7888325873390041,0.516973045391052,0.2672611296608987,0.5436311458114201
Coastal_T_S/20T,medium,top_k_1,top_k_1,0.42781322496011853,0.013552377931773663,0.014280705247074366,measured_candidate_query_loop_precomputed_vanilla_fallback_separate_retrieval,0.0,45.0,0.0,0.029957345931531713,0.0012694299629811927,0.03562906065252342,0.0,45.0,45.0,45.0,0.12352566189236112,0.004830929819908367,0.06950489061863466,0.0,45.0,45.0,45.0,0.15149656348874907,0.00700613718263113,0.08370267129925502,0.0,45.0,45.0,45.0,0.005121301759897218,9.87754208067343e-06,0.003142855720626295,0.0,45.0,45.0,45.0,0.0051139201176152935,9.756745743102232e-06,0.0031235789958158947,0.0,45.0,45.0,45.0,0.9882556500999802,0.4819060262462562,0.6941945161453353,0.0,45.0,45.0,45.0,0.005107647941020973,9.880597980611356e-06,0.0031433418491489842,0.0,45.0,45.0,45.0,0.005107647941020973,9.880597980611356e-06,0.0031433418491489842,0.0,45.0,45.0,45.0,1.2827707713444634,0.8089647179022766,0.7704070533694778,0.5411680182093288,0.2928628239326124,0.5957071001759939
Coastal_T_S/20T,medium,top_k_5,top_k_5,1.2798026790842414,0.013552377931773663,0.014280705247074366,measured_candidate_query_loop_precomputed_vanilla_fallback_separate_retrieval,0.0,45.0,0.0,0.025861670707701793,0.0008170620216250435,0.02858429676631985,0.0,45.0,45.0,45.0,0.11497166009596839,0.004262200162681146,0.06528552797275325,0.0,45.0,45.0,45.0,0.140043344909426,0.006249532254281345,0.07905398316518494,0.0,45.0,45.0,45.0,0.004765095917147724,8.543419291383629e-06,0.0029229128094049655,0.0,45.0,45.0,45.0,0.004759428977354563,8.48167575035364e-06,0.0029123316690160207,0.0,45.0,45.0,45.0,0.8978608224878133,0.36867384284090954,0.6071851800241089,0.0,45.0,45.0,45.0,0.004752059861647977,8.52314047005394e-06,0.002919441807958148,0.0,45.0,45.0,45.0,0.004752059861647977,8.52314047005394e-06,0.002919441807958148,0.0,45.0,45.0,45.0,1.2827707713444634,0.8089647179022766,0.6999386348246549,0.4733388019027922,0.22404962138677076,0.4557353796552664
Coastal_T_S/20T,medium,top_k_10,top_k_10,2.420670441351831,0.013552377931773663,0.014280705247074366,measured_candidate_query_loop_precomputed_vanilla_fallback_separate_retrieval,0.0,45.0,0.0,0.026731664436218487,0.0009272803118200095,0.030451277671388593,0.0,45.0,45.0,45.0,0.11631629673051247,0.004519539443194523,0.06722751998396581,0.0,45.0,45.0,45.0,0.14193494831874198,0.006586134881974529,0.08115500527986262,0.0,45.0,45.0,45.0,0.004857247832050273,9.516714483110606e-06,0.003084917257093066,0.0,45.0,45.0,45.0,0.004851859522608811,9.458154725609242e-06,0.0030754113099891603,0.0,45.0,45.0,45.0,0.9162288313303761,0.4160454918418455,0.6450158849531115,0.0,45.0,45.0,45.0,0.004844723114432404,9.509420523945027e-06,0.0030837348335978933,0.0,45.0,45.0,45.0,0.004844723114432404,9.509420523945027e-06,0.0030837348335978933,0.0,45.0,45.0,45.0,1.2827707713444634,0.8089647179022766,0.7142576458692482,0.5028302011255484,0.25283821116395955,0.5142937419084129
Coastal_T_S/20T,medium,top_k_15,top_k_15,3.521895356941968,0.013552377931773663,0.014280705247074366,measured_candidate_query_loop_precomputed_vanilla_fallback_separate_retrieval,0.0,45.0,0.0,0.02699639632139538,0.0008518373432289622,0.029186252641080223,0.0,45.0,45.0,45.0,0.11818301412794326,0.004289848796031678,0.06549693730268369,0.0,45.0,45.0,45.0,0.1440537941878796,0.006244900701471397,0.0790246841276281,0.0,45.0,45.0,45.0,0.004940284209848178,9.247643666617366e-06,0.0030409938616540095,0.0,45.0,45.0,45.0,0.0049348811117367435,9.190096731441686e-06,0.0030315172325820097,0.0,45.0,45.0,45.0,0.9300284255128395,0.40494328270137864,0.6363515401893662,0.0,45.0,45.0,45.0,0.004927554243653858,9.2361300368086e-06,0.003039100201837478,0.0,45.0,45.0,45.0,0.004927554243653858,9.2361300368086e-06,0.003039100201837478,0.0,45.0,45.0,45.0,1.2827707713444634,0.8089647179022766,0.7250152921227563,0.49607580278930935,0.24609120211305777,0.5005697699047191
Coastal_T_S/20T,medium,selected_task,selected_task,,,,assembled_from_candidate_artifacts_no_independent_selected_method_latency,0.0,45.0,0.0,0.028276386965241315,0.0007888768400701538,0.028086951420012708,0.0,45.0,45.0,45.0,0.1254773063424193,0.004290282198631909,0.06550024579062211,0.0,45.0,45.0,45.0,0.14970072854930766,0.005866078837047819,0.07659033122429892,0.0,45.0,45.0,45.0,0.005221903519692988,8.167661430651997e-06,0.002857912075388604,0.0,45.0,45.0,45.0,0.005218159957910156,8.144358823486253e-06,0.0028538323047239923,0.0,45.0,45.0,45.0,0.9893873247652253,0.4083838446567327,0.6390491723308408,0.0,45.0,45.0,45.0,0.005209297738270342,8.150175094580328e-06,0.002854851151037533,0.0,45.0,45.0,45.0,0.005209297738270342,8.150175094580328e-06,0.002854851151037533,0.0,45.0,45.0,45.0,1.2827707713444634,0.8089647179022766,0.7712892645100224,0.49817877566781293,0.24818209252588114,0.5048228131823985
Coastal_T_S/20T,medium,selected_per_variate,selected_per_variate,,,,assembled_from_candidate_artifacts_no_independent_selected_method_latency,0.0,45.0,0.0,0.028276386965241315,0.0007888768400701538,0.028086951420012708,0.0,45.0,45.0,45.0,0.1254773063424193,0.004290282198631909,0.06550024579062211,0.0,45.0,45.0,45.0,0.14970072854930766,0.005866078837047819,0.07659033122429892,0.0,45.0,45.0,45.0,0.005221903519692988,8.167661430651997e-06,0.002857912075388604,0.0,45.0,45.0,45.0,0.005218159957910156,8.144358823486253e-06,0.0028538323047239923,0.0,45.0,45.0,45.0,0.9893873247652253,0.4083838446567327,0.6390491723308408,0.0,45.0,45.0,45.0,0.005209297738270342,8.150175094580328e-06,0.002854851151037533,0.0,45.0,45.0,45.0,0.005209297738270342,8.150175094580328e-06,0.002854851151037533,0.0,45.0,45.0,45.0,1.2827707713444634,0.8089647179022766,0.7712892645100224,0.49817877566781293,0.24818209252588114,0.5048228131823985
Coastal_T_S/20T,long,vanilla_univariate,vanilla_univariate,0.07130409497767687,0.0,0.0,measured_candidate_query_loop_precomputed_vanilla_fallback_separate_retrieval,0.0,15.0,0.0,0.08221861390590372,0.018677560769657417,0.13666587273221292,0.0,15.0,15.0,15.0,0.19885577154748238,0.017299265000796354,0.1315266703022484,0.0,15.0,15.0,15.0,0.24285791592192651,0.0232386465799622,0.1524422729427838,0.0,15.0,15.0,15.0,0.008057143273321481,1.6908513958026045e-05,0.004111996347034619,0.0,15.0,15.0,15.0,0.0080173642549985,1.6472731684416815e-05,0.004058661316791143,0.0,15.0,15.0,15.0,1.6549054876483558,1.8589828940583466,1.3634452295777586,0.0,15.0,15.0,15.0,0.008036392134510363,1.6815468341568873e-05,0.004100666816698093,0.0,15.0,15.0,15.0,0.008036392134510363,1.6815468341568873e-05,0.004100666816698093,0.0,15.0,15.0,15.0,1.837785242009726,1.7356310305571765,0.9004890505261754,0.7418958420227334,0.5504094404106206,1.071070326198058
Coastal_T_S/20T,long,vanilla_multivariate,vanilla_multivariate,0.0708135417662561,0.0,0.0,measured_candidate_query_loop_precomputed_vanilla_fallback_separate_retrieval,0.0,15.0,0.0,0.062218545849402375,0.0075451551710574195,0.08686285265323387,0.0,15.0,15.0,15.0,0.1744036397816222,0.010445877774010242,0.10220507704615384,0.0,15.0,15.0,15.0,0.21714468595601683,0.015066731210465194,0.12274661384521038,0.0,15.0,15.0,15.0,0.0069566268586370205,8.445501577844898e-06,0.0029061145156109897,0.0,15.0,15.0,15.0,0.006935379162372967,8.307888487129115e-06,0.002882340799962613,0.0,15.0,15.0,15.0,1.4010791372080962,1.0779918660944523,1.0382638711302885,0.0,15.0,15.0,15.0,0.006936393153327339,8.36271862121373e-06,0.0028918365481495887,0.0,15.0,15.0,15.0,0.006936393153327339,8.36271862121373e-06,0.0028918365481495887,0.0,15.0,15.0,15.0,1.837785242009726,1.7356310305571765,0.7623737013340763,0.5649538626150279,0.31917286688363977,0.6210950640519447
Coastal_T_S/20T,long,self_augmentation,self_augmentation,0.20280676195397973,0.0,0.0,measured_candidate_query_loop_precomputed_vanilla_fallback_separate_retrieval,0.0,15.0,0.0,0.07868724536565647,0.014214857074126824,0.11922607547901098,0.0,15.0,15.0,15.0,0.1973417223235707,0.014033290996567381,0.11846219226642474,0.0,15.0,15.0,15.0,0.24277263301484153,0.01974869402469754,0.14053004669713,0.0,15.0,15.0,15.0,0.007887746934111435,1.228871120544386e-05,0.003505525810123762,0.0,15.0,15.0,15.0,0.007854751427013331,1.196393989434807e-05,0.003458892871186974,0.0,15.0,15.0,15.0,1.6520215843903108,1.5534023889073783,1.246355643027855,0.0,15.0,15.0,15.0,0.007874078165134555,1.220840854064293e-05,0.0034940533110762533,0.0,15.0,15.0,15.0,0.007874078165134555,1.220840854064293e-05,0.0034940533110762533,0.0,15.0,15.0,15.0,1.837785242009726,1.7356310305571765,0.8989198229624089,0.6781835083542689,0.4599328710037047,0.8950072691479255
Coastal_T_S/20T,long,top_k_1,top_k_1,0.1297623496502638,0.01137494808062911,0.013462968170642853,measured_candidate_query_loop_precomputed_vanilla_fallback_separate_retrieval,0.0,15.0,0.0,0.06964662223122946,0.008078835624862201,0.0898823432319285,0.0,15.0,15.0,15.0,0.18734275264504513,0.013590874995257612,0.11657990819715724,0.0,15.0,15.0,15.0,0.22906387246736779,0.017176364561482915,0.13105863024418848,0.0,15.0,15.0,15.0,0.007731299149154049,2.2864591595804486e-05,0.004781693381617488,0.0,15.0,15.0,15.0,0.007693831283805937,2.2235829830807442e-05,0.004715488291874707,0.0,15.0,15.0,15.0,1.5553429186816339,1.5722471322787521,1.2538927913816045,0.0,15.0,15.0,15.0,0.0077128091509147765,2.288649792148282e-05,0.004783983478387318,0.0,15.0,15.0,15.0,0.0077128091509147765,2.288649792148282e-05,0.004783983478387318,0.0,15.0,15.0,15.0,1.837785242009726,1.7356310305571765,0.8463137493588615,0.6822847211518572,0.4655124407172677,0.9058648437358403
Coastal_T_S/20T,long,top_k_5,top_k_5,0.39837404573336244,0.01137494808062911,0.013462968170642853,measured_candidate_query_loop_precomputed_vanilla_fallback_separate_retrieval,0.0,15.0,0.0,0.06791055327911309,0.007533837612826492,0.0867976820705858,0.0,15.0,15.0,15.0,0.1866433143615723,0.01197826003903058,0.10944523762608668,0.0,15.0,15.0,15.0,0.22737812324748602,0.016209742347564157,0.12731748641708318,0.0,15.0,15.0,15.0,0.0076269016086363125,1.7206559027203676e-05,0.004148078956240307,0.0,15.0,15.0,15.0,0.0075970042218149875,1.6844764459807085e-05,0.004104237378588997,0.0,15.0,15.0,15.0,1.514801324664287,1.304086032604524,1.1419658631520138,0.0,15.0,15.0,15.0,0.007608837464826854,1.718799682063601e-05,0.004145840906334445,0.0,15.0,15.0,15.0,0.007608837464826854,1.718799682063601e-05,0.004145840906334445,0.0,15.0,15.0,15.0,1.837785242009726,1.7356310305571765,0.8242537212932252,0.6213815613750424,0.3861150448168857,0.7513613260220885
Coastal_T_S/20T,long,top_k_10,top_k_10,0.7878490672446787,0.01137494808062911,0.013462968170642853,measured_candidate_query_loop_precomputed_vanilla_fallback_separate_retrieval,0.0,15.0,0.0,0.06566958374339411,0.006197264508771864,0.07872270643703673,0.0,15.0,15.0,15.0,0.18355881726300272,0.011853745099301953,0.10887490573728159,0.0,15.0,15.0,15.0,0.22321489589941362,0.01584469399200807,0.125875708506479,0.0,15.0,15.0,15.0,0.007496991302161553,1.879858756795675e-05,0.004335733798096552,0.0,15.0,15.0,15.0,0.0074682663904797365,1.8432743838617968e-05,0.004293337144764893,0.0,15.0,15.0,15.0,1.4840558331521514,1.275208358617626,1.129251238041219,0.0,15.0,15.0,15.0,0.00747813413862436,1.879229336978256e-05,0.004335007885780897,0.0,15.0,15.0,15.0,0.00747813413862436,1.879229336978256e-05,0.004335007885780897,0.0,15.0,15.0,15.0,1.837785242009726,1.7356310305571765,0.8075240780197197,0.614463111482121,0.3775649153722895,0.7347231849203891
Coastal_T_S/20T,long,top_k_15,top_k_15,1.164796959143132,0.01137494808062911,0.013462968170642853,measured_candidate_query_loop_precomputed_vanilla_fallback_separate_retrieval,0.0,15.0,0.0,0.06287112727131001,0.006480462131873275,0.08050131757849231,0.0,15.0,15.0,15.0,0.18015142370153353,0.011033193288325334,0.10503900841270987,0.0,15.0,15.0,15.0,0.2187517361449024,0.015018805204901018,0.12255123501989287,0.0,15.0,15.0,15.0,0.007303597676123683,1.4625326570298122e-05,0.003824307332092718,0.0,15.0,15.0,15.0,0.007278615782524902,1.4381764662397791e-05,0.003792329714357362,0.0,15.0,15.0,15.0,1.4472960383653886,1.146017941524205,1.0705222751181804,0.0,15.0,15.0,15.0,0.007282070351544577,1.4585233671883961e-05,0.003819061883746316,0.0,15.0,15.0,15.0,0.007282070351544577,1.4585233671883961e-05,0.003819061883746316,0.0,15.0,15.0,15.0,1.837785242009726,1.7356310305571765,0.7875218525439269,0.5825067318243896,0.3393140926207313,0.6602889216357855
Coastal_T_S/20T,long,selected_task,selected_task,,,,assembled_from_candidate_artifacts_no_independent_selected_method_latency,0.0,15.0,0.0,0.062218545849402375,0.0075451551710574195,0.08686285265323387,0.0,15.0,15.0,15.0,0.1744036397816222,0.010445877774010242,0.10220507704615384,0.0,15.0,15.0,15.0,0.21714468595601683,0.015066731210465194,0.12274661384521038,0.0,15.0,15.0,15.0,0.0069566268586370205,8.445501577844898e-06,0.0029061145156109897,0.0,15.0,15.0,15.0,0.006935379162372967,8.307888487129115e-06,0.002882340799962613,0.0,15.0,15.0,15.0,1.4010791372080962,1.0779918660944523,1.0382638711302885,0.0,15.0,15.0,15.0,0.006936393153327339,8.36271862121373e-06,0.0028918365481495887,0.0,15.0,15.0,15.0,0.006936393153327339,8.36271862121373e-06,0.0028918365481495887,0.0,15.0,15.0,15.0,1.837785242009726,1.7356310305571765,0.7623737013340763,0.5649538626150279,0.31917286688363977,0.6210950640519447
Coastal_T_S/20T,long,selected_per_variate,selected_per_variate,,,,assembled_from_candidate_artifacts_no_independent_selected_method_latency,0.0,15.0,0.0,0.062218545849402375,0.0075451551710574195,0.08686285265323387,0.0,15.0,15.0,15.0,0.1744036397816222,0.010445877774010242,0.10220507704615384,0.0,15.0,15.0,15.0,0.21714468595601683,0.015066731210465194,0.12274661384521038,0.0,15.0,15.0,15.0,0.0069566268586370205,8.445501577844898e-06,0.0029061145156109897,0.0,15.0,15.0,15.0,0.006935379162372967,8.307888487129115e-06,0.002882340799962613,0.0,15.0,15.0,15.0,1.4010791372080962,1.0779918660944523,1.0382638711302885,0.0,15.0,15.0,15.0,0.006936393153327339,8.36271862121373e-06,0.0028918365481495887,0.0,15.0,15.0,15.0,0.006936393153327339,8.36271862121373e-06,0.0028918365481495887,0.0,15.0,15.0,15.0,1.837785242009726,1.7356310305571765,0.7623737013340763,0.5649538626150279,0.31917286688363977,0.6210950640519447
Coastal_T_S/H,short,vanilla_univariate,vanilla_univariate,6.2716199569404125,0.0,0.0,measured_candidate_query_loop_precomputed_vanilla_fallback_separate_retrieval,0.0,2016.0,0.0,14.592355639763168,5225.950732241635,72.29073752730453,0.0,2016.0,2016.0,2016.0,1.079941567344586,8.654782040283253,2.941901092879102,0.0,2016.0,2016.0,2016.0,1.338582111694449,12.800553570014799,3.5777861269246936,0.0,2016.0,2016.0,2016.0,0.029356223509541996,0.004477883533371714,0.06691698987082215,0.0,2016.0,2016.0,2016.0,0.027484510550510894,0.003542635283581114,0.0595200410246928,0.0,2016.0,2016.0,2016.0,0.916907841976653,2.314249904906593,1.521265888957809,0.0,2016.0,2016.0,2016.0,0.027164400346026636,0.0033587478394265626,0.05795470506720367,0.0,2016.0,2016.0,2016.0,0.027164400346026636,0.0033587478394265626,0.05795470506720367,0.0,2016.0,2016.0,2016.0,1.204935864293014,2.6970812724109106,0.7609598727602328,1.2625285162794944,1.5939782544189014,0.8580571629708044
Coastal_T_S/H,short,vanilla_multivariate,vanilla_multivariate,6.782079414930195,0.0,0.0,measured_candidate_query_loop_precomputed_vanilla_fallback_separate_retrieval,0.0,2016.0,0.0,14.638902659734777,5206.879429484347,72.1587100042978,0.0,2016.0,2016.0,2016.0,1.0934569624877195,8.73252075559314,2.9550838830045314,0.0,2016.0,2016.0,2016.0,1.3478645571013161,12.822163795444853,3.58080490887801,0.0,2016.0,2016.0,2016.0,0.0297416051078085,0.004518797603715601,0.06722200237805774,0.0,2016.0,2016.0,2016.0,0.027868204043735596,0.0035829325937960068,0.05985760263989869,0.0,2016.0,2016.0,2016.0,0.9170106431445552,2.300045903060127,1.5165902225255599,0.0,2016.0,2016.0,2016.0,0.027571419735002798,0.0034173836705954754,0.05845839264464492,0.0,2016.0,2016.0,2016.0,0.027571419735002798,0.0034173836705954754,0.05845839264464492,0.0,2016.0,2016.0,2016.0,1.204935864293014,2.6970812724109106,0.7610451894737182,1.2586480886394784,1.584195011035812,0.8527907284766858
Coastal_T_S/H,short,self_augmentation,self_augmentation,19.28934168582782,0.0,0.0,measured_candidate_query_loop_precomputed_vanilla_fallback_separate_retrieval,0.0,2016.0,0.0,14.59442990720859,5269.654562986381,72.59238639820558,0.0,2016.0,2016.0,2016.0,1.0787384936212754,8.684612216266144,2.9469666126826315,0.0,2016.0,2016.0,2016.0,1.33667987453243,12.807716820228558,3.578787059916887,0.0,2016.0,2016.0,2016.0,0.029230861171382076,0.004454224021272963,0.0667399731890339,0.0,2016.0,2016.0,2016.0,0.027393744235296058,0.0035352305603172074,0.05945780487301232,0.0,2016.0,2016.0,2016.0,0.9157295873650655,2.3285536925799453,1.5259599249586948,0.0,2016.0,2016.0,2016.0,0.02706643567035502,0.003348009084121855,0.057861983064200755,0.0,2016.0,2016.0,2016.0,0.02706643567035502,0.003348009084121855,0.057861983064200755,0.0,2016.0,2016.0,2016.0,1.204935864293014,2.6970812724109106,0.7599820160572299,1.2664241891862345,1.6038302269560112,0.8633605951734855
Coastal_T_S/H,short,top_k_1,top_k_1,13.20163671206683,3.5830405331216753,0.6848772163502872,measured_candidate_query_loop_precomputed_vanilla_fallback_separate_retrieval,0.0,2016.0,0.0,14.644170817882625,5258.767895690345,72.51736271880235,0.0,2016.0,2016.0,2016.0,1.0907308950363634,8.746535263832081,2.957454186260893,0.0,2016.0,2016.0,2016.0,1.3450873464002038,12.834910848436685,3.5825843812025817,0.0,2016.0,2016.0,2016.0,0.029771297095952266,0.004534956677350871,0.06734208696907805,0.0,2016.0,2016.0,2016.0,0.027831034338457575,0.0035662596849252545,0.05971816880083694,0.0,2016.0,2016.0,2016.0,0.9272834528116717,2.3147723542002634,1.5214375945796341,0.0,2016.0,2016.0,2016.0,0.02753197648120796,0.003387848694469075,0.05820522909901717,0.0,2016.0,2016.0,2016.0,0.02753197648120796,0.003387848694469075,0.05820522909901717,0.0,2016.0,2016.0,2016.0,1.204935864293014,2.6970812724109106,0.7695707964969136,1.2626710181560783,1.5943381000913075,0.8582508721107605
Coastal_T_S/H,short,top_k_5,top_k_5,42.61432496784255,3.5830405331216753,0.6848772163502872,measured_candidate_query_loop_precomputed_vanilla_fallback_separate_retrieval,0.0,2016.0,0.0,14.872282342806145,5319.611363591277,72.93566592272451,0.0,2016.0,2016.0,2016.0,1.101817675783033,8.887912503104749,2.981260220628979,0.0,2016.0,2016.0,2016.0,1.3563397241514976,13.032624895494783,3.6100726994750096,0.0,2016.0,2016.0,2016.0,0.030021749207433186,0.004576065491890969,0.06764662217650612,0.0,2016.0,2016.0,2016.0,0.028065457730840508,0.003608673589422909,0.060072236427678546,0.0,2016.0,2016.0,2016.0,0.9385366837590704,2.3180831576308756,1.5225252568121408,0.0,2016.0,2016.0,2016.0,0.027775309947773365,0.003425322488411631,0.05852625469318561,0.0,2016.0,2016.0,2016.0,0.027775309947773365,0.003425322488411631,0.05852625469318561,0.0,2016.0,2016.0,2016.0,1.204935864293014,2.6970812724109106,0.7789100744459532,1.2635736904598402,1.5966184712223002,0.8594784225982
Coastal_T_S/H,short,top_k_10,top_k_10,79.66712440224364,3.5830405331216753,0.6848772163502872,measured_candidate_query_loop_precomputed_vanilla_fallback_separate_retrieval,0.0,2016.0,0.0,15.036932936252411,5457.85104998024,73.87727018495093,0.0,2016.0,2016.0,2016.0,1.1058639803268113,8.976916393428436,2.99615026215783,0.0,2016.0,2016.0,2016.0,1.36253607462341,13.18042838160224,3.6304859704455876,0.0,2016.0,2016.0,2016.0,0.030169264602885725,0.004633344408444136,0.06806867420806825,0.0,2016.0,2016.0,2016.0,0.028210266599990912,0.0036497588556270717,0.060413234109978516,0.0,2016.0,2016.0,2016.0,0.9449541288114955,2.3447133007386363,1.5312456696228194,0.0,2016.0,2016.0,2016.0,0.027929197125945972,0.00347532397314566,0.05895187845307103,0.0,2016.0,2016.0,2016.0,0.027929197125945972,0.00347532397314566,0.05895187845307103,0.0,2016.0,2016.0,2016.0,1.204935864293014,2.6970812724109106,0.7842360384599719,1.2708109327638488,1.6149604268321232,0.8693521121233051
Coastal_T_S/H,short,top_k_15,top_k_15,117.00990183185786,3.5830405331216753,0.6848772163502872,measured_candidate_query_loop_precomputed_vanilla_fallback_separate_retrieval,0.0,2016.0,0.0,14.859764490949704,5318.0548965459375,72.92499500545706,0.0,2016.0,2016.0,2016.0,1.100372345708483,8.841280873338519,2.9734291438234273,0.0,2016.0,2016.0,2016.0,1.357080607106014,13.018096716766475,3.608059965794149,0.0,2016.0,2016.0,2016.0,0.030050007932208394,0.004551743185481082,0.0674666079292644,0.0,2016.0,2016.0,2016.0,0.028123278014629445,0.003604406752806084,0.06003671170880434,0.0,2016.0,2016.0,2016.0,0.9438604798369202,2.353582324684881,1.5341389522089846,0.0,2016.0,2016.0,2016.0,0.027826360199893627,0.0034158006967444005,0.05844485175568846,0.0,2016.0,2016.0,2016.0,0.027826360199893627,0.0034158006967444005,0.05844485175568846,0.0,2016.0,2016.0,2016.0,1.204935864293014,2.6970812724109106,0.7833283976410832,1.2732121249533292,1.621069115128172,0.87264049057781
Coastal_T_S/H,short,selected_task,selected_task,,,,assembled_from_candidate_artifacts_no_independent_selected_method_latency,0.0,2016.0,0.0,14.592355639763168,5225.950732241635,72.29073752730453,0.0,2016.0,2016.0,2016.0,1.079941567344586,8.654782040283253,2.941901092879102,0.0,2016.0,2016.0,2016.0,1.338582111694449,12.800553570014799,3.5777861269246936,0.0,2016.0,2016.0,2016.0,0.029356223509541996,0.004477883533371714,0.06691698987082215,0.0,2016.0,2016.0,2016.0,0.027484510550510894,0.003542635283581114,0.0595200410246928,0.0,2016.0,2016.0,2016.0,0.916907841976653,2.314249904906593,1.521265888957809,0.0,2016.0,2016.0,2016.0,0.027164400346026636,0.0033587478394265626,0.05795470506720367,0.0,2016.0,2016.0,2016.0,0.027164400346026636,0.0033587478394265626,0.05795470506720367,0.0,2016.0,2016.0,2016.0,1.204935864293014,2.6970812724109106,0.7609598727602328,1.2625285162794944,1.5939782544189014,0.8580571629708044
Coastal_T_S/H,short,selected_per_variate,selected_per_variate,,,,assembled_from_candidate_artifacts_no_independent_selected_method_latency,0.0,2016.0,0.0,14.632525304063185,5243.005787915088,72.40860299657139,0.0,2016.0,2016.0,2016.0,1.084360546344354,8.742173018663657,2.956716594241602,0.0,2016.0,2016.0,2016.0,1.340514857189747,12.835545221716735,3.5826729158153325,0.0,2016.0,2016.0,2016.0,0.029431532556771917,0.004516162825468242,0.06720240193228395,0.0,2016.0,2016.0,2016.0,0.02754729086604715,0.003559551730531527,0.05966197893576383,0.0,2016.0,2016.0,2016.0,0.9196704070221456,2.3151403635184513,1.5215585310852986,0.0,2016.0,2016.0,2016.0,0.027237238213634687,0.003382368747468552,0.0581581356945746,0.0,2016.0,2016.0,2016.0,0.027237238213634687,0.003382368747468552,0.0581581356945746,0.0,2016.0,2016.0,2016.0,1.204935864293014,2.6970812724109106,0.7632525798887683,1.262771385743473,1.594591572652491,0.8583873193591072
Coastal_T_S/H,medium,vanilla_univariate,vanilla_univariate,1.1162908147089183,0.0,0.0,measured_candidate_query_loop_precomputed_vanilla_fallback_separate_retrieval,0.0,288.0,0.0,21.769810360977843,18356.010531395543,135.4843553012507,0.0,288.0,288.0,288.0,1.3561894457292047,14.030380415244617,3.745714940467923,0.0,288.0,288.0,288.0,1.6914240532808602,18.908895032960785,4.34843592949934,0.0,288.0,288.0,288.0,0.041526111924238655,0.016602465819417385,0.1288505561471016,0.0,288.0,288.0,288.0,0.03628988610426423,0.005893522238114865,0.07676927926009769,0.0,288.0,288.0,288.0,1.6217608828563241,2.6236928023202912,1.6197817144048428,0.0,288.0,288.0,288.0,0.03915362895790678,0.013442896705336353,0.11594350652510192,0.0,288.0,288.0,288.0,0.03915362895790678,0.013442896705336353,0.11594350652510192,0.0,288.0,288.0,288.0,2.05499932278695,3.0797064254343613,0.7891783052545845,0.7882152059340469,0.6212832108656519,0.8519295153109426
Coastal_T_S/H,medium,vanilla_multivariate,vanilla_multivariate,1.3391612656414509,0.0,0.0,measured_candidate_query_loop_precomputed_vanilla_fallback_separate_retrieval,0.0,288.0,0.0,21.603098294195977,18052.371899994672,134.3591154332101,0.0,288.0,288.0,288.0,1.3656727606375214,13.956794563039244,3.7358793560605306,0.0,288.0,288.0,288.0,1.6965107739279877,18.72494948814223,4.327233468180592,0.0,288.0,288.0,288.0,0.041748335507356446,0.01645806305012258,0.12828898257497634,0.0,288.0,288.0,288.0,0.03654550582849531,0.005868837199047686,0.07660833635478378,0.0,288.0,288.0,288.0,1.6186089020930114,2.475903380633193,1.5735003592732966,0.0,288.0,288.0,288.0,0.039373893488733554,0.013337322303595502,0.1154873252941443,0.0,288.0,288.0,288.0,0.039373893488733554,0.013337322303595502,0.1154873252941443,0.0,288.0,288.0,288.0,2.05499932278695,3.0797064254343613,0.7876444941587064,0.7656938578156541,0.5862870838966192,0.8039413627823282
Coastal_T_S/H,medium,self_augmentation,self_augmentation,3.476261409930885,0.0,0.0,measured_candidate_query_loop_precomputed_vanilla_fallback_separate_retrieval,0.0,288.0,0.0,21.58183171228448,17979.433502051605,134.08740993117738,0.0,288.0,288.0,288.0,1.3495798204143448,13.905162663067951,3.7289626792270196,0.0,288.0,288.0,288.0,1.6840693627981982,18.74574209356895,4.329635330321591,0.0,288.0,288.0,288.0,0.041201336516256695,0.0163614748563561,0.12791198089450456,0.0,288.0,288.0,288.0,0.03607976423755099,0.005817245084303492,0.07627086655010215,0.0,288.0,288.0,288.0,1.6067107298178567,2.48265376059677,1.5756439193538525,0.0,288.0,288.0,288.0,0.03888140626880695,0.01324771293476472,0.11509870952693049,0.0,288.0,288.0,288.0,0.03888140626880695,0.01324771293476472,0.11509870952693049,0.0,288.0,288.0,288.0,2.05499932278695,3.0797064254343613,0.7818546273966003,0.7667369530891109,0.5878855552323736,0.806133253511856
Coastal_T_S/H,medium,top_k_1,top_k_1,2.4221840859390795,0.5670778811909258,0.9321672893129289,measured_candidate_query_loop_precomputed_vanilla_fallback_separate_retrieval,0.0,288.0,0.0,22.2920802048796,19065.58145549108,138.07817153877394,0.0,288.0,288.0,288.0,1.3791237335181523,14.436333009128033,3.799517470564918,0.0,288.0,288.0,288.0,1.7165935385937776,19.345386828137695,4.398339098811925,0.0,288.0,288.0,288.0,0.04229638749298423,0.01710410552656659,0.13078266523728055,0.0,288.0,288.0,288.0,0.03684701380980814,0.006070404561502523,0.07791280101178832,0.0,288.0,288.0,288.0,1.5873078965480587,2.3983010695767453,1.5486449139737442,0.0,288.0,288.0,288.0,0.03969509974801734,0.01378812673454952,0.1174228543961929,0.0,288.0,288.0,288.0,0.03969509974801734,0.01378812673454952,0.1174228543961929,0.0,288.0,288.0,288.0,2.05499932278695,3.0797064254343613,0.7724128562706204,0.7535987466280534,0.5679110709193731,0.7787434054655028
Coastal_T_S/H,medium,top_k_5,top_k_5,7.616155418101698,0.5670778811909258,0.9321672893129289,measured_candidate_query_loop_precomputed_vanilla_fallback_separate_retrieval,0.0,288.0,0.0,24.692160997195657,21169.493760399164,145.49740121527657,0.0,288.0,288.0,288.0,1.4320801076320342,16.02406836038283,4.0030074144801215,0.0,288.0,288.0,288.0,1.767931549431678,21.566579033719762,4.643983100068277,0.0,288.0,288.0,288.0,0.042626856837751616,0.017172593882172363,0.13104424398718306,0.0,288.0,288.0,288.0,0.037741882767927594,0.006856698448981876,0.08280518370840002,0.0,288.0,288.0,288.0,1.5769393135953513,2.2561821852291453,1.5020593148172097,0.0,288.0,288.0,288.0,0.04020802430563661,0.014001954436731471,0.11832985437636383,0.0,288.0,288.0,288.0,0.04020802430563661,0.014001954436731471,0.11832985437636383,0.0,288.0,288.0,288.0,2.05499932278695,3.0797064254343613,0.7673673154581564,0.7309293478404392,0.5342577115344498,0.73259651199089
Coastal_T_S/H,medium,top_k_10,top_k_10,13.582539547700435,0.5670778811909258,0.9321672893129289,measured_candidate_query_loop_precomputed_vanilla_fallback_separate_retrieval,0.0,288.0,0.0,23.823691425466095,20384.390632844177,142.77391439910926,0.0,288.0,288.0,288.0,1.4225471449890246,15.499614655303255,3.9369549978763096,0.0,288.0,288.0,288.0,1.75531992408595,20.742543389572997,4.55439824670318,0.0,288.0,288.0,288.0,0.04263549443821402,0.017283447586195513,0.1314665264856249,0.0,288.0,288.0,288.0,0.03751282748308549,0.006474102499528233,0.08046180770731064,0.0,288.0,288.0,288.0,1.6039731845761986,2.1976437867350365,1.482445205306097,0.0,288.0,288.0,288.0,0.040244432346926685,0.014079356915713385,0.11865646596672844,0.0,288.0,288.0,288.0,0.040244432346926685,0.014079356915713385,0.11865646596672844,0.0,288.0,288.0,288.0,2.05499932278695,3.0797064254343613,0.7805224881538751,0.7213847658575545,0.5203959804113588,0.7135887266998449
Coastal_T_S/H,medium,top_k_15,top_k_15,18.507129139266908,0.5670778811909258,0.9321672893129289,measured_candidate_query_loop_precomputed_vanilla_fallback_separate_retrieval,0.0,288.0,0.0,24.767634980143942,21468.33215573668,146.52075674025397,0.0,288.0,288.0,288.0,1.441325924450423,16.148852153331134,4.01856344398482,0.0,288.0,288.0,288.0,1.7759155202450287,21.61375904509677,4.649060017368755,0.0,288.0,288.0,288.0,0.04305173581577867,0.017258216552695667,0.13137053152322886,0.0,288.0,288.0,288.0,0.03819036899125867,0.006979397947350471,0.0835427911153947,0.0,288.0,288.0,288.0,1.6153037822194638,2.1859060253083804,1.4784809857784376,0.0,288.0,288.0,288.0,0.0406756106949,0.014128959845850953,0.11886530126933997,0.0,288.0,288.0,288.0,0.0406756106949,0.014128959845850953,0.11886530126933997,0.0,288.0,288.0,288.0,2.05499932278695,3.0797064254343613,0.786036162789981,0.7194557046244426,0.5176165109166532,0.7097774019158597
Coastal_T_S/H,medium,selected_task,selected_task,,,,assembled_from_candidate_artifacts_no_independent_selected_method_latency,0.0,288.0,0.0,21.769810360977843,18356.010531395543,135.4843553012507,0.0,288.0,288.0,288.0,1.3561894457292047,14.030380415244617,3.745714940467923,0.0,288.0,288.0,288.0,1.6914240532808602,18.908895032960785,4.34843592949934,0.0,288.0,288.0,288.0,0.041526111924238655,0.016602465819417385,0.1288505561471016,0.0,288.0,288.0,288.0,0.03628988610426423,0.005893522238114865,0.07676927926009769,0.0,288.0,288.0,288.0,1.6217608828563241,2.6236928023202912,1.6197817144048428,0.0,288.0,288.0,288.0,0.03915362895790678,0.013442896705336353,0.11594350652510192,0.0,288.0,288.0,288.0,0.03915362895790678,0.013442896705336353,0.11594350652510192,0.0,288.0,288.0,288.0,2.05499932278695,3.0797064254343613,0.7891783052545845,0.7882152059340469,0.6212832108656519,0.8519295153109426
Coastal_T_S/H,medium,selected_per_variate,selected_per_variate,,,,assembled_from_candidate_artifacts_no_independent_selected_method_latency,0.0,288.0,0.0,21.98156734003507,18424.78270778966,135.73791919647826,0.0,288.0,288.0,288.0,1.363300400538488,14.153041914691862,3.7620528856851365,0.0,288.0,288.0,288.0,1.7026357710756244,19.08259877108878,4.368363397324996,0.0,288.0,288.0,288.0,0.0417280970881425,0.01667409293036106,0.12912820346601692,0.0,288.0,288.0,288.0,0.03658204383507565,0.005970732966836669,0.07727051809608028,0.0,288.0,288.0,288.0,1.597752108733228,2.4609057530633405,1.5687274310929036,0.0,288.0,288.0,288.0,0.039342109041074186,0.013503549914776659,0.11620477578299723,0.0,288.0,288.0,288.0,0.039342109041074186,0.013503549914776659,0.11620477578299723,0.0,288.0,288.0,288.0,2.05499932278695,3.0797064254343613,0.7774951996414227,0.7633712642617448,0.5827356871005747,0.799071539007571
Coastal_T_S/H,long,vanilla_univariate,vanilla_univariate,0.6677256687544286,0.0,0.0,measured_candidate_query_loop_precomputed_vanilla_fallback_separate_retrieval,0.0,144.0,0.0,23.38398117726512,14442.435247658483,120.17668346088804,0.0,144.0,144.0,144.0,1.4581599704386596,12.562466469791493,3.544356989609186,0.0,144.0,144.0,144.0,1.8619836453971719,19.91699808153858,4.462846410256416,0.0,144.0,144.0,144.0,0.04693526938332424,0.012474290769141519,0.11168836451995132,0.0,144.0,144.0,144.0,0.041134207689759394,0.005208961579428248,0.07217313613407864,0.0,144.0,144.0,144.0,2.317674933329153,11.810207370322761,3.4365982264912436,0.0,144.0,144.0,144.0,0.041574137364873656,0.0055471241381342485,0.07447901810667383,0.0,144.0,144.0,144.0,0.041574137364873656,0.0055471241381342485,0.07447901810667383,0.0,144.0,144.0,144.0,2.646814492501095,9.314770885075767,0.8756469106148337,1.2983902862205678,1.685817335351928,1.2679010054069297
Coastal_T_S/H,long,vanilla_multivariate,vanilla_multivariate,0.6779132219962776,0.0,0.0,measured_candidate_query_loop_precomputed_vanilla_fallback_separate_retrieval,0.0,144.0,0.0,23.264132298646118,14627.209733904418,120.9430020046816,0.0,144.0,144.0,144.0,1.4689486634673639,12.546326559878736,3.5420794118538246,0.0,144.0,144.0,144.0,1.8647695066284808,19.786766985794696,4.4482318943367485,0.0,144.0,144.0,144.0,0.047452836513562746,0.012587147522236945,0.11219245751046256,0.0,144.0,144.0,144.0,0.04149696397387745,0.005217787230263339,0.07223425247251708,0.0,144.0,144.0,144.0,2.2993972779688896,10.698559963944433,3.2708653234189318,0.0,144.0,144.0,144.0,0.04201852445112127,0.005608668145406838,0.07489104182348406,0.0,144.0,144.0,144.0,0.04201852445112127,0.005608668145406838,0.07489104182348406,0.0,144.0,144.0,144.0,2.646814492501095,9.314770885075767,0.8687413811899166,1.2357742987602214,1.5271381174763168,1.1485585738974846
Coastal_T_S/H,long,self_augmentation,self_augmentation,1.990491365082562,0.0,0.0,measured_candidate_query_loop_precomputed_vanilla_fallback_separate_retrieval,0.0,144.0,0.0,23.024273407092373,13976.174468123012,118.22087154188559,0.0,144.0,144.0,144.0,1.452579779189484,12.371211510123105,3.517273306145416,0.0,144.0,144.0,144.0,1.85476418016202,19.58412324308029,4.425395264050465,0.0,144.0,144.0,144.0,0.04666473139109821,0.012199062645212097,0.11044936688461414,0.0,144.0,144.0,144.0,0.040973040530841116,0.0050873006917433955,0.07132531592459578,0.0,144.0,144.0,144.0,2.29916168945016,10.912205466242014,3.3033627512342654,0.0,144.0,144.0,144.0,0.041384731988909525,0.005388999952414589,0.07340980828482382,0.0,144.0,144.0,144.0,0.041384731988909525,0.005388999952414589,0.07340980828482382,0.0,144.0,144.0,144.0,2.646814492501095,9.314770885075767,0.8686523728671206,1.2480522381123764,1.5576343890573117,1.1714947797294377
Coastal_T_S/H,long,top_k_1,top_k_1,1.3867627773433924,0.3540862938389182,0.9503847598098218,measured_candidate_query_loop_precomputed_vanilla_fallback_separate_retrieval,0.0,144.0,0.0,23.85445169773785,15914.030932984062,126.15082612882114,0.0,144.0,144.0,144.0,1.4751257008919738,12.96284266050061,3.6003947923110613,0.0,144.0,144.0,144.0,1.8705539273507787,20.355479702610435,4.511704744618206,0.0,144.0,144.0,144.0,0.04815258910882265,0.013177888711440402,0.11479498556749071,0.0,144.0,144.0,144.0,0.04171177931777795,0.005300287185999437,0.07280307126762879,0.0,144.0,144.0,144.0,2.313242511052406,10.872474577874948,3.2973435638214816,0.0,144.0,144.0,144.0,0.04230800797205777,0.005762415420864997,0.07591057515830714,0.0,144.0,144.0,144.0,0.04230800797205777,0.005762415420864997,0.07591057515830714,0.0,144.0,144.0,144.0,2.646814492501095,9.314770885075767,0.8739722854043006,1.245778112959353,1.5519631067285662,1.167229415733129
Coastal_T_S/H,long,top_k_5,top_k_5,4.287380124907941,0.3540862938389182,0.9503847598098218,measured_candidate_query_loop_precomputed_vanilla_fallback_separate_retrieval,0.0,144.0,0.0,25.955094222597076,17121.83054726568,130.85041286624082,0.0,144.0,144.0,144.0,1.5614945438453955,14.22574266646176,3.771702886822047,0.0,144.0,144.0,144.0,1.965216604716665,22.09301791914298,4.700321044263145,0.0,144.0,144.0,144.0,0.05023668690313781,0.014049607739208235,0.11853104124746494,0.0,144.0,144.0,144.0,0.04398523432929794,0.006220740293497308,0.07887166977753994,0.0,144.0,144.0,144.0,2.4242847245090076,11.474781761683026,3.387444724520686,0.0,144.0,144.0,144.0,0.04452020134546819,0.006567121877659454,0.08103778055733915,0.0,144.0,144.0,144.0,0.04452020134546819,0.006567121877659454,0.08103778055733915,0.0,144.0,144.0,144.0,2.646814492501095,9.314770885075767,0.9159254384383361,1.2798194713373117,1.6379378792141155,1.2318909292839455
Coastal_T_S/H,long,top_k_10,top_k_10,7.488247086759657,0.3540862938389182,0.9503847598098218,measured_candidate_query_loop_precomputed_vanilla_fallback_separate_retrieval,0.0,144.0,0.0,25.73622470838017,18099.977617626504,134.5361572872754,0.0,144.0,144.0,144.0,1.5629001517592875,14.049462235000638,3.7482612282231127,0.0,144.0,144.0,144.0,1.9693534422027423,21.85787172806438,4.675240285596494,0.0,144.0,144.0,144.0,0.050872997846023144,0.01435398239268603,0.11980810653994174,0.0,144.0,144.0,144.0,0.043899666676174766,0.005800668375232376,0.07616211903060717,0.0,144.0,144.0,144.0,2.432007242629606,11.905866869969238,3.4504879176674765,0.0,144.0,144.0,144.0,0.04486655182365924,0.006449160328407071,0.08030666428390032,0.0,144.0,144.0,144.0,0.04486655182365924,0.006449160328407071,0.08030666428390032,0.0,144.0,144.0,144.0,2.646814492501095,9.314770885075767,0.9188431034815335,1.3036379872648174,1.699472001839864,1.278170662151761
Coastal_T_S/H,long,top_k_15,top_k_15,10.802763156127185,0.3540862938389182,0.9503847598098218,measured_candidate_query_loop_precomputed_vanilla_fallback_separate_retrieval,0.0,144.0,0.0,25.45014200422754,17652.848258744398,132.86402168662664,0.0,144.0,144.0,144.0,1.5655126188519515,13.906864426773039,3.7291908541630097,0.0,144.0,144.0,144.0,1.966782252676027,21.581909574786152,4.645633387901606,0.0,144.0,144.0,144.0,0.05120982958400931,0.014200403165813657,0.11916544451229835,0.0,144.0,144.0,144.0,0.044113222535290014,0.005722439674779179,0.07564680875475964,0.0,144.0,144.0,144.0,2.4667215658476707,11.474161633533354,3.387353189960172,0.0,144.0,144.0,144.0,0.045109155998275204,0.006380541490128552,0.07987829173266384,0.0,144.0,144.0,144.0,0.045109155998275204,0.006380541490128552,0.07987829173266384,0.0,144.0,144.0,144.0,2.646814492501095,9.314770885075767,0.931958613962686,1.2797848884223497,1.6378493606342062,1.2318243545761698
Coastal_T_S/H,long,selected_task,selected_task,,,,assembled_from_candidate_artifacts_no_independent_selected_method_latency,0.0,144.0,0.0,23.38398117726512,14442.435247658483,120.17668346088804,0.0,144.0,144.0,144.0,1.4581599704386596,12.562466469791493,3.544356989609186,0.0,144.0,144.0,144.0,1.8619836453971719,19.91699808153858,4.462846410256416,0.0,144.0,144.0,144.0,0.04693526938332424,0.012474290769141519,0.11168836451995132,0.0,144.0,144.0,144.0,0.041134207689759394,0.005208961579428248,0.07217313613407864,0.0,144.0,144.0,144.0,2.317674933329153,11.810207370322761,3.4365982264912436,0.0,144.0,144.0,144.0,0.041574137364873656,0.0055471241381342485,0.07447901810667383,0.0,144.0,144.0,144.0,0.041574137364873656,0.0055471241381342485,0.07447901810667383,0.0,144.0,144.0,144.0,2.646814492501095,9.314770885075767,0.8756469106148337,1.2983902862205678,1.685817335351928,1.2679010054069297
Coastal_T_S/H,long,selected_per_variate,selected_per_variate,,,,assembled_from_candidate_artifacts_no_independent_selected_method_latency,0.0,144.0,0.0,24.472207808062933,17861.985481607662,133.64873916953974,0.0,144.0,144.0,144.0,1.4784769296347997,13.241645916298232,3.6389072420574604,0.0,144.0,144.0,144.0,1.8820789683914232,20.92998656480161,4.574930225129298,0.0,144.0,144.0,144.0,0.04805087607685678,0.013767597532910267,0.11733540613519121,0.0,144.0,144.0,144.0,0.04153540880667191,0.0053546323855220524,0.07317535367541488,0.0,144.0,144.0,144.0,2.3474717671685226,11.7553400068927,3.4286061317819376,0.0,144.0,144.0,144.0,0.04225015328235154,0.005910475286959934,0.07687961554898629,0.0,144.0,144.0,144.0,0.04225015328235154,0.005910475286959934,0.07687961554898629,0.0,144.0,144.0,144.0,2.646814492501095,9.314770885075767,0.8869045313977747,1.2953707717317553,1.6779854362569229,1.2620106443763681
SG_Weather/D,short,vanilla_univariate,vanilla_univariate,4.769941977225244,0.0,0.0,measured_candidate_query_loop_precomputed_vanilla_fallback_separate_retrieval,0.0,2862.0,0.0,2268.2579275582266,59709058.027876206,7727.163647023156,0.0,2862.0,2862.0,2928.0,17.06594911376663,1403.0168047231211,37.456865922326195,0.0,2862.0,2862.0,2928.0,20.097909944339317,1864.331943427454,43.17791036429917,0.0,2862.0,2862.0,2928.0,0.3430878438587365,0.6442006377879501,0.8026211047486542,0.0,2862.0,2862.0,2928.0,0.21933368940991424,0.07844081630277461,0.2800728767709837,0.0,2862.0,2862.0,2928.0,0.8502706336047247,0.3227035956647561,0.5680700622852397,0.0,2862.0,2862.0,2928.0,0.2265219178301321,0.15439689611359994,0.3929337044764676,0.0,2862.0,2862.0,2928.0,0.2265219178301321,0.15439689611359994,0.3929337044764676,0.0,2862.0,2862.0,2928.0,1.0689616504483799,0.6515856757834457,0.7954173409757735,0.5314223031733277,0.2824096643100442,0.4952588856051012
SG_Weather/D,short,vanilla_multivariate,vanilla_multivariate,4.588239775039256,0.0,0.0,measured_candidate_query_loop_precomputed_vanilla_fallback_separate_retrieval,0.0,2862.0,0.0,2308.7725291172137,63494782.105475925,7968.361318707625,0.0,2862.0,2862.0,2928.0,17.064977840147954,1427.9122180968893,37.78772575978726,0.0,2862.0,2862.0,2928.0,20.14581066860997,1902.9188416217344,43.62245799610258,0.0,2862.0,2862.0,2928.0,0.3350703239817217,0.5661891098208511,0.7524553872628271,0.0,2862.0,2862.0,2928.0,0.21992722385222135,0.07926316816175129,0.28153715236492555,0.0,2862.0,2862.0,2928.0,0.85184748747127,0.33450434056452344,0.5783635021027204,0.0,2862.0,2862.0,2928.0,0.2257431127732374,0.16323133559275121,0.40401897924819224,0.0,2862.0,2862.0,2928.0,0.2257431127732374,0.16323133559275121,0.40401897924819224,0.0,2862.0,2862.0,2928.0,1.0689616504483799,0.6515856757834457,0.7968924676708089,0.5410516849319371,0.2927369257676882,0.5133696964137926
SG_Weather/D,short,self_augmentation,self_augmentation,14.187914792913944,0.0,0.0,measured_candidate_query_loop_precomputed_vanilla_fallback_separate_retrieval,0.0,2862.0,0.0,2308.057443608226,63324428.35463928,7957.664755104935,0.0,2862.0,2862.0,2928.0,17.111353852554213,1427.3388041755527,37.78013769397291,0.0,2862.0,2862.0,2928.0,20.164213282896036,1901.4619462901048,43.605755884861175,0.0,2862.0,2862.0,2928.0,0.3327822040301727,0.5617495788751632,0.7494995522848317,0.0,2862.0,2862.0,2928.0,0.22094562398698012,0.07960250209357386,0.2821391537762419,0.0,2862.0,2862.0,2928.0,0.8558327850508372,0.3298251680754554,0.5743040728355105,0.0,2862.0,2862.0,2928.0,0.22669543800999037,0.16660444266089616,0.4081720748175898,0.0,2862.0,2862.0,2928.0,0.22669543800999037,0.16660444266089616,0.4081720748175898,0.0,2862.0,2862.0,2928.0,1.0689616504483799,0.6515856757834457,0.8006206627635846,0.5372541405901854,0.28864201158129876,0.5061884880739347
SG_Weather/D,short,top_k_1,top_k_1,10.405943226069212,3.9221461839042604,0.20180541137233377,measured_candidate_query_loop_precomputed_vanilla_fallback_separate_retrieval,74.0,2862.0,0.02585604472396925,2241.831101282292,57155748.500828445,7560.14209528025,0.0,2862.0,2862.0,2928.0,17.144513793308754,1390.093479010611,37.28395739471081,0.0,2862.0,2862.0,2928.0,20.113545545763014,1837.2763868608088,42.86346214272488,0.0,2862.0,2862.0,2928.0,0.3486288959024784,0.6425726236215171,0.8016062771844524,0.0,2862.0,2862.0,2928.0,0.22000345193037915,0.07873220005423287,0.28059258731162673,0.0,2862.0,2862.0,2928.0,0.8554824096545188,0.3158140112838063,0.5619733190141738,0.0,2862.0,2862.0,2928.0,0.2308299655485996,0.17177582727529792,0.4144584747297344,0.0,2862.0,2862.0,2928.0,0.2308299655485996,0.17177582727529792,0.4144584747297344,0.0,2862.0,2862.0,2928.0,1.0689616504483799,0.6515856757834457,0.8002928910458889,0.5257188775466847,0.27638033820894603,0.4846853192468998
SG_Weather/D,short,top_k_5,top_k_5,31.329472745768726,3.9221461839042604,0.20180541137233377,measured_candidate_query_loop_precomputed_vanilla_fallback_separate_retrieval,74.0,2862.0,0.02585604472396925,2215.2263359879307,55671914.902198985,7461.3614643842975,0.0,2862.0,2862.0,2928.0,17.116075317030212,1378.4502401332716,37.12748631584519,0.0,2862.0,2862.0,2928.0,20.040120091685765,1813.6199226987435,42.58661670875891,0.0,2862.0,2862.0,2928.0,0.3528876167338072,0.663459923446458,0.8145304926437426,0.0,2862.0,2862.0,2928.0,0.22021016155023207,0.07880551067408821,0.28072319226257064,0.0,2862.0,2862.0,2928.0,0.8583277263238503,0.3116073668819519,0.5582180280875493,0.0,2862.0,2862.0,2928.0,0.232244643780298,0.17530991637142002,0.4187002703264234,0.0,2862.0,2862.0,2928.0,0.232244643780298,0.17530991637142002,0.4187002703264234,0.0,2862.0,2862.0,2928.0,1.0689616504483799,0.6515856757834457,0.8029546485262794,0.5222058507462851,0.2726989505536514,0.4782293080756958
SG_Weather/D,short,top_k_10,top_k_10,58.51934028742835,3.9221461839042604,0.20180541137233377,measured_candidate_query_loop_precomputed_vanilla_fallback_separate_retrieval,74.0,2862.0,0.02585604472396925,2206.980932450331,55277714.13019454,7434.898394073354,0.0,2862.0,2862.0,2928.0,17.1145397727164,1374.7523679128165,37.077653214744004,0.0,2862.0,2862.0,2928.0,20.014918266532217,1806.383979234366,42.501576197058455,0.0,2862.0,2862.0,2928.0,0.3541048864798852,0.6678031764607774,0.8171922518359908,0.0,2862.0,2862.0,2928.0,0.22033443843074202,0.07879761376335673,0.2807091266121512,0.0,2862.0,2862.0,2928.0,0.8590984927856742,0.31053612456947327,0.5572576823781555,0.0,2862.0,2862.0,2928.0,0.23255136569502,0.1753594550589756,0.4187594238449752,0.0,2862.0,2862.0,2928.0,0.23255136569502,0.1753594550589756,0.4187594238449752,0.0,2862.0,2862.0,2928.0,1.0689616504483799,0.6515856757834457,0.8036756907278406,0.5213074595748236,0.2717614674083564,0.47658525365232224
SG_Weather/D,short,top_k_15,top_k_15,84.53395617706701,3.9221461839042604,0.20180541137233377,measured_candidate_query_loop_precomputed_vanilla_fallback_separate_retrieval,74.0,2862.0,0.02585604472396925,2203.0274000272993,55025786.507322855,7417.936809337409,0.0,2862.0,2862.0,2928.0,17.113935547999063,1371.336519210648,37.03156112305621,0.0,2862.0,2862.0,2928.0,20.013533381457272,1802.4858816165947,42.45569315906401,0.0,2862.0,2862.0,2928.0,0.35497713724068064,0.6741150245935367,0.8210450807315861,0.0,2862.0,2862.0,2928.0,0.2204404417331727,0.07878915533326247,0.28069406002490055,0.0,2862.0,2862.0,2928.0,0.8597880695117813,0.30943961509495777,0.5562729681504915,0.0,2862.0,2862.0,2928.0,0.23281937965881122,0.17436406935656468,0.4175692389970371,0.0,2862.0,2862.0,2928.0,0.23281937965881122,0.17436406935656468,0.4175692389970371,0.0,2862.0,2862.0,2928.0,1.0689616504483799,0.6515856757834457,0.804320780966408,0.5203862719650989,0.2708018720497338,0.47490242127084437
SG_Weather/D,short,selected_task,selected_task,,,,assembled_from_candidate_artifacts_no_independent_selected_method_latency,0.0,2862.0,0.0,2268.2579275582266,59709058.027876206,7727.163647023156,0.0,2862.0,2862.0,2928.0,17.06594911376663,1403.0168047231211,37.456865922326195,0.0,2862.0,2862.0,2928.0,20.097909944339317,1864.331943427454,43.17791036429917,0.0,2862.0,2862.0,2928.0,0.3430878438587365,0.6442006377879501,0.8026211047486542,0.0,2862.0,2862.0,2928.0,0.21933368940991424,0.07844081630277461,0.2800728767709837,0.0,2862.0,2862.0,2928.0,0.8502706336047247,0.3227035956647561,0.5680700622852397,0.0,2862.0,2862.0,2928.0,0.2265219178301321,0.15439689611359994,0.3929337044764676,0.0,2862.0,2862.0,2928.0,0.2265219178301321,0.15439689611359994,0.3929337044764676,0.0,2862.0,2862.0,2928.0,1.0689616504483799,0.6515856757834457,0.7954173409757735,0.5314223031733277,0.2824096643100442,0.4952588856051012
SG_Weather/D,short,selected_per_variate,selected_per_variate,,,,assembled_from_candidate_artifacts_no_independent_selected_method_latency,0.0,2862.0,0.0,2271.6420445165686,60051101.73908682,7749.264593436387,0.0,2862.0,2862.0,2928.0,17.024197547815632,1401.3816688225672,37.435032640864186,0.0,2862.0,2862.0,2928.0,20.08743341273841,1868.1370634053692,43.221951175361916,0.0,2862.0,2862.0,2928.0,0.3426495107241476,0.6480047179608852,0.8049874023616054,0.0,2862.0,2862.0,2928.0,0.21891960017975776,0.0782458762797249,0.2797246436761068,0.0,2862.0,2862.0,2928.0,0.8505397721609541,0.3260005453212791,0.5709645744888899,0.0,2862.0,2862.0,2928.0,0.22660859587637006,0.1664833511075112,0.40802371390338477,0.0,2862.0,2862.0,2928.0,0.22660859587637006,0.1664833511075112,0.40802371390338477,0.0,2862.0,2862.0,2928.0,1.0689616504483799,0.6515856757834457,0.7956691166649357,0.5341300824490727,0.2852949449770531,0.5003187722463458
SG_Weather/D,medium,vanilla_univariate,vanilla_univariate,2.1696561318822205,0.0,0.0,measured_candidate_query_loop_precomputed_vanilla_fallback_separate_retrieval,0.0,1222.0,0.0,2293.0160207154554,42596696.04908551,6526.614440051251,0.0,1222.0,1222.0,1248.0,17.41546373347532,1177.4887783080444,34.31455636181305,0.0,1222.0,1222.0,1248.0,22.110256212006433,1804.1525909548861,42.47531743206737,0.0,1222.0,1222.0,1248.0,0.3481520491874965,0.48628236179572853,0.6973394881947591,0.0,1222.0,1222.0,1248.0,0.2234299020502056,0.06735758465453064,0.25953339795589053,0.0,1222.0,1222.0,1248.0,0.884970601982409,0.22499362412284116,0.4743349282130098,0.0,1222.0,1222.0,1248.0,0.21680553924235368,0.074433055260139,0.27282422044264876,0.0,1222.0,1222.0,1248.0,0.21680553924235368,0.074433055260139,0.27282422044264876,0.0,1222.0,1222.0,1248.0,1.180304070490495,0.6201815357152103,0.7497818774908103,0.4018751947673044,0.16150367216925882,0.36278671834912396
SG_Weather/D,medium,vanilla_multivariate,vanilla_multivariate,2.002424599137157,0.0,0.0,measured_candidate_query_loop_precomputed_vanilla_fallback_separate_retrieval,0.0,1222.0,0.0,2331.148098138895,45137665.352747716,6718.457066376753,0.0,1222.0,1222.0,1248.0,17.377129817993442,1183.7385580628707,34.405501857448186,0.0,1222.0,1222.0,1248.0,22.21007328151144,1837.8607429687863,42.87027808364189,0.0,1222.0,1222.0,1248.0,0.34174206307662847,0.45433360526947464,0.6740427325247819,0.0,1222.0,1222.0,1248.0,0.22386382763216392,0.06743361289260842,0.2596798276582307,0.0,1222.0,1222.0,1248.0,0.8880768520962443,0.2338476849291383,0.48357800294175735,0.0,1222.0,1222.0,1248.0,0.21593932672016852,0.0680384261758404,0.2608417646310506,0.0,1222.0,1222.0,1248.0,0.21593932672016852,0.0680384261758404,0.2608417646310506,0.0,1222.0,1222.0,1248.0,1.180304070490495,0.6201815357152103,0.7524136146774357,0.40970629097364586,0.16785924486338177,0.3770632814139795
SG_Weather/D,medium,self_augmentation,self_augmentation,6.311536900233477,0.0,0.0,measured_candidate_query_loop_precomputed_vanilla_fallback_separate_retrieval,0.0,1222.0,0.0,2330.2293323968634,45138017.03501129,6718.483239170229,0.0,1222.0,1222.0,1248.0,17.413850373885502,1186.3436910175285,34.443340299940836,0.0,1222.0,1222.0,1248.0,22.204308272391163,1837.1980265414848,42.86254806403237,0.0,1222.0,1222.0,1248.0,0.3391112772544133,0.4491092833377201,0.6701561633960551,0.0,1222.0,1222.0,1248.0,0.22486006672410527,0.06829533309890902,0.26133375805454034,0.0,1222.0,1222.0,1248.0,0.8898192685925539,0.22990857014221475,0.47948782064012296,0.0,1222.0,1222.0,1248.0,0.2163873434310424,0.06965388215436404,0.26392021929811293,0.0,1222.0,1222.0,1248.0,0.2163873434310424,0.06965388215436404,0.26392021929811293,0.0,1222.0,1222.0,1248.0,1.180304070490495,0.6201815357152103,0.7538898584182419,0.4062409277643716,0.1650316913908574,0.3707117301986069
SG_Weather/D,medium,top_k_1,top_k_1,4.582874614279717,1.667500542011112,0.204346165060997,measured_candidate_query_loop_precomputed_vanilla_fallback_separate_retrieval,27.0,1222.0,0.0220949263502455,2271.5094988016403,41105220.391693264,6411.335304887217,0.0,1222.0,1222.0,1248.0,17.498554393475715,1173.677371746747,34.25897505394385,0.0,1222.0,1222.0,1248.0,22.086320057584633,1783.703965115575,42.233919603981526,0.0,1222.0,1222.0,1248.0,0.3564796108870448,0.494125110618416,0.702940332189309,0.0,1222.0,1222.0,1248.0,0.22462155371208564,0.06819370655000222,0.2611392474332463,0.0,1222.0,1222.0,1248.0,0.8894402887895083,0.2221695782891011,0.4713486801605592,0.0,1222.0,1222.0,1248.0,0.2195080088021212,0.0793357422187518,0.2816660118273978,0.0,1222.0,1222.0,1248.0,0.2195080088021212,0.0793357422187518,0.2816660118273978,0.0,1222.0,1222.0,1248.0,1.180304070490495,0.6201815357152103,0.7535687718334196,0.39934512804372724,0.15947653129226091,0.35823313900000114
SG_Weather/D,medium,top_k_5,top_k_5,13.71990032074973,1.667500542011112,0.204346165060997,measured_candidate_query_loop_precomputed_vanilla_fallback_separate_retrieval,27.0,1222.0,0.0220949263502455,2240.3404350921573,39526477.27032564,6287.008610645101,0.0,1222.0,1222.0,1248.0,17.528588924716246,1172.3473679390252,34.23955852430088,0.0,1222.0,1222.0,1248.0,21.976842882087187,1757.3588120282113,41.920863684187275,0.0,1222.0,1222.0,1248.0,0.3595973227602932,0.4841209778105308,0.6957880264926458,0.0,1222.0,1222.0,1248.0,0.22504720118054128,0.06850974048652704,0.2617436541475782,0.0,1222.0,1222.0,1248.0,0.8914560988748362,0.21839298844446783,0.46732535608981013,0.0,1222.0,1222.0,1248.0,0.2198541480867436,0.07932656961399051,0.28164972858852627,0.0,1222.0,1222.0,1248.0,0.2198541480867436,0.07932656961399051,0.28164972858852627,0.0,1222.0,1222.0,1248.0,1.180304070490495,0.6201815357152103,0.7552766453684912,0.3959364097555008,0.15676564057007583,0.35214364805719517
SG_Weather/D,medium,top_k_10,top_k_10,25.539856997784227,1.667500542011112,0.204346165060997,measured_candidate_query_loop_precomputed_vanilla_fallback_separate_retrieval,27.0,1222.0,0.0220949263502455,2229.047951432092,38813221.20041527,6230.025778471167,0.0,1222.0,1222.0,1248.0,17.537774930900877,1169.5490760200062,34.19867067621205,0.0,1222.0,1222.0,1248.0,21.9518821492931,1747.162821535639,41.79907680243236,0.0,1222.0,1222.0,1248.0,0.3607262314259201,0.4894907467064848,0.6996361530870777,0.0,1222.0,1222.0,1248.0,0.22513473194058878,0.06848232691616331,0.2616912816968943,0.0,1222.0,1222.0,1248.0,0.8923213252883058,0.2172958978568273,0.46615008082894,0.0,1222.0,1222.0,1248.0,0.22021482731164066,0.08079913055718908,0.2842518787223562,0.0,1222.0,1222.0,1248.0,0.22021482731164066,0.08079913055718908,0.2842518787223562,0.0,1222.0,1222.0,1248.0,1.180304070490495,0.6201815357152103,0.7560096991934347,0.39494067036066693,0.155978133104933,0.3503746650667949
SG_Weather/D,medium,top_k_15,top_k_15,36.710598612204194,1.667500542011112,0.204346165060997,measured_candidate_query_loop_precomputed_vanilla_fallback_separate_retrieval,27.0,1222.0,0.0220949263502455,2231.4674248413353,39082963.659401715,6251.636878402464,0.0,1222.0,1222.0,1248.0,17.547968865806308,1172.5857821302036,34.2430399078441,0.0,1222.0,1222.0,1248.0,21.954936373347753,1749.4481936835873,41.82640545975218,0.0,1222.0,1222.0,1248.0,0.361813713505211,0.4970734274815872,0.7050343448950463,0.0,1222.0,1222.0,1248.0,0.2252051008487499,0.06853859758528098,0.26179877307825755,0.0,1222.0,1222.0,1248.0,0.8931891802235026,0.21757565140482024,0.4664500524223577,0.0,1222.0,1222.0,1248.0,0.2203873761809309,0.081074017582926,0.2847349953604685,0.0,1222.0,1222.0,1248.0,0.2203873761809309,0.081074017582926,0.2847349953604685,0.0,1222.0,1222.0,1248.0,1.180304070490495,0.6201815357152103,0.7567449800052989,0.3951948180848996,0.15617894424115691,0.35082574838979375
SG_Weather/D,medium,selected_task,selected_task,,,,assembled_from_candidate_artifacts_no_independent_selected_method_latency,0.0,1222.0,0.0,2331.148098138895,45137665.352747716,6718.457066376753,0.0,1222.0,1222.0,1248.0,17.377129817993442,1183.7385580628707,34.405501857448186,0.0,1222.0,1222.0,1248.0,22.21007328151144,1837.8607429687863,42.87027808364189,0.0,1222.0,1222.0,1248.0,0.34174206307662847,0.45433360526947464,0.6740427325247819,0.0,1222.0,1222.0,1248.0,0.22386382763216392,0.06743361289260842,0.2596798276582307,0.0,1222.0,1222.0,1248.0,0.8880768520962443,0.2338476849291383,0.48357800294175735,0.0,1222.0,1222.0,1248.0,0.21593932672016852,0.0680384261758404,0.2608417646310506,0.0,1222.0,1222.0,1248.0,0.21593932672016852,0.0680384261758404,0.2608417646310506,0.0,1222.0,1222.0,1248.0,1.180304070490495,0.6201815357152103,0.7524136146774357,0.40970629097364586,0.16785924486338177,0.3770632814139795
SG_Weather/D,medium,selected_per_variate,selected_per_variate,,,,assembled_from_candidate_artifacts_no_independent_selected_method_latency,3.0,1222.0,0.0024549918166939444,2278.4588003864997,41852697.460520506,6469.366078722127,0.0,1222.0,1222.0,1248.0,17.438339916625445,1175.1877259543442,34.281011157116474,0.0,1222.0,1222.0,1248.0,22.076989686102518,1791.0653267862224,42.32097974747539,0.0,1222.0,1222.0,1248.0,0.35223122985069716,0.4853876610894842,0.6966976827071296,0.0,1222.0,1222.0,1248.0,0.2242630163446352,0.06839638358299525,0.26152702266304195,0.0,1222.0,1222.0,1248.0,0.886405558323926,0.22631223145636498,0.47572285151794524,0.0,1222.0,1222.0,1248.0,0.2183315404995328,0.07994747534440375,0.28274984587865604,0.0,1222.0,1222.0,1248.0,0.2183315404995328,0.07994747534440375,0.28274984587865604,0.0,1222.0,1222.0,1248.0,1.180304070490495,0.6201815357152103,0.7509976289038514,0.4030510979431349,0.16245018755316648,0.36491288183124565
SG_Weather/D,long,vanilla_univariate,vanilla_univariate,1.0915229101665318,0.0,0.0,measured_candidate_query_loop_precomputed_vanilla_fallback_separate_retrieval,0.0,622.0,0.0,2284.1941427637203,35650525.090646066,5970.806067077214,0.0,622.0,622.0,624.0,17.41424179369988,1073.150435986948,32.75897489218715,0.0,622.0,622.0,624.0,22.910624749155183,1759.2974163671188,41.94397950084277,0.0,622.0,622.0,624.0,0.34989927690067796,0.3956409180735643,0.6289999348756439,0.0,622.0,622.0,624.0,0.22534842212674236,0.06280614514820991,0.250611542328381,0.0,622.0,622.0,624.0,0.8987506937939559,0.16097158000038714,0.4012126368901996,0.0,622.0,622.0,624.0,0.21388048556772096,0.054670590356591574,0.2338174295397834,0.0,622.0,622.0,624.0,0.21388048556772096,0.054670590356591574,0.2338174295397834,0.0,622.0,622.0,624.0,1.1878086823687262,0.5518559441190071,0.756646004642489,0.3377754707854989,0.1140922686643654,0.29169130407277777
SG_Weather/D,long,vanilla_multivariate,vanilla_multivariate,0.9897724469192326,0.0,0.0,measured_candidate_query_loop_precomputed_vanilla_fallback_separate_retrieval,0.0,622.0,0.0,2302.8734593706135,37214229.659935065,6100.346683585702,0.0,622.0,622.0,624.0,17.297334073413705,1062.286151919924,32.59273158113514,0.0,622.0,622.0,624.0,22.937067391319662,1776.7643988566742,42.151683226849606,0.0,622.0,622.0,624.0,0.34221256566279723,0.3537474751882125,0.5947667401496258,0.0,622.0,622.0,624.0,0.22542049960555943,0.06279704610463722,0.25059338799065956,0.0,622.0,622.0,624.0,0.8996563592969072,0.1645798208621454,0.4056843857756241,0.0,622.0,622.0,624.0,0.2132555668113672,0.05196920478841895,0.22796755205164387,0.0,622.0,622.0,624.0,0.2132555668113672,0.05196920478841895,0.22796755205164387,0.0,622.0,622.0,624.0,1.1878086823687262,0.5518559441190071,0.7574084721310623,0.3415401754486328,0.11664969144548289,0.2982296786254312
SG_Weather/D,long,self_augmentation,self_augmentation,3.1532128830440342,0.0,0.0,measured_candidate_query_loop_precomputed_vanilla_fallback_separate_retrieval,0.0,622.0,0.0,2315.538879252118,37619050.447713904,6133.43708272237,0.0,622.0,622.0,624.0,17.386989900319048,1074.0483768492952,32.772677291446534,0.0,622.0,622.0,624.0,23.002731282515168,1786.4132327965162,42.265981980743284,0.0,622.0,622.0,624.0,0.34159726434430243,0.36477988047365806,0.6039700989897249,0.0,622.0,622.0,624.0,0.2267060706785971,0.06394922807635782,0.2528818460790688,0.0,622.0,622.0,624.0,0.9025670299879749,0.16555363997129405,0.40688283322265395,0.0,622.0,622.0,624.0,0.21443434841241027,0.053841680923840764,0.2320381023104627,0.0,622.0,622.0,624.0,0.21443434841241027,0.053841680923840764,0.2320381023104627,0.0,622.0,622.0,624.0,1.1878086823687262,0.5518559441190071,0.759858926260816,0.3425491320801334,0.11733990788885267,0.2999943041939811
SG_Weather/D,long,top_k_1,top_k_1,2.21730320667848,0.8213229980319738,0.21219656988978386,measured_candidate_query_loop_precomputed_vanilla_fallback_separate_retrieval,35.0,622.0,0.05627009646302251,2249.0480389949894,33762617.280106634,5810.56084041004,0.0,622.0,622.0,624.0,17.54041752866713,1077.4947447296988,32.825215075147625,0.0,622.0,622.0,624.0,22.849627559163174,1726.94255940252,41.55649840160405,0.0,622.0,622.0,624.0,0.35737664145032744,0.39741808965706976,0.6304110481718017,0.0,622.0,622.0,624.0,0.22707113641373936,0.06337465029767295,0.25174322294288864,0.0,622.0,622.0,624.0,0.9100823177139772,0.1583076139536752,0.39787889357651934,0.0,622.0,622.0,624.0,0.21612209751226646,0.05580868486619394,0.2362386184902755,0.0,622.0,622.0,624.0,0.21612209751226646,0.05580868486619394,0.2362386184902755,0.0,622.0,622.0,624.0,1.1878086823687262,0.5518559441190071,0.7661859449445112,0.33496883755982476,0.11220412213618029,0.2868640188453535
SG_Weather/D,long,top_k_5,top_k_5,6.724681151099503,0.8213229980319738,0.21219656988978386,measured_candidate_query_loop_precomputed_vanilla_fallback_separate_retrieval,35.0,622.0,0.05627009646302251,2208.279429515795,31975636.138175756,5654.700357947869,0.0,622.0,622.0,624.0,17.576248979662488,1076.5193879489252,32.810354889103614,0.0,622.0,622.0,624.0,22.694169199648197,1693.2541138535337,41.1491690542292,0.0,622.0,622.0,624.0,0.37049017676315477,0.4526886783913458,0.672821431281247,0.0,622.0,622.0,624.0,0.2272692121645602,0.06379136560070012,0.2525695262708867,0.0,622.0,622.0,624.0,0.9109265549983839,0.1568197913672095,0.39600478705087583,0.0,622.0,622.0,624.0,0.21733038996135692,0.05825464365609751,0.24135998768664518,0.0,622.0,622.0,624.0,0.21733038996135692,0.05825464365609751,0.24135998768664518,0.0,622.0,622.0,624.0,1.1878086823687262,0.5518559441190071,0.766896696850048,0.3333910527250598,0.11114959403712361,0.28416798448653025
SG_Weather/D,long,top_k_10,top_k_10,12.663279423955828,0.8213229980319738,0.21219656988978386,measured_candidate_query_loop_precomputed_vanilla_fallback_separate_retrieval,35.0,622.0,0.05627009646302251,2190.509251150385,31535938.219901156,5615.6867985938425,0.0,622.0,622.0,624.0,17.532969370925105,1068.4713232032775,32.6874796092216,0.0,622.0,622.0,624.0,22.608639650197546,1679.3586643179,40.979978822809315,0.0,622.0,622.0,624.0,0.3699523632826347,0.4383210307579591,0.6620581777744,0.0,622.0,622.0,624.0,0.22723679912997713,0.06371508401763847,0.25241847004060236,0.0,622.0,622.0,624.0,0.9090911383809392,0.15491080646046185,0.3935871014914765,0.0,622.0,622.0,624.0,0.21715875472968135,0.057647778678293626,0.2400995182800116,0.0,622.0,622.0,624.0,0.21715875472968135,0.057647778678293626,0.2400995182800116,0.0,622.0,622.0,624.0,1.1878086823687262,0.5518559441190071,0.7653514845236113,0.3313556360832333,0.10979655756412418,0.28070877574357617
SG_Weather/D,long,top_k_15,top_k_15,18.15949079627171,0.8213229980319738,0.21219656988978386,measured_candidate_query_loop_precomputed_vanilla_fallback_separate_retrieval,35.0,622.0,0.05627009646302251,2179.913626051969,31060837.63094701,5573.225065520593,0.0,622.0,622.0,624.0,17.515599041638605,1064.982982786136,32.63407701753086,0.0,622.0,622.0,624.0,22.569929183593583,1670.5119226995396,40.87189649012558,0.0,622.0,622.0,624.0,0.3706161795718849,0.4381223728297577,0.6619081302036995,0.0,622.0,622.0,624.0,0.2270050981592416,0.06353909503408631,0.2520696233862508,0.0,622.0,622.0,624.0,0.9083824663015985,0.15358215028297917,0.3918955859447503,0.0,622.0,622.0,624.0,0.21695276605966343,0.057487725531995194,0.239765980764568,0.0,622.0,622.0,624.0,0.21695276605966343,0.057487725531995194,0.239765980764568,0.0,622.0,622.0,624.0,1.1878086823687262,0.5518559441190071,0.7647548631233303,0.32993157211414953,0.10885484227771425,0.2783011615978161
SG_Weather/D,long,selected_task,selected_task,,,,assembled_from_candidate_artifacts_no_independent_selected_method_latency,0.0,622.0,0.0,2302.8734593706135,37214229.659935065,6100.346683585702,0.0,622.0,622.0,624.0,17.297334073413705,1062.286151919924,32.59273158113514,0.0,622.0,622.0,624.0,22.937067391319662,1776.7643988566742,42.151683226849606,0.0,622.0,622.0,624.0,0.34221256566279723,0.3537474751882125,0.5947667401496258,0.0,622.0,622.0,624.0,0.22542049960555943,0.06279704610463722,0.25059338799065956,0.0,622.0,622.0,624.0,0.8996563592969072,0.1645798208621454,0.4056843857756241,0.0,622.0,622.0,624.0,0.2132555668113672,0.05196920478841895,0.22796755205164387,0.0,622.0,622.0,624.0,0.2132555668113672,0.05196920478841895,0.22796755205164387,0.0,622.0,622.0,624.0,1.1878086823687262,0.5518559441190071,0.7574084721310623,0.3415401754486328,0.11664969144548289,0.2982296786254312
SG_Weather/D,long,selected_per_variate,selected_per_variate,,,,assembled_from_candidate_artifacts_no_independent_selected_method_latency,6.0,622.0,0.00964630225080386,2214.9307845192325,32325756.042869892,5685.5743810867425,0.0,622.0,622.0,624.0,17.519325347256018,1074.969869713433,32.78673313572782,0.0,622.0,622.0,624.0,22.689865513958292,1700.1007874777195,41.23227846575689,0.0,622.0,622.0,624.0,0.36382013066426017,0.4447536437735349,0.6668985258444757,0.0,622.0,622.0,624.0,0.22644789893997938,0.06347616748551846,0.25194477070484805,0.0,622.0,622.0,624.0,0.9025319429506888,0.16067462416316536,0.40084239317113823,0.0,622.0,622.0,624.0,0.2156970070622671,0.057159784875211866,0.2390811261375767,0.0,622.0,622.0,624.0,0.2156970070622671,0.057159784875211866,0.2390811261375767,0.0,622.0,622.0,624.0,1.1878086823687262,0.5518559441190071,0.7598293869605846,0.3374637676260953,0.11388179446039924,0.2911532001701445
SG_PM25/H,short,vanilla_univariate,vanilla_univariate,2.019909136928618,0.0,0.0,measured_candidate_query_loop_precomputed_vanilla_fallback_separate_retrieval,0.0,460.0,0.0,40.9556691935561,2844.0522200084606,53.32965610247698,0.0,460.0,460.0,460.0,4.633873897402183,5.190097259902964,2.2781784960584113,0.0,460.0,460.0,460.0,5.717450742021976,8.266426206108456,2.875139336816297,0.0,460.0,460.0,460.0,0.49529809373782013,0.12125815157308494,0.34822141170968357,0.0,460.0,460.0,460.0,0.39542550724914227,0.015534262880038114,0.12463652305820358,0.0,460.0,460.0,460.0,0.8815383692649367,0.1891901359300088,0.43495992451030335,0.0,460.0,460.0,460.0,0.39260077170038254,0.02420126812303248,0.15556756770944413,0.0,460.0,460.0,460.0,0.39260077170038254,0.02420126812303248,0.15556756770944413,0.0,460.0,460.0,460.0,1.1720073818805468,0.2568254349370439,0.7521611065712424,0.37112387791652607,0.13773293275980053,0.7366487512281847
SG_PM25/H,short,vanilla_multivariate,vanilla_multivariate,2.186393493786454,0.0,0.0,measured_candidate_query_loop_precomputed_vanilla_fallback_separate_retrieval,0.0,460.0,0.0,40.105831919031026,2689.3805532184037,51.85923787733873,0.0,460.0,460.0,460.0,4.573332596386689,4.973241933331142,2.2300766653483333,0.0,460.0,460.0,460.0,5.661868067912552,8.049081900583218,2.837090393445936,0.0,460.0,460.0,460.0,0.48507043849197756,0.11683102269962314,0.34180553345378006,0.0,460.0,460.0,460.0,0.3902882770000662,0.014563189917574916,0.12067804240032615,0.0,460.0,460.0,460.0,0.8697938545818571,0.17999415320649467,0.4242571781437465,0.0,460.0,460.0,460.0,0.38628084868207446,0.023260731616710925,0.1525146931174532,0.0,460.0,460.0,460.0,0.38628084868207446,0.023260731616710925,0.1525146931174532,0.0,460.0,460.0,460.0,1.1720073818805468,0.2568254349370439,0.7421402527228349,0.3619918992856545,0.13103813514843543,0.700842396122553
SG_PM25/H,short,self_augmentation,self_augmentation,6.465003380086273,0.0,0.0,measured_candidate_query_loop_precomputed_vanilla_fallback_separate_retrieval,0.0,460.0,0.0,40.85818037016321,2811.7954559830373,53.026365668250705,0.0,460.0,460.0,460.0,4.616991255594336,5.285832300257136,2.299093799795288,0.0,460.0,460.0,460.0,5.698540460432046,8.384816990982145,2.8956548466594123,0.0,460.0,460.0,460.0,0.490257507107325,0.11918693297423989,0.34523460570203546,0.0,460.0,460.0,460.0,0.3935697223403093,0.015592417768343168,0.12486960305992474,0.0,460.0,460.0,460.0,0.8781577491607674,0.19218106946241773,0.4383846136241756,0.0,460.0,460.0,460.0,0.38919154208342316,0.023295877980310756,0.1526298725030941,0.0,460.0,460.0,460.0,0.38919154208342316,0.023295877980310756,0.1526298725030941,0.0,460.0,460.0,460.0,1.1720073818805468,0.2568254349370439,0.7492766365956822,0.37404594919936823,0.13991037211245638,0.7482945351948004
SG_PM25/H,short,top_k_1,top_k_1,4.254250064957887,0.12106667598709464,0.07986755715683103,measured_candidate_query_loop_precomputed_vanilla_fallback_separate_retrieval,0.0,460.0,0.0,41.59270353688225,3031.6571004164966,55.0604858352748,0.0,460.0,460.0,460.0,4.654625800251961,5.477118524771814,2.3403244486121606,0.0,460.0,460.0,460.0,5.742503157356338,8.616361024634728,2.935363865798366,0.0,460.0,460.0,460.0,0.49162217363715505,0.11286875643200982,0.3359594565301144,0.0,460.0,460.0,460.0,0.39725893940227813,0.015759725014081544,0.12553774338453572,0.0,460.0,460.0,460.0,0.8857275535882294,0.19936619382158968,0.4465044163517195,0.0,460.0,460.0,460.0,0.3925378989442313,0.023693575898753858,0.1539271772584486,0.0,460.0,460.0,460.0,0.3925378989442313,0.023693575898753858,0.1539271772584486,0.0,460.0,460.0,460.0,1.1720073818805468,0.2568254349370439,0.7557354734123206,0.3809740648862467,0.1451412381159501,0.7762712204515907
SG_PM25/H,short,top_k_5,top_k_5,13.31043317494914,0.12106667598709464,0.07986755715683103,measured_candidate_query_loop_precomputed_vanilla_fallback_separate_retrieval,0.0,460.0,0.0,41.3795590498205,2932.1144538958465,54.149002335184775,0.0,460.0,460.0,460.0,4.647492805684822,5.2927486476042915,2.3005974544896572,0.0,460.0,460.0,460.0,5.739166025020412,8.441532387071907,2.9054315319883046,0.0,460.0,460.0,460.0,0.4922033066805987,0.11103925748417456,0.33322553546235706,0.0,460.0,460.0,460.0,0.3968640526316581,0.015541505656482697,0.1246655752663208,0.0,460.0,460.0,460.0,0.8849141274862353,0.19395152563920956,0.4403992797896127,0.0,460.0,460.0,460.0,0.3934084825506525,0.024961240847132922,0.1579912682623091,0.0,460.0,460.0,460.0,0.3934084825506525,0.024961240847132922,0.1579912682623091,0.0,460.0,460.0,460.0,1.1720073818805468,0.2568254349370439,0.7550414282087069,0.37576493680694156,0.14119928773352478,0.7551881521655098
SG_PM25/H,short,top_k_10,top_k_10,25.142082890029997,0.12106667598709464,0.07986755715683103,measured_candidate_query_loop_precomputed_vanilla_fallback_separate_retrieval,0.0,460.0,0.0,41.57173466545766,2943.2718969273096,54.251929891270315,0.0,460.0,460.0,460.0,4.6611141846663715,5.42806073596104,2.3298198934598013,0.0,460.0,460.0,460.0,5.74610601529456,8.554000326453346,2.924722264840432,0.0,460.0,460.0,460.0,0.4952216547781382,0.11670810953910395,0.34162568629876755,0.0,460.0,460.0,460.0,0.3973643042764656,0.01576662748274595,0.12556523198220895,0.0,460.0,460.0,460.0,0.886888993776191,0.1969942527437478,0.44384034600715133,0.0,460.0,460.0,460.0,0.3941140530068144,0.024787979048665212,0.15744198629547715,0.0,460.0,460.0,460.0,0.3941140530068144,0.024787979048665212,0.15744198629547715,0.0,460.0,460.0,460.0,1.1720073818805468,0.2568254349370439,0.7567264570920462,0.37870098163971155,0.14341443349488112,0.7670356045227271
SG_PM25/H,short,top_k_15,top_k_15,36.35346819832921,0.12106667598709464,0.07986755715683103,measured_candidate_query_loop_precomputed_vanilla_fallback_separate_retrieval,0.0,460.0,0.0,41.159172486619816,2904.8686912369976,53.89683377747711,0.0,460.0,460.0,460.0,4.637739822138911,5.289212516704573,2.2998288016077573,0.0,460.0,460.0,460.0,5.720819741010665,8.431393977482472,2.9036862739425677,0.0,460.0,460.0,460.0,0.4944526904852265,0.11510222266202676,0.3392671847703912,0.0,460.0,460.0,460.0,0.39570307526933474,0.015556370845770605,0.12472518128177086,0.0,460.0,460.0,460.0,0.8824193722167865,0.19199445883876742,0.4381717230022579,0.0,460.0,460.0,460.0,0.39259299493793487,0.02451383913192758,0.1565689596693022,0.0,460.0,460.0,460.0,0.39259299493793487,0.02451383913192758,0.1565689596693022,0.0,460.0,460.0,460.0,1.1720073818805468,0.2568254349370439,0.7529128108398931,0.3738643030551468,0.13977451709891064,0.7475679302785232
SG_PM25/H,short,selected_task,selected_task,,,,assembled_from_candidate_artifacts_no_independent_selected_method_latency,0.0,460.0,0.0,40.105831919031026,2689.3805532184037,51.85923787733873,0.0,460.0,460.0,460.0,4.573332596386689,4.973241933331142,2.2300766653483333,0.0,460.0,460.0,460.0,5.661868067912552,8.049081900583218,2.837090393445936,0.0,460.0,460.0,460.0,0.48507043849197756,0.11683102269962314,0.34180553345378006,0.0,460.0,460.0,460.0,0.3902882770000662,0.014563189917574916,0.12067804240032615,0.0,460.0,460.0,460.0,0.8697938545818571,0.17999415320649467,0.4242571781437465,0.0,460.0,460.0,460.0,0.38628084868207446,0.023260731616710925,0.1525146931174532,0.0,460.0,460.0,460.0,0.38628084868207446,0.023260731616710925,0.1525146931174532,0.0,460.0,460.0,460.0,1.1720073818805468,0.2568254349370439,0.7421402527228349,0.3619918992856545,0.13103813514843543,0.700842396122553
SG_PM25/H,short,selected_per_variate,selected_per_variate,,,,assembled_from_candidate_artifacts_no_independent_selected_method_latency,0.0,460.0,0.0,40.41212270789511,2730.589651431126,52.25504426781329,0.0,460.0,460.0,460.0,4.595464290613714,5.062078726353401,2.249906381686447,0.0,460.0,460.0,460.0,5.679747126705357,8.152595284577338,2.85527499281196,0.0,460.0,460.0,460.0,0.4912791083071476,0.12215049031048969,0.34950034379166167,0.0,460.0,460.0,460.0,0.39186987196320405,0.01541081790385233,0.12414031538485928,0.0,460.0,460.0,460.0,0.8740677680359029,0.18382046330239274,0.4287428871741113,0.0,460.0,460.0,460.0,0.38900321686069184,0.024173847246366703,0.15547941100469445,0.0,460.0,460.0,460.0,0.38900321686069184,0.024173847246366703,0.15547941100469445,0.0,460.0,460.0,460.0,1.1720073818805468,0.2568254349370439,0.7457869135887316,0.36581927196240954,0.13382373973910736,0.7157408819241482
SG_PM25/H,medium,vanilla_univariate,vanilla_univariate,0.6505949809215963,0.0,0.0,measured_candidate_query_loop_precomputed_vanilla_fallback_separate_retrieval,0.0,150.0,0.0,47.13290522640297,2932.950017721171,54.15671719852646,0.0,150.0,150.0,150.0,4.914678787346239,5.252130220964747,2.2917526526579493,0.0,150.0,150.0,150.0,6.28467863575844,7.635719671644403,2.7632805995129055,0.0,150.0,150.0,150.0,0.5108441057237082,0.044984487837608174,0.21209546868711782,0.0,150.0,150.0,150.0,0.41637348802641394,0.009778771022234015,0.09888766870663913,0.0,150.0,150.0,150.0,0.9340346189002265,0.1812843599760664,0.42577501098122983,0.0,150.0,150.0,150.0,0.4022034160022363,0.007392849490586417,0.08598168113375323,0.0,150.0,150.0,150.0,0.4022034160022363,0.007392849490586417,0.08598168113375323,0.0,150.0,150.0,150.0,1.1852409592075988,0.20283745879242823,0.7880546243733274,0.35923076035600787,0.12904673918595558,0.8937420191286365
SG_PM25/H,medium,vanilla_multivariate,vanilla_multivariate,0.6887169047258794,0.0,0.0,measured_candidate_query_loop_precomputed_vanilla_fallback_separate_retrieval,0.0,150.0,0.0,46.90827019216705,2882.824669273142,53.69194231235392,0.0,150.0,150.0,150.0,4.8728905989064115,5.334282178469782,2.3096064986204428,0.0,150.0,150.0,150.0,6.252464655137143,7.814955928427819,2.7955242671863574,0.0,150.0,150.0,150.0,0.498821649910811,0.04683865884506554,0.2164224083709114,0.0,150.0,150.0,150.0,0.41306534614465384,0.010013708743284057,0.10006852024130294,0.0,150.0,150.0,150.0,0.9262713756023986,0.18582386786503666,0.4310729263883742,0.0,150.0,150.0,150.0,0.39706184172138753,0.007051399991091582,0.08397261453052168,0.0,150.0,150.0,150.0,0.39706184172138753,0.007051399991091582,0.08397261453052168,0.0,150.0,150.0,150.0,1.1852409592075988,0.20283745879242823,0.7815046960760316,0.36370066613000873,0.13227817454341206,0.9161220465456419
SG_PM25/H,medium,self_augmentation,self_augmentation,2.1261522327549756,0.0,0.0,measured_candidate_query_loop_precomputed_vanilla_fallback_separate_retrieval,0.0,150.0,0.0,47.53047676192554,2889.7544768972525,53.7564366089983,0.0,150.0,150.0,150.0,4.891647404079084,5.479042345228087,2.3407354282848982,0.0,150.0,150.0,150.0,6.283632115762836,8.046444195679408,2.836625494435141,0.0,150.0,150.0,150.0,0.49228571268449667,0.04285446668082388,0.2070132041219204,0.0,150.0,150.0,150.0,0.41480024666336346,0.009735948377224581,0.09867090947804516,0.0,150.0,150.0,150.0,0.9297878888699095,0.19131522651404909,0.4373959607884475,0.0,150.0,150.0,150.0,0.39677923997343556,0.006316675991566944,0.07947751878089139,0.0,150.0,150.0,150.0,0.39677923997343556,0.006316675991566944,0.07947751878089139,0.0,150.0,150.0,150.0,1.1852409592075988,0.20283745879242823,0.7844716145242954,0.3690354753525154,0.136187182068657,0.9431947513690244
SG_PM25/H,medium,top_k_1,top_k_1,1.3828950016759336,0.04881692212074995,0.07931268122047186,measured_candidate_query_loop_precomputed_vanilla_fallback_separate_retrieval,0.0,150.0,0.0,48.2085695083625,2991.76326250058,54.697013286838434,0.0,150.0,150.0,150.0,4.959791736735237,5.42732179602333,2.3296613050019372,0.0,150.0,150.0,150.0,6.352173123564154,7.858466116631719,2.8032955813883986,0.0,150.0,150.0,150.0,0.5085751610699837,0.045182569392376276,0.2125619189609848,0.0,150.0,150.0,150.0,0.42044251331502824,0.010153568305295188,0.10076491604370634,0.0,150.0,150.0,150.0,0.9427647572979906,0.18853747670964977,0.43420902421489327,0.0,150.0,150.0,150.0,0.4050470796539525,0.007317664686499407,0.08554334975028396,0.0,150.0,150.0,150.0,0.4050470796539525,0.007317664686499407,0.08554334975028396,0.0,150.0,150.0,150.0,1.1852409592075988,0.20283745879242823,0.7954203320211636,0.36634662415411867,0.13420984902911906,0.9295002897003742
SG_PM25/H,medium,top_k_5,top_k_5,4.359688273631036,0.04881692212074995,0.07931268122047186,measured_candidate_query_loop_precomputed_vanilla_fallback_separate_retrieval,0.0,150.0,0.0,47.87145973154084,2723.16730950495,52.18397560080058,0.0,150.0,150.0,150.0,4.95913234922621,5.12436052056281,2.2637050427480188,0.0,150.0,150.0,150.0,6.348200517242928,7.571809924417471,2.7516921928910345,0.0,150.0,150.0,150.0,0.5136315369251399,0.0471060054973386,0.21703917963662367,0.0,150.0,150.0,150.0,0.4204202921768989,0.009799709553355636,0.09899348237816284,0.0,150.0,150.0,150.0,0.9429902450628784,0.17859151379332092,0.42260089185107136,0.0,150.0,150.0,150.0,0.4067241061804786,0.008092894940197961,0.08996051878573157,0.0,150.0,150.0,150.0,0.4067241061804786,0.008092894940197961,0.08996051878573157,0.0,150.0,150.0,150.0,1.1852409592075988,0.20283745879242823,0.7956105783699217,0.3565527233665669,0.12712984454011558,0.8804661370564735
SG_PM25/H,medium,top_k_10,top_k_10,8.23992877593264,0.04881692212074995,0.07931268122047186,measured_candidate_query_loop_precomputed_vanilla_fallback_separate_retrieval,0.0,150.0,0.0,47.268791485608126,2588.4446245483473,50.87675917890552,0.0,150.0,150.0,150.0,4.941573027813876,4.947212340613374,2.2242329780428522,0.0,150.0,150.0,150.0,6.318553972813439,7.344667178251619,2.710104643413538,0.0,150.0,150.0,150.0,0.5174691569958217,0.05019255625763992,0.22403695288420597,0.0,150.0,150.0,150.0,0.41854841104619916,0.009315780142879362,0.0965182891626212,0.0,150.0,150.0,150.0,0.9391105826792705,0.1706059763695594,0.41304476315474503,0.0,150.0,150.0,150.0,0.4059315224593585,0.008241506878423422,0.09078274548846506,0.0,150.0,150.0,150.0,0.4059315224593585,0.008241506878423422,0.09078274548846506,0.0,150.0,150.0,150.0,1.1852409592075988,0.20283745879242823,0.7923372672735842,0.3484901191998031,0.12144536317989295,0.8410969915776129
SG_PM25/H,medium,top_k_15,top_k_15,11.871634192764759,0.04881692212074995,0.07931268122047186,measured_candidate_query_loop_precomputed_vanilla_fallback_separate_retrieval,0.0,150.0,0.0,46.83637171104546,2564.457085715873,50.640468853633976,0.0,150.0,150.0,150.0,4.926455227269067,4.906694192055648,2.2151059098958785,0.0,150.0,150.0,150.0,6.289901003226277,7.273517080658515,2.696945880187164,0.0,150.0,150.0,150.0,0.5199652803781019,0.051895117638775,0.22780499915229033,0.0,150.0,150.0,150.0,0.41725347636826277,0.009322571269942652,0.09655346327264834,0.0,150.0,150.0,150.0,0.9363815295576126,0.16948449680841315,0.4116849484841693,0.0,150.0,150.0,150.0,0.40515440142788645,0.00833539485609912,0.09129838364450446,0.0,150.0,150.0,150.0,0.40515440142788645,0.00833539485609912,0.09129838364450446,0.0,150.0,150.0,150.0,1.1852409592075988,0.20283745879242823,0.7900347370577179,0.3473428295621881,0.12064704124826726,0.8355680347082907
SG_PM25/H,medium,selected_task,selected_task,,,,assembled_from_candidate_artifacts_no_independent_selected_method_latency,0.0,150.0,0.0,47.53047676192554,2889.7544768972525,53.7564366089983,0.0,150.0,150.0,150.0,4.891647404079084,5.479042345228087,2.3407354282848982,0.0,150.0,150.0,150.0,6.283632115762836,8.046444195679408,2.836625494435141,0.0,150.0,150.0,150.0,0.49228571268449667,0.04285446668082388,0.2070132041219204,0.0,150.0,150.0,150.0,0.41480024666336346,0.009735948377224581,0.09867090947804516,0.0,150.0,150.0,150.0,0.9297878888699095,0.19131522651404909,0.4373959607884475,0.0,150.0,150.0,150.0,0.39677923997343556,0.006316675991566944,0.07947751878089139,0.0,150.0,150.0,150.0,0.39677923997343556,0.006316675991566944,0.07947751878089139,0.0,150.0,150.0,150.0,1.1852409592075988,0.20283745879242823,0.7844716145242954,0.3690354753525154,0.136187182068657,0.9431947513690244
SG_PM25/H,medium,selected_per_variate,selected_per_variate,,,,assembled_from_candidate_artifacts_no_independent_selected_method_latency,0.0,150.0,0.0,47.525030151653795,2841.9451936009805,53.309897707658195,0.0,150.0,150.0,150.0,4.9107484983956375,5.312364047663237,2.3048566219318802,0.0,150.0,150.0,150.0,6.298106320260678,7.858886930346304,2.8033706373482445,0.0,150.0,150.0,150.0,0.500008892761574,0.044486484185846845,0.21091819311251186,0.0,150.0,150.0,150.0,0.416617039872378,0.009586566727660164,0.09791101433271011,0.0,150.0,150.0,150.0,0.9338431956281933,0.18499629869295015,0.430111960648562,0.0,150.0,150.0,150.0,0.40028092395554504,0.006853135932296071,0.08278366947832205,0.0,150.0,150.0,150.0,0.40028092395554504,0.006853135932296071,0.08278366947832205,0.0,150.0,150.0,150.0,1.1852409592075988,0.20283745879242823,0.7878931185879037,0.36288988944165107,0.13168907185897374,0.9120420843088176
SG_PM25/H,long,vanilla_univariate,vanilla_univariate,0.29637623811140656,0.0,0.0,measured_candidate_query_loop_precomputed_vanilla_fallback_separate_retrieval,0.0,65.0,0.0,49.156700890631384,1430.5963575654343,37.82322510793381,0.0,65.0,65.0,65.0,5.062636699388316,2.7316026743657886,1.652756084352978,0.0,65.0,65.0,65.0,6.6204352224044705,5.326538356577654,2.307929452253178,0.0,65.0,65.0,65.0,0.5347210072508921,0.020469234419563023,0.14307073222557792,0.0,65.0,65.0,65.0,0.4263318932417692,0.0052187245947533534,0.0722407405468227,0.0,65.0,65.0,65.0,0.9632786476356798,0.0950246904540842,0.3082607507518338,0.0,65.0,65.0,65.0,0.41307213717587965,0.0037641767695359607,0.06135288721434355,0.0,65.0,65.0,65.0,0.41307213717587965,0.0037641767695359607,0.06135288721434355,0.0,65.0,65.0,65.0,1.2909773955323274,0.12490674689861864,0.7461622883323044,0.23878090493189788,0.057016320560096055,0.760765073252701
SG_PM25/H,long,vanilla_multivariate,vanilla_multivariate,0.2979726940393448,0.0,0.0,measured_candidate_query_loop_precomputed_vanilla_fallback_separate_retrieval,0.0,65.0,0.0,49.76469249349336,1515.8208021767143,38.933543406383066,0.0,65.0,65.0,65.0,5.055195881639208,3.053709505157838,1.7474866251728045,0.0,65.0,65.0,65.0,6.638516027203882,5.694797450050533,2.3863774743427606,0.0,65.0,65.0,65.0,0.5207481969353787,0.022637464720523644,0.1504575179927,0.0,65.0,65.0,65.0,0.4262333462715727,0.0059128086673642805,0.07689478959828346,0.0,65.0,65.0,65.0,0.9613872795889807,0.10591646428719992,0.325448097685637,0.0,65.0,65.0,65.0,0.4102450518356082,0.004119713463446778,0.06418499406751377,0.0,65.0,65.0,65.0,0.4102450518356082,0.004119713463446778,0.06418499406751377,0.0,65.0,65.0,65.0,1.2909773955323274,0.12490674689861864,0.7446972215904354,0.2520943424818374,0.06355155751134993,0.8479643167167559
SG_PM25/H,long,self_augmentation,self_augmentation,0.9207334932871163,0.0,0.0,measured_candidate_query_loop_precomputed_vanilla_fallback_separate_retrieval,0.0,65.0,0.0,50.32098161526472,1592.638700973987,39.907877680653314,0.0,65.0,65.0,65.0,5.045151622522445,3.1715851740484173,1.7808944870621666,0.0,65.0,65.0,65.0,6.658800354967128,5.9813594479543815,2.445681796136689,0.0,65.0,65.0,65.0,0.5025020627258688,0.01821077476124816,0.1349473036457126,0.0,65.0,65.0,65.0,0.42639255726091796,0.0059107791793906956,0.07688159194105372,0.0,65.0,65.0,65.0,0.9590573439639333,0.10884452039523321,0.32991592928386043,0.0,65.0,65.0,65.0,0.40818750841061446,0.003752000661346145,0.06125357672288325,0.0,65.0,65.0,65.0,0.40818750841061446,0.003752000661346145,0.06125357672288325,0.0,65.0,65.0,65.0,1.2909773955323274,0.12490674689861864,0.7428924373756919,0.2555551556716618,0.06530843759036731,0.871406253847741
SG_PM25/H,long,top_k_1,top_k_1,0.5819972837343812,0.030222046189010143,0.0698819924145937,measured_candidate_query_loop_precomputed_vanilla_fallback_separate_retrieval,0.0,65.0,0.0,49.82612753612063,1459.1157160852006,38.19837321254926,0.0,65.0,65.0,65.0,5.0597092173911715,2.89140108980461,1.7004120353033878,0.0,65.0,65.0,65.0,6.648341994650165,5.625676258291699,2.3718508086074257,0.0,65.0,65.0,65.0,0.5183735346296819,0.019061550243642613,0.1380635731959832,0.0,65.0,65.0,65.0,0.42828157721309784,0.005750620228747843,0.07583284399749124,0.0,65.0,65.0,65.0,0.962130439862934,0.09996094159980132,0.3161660032321649,0.0,65.0,65.0,65.0,0.41177471699873924,0.003955646602435693,0.0628939313641284,0.0,65.0,65.0,65.0,0.41177471699873924,0.003955646602435693,0.0628939313641284,0.0,65.0,65.0,65.0,1.2909773955323274,0.12490674689861864,0.7452728786674107,0.24490436805967128,0.05997814949470693,0.8002845649397566
SG_PM25/H,long,top_k_5,top_k_5,1.909954987000674,0.030222046189010143,0.0698819924145937,measured_candidate_query_loop_precomputed_vanilla_fallback_separate_retrieval,0.0,65.0,0.0,49.63434766208341,1461.2198397190048,38.225905348585336,0.0,65.0,65.0,65.0,5.076692124644479,2.897289637549564,1.7021426607513144,0.0,65.0,65.0,65.0,6.637838712097961,5.573444894257086,2.3608144557031765,0.0,65.0,65.0,65.0,0.5250462345471136,0.020369602686433765,0.1427221170191704,0.0,65.0,65.0,65.0,0.42936532801565036,0.005887622169265045,0.07673084235993402,0.0,65.0,65.0,65.0,0.9648473906931562,0.0991253325233592,0.3148417579092062,0.0,65.0,65.0,65.0,0.41358951166959823,0.004070886277180939,0.06380349737421091,0.0,65.0,65.0,65.0,0.41358951166959823,0.004070886277180939,0.06380349737421091,0.0,65.0,65.0,65.0,1.2909773955323274,0.12490674689861864,0.74737744753099,0.24387859849349489,0.05947677080315128,0.7935947015241291
SG_PM25/H,long,top_k_10,top_k_10,3.589871942065656,0.030222046189010143,0.0698819924145937,measured_candidate_query_loop_precomputed_vanilla_fallback_separate_retrieval,0.0,65.0,0.0,49.388484666331934,1485.0670504338266,38.53656770437433,0.0,65.0,65.0,65.0,5.0634822555514045,2.940090791025172,1.7146692949444136,0.0,65.0,65.0,65.0,6.617030361473665,5.603393861667633,2.3671488887832197,0.0,65.0,65.0,65.0,0.5262701936473198,0.02096426731909229,0.14479042550905183,0.0,65.0,65.0,65.0,0.428150142341556,0.00589547667715426,0.07678200750927433,0.0,65.0,65.0,65.0,0.9620162772872011,0.09919633534008092,0.3149544972533031,0.0,65.0,65.0,65.0,0.4121646138299701,0.003929877198425449,0.06268873262736653,0.0,65.0,65.0,65.0,0.4121646138299701,0.003929877198425449,0.06268873262736653,0.0,65.0,65.0,65.0,1.2909773955323274,0.12490674689861864,0.7451844475483779,0.24396592716748022,0.059519373618688275,0.794163148133177
SG_PM25/H,long,top_k_15,top_k_15,5.19637107104063,0.030222046189010143,0.0698819924145937,measured_candidate_query_loop_precomputed_vanilla_fallback_separate_retrieval,0.0,65.0,0.0,48.94720925867927,1441.8067810913385,37.97113089034008,0.0,65.0,65.0,65.0,5.052365844153659,2.872419703376455,1.6948214370182055,0.0,65.0,65.0,65.0,6.591898768173237,5.4940798888354365,2.3439453681422346,0.0,65.0,65.0,65.0,0.5308476646211415,0.02056813341206645,0.14341594545958428,0.0,65.0,65.0,65.0,0.42715265887556775,0.005716891951125315,0.0756101312730332,0.0,65.0,65.0,65.0,0.9603164104779494,0.09816341451278689,0.3133104123912687,0.0,65.0,65.0,65.0,0.41157199480965967,0.0038566713776048093,0.06210210445391371,0.0,65.0,65.0,65.0,0.41157199480965967,0.0038566713776048093,0.06210210445391371,0.0,65.0,65.0,65.0,1.2909773955323274,0.12490674689861864,0.7438677189866428,0.24269240768702763,0.058899604748926436,0.7858936122358695
SG_PM25/H,long,selected_task,selected_task,,,,assembled_from_candidate_artifacts_no_independent_selected_method_latency,0.0,65.0,0.0,49.76469249349336,1515.8208021767143,38.933543406383066,0.0,65.0,65.0,65.0,5.055195881639208,3.053709505157838,1.7474866251728045,0.0,65.0,65.0,65.0,6.638516027203882,5.694797450050533,2.3863774743427606,0.0,65.0,65.0,65.0,0.5207481969353787,0.022637464720523644,0.1504575179927,0.0,65.0,65.0,65.0,0.4262333462715727,0.0059128086673642805,0.07689478959828346,0.0,65.0,65.0,65.0,0.9613872795889807,0.10591646428719992,0.325448097685637,0.0,65.0,65.0,65.0,0.4102450518356082,0.004119713463446778,0.06418499406751377,0.0,65.0,65.0,65.0,0.4102450518356082,0.004119713463446778,0.06418499406751377,0.0,65.0,65.0,65.0,1.2909773955323274,0.12490674689861864,0.7446972215904354,0.2520943424818374,0.06355155751134993,0.8479643167167559
SG_PM25/H,long,selected_per_variate,selected_per_variate,,,,assembled_from_candidate_artifacts_no_independent_selected_method_latency,0.0,65.0,0.0,49.17260778420746,1496.363585563784,38.6828590665657,0.0,65.0,65.0,65.0,5.02992702971448,2.9840427345598393,1.7274381999249175,0.0,65.0,65.0,65.0,6.599228763410811,5.622787512378867,2.3712417659063925,0.0,65.0,65.0,65.0,0.5198311374207555,0.020958340680011057,0.14476995779515534,0.0,65.0,65.0,65.0,0.4248773464105539,0.00572146229455536,0.07564034832386324,0.0,65.0,65.0,65.0,0.9562522818900459,0.10235630525395194,0.319931719674608,0.0,65.0,65.0,65.0,0.40846867138179876,0.0038059929188539623,0.06169272987033369,0.0,65.0,65.0,65.0,0.40846867138179876,0.0038059929188539623,0.06169272987033369,0.0,65.0,65.0,65.0,1.2909773955323274,0.12490674689861864,0.7407196169346874,0.24782131800432178,0.06141540565739917,0.819461780851839
NE_China_Wind/H,short,vanilla_univariate,vanilla_univariate,0.5142081640660763,0.0,0.0,measured_candidate_query_loop_precomputed_vanilla_fallback_separate_retrieval,0.0,120.0,0.0,0.09862217600675839,0.02634234219039993,0.16230324146609004,0.0,120.0,120.0,120.0,0.21327451545625487,0.028853988699769333,0.16986461874024658,0.0,120.0,120.0,120.0,0.24958884883611004,0.036327582543423796,0.19059796049124922,0.0,120.0,120.0,120.0,0.8395209739827261,2.957531297324245,1.719747451611499,0.0,120.0,120.0,120.0,0.486928014064033,0.26410679631330114,0.5139132186598251,0.0,120.0,120.0,120.0,0.504153017649442,0.14247238736523724,0.37745514616340475,0.0,120.0,120.0,120.0,0.43230272479633525,0.22744085762004895,0.4769075986184839,0.0,120.0,120.0,120.0,0.43230272479633525,0.22744085762004895,0.4769075986184839,0.0,120.0,120.0,120.0,0.8322078490336116,0.39953287968674783,0.6058018056845796,0.45355874328957446,0.20571553361441808,0.356597403139742
NE_China_Wind/H,short,vanilla_multivariate,vanilla_multivariate,0.5280144023708999,0.0,0.0,measured_candidate_query_loop_precomputed_vanilla_fallback_separate_retrieval,0.0,120.0,0.0,0.09314865135001496,0.02233881632786488,0.1494617554020589,0.0,120.0,120.0,120.0,0.20947492809355026,0.026412382508611484,0.16251886816185832,0.0,120.0,120.0,120.0,0.24454753772789897,0.03334515314123679,0.18260655284309155,0.0,120.0,120.0,120.0,0.8136744657796361,2.87126536249514,1.6944808533870013,0.0,120.0,120.0,120.0,0.4871912401751436,0.27494175047691166,0.5243488824026534,0.0,120.0,120.0,120.0,0.4964528065881416,0.12826285121764827,0.3581380337490676,0.0,120.0,120.0,120.0,0.4289761244379806,0.2244537924765234,0.47376554589429926,0.0,120.0,120.0,120.0,0.4289761244379806,0.2244537924765234,0.47376554589429926,0.0,120.0,120.0,120.0,0.8322078490336116,0.39953287968674783,0.596549055821379,0.43034685885857704,0.18519841892944397,0.32103202949958026
NE_China_Wind/H,short,self_augmentation,self_augmentation,1.6906303367577493,0.0,0.0,measured_candidate_query_loop_precomputed_vanilla_fallback_separate_retrieval,0.0,120.0,0.0,0.1009881345924321,0.03143288295394553,0.17729321181011282,0.0,120.0,120.0,120.0,0.21339765863845567,0.030755739825055303,0.17537314453774072,0.0,120.0,120.0,120.0,0.2494743702732433,0.0387506731692008,0.1968519066943493,0.0,120.0,120.0,120.0,0.8157120503468501,2.73218515469901,1.6529322898107501,0.0,120.0,120.0,120.0,0.475764395032031,0.2484455097816066,0.49844308579977975,0.0,120.0,120.0,120.0,0.5066222011665358,0.15309789911218366,0.3912772662859212,0.0,120.0,120.0,120.0,0.424556183704109,0.20821884791301243,0.45631003485898974,0.0,120.0,120.0,120.0,0.424556183704109,0.20821884791301243,0.45631003485898974,0.0,120.0,120.0,120.0,0.8322078490336116,0.39953287968674783,0.6087688331164419,0.470167719206549,0.22105768418388827,0.3831922399783954
NE_China_Wind/H,short,top_k_1,top_k_1,1.1022902429103851,0.020640425849705935,0.019376103300601244,measured_candidate_query_loop_precomputed_vanilla_fallback_separate_retrieval,0.0,120.0,0.0,0.10115712115392282,0.03434651755145735,0.18532813480812177,0.0,120.0,120.0,120.0,0.21158424277544124,0.03193972517130792,0.17871688552374654,0.0,120.0,120.0,120.0,0.24755641482540466,0.03987294263271499,0.19968210393702035,0.0,120.0,120.0,120.0,0.8256754441716956,2.799540965453723,1.6731828846404457,0.0,120.0,120.0,120.0,0.49328198361432113,0.2834541983183957,0.5324041682015607,0.0,120.0,120.0,120.0,0.5010606533914467,0.15751553797978943,0.39688227219137595,0.0,120.0,120.0,120.0,0.4363228316887847,0.27039028262860554,0.5199906562897121,0.0,120.0,120.0,120.0,0.4363228316887847,0.27039028262860554,0.5199906562897121,0.0,120.0,120.0,120.0,0.8322078490336116,0.39953287968674783,0.6020859500103196,0.476902822596842,0.22743630220083497,0.39424924953182544
NE_China_Wind/H,short,top_k_5,top_k_5,3.4615933462046087,0.020640425849705935,0.019376103300601244,measured_candidate_query_loop_precomputed_vanilla_fallback_separate_retrieval,0.0,120.0,0.0,0.10461101752992914,0.03538847611051247,0.18811825033874963,0.0,120.0,120.0,120.0,0.2169984905029802,0.03249039456851733,0.18025092113084284,0.0,120.0,120.0,120.0,0.25357400723177786,0.04031124038634743,0.20077659322328245,0.0,120.0,120.0,120.0,0.7658325489583333,2.4319358794740484,1.5594665368240668,0.0,120.0,120.0,120.0,0.5078822390308649,0.27774910726373797,0.5270190767550431,0.0,120.0,120.0,120.0,0.5215484476414695,0.16409563093427373,0.4050871892991356,0.0,120.0,120.0,120.0,0.42726250763277207,0.23276977578279676,0.4824622014031739,0.0,120.0,120.0,120.0,0.42726250763277207,0.23276977578279676,0.4824622014031739,0.0,120.0,120.0,120.0,0.8322078490336116,0.39953287968674783,0.6267045525310888,0.4867620387978037,0.23693728241459458,0.41071871497267576
NE_China_Wind/H,short,top_k_10,top_k_10,6.581231401767582,0.020640425849705935,0.019376103300601244,measured_candidate_query_loop_precomputed_vanilla_fallback_separate_retrieval,0.0,120.0,0.0,0.10695072194033406,0.03644023260564789,0.19089324924063683,0.0,120.0,120.0,120.0,0.21964508640748032,0.03331233529255143,0.18251667127293175,0.0,120.0,120.0,120.0,0.2563996184075032,0.041209957620820824,0.20300235865826985,0.0,120.0,120.0,120.0,0.7674031864509087,2.3261973786926395,1.5251876535995954,0.0,120.0,120.0,120.0,0.5068243405756052,0.27870391648932713,0.5279241578951726,0.0,120.0,120.0,120.0,0.5304754816020069,0.16508507423104876,0.40630662587638017,0.0,120.0,120.0,120.0,0.4226111039468203,0.20350730703248673,0.4511178416250977,0.0,120.0,120.0,120.0,0.4226111039468203,0.20350730703248673,0.4511178416250977,0.0,120.0,120.0,120.0,0.8322078490336116,0.39953287968674783,0.6374314808710507,0.4882273417009914,0.23836593718441665,0.41319521527360414
NE_China_Wind/H,short,top_k_15,top_k_15,9.45654629310593,0.020640425849705935,0.019376103300601244,measured_candidate_query_loop_precomputed_vanilla_fallback_separate_retrieval,0.0,120.0,0.0,0.10835755480351274,0.03585816741258444,0.1893625290615449,0.0,120.0,120.0,120.0,0.22190760627951628,0.03364589325858257,0.18342816920686575,0.0,120.0,120.0,120.0,0.25840497226461234,0.04158442511243767,0.20392259588490352,0.0,120.0,120.0,120.0,0.7507508625724767,2.071734159567561,1.4393519929355574,0.0,120.0,120.0,120.0,0.5114714338571204,0.2719307193146465,0.5214697683611644,0.0,120.0,120.0,120.0,0.5348710255131633,0.1635055062046114,0.40435814101438766,0.0,120.0,120.0,120.0,0.41993571138202307,0.1788945157521421,0.4229592365135701,0.0,120.0,120.0,120.0,0.41993571138202307,0.1788945157521421,0.4229592365135701,0.0,120.0,120.0,120.0,0.8322078490336116,0.39953287968674783,0.6427132670453349,0.48588599769149293,0.23608520275265743,0.4092416782638947
NE_China_Wind/H,short,selected_task,selected_task,,,,assembled_from_candidate_artifacts_no_independent_selected_method_latency,0.0,120.0,0.0,0.09314865135001496,0.02233881632786488,0.1494617554020589,0.0,120.0,120.0,120.0,0.20947492809355026,0.026412382508611484,0.16251886816185832,0.0,120.0,120.0,120.0,0.24454753772789897,0.03334515314123679,0.18260655284309155,0.0,120.0,120.0,120.0,0.8136744657796361,2.87126536249514,1.6944808533870013,0.0,120.0,120.0,120.0,0.4871912401751436,0.27494175047691166,0.5243488824026534,0.0,120.0,120.0,120.0,0.4964528065881416,0.12826285121764827,0.3581380337490676,0.0,120.0,120.0,120.0,0.4289761244379806,0.2244537924765234,0.47376554589429926,0.0,120.0,120.0,120.0,0.4289761244379806,0.2244537924765234,0.47376554589429926,0.0,120.0,120.0,120.0,0.8322078490336116,0.39953287968674783,0.596549055821379,0.43034685885857704,0.18519841892944397,0.32103202949958026
NE_China_Wind/H,short,selected_per_variate,selected_per_variate,,,,assembled_from_candidate_artifacts_no_independent_selected_method_latency,0.0,120.0,0.0,0.09677447701079975,0.03151059724994521,0.177512245352103,0.0,120.0,120.0,120.0,0.21050863404218234,0.029260516941144163,0.17105705756017248,0.0,120.0,120.0,120.0,0.24565633270921505,0.036427443210659195,0.19085974748662746,0.0,120.0,120.0,120.0,0.7161247820677993,1.9729407588204528,1.4046140960493216,0.0,120.0,120.0,120.0,0.5017692883575691,0.2831246329774313,0.5320945714602163,0.0,120.0,120.0,120.0,0.49865133662027833,0.14144863309483133,0.37609657415992415,0.0,120.0,120.0,120.0,0.4146031391789474,0.1866503967434783,0.4320305507061721,0.0,120.0,120.0,120.0,0.4146031391789474,0.1866503967434783,0.4320305507061721,0.0,120.0,120.0,120.0,0.8322078490336116,0.39953287968674783,0.5991908598306654,0.451926252073518,0.20423733731321692,0.3540350251166652
NE_China_Wind/H,medium,vanilla_univariate,vanilla_univariate,0.17597557604312897,0.0,0.0,measured_candidate_query_loop_precomputed_vanilla_fallback_separate_retrieval,0.0,40.0,0.0,0.23818091462071958,0.08770371154376108,0.29614812432929755,0.0,40.0,40.0,40.0,0.3584252767290713,0.05060692085004694,0.22495982052368138,0.0,40.0,40.0,40.0,0.4166040596134624,0.06462197213430224,0.2542085209710765,0.0,40.0,40.0,40.0,0.9946270818393839,1.1741737663949543,1.0835929892699354,0.0,40.0,40.0,40.0,0.685969602549412,0.245868101400883,0.4958508862560225,0.0,40.0,40.0,40.0,0.8980169989362903,0.3626493836835628,0.6022037725583947,0.0,40.0,40.0,40.0,0.542289482301803,0.14553333461158707,0.381488315170448,0.0,40.0,40.0,40.0,0.542289482301803,0.14553333461158707,0.381488315170448,0.0,40.0,40.0,40.0,1.092497259593467,0.5857512612541707,0.8219855849070546,0.5512176504520322,0.3038408981698587,0.6191184000305568
NE_China_Wind/H,medium,vanilla_multivariate,vanilla_multivariate,0.17236994300037622,0.0,0.0,measured_candidate_query_loop_precomputed_vanilla_fallback_separate_retrieval,0.0,40.0,0.0,0.23156177711644604,0.07589408886987062,0.2754888180487016,0.0,40.0,40.0,40.0,0.3571838902700822,0.04585950379635968,0.21414832195550748,0.0,40.0,40.0,40.0,0.41600405958992503,0.05850239952114811,0.2418726927975709,0.0,40.0,40.0,40.0,1.0228145940611122,1.287555318724735,1.1347049478717959,0.0,40.0,40.0,40.0,0.6707262825154764,0.24627396665156462,0.49625997889368895,0.0,40.0,40.0,40.0,0.8915087697288963,0.3473750772223573,0.5893853384860852,0.0,40.0,40.0,40.0,0.5559410907947913,0.19042312055348978,0.43637497700199285,0.0,40.0,40.0,40.0,0.5559410907947913,0.19042312055348978,0.43637497700199285,0.0,40.0,40.0,40.0,1.092497259593467,0.5857512612541707,0.8160283807582627,0.539484500588499,0.29104352637522213,0.5930419620071862
NE_China_Wind/H,medium,self_augmentation,self_augmentation,0.5490258717909455,0.0,0.0,measured_candidate_query_loop_precomputed_vanilla_fallback_separate_retrieval,0.0,40.0,0.0,0.23937591903725322,0.09043400559419566,0.30072247271229274,0.0,40.0,40.0,40.0,0.35396443230096747,0.05473974364994326,0.23396526163074563,0.0,40.0,40.0,40.0,0.41277402250516093,0.06899352538216205,0.2626661862177202,0.0,40.0,40.0,40.0,1.000957411074889,1.5831704866309013,1.2582410288298904,0.0,40.0,40.0,40.0,0.6785783013172674,0.24852264270568333,0.4985204536482764,0.0,40.0,40.0,40.0,0.8862707226516126,0.39804673268132007,0.6309094488762393,0.0,40.0,40.0,40.0,0.5316387941534367,0.1559715195562909,0.39493229743373853,0.0,40.0,40.0,40.0,0.5316387941534367,0.1559715195562909,0.39493229743373853,0.0,40.0,40.0,40.0,1.092497259593467,0.5857512612541707,0.8112338176311819,0.577492934958033,0.3334980899264429,0.6795490833925812
NE_China_Wind/H,medium,top_k_1,top_k_1,0.378475614823401,0.014061222784221172,0.018351884093135595,measured_candidate_query_loop_precomputed_vanilla_fallback_separate_retrieval,0.0,40.0,0.0,0.22948848982656372,0.0921502823133851,0.303562649733766,0.0,40.0,40.0,40.0,0.34476286291319413,0.052822408929994014,0.22983126186399014,0.0,40.0,40.0,40.0,0.4019199169255113,0.0679488702051538,0.26067004086613754,0.0,40.0,40.0,40.0,0.9713776664831613,1.2209632179747456,1.1049720439788264,0.0,40.0,40.0,40.0,0.6925164227498926,0.282006739750802,0.5310430676986585,0.0,40.0,40.0,40.0,0.8645566160193201,0.3815982150973074,0.6177363637485714,0.0,40.0,40.0,40.0,0.5291929559615844,0.14754379704148804,0.38411430205277186,0.0,40.0,40.0,40.0,0.5291929559615844,0.14754379704148804,0.38411430205277186,0.0,40.0,40.0,40.0,1.092497259593467,0.5857512612541707,0.791358155297372,0.5654351608885861,0.3197169211691013,0.6514680212215939
NE_China_Wind/H,medium,top_k_5,top_k_5,1.1495118010789156,0.014061222784221172,0.018351884093135595,measured_candidate_query_loop_precomputed_vanilla_fallback_separate_retrieval,0.0,40.0,0.0,0.23767192454163907,0.08849338254101875,0.2974783732324398,0.0,40.0,40.0,40.0,0.35587819771980217,0.05192531873943664,0.22787127668803858,0.0,40.0,40.0,40.0,0.4151908561926394,0.06528847747566213,0.2555161002278763,0.0,40.0,40.0,40.0,0.9440191636264309,1.1512383593007154,1.072957762123335,0.0,40.0,40.0,40.0,0.7083464019236132,0.26783106905319976,0.5175239792059878,0.0,40.0,40.0,40.0,0.8952941592146726,0.3578930979178335,0.598241671833243,0.0,40.0,40.0,40.0,0.5360934488361548,0.1390534199273669,0.3728986724666191,0.0,40.0,40.0,40.0,0.5360934488361548,0.1390534199273669,0.3728986724666191,0.0,40.0,40.0,40.0,1.092497259593467,0.5857512612541707,0.8194932768507114,0.5475910045356606,0.2998559082483738,0.610998424743529
NE_China_Wind/H,medium,top_k_10,top_k_10,2.166886718943715,0.014061222784221172,0.018351884093135595,measured_candidate_query_loop_precomputed_vanilla_fallback_separate_retrieval,0.0,40.0,0.0,0.24043546779287173,0.09336343494994427,0.3055543076933203,0.0,40.0,40.0,40.0,0.35709517052665535,0.05454636973804585,0.23355164255051997,0.0,40.0,40.0,40.0,0.41378056941849034,0.06922110816458152,0.263099046301163,0.0,40.0,40.0,40.0,0.9219841859985184,0.9322438412374009,0.9655277527018066,0.0,40.0,40.0,40.0,0.7108526988979786,0.2698763974839294,0.519496292079096,0.0,40.0,40.0,40.0,0.8924717332042187,0.38332669952426707,0.6191338300595979,0.0,40.0,40.0,40.0,0.5318410671588915,0.1320570809158052,0.36339658902610134,0.0,40.0,40.0,40.0,0.5318410671588915,0.1320570809158052,0.36339658902610134,0.0,40.0,40.0,40.0,1.092497259593467,0.5857512612541707,0.8169098140679268,0.5667143094619623,0.32116510854894886,0.6544189059081393
NE_China_Wind/H,medium,top_k_15,top_k_15,3.127477911300957,0.014061222784221172,0.018351884093135595,measured_candidate_query_loop_precomputed_vanilla_fallback_separate_retrieval,0.0,40.0,0.0,0.23727612247465757,0.08789560816622213,0.2964719348711141,0.0,40.0,40.0,40.0,0.3555135954160101,0.05310665665749287,0.23044881569991388,0.0,40.0,40.0,40.0,0.4120798042485164,0.06746635740516196,0.2597428678619722,0.0,40.0,40.0,40.0,0.8913063857102996,0.8729828503549207,0.9343355127334724,0.0,40.0,40.0,40.0,0.7074771869975037,0.2577056852868017,0.5076472055343176,0.0,40.0,40.0,40.0,0.8900206585269327,0.38161703095161803,0.6177515932408576,0.0,40.0,40.0,40.0,0.5249867667532493,0.124233006302175,0.35246702867385343,0.0,40.0,40.0,40.0,0.5249867667532493,0.124233006302175,0.35246702867385343,0.0,40.0,40.0,40.0,1.092497259593467,0.5857512612541707,0.8146662618248777,0.565449100962259,0.31973268577902697,0.6515001438230379
NE_China_Wind/H,medium,selected_task,selected_task,,,,assembled_from_candidate_artifacts_no_independent_selected_method_latency,0.0,40.0,0.0,0.23156177711644604,0.07589408886987062,0.2754888180487016,0.0,40.0,40.0,40.0,0.3571838902700822,0.04585950379635968,0.21414832195550748,0.0,40.0,40.0,40.0,0.41600405958992503,0.05850239952114811,0.2418726927975709,0.0,40.0,40.0,40.0,1.0228145940611122,1.287555318724735,1.1347049478717959,0.0,40.0,40.0,40.0,0.6707262825154764,0.24627396665156462,0.49625997889368895,0.0,40.0,40.0,40.0,0.8915087697288963,0.3473750772223573,0.5893853384860852,0.0,40.0,40.0,40.0,0.5559410907947913,0.19042312055348978,0.43637497700199285,0.0,40.0,40.0,40.0,0.5559410907947913,0.19042312055348978,0.43637497700199285,0.0,40.0,40.0,40.0,1.092497259593467,0.5857512612541707,0.8160283807582627,0.539484500588499,0.29104352637522213,0.5930419620071862
NE_China_Wind/H,medium,selected_per_variate,selected_per_variate,,,,assembled_from_candidate_artifacts_no_independent_selected_method_latency,0.0,40.0,0.0,0.24535817836143048,0.09999991486412116,0.3162276314051654,0.0,40.0,40.0,40.0,0.3579786934980398,0.05558556777585751,0.23576591733297142,0.0,40.0,40.0,40.0,0.4174944723426929,0.0710565439247269,0.2665643335570738,0.0,40.0,40.0,40.0,0.9523941748079672,1.1370335921856545,1.0663177726107984,0.0,40.0,40.0,40.0,0.7035496062811901,0.26819940180264884,0.5178797175046044,0.0,40.0,40.0,40.0,0.8956028183979001,0.3938950972823213,0.6276106255333169,0.0,40.0,40.0,40.0,0.5350594838703925,0.14177822089131623,0.3765344883158995,0.0,40.0,40.0,40.0,0.5350594838703925,0.14177822089131623,0.3765344883158995,0.0,40.0,40.0,40.0,1.092497259593467,0.5857512612541707,0.8197758031275667,0.5744734094498867,0.3300196981649771,0.6724613728341617
NE_China_Wind/H,long,vanilla_univariate,vanilla_univariate,0.07313642464578152,0.0,0.0,measured_candidate_query_loop_precomputed_vanilla_fallback_separate_retrieval,0.0,16.0,0.0,0.32159509332523484,0.054410862118667316,0.23326136010635648,0.0,16.0,16.0,16.0,0.4365320577879694,0.028569857362846694,0.16902620318414152,0.0,16.0,16.0,16.0,0.5253232729669857,0.04563055220448867,0.21361308996521883,0.0,16.0,16.0,16.0,1.1978937624108181,1.168256706455098,1.0808592445157224,0.0,16.0,16.0,16.0,0.7967294482945612,0.27544283177075307,0.5248264777721805,0.0,16.0,16.0,16.0,1.1842643598823355,0.5407574952728402,0.7353621524615203,0.0,16.0,16.0,16.0,0.6048207558572622,0.10898822582343456,0.3301336484265646,0.0,16.0,16.0,16.0,0.6048207558572622,0.10898822582343456,0.3301336484265646,0.0,16.0,16.0,16.0,1.3310720643183538,0.6787319478156216,0.889707170354297,0.5524585574095882,0.30521045765508326,0.7967173153012354
NE_China_Wind/H,long,vanilla_multivariate,vanilla_multivariate,0.07304140226915479,0.0,0.0,measured_candidate_query_loop_precomputed_vanilla_fallback_separate_retrieval,0.0,16.0,0.0,0.32220971769987483,0.056191597145895146,0.2370476685097222,0.0,16.0,16.0,16.0,0.4338106024344077,0.028684287014808393,0.1693643617022436,0.0,16.0,16.0,16.0,0.5265317944627304,0.04497398711973194,0.21207071254591459,0.0,16.0,16.0,16.0,1.240450001965872,0.9798598454226985,0.9898787023785786,0.0,16.0,16.0,16.0,0.7653127471768515,0.26014928706487866,0.5100483183629554,0.0,16.0,16.0,16.0,1.203564641776657,0.6084477009512241,0.7800305769335097,0.0,16.0,16.0,16.0,0.5948360294318671,0.106882946986494,0.32692957496453884,0.0,16.0,16.0,16.0,0.5948360294318671,0.106882946986494,0.32692957496453884,0.0,16.0,16.0,16.0,1.3310720643183538,0.6787319478156216,0.9042069727404326,0.5860167889053894,0.3434156768789839,0.8964477109253589
NE_China_Wind/H,long,self_augmentation,self_augmentation,0.21246181335300207,0.0,0.0,measured_candidate_query_loop_precomputed_vanilla_fallback_separate_retrieval,0.0,16.0,0.0,0.3328626543188846,0.053769533686463714,0.23188258599227263,0.0,16.0,16.0,16.0,0.44184477719526116,0.02888397806926534,0.16995287014129928,0.0,16.0,16.0,16.0,0.5367127888740642,0.04480203657790881,0.21166491579359298,0.0,16.0,16.0,16.0,1.1253899079193304,1.0204398779943857,1.0101682424202345,0.0,16.0,16.0,16.0,0.8174910475924819,0.2885224752682678,0.5371428816136986,0.0,16.0,16.0,16.0,1.2108224089350448,0.5941896915905025,0.7708370071490487,0.0,16.0,16.0,16.0,0.6058078615186154,0.10380170178182352,0.32218271490231054,0.0,16.0,16.0,16.0,0.6058078615186154,0.10380170178182352,0.32218271490231054,0.0,16.0,16.0,16.0,1.3310720643183538,0.6787319478156216,0.9096595454094446,0.5791098978129308,0.33536827374490313,0.8754408769217312
NE_China_Wind/H,long,top_k_1,top_k_1,0.13701981771737337,0.011378976982086897,0.020716446917504072,measured_candidate_query_loop_precomputed_vanilla_fallback_separate_retrieval,0.0,16.0,0.0,0.3082977759131219,0.05051016640845138,0.22474466936604165,0.0,16.0,16.0,16.0,0.42094318650353146,0.024172559529378197,0.15547526983214469,0.0,16.0,16.0,16.0,0.5160109529394137,0.042030472359680035,0.20501334678425215,0.0,16.0,16.0,16.0,1.1521462279856336,0.8804879736820362,0.9383432067650068,0.0,16.0,16.0,16.0,0.7784107935711599,0.2578577637875974,0.5077969710303493,0.0,16.0,16.0,16.0,1.1383333567464806,0.4490190555664279,0.6700888415474682,0.0,16.0,16.0,16.0,0.5854628982086674,0.09850235576210278,0.3138508495481616,0.0,16.0,16.0,16.0,0.5854628982086674,0.09850235576210278,0.3138508495481616,0.0,16.0,16.0,16.0,1.3310720643183538,0.6787319478156216,0.8552003961779671,0.5034204078880002,0.2534321070781205,0.6615557982963909
NE_China_Wind/H,long,top_k_5,top_k_5,0.43225688487291336,0.011378976982086897,0.020716446917504072,measured_candidate_query_loop_precomputed_vanilla_fallback_separate_retrieval,0.0,16.0,0.0,0.3041217741424237,0.04473530327404421,0.2115072180187811,0.0,16.0,16.0,16.0,0.4261552685380766,0.022944248278013862,0.15147358937456346,0.0,16.0,16.0,16.0,0.5168486508388831,0.03698924626844997,0.1923258855912276,0.0,16.0,16.0,16.0,1.0908352124908292,0.784813004366025,0.8858967233069693,0.0,16.0,16.0,16.0,0.8126833240580905,0.29880129537230965,0.5466271996272319,0.0,16.0,16.0,16.0,1.1510795805867824,0.4201274219423644,0.6481723705484247,0.0,16.0,16.0,16.0,0.5919187193316847,0.09970071800029556,0.31575420503976753,0.0,16.0,16.0,16.0,0.5919187193316847,0.09970071800029556,0.31575420503976753,0.0,16.0,16.0,16.0,1.3310720643183538,0.6787319478156216,0.8647763043365003,0.48695513032223076,0.23712529894714077,0.6189887234488813
NE_China_Wind/H,long,top_k_10,top_k_10,0.8471680958755314,0.011378976982086897,0.020716446917504072,measured_candidate_query_loop_precomputed_vanilla_fallback_separate_retrieval,0.0,16.0,0.0,0.314462665843862,0.04949911014012495,0.22248395479253094,0.0,16.0,16.0,16.0,0.42989644106845454,0.025397269310736825,0.15936520734067655,0.0,16.0,16.0,16.0,0.5241533254163462,0.03972595729884793,0.19931371578205032,0.0,16.0,16.0,16.0,1.0947636707318325,0.7851564593920517,0.8860905480773688,0.0,16.0,16.0,16.0,0.8255239470801135,0.3226299074662045,0.5680052002105302,0.0,16.0,16.0,16.0,1.1426531516591427,0.334645589252588,0.5784855998662266,0.0,16.0,16.0,16.0,0.5989418725062752,0.10908423853991152,0.3302790313354929,0.0,16.0,16.0,16.0,0.5989418725062752,0.10908423853991152,0.3302790313354929,0.0,16.0,16.0,16.0,1.3310720643183538,0.6787319478156216,0.8584457463197525,0.43460126267654103,0.18887825752004384,0.49304528883543125
NE_China_Wind/H,long,top_k_15,top_k_15,1.272051801905036,0.011378976982086897,0.020716446917504072,measured_candidate_query_loop_precomputed_vanilla_fallback_separate_retrieval,0.0,16.0,0.0,0.30955732473231146,0.050324149372406986,0.22433044682433767,0.0,16.0,16.0,16.0,0.42362661603224944,0.026052388521010668,0.16140752312395687,0.0,16.0,16.0,16.0,0.5186247789085633,0.04058566343435531,0.20145883806464115,0.0,16.0,16.0,16.0,1.042996720686592,0.7195209535786149,0.8482458096440058,0.0,16.0,16.0,16.0,0.8197880033060174,0.31137317580207213,0.5580082219842931,0.0,16.0,16.0,16.0,1.1102885337550226,0.2696226113573462,0.5192519728969224,0.0,16.0,16.0,16.0,0.5891400023496127,0.10545943070641577,0.32474517811110876,0.0,16.0,16.0,16.0,0.5891400023496127,0.10545943070641577,0.32474517811110876,0.0,16.0,16.0,16.0,1.3310720643183538,0.6787319478156216,0.8341310463333965,0.39010057142385673,0.15217845582521955,0.3972446150871176
NE_China_Wind/H,long,selected_task,selected_task,,,,assembled_from_candidate_artifacts_no_independent_selected_method_latency,0.0,16.0,0.0,0.32159509332523484,0.054410862118667316,0.23326136010635648,0.0,16.0,16.0,16.0,0.4365320577879694,0.028569857362846694,0.16902620318414152,0.0,16.0,16.0,16.0,0.5253232729669857,0.04563055220448867,0.21361308996521883,0.0,16.0,16.0,16.0,1.1978937624108181,1.168256706455098,1.0808592445157224,0.0,16.0,16.0,16.0,0.7967294482945612,0.27544283177075307,0.5248264777721805,0.0,16.0,16.0,16.0,1.1842643598823355,0.5407574952728402,0.7353621524615203,0.0,16.0,16.0,16.0,0.6048207558572622,0.10898822582343456,0.3301336484265646,0.0,16.0,16.0,16.0,0.6048207558572622,0.10898822582343456,0.3301336484265646,0.0,16.0,16.0,16.0,1.3310720643183538,0.6787319478156216,0.889707170354297,0.5524585574095882,0.30521045765508326,0.7967173153012354
NE_China_Wind/H,long,selected_per_variate,selected_per_variate,,,,assembled_from_candidate_artifacts_no_independent_selected_method_latency,0.0,16.0,0.0,0.31403303324473286,0.052435407897610774,0.2289877898439364,0.0,16.0,16.0,16.0,0.4253247400457829,0.02624362912426393,0.16199885531775812,0.0,16.0,16.0,16.0,0.5190031316003031,0.04466878263381126,0.21134990568678108,0.0,16.0,16.0,16.0,1.112411711365512,0.7808032126258433,0.8836306992323452,0.0,16.0,16.0,16.0,0.7907416532334479,0.2755560642383682,0.524934342788094,0.0,16.0,16.0,16.0,1.159755888363148,0.5407924351895197,0.7353859090229563,0.0,16.0,16.0,16.0,0.5910237057709968,0.10043037964220332,0.3169075253795708,0.0,16.0,16.0,16.0,0.5910237057709968,0.10043037964220332,0.3169075253795708,0.0,16.0,16.0,16.0,1.3310720643183538,0.6787319478156216,0.8712945898665995,0.5524764050994863,0.30523017819165166,0.7967687935273479
Australia_Solar/H,short,vanilla_univariate,vanilla_univariate,1.3824786213226616,0.0,0.0,measured_candidate_query_loop_precomputed_vanilla_fallback_separate_retrieval,0.0,312.0,0.0,25681173523.89352,4.1616416520771223e+21,64510787098.57075,0.0,312.0,312.0,315.0,80595.98859631617,7295914530.764048,85416.12570682452,0.0,312.0,312.0,315.0,105275.90727492292,14598156871.335348,120822.8325745401,0.0,312.0,312.0,315.0,201.88901380260765,620256.7118229956,787.5637827014366,0.0,312.0,312.0,315.0,0.5864106499114542,0.06576574147649603,0.2564483212588767,0.0,312.0,312.0,315.0,1.093029649033253,0.6515672617476693,0.8071971641102744,0.0,312.0,312.0,315.0,0.31792641374445324,0.212602977491296,0.461088904107761,0.0,312.0,312.0,315.0,0.31792641374445324,0.212602977491296,0.461088904107761,0.0,312.0,312.0,315.0,1.235468758758717,0.9323109223171446,0.884708448744124,0.6533529548098572,0.4268700835587714,0.6988733545331408
Australia_Solar/H,short,vanilla_multivariate,vanilla_multivariate,1.4508516849018633,0.0,0.0,measured_candidate_query_loop_precomputed_vanilla_fallback_separate_retrieval,0.0,312.0,0.0,25457926309.49458,4.08359855869647e+21,63903040293.06016,0.0,312.0,312.0,315.0,79236.3777969855,7231507626.49456,85038.27153990467,0.0,312.0,312.0,315.0,104332.64327086575,14572625857.608849,120717.13158292342,0.0,312.0,312.0,315.0,180.2693948598886,554698.4332407663,744.7807954296125,0.0,312.0,312.0,315.0,0.5781262322538558,0.07065706196914553,0.2658139612005839,0.0,312.0,312.0,315.0,1.0801985632596829,0.6576692722616975,0.8109681080422938,0.0,312.0,312.0,315.0,0.31875576781320536,0.2206923416469732,0.46977903491638834,0.0,312.0,312.0,315.0,0.31875576781320536,0.2206923416469732,0.46977903491638834,0.0,312.0,312.0,315.0,1.235468758758717,0.9323109223171446,0.8743228475845597,0.6564051921936727,0.4308677763388123,0.7054183926400229
Australia_Solar/H,short,self_augmentation,self_augmentation,4.45286074699834,0.0,0.0,measured_candidate_query_loop_precomputed_vanilla_fallback_separate_retrieval,0.0,312.0,0.0,25568418160.813614,4.1856999538042743e+21,64696985662.42692,0.0,312.0,312.0,315.0,78973.7414432857,7310680915.734514,85502.51993792063,0.0,312.0,312.0,315.0,104064.691075813,14738958232.109219,121404.11126526655,0.0,312.0,312.0,315.0,196.4772391402046,616377.6127083271,785.0971995290311,0.0,312.0,312.0,315.0,0.5672682360618655,0.07617975280171858,0.27600679847010756,0.0,312.0,312.0,315.0,1.0749455520137565,0.6825886928950939,0.8261892597311429,0.0,312.0,312.0,315.0,0.31890610243511863,0.230486568003659,0.48009016653505726,0.0,312.0,312.0,315.0,0.31890610243511863,0.230486568003659,0.48009016653505726,0.0,312.0,312.0,315.0,1.235468758758717,0.9323109223171446,0.8700710110175193,0.6687253351199429,0.44719357383127994,0.7321470515422079
Australia_Solar/H,short,top_k_1,top_k_1,0.9525089338421822,0.05511146178469062,0.042343761306256056,measured_candidate_query_loop_precomputed_vanilla_fallback_separate_retrieval,207.0,312.0,0.6634615384615384,29436591500.336487,4.944900481335666e+21,70319986357.6186,0.0,312.0,312.0,315.0,85404.5170455683,8598197576.222443,92726.46642799693,0.0,312.0,312.0,315.0,111732.48429368813,16952443453.897223,130201.54935290602,0.0,312.0,312.0,315.0,191.98330794676016,534693.9717705729,731.2277154010048,0.0,312.0,312.0,315.0,0.5947140972010083,0.07216280134963128,0.2686313484119664,0.0,312.0,312.0,315.0,1.130655343147638,0.6968860202564024,0.8347969934399635,0.0,312.0,312.0,315.0,0.32111191379743637,0.19824693471729873,0.44524929502167515,0.0,312.0,312.0,315.0,0.32111191379743637,0.19824693471729873,0.44524929502167515,0.0,312.0,312.0,315.0,1.235468758758717,0.9323109223171446,0.9151630384273046,0.6756925155102175,0.45656037551652545,0.7474824155490719
Australia_Solar/H,short,top_k_5,top_k_5,3.011858664918691,0.05511146178469062,0.042343761306256056,measured_candidate_query_loop_precomputed_vanilla_fallback_separate_retrieval,207.0,312.0,0.6634615384615384,25955605873.34775,3.735647917015074e+21,61119946965.08722,0.0,312.0,312.0,315.0,81438.60716971484,7460989189.8873415,86377.01771818324,0.0,312.0,312.0,315.0,106375.0913972934,14639945803.56523,120995.64373796781,0.0,312.0,312.0,315.0,189.13147959198437,519809.854896682,720.978401130493,0.0,312.0,312.0,315.0,0.5876332518084479,0.06716011918924443,0.25915269473660585,0.0,312.0,312.0,315.0,1.0998098133087626,0.6559136132577341,0.8098849382830465,0.0,312.0,312.0,315.0,0.3151648493819201,0.2053806916809505,0.4531894655449865,0.0,312.0,312.0,315.0,0.3151648493819201,0.2053806916809505,0.4531894655449865,0.0,312.0,312.0,315.0,1.235468758758717,0.9323109223171446,0.8901963772954876,0.6555284644321908,0.4297175676808261,0.7035352665691625
Australia_Solar/H,short,top_k_10,top_k_10,5.69610427506268,0.05511146178469062,0.042343761306256056,measured_candidate_query_loop_precomputed_vanilla_fallback_separate_retrieval,207.0,312.0,0.6634615384615384,24933163557.121376,3.4586029215680477e+21,58809887957.45191,0.0,312.0,312.0,315.0,80563.97522109706,7050965238.998674,83970.02583659644,0.0,312.0,312.0,315.0,105130.48419184925,13880744850.708712,117816.57290342778,0.0,312.0,312.0,315.0,193.54292195113032,550139.8970205282,741.7141612646534,0.0,312.0,312.0,315.0,0.5866880738897584,0.06683809070554106,0.25853063784693114,0.0,312.0,312.0,315.0,1.092887166201878,0.6368495975338053,0.7980285693719276,0.0,312.0,312.0,315.0,0.31371239873883167,0.20380291923981156,0.45144536683834907,0.0,312.0,312.0,315.0,0.31371239873883167,0.20380291923981156,0.45144536683834907,0.0,312.0,312.0,315.0,1.235468758758717,0.9323109223171446,0.8845931218041551,0.6459318082423321,0.41722790089920875,0.6830871357282757
Australia_Solar/H,short,top_k_15,top_k_15,8.283345697913319,0.05511146178469062,0.042343761306256056,measured_candidate_query_loop_precomputed_vanilla_fallback_separate_retrieval,207.0,312.0,0.6634615384615384,24754597677.978176,3.3259529747656946e+21,57671075720.55245,0.0,312.0,312.0,315.0,80632.52740928567,6997280088.008272,83649.74649099824,0.0,312.0,312.0,315.0,105087.86860097157,13711137550.883106,117094.56670094948,0.0,312.0,312.0,315.0,195.0200735359126,561308.1516739094,749.2050131131728,0.0,312.0,312.0,315.0,0.5868531721102704,0.06687743552293801,0.2586067197946295,0.0,312.0,312.0,315.0,1.0934294282783195,0.6330978236462346,0.7956744457667562,0.0,312.0,312.0,315.0,0.31362176608258713,0.20243726667898407,0.4499302909106966,0.0,312.0,312.0,315.0,0.31362176608258713,0.20243726667898407,0.4499302909106966,0.0,312.0,312.0,315.0,1.235468758758717,0.9323109223171446,0.8850320338143514,0.6440263585185069,0.41476995046660836,0.679062969757715
Australia_Solar/H,short,selected_task,selected_task,,,,assembled_from_candidate_artifacts_no_independent_selected_method_latency,0.0,312.0,0.0,25681173523.89352,4.1616416520771223e+21,64510787098.57075,0.0,312.0,312.0,315.0,80595.98859631617,7295914530.764048,85416.12570682452,0.0,312.0,312.0,315.0,105275.90727492292,14598156871.335348,120822.8325745401,0.0,312.0,312.0,315.0,201.88901380260765,620256.7118229956,787.5637827014366,0.0,312.0,312.0,315.0,0.5864106499114542,0.06576574147649603,0.2564483212588767,0.0,312.0,312.0,315.0,1.093029649033253,0.6515672617476693,0.8071971641102744,0.0,312.0,312.0,315.0,0.31792641374445324,0.212602977491296,0.461088904107761,0.0,312.0,312.0,315.0,0.31792641374445324,0.212602977491296,0.461088904107761,0.0,312.0,312.0,315.0,1.235468758758717,0.9323109223171446,0.884708448744124,0.6533529548098572,0.4268700835587714,0.6988733545331408
Australia_Solar/H,short,selected_per_variate,selected_per_variate,,,,assembled_from_candidate_artifacts_no_independent_selected_method_latency,0.0,312.0,0.0,25681173523.89352,4.1616416520771223e+21,64510787098.57075,0.0,312.0,312.0,315.0,80595.98859631617,7295914530.764048,85416.12570682452,0.0,312.0,312.0,315.0,105275.90727492292,14598156871.335348,120822.8325745401,0.0,312.0,312.0,315.0,201.88901380260765,620256.7118229956,787.5637827014366,0.0,312.0,312.0,315.0,0.5864106499114542,0.06576574147649603,0.2564483212588767,0.0,312.0,312.0,315.0,1.093029649033253,0.6515672617476693,0.8071971641102744,0.0,312.0,312.0,315.0,0.31792641374445324,0.212602977491296,0.461088904107761,0.0,312.0,312.0,315.0,0.31792641374445324,0.212602977491296,0.461088904107761,0.0,312.0,312.0,315.0,1.235468758758717,0.9323109223171446,0.884708448744124,0.6533529548098572,0.4268700835587714,0.6988733545331408
Australia_Solar/H,medium,vanilla_univariate,vanilla_univariate,0.4510970343835652,0.0,0.0,measured_candidate_query_loop_precomputed_vanilla_fallback_separate_retrieval,0.0,105.0,0.0,28984571827.29034,2.72602066766241e+21,52211307852.44141,0.0,105.0,105.0,105.0,86466.60842613976,5519381377.016135,74292.53917464481,0.0,105.0,105.0,105.0,125407.87515777374,13257436675.702574,115140.94265595784,0.0,105.0,105.0,105.0,221.11306113770814,243934.2965191251,493.8970505268533,0.0,105.0,105.0,105.0,0.6062467754569734,0.05353750834247019,0.23138173727083602,0.0,105.0,105.0,105.0,1.204338828113628,0.42673560509656594,0.6532500326035705,0.0,105.0,105.0,105.0,0.28927515678517035,0.056257911157822166,0.23718750211135106,0.0,105.0,105.0,105.0,0.28927515678517035,0.056257911157822166,0.23718750211135106,0.0,105.0,105.0,105.0,1.3589947306642882,0.6875907422688505,0.8861983059529134,0.48068621449639937,0.23105923680687845,0.6206244192416871
Australia_Solar/H,medium,vanilla_multivariate,vanilla_multivariate,0.4682651567272842,0.0,0.0,measured_candidate_query_loop_precomputed_vanilla_fallback_separate_retrieval,0.0,105.0,0.0,28588423973.554493,2.6771183327410856e+21,51740876806.84476,0.0,105.0,105.0,105.0,84487.35472512392,5173691251.231717,71928.37584174772,0.0,105.0,105.0,105.0,124650.6535712355,13050638537.818329,114239.39135787764,0.0,105.0,105.0,105.0,189.18730558162548,203575.60424449114,451.19353302600774,0.0,105.0,105.0,105.0,0.5966229986407693,0.053475706735779734,0.23124814969158075,0.0,105.0,105.0,105.0,1.1800123861072906,0.40298809778103906,0.6348134354131448,0.0,105.0,105.0,105.0,0.2856121281600066,0.05585122034026872,0.23632862784747158,0.0,105.0,105.0,105.0,0.2856121281600066,0.05585122034026872,0.23632862784747158,0.0,105.0,105.0,105.0,1.3589947306642882,0.6875907422688505,0.8682979848865864,0.46711986521304805,0.2182009684766562,0.5860871489503988
Australia_Solar/H,medium,self_augmentation,self_augmentation,1.4790736627765,0.0,0.0,measured_candidate_query_loop_precomputed_vanilla_fallback_separate_retrieval,0.0,105.0,0.0,28673291603.774406,2.6840733364606646e+21,51808043163.78553,0.0,105.0,105.0,105.0,85626.10795095307,5392258207.722262,73431.99716555625,0.0,105.0,105.0,105.0,124960.52300856983,13058159293.199091,114272.3032637353,0.0,105.0,105.0,105.0,210.7695813630042,241911.5260635397,491.8450224039476,0.0,105.0,105.0,105.0,0.5955758748240174,0.058387200095659085,0.24163443483009428,0.0,105.0,105.0,105.0,1.193935519182703,0.4246281099130954,0.6516349514207287,0.0,105.0,105.0,105.0,0.288716342706483,0.058300033023657764,0.241453997737991,0.0,105.0,105.0,105.0,0.288716342706483,0.058300033023657764,0.241453997737991,0.0,105.0,105.0,105.0,1.3589947306642882,0.6875907422688505,0.8785431556449796,0.47949777634693547,0.22991811752165575,0.6175593762533007
Australia_Solar/H,medium,top_k_1,top_k_1,0.3161949156783521,0.02485170541331172,0.04277929523959756,measured_candidate_query_loop_precomputed_vanilla_fallback_separate_retrieval,70.0,105.0,0.6666666666666666,33879770638.283867,4.486388341517183e+21,66980507175.72376,0.0,105.0,105.0,105.0,92155.19685619927,6981963376.082127,83558.14368499414,0.0,105.0,105.0,105.0,133119.9333873594,16158853973.228859,127117.48098994434,0.0,105.0,105.0,105.0,213.53812007804237,226290.21437768446,475.6997102980876,0.0,105.0,105.0,105.0,0.6144874669201108,0.058529181728349366,0.24192805072655252,0.0,105.0,105.0,105.0,1.248817910830221,0.4697369445046833,0.6853735802499855,0.0,105.0,105.0,105.0,0.29901840967897647,0.05814253996514832,0.24112764247416413,0.0,105.0,105.0,105.0,0.29901840967897647,0.05814253996514832,0.24112764247416413,0.0,105.0,105.0,105.0,1.3589947306642882,0.6875907422688505,0.9189277063788086,0.5043239423856847,0.25434263886343933,0.6831635675528255
Australia_Solar/H,medium,top_k_5,top_k_5,1.000248596072197,0.02485170541331172,0.04277929523959756,measured_candidate_query_loop_precomputed_vanilla_fallback_separate_retrieval,70.0,105.0,0.6666666666666666,29984272234.75033,2.8314415781671694e+21,53211291829.52778,0.0,105.0,105.0,105.0,87811.95102234927,5886027558.652741,76720.4507198227,0.0,105.0,105.0,105.0,127487.43227807622,13731226845.893261,117180.31765571068,0.0,105.0,105.0,105.0,214.80593142750826,230383.82125482304,479.9831468445773,0.0,105.0,105.0,105.0,0.607141968381572,0.052975521667696236,0.2301641189840333,0.0,105.0,105.0,105.0,1.2149143248612717,0.43830317883832975,0.6620446954989744,0.0,105.0,105.0,105.0,0.29094320598253515,0.05637691457283467,0.23743823317409238,0.0,105.0,105.0,105.0,0.29094320598253515,0.05637691457283467,0.23743823317409238,0.0,105.0,105.0,105.0,1.3589947306642882,0.6875907422688505,0.8939801586040081,0.48715766188097087,0.23732258752933436,0.6374477605560193
Australia_Solar/H,medium,top_k_10,top_k_10,1.8953463369980454,0.02485170541331172,0.04277929523959756,measured_candidate_query_loop_precomputed_vanilla_fallback_separate_retrieval,70.0,105.0,0.6666666666666666,28268274677.854393,2.3591778159427204e+21,48571368273.32251,0.0,105.0,105.0,105.0,86277.43035978518,5339586894.145357,73072.47699473008,0.0,105.0,105.0,105.0,124901.05120162833,12668002086.582613,112552.21937653035,0.0,105.0,105.0,105.0,213.02324922694984,222707.40569336046,471.91885498818596,0.0,105.0,105.0,105.0,0.6052588290878212,0.051542046385678296,0.22702873471364435,0.0,105.0,105.0,105.0,1.2027611235202134,0.4168838594682205,0.645665439270386,0.0,105.0,105.0,105.0,0.2878953606322685,0.05503092081714377,0.23458670213194902,0.0,105.0,105.0,105.0,0.2878953606322685,0.05503092081714377,0.23458670213194902,0.0,105.0,105.0,105.0,1.3589947306642882,0.6875907422688505,0.8850373709192334,0.4751051823098528,0.2257249342576785,0.6062964985430496
Australia_Solar/H,medium,top_k_15,top_k_15,2.7379765803925693,0.02485170541331172,0.04277929523959756,measured_candidate_query_loop_precomputed_vanilla_fallback_separate_retrieval,70.0,105.0,0.6666666666666666,27844461455.180805,2.155172806240421e+21,46423838771.04974,0.0,105.0,105.0,105.0,86193.90770586034,5238555049.3496,72377.86297860417,0.0,105.0,105.0,105.0,124625.50900810171,12312943959.652365,110963.70559625505,0.0,105.0,105.0,105.0,213.8503602761904,224667.15379335248,473.99066846653477,0.0,105.0,105.0,105.0,0.6054844058160259,0.051517032317645185,0.22697363793543335,0.0,105.0,105.0,105.0,1.2020828817638614,0.41129967222703434,0.6413264942500304,0.0,105.0,105.0,105.0,0.2874946288967508,0.05442503676070826,0.23329174173276743,0.0,105.0,105.0,105.0,0.2874946288967508,0.05442503676070826,0.23329174173276743,0.0,105.0,105.0,105.0,1.3589947306642882,0.6875907422688505,0.8845382948440669,0.47191242157101265,0.22270133363301722,0.5981751163051795
Australia_Solar/H,medium,selected_task,selected_task,,,,assembled_from_candidate_artifacts_no_independent_selected_method_latency,0.0,105.0,0.0,28984571827.29034,2.72602066766241e+21,52211307852.44141,0.0,105.0,105.0,105.0,86466.60842613976,5519381377.016135,74292.53917464481,0.0,105.0,105.0,105.0,125407.87515777374,13257436675.702574,115140.94265595784,0.0,105.0,105.0,105.0,221.11306113770814,243934.2965191251,493.8970505268533,0.0,105.0,105.0,105.0,0.6062467754569734,0.05353750834247019,0.23138173727083602,0.0,105.0,105.0,105.0,1.204338828113628,0.42673560509656594,0.6532500326035705,0.0,105.0,105.0,105.0,0.28927515678517035,0.056257911157822166,0.23718750211135106,0.0,105.0,105.0,105.0,0.28927515678517035,0.056257911157822166,0.23718750211135106,0.0,105.0,105.0,105.0,1.3589947306642882,0.6875907422688505,0.8861983059529134,0.48068621449639937,0.23105923680687845,0.6206244192416871
Australia_Solar/H,medium,selected_per_variate,selected_per_variate,,,,assembled_from_candidate_artifacts_no_independent_selected_method_latency,0.0,105.0,0.0,28984571827.29034,2.72602066766241e+21,52211307852.44141,0.0,105.0,105.0,105.0,86466.60842613976,5519381377.016135,74292.53917464481,0.0,105.0,105.0,105.0,125407.87515777374,13257436675.702574,115140.94265595784,0.0,105.0,105.0,105.0,221.11306113770814,243934.2965191251,493.8970505268533,0.0,105.0,105.0,105.0,0.6062467754569734,0.05353750834247019,0.23138173727083602,0.0,105.0,105.0,105.0,1.204338828113628,0.42673560509656594,0.6532500326035705,0.0,105.0,105.0,105.0,0.28927515678517035,0.056257911157822166,0.23718750211135106,0.0,105.0,105.0,105.0,0.28927515678517035,0.056257911157822166,0.23718750211135106,0.0,105.0,105.0,105.0,1.3589947306642882,0.6875907422688505,0.8861983059529134,0.48068621449639937,0.23105923680687845,0.6206244192416871
Australia_Solar/H,long,vanilla_univariate,vanilla_univariate,0.20062217907980084,0.0,0.0,measured_candidate_query_loop_precomputed_vanilla_fallback_separate_retrieval,0.0,45.0,0.0,29006791996.918022,2.370366616643833e+21,48686411005.98639,0.0,45.0,45.0,45.0,84644.99149393811,3769041378.147741,61392.518910269035,0.0,45.0,45.0,45.0,131066.97296448784,11828240594.844229,108757.71510492591,0.0,45.0,45.0,45.0,237.38041428251725,175894.1674519755,419.397386081477,0.0,45.0,45.0,45.0,0.6057823098350776,0.04271299903481947,0.20667123417355274,0.0,45.0,45.0,45.0,1.2377371271489037,0.33103247713121764,0.5753542188349866,0.0,45.0,45.0,45.0,0.2750675196656235,0.02173583789202131,0.14743079017634447,0.0,45.0,45.0,45.0,0.2750675196656235,0.02173583789202131,0.14743079017634447,0.0,45.0,45.0,45.0,1.2762842341465261,0.42093784470046247,0.9697973962489637,0.4508041417746856,0.20322437424121081,0.7864165251446539
Australia_Solar/H,long,vanilla_multivariate,vanilla_multivariate,0.20346188684925437,0.0,0.0,measured_candidate_query_loop_precomputed_vanilla_fallback_separate_retrieval,0.0,45.0,0.0,30017692825.282036,2.5509767550805334e+21,50507195082.29034,0.0,45.0,45.0,45.0,84020.89321294373,3977267205.7540607,63065.578612695375,0.0,45.0,45.0,45.0,131767.45971207088,12655029386.309826,112494.57491945924,0.0,45.0,45.0,45.0,208.05265428041872,134208.4792459519,366.3447546314153,0.0,45.0,45.0,45.0,0.5928010588194852,0.04465009936133604,0.21130570120405187,0.0,45.0,45.0,45.0,1.2018281745126123,0.3007413343303203,0.5483988825028004,0.0,45.0,45.0,45.0,0.2687811653981756,0.022055754124967183,0.14851179793190566,0.0,45.0,45.0,45.0,0.2687811653981756,0.022055754124967183,0.14851179793190566,0.0,45.0,45.0,45.0,1.2762842341465261,0.42093784470046247,0.9416618511442288,0.42968397464341046,0.18462831806535895,0.7144554430460547
Australia_Solar/H,long,self_augmentation,self_augmentation,0.6101074097678065,0.0,0.0,measured_candidate_query_loop_precomputed_vanilla_fallback_separate_retrieval,0.0,45.0,0.0,28825438729.706738,2.332561359114578e+21,48296597800.61716,0.0,45.0,45.0,45.0,83602.24890875671,3644990695.515081,60373.75833518302,0.0,45.0,45.0,45.0,130598.1094018193,11769572550.377174,108487.66082083793,0.0,45.0,45.0,45.0,228.8319606565945,160047.38848242766,400.05923121761316,0.0,45.0,45.0,45.0,0.5953342974491689,0.043199405830532916,0.20784466755375977,0.0,45.0,45.0,45.0,1.213993286378933,0.29537906563900823,0.5434878707377085,0.0,45.0,45.0,45.0,0.2718284447660964,0.021743378414889575,0.14745636105265034,0.0,45.0,45.0,45.0,0.2718284447660964,0.021743378414889575,0.14745636105265034,0.0,45.0,45.0,45.0,1.2762842341465261,0.42093784470046247,0.9511935146568286,0.4258360764764508,0.18133636402885767,0.701716582050727
Australia_Solar/H,long,top_k_1,top_k_1,0.1394116198644042,0.01818691287189722,0.04226266033947468,measured_candidate_query_loop_precomputed_vanilla_fallback_separate_retrieval,30.0,45.0,0.6666666666666666,32746959084.065094,2.575007793459871e+21,50744534616.64488,0.0,45.0,45.0,45.0,89327.03454794356,4465438370.464368,66823.93561041109,0.0,45.0,45.0,45.0,138709.1035545023,13506743675.17145,116218.51692037482,0.0,45.0,45.0,45.0,231.6400234940826,169332.27101033917,411.5000255289654,0.0,45.0,45.0,45.0,0.6117904189777547,0.0451124740524675,0.21239697279497066,0.0,45.0,45.0,45.0,1.2744748534211254,0.33198940794861426,0.5761852201754348,0.0,45.0,45.0,45.0,0.2825181465178036,0.02134913009235458,0.1461134151690206,0.0,45.0,45.0,45.0,0.2825181465178036,0.02134913009235458,0.1461134151690206,0.0,45.0,45.0,45.0,1.2762842341465261,0.42093784470046247,0.9985823058242111,0.4514552517063255,0.2038118442932217,0.7886898555886712
Australia_Solar/H,long,top_k_5,top_k_5,0.40429545985534787,0.01818691287189722,0.04226266033947468,measured_candidate_query_loop_precomputed_vanilla_fallback_separate_retrieval,30.0,45.0,0.6666666666666666,30767118672.87825,2.1702906890157645e+21,46586378792.68751,0.0,45.0,45.0,45.0,88432.55726216082,4418370677.711326,66470.82576372378,0.0,45.0,45.0,45.0,135541.19779424166,12395702373.380512,111335.98867114134,0.0,45.0,45.0,45.0,222.6850651388677,153523.91482221842,391.82127918506217,0.0,45.0,45.0,45.0,0.6098419329531334,0.04433310365401111,0.21055427721613995,0.0,45.0,45.0,45.0,1.2674325136558822,0.3369969397117064,0.5805143751120263,0.0,45.0,45.0,45.0,0.2807884186792005,0.021461852685592135,0.14649864397185433,0.0,45.0,45.0,45.0,0.2807884186792005,0.021461852685592135,0.14649864397185433,0.0,45.0,45.0,45.0,1.2762842341465261,0.42093784470046247,0.993064459895516,0.45484725077735255,0.20688602153971586,0.8005859866354187
Australia_Solar/H,long,top_k_10,top_k_10,0.7973080039955676,0.01818691287189722,0.04226266033947468,measured_candidate_query_loop_precomputed_vanilla_fallback_separate_retrieval,30.0,45.0,0.6666666666666666,30159961609.851513,2.1897408115759886e+21,46794666486.42758,0.0,45.0,45.0,45.0,88091.53628415155,4260573685.0661426,65273.07013666618,0.0,45.0,45.0,45.0,134542.7506893486,12058209846.795298,109809.88046070945,0.0,45.0,45.0,45.0,224.25785625270547,147072.48710011723,383.500309126495,0.0,45.0,45.0,45.0,0.6100249009052479,0.044638652335879554,0.21127861305839632,0.0,45.0,45.0,45.0,1.2646157172577959,0.32994566623534644,0.574408971235083,0.0,45.0,45.0,45.0,0.28041538838540264,0.02132298380454059,0.14602391518015326,0.0,45.0,45.0,45.0,0.28041538838540264,0.02132298380454059,0.14602391518015326,0.0,45.0,45.0,45.0,1.2762842341465261,0.42093784470046247,0.9908574308319861,0.450063517096723,0.20255716942147223,0.7838346453979075
Australia_Solar/H,long,top_k_15,top_k_15,1.1898972331546247,0.01818691287189722,0.04226266033947468,measured_candidate_query_loop_precomputed_vanilla_fallback_separate_retrieval,30.0,45.0,0.6666666666666666,29789746554.62577,2.1019673828961776e+21,45847217831.57815,0.0,45.0,45.0,45.0,87639.22619920612,4181919164.238621,64667.75985171143,0.0,45.0,45.0,45.0,133976.35017457802,11840084148.524624,108812.15073935734,0.0,45.0,45.0,45.0,227.79721921775177,154383.0946504452,392.91614200799285,0.0,45.0,45.0,45.0,0.6093572283359161,0.044274483974410334,0.2104150279196102,0.0,45.0,45.0,45.0,1.2610322175088455,0.3290822986942301,0.573656952101367,0.0,45.0,45.0,45.0,0.27962603998246455,0.02128264948874157,0.1458857412112012,0.0,45.0,45.0,45.0,0.27962603998246455,0.02128264948874157,0.1458857412112012,0.0,45.0,45.0,45.0,1.2762842341465261,0.42093784470046247,0.9880496708886481,0.44947429166120006,0.20202713886433754,0.7817835883309652
Australia_Solar/H,long,selected_task,selected_task,,,,assembled_from_candidate_artifacts_no_independent_selected_method_latency,0.0,45.0,0.0,29006791996.918022,2.370366616643833e+21,48686411005.98639,0.0,45.0,45.0,45.0,84644.99149393811,3769041378.147741,61392.518910269035,0.0,45.0,45.0,45.0,131066.97296448784,11828240594.844229,108757.71510492591,0.0,45.0,45.0,45.0,237.38041428251725,175894.1674519755,419.397386081477,0.0,45.0,45.0,45.0,0.6057823098350776,0.04271299903481947,0.20667123417355274,0.0,45.0,45.0,45.0,1.2377371271489037,0.33103247713121764,0.5753542188349866,0.0,45.0,45.0,45.0,0.2750675196656235,0.02173583789202131,0.14743079017634447,0.0,45.0,45.0,45.0,0.2750675196656235,0.02173583789202131,0.14743079017634447,0.0,45.0,45.0,45.0,1.2762842341465261,0.42093784470046247,0.9697973962489637,0.4508041417746856,0.20322437424121081,0.7864165251446539
Australia_Solar/H,long,selected_per_variate,selected_per_variate,,,,assembled_from_candidate_artifacts_no_independent_selected_method_latency,0.0,45.0,0.0,29006791996.918022,2.370366616643833e+21,48686411005.98639,0.0,45.0,45.0,45.0,84644.99149393811,3769041378.147741,61392.518910269035,0.0,45.0,45.0,45.0,131066.97296448784,11828240594.844229,108757.71510492591,0.0,45.0,45.0,45.0,237.38041428251725,175894.1674519755,419.397386081477,0.0,45.0,45.0,45.0,0.6057823098350776,0.04271299903481947,0.20667123417355274,0.0,45.0,45.0,45.0,1.2377371271489037,0.33103247713121764,0.5753542188349866,0.0,45.0,45.0,45.0,0.2750675196656235,0.02173583789202131,0.14743079017634447,0.0,45.0,45.0,45.0,0.2750675196656235,0.02173583789202131,0.14743079017634447,0.0,45.0,45.0,45.0,1.2762842341465261,0.42093784470046247,0.9697973962489637,0.4508041417746856,0.20322437424121081,0.7864165251446539
epf_electricity_price/H,short,vanilla_univariate,vanilla_univariate,2.320387416984886,0.0,0.0,measured_candidate_query_loop_precomputed_vanilla_fallback_separate_retrieval,0.0,525.0,0.0,124.52746277868515,138984.74056507568,372.806572588354,0.0,525.0,525.0,525.0,6.070351277643312,38.547988499201374,6.208702642195177,0.0,525.0,525.0,525.0,7.63091536500279,66.2965934708495,8.142272009141521,0.0,525.0,525.0,525.0,1.24069673050265,204.32993249788183,14.29440213852548,0.0,525.0,525.0,525.0,0.15777923234782346,0.04167795779854786,0.20415180087020507,0.0,525.0,525.0,525.0,0.9582914661162995,0.7793896490773699,0.8828304758431088,0.0,525.0,525.0,525.0,0.16096609026496347,0.07099199020427588,0.26644322135170917,0.0,525.0,525.0,525.0,0.16096609026496347,0.07099199020427588,0.26644322135170917,0.0,525.0,525.0,525.0,1.4287668259022852,1.4925386582068707,0.6707122875078834,0.6178968183178453,0.3817964780873163,0.5221905943888415
epf_electricity_price/H,short,vanilla_multivariate,vanilla_multivariate,2.3388995989225805,0.0,0.0,measured_candidate_query_loop_precomputed_vanilla_fallback_separate_retrieval,0.0,525.0,0.0,124.52746277868515,138984.74056507568,372.806572588354,0.0,525.0,525.0,525.0,6.070351277643312,38.547988499201374,6.208702642195177,0.0,525.0,525.0,525.0,7.63091536500279,66.2965934708495,8.142272009141521,0.0,525.0,525.0,525.0,1.24069673050265,204.32993249788183,14.29440213852548,0.0,525.0,525.0,525.0,0.15777923234782346,0.04167795779854786,0.20415180087020507,0.0,525.0,525.0,525.0,0.9582914661162995,0.7793896490773699,0.8828304758431088,0.0,525.0,525.0,525.0,0.16096609026496347,0.07099199020427588,0.26644322135170917,0.0,525.0,525.0,525.0,0.16096609026496347,0.07099199020427588,0.26644322135170917,0.0,525.0,525.0,525.0,1.4287668259022852,1.4925386582068707,0.6707122875078834,0.6178968183178453,0.3817964780873163,0.5221905943888415
epf_electricity_price/H,short,self_augmentation,self_augmentation,7.394348445348442,0.0,0.0,measured_candidate_query_loop_precomputed_vanilla_fallback_separate_retrieval,0.0,525.0,0.0,127.22335147002302,137418.23912750534,370.69966162313307,0.0,525.0,525.0,525.0,6.138080868423872,39.49245324828111,6.284302128978293,0.0,525.0,525.0,525.0,7.702373439847946,67.89679486314793,8.239951144463657,0.0,525.0,525.0,525.0,1.2723293474345,218.44305127093367,14.779819054066044,0.0,525.0,525.0,525.0,0.1597836886896073,0.04358153477479429,0.20876190930050983,0.0,525.0,525.0,525.0,0.9708824354867206,0.8199532810444677,0.9055127172185202,0.0,525.0,525.0,525.0,0.1610525024717112,0.06747272980574665,0.2597551343202799,0.0,525.0,525.0,525.0,0.1610525024717112,0.06747272980574665,0.2597551343202799,0.0,525.0,525.0,525.0,1.4287668259022852,1.4925386582068707,0.6795247607135583,0.6337722158734173,0.40166722161310137,0.5493682033198095
epf_electricity_price/H,short,top_k_1,top_k_1,4.9694090210832655,0.16633425606414676,0.09421290224418044,measured_candidate_query_loop_precomputed_vanilla_fallback_separate_retrieval,0.0,525.0,0.0,126.07745227470805,158479.48606262985,398.0948204418513,0.0,525.0,525.0,525.0,6.0721141254390405,40.46029556045899,6.360840790371897,0.0,525.0,525.0,525.0,7.636959989104954,67.75429439951814,8.231299678636306,0.0,525.0,525.0,525.0,1.3789395335759072,288.77963733642065,16.993517509227473,0.0,525.0,525.0,525.0,0.1571321284152126,0.04188563099317502,0.20465979329896486,0.0,525.0,525.0,525.0,0.9626125388716242,0.8528698389280858,0.9235095229222522,0.0,525.0,525.0,525.0,0.16209739551270508,0.07785576445994104,0.2790264583510694,0.0,525.0,525.0,525.0,0.16209739551270508,0.07785576445994104,0.2790264583510694,0.0,525.0,525.0,525.0,1.4287668259022852,1.4925386582068707,0.6737366247734102,0.6463682570030583,0.4177919236611717,0.5714222772311437
epf_electricity_price/H,short,top_k_5,top_k_5,16.006686460226774,0.16633425606414676,0.09421290224418044,measured_candidate_query_loop_precomputed_vanilla_fallback_separate_retrieval,0.0,525.0,0.0,125.51816523553634,146396.64395248934,382.6181437837068,0.0,525.0,525.0,525.0,6.052472727494166,38.19425622901236,6.180150178516082,0.0,525.0,525.0,525.0,7.640025632204828,67.14817357478955,8.19439891479476,0.0,525.0,525.0,525.0,1.2653988749655436,192.2019000933749,13.863689988360779,0.0,525.0,525.0,525.0,0.15585252695291538,0.040866055841615276,0.20215354521159226,0.0,525.0,525.0,525.0,0.9490076370943447,0.7407285657071246,0.8606558927394413,0.0,525.0,525.0,525.0,0.16072417296572875,0.07512936445044015,0.2740973630855287,0.0,525.0,525.0,525.0,0.16072417296572875,0.07512936445044015,0.2740973630855287,0.0,525.0,525.0,525.0,1.4287668259022852,1.4925386582068707,0.6642144959483041,0.6023767329535564,0.36285772840380026,0.49628769186925625
epf_electricity_price/H,short,top_k_10,top_k_10,31.35017764614895,0.16633425606414676,0.09421290224418044,measured_candidate_query_loop_precomputed_vanilla_fallback_separate_retrieval,0.0,525.0,0.0,130.04886022340074,179424.28644817727,423.58504039705804,0.0,525.0,525.0,525.0,6.129908210442712,41.502958030605086,6.442278946972499,0.0,525.0,525.0,525.0,7.698262526841948,70.78561429122178,8.413418704142911,0.0,525.0,525.0,525.0,1.304935602193478,208.2312341064731,14.430219475339698,0.0,525.0,525.0,525.0,0.15778441426064774,0.0417956644244179,0.20443987973098082,0.0,525.0,525.0,525.0,0.9616272290323576,0.809063193701737,0.8994794014882925,0.0,525.0,525.0,525.0,0.16243514707163076,0.07439830592218154,0.2727605285267308,0.0,525.0,525.0,525.0,0.16243514707163076,0.07439830592218154,0.2727605285267308,0.0,525.0,525.0,525.0,1.4287668259022852,1.4925386582068707,0.6730470022112092,0.6295494724412147,0.39633253825101183,0.5420718513741828
epf_electricity_price/H,short,top_k_15,top_k_15,46.56931283464655,0.16633425606414676,0.09421290224418044,measured_candidate_query_loop_precomputed_vanilla_fallback_separate_retrieval,0.0,525.0,0.0,126.71355775374914,160037.37745288355,400.046719087763,0.0,525.0,525.0,525.0,6.089712754437434,39.47390139800775,6.28282590861849,0.0,525.0,525.0,525.0,7.655482087542261,68.1071517610687,8.252705723644137,0.0,525.0,525.0,525.0,1.25368548811316,175.20732282012168,13.236590301891257,0.0,525.0,525.0,525.0,0.1579710907999721,0.04257695471290035,0.20634183946282042,0.0,525.0,525.0,525.0,0.9573027492249148,0.7730925268018594,0.879256803671066,0.0,525.0,525.0,525.0,0.16148557976985653,0.07330356212100406,0.27074630583076115,0.0,525.0,525.0,525.0,0.16148557976985653,0.07330356212100406,0.27074630583076115,0.0,525.0,525.0,525.0,1.4287668259022852,1.4925386582068707,0.6700202803353622,0.6153955899107635,0.3787117320816166,0.517971526265624
epf_electricity_price/H,short,selected_task,selected_task,,,,assembled_from_candidate_artifacts_no_independent_selected_method_latency,0.0,525.0,0.0,127.22335147002302,137418.23912750534,370.69966162313307,0.0,525.0,525.0,525.0,6.138080868423872,39.49245324828111,6.284302128978293,0.0,525.0,525.0,525.0,7.702373439847946,67.89679486314793,8.239951144463657,0.0,525.0,525.0,525.0,1.2723293474345,218.44305127093367,14.779819054066044,0.0,525.0,525.0,525.0,0.1597836886896073,0.04358153477479429,0.20876190930050983,0.0,525.0,525.0,525.0,0.9708824354867206,0.8199532810444677,0.9055127172185202,0.0,525.0,525.0,525.0,0.1610525024717112,0.06747272980574665,0.2597551343202799,0.0,525.0,525.0,525.0,0.1610525024717112,0.06747272980574665,0.2597551343202799,0.0,525.0,525.0,525.0,1.4287668259022852,1.4925386582068707,0.6795247607135583,0.6337722158734173,0.40166722161310137,0.5493682033198095
epf_electricity_price/H,short,selected_per_variate,selected_per_variate,,,,assembled_from_candidate_artifacts_no_independent_selected_method_latency,0.0,525.0,0.0,124.83307402571516,135733.934794817,368.4208663944226,0.0,525.0,525.0,525.0,6.0424825254375385,38.267871694210505,6.186103110538209,0.0,525.0,525.0,525.0,7.626544728118092,66.66888953572933,8.16510193051681,0.0,525.0,525.0,525.0,1.2682017455284398,218.4481893692497,14.779992874465457,0.0,525.0,525.0,525.0,0.1577871753630147,0.043044204365822465,0.20747097234510292,0.0,525.0,525.0,525.0,0.9501153569166881,0.7664847500072154,0.8754911478748459,0.0,525.0,525.0,525.0,0.1588238173665939,0.06701528060841086,0.2588730974983899,0.0,525.0,525.0,525.0,0.1588238173665939,0.06701528060841086,0.2588730974983899,0.0,525.0,525.0,525.0,1.4287668259022852,1.4925386582068707,0.6649897937801557,0.6127599913456568,0.37547480699392954,0.5135443198021195
epf_electricity_price/H,medium,vanilla_univariate,vanilla_univariate,0.7625443562865257,0.0,0.0,measured_candidate_query_loop_precomputed_vanilla_fallback_separate_retrieval,0.0,175.0,0.0,191.36193632322264,237833.41460560434,487.68167343627374,0.0,175.0,175.0,175.0,7.6054819220954935,47.54335925405735,6.895169269427499,0.0,175.0,175.0,175.0,10.009415365080082,91.17354037252136,9.548483668757116,0.0,175.0,175.0,175.0,1.7642300675270426,97.23753093777545,9.860909234841149,0.0,175.0,175.0,175.0,0.19026082958254417,0.042080098650565285,0.20513434293302837,0.0,175.0,175.0,175.0,1.2097578854073123,0.8923251901211837,0.9446296576548842,0.0,175.0,175.0,175.0,0.18774633240231278,0.05195767844666729,0.22794226998665099,0.0,175.0,175.0,175.0,0.18774633240231278,0.05195767844666729,0.22794226998665099,0.0,175.0,175.0,175.0,1.8635230783637327,2.1638735496972785,0.6491778392514145,0.5069052638104792,0.25695294647877154,0.4123739995093605
epf_electricity_price/H,medium,vanilla_multivariate,vanilla_multivariate,0.7630463987588882,0.0,0.0,measured_candidate_query_loop_precomputed_vanilla_fallback_separate_retrieval,0.0,175.0,0.0,191.36193632322264,237833.41460560434,487.68167343627374,0.0,175.0,175.0,175.0,7.6054819220954935,47.54335925405735,6.895169269427499,0.0,175.0,175.0,175.0,10.009415365080082,91.17354037252136,9.548483668757116,0.0,175.0,175.0,175.0,1.7642300675270426,97.23753093777545,9.860909234841149,0.0,175.0,175.0,175.0,0.19026082958254417,0.042080098650565285,0.20513434293302837,0.0,175.0,175.0,175.0,1.2097578854073123,0.8923251901211837,0.9446296576548842,0.0,175.0,175.0,175.0,0.18774633240231278,0.05195767844666729,0.22794226998665099,0.0,175.0,175.0,175.0,0.18774633240231278,0.05195767844666729,0.22794226998665099,0.0,175.0,175.0,175.0,1.8635230783637327,2.1638735496972785,0.6491778392514145,0.5069052638104792,0.25695294647877154,0.4123739995093605
epf_electricity_price/H,medium,self_augmentation,self_augmentation,2.480687112081796,0.0,0.0,measured_candidate_query_loop_precomputed_vanilla_fallback_separate_retrieval,0.0,175.0,0.0,196.3608125895278,241612.89927346195,491.54135052247835,0.0,175.0,175.0,175.0,7.723439473120703,48.102063216797916,6.9355650971494684,0.0,175.0,175.0,175.0,10.148991442890837,93.35878528165635,9.662235004472638,0.0,175.0,175.0,175.0,1.7920653251351948,104.32223804731089,10.213825828126838,0.0,175.0,175.0,175.0,0.1922560072763647,0.03919996337289474,0.19798980623480275,0.0,175.0,175.0,175.0,1.2302996478196204,0.9535694891651509,0.9765088269775911,0.0,175.0,175.0,175.0,0.1877549866285971,0.048177332495648297,0.2194933541035999,0.0,175.0,175.0,175.0,0.1877549866285971,0.048177332495648297,0.2194933541035999,0.0,175.0,175.0,175.0,1.8635230783637327,2.1638735496972785,0.6602009184130339,0.5240121994276643,0.2745887851490182,0.44067708545102063
epf_electricity_price/H,medium,top_k_1,top_k_1,1.669935330748558,0.07283827988430858,0.09400925086811185,measured_candidate_query_loop_precomputed_vanilla_fallback_separate_retrieval,0.0,175.0,0.0,195.30311955048523,246202.38612889193,496.1878536692448,0.0,175.0,175.0,175.0,7.664321447127159,48.62242919264813,6.972978502236195,0.0,175.0,175.0,175.0,10.105425137638388,93.18350233807143,9.653160225442829,0.0,175.0,175.0,175.0,1.9536272116625544,136.58620707016158,11.687010185251042,0.0,175.0,175.0,175.0,0.19065235493615404,0.03971182635860866,0.19927826363808138,0.0,175.0,175.0,175.0,1.237089770100777,0.9748160624187866,0.9873277380985438,0.0,175.0,175.0,175.0,0.19093269307028957,0.057924102736815045,0.24067426687706986,0.0,175.0,175.0,175.0,0.19093269307028957,0.057924102736815045,0.24067426687706986,0.0,175.0,175.0,175.0,1.8635230783637327,2.1638735496972785,0.6638446201519567,0.5298178217172751,0.28070692420923826,0.45049585386131336
epf_electricity_price/H,medium,top_k_5,top_k_5,5.389215617906302,0.07283827988430858,0.09400925086811185,measured_candidate_query_loop_precomputed_vanilla_fallback_separate_retrieval,0.0,175.0,0.0,182.9177833263019,215471.67756413898,464.1892691178233,0.0,175.0,175.0,175.0,7.4698569054156545,43.77287945413576,6.616107575768079,0.0,175.0,175.0,175.0,9.868975009294177,85.52111559222882,9.247762734425491,0.0,175.0,175.0,175.0,1.7282653378799722,96.85296975053595,9.841390641090108,0.0,175.0,175.0,175.0,0.18576311589818048,0.036129513152544514,0.19007765032360988,0.0,175.0,175.0,175.0,1.1980124330676787,0.8071050497407579,0.8983902547004603,0.0,175.0,175.0,175.0,0.1833622410334172,0.04840536422264868,0.22001219107733253,0.0,175.0,175.0,175.0,0.1833622410334172,0.04840536422264868,0.22001219107733253,0.0,175.0,175.0,175.0,1.8635230783637327,2.1638735496972785,0.6428750182796739,0.4820923685524154,0.23241305181647792,0.37299085699978646
epf_electricity_price/H,medium,top_k_10,top_k_10,10.478248312138021,0.07283827988430858,0.09400925086811185,measured_candidate_query_loop_precomputed_vanilla_fallback_separate_retrieval,0.0,175.0,0.0,184.1461472384113,217684.50927960646,466.56672543121465,0.0,175.0,175.0,175.0,7.5585204865144835,44.241949870426076,6.651462235510781,0.0,175.0,175.0,175.0,9.930568709971013,85.52995233495592,9.248240499411546,0.0,175.0,175.0,175.0,1.7303897733363443,99.22254710534155,9.961051506007864,0.0,175.0,175.0,175.0,0.19021374440492975,0.037709640582067105,0.19418970256444368,0.0,175.0,175.0,175.0,1.2100432323763288,0.8386625866698859,0.915785229554335,0.0,175.0,175.0,175.0,0.18544347878186151,0.04872512131216578,0.2207376753346963,0.0,175.0,175.0,175.0,0.18544347878186151,0.04872512131216578,0.2207376753346963,0.0,175.0,175.0,175.0,1.8635230783637327,2.1638735496972785,0.6493309615670593,0.4914268249140443,0.24150032424509876,0.3875746744939015
epf_electricity_price/H,medium,top_k_15,top_k_15,15.587925261817873,0.07283827988430858,0.09400925086811185,measured_candidate_query_loop_precomputed_vanilla_fallback_separate_retrieval,0.0,175.0,0.0,180.97814821866442,213517.6188074528,462.07966716514676,0.0,175.0,175.0,175.0,7.483333032934202,42.256911125794964,6.500531603322528,0.0,175.0,175.0,175.0,9.877291448125773,83.41726186744584,9.133305090023319,0.0,175.0,175.0,175.0,1.6424710838086634,82.89602755934126,9.104725562000278,0.0,175.0,175.0,175.0,0.18868617567989351,0.036309254343770955,0.1905498736388218,0.0,175.0,175.0,175.0,1.1979601618864806,0.788002293907383,0.8876949329062226,0.0,175.0,175.0,175.0,0.18300403581277364,0.04579026978002868,0.2139866112167504,0.0,175.0,175.0,175.0,0.18300403581277364,0.04579026978002868,0.2139866112167504,0.0,175.0,175.0,175.0,1.8635230783637327,2.1638735496972785,0.6428469686237265,0.47635306651831943,0.22691224398140647,0.3641628199659
epf_electricity_price/H,medium,selected_task,selected_task,,,,assembled_from_candidate_artifacts_no_independent_selected_method_latency,0.0,175.0,0.0,191.36193632322264,237833.41460560434,487.68167343627374,0.0,175.0,175.0,175.0,7.6054819220954935,47.54335925405735,6.895169269427499,0.0,175.0,175.0,175.0,10.009415365080082,91.17354037252136,9.548483668757116,0.0,175.0,175.0,175.0,1.7642300675270426,97.23753093777545,9.860909234841149,0.0,175.0,175.0,175.0,0.19026082958254417,0.042080098650565285,0.20513434293302837,0.0,175.0,175.0,175.0,1.2097578854073123,0.8923251901211837,0.9446296576548842,0.0,175.0,175.0,175.0,0.18774633240231278,0.05195767844666729,0.22794226998665099,0.0,175.0,175.0,175.0,0.18774633240231278,0.05195767844666729,0.22794226998665099,0.0,175.0,175.0,175.0,1.8635230783637327,2.1638735496972785,0.6491778392514145,0.5069052638104792,0.25695294647877154,0.4123739995093605
epf_electricity_price/H,medium,selected_per_variate,selected_per_variate,,,,assembled_from_candidate_artifacts_no_independent_selected_method_latency,0.0,175.0,0.0,189.3334638819418,242306.00206217435,492.24587561723087,0.0,175.0,175.0,175.0,7.554103777558795,47.457391881892704,6.888932564765946,0.0,175.0,175.0,175.0,9.944891246834333,90.43260197057968,9.509605773667996,0.0,175.0,175.0,175.0,1.7635075137670166,97.23963052990406,9.86101569463836,0.0,175.0,175.0,175.0,0.19049376041496105,0.04223233331713161,0.20550506883561684,0.0,175.0,175.0,175.0,1.2060396420417008,0.9005949736481804,0.9489968248883557,0.0,175.0,175.0,175.0,0.18700491641811953,0.05187852318918051,0.22776857375235177,0.0,175.0,175.0,175.0,0.18700491641811953,0.05187852318918051,0.22776857375235177,0.0,175.0,175.0,175.0,1.8635230783637327,2.1638735496972785,0.6471825629874487,0.5092487642930738,0.25933430393402257,0.41619574941159193
epf_electricity_price/H,long,vanilla_univariate,vanilla_univariate,0.3487582979723811,0.0,0.0,measured_candidate_query_loop_precomputed_vanilla_fallback_separate_retrieval,0.0,75.0,0.0,221.42789469045093,134922.87255933083,367.3184892696403,0.0,75.0,75.0,75.0,8.508772644248037,35.67542539913093,5.972890874537298,0.0,75.0,75.0,75.0,11.78022180618233,82.65426888759723,9.091439318809604,0.0,75.0,75.0,75.0,1.785462904333318,38.27653021042906,6.186802907029532,0.0,75.0,75.0,75.0,0.2087930383926543,0.03687825259447682,0.1920371125446246,0.0,75.0,75.0,75.0,1.3994283932806775,0.8817085515103845,0.938993371387884,0.0,75.0,75.0,75.0,0.20003318747956889,0.027521663274424613,0.16589654388933064,0.0,75.0,75.0,75.0,0.20003318747956889,0.027521663274424613,0.16589654388933064,0.0,75.0,75.0,75.0,1.9954916176600113,2.061898174629208,0.7012950497490438,0.47055741205717666,0.22142427804194756,0.4276198322300481
epf_electricity_price/H,long,vanilla_multivariate,vanilla_multivariate,0.33985638013109565,0.0,0.0,measured_candidate_query_loop_precomputed_vanilla_fallback_separate_retrieval,0.0,75.0,0.0,221.42789469045093,134922.87255933083,367.3184892696403,0.0,75.0,75.0,75.0,8.508772644248037,35.67542539913093,5.972890874537298,0.0,75.0,75.0,75.0,11.78022180618233,82.65426888759723,9.091439318809604,0.0,75.0,75.0,75.0,1.785462904333318,38.27653021042906,6.186802907029532,0.0,75.0,75.0,75.0,0.2087930383926543,0.03687825259447682,0.1920371125446246,0.0,75.0,75.0,75.0,1.3994283932806775,0.8817085515103845,0.938993371387884,0.0,75.0,75.0,75.0,0.20003318747956889,0.027521663274424613,0.16589654388933064,0.0,75.0,75.0,75.0,0.20003318747956889,0.027521663274424613,0.16589654388933064,0.0,75.0,75.0,75.0,1.9954916176600113,2.061898174629208,0.7012950497490438,0.47055741205717666,0.22142427804194756,0.4276198322300481
epf_electricity_price/H,long,self_augmentation,self_augmentation,1.0787775302305818,0.0,0.0,measured_candidate_query_loop_precomputed_vanilla_fallback_separate_retrieval,0.0,75.0,0.0,217.94117715626115,120593.86681979097,347.2662765368831,0.0,75.0,75.0,75.0,8.40346888656536,30.60243187314895,5.531946481406789,0.0,75.0,75.0,75.0,11.751984353556356,79.83204091002769,8.934877778124763,0.0,75.0,75.0,75.0,1.7836157941584705,40.33398512974437,6.350904276537663,0.0,75.0,75.0,75.0,0.20476244358750886,0.024896300402088394,0.15778561532056207,0.0,75.0,75.0,75.0,1.3886686780507793,0.8276456827261891,0.9097503408772041,0.0,75.0,75.0,75.0,0.1938673642435176,0.018392720157298984,0.1356197631516107,0.0,75.0,75.0,75.0,0.1938673642435176,0.018392720157298984,0.1356197631516107,0.0,75.0,75.0,75.0,1.9954916176600113,2.061898174629208,0.6959030375077118,0.4559028626459537,0.20784742016877536,0.4013998813860073
epf_electricity_price/H,long,top_k_1,top_k_1,0.7616879274137318,0.03980357712134719,0.05215516407042742,measured_candidate_query_loop_precomputed_vanilla_fallback_separate_retrieval,0.0,75.0,0.0,222.178590835903,124559.76310726065,352.9302524681904,0.0,75.0,75.0,75.0,8.634749599419653,33.53787099265682,5.791189082792654,0.0,75.0,75.0,75.0,11.951314485319715,79.3446729088902,8.90756268060406,0.0,75.0,75.0,75.0,1.9333277165575147,52.17037636870828,7.2229063657719035,0.0,75.0,75.0,75.0,0.21070910746701965,0.031484375913603924,0.17743837215665592,0.0,75.0,75.0,75.0,1.4450786192547098,0.9700935002859852,0.9849332466141983,0.0,75.0,75.0,75.0,0.20513704817527945,0.03006366209589596,0.17338876000449382,0.0,75.0,75.0,75.0,0.20513704817527945,0.03006366209589596,0.17338876000449382,0.0,75.0,75.0,75.0,1.9954916176600113,2.061898174629208,0.7241717311492711,0.49357924528350977,0.24362047137463907,0.4704856487204745
epf_electricity_price/H,long,top_k_5,top_k_5,2.342464862857014,0.03980357712134719,0.05215516407042742,measured_candidate_query_loop_precomputed_vanilla_fallback_separate_retrieval,0.0,75.0,0.0,210.3861561082971,108626.5052594537,329.5853535269031,0.0,75.0,75.0,75.0,8.502106120481141,30.095721640970297,5.485956766232332,0.0,75.0,75.0,75.0,11.709989691806138,73.2622975260911,8.559339783306369,0.0,75.0,75.0,75.0,1.6646717561265916,33.12237885747427,5.755204501794378,0.0,75.0,75.0,75.0,0.2110952901904065,0.03269894824768243,0.18082850507506396,0.0,75.0,75.0,75.0,1.4015133709954142,0.8200118672399074,0.9055450663771005,0.0,75.0,75.0,75.0,0.2003420096596567,0.023409290309704664,0.15300094872158362,0.0,75.0,75.0,75.0,0.2003420096596567,0.023409290309704664,0.15300094872158362,0.0,75.0,75.0,75.0,1.9954916176600113,2.061898174629208,0.7023398938848371,0.45379547494114597,0.20593033307706027,0.3976975571974452
epf_electricity_price/H,long,top_k_10,top_k_10,4.505732106976211,0.03980357712134719,0.05215516407042742,measured_candidate_query_loop_precomputed_vanilla_fallback_separate_retrieval,0.0,75.0,0.0,205.90980451296693,109767.19260212779,331.3113227798407,0.0,75.0,75.0,75.0,8.366825228426901,28.240929474285476,5.314219554580473,0.0,75.0,75.0,75.0,11.561278474193244,72.24664455512286,8.49980261859785,0.0,75.0,75.0,75.0,1.5940161997768407,30.95221945841531,5.563471888885151,0.0,75.0,75.0,75.0,0.20682456243753677,0.027242115249260526,0.16505185624300178,0.0,75.0,75.0,75.0,1.3846893628251347,0.7961465336546314,0.8922704375101931,0.0,75.0,75.0,75.0,0.19577472284181408,0.019717645988083638,0.1404195356354793,0.0,75.0,75.0,75.0,0.19577472284181408,0.019717645988083638,0.1404195356354793,0.0,75.0,75.0,75.0,1.9954916176600113,2.061898174629208,0.6939088846932234,0.4471431649292033,0.1999370099429047,0.3861231090123074
epf_electricity_price/H,long,top_k_15,top_k_15,6.668727629818022,0.03980357712134719,0.05215516407042742,measured_candidate_query_loop_precomputed_vanilla_fallback_separate_retrieval,0.0,75.0,0.0,201.38868911214462,103837.57498578794,322.23838223555543,0.0,75.0,75.0,75.0,8.283468537036152,27.913255458371903,5.283299675238184,0.0,75.0,75.0,75.0,11.443042192962658,70.44547448222102,8.393180236490874,0.0,75.0,75.0,75.0,1.529507021607886,26.839955335623358,5.180729228170814,0.0,75.0,75.0,75.0,0.2053141253277153,0.026712242796558754,0.16343880443933367,0.0,75.0,75.0,75.0,1.3713280872903448,0.7818448294331634,0.8842198987995935,0.0,75.0,75.0,75.0,0.19306491856412833,0.01855490406321055,0.13621638691145257,0.0,75.0,75.0,75.0,0.19306491856412833,0.01855490406321055,0.13621638691145257,0.0,75.0,75.0,75.0,1.9954916176600113,2.061898174629208,0.6872131534676231,0.44310880134714026,0.19634540983129942,0.3791869254522051
epf_electricity_price/H,long,selected_task,selected_task,,,,assembled_from_candidate_artifacts_no_independent_selected_method_latency,0.0,75.0,0.0,221.42789469045093,134922.87255933083,367.3184892696403,0.0,75.0,75.0,75.0,8.508772644248037,35.67542539913093,5.972890874537298,0.0,75.0,75.0,75.0,11.78022180618233,82.65426888759723,9.091439318809604,0.0,75.0,75.0,75.0,1.785462904333318,38.27653021042906,6.186802907029532,0.0,75.0,75.0,75.0,0.2087930383926543,0.03687825259447682,0.1920371125446246,0.0,75.0,75.0,75.0,1.3994283932806775,0.8817085515103845,0.938993371387884,0.0,75.0,75.0,75.0,0.20003318747956889,0.027521663274424613,0.16589654388933064,0.0,75.0,75.0,75.0,0.20003318747956889,0.027521663274424613,0.16589654388933064,0.0,75.0,75.0,75.0,1.9954916176600113,2.061898174629208,0.7012950497490438,0.47055741205717666,0.22142427804194756,0.4276198322300481
epf_electricity_price/H,long,selected_per_variate,selected_per_variate,,,,assembled_from_candidate_artifacts_no_independent_selected_method_latency,0.0,75.0,0.0,221.7384659052513,134801.57507462974,367.15334000200755,0.0,75.0,75.0,75.0,8.53881751432187,35.43016167531499,5.952324056645017,0.0,75.0,75.0,75.0,11.809088780565487,82.28388807797361,9.07104669142286,0.0,75.0,75.0,75.0,1.7857695356999885,38.27529075520502,6.186702736935485,0.0,75.0,75.0,75.0,0.20990314389517087,0.036762720218982824,0.19173606916535768,0.0,75.0,75.0,75.0,1.4054814434018834,0.8755653183866573,0.9357164732902041,0.0,75.0,75.0,75.0,0.2009670566781434,0.027406964860480627,0.16555049036617386,0.0,75.0,75.0,75.0,0.2009670566781434,0.027406964860480627,0.16555049036617386,0.0,75.0,75.0,75.0,1.9954916176600113,2.061898174629208,0.7043284125893768,0.46891526128656985,0.21988152226745208,0.4246404255846002
OpenElectricity_NEM/5T,short,vanilla_univariate,vanilla_univariate,7.4039361868053675,0.0,0.0,measured_candidate_query_loop_precomputed_vanilla_fallback_separate_retrieval,0.0,1680.0,0.0,9329.74899787895,1029982873.9259464,32093.34625628724,0.0,1680.0,1680.0,1680.0,49.682184668612344,4424.241055077768,66.51496865426434,0.0,1680.0,1680.0,1680.0,58.891893138092755,5861.493920490414,76.56039394158323,0.0,1680.0,1680.0,1680.0,3.5202071258188687,1076.3940603708743,32.808444955085484,0.0,1680.0,1680.0,1680.0,0.156727353047054,0.07949416009740919,0.2819470874072105,0.0,1680.0,1680.0,1680.0,0.3869694150316232,0.16630542773862075,0.4078056249472544,0.0,1680.0,1680.0,1680.0,0.14866503345862211,0.07401778886145628,0.2720621047875949,0.0,1680.0,1680.0,1680.0,0.14866503345862211,0.07401778886145628,0.2720621047875949,0.0,1680.0,1680.0,1680.0,1.021668339182264,0.8538266760641295,0.3787622657871053,0.3991565651076739,0.1593259634685567,0.19477656578409577
OpenElectricity_NEM/5T,short,vanilla_multivariate,vanilla_multivariate,8.272704876959324,0.0,0.0,measured_candidate_query_loop_precomputed_vanilla_fallback_separate_retrieval,0.0,1680.0,0.0,8979.090511657243,930435292.0436263,30503.03742324076,0.0,1680.0,1680.0,1680.0,49.05973744933219,4182.217555118265,64.67006691753353,0.0,1680.0,1680.0,1680.0,58.151209938938194,5597.527294294777,74.81662445135291,0.0,1680.0,1680.0,1680.0,3.1417314108785366,892.8854053457801,29.8811881515073,0.0,1680.0,1680.0,1680.0,0.1575019874512984,0.08189513360944786,0.28617325802640586,0.0,1680.0,1680.0,1680.0,0.3825696654084115,0.15765565454911828,0.39705875453025624,0.0,1680.0,1680.0,1680.0,0.1483062078388833,0.07396692944604326,0.27196861849493453,0.0,1680.0,1680.0,1680.0,0.1483062078388833,0.07396692944604326,0.27196861849493453,0.0,1680.0,1680.0,1680.0,1.021668339182264,0.8538266760641295,0.3744558294863257,0.38863762270254865,0.15103920177988855,0.18464596969007915
OpenElectricity_NEM/5T,short,self_augmentation,self_augmentation,23.681529361754656,0.0,0.0,measured_candidate_query_loop_precomputed_vanilla_fallback_separate_retrieval,0.0,1680.0,0.0,9280.787348704956,957014647.2321395,30935.65333449642,0.0,1680.0,1680.0,1680.0,49.908148893389374,4385.423385511542,66.22252928959706,0.0,1680.0,1680.0,1680.0,59.10806901814455,5787.023525651217,76.07248862533167,0.0,1680.0,1680.0,1680.0,3.7882562167988434,1120.0125804468576,33.46658901721025,0.0,1680.0,1680.0,1680.0,0.1558824979415677,0.07841697473987638,0.28003031039492204,0.0,1680.0,1680.0,1680.0,0.3892527721843595,0.1750873176903519,0.41843436485349994,0.0,1680.0,1680.0,1680.0,0.15051183811586244,0.07997785185228838,0.2828035570007711,0.0,1680.0,1680.0,1680.0,0.15051183811586244,0.07997785185228838,0.2828035570007711,0.0,1680.0,1680.0,1680.0,1.021668339182264,0.8538266760641295,0.38099719572000695,0.4095598824060769,0.16773929727647952,0.20506189675104666
OpenElectricity_NEM/5T,short,top_k_1,top_k_1,15.566516918130219,1.7577994973398745,0.7631800672970712,measured_candidate_query_loop_precomputed_vanilla_fallback_separate_retrieval,0.0,1680.0,0.0,9616.264340888225,1249833102.0596156,35352.978687228264,0.0,1680.0,1680.0,1680.0,49.36107721690445,4618.230807321441,67.95756622570765,0.0,1680.0,1680.0,1680.0,58.55658409025268,6187.390800569393,78.65996949255316,0.0,1680.0,1680.0,1680.0,3.452567135046089,1054.242452174262,32.469099959411594,0.0,1680.0,1680.0,1680.0,0.1579945123439335,0.08320140249802067,0.28844653317039654,0.0,1680.0,1680.0,1680.0,0.38586245440143735,0.16923807223954923,0.4113855518118608,0.0,1680.0,1680.0,1680.0,0.14969722827914428,0.0757306681785437,0.2751920568958045,0.0,1680.0,1680.0,1680.0,0.14969722827914428,0.0757306681785437,0.2751920568958045,0.0,1680.0,1680.0,1680.0,1.021668339182264,0.8538266760641295,0.37767878244154934,0.4026605660904896,0.1621355314843136,0.1982112728307847
OpenElectricity_NEM/5T,short,top_k_5,top_k_5,48.841325926128775,1.7577994973398745,0.7631800672970712,measured_candidate_query_loop_precomputed_vanilla_fallback_separate_retrieval,0.0,1680.0,0.0,9997.498724685942,1462639599.0499873,38244.47148347049,0.0,1680.0,1680.0,1680.0,49.851600561207924,4831.824149808818,69.51132389624598,0.0,1680.0,1680.0,1680.0,59.03590785286298,6512.260308674213,80.69857686895236,0.0,1680.0,1680.0,1680.0,3.2973428187476093,1008.7978122337549,31.761577609334125,0.0,1680.0,1680.0,1680.0,0.1575027782614798,0.08012059243107497,0.28305581151263254,0.0,1680.0,1680.0,1680.0,0.386656275393186,0.16543392110561989,0.40673568949087796,0.0,1680.0,1680.0,1680.0,0.15149149778899382,0.07913021602038044,0.2813009349795703,0.0,1680.0,1680.0,1680.0,0.15149149778899382,0.07913021602038044,0.2813009349795703,0.0,1680.0,1680.0,1680.0,1.021668339182264,0.8538266760641295,0.37845576745841303,0.39810932167715624,0.15849103200624548,0.19375585905586581
OpenElectricity_NEM/5T,short,top_k_10,top_k_10,92.18827918404713,1.7577994973398745,0.7631800672970712,measured_candidate_query_loop_precomputed_vanilla_fallback_separate_retrieval,0.0,1680.0,0.0,9813.831220195792,1276857120.8363435,35733.1375733554,0.0,1680.0,1680.0,1680.0,49.535153390726606,4761.9517317631635,69.00689626235311,0.0,1680.0,1680.0,1680.0,58.64466029001695,6374.635039664299,79.8413116103706,0.0,1680.0,1680.0,1680.0,3.1273007301671907,944.5390035049003,30.73335327465749,0.0,1680.0,1680.0,1680.0,0.15833333947842396,0.0809516200450856,0.28451998180283505,0.0,1680.0,1680.0,1680.0,0.3868540617049268,0.17079636588317476,0.4132751696910604,0.0,1680.0,1680.0,1680.0,0.15228791826412907,0.07949152890852838,0.28194242126457025,0.0,1680.0,1680.0,1680.0,0.15228791826412907,0.07949152890852838,0.28194242126457025,0.0,1680.0,1680.0,1680.0,1.021668339182264,0.8538266760641295,0.37864935896375335,0.40451010747953964,0.1636284270531087,0.20003634305558582
OpenElectricity_NEM/5T,short,top_k_15,top_k_15,133.34824986197054,1.7577994973398745,0.7631800672970712,measured_candidate_query_loop_precomputed_vanilla_fallback_separate_retrieval,0.0,1680.0,0.0,9627.216939573022,1166743035.2790885,34157.6204569213,0.0,1680.0,1680.0,1680.0,49.3707739882646,4673.297729414066,68.36152228713216,0.0,1680.0,1680.0,1680.0,58.3833151342196,6218.605453511425,78.8581349862614,0.0,1680.0,1680.0,1680.0,3.216155945661455,1034.4649360477097,32.163098980784014,0.0,1680.0,1680.0,1680.0,0.15999557159380276,0.083258651378675,0.2885457526609515,0.0,1680.0,1680.0,1680.0,0.3875131095495166,0.17399299953118166,0.4171246810381539,0.0,1680.0,1680.0,1680.0,0.15372237254172053,0.08105872398751479,0.28470813825304464,0.0,1680.0,1680.0,1680.0,0.15372237254172053,0.08105872398751479,0.28470813825304464,0.0,1680.0,1680.0,1680.0,1.021668339182264,0.8538266760641295,0.37929442920750517,0.40827797538682414,0.16669090518596422,0.20378023363387318
OpenElectricity_NEM/5T,short,selected_task,selected_task,,,,assembled_from_candidate_artifacts_no_independent_selected_method_latency,0.0,1680.0,0.0,8979.090511657243,930435292.0436263,30503.03742324076,0.0,1680.0,1680.0,1680.0,49.05973744933219,4182.217555118265,64.67006691753353,0.0,1680.0,1680.0,1680.0,58.151209938938194,5597.527294294777,74.81662445135291,0.0,1680.0,1680.0,1680.0,3.1417314108785366,892.8854053457801,29.8811881515073,0.0,1680.0,1680.0,1680.0,0.1575019874512984,0.08189513360944786,0.28617325802640586,0.0,1680.0,1680.0,1680.0,0.3825696654084115,0.15765565454911828,0.39705875453025624,0.0,1680.0,1680.0,1680.0,0.1483062078388833,0.07396692944604326,0.27196861849493453,0.0,1680.0,1680.0,1680.0,0.1483062078388833,0.07396692944604326,0.27196861849493453,0.0,1680.0,1680.0,1680.0,1.021668339182264,0.8538266760641295,0.3744558294863257,0.38863762270254865,0.15103920177988855,0.18464596969007915
OpenElectricity_NEM/5T,short,selected_per_variate,selected_per_variate,,,,assembled_from_candidate_artifacts_no_independent_selected_method_latency,0.0,1680.0,0.0,8983.748123328427,937966478.1379752,30626.238393540516,0.0,1680.0,1680.0,1680.0,49.07563557994657,4180.962146531224,64.66035993196468,0.0,1680.0,1680.0,1680.0,58.19835595287479,5596.69948771091,74.8110920098812,0.0,1680.0,1680.0,1680.0,3.2947560806501044,960.2229824266813,30.987464924170244,0.0,1680.0,1680.0,1680.0,0.15609731402923144,0.07937088105449398,0.28172838169856795,0.0,1680.0,1680.0,1680.0,0.3825498336927916,0.15758145233940857,0.3969653036971979,0.0,1680.0,1680.0,1680.0,0.1480053496762963,0.07385562673921907,0.2717639172870804,0.0,1680.0,1680.0,1680.0,0.1480053496762963,0.07385562673921907,0.2717639172870804,0.0,1680.0,1680.0,1680.0,1.021668339182264,0.8538266760641295,0.37443641837720226,0.3885461538476626,0.1509681136698115,0.18455906421875823
OpenElectricity_NEM/5T,medium,vanilla_univariate,vanilla_univariate,1.843372965697199,0.0,0.0,measured_candidate_query_loop_precomputed_vanilla_fallback_separate_retrieval,0.0,420.0,0.0,33266.195434096626,11273252029.42616,106175.5717169734,0.0,420.0,420.0,420.0,87.01240594672319,14610.326249152591,120.87318250609847,0.0,420.0,420.0,420.0,109.41582489458101,21294.37269673501,145.92591509644546,0.0,420.0,420.0,420.0,4.805303589975643,659.0197482452766,25.671379944313017,0.0,420.0,420.0,420.0,0.21195288653863406,0.08379047520494344,0.28946584462582703,0.0,420.0,420.0,420.0,0.5803601222516079,0.1538225300991719,0.3922021546335154,0.0,420.0,420.0,420.0,0.20512730961064893,0.11347682688199671,0.3368632168729568,0.0,420.0,420.0,420.0,0.20512730961064893,0.11347682688199671,0.3368632168729568,0.0,420.0,420.0,420.0,1.0220753966761364,0.5621339027558641,0.5678251566753111,0.3837311375550036,0.14724958592925708,0.27364037170691224
OpenElectricity_NEM/5T,medium,vanilla_multivariate,vanilla_multivariate,2.039182623848319,0.0,0.0,measured_candidate_query_loop_precomputed_vanilla_fallback_separate_retrieval,0.0,420.0,0.0,33161.157776489374,13315862980.04807,115394.3801926596,0.0,420.0,420.0,420.0,87.72614825876164,15125.942629030165,122.98757103476011,0.0,420.0,420.0,420.0,109.00786622524801,21278.442877507812,145.8713230128109,0.0,420.0,420.0,420.0,4.01297527801202,401.1907762266123,20.029747283143944,0.0,420.0,420.0,420.0,0.21232134833637512,0.08620906399727596,0.29361380076092464,0.0,420.0,420.0,420.0,0.5801664805815904,0.15629909518838553,0.3953468036906148,0.0,420.0,420.0,420.0,0.20277199376833552,0.10244872587125745,0.3200761251190995,0.0,420.0,420.0,420.0,0.20277199376833552,0.10244872587125745,0.3200761251190995,0.0,420.0,420.0,420.0,1.0220753966761364,0.5621339027558641,0.5676356973940807,0.3868078665980136,0.14962032566210667,0.278046021458817
OpenElectricity_NEM/5T,medium,self_augmentation,self_augmentation,5.956842026207596,0.0,0.0,measured_candidate_query_loop_precomputed_vanilla_fallback_separate_retrieval,0.0,420.0,0.0,35995.132645529724,10534374769.950323,102637.1023068672,0.0,420.0,420.0,420.0,92.50350090446419,15578.657279246992,124.81449146331924,0.0,420.0,420.0,420.0,115.48890306628623,22657.445914075673,150.52390479281246,0.0,420.0,420.0,420.0,5.354112938230104,861.9669201403457,29.359273154156007,0.0,420.0,420.0,420.0,0.21370597516462955,0.08513944233767001,0.29178663838097524,0.0,420.0,420.0,420.0,0.5990094316327288,0.15471630548769028,0.3933399362989859,0.0,420.0,420.0,420.0,0.21133018551405533,0.12439182371464773,0.3526922507153336,0.0,420.0,420.0,420.0,0.21133018551405533,0.12439182371464773,0.3526922507153336,0.0,420.0,420.0,420.0,1.0220753966761364,0.5621339027558641,0.5860716671008334,0.38484434473049245,0.14810516967104212,0.27523034054554063
OpenElectricity_NEM/5T,medium,top_k_1,top_k_1,3.906708916183561,0.14976465795189142,0.24174158973619342,measured_candidate_query_loop_precomputed_vanilla_fallback_separate_retrieval,0.0,420.0,0.0,31351.25813088105,12598648810.375818,112243.70276490267,0.0,420.0,420.0,420.0,82.77169543264844,13622.002004067,116.71333258915624,0.0,420.0,420.0,420.0,104.58827560179238,20412.55073752458,142.87249818465617,0.0,420.0,420.0,420.0,4.439171992183289,523.6836442187035,22.884135208014822,0.0,420.0,420.0,420.0,0.2107869483640851,0.0876656194936574,0.29608380484865665,0.0,420.0,420.0,420.0,0.5638141831623378,0.1532589974903564,0.391483074334455,0.0,420.0,420.0,420.0,0.20585719043523965,0.1212851831228872,0.34826022328552997,0.0,420.0,420.0,420.0,0.20585719043523965,0.1212851831228872,0.34826022328552997,0.0,420.0,420.0,420.0,1.0220753966761364,0.5621339027558641,0.5516365866900842,0.38302758838299644,0.14671013346249412,0.27263788349893764
OpenElectricity_NEM/5T,medium,top_k_5,top_k_5,12.291256277821958,0.14976465795189142,0.24174158973619342,measured_candidate_query_loop_precomputed_vanilla_fallback_separate_retrieval,0.0,420.0,0.0,28880.681900184707,10233372553.354576,101160.13322131686,0.0,420.0,420.0,420.0,80.7334128178838,12508.586054841016,111.84179028807173,0.0,420.0,420.0,420.0,102.48710004741024,18377.076224056837,135.56207516874636,0.0,420.0,420.0,420.0,4.058570882841525,397.42913534143634,19.935624779309936,0.0,420.0,420.0,420.0,0.21012720000728846,0.0836537147745569,0.2892295191963588,0.0,420.0,420.0,420.0,0.5615192459763588,0.15976621120698828,0.3997076571783286,0.0,420.0,420.0,420.0,0.20439114895148525,0.11646694556294544,0.3412725385420653,0.0,420.0,420.0,420.0,0.20439114895148525,0.11646694556294544,0.3412725385420653,0.0,420.0,420.0,420.0,1.0220753966761364,0.5621339027558641,0.5493912169321953,0.3910745317597968,0.1529392893911443,0.2842137975022209
OpenElectricity_NEM/5T,medium,top_k_10,top_k_10,23.14365248894319,0.14976465795189142,0.24174158973619342,measured_candidate_query_loop_precomputed_vanilla_fallback_separate_retrieval,0.0,420.0,0.0,28719.475054711453,7754164707.116188,88057.73507827798,0.0,420.0,420.0,420.0,81.695373158725,12466.865270195884,111.65511752801966,0.0,420.0,420.0,420.0,103.21765269390595,18065.591227071654,134.40830043963675,0.0,420.0,420.0,420.0,3.8968407496417825,387.8289491625708,19.693373229656995,0.0,420.0,420.0,420.0,0.20912856639039495,0.08399646075641974,0.2898214290842203,0.0,420.0,420.0,420.0,0.5571097739719679,0.15049157146197484,0.3879324315676312,0.0,420.0,420.0,420.0,0.20405303729205462,0.12008586880535002,0.3465340802942043,0.0,420.0,420.0,420.0,0.20405303729205462,0.12008586880535002,0.3465340802942043,0.0,420.0,420.0,420.0,1.0220753966761364,0.5621339027558641,0.5450769833455824,0.37955363452560903,0.14406096148159958,0.26771481087368904
OpenElectricity_NEM/5T,medium,top_k_15,top_k_15,33.46948121488094,0.14976465795189142,0.24174158973619342,measured_candidate_query_loop_precomputed_vanilla_fallback_separate_retrieval,0.0,420.0,0.0,27734.18527338869,6655679024.837126,81582.34505600538,0.0,420.0,420.0,420.0,81.49689917402556,12290.385837332145,110.86201259823919,0.0,420.0,420.0,420.0,102.1543404802638,17298.675994431036,131.52443116938784,0.0,420.0,420.0,420.0,3.7647518036518153,387.8244962811125,19.69326017400655,0.0,420.0,420.0,420.0,0.2089377201958361,0.0860819249688155,0.2933972136350574,0.0,420.0,420.0,420.0,0.5550890769094795,0.15345815830092488,0.39173735882721844,0.0,420.0,420.0,420.0,0.20342758429161645,0.1205271028315288,0.34717013528172147,0.0,420.0,420.0,420.0,0.20342758429161645,0.1205271028315288,0.34717013528172147,0.0,420.0,420.0,420.0,1.0220753966761364,0.5621339027558641,0.5430999305087174,0.3832763806869599,0.1469007839924954,0.27299217775088025
OpenElectricity_NEM/5T,medium,selected_task,selected_task,,,,assembled_from_candidate_artifacts_no_independent_selected_method_latency,0.0,420.0,0.0,33161.157776489374,13315862980.04807,115394.3801926596,0.0,420.0,420.0,420.0,87.72614825876164,15125.942629030165,122.98757103476011,0.0,420.0,420.0,420.0,109.00786622524801,21278.442877507812,145.8713230128109,0.0,420.0,420.0,420.0,4.01297527801202,401.1907762266123,20.029747283143944,0.0,420.0,420.0,420.0,0.21232134833637512,0.08620906399727596,0.29361380076092464,0.0,420.0,420.0,420.0,0.5801664805815904,0.15629909518838553,0.3953468036906148,0.0,420.0,420.0,420.0,0.20277199376833552,0.10244872587125745,0.3200761251190995,0.0,420.0,420.0,420.0,0.20277199376833552,0.10244872587125745,0.3200761251190995,0.0,420.0,420.0,420.0,1.0220753966761364,0.5621339027558641,0.5676356973940807,0.3868078665980136,0.14962032566210667,0.278046021458817
OpenElectricity_NEM/5T,medium,selected_per_variate,selected_per_variate,,,,assembled_from_candidate_artifacts_no_independent_selected_method_latency,0.0,420.0,0.0,33750.55912351206,15115626348.027985,122945.62354158031,0.0,420.0,420.0,420.0,85.92802789646278,15554.042993852278,124.7158490082647,0.0,420.0,420.0,420.0,107.31994498497552,22232.988531933883,149.10730542778205,0.0,420.0,420.0,420.0,4.11661841637207,407.4319307821327,20.184943170148703,0.0,420.0,420.0,420.0,0.21290951838767502,0.08725497643912693,0.29538953339468027,0.0,420.0,420.0,420.0,0.5690260640144263,0.16448585042712247,0.40556855206872544,0.0,420.0,420.0,420.0,0.20518866862352747,0.10949126856211512,0.3308946487359914,0.0,420.0,420.0,420.0,0.20518866862352747,0.10949126856211512,0.3308946487359914,0.0,420.0,420.0,420.0,1.0220753966761364,0.5621339027558641,0.5567358982174314,0.39680883953147084,0.15745725513031258,0.2926097316328544
OpenElectricity_NEM/5T,long,vanilla_univariate,vanilla_univariate,0.6946536148898304,0.0,0.0,measured_candidate_query_loop_precomputed_vanilla_fallback_separate_retrieval,0.0,140.0,0.0,47413.418073872854,11039697628.260284,105069.96539573184,0.0,140.0,140.0,140.0,108.88047137777376,15837.125492232539,125.84564153053748,0.0,140.0,140.0,140.0,144.01646595000332,26672.67560914439,163.31771370290605,0.0,140.0,140.0,140.0,4.95061926573941,281.4359154362785,16.776051842918182,0.0,140.0,140.0,140.0,0.26052707109300244,0.09673888165393318,0.3110287473111339,0.0,140.0,140.0,140.0,0.7347155204160645,0.15236335329959294,0.39033748641347904,0.0,140.0,140.0,140.0,0.23330685309934884,0.09522073990245393,0.3085785797855288,0.0,140.0,140.0,140.0,0.23330685309934884,0.09522073990245393,0.3085785797855288,0.0,140.0,140.0,140.0,1.0224745372877215,0.21617743752963614,0.7185660802517545,0.3817576596566523,0.1457389107065244,0.7048069171358606
OpenElectricity_NEM/5T,long,vanilla_multivariate,vanilla_multivariate,0.6544141811318696,0.0,0.0,measured_candidate_query_loop_precomputed_vanilla_fallback_separate_retrieval,0.0,140.0,0.0,45960.911748439124,10465539327.581778,102301.21860262359,0.0,140.0,140.0,140.0,107.42642952117049,14936.212594102146,122.21379870580141,0.0,140.0,140.0,140.0,142.52243815644366,25648.26637038182,160.15076137933852,0.0,140.0,140.0,140.0,5.305066154126162,348.19967225435073,18.660109116892933,0.0,140.0,140.0,140.0,0.25670364745887564,0.09330879476857395,0.30546488303661673,0.0,140.0,140.0,140.0,0.7277800559655977,0.15014710158125563,0.3874881954089126,0.0,140.0,140.0,140.0,0.23744027947607568,0.11893639576628756,0.3448715641601777,0.0,140.0,140.0,140.0,0.23744027947607568,0.11893639576628756,0.3448715641601777,0.0,140.0,140.0,140.0,1.0224745372877215,0.21617743752963614,0.7117830610199366,0.3789709975925537,0.14361901701629537,0.6945549142272154
OpenElectricity_NEM/5T,long,self_augmentation,self_augmentation,2.061537556350231,0.0,0.0,measured_candidate_query_loop_precomputed_vanilla_fallback_separate_retrieval,0.0,140.0,0.0,52134.44310267313,13559998041.034857,116447.40461270425,0.0,140.0,140.0,140.0,113.24007404766043,17717.342031463882,133.10650634534693,0.0,140.0,140.0,140.0,149.80872020922283,29691.79045194793,172.31305943528463,0.0,140.0,140.0,140.0,5.320776932781714,321.9138218818757,17.94195702485868,0.0,140.0,140.0,140.0,0.26048156337431067,0.09682590758524551,0.311168616003037,0.0,140.0,140.0,140.0,0.7416817603601474,0.1474841983158842,0.3840367148019629,0.0,140.0,140.0,140.0,0.2345340544697525,0.09587423827133117,0.30963565406995874,0.0,140.0,140.0,140.0,0.2345340544697525,0.09587423827133117,0.30963565406995874,0.0,140.0,140.0,140.0,1.0224745372877215,0.21617743752963614,0.725379198515376,0.375595382375665,0.141071891261922,0.6822367773494648
OpenElectricity_NEM/5T,long,top_k_1,top_k_1,1.3674013777635992,0.043334610760211945,0.10369858238846064,measured_candidate_query_loop_precomputed_vanilla_fallback_separate_retrieval,0.0,140.0,0.0,39903.038743294324,8432883598.43336,91830.733408992,0.0,140.0,140.0,140.0,102.30356104150636,13489.579380338953,116.14464852217236,0.0,140.0,140.0,140.0,133.78447381479688,22004.753309392243,148.33999227919705,0.0,140.0,140.0,140.0,5.171598207980762,321.9161212023868,17.942021101380604,0.0,140.0,140.0,140.0,0.2649139779051972,0.10451610792007265,0.3232895109960616,0.0,140.0,140.0,140.0,0.7143282927836686,0.1497648432787217,0.38699462952180835,0.0,140.0,140.0,140.0,0.23733445963534022,0.09974695353498446,0.31582741099370154,0.0,140.0,140.0,140.0,0.23733445963534022,0.09974695353498446,0.31582741099370154,0.0,140.0,140.0,140.0,1.0224745372877215,0.21617743752963614,0.6986269747885747,0.378488280547674,0.14325337851193481,0.6927866524377234
OpenElectricity_NEM/5T,long,top_k_5,top_k_5,4.1870260909199715,0.043334610760211945,0.10369858238846064,measured_candidate_query_loop_precomputed_vanilla_fallback_separate_retrieval,0.0,140.0,0.0,38361.94122103582,6691632488.820015,81802.39904073728,0.0,140.0,140.0,140.0,100.2280287694575,11576.532712428483,107.59429683969537,0.0,140.0,140.0,140.0,133.95217497240182,20418.756041198863,142.89421276314468,0.0,140.0,140.0,140.0,4.629223966502072,205.66112313807025,14.340889900493282,0.0,140.0,140.0,140.0,0.2600663528905497,0.09867215457217059,0.31412124183533113,0.0,140.0,140.0,140.0,0.7152485061291513,0.14682973611767686,0.3831836845661319,0.0,140.0,140.0,140.0,0.23996698789098864,0.12950056404639468,0.3598618680082605,0.0,140.0,140.0,140.0,0.23996698789098864,0.12950056404639468,0.3598618680082605,0.0,140.0,140.0,140.0,1.0224745372877215,0.21617743752963614,0.6995269613524686,0.3747611022007339,0.1404458837227089,0.679209346708755
OpenElectricity_NEM/5T,long,top_k_10,top_k_10,7.822191586717963,0.043334610760211945,0.10369858238846064,measured_candidate_query_loop_precomputed_vanilla_fallback_separate_retrieval,0.0,140.0,0.0,39248.88677320565,6225713878.763768,78903.19308344732,0.0,140.0,140.0,140.0,101.92575208673482,12350.390035543014,111.13230869348038,0.0,140.0,140.0,140.0,135.4130822334599,20912.183933239878,144.61045582266823,0.0,140.0,140.0,140.0,4.4904754305761685,195.45700681344354,13.980593936362057,0.0,140.0,140.0,140.0,0.25115140108879036,0.0890600974324022,0.2984293843313728,0.0,140.0,140.0,140.0,0.7029541969339583,0.13772379091105857,0.3711115612737746,0.0,140.0,140.0,140.0,0.23754077389290273,0.14371176889547238,0.3790933511623125,0.0,140.0,140.0,140.0,0.23754077389290273,0.14371176889547238,0.3790933511623125,0.0,140.0,140.0,140.0,1.0224745372877215,0.21617743752963614,0.6875028876500511,0.3629543306361524,0.13173584612753744,0.6370867953885233
OpenElectricity_NEM/5T,long,top_k_15,top_k_15,11.414222331251949,0.043334610760211945,0.10369858238846064,measured_candidate_query_loop_precomputed_vanilla_fallback_separate_retrieval,0.0,140.0,0.0,38189.00825553407,5575068487.486676,74666.38124006464,0.0,140.0,140.0,140.0,101.70686027527073,12195.503246318922,110.43325244834058,0.0,140.0,140.0,140.0,134.5294984383389,20090.822305463047,141.7420978589743,0.0,140.0,140.0,140.0,4.441804333047739,191.24819034574992,13.829251257597061,0.0,140.0,140.0,140.0,0.25283012519038334,0.08852350600090679,0.2975290002687247,0.0,140.0,140.0,140.0,0.7004960368121531,0.13255958157551123,0.36408732685375256,0.0,140.0,140.0,140.0,0.23387515903980274,0.1210864710827316,0.3479748138626294,0.0,140.0,140.0,140.0,0.23387515903980274,0.1210864710827316,0.3479748138626294,0.0,140.0,140.0,140.0,1.0224745372877215,0.21617743752963614,0.6850987592026807,0.35608449264619624,0.12679616590309895,0.6131980427297756
OpenElectricity_NEM/5T,long,selected_task,selected_task,,,,assembled_from_candidate_artifacts_no_independent_selected_method_latency,0.0,140.0,0.0,38361.94122103582,6691632488.820015,81802.39904073728,0.0,140.0,140.0,140.0,100.2280287694575,11576.532712428483,107.59429683969537,0.0,140.0,140.0,140.0,133.95217497240182,20418.756041198863,142.89421276314468,0.0,140.0,140.0,140.0,4.629223966502072,205.66112313807025,14.340889900493282,0.0,140.0,140.0,140.0,0.2600663528905497,0.09867215457217059,0.31412124183533113,0.0,140.0,140.0,140.0,0.7152485061291513,0.14682973611767686,0.3831836845661319,0.0,140.0,140.0,140.0,0.23996698789098864,0.12950056404639468,0.3598618680082605,0.0,140.0,140.0,140.0,0.23996698789098864,0.12950056404639468,0.3598618680082605,0.0,140.0,140.0,140.0,1.0224745372877215,0.21617743752963614,0.6995269613524686,0.3747611022007339,0.1404458837227089,0.679209346708755
OpenElectricity_NEM/5T,long,selected_per_variate,selected_per_variate,,,,assembled_from_candidate_artifacts_no_independent_selected_method_latency,0.0,140.0,0.0,40433.04991811076,8659765732.158707,93057.86228018945,0.0,140.0,140.0,140.0,101.83941553693758,12819.955537342683,113.22524249186964,0.0,140.0,140.0,140.0,135.28748143450426,22130.347285219435,148.7627214231423,0.0,140.0,140.0,140.0,4.386326911131991,196.3711050496841,14.013247484066072,0.0,140.0,140.0,140.0,0.25632166068690465,0.09053704422070825,0.30089374240869193,0.0,140.0,140.0,140.0,0.7127736708383612,0.14241063629337672,0.37737333807964857,0.0,140.0,140.0,140.0,0.23464167296901306,0.11957343489160296,0.3457939196857038,0.0,140.0,140.0,140.0,0.23464167296901306,0.11957343489160296,0.3457939196857038,0.0,140.0,140.0,140.0,1.0224745372877215,0.21617743752963614,0.6971065242652479,0.36907847023818524,0.136218917193359,0.6587673437189919
EWELD_Load/15T,short,vanilla_univariate,vanilla_univariate,2.464326101820916,0.0,0.0,measured_candidate_query_loop_precomputed_vanilla_fallback_separate_retrieval,0.0,560.0,0.0,1113.6207289177771,8318535.417160626,2884.187132826271,0.0,560.0,560.0,560.0,12.498335190332451,536.4622520597073,23.161654778096217,0.0,560.0,560.0,560.0,16.00538865725956,857.4482628478441,29.282217519304172,0.0,560.0,560.0,560.0,0.3237747020549812,0.5327022406575455,0.7298645358267145,0.0,560.0,560.0,560.0,0.276482144511312,0.12590546000964334,0.35483159387185825,0.0,560.0,560.0,560.0,0.5334183586079014,0.22454725606505918,0.4738641747009993,0.0,560.0,560.0,560.0,0.33334602620470166,0.882163885322338,0.9392357985736798,0.0,560.0,560.0,560.0,0.33334602620470166,0.882163885322338,0.9392357985736798,0.0,560.0,560.0,560.0,0.9109076791493171,0.6284262662910528,0.5855899240042116,0.5202109780691868,0.2706194617037,0.35731678974898406
EWELD_Load/15T,short,vanilla_multivariate,vanilla_multivariate,2.731246782001108,0.0,0.0,measured_candidate_query_loop_precomputed_vanilla_fallback_separate_retrieval,0.0,560.0,0.0,1134.1346277830812,8613428.947431523,2934.8643831413274,0.0,560.0,560.0,560.0,12.769678684177675,546.6034732063438,23.37955245949639,0.0,560.0,560.0,560.0,16.234331309661272,870.5811147112331,29.505611580023775,0.0,560.0,560.0,560.0,0.3435091638204638,0.621149325134512,0.7881302716775394,0.0,560.0,560.0,560.0,0.28371377860031305,0.12762200633970863,0.3572422236238441,0.0,560.0,560.0,560.0,0.5410549754913828,0.22283125641100293,0.47205005710306075,0.0,560.0,560.0,560.0,0.32310089836581446,0.6387273973764633,0.7992042275766961,0.0,560.0,560.0,560.0,0.32310089836581446,0.6387273973764633,0.7992042275766961,0.0,560.0,560.0,560.0,0.9109076791493171,0.6284262662910528,0.5939734485460325,0.5182194287174098,0.2685513763001986,0.35458615968766594
EWELD_Load/15T,short,self_augmentation,self_augmentation,7.9072961448691785,0.0,0.0,measured_candidate_query_loop_precomputed_vanilla_fallback_separate_retrieval,0.0,560.0,0.0,1125.7409943594844,8481153.678783154,2912.2420364357004,0.0,560.0,560.0,560.0,12.701269857949088,551.2777355464225,23.479304409339356,0.0,560.0,560.0,560.0,16.126362282410096,865.6814338959456,29.422464782814263,0.0,560.0,560.0,560.0,0.3306831432041941,0.5418112853148045,0.7360783146614255,0.0,560.0,560.0,560.0,0.27956024326623324,0.1363628859666888,0.3692734568943303,0.0,560.0,560.0,560.0,0.5355034842690182,0.22434315803672886,0.473648770753951,0.0,560.0,560.0,560.0,0.2684565723964922,0.26870491469759006,0.5183675478823786,0.0,560.0,560.0,560.0,0.2684565723964922,0.26870491469759006,0.5183675478823786,0.0,560.0,560.0,560.0,0.9109076791493171,0.6284262662910528,0.5878789876588995,0.5199745063037392,0.2703734872058173,0.3569920133364148
EWELD_Load/15T,short,top_k_1,top_k_1,5.168577822390944,0.18801303999498487,0.165600358042866,measured_candidate_query_loop_precomputed_vanilla_fallback_separate_retrieval,0.0,560.0,0.0,1113.6520505016163,8271223.2226879345,2875.9734391485495,0.0,560.0,560.0,560.0,12.601709871614974,543.7511704335682,23.318472729438525,0.0,560.0,560.0,560.0,16.02234794203836,856.9364169258754,29.27347633824646,0.0,560.0,560.0,560.0,0.329373612413144,0.5667244151026586,0.7528110088877942,0.0,560.0,560.0,560.0,0.2767242206850774,0.12650551608024763,0.3556761393181269,0.0,560.0,560.0,560.0,0.5392322607238758,0.22798783802977682,0.4774807200607966,0.0,560.0,560.0,560.0,0.3223179651879476,0.7088383457360292,0.8419253801472131,0.0,560.0,560.0,560.0,0.3223179651879476,0.7088383457360292,0.8419253801472131,0.0,560.0,560.0,560.0,0.9109076791493171,0.6284262662910528,0.5919724611691237,0.5241812435994706,0.2747659761414875,0.3627917072520729
EWELD_Load/15T,short,top_k_5,top_k_5,16.241209276020527,0.18801303999498487,0.165600358042866,measured_candidate_query_loop_precomputed_vanilla_fallback_separate_retrieval,0.0,560.0,0.0,1096.078192734381,7936964.454342277,2817.261871807851,0.0,560.0,560.0,560.0,12.687458911194422,539.096274773494,23.218446863937604,0.0,560.0,560.0,560.0,16.01882856996207,839.475323980548,28.97370055723894,0.0,560.0,560.0,560.0,0.32941616551104097,0.5545177138368449,0.744659461658042,0.0,560.0,560.0,560.0,0.279033344754951,0.1270811072989528,0.356484371745737,0.0,560.0,560.0,560.0,0.5477336306574234,0.2308842266408646,0.4805041380059745,0.0,560.0,560.0,560.0,0.32060268511677387,0.6786301794508148,0.8237901307073391,0.0,560.0,560.0,560.0,0.32060268511677387,0.6786301794508148,0.8237901307073391,0.0,560.0,560.0,560.0,0.9109076791493171,0.6284262662910528,0.6013053168779339,0.5275003702402751,0.2782566406036273,0.36740066261637067
EWELD_Load/15T,short,top_k_10,top_k_10,30.660735885147005,0.18801303999498487,0.165600358042866,measured_candidate_query_loop_precomputed_vanilla_fallback_separate_retrieval,0.0,560.0,0.0,1102.6529980304738,8088241.586632416,2843.983401258245,0.0,560.0,560.0,560.0,12.73807077525361,543.24439994253,23.30760390822124,0.0,560.0,560.0,560.0,16.072898994383042,844.3149159468344,29.05709751415021,0.0,560.0,560.0,560.0,0.3354109891366772,0.5860666824222268,0.7655499215741759,0.0,560.0,560.0,560.0,0.27968242042005154,0.12683574179164864,0.35614005923463404,0.0,560.0,560.0,560.0,0.5485454266840214,0.22760708904098106,0.47708184731865566,0.0,560.0,560.0,560.0,0.31799407662172074,0.6449938741418055,0.8031151064086677,0.0,560.0,560.0,560.0,0.31799407662172074,0.6449938741418055,0.8031151064086677,0.0,560.0,560.0,560.0,0.9109076791493171,0.6284262662910528,0.6021965115019117,0.5237433586729614,0.2743071057540343,0.3621858303032258
EWELD_Load/15T,short,top_k_15,top_k_15,44.360671722795814,0.18801303999498487,0.165600358042866,measured_candidate_query_loop_precomputed_vanilla_fallback_separate_retrieval,0.0,560.0,0.0,1103.8586913139343,8154293.062352836,2855.572282810021,0.0,560.0,560.0,560.0,12.77423580149854,548.2300172583905,23.414312231163027,0.0,560.0,560.0,560.0,16.06773170389506,845.6866892055796,29.080692722244077,0.0,560.0,560.0,560.0,0.3341816279402094,0.5628453317098997,0.7502301858162598,0.0,560.0,560.0,560.0,0.2802501858446894,0.12659316112873553,0.3557993270493011,0.0,560.0,560.0,560.0,0.5493468014120176,0.22626512928030104,0.47567334304152575,0.0,560.0,560.0,560.0,0.315069432695533,0.6056484295170016,0.7782341739585853,0.0,560.0,560.0,560.0,0.315069432695533,0.6056484295170016,0.7782341739585853,0.0,560.0,560.0,560.0,0.9109076791493171,0.6284262662910528,0.6030762655607913,0.5221970940960229,0.27268980508233054,0.3600504011643386
EWELD_Load/15T,short,selected_task,selected_task,,,,assembled_from_candidate_artifacts_no_independent_selected_method_latency,0.0,560.0,0.0,1125.7409943594844,8481153.678783154,2912.2420364357004,0.0,560.0,560.0,560.0,12.701269857949088,551.2777355464225,23.479304409339356,0.0,560.0,560.0,560.0,16.126362282410096,865.6814338959456,29.422464782814263,0.0,560.0,560.0,560.0,0.3306831432041941,0.5418112853148045,0.7360783146614255,0.0,560.0,560.0,560.0,0.27956024326623324,0.1363628859666888,0.3692734568943303,0.0,560.0,560.0,560.0,0.5355034842690182,0.22434315803672886,0.473648770753951,0.0,560.0,560.0,560.0,0.2684565723964922,0.26870491469759006,0.5183675478823786,0.0,560.0,560.0,560.0,0.2684565723964922,0.26870491469759006,0.5183675478823786,0.0,560.0,560.0,560.0,0.9109076791493171,0.6284262662910528,0.5878789876588995,0.5199745063037392,0.2703734872058173,0.3569920133364148
EWELD_Load/15T,short,selected_per_variate,selected_per_variate,,,,assembled_from_candidate_artifacts_no_independent_selected_method_latency,0.0,560.0,0.0,1138.7256493928332,8736474.46174297,2955.752774124211,0.0,560.0,560.0,560.0,12.656037192312734,549.124281878659,23.433400988304257,0.0,560.0,560.0,560.0,16.169695839885676,877.2665858384172,29.618686429995797,0.0,560.0,560.0,560.0,0.3310316974030074,0.547060283804009,0.7396352369945668,0.0,560.0,560.0,560.0,0.27840346467445914,0.12649495395774993,0.35566129105899325,0.0,560.0,560.0,560.0,0.5356992242080967,0.22457829005241042,0.4738969192265449,0.0,560.0,560.0,560.0,0.3231980786514621,0.7127648989841426,0.8442540488408348,0.0,560.0,560.0,560.0,0.3231980786514621,0.7127648989841426,0.8442540488408348,0.0,560.0,560.0,560.0,0.9109076791493171,0.6284262662910528,0.5880938721565923,0.5202469252088313,0.2706568631892433,0.3573661734062497
EWELD_Load/15T,medium,vanilla_univariate,vanilla_univariate,0.6041754810139537,0.0,0.0,measured_candidate_query_loop_precomputed_vanilla_fallback_separate_retrieval,0.0,140.0,0.0,1200.0988457514152,6678577.059808746,2584.294305958349,0.0,140.0,140.0,140.0,13.960417413653895,502.4599319497955,22.4156180363111,0.0,140.0,140.0,140.0,19.004162030253475,838.9406712792876,28.964472570362602,0.0,140.0,140.0,140.0,0.36899147970974394,0.2745877271497046,0.524011189908865,0.0,140.0,140.0,140.0,0.30300368473400857,0.07854653006337796,0.28026153868017273,0.0,140.0,140.0,140.0,0.6378522468638873,0.13543957711274532,0.3680211639467835,0.0,140.0,140.0,140.0,0.21443874305481778,0.025660363458930142,0.16018852474172468,0.0,140.0,140.0,140.0,0.21443874305481778,0.025660363458930142,0.16018852474172468,0.0,140.0,140.0,140.0,0.9107484734313388,0.24043824963022473,0.7003604897197502,0.40408650102945093,0.16328590031422444,0.5633029574996525
EWELD_Load/15T,medium,vanilla_multivariate,vanilla_multivariate,0.6458012792281806,0.0,0.0,measured_candidate_query_loop_precomputed_vanilla_fallback_separate_retrieval,0.0,140.0,0.0,1256.9039755721521,7365630.382095886,2713.969488055436,0.0,140.0,140.0,140.0,14.428718035701394,533.9141926988427,23.106583319453414,0.0,140.0,140.0,140.0,19.4266386284869,879.5096871703329,29.65652857585211,0.0,140.0,140.0,140.0,0.39359713566000043,0.322051602314721,0.5674959051083285,0.0,140.0,140.0,140.0,0.30792657614724134,0.07774203009650893,0.2788225781684635,0.0,140.0,140.0,140.0,0.6517499017231616,0.15110022640264062,0.3887161257301279,0.0,140.0,140.0,140.0,0.21771732027821283,0.026626491717391183,0.1631762596623393,0.0,140.0,140.0,140.0,0.21771732027821283,0.026626491717391183,0.1631762596623393,0.0,140.0,140.0,140.0,0.9107484734313388,0.24043824963022473,0.7156200869243586,0.4268095276246798,0.1821663728712023,0.6284367259993823
EWELD_Load/15T,medium,self_augmentation,self_augmentation,1.976180424913764,0.0,0.0,measured_candidate_query_loop_precomputed_vanilla_fallback_separate_retrieval,0.0,140.0,0.0,1236.3015580684225,6953505.851649676,2636.9501041259155,0.0,140.0,140.0,140.0,14.374653667169401,529.7091978842607,23.015412181498306,0.0,140.0,140.0,140.0,19.34813681200312,861.951159972432,29.359004751054353,0.0,140.0,140.0,140.0,0.37153210521802443,0.2909284752882993,0.5393778594717245,0.0,140.0,140.0,140.0,0.30517781849725545,0.08443586324590895,0.2905784975628943,0.0,140.0,140.0,140.0,0.6474941636142879,0.14583691967656312,0.38188600350963786,0.0,140.0,140.0,140.0,0.2162164579816328,0.02549719456346343,0.1596784098225663,0.0,140.0,140.0,140.0,0.2162164579816328,0.02549719456346343,0.1596784098225663,0.0,140.0,140.0,140.0,0.9107484734313388,0.24043824963022473,0.7109472950031822,0.41931006710430485,0.17582093237501661,0.6065462541872972
EWELD_Load/15T,medium,top_k_1,top_k_1,1.3075623791664839,0.03163992939516902,0.05658892588689923,measured_candidate_query_loop_precomputed_vanilla_fallback_separate_retrieval,0.0,140.0,0.0,1203.0435409011548,6835131.772687797,2614.4084938447927,0.0,140.0,140.0,140.0,13.975825865835038,509.3024398003886,22.567730054225404,0.0,140.0,140.0,140.0,18.98186874604746,842.7321998089811,29.029850151335282,0.0,140.0,140.0,140.0,0.3712609647747837,0.2956942273884583,0.5437777371210211,0.0,140.0,140.0,140.0,0.3009658037895124,0.07685421847019125,0.27722593397839107,0.0,140.0,140.0,140.0,0.6382521321523544,0.1300811779363505,0.36066768352092554,0.0,140.0,140.0,140.0,0.21389577536284662,0.024491201203777832,0.15649664917747547,0.0,140.0,140.0,140.0,0.21389577536284662,0.024491201203777832,0.15649664917747547,0.0,140.0,140.0,140.0,0.9107484734313388,0.24043824963022473,0.7007995629656931,0.39601239424763773,0.15682581639774643,0.5410169893367848
EWELD_Load/15T,medium,top_k_5,top_k_5,4.066150371916592,0.03163992939516902,0.05658892588689923,measured_candidate_query_loop_precomputed_vanilla_fallback_separate_retrieval,0.0,140.0,0.0,1148.7538557686885,6484999.811866984,2546.566278710802,0.0,140.0,140.0,140.0,13.692014819017746,486.30302894584935,22.052279450112394,0.0,140.0,140.0,140.0,18.558321745468383,804.3425497603637,28.36093351355635,0.0,140.0,140.0,140.0,0.3638712004546124,0.2643537189550166,0.5141534002173054,0.0,140.0,140.0,140.0,0.3002778145978745,0.07769511751309398,0.27873843924563757,0.0,140.0,140.0,140.0,0.636893109965726,0.12665647845085587,0.355888294905657,0.0,140.0,140.0,140.0,0.21471445687522595,0.023548362186556888,0.15345475615489046,0.0,140.0,140.0,140.0,0.21471445687522595,0.023548362186556888,0.15345475615489046,0.0,140.0,140.0,140.0,0.9107484734313388,0.24043824963022473,0.6993073593262974,0.3907646351190808,0.15269700005974837,0.5267734174809693
EWELD_Load/15T,medium,top_k_10,top_k_10,7.6930801388807595,0.03163992939516902,0.05658892588689923,measured_candidate_query_loop_precomputed_vanilla_fallback_separate_retrieval,0.0,140.0,0.0,1164.4299056186148,6653643.191369178,2579.4656794323078,0.0,140.0,140.0,140.0,13.819286133102807,495.9596600555501,22.270151774416583,0.0,140.0,140.0,140.0,18.666984363875287,815.9736003774506,28.565251624612912,0.0,140.0,140.0,140.0,0.3637967498846591,0.27566528618206204,0.5250383663905543,0.0,140.0,140.0,140.0,0.2983355481737053,0.07606162362165006,0.2757927185798241,0.0,140.0,140.0,140.0,0.6347605073740684,0.1227823634573408,0.3504031441887199,0.0,140.0,140.0,140.0,0.21370409080483752,0.023422190095102425,0.15304309881566835,0.0,140.0,140.0,140.0,0.21370409080483752,0.023422190095102425,0.15304309881566835,0.0,140.0,140.0,140.0,0.9107484734313388,0.24043824963022473,0.69696576595132,0.3847419506162222,0.14802636856397552,0.5106606941539896
EWELD_Load/15T,medium,top_k_15,top_k_15,11.106936606112868,0.03163992939516902,0.05658892588689923,measured_candidate_query_loop_precomputed_vanilla_fallback_separate_retrieval,0.0,140.0,0.0,1183.6758959558726,6832815.449727159,2613.9654645245714,0.0,140.0,140.0,140.0,14.007325161283925,505.0426331172417,22.473153608633606,0.0,140.0,140.0,140.0,18.863294614460756,827.8520122439282,28.772417559946682,0.0,140.0,140.0,140.0,0.36757303728659607,0.2750682699195579,0.5244695128599545,0.0,140.0,140.0,140.0,0.29958616338876476,0.07712061397346748,0.27770598476350394,0.0,140.0,140.0,140.0,0.6421699301479118,0.11976495173462376,0.34607073227105434,0.0,140.0,140.0,140.0,0.21688899018453017,0.02429133586761304,0.15585677998602768,0.0,140.0,140.0,140.0,0.21688899018453017,0.02429133586761304,0.15585677998602768,0.0,140.0,140.0,140.0,0.9107484734313388,0.24043824963022473,0.7051012973191932,0.37998497100653617,0.1443885781908381,0.4981110614422327
EWELD_Load/15T,medium,selected_task,selected_task,,,,assembled_from_candidate_artifacts_no_independent_selected_method_latency,0.0,140.0,0.0,1200.0988457514152,6678577.059808746,2584.294305958349,0.0,140.0,140.0,140.0,13.960417413653895,502.4599319497955,22.4156180363111,0.0,140.0,140.0,140.0,19.004162030253475,838.9406712792876,28.964472570362602,0.0,140.0,140.0,140.0,0.36899147970974394,0.2745877271497046,0.524011189908865,0.0,140.0,140.0,140.0,0.30300368473400857,0.07854653006337796,0.28026153868017273,0.0,140.0,140.0,140.0,0.6378522468638873,0.13543957711274532,0.3680211639467835,0.0,140.0,140.0,140.0,0.21443874305481778,0.025660363458930142,0.16018852474172468,0.0,140.0,140.0,140.0,0.21443874305481778,0.025660363458930142,0.16018852474172468,0.0,140.0,140.0,140.0,0.9107484734313388,0.24043824963022473,0.7003604897197502,0.40408650102945093,0.16328590031422444,0.5633029574996525
EWELD_Load/15T,medium,selected_per_variate,selected_per_variate,,,,assembled_from_candidate_artifacts_no_independent_selected_method_latency,0.0,140.0,0.0,1166.5197656327746,6537299.826262079,2556.8143902641973,0.0,140.0,140.0,140.0,13.817602313908619,495.73660486656695,22.265143270739735,0.0,140.0,140.0,140.0,18.68726777672688,817.3057886736796,28.58856045123083,0.0,140.0,140.0,140.0,0.36809827822827046,0.2977026411311128,0.545621334930291,0.0,140.0,140.0,140.0,0.30022825214145876,0.07838206199876731,0.27996796602248497,0.0,140.0,140.0,140.0,0.6346118608295005,0.13203373105265648,0.3633644603599208,0.0,140.0,140.0,140.0,0.21387943666297712,0.025633715817007408,0.16010532725992413,0.0,140.0,140.0,140.0,0.21387943666297712,0.025633715817007408,0.16010532725992413,0.0,140.0,140.0,140.0,0.9107484734313388,0.24043824963022473,0.6968025523430579,0.3989734498163996,0.15917981365839917,0.5491377983981919
EWELD_Load/15T,long,vanilla_univariate,vanilla_univariate,0.08957586716860533,0.0,0.0,measured_candidate_query_loop_precomputed_vanilla_fallback_separate_retrieval,0.0,20.0,0.0,1323.3334294279196,7851800.350999592,2802.1064132183833,0.0,20.0,20.0,20.0,15.111050563662625,529.7429727639059,23.016145914637963,0.0,20.0,20.0,20.0,21.0552916048615,880.0081248621684,29.66493089259047,0.0,20.0,20.0,20.0,0.3823781963367166,0.07725352642366673,0.2779451860055625,0.0,20.0,20.0,20.0,0.3302443019402501,0.07471922568092687,0.273348176655574,0.0,20.0,20.0,20.0,0.7570063801041875,0.21066182431796032,0.45897911098214517,0.0,20.0,20.0,20.0,0.22796577855276387,0.01650912813414179,0.1284878520878211,0.0,20.0,20.0,20.0,0.22796577855276387,0.01650912813414179,0.1284878520878211,0.0,20.0,20.0,20.0,0.9730884442803625,0.237943187485963,0.7779420098488825,0.4716725531784302,0.22247499742185906,0.8853450546063141
EWELD_Load/15T,long,vanilla_multivariate,vanilla_multivariate,0.08915599528700113,0.0,0.0,measured_candidate_query_loop_precomputed_vanilla_fallback_separate_retrieval,0.0,20.0,0.0,1391.3603752713389,8938314.549742179,2989.7014148142252,0.0,20.0,20.0,20.0,15.462763560459106,548.2347611989703,23.414413535234452,0.0,20.0,20.0,20.0,21.459794399004522,930.8375996237932,30.509631260043,0.0,20.0,20.0,20.0,0.41169587929817436,0.09329851001804619,0.30544804798532627,0.0,20.0,20.0,20.0,0.34745775300942344,0.08169122633463985,0.28581677056226046,0.0,20.0,20.0,20.0,0.7839039420360605,0.22820942620510762,0.477712702578765,0.0,20.0,20.0,20.0,0.23843285828276253,0.019259152877683643,0.1387773500167936,0.0,20.0,20.0,20.0,0.23843285828276253,0.019259152877683643,0.1387773500167936,0.0,20.0,20.0,20.0,0.9730884442803625,0.237943187485963,0.805583445825203,0.4909242375517598,0.2410066070157767,0.959092078307854
EWELD_Load/15T,long,self_augmentation,self_augmentation,0.27790408628061414,0.0,0.0,measured_candidate_query_loop_precomputed_vanilla_fallback_separate_retrieval,0.0,20.0,0.0,1324.0637533894592,7992409.089486946,2827.0849102011325,0.0,20.0,20.0,20.0,15.06773019662526,535.4390550791024,23.139556069188156,0.0,20.0,20.0,20.0,20.956222281984722,884.9005010575062,29.747277204098967,0.0,20.0,20.0,20.0,0.38329791193455764,0.08252219614015774,0.2872667682488835,0.0,20.0,20.0,20.0,0.33352518044510965,0.08418587599922647,0.2901480242897175,0.0,20.0,20.0,20.0,0.7521567751891938,0.20554780521799443,0.4533738029683612,0.0,20.0,20.0,20.0,0.22774113307841767,0.017083527024978184,0.13070396713557772,0.0,20.0,20.0,20.0,0.22774113307841767,0.017083527024978184,0.13070396713557772,0.0,20.0,20.0,20.0,0.9730884442803625,0.237943187485963,0.7729582851489348,0.4659122257932568,0.21707420214362672,0.8638524489385532
EWELD_Load/15T,long,top_k_1,top_k_1,0.18371400190517306,0.012367916759103537,0.023526332806795835,measured_candidate_query_loop_precomputed_vanilla_fallback_separate_retrieval,0.0,20.0,0.0,1330.30253509934,8385759.876507576,2895.8176524960227,0.0,20.0,20.0,20.0,14.876711353083099,535.5031931937559,23.140941925378836,0.0,20.0,20.0,20.0,20.76804608205428,898.9907970330099,29.983175232670238,0.0,20.0,20.0,20.0,0.38439340529768234,0.09395609583455301,0.3065225861736016,0.0,20.0,20.0,20.0,0.33646303824432766,0.08347259474127997,0.28891624174019703,0.0,20.0,20.0,20.0,0.7574265611172913,0.2092438597670124,0.4574318088710189,0.0,20.0,20.0,20.0,0.2320281638734639,0.019314710627564534,0.13897737451673395,0.0,20.0,20.0,20.0,0.2320281638734639,0.019314710627564534,0.13897737451673395,0.0,20.0,20.0,20.0,0.9730884442803625,0.237943187485963,0.7783738113110965,0.47008245916362507,0.22097751841332125,0.8793857978361173
EWELD_Load/15T,long,top_k_5,top_k_5,0.5893214489333332,0.012367916759103537,0.023526332806795835,measured_candidate_query_loop_precomputed_vanilla_fallback_separate_retrieval,0.0,20.0,0.0,1312.8110190552768,8714423.7676805,2952.0202857840422,0.0,20.0,20.0,20.0,15.005531006341887,562.5386455945525,23.717897157938612,0.0,20.0,20.0,20.0,20.481781149051127,893.3076600176507,29.888252876634503,0.0,20.0,20.0,20.0,0.3820420050166773,0.08348278552487125,0.28893387742677606,0.0,20.0,20.0,20.0,0.3348761603948237,0.0801855598463142,0.28317054904476596,0.0,20.0,20.0,20.0,0.7621717682133543,0.2104999510222668,0.4588027365025919,0.0,20.0,20.0,20.0,0.23732878759784964,0.018922873776477576,0.13756043681406938,0.0,20.0,20.0,20.0,0.23732878759784964,0.018922873776477576,0.13756043681406938,0.0,20.0,20.0,20.0,0.9730884442803625,0.237943187485963,0.7832502509851615,0.4714913009185868,0.22230404684190144,0.884664752314814
EWELD_Load/15T,long,top_k_10,top_k_10,1.151309838052839,0.012367916759103537,0.023526332806795835,measured_candidate_query_loop_precomputed_vanilla_fallback_separate_retrieval,0.0,20.0,0.0,1276.660205953092,8000872.471404145,2828.5813531528743,0.0,20.0,20.0,20.0,14.917118580701452,541.7028328398225,23.274510367348707,0.0,20.0,20.0,20.0,20.29034985071882,864.9619088885269,29.410234764253868,0.0,20.0,20.0,20.0,0.39342393453270474,0.09129346630410165,0.30214808671262783,0.0,20.0,20.0,20.0,0.32865653539310846,0.07235913108019518,0.26899652614893593,0.0,20.0,20.0,20.0,0.7348628954462081,0.1362260647713664,0.3690881531170655,0.0,20.0,20.0,20.0,0.2317483183320725,0.014941427513254798,0.12223513207443594,0.0,20.0,20.0,20.0,0.2317483183320725,0.014941427513254798,0.12223513207443594,0.0,20.0,20.0,20.0,0.9730884442803625,0.237943187485963,0.7551861290364704,0.3792955874530201,0.14386514266133163,0.5725150873647215
EWELD_Load/15T,long,top_k_15,top_k_15,1.6585401091724634,0.012367916759103537,0.023526332806795835,measured_candidate_query_loop_precomputed_vanilla_fallback_separate_retrieval,0.0,20.0,0.0,1316.7455852342157,8593172.746645913,2931.411391573334,0.0,20.0,20.0,20.0,15.24717122508612,556.2287384101146,23.58450208103013,0.0,20.0,20.0,20.0,20.66037259319517,889.8945895445652,29.831101044791577,0.0,20.0,20.0,20.0,0.39577892922504315,0.09135500555096251,0.3022499057914866,0.0,20.0,20.0,20.0,0.3300622900745356,0.0717205811259293,0.2678069848340952,0.0,20.0,20.0,20.0,0.7534319949211074,0.15480830110842575,0.3934568605430915,0.0,20.0,20.0,20.0,0.23307330617210872,0.014807961248972865,0.12168796673859279,0.0,20.0,20.0,20.0,0.23307330617210872,0.014807961248972865,0.12168796673859279,0.0,20.0,20.0,20.0,0.9730884442803625,0.237943187485963,0.7742687721241004,0.40433823138663255,0.16348940536087,0.6506103525975434
EWELD_Load/15T,long,selected_task,selected_task,,,,assembled_from_candidate_artifacts_no_independent_selected_method_latency,0.0,20.0,0.0,1391.3603752713389,8938314.549742179,2989.7014148142252,0.0,20.0,20.0,20.0,15.462763560459106,548.2347611989703,23.414413535234452,0.0,20.0,20.0,20.0,21.459794399004522,930.8375996237932,30.509631260043,0.0,20.0,20.0,20.0,0.41169587929817436,0.09329851001804619,0.30544804798532627,0.0,20.0,20.0,20.0,0.34745775300942344,0.08169122633463985,0.28581677056226046,0.0,20.0,20.0,20.0,0.7839039420360605,0.22820942620510762,0.477712702578765,0.0,20.0,20.0,20.0,0.23843285828276253,0.019259152877683643,0.1387773500167936,0.0,20.0,20.0,20.0,0.23843285828276253,0.019259152877683643,0.1387773500167936,0.0,20.0,20.0,20.0,0.9730884442803625,0.237943187485963,0.805583445825203,0.4909242375517598,0.2410066070157767,0.959092078307854
EWELD_Load/15T,long,selected_per_variate,selected_per_variate,,,,assembled_from_candidate_artifacts_no_independent_selected_method_latency,0.0,20.0,0.0,1308.1194437536262,8000507.5620169025,2828.5168484590827,0.0,20.0,20.0,20.0,15.150996831602729,535.0958763948823,23.132139468602603,0.0,20.0,20.0,20.0,20.709919006520895,879.218698496971,29.651622189974212,0.0,20.0,20.0,20.0,0.4021469674856021,0.0901453053822643,0.30024207796753655,0.0,20.0,20.0,20.0,0.3381164881950439,0.07718534133550894,0.27782249969271555,0.0,20.0,20.0,20.0,0.7627008012236497,0.22339095986657026,0.47264252862662526,0.0,20.0,20.0,20.0,0.23118191970510543,0.017583024284778547,0.13260099654519397,0.0,20.0,20.0,20.0,0.23118191970510543,0.017583024284778547,0.13260099654519397,0.0,20.0,20.0,20.0,0.9730884442803625,0.237943187485963,0.7837939148354569,0.48571384379778876,0.23591793805682273,0.938841587468222
SG_Carpark/15T,short,vanilla_univariate,vanilla_univariate,65.76338646793738,0.0,0.0,measured_candidate_query_loop_precomputed_vanilla_fallback_separate_retrieval,0.0,14868.0,0.0,201.95111625041497,3224729.256560561,1795.7531168177213,0.0,14868.0,14868.0,14868.0,5.318737259867782,65.5611636382512,8.096984848587232,0.0,14868.0,14868.0,14868.0,6.8016608599313875,155.68852579689238,12.477520819333156,0.0,14868.0,14868.0,14868.0,0.03334784508596264,0.025468992210164732,0.1595900755378126,0.0,14811.0,14868.0,14868.0,0.044083205383451576,0.026384672050458344,0.16243359274010516,0.0,14868.0,14868.0,14868.0,0.37005611753661344,0.19724649268276562,0.44412441126644414,0.0,14868.0,14868.0,14868.0,0.03286258801157257,0.00750437369379099,0.08662778823097696,0.0,14811.0,14868.0,14868.0,0.03286258801157257,0.00750437369379099,0.08662778823097696,0.0,14811.0,14868.0,14868.0,0.9420673883040124,1.3572945477146132,0.3928127882685962,0.47143592568891873,0.2222518320301677,0.1453232778506961
SG_Carpark/15T,short,vanilla_multivariate,vanilla_multivariate,66.5187348658219,0.0,0.0,measured_candidate_query_loop_precomputed_vanilla_fallback_separate_retrieval,0.0,14868.0,0.0,201.95111625041497,3224729.256560561,1795.7531168177213,0.0,14868.0,14868.0,14868.0,5.318737259867782,65.5611636382512,8.096984848587232,0.0,14868.0,14868.0,14868.0,6.8016608599313875,155.68852579689238,12.477520819333156,0.0,14868.0,14868.0,14868.0,0.03334784508596264,0.025468992210164732,0.1595900755378126,0.0,14811.0,14868.0,14868.0,0.044083205383451576,0.026384672050458344,0.16243359274010516,0.0,14868.0,14868.0,14868.0,0.37005611753661344,0.19724649268276562,0.44412441126644414,0.0,14868.0,14868.0,14868.0,0.03286258801157257,0.00750437369379099,0.08662778823097696,0.0,14811.0,14868.0,14868.0,0.03286258801157257,0.00750437369379099,0.08662778823097696,0.0,14811.0,14868.0,14868.0,0.9420673883040124,1.3572945477146132,0.3928127882685962,0.47143592568891873,0.2222518320301677,0.1453232778506961
SG_Carpark/15T,short,self_augmentation,self_augmentation,209.98787986207753,0.0,0.0,measured_candidate_query_loop_precomputed_vanilla_fallback_separate_retrieval,0.0,14868.0,0.0,207.4981416270216,3235543.238861863,1798.761584774887,0.0,14868.0,14868.0,14868.0,5.570979541418274,67.53384979355113,8.217898137209485,0.0,14868.0,14868.0,14868.0,7.09613451029141,157.14301663887292,12.535669772248825,0.0,14868.0,14868.0,14868.0,0.03519969892546308,0.026459215525591863,0.16266288920830055,0.0,14811.0,14868.0,14868.0,0.04582139932982939,0.02743669466861428,0.16564025678745575,0.0,14868.0,14868.0,14868.0,0.3867706319779945,0.20292003014399937,0.45046645840062205,0.0,14868.0,14868.0,14868.0,0.03420570300905234,0.006857188626557694,0.0828081434797188,0.0,14811.0,14868.0,14868.0,0.03420570300905234,0.006857188626557694,0.0828081434797188,0.0,14811.0,14868.0,14868.0,0.9420673883040124,1.3572945477146132,0.4105551649275228,0.47816797820757706,0.22864461538312192,0.14950331192715116
SG_Carpark/15T,short,top_k_1,top_k_1,115.42557942634448,139.25139732891694,5.6419036807492375,measured_candidate_query_loop_precomputed_vanilla_fallback_separate_retrieval,2478.0,14868.0,0.16666666666666666,198.83377606071818,3099106.025472492,1760.427796154245,0.0,14868.0,14868.0,14868.0,5.3124391745647985,64.80630391524409,8.050236264560445,0.0,14868.0,14868.0,14868.0,6.781624228425554,152.84334888514968,12.362983009174998,0.0,14868.0,14868.0,14868.0,0.03343295059279278,0.025340177960449187,0.15918598543982818,0.0,14811.0,14868.0,14868.0,0.04429642727032727,0.02680096479008941,0.16371000210765807,0.0,14868.0,14868.0,14868.0,0.37020038953959017,0.19763992260936883,0.4445671182277979,0.0,14868.0,14868.0,14868.0,0.03284130218344471,0.007252324521342523,0.0851605807950047,0.0,14811.0,14868.0,14868.0,0.03284130218344471,0.007252324521342523,0.0851605807950047,0.0,14811.0,14868.0,14868.0,0.9420673883040124,1.3572945477146132,0.3929659323056024,0.47190585699834525,0.22269513786934272,0.14561314118748298
SG_Carpark/15T,short,top_k_5,top_k_5,372.6030695573427,139.25139732891694,5.6419036807492375,measured_candidate_query_loop_precomputed_vanilla_fallback_separate_retrieval,2478.0,14868.0,0.16666666666666666,198.51234201751308,3136803.9561050567,1771.1024691149455,0.0,14868.0,14868.0,14868.0,5.31691327985794,65.60514640474895,8.099700389813746,0.0,14868.0,14868.0,14868.0,6.769212274833155,152.69010719576121,12.356783853242769,0.0,14868.0,14868.0,14868.0,0.0334840148412696,0.025328650544675816,0.15914977393850052,0.0,14811.0,14868.0,14868.0,0.044510782507404846,0.027172813667456205,0.16484178374264277,0.0,14868.0,14868.0,14868.0,0.37042212004632996,0.1989702645127587,0.446060830507184,0.0,14868.0,14868.0,14868.0,0.03292861148615759,0.007280397575591724,0.08532524582790092,0.0,14811.0,14868.0,14868.0,0.03292861148615759,0.007280397575591724,0.08532524582790092,0.0,14811.0,14868.0,14868.0,0.9420673883040124,1.3572945477146132,0.39320129817166743,0.473491425396032,0.2241941299235661,0.14659328356382265
SG_Carpark/15T,short,top_k_10,top_k_10,728.0630745948292,139.25139732891694,5.6419036807492375,measured_candidate_query_loop_precomputed_vanilla_fallback_separate_retrieval,2478.0,14868.0,0.16666666666666666,200.77062190317002,3231948.298997433,1797.76202512942,0.0,14868.0,14868.0,14868.0,5.327718555722287,67.18227144450502,8.196479210277118,0.0,14868.0,14868.0,14868.0,6.777166995551559,154.8406294175767,12.44349747529113,0.0,14868.0,14868.0,14868.0,0.033541490919932346,0.02555090734217929,0.1598465118236219,0.0,14811.0,14868.0,14868.0,0.04452707785241614,0.02722671485831101,0.16500519645850859,0.0,14868.0,14868.0,14868.0,0.37074791562224907,0.20157045326728681,0.4489659823052152,0.0,14868.0,14868.0,14868.0,0.03294116112582102,0.0073469464748686574,0.08571433062719826,0.0,14811.0,14868.0,14868.0,0.03294116112582102,0.0073469464748686574,0.08571433062719826,0.0,14811.0,14868.0,14868.0,0.9420673883040124,1.3572945477146132,0.3935471286079652,0.47657523005172797,0.2271239498988574,0.1485089979965567
SG_Carpark/15T,short,top_k_15,top_k_15,1036.6319528217427,139.25139732891694,5.6419036807492375,measured_candidate_query_loop_precomputed_vanilla_fallback_separate_retrieval,2478.0,14868.0,0.16666666666666666,200.5171227039359,3255094.56953523,1804.1880637935808,0.0,14868.0,14868.0,14868.0,5.324924029444629,67.14295120424892,8.194080253710535,0.0,14868.0,14868.0,14868.0,6.772234988826208,154.65395596005402,12.435994369573107,0.0,14868.0,14868.0,14868.0,0.0334946205941149,0.025432479709423535,0.1594756398620916,0.0,14811.0,14868.0,14868.0,0.04449437438730352,0.027213055390670444,0.16496380024317592,0.0,14868.0,14868.0,14868.0,0.3703298946853223,0.19944167191283307,0.4465889294561981,0.0,14868.0,14868.0,14868.0,0.03293865147739236,0.007480748808560387,0.08649132215754587,0.0,14811.0,14868.0,14868.0,0.03293865147739236,0.007480748808560387,0.08649132215754587,0.0,14811.0,14868.0,14868.0,0.9420673883040124,1.3572945477146132,0.393103401394693,0.47405199988950303,0.22472529859923737,0.14694059756494945
SG_Carpark/15T,short,selected_task,selected_task,,,,assembled_from_candidate_artifacts_no_independent_selected_method_latency,0.0,14868.0,0.0,201.95111625041497,3224729.256560561,1795.7531168177213,0.0,14868.0,14868.0,14868.0,5.318737259867782,65.5611636382512,8.096984848587232,0.0,14868.0,14868.0,14868.0,6.8016608599313875,155.68852579689238,12.477520819333156,0.0,14868.0,14868.0,14868.0,0.03334784508596264,0.025468992210164732,0.1595900755378126,0.0,14811.0,14868.0,14868.0,0.044083205383451576,0.026384672050458344,0.16243359274010516,0.0,14868.0,14868.0,14868.0,0.37005611753661344,0.19724649268276562,0.44412441126644414,0.0,14868.0,14868.0,14868.0,0.03286258801157257,0.00750437369379099,0.08662778823097696,0.0,14811.0,14868.0,14868.0,0.03286258801157257,0.00750437369379099,0.08662778823097696,0.0,14811.0,14868.0,14868.0,0.9420673883040124,1.3572945477146132,0.3928127882685962,0.47143592568891873,0.2222518320301677,0.1453232778506961
SG_Carpark/15T,short,selected_per_variate,selected_per_variate,,,,assembled_from_candidate_artifacts_no_independent_selected_method_latency,406.0,14868.0,0.027306967984934087,199.54994608765145,3135564.1403217386,1770.752422085521,0.0,14868.0,14868.0,14868.0,5.3271868917554865,66.24961641266167,8.139386734432863,0.0,14868.0,14868.0,14868.0,6.794324318931833,153.38710313682293,12.384954708711007,0.0,14868.0,14868.0,14868.0,0.033627614061525916,0.025676374292481277,0.16023849191901826,0.0,14811.0,14868.0,14868.0,0.04431975970832602,0.026712012843523925,0.16343810095422648,0.0,14868.0,14868.0,14868.0,0.37071685340661054,0.1996395860537371,0.44681045875598874,0.0,14868.0,14868.0,14868.0,0.03292142427783241,0.007168685173279646,0.08466808828171123,0.0,14811.0,14868.0,14868.0,0.03292142427783241,0.007168685173279646,0.08466808828171123,0.0,14811.0,14868.0,14868.0,0.9420673883040124,1.3572945477146132,0.3935141562155184,0.47428715217535966,0.22494830271861274,0.14708641273914086
SG_Carpark/15T,medium,vanilla_univariate,vanilla_univariate,11.122450319118798,0.0,0.0,measured_candidate_query_loop_precomputed_vanilla_fallback_separate_retrieval,0.0,2478.0,0.0,435.7240078109521,13113947.52258625,3621.318478480766,0.0,2478.0,2478.0,2478.0,7.885397776609275,165.07685801046753,12.848223924358866,0.0,2478.0,2478.0,2478.0,10.920030186196657,316.476948543506,17.789799002335748,0.0,2478.0,2478.0,2478.0,0.04526023768113162,0.009181710130237226,0.09582124049623458,0.0,2472.0,2478.0,2478.0,0.05471511428134933,0.021414639115847164,0.14633741529713842,0.0,2478.0,2478.0,2478.0,0.5286342032168719,0.2977978547918027,0.5457085804637881,0.0,2478.0,2478.0,2478.0,0.04298576389413451,0.007939328418970507,0.08910290914987291,0.0,2472.0,2478.0,2478.0,0.04298576389413451,0.007939328418970507,0.08910290914987291,0.0,2472.0,2478.0,2478.0,0.9472441633805834,0.6915537435383057,0.5580759677950926,0.5761012857722234,0.331892691468409,0.43062141962840444
SG_Carpark/15T,medium,vanilla_multivariate,vanilla_multivariate,11.210667713079602,0.0,0.0,measured_candidate_query_loop_precomputed_vanilla_fallback_separate_retrieval,0.0,2478.0,0.0,435.7240078109521,13113947.52258625,3621.318478480766,0.0,2478.0,2478.0,2478.0,7.885397776609275,165.07685801046753,12.848223924358866,0.0,2478.0,2478.0,2478.0,10.920030186196657,316.476948543506,17.789799002335748,0.0,2478.0,2478.0,2478.0,0.04526023768113162,0.009181710130237226,0.09582124049623458,0.0,2472.0,2478.0,2478.0,0.05471511428134933,0.021414639115847164,0.14633741529713842,0.0,2478.0,2478.0,2478.0,0.5286342032168719,0.2977978547918027,0.5457085804637881,0.0,2478.0,2478.0,2478.0,0.04298576389413451,0.007939328418970507,0.08910290914987291,0.0,2472.0,2478.0,2478.0,0.04298576389413451,0.007939328418970507,0.08910290914987291,0.0,2472.0,2478.0,2478.0,0.9472441633805834,0.6915537435383057,0.5580759677950926,0.5761012857722234,0.331892691468409,0.43062141962840444
SG_Carpark/15T,medium,self_augmentation,self_augmentation,35.24734883988276,0.0,0.0,measured_candidate_query_loop_precomputed_vanilla_fallback_separate_retrieval,0.0,2478.0,0.0,456.5626778250849,8335537.367420401,2887.1330706118138,0.0,2478.0,2478.0,2478.0,8.830953750828169,161.89033971087733,12.723613469092706,0.0,2478.0,2478.0,2478.0,12.049683406034505,311.3678076394216,17.64561723600004,0.0,2478.0,2478.0,2478.0,0.05009512913655278,0.00972292319293062,0.09860488422451812,0.0,2472.0,2478.0,2478.0,0.05926427426849934,0.02185444532835501,0.14783249077369634,0.0,2478.0,2478.0,2478.0,0.589198462456003,0.3075362614569076,0.5545595202112282,0.0,2478.0,2478.0,2478.0,0.047904224475958386,0.008403579882522367,0.09167104167905134,0.0,2472.0,2478.0,2478.0,0.047904224475958386,0.008403579882522367,0.09167104167905134,0.0,2472.0,2478.0,2478.0,0.9472441633805834,0.6915537435383057,0.6220132941788052,0.5854451699465553,0.34274604701375094,0.44470334277045664
SG_Carpark/15T,medium,top_k_1,top_k_1,0.0007551577873528004,4.0486949142068624,1.2362211979925632,measured_candidate_query_loop_precomputed_vanilla_fallback_separate_retrieval,2478.0,2478.0,1.0,435.7240078109521,13113947.52258625,3621.318478480766,0.0,2478.0,2478.0,2478.0,7.885397776609275,165.07685801046753,12.848223924358866,0.0,2478.0,2478.0,2478.0,10.920030186196657,316.476948543506,17.789799002335748,0.0,2478.0,2478.0,2478.0,0.04526023768113162,0.009181710130237226,0.09582124049623458,0.0,2472.0,2478.0,2478.0,0.05471511428134933,0.021414639115847164,0.14633741529713842,0.0,2478.0,2478.0,2478.0,0.5286342032168719,0.2977978547918027,0.5457085804637881,0.0,2478.0,2478.0,2478.0,0.04298576389413451,0.007939328418970507,0.08910290914987291,0.0,2472.0,2478.0,2478.0,0.04298576389413451,0.007939328418970507,0.08910290914987291,0.0,2472.0,2478.0,2478.0,0.9472441633805834,0.6915537435383057,0.5580759677950926,0.5761012857722234,0.331892691468409,0.43062141962840444
SG_Carpark/15T,medium,top_k_5,top_k_5,0.0007138168439269066,4.0486949142068624,1.2362211979925632,measured_candidate_query_loop_precomputed_vanilla_fallback_separate_retrieval,2478.0,2478.0,1.0,435.7240078109521,13113947.52258625,3621.318478480766,0.0,2478.0,2478.0,2478.0,7.885397776609275,165.07685801046753,12.848223924358866,0.0,2478.0,2478.0,2478.0,10.920030186196657,316.476948543506,17.789799002335748,0.0,2478.0,2478.0,2478.0,0.04526023768113162,0.009181710130237226,0.09582124049623458,0.0,2472.0,2478.0,2478.0,0.05471511428134933,0.021414639115847164,0.14633741529713842,0.0,2478.0,2478.0,2478.0,0.5286342032168719,0.2977978547918027,0.5457085804637881,0.0,2478.0,2478.0,2478.0,0.04298576389413451,0.007939328418970507,0.08910290914987291,0.0,2472.0,2478.0,2478.0,0.04298576389413451,0.007939328418970507,0.08910290914987291,0.0,2472.0,2478.0,2478.0,0.9472441633805834,0.6915537435383057,0.5580759677950926,0.5761012857722234,0.331892691468409,0.43062141962840444
SG_Carpark/15T,medium,top_k_10,top_k_10,0.0007215468212962151,4.0486949142068624,1.2362211979925632,measured_candidate_query_loop_precomputed_vanilla_fallback_separate_retrieval,2478.0,2478.0,1.0,435.7240078109521,13113947.52258625,3621.318478480766,0.0,2478.0,2478.0,2478.0,7.885397776609275,165.07685801046753,12.848223924358866,0.0,2478.0,2478.0,2478.0,10.920030186196657,316.476948543506,17.789799002335748,0.0,2478.0,2478.0,2478.0,0.04526023768113162,0.009181710130237226,0.09582124049623458,0.0,2472.0,2478.0,2478.0,0.05471511428134933,0.021414639115847164,0.14633741529713842,0.0,2478.0,2478.0,2478.0,0.5286342032168719,0.2977978547918027,0.5457085804637881,0.0,2478.0,2478.0,2478.0,0.04298576389413451,0.007939328418970507,0.08910290914987291,0.0,2472.0,2478.0,2478.0,0.04298576389413451,0.007939328418970507,0.08910290914987291,0.0,2472.0,2478.0,2478.0,0.9472441633805834,0.6915537435383057,0.5580759677950926,0.5761012857722234,0.331892691468409,0.43062141962840444
SG_Carpark/15T,medium,top_k_15,top_k_15,0.0007192068733274937,4.0486949142068624,1.2362211979925632,measured_candidate_query_loop_precomputed_vanilla_fallback_separate_retrieval,2478.0,2478.0,1.0,435.7240078109521,13113947.52258625,3621.318478480766,0.0,2478.0,2478.0,2478.0,7.885397776609275,165.07685801046753,12.848223924358866,0.0,2478.0,2478.0,2478.0,10.920030186196657,316.476948543506,17.789799002335748,0.0,2478.0,2478.0,2478.0,0.04526023768113162,0.009181710130237226,0.09582124049623458,0.0,2472.0,2478.0,2478.0,0.05471511428134933,0.021414639115847164,0.14633741529713842,0.0,2478.0,2478.0,2478.0,0.5286342032168719,0.2977978547918027,0.5457085804637881,0.0,2478.0,2478.0,2478.0,0.04298576389413451,0.007939328418970507,0.08910290914987291,0.0,2472.0,2478.0,2478.0,0.04298576389413451,0.007939328418970507,0.08910290914987291,0.0,2472.0,2478.0,2478.0,0.9472441633805834,0.6915537435383057,0.5580759677950926,0.5761012857722234,0.331892691468409,0.43062141962840444
SG_Carpark/15T,medium,selected_task,selected_task,,,,assembled_from_candidate_artifacts_no_independent_selected_method_latency,0.0,2478.0,0.0,435.7240078109521,13113947.52258625,3621.318478480766,0.0,2478.0,2478.0,2478.0,7.885397776609275,165.07685801046753,12.848223924358866,0.0,2478.0,2478.0,2478.0,10.920030186196657,316.476948543506,17.789799002335748,0.0,2478.0,2478.0,2478.0,0.04526023768113162,0.009181710130237226,0.09582124049623458,0.0,2472.0,2478.0,2478.0,0.05471511428134933,0.021414639115847164,0.14633741529713842,0.0,2478.0,2478.0,2478.0,0.5286342032168719,0.2977978547918027,0.5457085804637881,0.0,2478.0,2478.0,2478.0,0.04298576389413451,0.007939328418970507,0.08910290914987291,0.0,2472.0,2478.0,2478.0,0.04298576389413451,0.007939328418970507,0.08910290914987291,0.0,2472.0,2478.0,2478.0,0.9472441633805834,0.6915537435383057,0.5580759677950926,0.5761012857722234,0.331892691468409,0.43062141962840444
SG_Carpark/15T,medium,selected_per_variate,selected_per_variate,,,,assembled_from_candidate_artifacts_no_independent_selected_method_latency,0.0,2478.0,0.0,444.02383310480525,13145318.66301806,3625.6473439950087,0.0,2478.0,2478.0,2478.0,8.078223292551971,167.1896483394127,12.930183615842921,0.0,2478.0,2478.0,2478.0,11.146096676411366,319.7883619848967,17.88262737924427,0.0,2478.0,2478.0,2478.0,0.04630406727206889,0.009514714425773079,0.09754339765341927,0.0,2472.0,2478.0,2478.0,0.05562038900030308,0.021603001922827107,0.14697959696103097,0.0,2478.0,2478.0,2478.0,0.540928511395602,0.3035486362764434,0.5509524809604213,0.0,2478.0,2478.0,2478.0,0.04409294816799478,0.008237252450723629,0.09075931054566043,0.0,2472.0,2478.0,2478.0,0.04409294816799478,0.008237252450723629,0.09075931054566043,0.0,2472.0,2478.0,2478.0,0.9472441633805834,0.6915537435383057,0.571054995435499,0.5816372401748543,0.3383018791582212,0.4389371601451386
SG_Carpark/15T,long,vanilla_univariate,vanilla_univariate,1.9873743038624525,0.0,0.0,measured_candidate_query_loop_precomputed_vanilla_fallback_separate_retrieval,0.0,354.0,0.0,738.5260643341793,9697808.389113829,3114.1304386800866,0.0,354.0,354.0,354.0,10.87601644079771,238.51833357970258,15.444038771632975,0.0,354.0,354.0,354.0,15.645914456121847,493.73142516589655,22.220068072935703,0.0,354.0,354.0,354.0,0.06316077560150546,0.013788791435384393,0.11742568473457753,0.0,354.0,354.0,354.0,0.06713208758362772,0.019616291808217085,0.14005817294330625,0.0,354.0,354.0,354.0,0.7260138613023388,0.6670445148235639,0.8167279319476981,0.0,354.0,354.0,354.0,0.062605616131994,0.031111319127942398,0.1763840104089438,0.0,354.0,354.0,354.0,0.062605616131994,0.031111319127942398,0.1763840104089438,0.0,354.0,354.0,354.0,1.307891992764626,0.6407367954972765,0.5551023060915669,0.624461298383895,0.38995191317929995,1.0410585430884611
SG_Carpark/15T,long,vanilla_multivariate,vanilla_multivariate,1.9910465371794999,0.0,0.0,measured_candidate_query_loop_precomputed_vanilla_fallback_separate_retrieval,0.0,354.0,0.0,738.5260643341793,9697808.389113829,3114.1304386800866,0.0,354.0,354.0,354.0,10.87601644079771,238.51833357970258,15.444038771632975,0.0,354.0,354.0,354.0,15.645914456121847,493.73142516589655,22.220068072935703,0.0,354.0,354.0,354.0,0.06316077560150546,0.013788791435384393,0.11742568473457753,0.0,354.0,354.0,354.0,0.06713208758362772,0.019616291808217085,0.14005817294330625,0.0,354.0,354.0,354.0,0.7260138613023388,0.6670445148235639,0.8167279319476981,0.0,354.0,354.0,354.0,0.062605616131994,0.031111319127942398,0.1763840104089438,0.0,354.0,354.0,354.0,0.062605616131994,0.031111319127942398,0.1763840104089438,0.0,354.0,354.0,354.0,1.307891992764626,0.6407367954972765,0.5551023060915669,0.624461298383895,0.38995191317929995,1.0410585430884611
SG_Carpark/15T,long,self_augmentation,self_augmentation,5.495663025882095,0.0,0.0,measured_candidate_query_loop_precomputed_vanilla_fallback_separate_retrieval,0.0,354.0,0.0,780.0132508300173,9484326.397993935,3079.66335790033,0.0,354.0,354.0,354.0,11.99934150735107,255.11451098264772,15.972304498182087,0.0,354.0,354.0,354.0,16.850013225346338,496.09030513567103,22.27308476919331,0.0,354.0,354.0,354.0,0.06898941272453592,0.014899049620774261,0.12206166319026733,0.0,354.0,354.0,354.0,0.07289224071714526,0.02148699099649052,0.14658441594006683,0.0,354.0,354.0,354.0,0.7983910388372824,0.7147828261205955,0.845448298904549,0.0,354.0,354.0,354.0,0.06790448748167827,0.031394226670944984,0.17718416032745418,0.0,354.0,354.0,354.0,0.06790448748167827,0.031394226670944984,0.17718416032745418,0.0,354.0,354.0,354.0,1.307891992764626,0.6407367954972765,0.6104411092460632,0.6464205787493491,0.4178595646306434,1.1155638807442796
SG_Carpark/15T,long,top_k_1,top_k_1,0.000179181806743145,0.3472946253605187,0.3861984871327877,measured_candidate_query_loop_precomputed_vanilla_fallback_separate_retrieval,354.0,354.0,1.0,738.5260643341793,9697808.389113829,3114.1304386800866,0.0,354.0,354.0,354.0,10.87601644079771,238.51833357970258,15.444038771632975,0.0,354.0,354.0,354.0,15.645914456121847,493.73142516589655,22.220068072935703,0.0,354.0,354.0,354.0,0.06316077560150546,0.013788791435384393,0.11742568473457753,0.0,354.0,354.0,354.0,0.06713208758362772,0.019616291808217085,0.14005817294330625,0.0,354.0,354.0,354.0,0.7260138613023388,0.6670445148235639,0.8167279319476981,0.0,354.0,354.0,354.0,0.062605616131994,0.031111319127942398,0.1763840104089438,0.0,354.0,354.0,354.0,0.062605616131994,0.031111319127942398,0.1763840104089438,0.0,354.0,354.0,354.0,1.307891992764626,0.6407367954972765,0.5551023060915669,0.624461298383895,0.38995191317929995,1.0410585430884611
SG_Carpark/15T,long,top_k_5,top_k_5,0.00016704201698303223,0.3472946253605187,0.3861984871327877,measured_candidate_query_loop_precomputed_vanilla_fallback_separate_retrieval,354.0,354.0,1.0,738.5260643341793,9697808.389113829,3114.1304386800866,0.0,354.0,354.0,354.0,10.87601644079771,238.51833357970258,15.444038771632975,0.0,354.0,354.0,354.0,15.645914456121847,493.73142516589655,22.220068072935703,0.0,354.0,354.0,354.0,0.06316077560150546,0.013788791435384393,0.11742568473457753,0.0,354.0,354.0,354.0,0.06713208758362772,0.019616291808217085,0.14005817294330625,0.0,354.0,354.0,354.0,0.7260138613023388,0.6670445148235639,0.8167279319476981,0.0,354.0,354.0,354.0,0.062605616131994,0.031111319127942398,0.1763840104089438,0.0,354.0,354.0,354.0,0.062605616131994,0.031111319127942398,0.1763840104089438,0.0,354.0,354.0,354.0,1.307891992764626,0.6407367954972765,0.5551023060915669,0.624461298383895,0.38995191317929995,1.0410585430884611
SG_Carpark/15T,long,top_k_10,top_k_10,0.00015875184908509254,0.3472946253605187,0.3861984871327877,measured_candidate_query_loop_precomputed_vanilla_fallback_separate_retrieval,354.0,354.0,1.0,738.5260643341793,9697808.389113829,3114.1304386800866,0.0,354.0,354.0,354.0,10.87601644079771,238.51833357970258,15.444038771632975,0.0,354.0,354.0,354.0,15.645914456121847,493.73142516589655,22.220068072935703,0.0,354.0,354.0,354.0,0.06316077560150546,0.013788791435384393,0.11742568473457753,0.0,354.0,354.0,354.0,0.06713208758362772,0.019616291808217085,0.14005817294330625,0.0,354.0,354.0,354.0,0.7260138613023388,0.6670445148235639,0.8167279319476981,0.0,354.0,354.0,354.0,0.062605616131994,0.031111319127942398,0.1763840104089438,0.0,354.0,354.0,354.0,0.062605616131994,0.031111319127942398,0.1763840104089438,0.0,354.0,354.0,354.0,1.307891992764626,0.6407367954972765,0.5551023060915669,0.624461298383895,0.38995191317929995,1.0410585430884611
SG_Carpark/15T,long,top_k_15,top_k_15,0.00015829084441065788,0.3472946253605187,0.3861984871327877,measured_candidate_query_loop_precomputed_vanilla_fallback_separate_retrieval,354.0,354.0,1.0,738.5260643341793,9697808.389113829,3114.1304386800866,0.0,354.0,354.0,354.0,10.87601644079771,238.51833357970258,15.444038771632975,0.0,354.0,354.0,354.0,15.645914456121847,493.73142516589655,22.220068072935703,0.0,354.0,354.0,354.0,0.06316077560150546,0.013788791435384393,0.11742568473457753,0.0,354.0,354.0,354.0,0.06713208758362772,0.019616291808217085,0.14005817294330625,0.0,354.0,354.0,354.0,0.7260138613023388,0.6670445148235639,0.8167279319476981,0.0,354.0,354.0,354.0,0.062605616131994,0.031111319127942398,0.1763840104089438,0.0,354.0,354.0,354.0,0.062605616131994,0.031111319127942398,0.1763840104089438,0.0,354.0,354.0,354.0,1.307891992764626,0.6407367954972765,0.5551023060915669,0.624461298383895,0.38995191317929995,1.0410585430884611
SG_Carpark/15T,long,selected_task,selected_task,,,,assembled_from_candidate_artifacts_no_independent_selected_method_latency,0.0,354.0,0.0,738.5260643341793,9697808.389113829,3114.1304386800866,0.0,354.0,354.0,354.0,10.87601644079771,238.51833357970258,15.444038771632975,0.0,354.0,354.0,354.0,15.645914456121847,493.73142516589655,22.220068072935703,0.0,354.0,354.0,354.0,0.06316077560150546,0.013788791435384393,0.11742568473457753,0.0,354.0,354.0,354.0,0.06713208758362772,0.019616291808217085,0.14005817294330625,0.0,354.0,354.0,354.0,0.7260138613023388,0.6670445148235639,0.8167279319476981,0.0,354.0,354.0,354.0,0.062605616131994,0.031111319127942398,0.1763840104089438,0.0,354.0,354.0,354.0,0.062605616131994,0.031111319127942398,0.1763840104089438,0.0,354.0,354.0,354.0,1.307891992764626,0.6407367954972765,0.5551023060915669,0.624461298383895,0.38995191317929995,1.0410585430884611
SG_Carpark/15T,long,selected_per_variate,selected_per_variate,,,,assembled_from_candidate_artifacts_no_independent_selected_method_latency,0.0,354.0,0.0,747.640362096781,9621092.698918715,3101.7886289879125,0.0,354.0,354.0,354.0,11.118506044631195,240.96968646903258,15.523198332464627,0.0,354.0,354.0,354.0,15.895051674890055,494.98769434935576,22.248318910635827,0.0,354.0,354.0,354.0,0.06449209026780595,0.013999917260632062,0.1183212460238315,0.0,354.0,354.0,354.0,0.06827424628813898,0.019822959003798404,0.14079403042671376,0.0,354.0,354.0,354.0,0.7395822044510888,0.6644608368671225,0.8151446723540077,0.0,354.0,354.0,354.0,0.06360470834063149,0.030925017706129685,0.17585510429364762,0.0,354.0,354.0,354.0,0.06360470834063149,0.030925017706129685,0.17585510429364762,0.0,354.0,354.0,354.0,1.307891992764626,0.6407367954972765,0.5654765137660623,0.6232507553096586,0.38844150399405997,1.0370261885013703
Finland_Traffic/15T,short,vanilla_univariate,vanilla_univariate,0.8137058331631124,0.0,0.0,measured_candidate_query_loop_precomputed_vanilla_fallback_separate_retrieval,0.0,186.0,0.0,835.9955175882504,4619664.760964328,2149.3405409483926,0.0,186.0,186.0,186.0,16.53521594693584,293.19845856032543,17.12303882376973,0.0,186.0,186.0,186.0,20.303570247735237,423.76055278353095,20.585445168456545,0.0,186.0,186.0,186.0,0.26124266993014855,0.3053556122333533,0.5525899132569769,0.0,186.0,186.0,186.0,0.184825472234345,0.03172499235498736,0.17811510984469386,0.0,186.0,186.0,186.0,0.40220358603870454,0.17414767554965171,0.41731004726659976,0.0,186.0,186.0,186.0,0.231416162749924,0.33282511884705634,0.5769099746468737,0.0,186.0,186.0,186.0,0.231416162749924,0.33282511884705634,0.5769099746468737,0.0,186.0,186.0,186.0,0.7821655158923493,0.5444992622161519,0.5142179984499092,0.5335316359357817,0.2846560065443115,0.3198308751436282
Finland_Traffic/15T,short,vanilla_multivariate,vanilla_multivariate,0.7968990001827478,0.0,0.0,measured_candidate_query_loop_precomputed_vanilla_fallback_separate_retrieval,0.0,186.0,0.0,835.9955175882504,4619664.760964328,2149.3405409483926,0.0,186.0,186.0,186.0,16.53521594693584,293.19845856032543,17.12303882376973,0.0,186.0,186.0,186.0,20.303570247735237,423.76055278353095,20.585445168456545,0.0,186.0,186.0,186.0,0.26124266993014855,0.3053556122333533,0.5525899132569769,0.0,186.0,186.0,186.0,0.184825472234345,0.03172499235498736,0.17811510984469386,0.0,186.0,186.0,186.0,0.40220358603870454,0.17414767554965171,0.41731004726659976,0.0,186.0,186.0,186.0,0.231416162749924,0.33282511884705634,0.5769099746468737,0.0,186.0,186.0,186.0,0.231416162749924,0.33282511884705634,0.5769099746468737,0.0,186.0,186.0,186.0,0.7821655158923493,0.5444992622161519,0.5142179984499092,0.5335316359357817,0.2846560065443115,0.3198308751436282
Finland_Traffic/15T,short,self_augmentation,self_augmentation,2.6184300971217453,0.0,0.0,measured_candidate_query_loop_precomputed_vanilla_fallback_separate_retrieval,0.0,186.0,0.0,795.4987479242388,4375474.8228579275,2091.763567628504,0.0,186.0,186.0,186.0,16.144995884228777,288.3405243579912,16.98059257970673,0.0,186.0,186.0,186.0,19.778351509547807,404.3155594890069,20.107599545669466,0.0,186.0,186.0,186.0,0.23094797391128039,0.16051048385549851,0.4006375966575011,0.0,186.0,186.0,186.0,0.179582948204373,0.026773433276040506,0.16362589427117122,0.0,186.0,186.0,186.0,0.3925720617454577,0.17080787899708658,0.41328909857034285,0.0,186.0,186.0,186.0,0.20526379717098858,0.17646229318562517,0.4200741520084581,0.0,186.0,186.0,186.0,0.20526379717098858,0.17646229318562517,0.4200741520084581,0.0,186.0,186.0,186.0,0.7821655158923493,0.5444992622161519,0.5019040775501129,0.5283908458925521,0.27919688602304676,0.3136971725212005
Finland_Traffic/15T,short,top_k_1,top_k_1,1.697947352193296,0.04011866496875882,0.05455409409478307,measured_candidate_query_loop_precomputed_vanilla_fallback_separate_retrieval,0.0,186.0,0.0,764.0682832517366,3824874.6116762417,1955.7286651466356,0.0,186.0,186.0,186.0,15.963189566007225,266.80902513832496,16.334289857178515,0.0,186.0,186.0,186.0,19.589577872243005,380.3167220390637,19.501710746472057,0.0,186.0,186.0,186.0,0.23892309411434587,0.20238183101097657,0.449868681962833,0.0,186.0,186.0,186.0,0.178631644787908,0.02797060170039129,0.16724413801503266,0.0,186.0,186.0,186.0,0.38830952699534393,0.15853673060930257,0.3981667120808852,0.0,186.0,186.0,186.0,0.21081540918869626,0.2166093891486206,0.46541313813494845,0.0,186.0,186.0,186.0,0.21081540918869626,0.2166093891486206,0.46541313813494845,0.0,186.0,186.0,186.0,0.7821655158923493,0.5444992622161519,0.49645441930833933,0.5090568479315132,0.2591388744259678,0.29116059765452473
Finland_Traffic/15T,short,top_k_5,top_k_5,5.364013855345547,0.04011866496875882,0.05455409409478307,measured_candidate_query_loop_precomputed_vanilla_fallback_separate_retrieval,0.0,186.0,0.0,745.4578756232861,3468665.86061143,1862.43546481789,0.0,186.0,186.0,186.0,15.908257135780909,255.8968478321092,15.99677616996966,0.0,186.0,186.0,186.0,19.53555375911108,363.82001494816694,19.0740665550943,0.0,186.0,186.0,186.0,0.22784650669632348,0.15195654414957038,0.389816038856241,0.0,186.0,186.0,186.0,0.17699895394680204,0.024948669809287644,0.1579514792880638,0.0,186.0,186.0,186.0,0.3869344044250244,0.15200747166598866,0.38988135588405437,0.0,186.0,186.0,186.0,0.20036085255607258,0.16032091408211083,0.4004009416598703,0.0,186.0,186.0,186.0,0.20036085255607258,0.16032091408211083,0.4004009416598703,0.0,186.0,186.0,186.0,0.7821655158923493,0.5444992622161519,0.49469632266206787,0.49846400533172364,0.24846636461134464,0.2791692885814154
Finland_Traffic/15T,short,top_k_10,top_k_10,10.177116428036243,0.04011866496875882,0.05455409409478307,measured_candidate_query_loop_precomputed_vanilla_fallback_separate_retrieval,0.0,186.0,0.0,755.5778369490905,3897487.230728899,1974.2054682147193,0.0,186.0,186.0,186.0,15.893712384726411,263.9716369869229,16.247203974435813,0.0,186.0,186.0,186.0,19.488589592808534,375.7727126321655,19.384857818208662,0.0,186.0,186.0,186.0,0.22702712548396328,0.1477888863908867,0.384433201467936,0.0,186.0,186.0,186.0,0.17675989050353716,0.024572790797388885,0.15675710764551917,0.0,186.0,186.0,186.0,0.3865909383339503,0.15677827245317133,0.39595236134309303,0.0,186.0,186.0,186.0,0.19947450759782673,0.15697351365932447,0.3961988309666303,0.0,186.0,186.0,186.0,0.19947450759782673,0.15697351365932447,0.3961988309666303,0.0,186.0,186.0,186.0,0.7821655158923493,0.5444992622161519,0.4942572006551583,0.5062257965839402,0.2562645571270448,0.28793110171549596
Finland_Traffic/15T,short,top_k_15,top_k_15,14.646755743771791,0.04011866496875882,0.05455409409478307,measured_candidate_query_loop_precomputed_vanilla_fallback_separate_retrieval,0.0,186.0,0.0,765.0970976478675,4046716.519526529,2011.6452270533512,0.0,186.0,186.0,186.0,15.975449721018473,268.0642192012391,16.37266683229214,0.0,186.0,186.0,186.0,19.59957382352763,380.953803583958,19.51803790302596,0.0,186.0,186.0,186.0,0.22959307577852314,0.14765946556263257,0.38426483779111587,0.0,186.0,186.0,186.0,0.17796668119723846,0.02498270038886581,0.15805916736736852,0.0,186.0,186.0,186.0,0.3885754964665899,0.15916560650587427,0.39895564478507417,0.0,186.0,186.0,186.0,0.20171983385714756,0.156391344507431,0.39546345533744454,0.0,186.0,186.0,186.0,0.20171983385714756,0.156391344507431,0.39546345533744454,0.0,186.0,186.0,186.0,0.7821655158923493,0.5444992622161519,0.496794461749283,0.5100654997937586,0.26016681407985676,0.29231555954375144
Finland_Traffic/15T,short,selected_task,selected_task,,,,assembled_from_candidate_artifacts_no_independent_selected_method_latency,0.0,186.0,0.0,835.9955175882504,4619664.760964328,2149.3405409483926,0.0,186.0,186.0,186.0,16.53521594693584,293.19845856032543,17.12303882376973,0.0,186.0,186.0,186.0,20.303570247735237,423.76055278353095,20.585445168456545,0.0,186.0,186.0,186.0,0.26124266993014855,0.3053556122333533,0.5525899132569769,0.0,186.0,186.0,186.0,0.184825472234345,0.03172499235498736,0.17811510984469386,0.0,186.0,186.0,186.0,0.40220358603870454,0.17414767554965171,0.41731004726659976,0.0,186.0,186.0,186.0,0.231416162749924,0.33282511884705634,0.5769099746468737,0.0,186.0,186.0,186.0,0.231416162749924,0.33282511884705634,0.5769099746468737,0.0,186.0,186.0,186.0,0.7821655158923493,0.5444992622161519,0.5142179984499092,0.5335316359357817,0.2846560065443115,0.3198308751436282
Finland_Traffic/15T,short,selected_per_variate,selected_per_variate,,,,assembled_from_candidate_artifacts_no_independent_selected_method_latency,0.0,186.0,0.0,835.9955175882504,4619664.760964328,2149.3405409483926,0.0,186.0,186.0,186.0,16.53521594693584,293.19845856032543,17.12303882376973,0.0,186.0,186.0,186.0,20.303570247735237,423.76055278353095,20.585445168456545,0.0,186.0,186.0,186.0,0.26124266993014855,0.3053556122333533,0.5525899132569769,0.0,186.0,186.0,186.0,0.184825472234345,0.03172499235498736,0.17811510984469386,0.0,186.0,186.0,186.0,0.40220358603870454,0.17414767554965171,0.41731004726659976,0.0,186.0,186.0,186.0,0.231416162749924,0.33282511884705634,0.5769099746468737,0.0,186.0,186.0,186.0,0.231416162749924,0.33282511884705634,0.5769099746468737,0.0,186.0,186.0,186.0,0.7821655158923493,0.5444992622161519,0.5142179984499092,0.5335316359357817,0.2846560065443115,0.3198308751436282
Finland_Traffic/15T,medium,vanilla_univariate,vanilla_univariate,0.13629322312772274,0.0,0.0,measured_candidate_query_loop_precomputed_vanilla_fallback_separate_retrieval,0.0,31.0,0.0,1455.013466950967,5589239.5311951125,2364.157256020655,0.0,31.0,31.0,31.0,22.036227874858408,253.0156932413621,15.90646702575283,0.0,31.0,31.0,31.0,30.93163185080367,498.2476179973153,22.321460928830696,0.0,31.0,31.0,31.0,0.3024467653454347,0.09570360723711507,0.3093599961810109,0.0,31.0,31.0,31.0,0.2170720208253297,0.015321870704698431,0.12378154428144138,0.0,31.0,31.0,31.0,0.535810728486409,0.15019403239247248,0.3875487484078261,0.0,31.0,31.0,31.0,0.1781646694407519,0.021897605579655775,0.14797839565171592,0.0,31.0,31.0,31.0,0.1781646694407519,0.021897605579655775,0.14797839565171592,0.0,31.0,31.0,31.0,0.7819762468379376,0.17085736839439175,0.6852007725977055,0.4956016886381774,0.24562103378101288,0.8790609021074123
Finland_Traffic/15T,medium,vanilla_multivariate,vanilla_multivariate,0.13111354038119316,0.0,0.0,measured_candidate_query_loop_precomputed_vanilla_fallback_separate_retrieval,0.0,31.0,0.0,1455.013466950967,5589239.5311951125,2364.157256020655,0.0,31.0,31.0,31.0,22.036227874858408,253.0156932413621,15.90646702575283,0.0,31.0,31.0,31.0,30.93163185080367,498.2476179973153,22.321460928830696,0.0,31.0,31.0,31.0,0.3024467653454347,0.09570360723711507,0.3093599961810109,0.0,31.0,31.0,31.0,0.2170720208253297,0.015321870704698431,0.12378154428144138,0.0,31.0,31.0,31.0,0.535810728486409,0.15019403239247248,0.3875487484078261,0.0,31.0,31.0,31.0,0.1781646694407519,0.021897605579655775,0.14797839565171592,0.0,31.0,31.0,31.0,0.1781646694407519,0.021897605579655775,0.14797839565171592,0.0,31.0,31.0,31.0,0.7819762468379376,0.17085736839439175,0.6852007725977055,0.4956016886381774,0.24562103378101288,0.8790609021074123
Finland_Traffic/15T,medium,self_augmentation,self_augmentation,0.41844790801405907,0.0,0.0,measured_candidate_query_loop_precomputed_vanilla_fallback_separate_retrieval,0.0,31.0,0.0,1480.888408277705,5364564.682972798,2316.1529921343276,0.0,31.0,31.0,31.0,22.44042129926784,241.780140691068,15.549281034538799,0.0,31.0,31.0,31.0,31.638984526190267,479.8630664291974,21.90577701039608,0.0,31.0,31.0,31.0,0.27008648180175143,0.06769247765468905,0.2601777808627959,0.0,31.0,31.0,31.0,0.21407599714411396,0.013256123191067726,0.11513523870243951,0.0,31.0,31.0,31.0,0.5455901884786629,0.14336807721108272,0.37863977235768925,0.0,31.0,31.0,31.0,0.1812713383441912,0.020907118575987215,0.14459294096181602,0.0,31.0,31.0,31.0,0.1812713383441912,0.020907118575987215,0.14459294096181602,0.0,31.0,31.0,31.0,0.7819762468379376,0.17085736839439175,0.6977068557834787,0.4842087900863839,0.23445815239691972,0.8391097121439022
Finland_Traffic/15T,medium,top_k_1,top_k_1,0.27817088179290295,0.015344766899943352,0.019984782207757235,measured_candidate_query_loop_precomputed_vanilla_fallback_separate_retrieval,0.0,31.0,0.0,1422.8601857811216,4581751.248389654,2140.502569115406,0.0,31.0,31.0,31.0,22.13324510410268,219.25007068461892,14.807095281810641,0.0,31.0,31.0,31.0,31.403622861791895,436.67265693546284,20.89671402243575,0.0,31.0,31.0,31.0,0.2794944633364036,0.0687872474161835,0.2622732304604942,0.0,31.0,31.0,31.0,0.21323102323361892,0.01242147427939428,0.11145166790763734,0.0,31.0,31.0,31.0,0.5381301199632981,0.1300624991088392,0.3606417878017455,0.0,31.0,31.0,31.0,0.1779862942330664,0.01892961037901266,0.13758492060910113,0.0,31.0,31.0,31.0,0.1779862942330664,0.01892961037901266,0.13758492060910113,0.0,31.0,31.0,31.0,0.7819762468379376,0.17085736839439175,0.6881668364471741,0.46119276545811433,0.21269876691090323,0.7612343578218684
Finland_Traffic/15T,medium,top_k_5,top_k_5,0.8974225409328938,0.015344766899943352,0.019984782207757235,measured_candidate_query_loop_precomputed_vanilla_fallback_separate_retrieval,0.0,31.0,0.0,1292.3489401235584,2628558.4857051135,1621.2829752097916,0.0,31.0,31.0,31.0,21.73587957248893,162.8377222686152,12.760788465789064,0.0,31.0,31.0,31.0,31.025622192181583,329.7597077115683,18.159287092602735,0.0,31.0,31.0,31.0,0.26526308595398124,0.05498391559332275,0.2344864934134219,0.0,31.0,31.0,31.0,0.20946877547418788,0.010751573982725728,0.10368979690753438,0.0,31.0,31.0,31.0,0.5285435776798927,0.09702864591108584,0.31149421489184326,0.0,31.0,31.0,31.0,0.17499917797275943,0.014469422206298729,0.12028891140208531,0.0,31.0,31.0,31.0,0.17499917797275943,0.014469422206298729,0.12028891140208531,0.0,31.0,31.0,31.0,0.7819762468379376,0.17085736839439175,0.6759074585924498,0.39834229767390816,0.1586765861161285,0.5678926628854172
Finland_Traffic/15T,medium,top_k_10,top_k_10,1.6889081969857216,0.015344766899943352,0.019984782207757235,measured_candidate_query_loop_precomputed_vanilla_fallback_separate_retrieval,0.0,31.0,0.0,1377.5339477794876,3111608.6182739926,1763.9752317631878,0.0,31.0,31.0,31.0,22.24241883267639,183.6330071951455,13.551125679999632,0.0,31.0,31.0,31.0,31.746510299708373,369.6930315699976,19.22740314161009,0.0,31.0,31.0,31.0,0.2683220688418328,0.055979155932660396,0.23659914609452926,0.0,31.0,31.0,31.0,0.21236022594766318,0.011313588933265051,0.1063653558883956,0.0,31.0,31.0,31.0,0.5408217399913353,0.10912643459840016,0.3303429045679658,0.0,31.0,31.0,31.0,0.17893088134844637,0.015954316785351325,0.12631039856382104,0.0,31.0,31.0,31.0,0.17893088134844637,0.015954316785351325,0.12631039856382104,0.0,31.0,31.0,31.0,0.7819762468379376,0.17085736839439175,0.6916089103450979,0.42244621355669953,0.1784608033483926,0.6386990249463665
Finland_Traffic/15T,medium,top_k_15,top_k_15,2.4648025883361697,0.015344766899943352,0.019984782207757235,measured_candidate_query_loop_precomputed_vanilla_fallback_separate_retrieval,0.0,31.0,0.0,1455.0284065927956,3806504.710325957,1951.0265785800964,0.0,31.0,31.0,31.0,22.597393112797892,202.6128406835091,14.234213736048405,0.0,31.0,31.0,31.0,32.295981438830694,411.9979894954987,20.297733604900294,0.0,31.0,31.0,31.0,0.2707029286970061,0.055948861663223694,0.23653511718817502,0.0,31.0,31.0,31.0,0.2136499142214305,0.011742088511578427,0.10836091782362507,0.0,31.0,31.0,31.0,0.5494170717326188,0.12016065068197172,0.34664196324445734,0.0,31.0,31.0,31.0,0.18177108602720027,0.017268834118595804,0.1314109360692473,0.0,31.0,31.0,31.0,0.18177108602720027,0.017268834118595804,0.1314109360692473,0.0,31.0,31.0,31.0,0.7819762468379376,0.17085736839439175,0.7026007170349304,0.44328963270453137,0.19650569846331833,0.703280471958363
Finland_Traffic/15T,medium,selected_task,selected_task,,,,assembled_from_candidate_artifacts_no_independent_selected_method_latency,0.0,31.0,0.0,1455.013466950967,5589239.5311951125,2364.157256020655,0.0,31.0,31.0,31.0,22.036227874858408,253.0156932413621,15.90646702575283,0.0,31.0,31.0,31.0,30.93163185080367,498.2476179973153,22.321460928830696,0.0,31.0,31.0,31.0,0.3024467653454347,0.09570360723711507,0.3093599961810109,0.0,31.0,31.0,31.0,0.2170720208253297,0.015321870704698431,0.12378154428144138,0.0,31.0,31.0,31.0,0.535810728486409,0.15019403239247248,0.3875487484078261,0.0,31.0,31.0,31.0,0.1781646694407519,0.021897605579655775,0.14797839565171592,0.0,31.0,31.0,31.0,0.1781646694407519,0.021897605579655775,0.14797839565171592,0.0,31.0,31.0,31.0,0.7819762468379376,0.17085736839439175,0.6852007725977055,0.4956016886381774,0.24562103378101288,0.8790609021074123
Finland_Traffic/15T,medium,selected_per_variate,selected_per_variate,,,,assembled_from_candidate_artifacts_no_independent_selected_method_latency,0.0,31.0,0.0,1455.013466950967,5589239.5311951125,2364.157256020655,0.0,31.0,31.0,31.0,22.036227874858408,253.0156932413621,15.90646702575283,0.0,31.0,31.0,31.0,30.93163185080367,498.2476179973153,22.321460928830696,0.0,31.0,31.0,31.0,0.3024467653454347,0.09570360723711507,0.3093599961810109,0.0,31.0,31.0,31.0,0.2170720208253297,0.015321870704698431,0.12378154428144138,0.0,31.0,31.0,31.0,0.535810728486409,0.15019403239247248,0.3875487484078261,0.0,31.0,31.0,31.0,0.1781646694407519,0.021897605579655775,0.14797839565171592,0.0,31.0,31.0,31.0,0.1781646694407519,0.021897605579655775,0.14797839565171592,0.0,31.0,31.0,31.0,0.7819762468379376,0.17085736839439175,0.6852007725977055,0.4956016886381774,0.24562103378101288,0.8790609021074123
Finland_Traffic/15T,long,vanilla_univariate,vanilla_univariate,0.026097299996763468,0.0,0.0,measured_candidate_query_loop_precomputed_vanilla_fallback_separate_retrieval,0.0,4.0,0.0,1830.3234995740288,2685388.800088611,1638.715594631543,0.0,4.0,4.0,4.0,24.423499212378545,136.14426465342729,11.668087446253875,0.0,4.0,4.0,4.0,38.66784972988518,335.1208968410477,18.306307569825425,0.0,4.0,4.0,4.0,0.3722354115602905,0.0762653323508157,0.27616178655059376,0.0,4.0,4.0,4.0,0.23293730070743984,0.01039853474288423,0.10197320600473553,0.0,4.0,4.0,4.0,0.592638224850232,0.08176974491536582,0.2859540958184824,0.0,4.0,4.0,4.0,0.18906701311483226,0.009568008132146541,0.09781619565361628,0.0,4.0,4.0,4.0,0.18906701311483226,0.009568008132146541,0.09781619565361628,0.0,4.0,4.0,4.0,0.9356216079721509,0.018781384922048106,0.6334165647741988,0.30563006816212174,0.09340973856478317,4.353765457379745
Finland_Traffic/15T,long,vanilla_multivariate,vanilla_multivariate,0.026116326916962862,0.0,0.0,measured_candidate_query_loop_precomputed_vanilla_fallback_separate_retrieval,0.0,4.0,0.0,1830.3234995740288,2685388.800088611,1638.715594631543,0.0,4.0,4.0,4.0,24.423499212378545,136.14426465342729,11.668087446253875,0.0,4.0,4.0,4.0,38.66784972988518,335.1208968410477,18.306307569825425,0.0,4.0,4.0,4.0,0.3722354115602905,0.0762653323508157,0.27616178655059376,0.0,4.0,4.0,4.0,0.23293730070743984,0.01039853474288423,0.10197320600473553,0.0,4.0,4.0,4.0,0.592638224850232,0.08176974491536582,0.2859540958184824,0.0,4.0,4.0,4.0,0.18906701311483226,0.009568008132146541,0.09781619565361628,0.0,4.0,4.0,4.0,0.18906701311483226,0.009568008132146541,0.09781619565361628,0.0,4.0,4.0,4.0,0.9356216079721509,0.018781384922048106,0.6334165647741988,0.30563006816212174,0.09340973856478317,4.353765457379745
Finland_Traffic/15T,long,self_augmentation,self_augmentation,0.06423397827893496,0.0,0.0,measured_candidate_query_loop_precomputed_vanilla_fallback_separate_retrieval,0.0,4.0,0.0,1841.1947502707435,2469822.6359101697,1571.566936503237,0.0,4.0,4.0,4.0,24.7487123580206,124.60275056727534,11.162560215616995,0.0,4.0,4.0,4.0,39.301258477336475,296.60583236833133,17.222248179849554,0.0,4.0,4.0,4.0,0.366887440091119,0.07506950199970676,0.2739881420786432,0.0,4.0,4.0,4.0,0.23335070524042162,0.00965078913743224,0.09823843004360483,0.0,4.0,4.0,4.0,0.6005053677431335,0.07493979604500024,0.27375133980494093,0.0,4.0,4.0,4.0,0.19146521576749942,0.008838787765294924,0.0940148273693832,0.0,4.0,4.0,4.0,0.19146521576749942,0.008838787765294924,0.0940148273693832,0.0,4.0,4.0,4.0,0.9356216079721509,0.018781384922048106,0.6418250312160466,0.2925876630813012,0.08560754058737702,3.9901102264841963
Finland_Traffic/15T,long,top_k_1,top_k_1,0.04374148417264223,0.011915774084627628,0.009274169337004423,measured_candidate_query_loop_precomputed_vanilla_fallback_separate_retrieval,0.0,4.0,0.0,1768.841973216469,2863861.263101505,1692.294673838308,0.0,4.0,4.0,4.0,23.795405087016878,150.71847123473285,12.276745140090384,0.0,4.0,4.0,4.0,37.44340195865955,366.8336229787191,19.152901163497898,0.0,4.0,4.0,4.0,0.3675869708030097,0.07796521074571525,0.27922251117292685,0.0,4.0,4.0,4.0,0.22824447983109453,0.011179213990473504,0.10573180217169054,0.0,4.0,4.0,4.0,0.5774845351638035,0.09044901214993434,0.3007474225158619,0.0,4.0,4.0,4.0,0.1844609751547271,0.010519436386207844,0.10256430366461737,0.0,4.0,4.0,4.0,0.1844609751547271,0.010519436386207844,0.10256430366461737,0.0,4.0,4.0,4.0,0.9356216079721509,0.018781384922048106,0.6172201777334246,0.32144129630320994,0.103324506969088,4.815886183332155
Finland_Traffic/15T,long,top_k_5,top_k_5,0.11969619197770953,0.011915774084627628,0.009274169337004423,measured_candidate_query_loop_precomputed_vanilla_fallback_separate_retrieval,0.0,4.0,0.0,1868.1696977400256,2586399.203712374,1608.2285918713092,0.0,4.0,4.0,4.0,24.907079926558907,132.52639855026476,11.51201105586095,0.0,4.0,4.0,4.0,39.44439942836495,312.3090514756286,17.67226786452799,0.0,4.0,4.0,4.0,0.3709648541240618,0.07705357956305385,0.27758526539255257,0.0,4.0,4.0,4.0,0.23539190603956783,0.010304358683899478,0.10151038707393188,0.0,4.0,4.0,4.0,0.6043957606330472,0.0797139741214431,0.2823366326239709,0.0,4.0,4.0,4.0,0.1927328048711517,0.00937954848628712,0.09684806908910017,0.0,4.0,4.0,4.0,0.1927328048711517,0.00937954848628712,0.09684806908910017,0.0,4.0,4.0,4.0,0.9356216079721509,0.018781384922048106,0.6459831148438347,0.3017636940171809,0.09106132702689475,4.2443075658315355
Finland_Traffic/15T,long,top_k_10,top_k_10,0.20856796437874436,0.011915774084627628,0.009274169337004423,measured_candidate_query_loop_precomputed_vanilla_fallback_separate_retrieval,0.0,4.0,0.0,1907.8366599416995,2420741.5380332787,1555.8732397060112,0.0,4.0,4.0,4.0,25.1132279861541,126.85064438211379,11.26279913618785,0.0,4.0,4.0,4.0,40.07847196783046,301.55274466552754,17.365274102804353,0.0,4.0,4.0,4.0,0.3715941771579935,0.07588101118367413,0.27546508160504507,0.0,4.0,4.0,4.0,0.23678752072177567,0.00997588584339167,0.09987935644261865,0.0,4.0,4.0,4.0,0.6093444878766285,0.0762931546470508,0.27621215513994096,0.0,4.0,4.0,4.0,0.194177547942471,0.008972299733713846,0.0947222240749965,0.0,4.0,4.0,4.0,0.194177547942471,0.008972299733713846,0.0947222240749965,0.0,4.0,4.0,4.0,0.9356216079721509,0.018781384922048106,0.6512723548543419,0.2952178025672132,0.08715355095261404,4.062168735889529
Finland_Traffic/15T,long,top_k_15,top_k_15,0.30040637170895934,0.011915774084627628,0.009274169337004423,measured_candidate_query_loop_precomputed_vanilla_fallback_separate_retrieval,0.0,4.0,0.0,1913.4286347100683,2371611.8818076127,1540.0038577249125,0.0,4.0,4.0,4.0,25.213635396389737,124.52106883509879,11.158900879347337,0.0,4.0,4.0,4.0,40.238337684694216,294.3048150825852,17.155314485097183,0.0,4.0,4.0,4.0,0.3719125892887286,0.07618753819682483,0.2760209017390256,0.0,4.0,4.0,4.0,0.23687961044409261,0.00992769488036112,0.09963781852470034,0.0,4.0,4.0,4.0,0.6117736445001493,0.07491066959534595,0.2736981359003856,0.0,4.0,4.0,4.0,0.19492355172775783,0.008821787174563885,0.09392436943926685,0.0,4.0,4.0,4.0,0.19492355172775783,0.008821787174563885,0.09392436943926685,0.0,4.0,4.0,4.0,0.9356216079721509,0.018781384922048106,0.6538686572514034,0.2925307983144959,0.08557426796251627,3.988559411686716
Finland_Traffic/15T,long,selected_task,selected_task,,,,assembled_from_candidate_artifacts_no_independent_selected_method_latency,0.0,4.0,0.0,1830.3234995740288,2685388.800088611,1638.715594631543,0.0,4.0,4.0,4.0,24.423499212378545,136.14426465342729,11.668087446253875,0.0,4.0,4.0,4.0,38.66784972988518,335.1208968410477,18.306307569825425,0.0,4.0,4.0,4.0,0.3722354115602905,0.0762653323508157,0.27616178655059376,0.0,4.0,4.0,4.0,0.23293730070743984,0.01039853474288423,0.10197320600473553,0.0,4.0,4.0,4.0,0.592638224850232,0.08176974491536582,0.2859540958184824,0.0,4.0,4.0,4.0,0.18906701311483226,0.009568008132146541,0.09781619565361628,0.0,4.0,4.0,4.0,0.18906701311483226,0.009568008132146541,0.09781619565361628,0.0,4.0,4.0,4.0,0.9356216079721509,0.018781384922048106,0.6334165647741988,0.30563006816212174,0.09340973856478317,4.353765457379745
Finland_Traffic/15T,long,selected_per_variate,selected_per_variate,,,,assembled_from_candidate_artifacts_no_independent_selected_method_latency,0.0,4.0,0.0,1830.3234995740288,2685388.800088611,1638.715594631543,0.0,4.0,4.0,4.0,24.423499212378545,136.14426465342729,11.668087446253875,0.0,4.0,4.0,4.0,38.66784972988518,335.1208968410477,18.306307569825425,0.0,4.0,4.0,4.0,0.3722354115602905,0.0762653323508157,0.27616178655059376,0.0,4.0,4.0,4.0,0.23293730070743984,0.01039853474288423,0.10197320600473553,0.0,4.0,4.0,4.0,0.592638224850232,0.08176974491536582,0.2859540958184824,0.0,4.0,4.0,4.0,0.18906701311483226,0.009568008132146541,0.09781619565361628,0.0,4.0,4.0,4.0,0.18906701311483226,0.009568008132146541,0.09781619565361628,0.0,4.0,4.0,4.0,0.9356216079721509,0.018781384922048106,0.6334165647741988,0.30563006816212174,0.09340973856478317,4.353765457379745
Port_Activity/D,short,vanilla_univariate,vanilla_univariate,3.012093849014491,0.0,0.0,measured_candidate_query_loop_precomputed_vanilla_fallback_separate_retrieval,0.0,2376.0,0.0,949152198.7170815,5.54736743433423e+18,2355285000.6600537,0.0,2376.0,2376.0,2376.0,15412.239789617188,297576333.5837538,17250.400968781967,0.0,2376.0,2376.0,2376.0,21205.548863153712,499476896.129482,22348.979755896733,0.0,2376.0,2376.0,2376.0,2.735598523560908,88.78200443752164,9.422420306774775,0.0,2376.0,2376.0,2376.0,0.9460094728094527,0.15585846929156574,0.3947891453568167,0.0,2376.0,2376.0,2376.0,0.6583469204075546,0.05304420918341465,0.2303132848608926,0.0,2376.0,2376.0,2376.0,0.7443422687280103,0.0982853333064581,0.31350491751559195,0.0,2376.0,2376.0,2376.0,0.7443422687280103,0.0982853333064581,0.31350491751559195,0.0,2376.0,2376.0,2376.0,0.9536286637709488,0.36546784286960077,0.690359828116159,0.24151254425402982,0.05832830903205471,0.1451405649452471
Port_Activity/D,short,vanilla_multivariate,vanilla_multivariate,2.884982652030885,0.0,0.0,measured_candidate_query_loop_precomputed_vanilla_fallback_separate_retrieval,0.0,2376.0,0.0,951613735.8937103,5.599403112754388e+18,2366305794.4302945,0.0,2376.0,2376.0,2376.0,15421.208763106604,297284094.95510536,17241.92840012698,0.0,2376.0,2376.0,2376.0,21228.55055328153,500962377.3004806,22382.188840693856,0.0,2376.0,2376.0,2376.0,2.726028587602909,87.57727163420168,9.358272898040624,0.0,2376.0,2376.0,2376.0,0.9453468744298597,0.15371859647220995,0.3920696321729215,0.0,2376.0,2376.0,2376.0,0.6587580452588357,0.05315353430639027,0.23055050272421934,0.0,2376.0,2376.0,2376.0,0.747451518131193,0.13256650723132934,0.3640968377112459,0.0,2376.0,2376.0,2376.0,0.747451518131193,0.13256650723132934,0.3640968377112459,0.0,2376.0,2376.0,2376.0,0.9536286637709488,0.36546784286960077,0.6907909444058639,0.24176129712014935,0.05844852478521713,0.1454397024072936
Port_Activity/D,short,self_augmentation,self_augmentation,9.134814667981118,0.0,0.0,measured_candidate_query_loop_precomputed_vanilla_fallback_separate_retrieval,0.0,2376.0,0.0,949041072.5464648,5.529029446415531e+18,2351388833.522761,0.0,2376.0,2376.0,2376.0,15415.363981229815,297877640.31303483,17259.132084581623,0.0,2376.0,2376.0,2376.0,21210.575948473837,499152540.48048794,22341.721967665966,0.0,2376.0,2376.0,2376.0,2.7580389153078917,88.18782278889945,9.390837171887258,0.0,2376.0,2376.0,2376.0,0.9480360967245192,0.16035150608414714,0.4004391415485593,0.0,2376.0,2376.0,2376.0,0.6584589587755894,0.052968462607306456,0.23014878363203758,0.0,2376.0,2376.0,2376.0,0.7389141906744975,0.06235992635992716,0.24971969557871715,0.0,2376.0,2376.0,2376.0,0.7389141906744975,0.06235992635992716,0.24971969557871715,0.0,2376.0,2376.0,2376.0,0.9536286637709488,0.36546784286960077,0.6904773144840621,0.2413400439558482,0.058245016816610755,0.14493330573602792
Port_Activity/D,short,top_k_1,top_k_1,6.7233170149847865,14.565644330810755,1.3312490009702742,measured_candidate_query_loop_precomputed_vanilla_fallback_separate_retrieval,0.0,2376.0,0.0,955932503.2016544,5.687862748451186e+18,2384924055.069927,0.0,2376.0,2376.0,2376.0,15545.411229527552,302179884.96569324,17383.32203480374,0.0,2376.0,2376.0,2376.0,21235.991871042403,504965152.4546753,22471.429693160942,0.0,2376.0,2376.0,2376.0,2.985044902038362,115.81071468425338,10.761538676427891,0.0,2376.0,2376.0,2376.0,0.9409638230488135,0.1493031423864828,0.38639764800847687,0.0,2376.0,2376.0,2376.0,0.6643617496775674,0.05392481983216594,0.23221718246539366,0.0,2376.0,2376.0,2376.0,0.7503638798092499,0.08880492532080023,0.29800155254763394,0.0,2376.0,2376.0,2376.0,0.7503638798092499,0.08880492532080023,0.29800155254763394,0.0,2376.0,2376.0,2376.0,0.9536286637709488,0.36546784286960077,0.6966671356652299,0.24350902116043116,0.05929664338651131,0.1475501084001154
Port_Activity/D,short,top_k_5,top_k_5,19.33340864814818,14.565644330810755,1.3312490009702742,measured_candidate_query_loop_precomputed_vanilla_fallback_separate_retrieval,0.0,2376.0,0.0,949300451.854844,5.629786221068966e+18,2372717054.574558,0.0,2376.0,2376.0,2376.0,15559.83219587362,304596349.69314903,17452.688895787636,0.0,2376.0,2376.0,2376.0,21135.611218820475,502586390.2617139,22418.43862229736,0.0,2376.0,2376.0,2376.0,3.1165792677353648,114.89883175846525,10.719087263310493,0.0,2376.0,2376.0,2376.0,0.9320388919229685,0.14238431799754353,0.3773384660984665,0.0,2376.0,2376.0,2376.0,0.6643447144085496,0.052771129927959216,0.22971967684105604,0.0,2376.0,2376.0,2376.0,0.7513538939664854,0.08177892584674132,0.28597014852382985,0.0,2376.0,2376.0,2376.0,0.7513538939664854,0.08177892584674132,0.28597014852382985,0.0,2376.0,2376.0,2376.0,0.9536286637709488,0.36546784286960077,0.6966492720358476,0.24089007133308254,0.05802802646685759,0.14439336033947042
Port_Activity/D,short,top_k_10,top_k_10,36.903546686749905,14.565644330810755,1.3312490009702742,measured_candidate_query_loop_precomputed_vanilla_fallback_separate_retrieval,0.0,2376.0,0.0,942181780.5655543,5.556610645547863e+18,2357246411.71598,0.0,2376.0,2376.0,2376.0,15517.753036677119,301727659.56223303,17370.309714056137,0.0,2376.0,2376.0,2376.0,21061.275307604756,498604462.9828325,22329.45281422795,0.0,2376.0,2376.0,2376.0,3.117297921930023,112.82801252572825,10.62205312195944,0.0,2376.0,2376.0,2376.0,0.9285111440619593,0.14056604399423403,0.37492138375162604,0.0,2376.0,2376.0,2376.0,0.6628219078596687,0.05215990374113452,0.22838542804026382,0.0,2376.0,2376.0,2376.0,0.7497729235961105,0.07805191250250793,0.2793777237048579,0.0,2376.0,2376.0,2376.0,0.7497729235961105,0.07805191250250793,0.2793777237048579,0.0,2376.0,2376.0,2376.0,0.9536286637709488,0.36546784286960077,0.6950524171941954,0.23949094308591326,0.05735591182018015,0.1427209117266857
Port_Activity/D,short,top_k_15,top_k_15,53.49921502592042,14.565644330810755,1.3312490009702742,measured_candidate_query_loop_precomputed_vanilla_fallback_separate_retrieval,0.0,2376.0,0.0,940023425.9870862,5.538660964270834e+18,2353435991.114021,0.0,2376.0,2376.0,2376.0,15496.088229178304,300548207.6984854,17336.326245732842,0.0,2376.0,2376.0,2376.0,21033.274060451655,497624808.2850177,22307.505649108727,0.0,2376.0,2376.0,2376.0,3.115951601248887,111.47111836370222,10.557988367283903,0.0,2376.0,2376.0,2376.0,0.9269726034973416,0.13978000465679088,0.37387164195321215,0.0,2376.0,2376.0,2376.0,0.6620355062086998,0.051917083291268304,0.2278532055760206,0.0,2376.0,2376.0,2376.0,0.7488312343110985,0.07590218716570243,0.27550351570479537,0.0,2376.0,2376.0,2376.0,0.7488312343110985,0.07590218716570243,0.27550351570479537,0.0,2376.0,2376.0,2376.0,0.9536286637709488,0.36546784286960077,0.6942277758208341,0.23893284066674034,0.05708890234907792,0.14205650183508037
Port_Activity/D,short,selected_task,selected_task,,,,assembled_from_candidate_artifacts_no_independent_selected_method_latency,0.0,2376.0,0.0,940023425.9870862,5.538660964270834e+18,2353435991.114021,0.0,2376.0,2376.0,2376.0,15496.088229178304,300548207.6984854,17336.326245732842,0.0,2376.0,2376.0,2376.0,21033.274060451655,497624808.2850177,22307.505649108727,0.0,2376.0,2376.0,2376.0,3.115951601248887,111.47111836370222,10.557988367283903,0.0,2376.0,2376.0,2376.0,0.9269726034973416,0.13978000465679088,0.37387164195321215,0.0,2376.0,2376.0,2376.0,0.6620355062086998,0.051917083291268304,0.2278532055760206,0.0,2376.0,2376.0,2376.0,0.7488312343110985,0.07590218716570243,0.27550351570479537,0.0,2376.0,2376.0,2376.0,0.7488312343110985,0.07590218716570243,0.27550351570479537,0.0,2376.0,2376.0,2376.0,0.9536286637709488,0.36546784286960077,0.6942277758208341,0.23893284066674034,0.05708890234907792,0.14205650183508037
Port_Activity/D,short,selected_per_variate,selected_per_variate,,,,assembled_from_candidate_artifacts_no_independent_selected_method_latency,0.0,2376.0,0.0,939581763.4354974,5.510555344162158e+18,2347457208.164221,0.0,2376.0,2376.0,2376.0,15470.994158857618,297792125.77082276,17256.654535883332,0.0,2376.0,2376.0,2376.0,21056.325479340652,496212920.74356705,22275.83715023,0.0,2376.0,2376.0,2376.0,3.0931198831026756,111.56276346733377,10.562327559176234,0.0,2376.0,2376.0,2376.0,0.9302164567981052,0.14127405809498098,0.3758644145100477,0.0,2376.0,2376.0,2376.0,0.6620157188858875,0.05227213751924141,0.22863100734423888,0.0,2376.0,2376.0,2376.0,0.7544026824980196,0.13762749897573395,0.37098180410329284,0.0,2376.0,2376.0,2376.0,0.7544026824980196,0.13762749897573395,0.37098180410329284,0.0,2376.0,2376.0,2376.0,0.9536286637709488,0.36546784286960077,0.6942070263157447,0.23974846397774968,0.057479325979690334,0.1430280079057247
Port_Activity/W,short,vanilla_univariate,vanilla_univariate,0.37313197273761034,0.0,0.0,measured_candidate_query_loop_precomputed_vanilla_fallback_separate_retrieval,0.0,792.0,0.0,5957653682.046382,2.155484184057719e+20,14681567300.72685,0.0,792.0,792.0,792.0,43832.3427231825,2091557405.980637,45733.54792688445,0.0,792.0,792.0,792.0,53649.411018542436,3079394379.4098787,55492.291171025536,0.0,792.0,792.0,792.0,0.6273764359557795,1.8166104575248878,1.3478169228515005,0.0,792.0,792.0,792.0,0.3413357647852143,0.03623684395737281,0.19035977505075174,0.0,792.0,792.0,792.0,0.7792197527237514,0.10257008422228216,0.3202656463348546,0.0,792.0,792.0,792.0,0.33705066284327156,0.04689953457075792,0.2165630036981338,0.0,792.0,792.0,792.0,0.33705066284327156,0.04689953457075792,0.2165630036981338,0.0,792.0,792.0,792.0,0.9755398949343401,0.21474218187417846,0.7987574437190985,0.3282957959975696,0.10777812966967781,0.4776429266346
Port_Activity/W,short,vanilla_multivariate,vanilla_multivariate,0.21661417977884412,0.0,0.0,measured_candidate_query_loop_precomputed_vanilla_fallback_separate_retrieval,0.0,792.0,0.0,5925837158.641648,2.1280879345213905e+20,14587967420.176775,0.0,792.0,792.0,792.0,43773.52984542373,2062031581.660014,45409.59790242602,0.0,792.0,792.0,792.0,53543.86036795323,3058892175.538776,55307.25246781633,0.0,792.0,792.0,792.0,0.6257249757609311,1.7060797361416646,1.306169872620581,0.0,792.0,792.0,792.0,0.3408174989801294,0.03533520745270995,0.18797661411119723,0.0,792.0,792.0,792.0,0.7793327784780533,0.09907103089174511,0.3147555097083212,0.0,792.0,792.0,792.0,0.33496062541715826,0.03423567334841582,0.18502884463892602,0.0,792.0,792.0,792.0,0.33496062541715826,0.03423567334841582,0.18502884463892602,0.0,792.0,792.0,792.0,0.9755398949343401,0.21474218187417846,0.7988733034137032,0.32264750149403804,0.1041014102203453,0.461348720717538
Port_Activity/W,short,self_augmentation,self_augmentation,0.5930269900709391,0.0,0.0,measured_candidate_query_loop_precomputed_vanilla_fallback_separate_retrieval,0.0,792.0,0.0,5894971513.295368,2.1076978377419053e+20,14517912514.34553,0.0,792.0,792.0,792.0,43542.122345115946,2043935227.2438748,45209.90187164616,0.0,792.0,792.0,792.0,53447.58506821262,3038327163.671544,55121.022883030244,0.0,792.0,792.0,792.0,0.6254905908157149,1.799577939817279,1.341483484735194,0.0,792.0,792.0,792.0,0.3392014345365658,0.033127889429083845,0.18201068493108816,0.0,792.0,792.0,792.0,0.7772266828223631,0.09983820413556532,0.3159718407319952,0.0,792.0,792.0,792.0,0.33481323256264833,0.041717351653314694,0.20424825985382272,0.0,792.0,792.0,792.0,0.33481323256264833,0.041717351653314694,0.20424825985382272,0.0,792.0,792.0,792.0,0.9755398949343401,0.21474218187417846,0.7967144007725847,0.3238943300758213,0.10490753705526507,0.4649212523791084
Port_Activity/W,short,top_k_1,top_k_1,0.6217881017364562,0.7761396621353924,0.16468940116465092,measured_candidate_query_loop_precomputed_vanilla_fallback_separate_retrieval,0.0,792.0,0.0,5931747906.501778,2.0926208170987913e+20,14465893740.446152,0.0,792.0,792.0,792.0,43805.2282402584,2069301942.1242936,45489.580588573175,0.0,792.0,792.0,792.0,53641.82726675519,3054302273.9853797,55265.74231823345,0.0,792.0,792.0,792.0,0.6318789471551904,1.8313858259060114,1.3532870449043732,0.0,792.0,792.0,792.0,0.33996048787710814,0.03328594466204136,0.18244436045556836,0.0,792.0,792.0,792.0,0.7794157342722943,0.10118551640103264,0.3180967091955411,0.0,792.0,792.0,792.0,0.33752209871072486,0.048833323347799946,0.22098263132608398,0.0,792.0,792.0,792.0,0.33752209871072486,0.048833323347799946,0.22098263132608398,0.0,792.0,792.0,792.0,0.9755398949343401,0.21474218187417846,0.7989583391920161,0.32607247622297497,0.10632325975018256,0.47119534465901614
Port_Activity/W,short,top_k_5,top_k_5,1.4433616241440177,0.7761396621353924,0.16468940116465092,measured_candidate_query_loop_precomputed_vanilla_fallback_separate_retrieval,0.0,792.0,0.0,5936430270.308881,2.0979006192319922e+20,14484131383.110249,0.0,792.0,792.0,792.0,43741.197676334814,2072558928.5999894,45525.36577118288,0.0,792.0,792.0,792.0,53564.56759972983,3067267368.1628547,55382.91585103528,0.0,792.0,792.0,792.0,0.640656559883874,1.9733768138622758,1.404769309837838,0.0,792.0,792.0,792.0,0.3391630192956119,0.03339532855393945,0.18274388787026352,0.0,792.0,792.0,792.0,0.7777442118651299,0.10090159446135949,0.3176501132714413,0.0,792.0,792.0,792.0,0.3375472645972176,0.05081854637429458,0.22542969275207422,0.0,792.0,792.0,792.0,0.3375472645972176,0.05081854637429458,0.22542969275207422,0.0,792.0,792.0,792.0,0.9755398949343401,0.21474218187417846,0.7972449060296779,0.32561468261922916,0.10602492153722132,0.4698731920330383
Port_Activity/W,short,top_k_10,top_k_10,2.442661968059838,0.7761396621353924,0.16468940116465092,measured_candidate_query_loop_precomputed_vanilla_fallback_separate_retrieval,0.0,792.0,0.0,5883339456.926938,2.054937274653176e+20,14335052405.391394,0.0,792.0,792.0,792.0,43611.79391401242,2047449412.8780048,45248.750401287376,0.0,792.0,792.0,792.0,53396.02507545581,3032203963.0682335,55065.45162865945,0.0,792.0,792.0,792.0,0.6433842385391679,1.9986679000674346,1.4137425154770704,0.0,792.0,792.0,792.0,0.33887008189418005,0.03345394254210891,0.18290418951491763,0.0,792.0,792.0,792.0,0.7762747548965632,0.09910402375951759,0.31480791565574967,0.0,792.0,792.0,792.0,0.33751443068873793,0.05061883052955736,0.22498628964796358,0.0,792.0,792.0,792.0,0.33751443068873793,0.05061883052955736,0.22498628964796358,0.0,792.0,792.0,792.0,0.9755398949343401,0.21474218187417846,0.7957386047741403,0.3227012214369133,0.10413607831687577,0.46150236015383567
Port_Activity/W,short,top_k_15,top_k_15,3.2945331470109522,0.7761396621353924,0.16468940116465092,measured_candidate_query_loop_precomputed_vanilla_fallback_separate_retrieval,0.0,792.0,0.0,5882958931.245929,2.0652096216699204e+20,14370837211.762997,0.0,792.0,792.0,792.0,43597.13235929204,2052631861.1809359,45305.98041297568,0.0,792.0,792.0,792.0,53364.24781023708,3035215986.8935356,55092.79432823802,0.0,792.0,792.0,792.0,0.645006427347324,2.014444775857514,1.4193113738209504,0.0,792.0,792.0,792.0,0.33871202998356004,0.03353935271624848,0.18313752405295994,0.0,792.0,792.0,792.0,0.7757414898034551,0.09879327993260226,0.3143139830370298,0.0,792.0,792.0,792.0,0.33759492361739907,0.05132399912493375,0.22654800622590734,0.0,792.0,792.0,792.0,0.33759492361739907,0.05132399912493375,0.22654800622590734,0.0,792.0,792.0,792.0,0.9755398949343401,0.21474218187417846,0.7951919689103718,0.32219490424651986,0.10380955632242413,0.4600553047863094
Port_Activity/W,short,selected_task,selected_task,,,,assembled_from_candidate_artifacts_no_independent_selected_method_latency,0.0,792.0,0.0,5925837158.641648,2.1280879345213905e+20,14587967420.176775,0.0,792.0,792.0,792.0,43773.52984542373,2062031581.660014,45409.59790242602,0.0,792.0,792.0,792.0,53543.86036795323,3058892175.538776,55307.25246781633,0.0,792.0,792.0,792.0,0.6257249757609311,1.7060797361416646,1.306169872620581,0.0,792.0,792.0,792.0,0.3408174989801294,0.03533520745270995,0.18797661411119723,0.0,792.0,792.0,792.0,0.7793327784780533,0.09907103089174511,0.3147555097083212,0.0,792.0,792.0,792.0,0.33496062541715826,0.03423567334841582,0.18502884463892602,0.0,792.0,792.0,792.0,0.33496062541715826,0.03423567334841582,0.18502884463892602,0.0,792.0,792.0,792.0,0.9755398949343401,0.21474218187417846,0.7988733034137032,0.32264750149403804,0.1041014102203453,0.461348720717538
Port_Activity/W,short,selected_per_variate,selected_per_variate,,,,assembled_from_candidate_artifacts_no_independent_selected_method_latency,0.0,792.0,0.0,5980688343.282611,2.273488741659427e+20,15078092524.12064,0.0,792.0,792.0,792.0,43733.35048398995,2103214894.5204036,45860.82090979624,0.0,792.0,792.0,792.0,53556.33749363844,3112407057.5501094,55788.951034681675,0.0,792.0,792.0,792.0,0.626824983755644,1.8250120404817305,1.3509300649855012,0.0,792.0,792.0,792.0,0.3397083628289978,0.03510395700810992,0.18736050012772149,0.0,792.0,792.0,792.0,0.7766908156187629,0.1022678167461882,0.3197933969709009,0.0,792.0,792.0,792.0,0.3330232535561904,0.033508310128849375,0.18305275231159288,0.0,792.0,792.0,792.0,0.3330232535561904,0.033508310128849375,0.18305275231159288,0.0,792.0,792.0,792.0,0.9755398949343401,0.21474218187417846,0.7961650975545587,0.3278117057349305,0.10746051441684465,0.47623534348788943
ECDC_COVID/D,short,vanilla_univariate,vanilla_univariate,0.039955532643944025,0.0,0.0,measured_candidate_query_loop_precomputed_vanilla_fallback_separate_retrieval,0.0,45.0,0.0,50053.23146680869,9739719116.147102,98690.01528091432,0.0,45.0,45.0,45.0,122.22056964309128,21600.753332608612,146.97194743422506,0.0,45.0,45.0,45.0,143.29367443144497,29520.154334743744,171.81430189231554,0.0,45.0,45.0,45.0,0.5302899882462946,0.6188673554051178,0.7866812285831649,0.0,45.0,45.0,45.0,0.3390622127980602,0.07244067711689472,0.2691480579846244,0.0,45.0,45.0,45.0,3.251070446576679,7.726188262284575,2.77960217698227,0.0,45.0,45.0,45.0,0.4029230196850213,0.3007366167811176,0.5483945812835113,0.0,45.0,45.0,45.0,0.4029230196850213,0.3007366167811176,0.5483945812835113,0.0,45.0,45.0,45.0,3.5426548068444346,9.46457225161981,0.9176932622099075,0.7846099404356469,0.6156127586304294,0.8163272525033849
ECDC_COVID/D,short,vanilla_multivariate,vanilla_multivariate,0.04060333361849189,0.0,0.0,measured_candidate_query_loop_precomputed_vanilla_fallback_separate_retrieval,0.0,45.0,0.0,50053.23146680869,9739719116.147102,98690.01528091432,0.0,45.0,45.0,45.0,122.22056964309128,21600.753332608612,146.97194743422506,0.0,45.0,45.0,45.0,143.29367443144497,29520.154334743744,171.81430189231554,0.0,45.0,45.0,45.0,0.5302899882462946,0.6188673554051178,0.7866812285831649,0.0,45.0,45.0,45.0,0.3390622127980602,0.07244067711689472,0.2691480579846244,0.0,45.0,45.0,45.0,3.251070446576679,7.726188262284575,2.77960217698227,0.0,45.0,45.0,45.0,0.4029230196850213,0.3007366167811176,0.5483945812835113,0.0,45.0,45.0,45.0,0.4029230196850213,0.3007366167811176,0.5483945812835113,0.0,45.0,45.0,45.0,3.5426548068444346,9.46457225161981,0.9176932622099075,0.7846099404356469,0.6156127586304294,0.8163272525033849
ECDC_COVID/D,short,self_augmentation,self_augmentation,0.0957515062764287,0.0,0.0,measured_candidate_query_loop_precomputed_vanilla_fallback_separate_retrieval,0.0,45.0,0.0,57456.853789709356,13160260217.671438,114718.17736379635,0.0,45.0,45.0,45.0,129.12488598152444,25083.675215295334,158.37826623402384,0.0,45.0,45.0,45.0,152.0286243225516,34344.151176301835,185.32175041344132,0.0,45.0,45.0,45.0,0.509298791593761,0.5162185721507992,0.7184835225325625,0.0,45.0,45.0,45.0,0.3373185497809924,0.07266781894024442,0.26956969217670673,0.0,45.0,45.0,45.0,3.212533096812959,7.450861984584913,2.7296267115825406,0.0,45.0,45.0,45.0,0.3838144562152298,0.22253724511270387,0.47173853469130955,0.0,45.0,45.0,45.0,0.3838144562152298,0.22253724511270387,0.47173853469130955,0.0,45.0,45.0,45.0,3.5426548068444346,9.46457225161981,0.9068151631952179,0.7705031566465019,0.5936751144022239,0.7872370548293652
ECDC_COVID/D,short,top_k_1,top_k_1,0.07134767482057214,0.02344336500391364,0.04259818885475397,measured_candidate_query_loop_precomputed_vanilla_fallback_separate_retrieval,5.0,45.0,0.1111111111111111,81451.77958135006,48652754842.90902,220573.6948117545,0.0,45.0,45.0,45.0,140.57624275207522,36621.48636233925,191.3674119654108,0.0,45.0,45.0,45.0,168.24988152035692,53143.75694973591,230.529297378307,0.0,45.0,45.0,45.0,0.5693642054980168,0.8965938311867702,0.9468863876869126,0.0,45.0,45.0,45.0,0.3346837965972733,0.05902014715753209,0.24294062475743344,0.0,45.0,45.0,45.0,3.4393907924824183,8.633968621764591,2.938361553955638,0.0,45.0,45.0,45.0,0.4375105688806842,0.48857964528396847,0.6989847246427983,0.0,45.0,45.0,45.0,0.4375105688806842,0.48857964528396847,0.6989847246427983,0.0,45.0,45.0,45.0,3.5426548068444346,9.46457225161981,0.9708512344576984,0.8294236142563769,0.6879435318861112,0.9122407640014513
ECDC_COVID/D,short,top_k_5,top_k_5,0.1815298181027174,0.02344336500391364,0.04259818885475397,measured_candidate_query_loop_precomputed_vanilla_fallback_separate_retrieval,5.0,45.0,0.1111111111111111,55379.617799243984,10854844733.972185,104186.58615182755,0.0,45.0,45.0,45.0,130.57353697882758,21251.11087527561,145.77760759209767,0.0,45.0,45.0,45.0,156.60983081961075,30852.97868989686,175.65015994839533,0.0,45.0,45.0,45.0,0.580249575010513,0.8056970048045212,0.8976062637952796,0.0,45.0,45.0,45.0,0.3463963248458461,0.07085713058579245,0.2661900272094964,0.0,45.0,45.0,45.0,3.52695511390797,8.078689976546427,2.842303639048162,0.0,45.0,45.0,45.0,0.4399465853089617,0.40164570940062244,0.6337552440813586,0.0,45.0,45.0,45.0,0.4399465853089617,0.40164570940062244,0.6337552440813586,0.0,45.0,45.0,45.0,3.5426548068444346,9.46457225161981,0.9955683819642454,0.8023089445680147,0.6436996425338418,0.8535715890555754
ECDC_COVID/D,short,top_k_10,top_k_10,0.3230043859221041,0.02344336500391364,0.04259818885475397,measured_candidate_query_loop_precomputed_vanilla_fallback_separate_retrieval,5.0,45.0,0.1111111111111111,64538.02030551188,19006073256.167362,137862.51577628838,0.0,45.0,45.0,45.0,135.3247423836037,26510.089041203104,162.8191912558317,0.0,45.0,45.0,45.0,162.30145252281002,38196.25881449792,195.4386318374592,0.0,45.0,45.0,45.0,0.5571904898509612,0.7177664170582413,0.8472109637264152,0.0,45.0,45.0,45.0,0.3416086719225282,0.07968688123494051,0.28228864878868315,0.0,45.0,45.0,45.0,3.359886226245968,6.571893006506555,2.563570363088666,0.0,45.0,45.0,45.0,0.4216724612354698,0.3571571147141981,0.5976262332881632,0.0,45.0,45.0,45.0,0.4216724612354698,0.3571571147141981,0.5976262332881632,0.0,45.0,45.0,45.0,3.5426548068444346,9.46457225161981,0.9484091477822348,0.7236297361334302,0.5236399950165377,0.694367672599447
ECDC_COVID/D,short,top_k_15,top_k_15,0.4687580340541899,0.02344336500391364,0.04259818885475397,measured_candidate_query_loop_precomputed_vanilla_fallback_separate_retrieval,5.0,45.0,0.1111111111111111,76618.55181144216,33442005223.85619,182871.55389468366,0.0,45.0,45.0,45.0,142.77295790636984,32943.88878709374,181.5045145088511,0.0,45.0,45.0,45.0,171.53240165069138,47195.18699538803,217.24453271690874,0.0,45.0,45.0,45.0,0.5683477894195931,0.7372882375719982,0.8586549001618743,0.0,45.0,45.0,45.0,0.34695123511298076,0.08331171565797355,0.288637689254147,0.0,45.0,45.0,45.0,3.404225505704266,6.429079553735576,2.5355629658392584,0.0,45.0,45.0,45.0,0.43226444785610674,0.3683188585403128,0.6068927899887366,0.0,45.0,45.0,45.0,0.43226444785610674,0.3683188585403128,0.6068927899887366,0.0,45.0,45.0,45.0,3.5426548068444346,9.46457225161981,0.9609249817756101,0.7157239708877456,0.5122608025033226,0.679278406125039
ECDC_COVID/D,short,selected_task,selected_task,,,,assembled_from_candidate_artifacts_no_independent_selected_method_latency,0.0,45.0,0.0,50053.23146680869,9739719116.147102,98690.01528091432,0.0,45.0,45.0,45.0,122.22056964309128,21600.753332608612,146.97194743422506,0.0,45.0,45.0,45.0,143.29367443144497,29520.154334743744,171.81430189231554,0.0,45.0,45.0,45.0,0.5302899882462946,0.6188673554051178,0.7866812285831649,0.0,45.0,45.0,45.0,0.3390622127980602,0.07244067711689472,0.2691480579846244,0.0,45.0,45.0,45.0,3.251070446576679,7.726188262284575,2.77960217698227,0.0,45.0,45.0,45.0,0.4029230196850213,0.3007366167811176,0.5483945812835113,0.0,45.0,45.0,45.0,0.4029230196850213,0.3007366167811176,0.5483945812835113,0.0,45.0,45.0,45.0,3.5426548068444346,9.46457225161981,0.9176932622099075,0.7846099404356469,0.6156127586304294,0.8163272525033849
ECDC_COVID/D,short,selected_per_variate,selected_per_variate,,,,assembled_from_candidate_artifacts_no_independent_selected_method_latency,0.0,45.0,0.0,50710.2054889418,9948412607.224499,99741.7295179129,0.0,45.0,45.0,45.0,124.40504044568097,21850.842493449243,147.82030474007703,0.0,45.0,45.0,45.0,145.77314869209712,29460.394609333533,171.64030589967362,0.0,45.0,45.0,45.0,0.5326509733497523,0.6175456388338446,0.7858407210331141,0.0,45.0,45.0,45.0,0.3403961013795206,0.07160001690089261,0.26758179478599176,0.0,45.0,45.0,45.0,3.2652967745824215,7.7225209931482555,2.778942423503635,0.0,45.0,45.0,45.0,0.4053976627484574,0.2998901928990003,0.5476223086206408,0.0,45.0,45.0,45.0,0.4053976627484574,0.2998901928990003,0.5476223086206408,0.0,45.0,45.0,45.0,3.5426548068444346,9.46457225161981,0.9217089873599439,0.7844237090598548,0.6153205553352198,0.8159397791935699
ECDC_COVID/W,short,vanilla_univariate,vanilla_univariate,0.031071155332028866,0.0,0.0,measured_candidate_query_loop_precomputed_vanilla_fallback_separate_retrieval,0.0,64.0,0.0,2437816.6919022244,112109982196194.14,10588200.13959852,0.0,64.0,64.0,64.0,573.4415654017553,1682820.4232270098,1297.235685304336,0.0,64.0,64.0,64.0,668.2329692673163,1991281.3906864102,1411.1277017642344,0.0,64.0,64.0,64.0,1.0930906512230083,5.1687492762506855,2.27348834970639,0.0,64.0,64.0,64.0,0.5418502671679852,0.07619611116818858,0.27603643087134094,0.0,64.0,64.0,64.0,1.4613552982384173,1.173802374119505,1.0834216049717234,0.0,64.0,64.0,64.0,0.6585358566347299,0.289617998369612,0.5381616842266012,0.0,64.0,64.0,64.0,0.6585358566347299,0.289617998369612,0.5381616842266012,0.0,64.0,64.0,64.0,1.5433643330513203,2.5262185251337717,0.9468634637611675,0.7019869396811421,0.49278566348289554,0.4646479955875346
ECDC_COVID/W,short,vanilla_multivariate,vanilla_multivariate,0.031540467869490385,0.0,0.0,measured_candidate_query_loop_precomputed_vanilla_fallback_separate_retrieval,0.0,64.0,0.0,2437816.6919022244,112109982196194.14,10588200.13959852,0.0,64.0,64.0,64.0,573.4415654017553,1682820.4232270098,1297.235685304336,0.0,64.0,64.0,64.0,668.2329692673163,1991281.3906864102,1411.1277017642344,0.0,64.0,64.0,64.0,1.0930906512230083,5.1687492762506855,2.27348834970639,0.0,64.0,64.0,64.0,0.5418502671679852,0.07619611116818858,0.27603643087134094,0.0,64.0,64.0,64.0,1.4613552982384173,1.173802374119505,1.0834216049717234,0.0,64.0,64.0,64.0,0.6585358566347299,0.289617998369612,0.5381616842266012,0.0,64.0,64.0,64.0,0.6585358566347299,0.289617998369612,0.5381616842266012,0.0,64.0,64.0,64.0,1.5433643330513203,2.5262185251337717,0.9468634637611675,0.7019869396811421,0.49278566348289554,0.4646479955875346
ECDC_COVID/W,short,self_augmentation,self_augmentation,0.036084662191569805,0.0,0.0,measured_candidate_query_loop_precomputed_vanilla_fallback_separate_retrieval,0.0,64.0,0.0,3132012.2916600453,153953873075786.84,12407815.000062939,0.0,64.0,64.0,64.0,667.2181407490134,2113062.7430015337,1453.6377619618768,0.0,64.0,64.0,64.0,772.2158900894734,2535694.9107533675,1592.3865456456756,0.0,64.0,64.0,64.0,1.2586047719118012,6.185729029136778,2.4871125887536287,0.0,64.0,64.0,64.0,0.5634108911331133,0.08467192929390814,0.2909844141769592,0.0,64.0,64.0,64.0,1.608454336036026,1.355224233578102,1.1641409852668627,0.0,64.0,64.0,64.0,0.7657001341588301,0.5564277399237266,0.7459408421072857,0.0,64.0,64.0,64.0,0.7657001341588301,0.5564277399237266,0.7459408421072857,0.0,64.0,64.0,64.0,1.5433643330513203,2.5262185251337717,1.0421741008203935,0.7542878634270943,0.5689501809134109,0.5364635798901595
ECDC_COVID/W,short,top_k_1,top_k_1,0.04593633394688368,0.016535248141735792,0.009359050076454878,measured_candidate_query_loop_precomputed_vanilla_fallback_separate_retrieval,1.0,64.0,0.015625,2632346.023269704,80221349185686.19,8956637.158313727,0.0,64.0,64.0,64.0,628.7042267065585,1641037.5909572605,1281.0298946383962,0.0,64.0,64.0,64.0,742.9853888445964,2080318.7352331476,1442.3310075128898,0.0,64.0,64.0,64.0,1.3332652988563702,10.462079278300948,3.234513762267978,0.0,64.0,64.0,64.0,0.5579678108902288,0.08484108260366748,0.29127492614996486,0.0,64.0,64.0,64.0,1.5522874436083458,1.2030187768521665,1.0968221263505613,0.0,64.0,64.0,64.0,0.7369108810469414,0.46250692481126515,0.6800786166402125,0.0,64.0,64.0,64.0,0.7369108810469414,0.46250692481126515,0.6800786166402125,0.0,64.0,64.0,64.0,1.5433643330513203,2.5262185251337717,1.0057815969735313,0.7106696085052586,0.5050512924530175,0.4762132669375713
ECDC_COVID/W,short,top_k_5,top_k_5,0.08098970586434007,0.016535248141735792,0.009359050076454878,measured_candidate_query_loop_precomputed_vanilla_fallback_separate_retrieval,1.0,64.0,0.015625,2954107.8258754984,96978730067600.08,9847777.925379923,0.0,64.0,64.0,64.0,658.4204877579533,1875397.6327075989,1369.4515810015332,0.0,64.0,64.0,64.0,776.0075748464194,2351920.0696564773,1533.5971014762897,0.0,64.0,64.0,64.0,1.4313362996485144,11.551989696890534,3.3988218101116354,0.0,64.0,64.0,64.0,0.5602577794286159,0.08818214557682579,0.2969547870919507,0.0,64.0,64.0,64.0,1.6138207473463155,1.204991454776732,1.097721027755564,0.0,64.0,64.0,64.0,0.7946378626501809,0.6278746687131529,0.7923854293922579,0.0,64.0,64.0,64.0,0.7946378626501809,0.6278746687131529,0.7923854293922579,0.0,64.0,64.0,64.0,1.5433643330513203,2.5262185251337717,1.0456511873354615,0.7112520383215714,0.5058794620165901,0.4769941486803576
ECDC_COVID/W,short,top_k_10,top_k_10,0.14213775377720594,0.016535248141735792,0.009359050076454878,measured_candidate_query_loop_precomputed_vanilla_fallback_separate_retrieval,1.0,64.0,0.015625,3338896.1395015824,133455559374698.75,11552296.714277156,0.0,64.0,64.0,64.0,677.993355066609,2175583.021976327,1474.985770092826,0.0,64.0,64.0,64.0,796.988018694472,2703706.237559042,1644.2950579379121,0.0,64.0,64.0,64.0,1.387828853037067,9.216770110909499,3.035913389889359,0.0,64.0,64.0,64.0,0.5576102196110739,0.08581559272098685,0.2929429854442445,0.0,64.0,64.0,64.0,1.6290341377244553,1.2172090450294215,1.1032719723755433,0.0,64.0,64.0,64.0,0.7895347461199929,0.5620874780006239,0.7497249348932072,0.0,64.0,64.0,64.0,0.7895347461199929,0.5620874780006239,0.7497249348932072,0.0,64.0,64.0,64.0,1.5433643330513203,2.5262185251337717,1.0555084777058188,0.7148486904542565,0.5110086502441654,0.48183046435579685
ECDC_COVID/W,short,top_k_15,top_k_15,0.18972825491800904,0.016535248141735792,0.009359050076454878,measured_candidate_query_loop_precomputed_vanilla_fallback_separate_retrieval,1.0,64.0,0.015625,3499948.557091835,144058221790422.16,12002425.662774261,0.0,64.0,64.0,64.0,686.340419627392,2200233.4445698047,1483.3183894800889,0.0,64.0,64.0,64.0,816.3584005495809,2833507.518943964,1683.3025631014657,0.0,64.0,64.0,64.0,1.4332296599502978,10.216474989979645,3.196322103602771,0.0,64.0,64.0,64.0,0.5604812020310763,0.08589543572021194,0.2930792311307847,0.0,64.0,64.0,64.0,1.6630581731209786,1.2248573640187304,1.1067327428149627,0.0,64.0,64.0,64.0,0.8060050767085162,0.5926242658916807,0.7698209310558403,0.0,64.0,64.0,64.0,0.8060050767085162,0.5926242658916807,0.7698209310558403,0.0,64.0,64.0,64.0,1.5433643330513203,2.5262185251337717,1.0775538461699556,0.7170910452666016,0.5142195672015473,0.48485804051883047
ECDC_COVID/W,short,selected_task,selected_task,,,,assembled_from_candidate_artifacts_no_independent_selected_method_latency,1.0,64.0,0.015625,2632346.023269704,80221349185686.19,8956637.158313727,0.0,64.0,64.0,64.0,628.7042267065585,1641037.5909572605,1281.0298946383962,0.0,64.0,64.0,64.0,742.9853888445964,2080318.7352331476,1442.3310075128898,0.0,64.0,64.0,64.0,1.3332652988563702,10.462079278300948,3.234513762267978,0.0,64.0,64.0,64.0,0.5579678108902288,0.08484108260366748,0.29127492614996486,0.0,64.0,64.0,64.0,1.5522874436083458,1.2030187768521665,1.0968221263505613,0.0,64.0,64.0,64.0,0.7369108810469414,0.46250692481126515,0.6800786166402125,0.0,64.0,64.0,64.0,0.7369108810469414,0.46250692481126515,0.6800786166402125,0.0,64.0,64.0,64.0,1.5433643330513203,2.5262185251337717,1.0057815969735313,0.7106696085052586,0.5050512924530175,0.4762132669375713
ECDC_COVID/W,short,selected_per_variate,selected_per_variate,,,,assembled_from_candidate_artifacts_no_independent_selected_method_latency,1.0,64.0,0.015625,2658348.927524034,114383154465335.47,10695006.05260864,0.0,64.0,64.0,64.0,607.5127605805023,1789957.7239375515,1337.8930166263488,0.0,64.0,64.0,64.0,712.6911792724064,2150420.21051134,1466.4311134558418,0.0,64.0,64.0,64.0,1.159614276143476,5.279996822067975,2.2978243671064105,0.0,64.0,64.0,64.0,0.5386886031291425,0.08325774793692858,0.28854418714804947,0.0,64.0,64.0,64.0,1.5099654540119625,1.177858869507437,1.0852920664537435,0.0,64.0,64.0,64.0,0.7144194319690669,0.4215941926238781,0.6493028512365229,0.0,64.0,64.0,64.0,0.7144194319690669,0.4215941926238781,0.6493028512365229,0.0,64.0,64.0,64.0,1.5433643330513203,2.5262185251337717,0.9783596923136573,0.7031988774212882,0.49448866120656,0.46625375350102205
Global_Influenza/W,short,vanilla_univariate,vanilla_univariate,0.11970364907756448,0.0,0.0,measured_candidate_query_loop_precomputed_vanilla_fallback_separate_retrieval,0.0,237.0,0.0,2518067.0851864414,168140874184994.94,12966914.597736616,0.0,237.0,237.0,240.0,440.60131082049236,1296900.603828199,1138.815438878574,0.0,237.0,237.0,240.0,557.9440714628468,2206765.4983059024,1485.518595745574,0.0,237.0,237.0,240.0,0.6219173853976008,1.0208003274781654,1.0103466372875032,0.0,237.0,237.0,240.0,0.4610399675485857,0.13344348538824197,0.36529917244395993,0.0,237.0,237.0,240.0,2.7027385121311647,11.723270405207838,3.4239261681887707,0.0,237.0,237.0,240.0,0.46117523239062136,0.1733722679557243,0.4163799562367578,0.0,237.0,237.0,240.0,0.46117523239062136,0.1733722679557243,0.4163799562367578,0.0,237.0,237.0,240.0,4.230835072275004,30.38882579215142,0.6388191612200682,0.8092790453180341,0.6549325731908687,0.38577569549382296
Global_Influenza/W,short,vanilla_multivariate,vanilla_multivariate,0.04533413937315345,0.0,0.0,measured_candidate_query_loop_precomputed_vanilla_fallback_separate_retrieval,0.0,237.0,0.0,2304467.6447767215,133931845185932.72,11572892.688776333,0.0,237.0,237.0,240.0,429.1852322730559,1136716.459126764,1066.1690574795182,0.0,237.0,237.0,240.0,544.7523576264417,2007712.5136371555,1416.9377239798353,0.0,237.0,237.0,240.0,0.6196665289747095,1.0593096818863388,1.0292277113867168,0.0,237.0,237.0,240.0,0.45607995287118286,0.1386665635380626,0.3723795960281156,0.0,237.0,237.0,240.0,2.6876387673840334,11.967597706772496,3.459421585579372,0.0,237.0,237.0,240.0,0.45659031403361733,0.1827465237112164,0.42748862407228616,0.0,237.0,237.0,240.0,0.45659031403361733,0.1827465237112164,0.42748862407228616,0.0,237.0,237.0,240.0,4.230835072275004,30.38882579215142,0.6352501861857822,0.817668740681771,0.6685821694881134,0.3938157330798675
Global_Influenza/W,short,self_augmentation,self_augmentation,0.1557215736247599,0.0,0.0,measured_candidate_query_loop_precomputed_vanilla_fallback_separate_retrieval,0.0,237.0,0.0,3101740.203307626,222658813187657.53,14921756.370737914,0.0,237.0,237.0,240.0,502.66430079948515,1731021.3947944178,1315.6828625449286,0.0,237.0,237.0,240.0,619.3129810530254,2718191.63480684,1648.693917865545,0.0,237.0,237.0,240.0,0.6072347080947678,0.8642700407013308,0.9296612505108142,0.0,237.0,237.0,240.0,0.467526384827844,0.1309553977962827,0.3618776005727388,0.0,237.0,237.0,240.0,2.8371366163543934,12.67653038511495,3.5604115471550406,0.0,237.0,237.0,240.0,0.4637259371536203,0.16001901542664904,0.40002376857712973,0.0,237.0,237.0,240.0,0.4637259371536203,0.16001901542664904,0.40002376857712973,0.0,237.0,237.0,240.0,4.230835072275004,30.38882579215142,0.6705854914899363,0.8415387237585078,0.7081874235850981,0.4171444619748665
Global_Influenza/W,short,top_k_1,top_k_1,0.18143709702417254,0.06205967487767339,0.03103942796587944,measured_candidate_query_loop_precomputed_vanilla_fallback_separate_retrieval,4.0,237.0,0.016877637130801686,2326380.5437410297,126450141122817.94,11245005.163307749,0.0,237.0,237.0,240.0,440.7095496713124,1213519.3087342756,1101.59852429743,0.0,237.0,237.0,240.0,555.0365930326575,2018314.9241357297,1420.6741090537723,0.0,237.0,237.0,240.0,0.6149218406910035,0.7525891128062343,0.8675189408919175,0.0,237.0,237.0,240.0,0.45699558934772816,0.12671291320885444,0.35596757325472,0.0,237.0,237.0,240.0,2.7869379100520697,13.083380324951412,3.6170955648076832,0.0,237.0,237.0,240.0,0.46204301972111217,0.16160812674963565,0.4020051327404112,0.0,237.0,237.0,240.0,0.46204301972111217,0.16160812674963565,0.4020051327404112,0.0,237.0,237.0,240.0,4.230835072275004,30.38882579215142,0.6587205273765205,0.8549365557903205,0.7309165144266158,0.43053260479483485
Global_Influenza/W,short,top_k_5,top_k_5,0.3464764482341707,0.06205967487767339,0.03103942796587944,measured_candidate_query_loop_precomputed_vanilla_fallback_separate_retrieval,4.0,237.0,0.016877637130801686,2538632.619589425,164956760395676.1,12843549.369067574,0.0,237.0,237.0,240.0,453.43570194555946,1377224.4136837246,1173.5520498400251,0.0,237.0,237.0,240.0,564.621454672432,2219835.232513012,1489.9111492008549,0.0,237.0,237.0,240.0,0.6342337666248127,0.9371080612042252,0.9680434190697363,0.0,237.0,237.0,240.0,0.4561062206337819,0.12457631596075772,0.3529537022907646,0.0,237.0,237.0,240.0,2.7457062815812043,11.691868816804943,3.419337482145473,0.0,237.0,237.0,240.0,0.46441939987461883,0.17436958268732838,0.4175758406413479,0.0,237.0,237.0,240.0,0.46441939987461883,0.17436958268732838,0.4175758406413479,0.0,237.0,237.0,240.0,4.230835072275004,30.38882579215142,0.6489750214027568,0.8081944636775519,0.6531782911190458,0.38474236868423606
Global_Influenza/W,short,top_k_10,top_k_10,0.6074090469628572,0.06205967487767339,0.03103942796587944,measured_candidate_query_loop_precomputed_vanilla_fallback_separate_retrieval,4.0,237.0,0.016877637130801686,2363673.222948555,148463754469909.62,12184570.344083112,0.0,237.0,237.0,240.0,449.24263222892506,1243558.8056707561,1115.1496785951006,0.0,237.0,237.0,240.0,559.2312781032407,2050933.600539571,1432.1080966671375,0.0,237.0,237.0,240.0,0.6627481591368484,1.3693395235634886,1.1701878155080443,0.0,237.0,237.0,240.0,0.4570294602938008,0.12202630301687696,0.3493226345613421,0.0,237.0,237.0,240.0,2.788746383067394,11.865879669724237,3.444688617237302,0.0,237.0,237.0,240.0,0.4723599656041915,0.1952442597387653,0.4418645264543934,0.0,237.0,237.0,240.0,0.4723599656041915,0.1952442597387653,0.4418645264543934,0.0,237.0,237.0,240.0,4.230835072275004,30.38882579215142,0.6591479779824719,0.8141864569031817,0.6628995866045567,0.390468514673208
Global_Influenza/W,short,top_k_15,top_k_15,0.8314374457113445,0.06205967487767339,0.03103942796587944,measured_candidate_query_loop_precomputed_vanilla_fallback_separate_retrieval,4.0,237.0,0.016877637130801686,2347745.0586622534,144391858706348.75,12016316.353456609,0.0,237.0,237.0,240.0,447.7450802266645,1238328.1779126374,1112.8019490963509,0.0,237.0,237.0,240.0,557.6241529455289,2036800.3627140347,1427.1651490679117,0.0,237.0,237.0,240.0,0.6553481241131159,1.212638530161406,1.101198678786624,0.0,237.0,237.0,240.0,0.4557420158189849,0.1215513913339073,0.34864221106158,0.0,237.0,237.0,240.0,2.7765147273597384,11.756615220875982,3.4287920935623935,0.0,237.0,237.0,240.0,0.4714537689409257,0.19972835482574391,0.44690978376596757,0.0,237.0,237.0,240.0,0.4714537689409257,0.19972835482574391,0.44690978376596757,0.0,237.0,237.0,240.0,4.230835072275004,30.38882579215142,0.6562569043531048,0.8104291552349887,0.6567954156548975,0.3868729677575231
Global_Influenza/W,short,selected_task,selected_task,,,,assembled_from_candidate_artifacts_no_independent_selected_method_latency,4.0,237.0,0.016877637130801686,2326380.5437410297,126450141122817.94,11245005.163307749,0.0,237.0,237.0,240.0,440.7095496713124,1213519.3087342756,1101.59852429743,0.0,237.0,237.0,240.0,555.0365930326575,2018314.9241357297,1420.6741090537723,0.0,237.0,237.0,240.0,0.6149218406910035,0.7525891128062343,0.8675189408919175,0.0,237.0,237.0,240.0,0.45699558934772816,0.12671291320885444,0.35596757325472,0.0,237.0,237.0,240.0,2.7869379100520697,13.083380324951412,3.6170955648076832,0.0,237.0,237.0,240.0,0.46204301972111217,0.16160812674963565,0.4020051327404112,0.0,237.0,237.0,240.0,0.46204301972111217,0.16160812674963565,0.4020051327404112,0.0,237.0,237.0,240.0,4.230835072275004,30.38882579215142,0.6587205273765205,0.8549365557903205,0.7309165144266158,0.43053260479483485
Global_Influenza/W,short,selected_per_variate,selected_per_variate,,,,assembled_from_candidate_artifacts_no_independent_selected_method_latency,2.0,237.0,0.008438818565400843,2231614.2617364475,121011611689078.11,11000527.791387016,0.0,237.0,237.0,240.0,436.91436029382913,1119064.0809678594,1057.858251831435,0.0,237.0,237.0,240.0,549.432590666776,1929738.0900496426,1389.150132292994,0.0,237.0,237.0,240.0,0.6560898530723871,1.1847572674112363,1.0884655563733914,0.0,237.0,237.0,240.0,0.4616230462377964,0.13085685723132387,0.36174142316207564,0.0,237.0,237.0,240.0,2.7668853974331356,12.19224908006116,3.4917401220682445,0.0,237.0,237.0,240.0,0.4750103656016487,0.20063970940259362,0.44792824135411874,0.0,237.0,237.0,240.0,0.4750103656016487,0.20063970940259362,0.44792824135411874,0.0,237.0,237.0,240.0,4.230835072275004,30.38882579215142,0.6539809163360571,0.8253075486089952,0.6811325497909891,0.4012082981899905
Crypto/D,short,vanilla_univariate,vanilla_univariate,0.06771315168589354,0.0,0.0,measured_candidate_query_loop_precomputed_vanilla_fallback_separate_retrieval,0.0,36.0,0.0,13407374.412148535,937945966272242.1,30625903.517647315,0.0,36.0,36.0,36.0,1476.1529061070196,7347244.943961037,2710.5801858570862,0.0,36.0,36.0,36.0,1767.7674423526537,10282372.681906495,3206.6138966059657,0.0,36.0,36.0,36.0,0.09323374442532523,0.005485458446234642,0.0740638808477833,0.0,36.0,36.0,36.0,0.09353008721922501,0.004821071924284882,0.0694339392824927,0.0,36.0,36.0,36.0,6.414713958414154,28.64651492574198,5.352243915008169,0.0,36.0,36.0,36.0,0.09450851023130627,0.005476627695676634,0.07400424106547296,0.0,36.0,36.0,36.0,0.09450851023130627,0.005476627695676634,0.07400424106547296,0.0,36.0,36.0,36.0,6.169569272851417,27.688250742146593,1.0397344895115244,0.8675231087136329,0.7525963441521659,1.034609054667969
Crypto/D,short,vanilla_multivariate,vanilla_multivariate,0.05955289304256439,0.0,0.0,measured_candidate_query_loop_precomputed_vanilla_fallback_separate_retrieval,0.0,36.0,0.0,11616452.074397847,713823622065359.0,26717477.838773612,0.0,36.0,36.0,36.0,1389.502502187093,6556226.619676391,2560.5129602633124,0.0,36.0,36.0,36.0,1637.3751098031485,8935454.824194975,2989.2231138198727,0.0,36.0,36.0,36.0,0.09231393610496082,0.005811136625767005,0.07623081152504546,0.0,36.0,36.0,36.0,0.09230901194315028,0.005110805408226827,0.07148989724588242,0.0,36.0,36.0,36.0,6.229414404066677,27.67526967387072,5.260729005933562,0.0,36.0,36.0,36.0,0.09345699032743918,0.005797381614671418,0.07614053857618436,0.0,36.0,36.0,36.0,0.09345699032743918,0.005797381614671418,0.07614053857618436,0.0,36.0,36.0,36.0,6.169569272851417,27.688250742146593,1.0097000501280702,0.8526898351045157,0.7270799548905662,0.9995311705171712
Crypto/D,short,self_augmentation,self_augmentation,0.1778769427910447,0.0,0.0,measured_candidate_query_loop_precomputed_vanilla_fallback_separate_retrieval,0.0,36.0,0.0,12373900.799480231,818433981045038.5,28608285.181832176,0.0,36.0,36.0,36.0,1411.876186180115,6896266.067974709,2626.0742693181223,0.0,36.0,36.0,36.0,1680.19981596637,9550829.377906809,3090.4416153531856,0.0,36.0,36.0,36.0,0.09243764713268364,0.005706993394720397,0.0755446450433146,0.0,36.0,36.0,36.0,0.09294796510114804,0.005108450925871659,0.07147342811053391,0.0,36.0,36.0,36.0,6.254865655183174,27.98210144627903,5.2898110974097206,0.0,36.0,36.0,36.0,0.0937409621100481,0.0057307227086037535,0.07570153702933484,0.0,36.0,36.0,36.0,0.0937409621100481,0.0057307227086037535,0.07570153702933484,0.0,36.0,36.0,36.0,6.169569272851417,27.688250742146593,1.0138253382950242,0.8574036311881632,0.7351409867746478,1.0106128302170112
Crypto/D,short,top_k_1,top_k_1,0.13006694009527564,0.02139835525304079,0.04509397316724062,measured_candidate_query_loop_precomputed_vanilla_fallback_separate_retrieval,0.0,36.0,0.0,14457534.811365949,1066204644922847.5,32652789.23649322,0.0,36.0,36.0,36.0,1543.5238862002338,7928491.066791672,2815.7576363727885,0.0,36.0,36.0,36.0,1843.3236338094466,11059692.792405486,3325.611641849584,0.0,36.0,36.0,36.0,0.09503382482599071,0.0052545296204548645,0.07248813434248991,0.0,36.0,36.0,36.0,0.0953233130608882,0.004716357517474113,0.06867574184145456,0.0,36.0,36.0,36.0,6.607957959180755,29.83489840091269,5.462133136505617,0.0,36.0,36.0,36.0,0.09623155777414394,0.005245701988502007,0.07242721856113216,0.0,36.0,36.0,36.0,0.09623155777414394,0.005245701988502007,0.07242721856113216,0.0,36.0,36.0,36.0,6.169569272851417,27.688250742146593,1.071056611400479,0.8853345987281798,0.7838173517051871,1.0775291902243036
Crypto/D,short,top_k_5,top_k_5,0.34025923861190677,0.02139835525304079,0.04509397316724062,measured_candidate_query_loop_precomputed_vanilla_fallback_separate_retrieval,0.0,36.0,0.0,14436553.063853718,1087867537483164.2,32982837.013864715,0.0,36.0,36.0,36.0,1550.6002453768695,8078969.438188813,2842.3527997398232,0.0,36.0,36.0,36.0,1839.2375723517976,11053758.216303177,3324.719268795965,0.0,36.0,36.0,36.0,0.09227139948536606,0.0050395569699702245,0.0709898370893343,0.0,36.0,36.0,36.0,0.09110856130402346,0.0041368917847741235,0.06431867368637295,0.0,36.0,36.0,36.0,6.562833093063176,28.745855952985735,5.361516199078926,0.0,36.0,36.0,36.0,0.09290496130657534,0.004936780566948413,0.07026222717042503,0.0,36.0,36.0,36.0,0.09290496130657534,0.004936780566948413,0.07026222717042503,0.0,36.0,36.0,36.0,6.169569272851417,27.688250742146593,1.0637425082399639,0.8690260149394465,0.7552062146415353,1.0381968951628018
Crypto/D,short,top_k_10,top_k_10,0.6206121710129082,0.02139835525304079,0.04509397316724062,measured_candidate_query_loop_precomputed_vanilla_fallback_separate_retrieval,0.0,36.0,0.0,17700401.774564788,1827172229962451.8,42745435.19444447,0.0,36.0,36.0,36.0,1705.4359369419237,10143993.826261407,3184.963708782473,0.0,36.0,36.0,36.0,2023.9851961922332,13603885.700159473,3688.3445744885976,0.0,36.0,36.0,36.0,0.09508468690821871,0.005639154935122552,0.07509430694215476,0.0,36.0,36.0,36.0,0.09396474087962715,0.004682102275590936,0.06842588892802881,0.0,36.0,36.0,36.0,6.850572465376074,34.119276396575955,5.841170807002305,0.0,36.0,36.0,36.0,0.09574757568788485,0.005529460097610688,0.0743603395474408,0.0,36.0,36.0,36.0,0.09574757568788485,0.005529460097610688,0.0743603395474408,0.0,36.0,36.0,36.0,6.169569272851417,27.688250742146593,1.1103809945892569,0.9467712491220096,0.8963757981640504,1.2322655090897512
Crypto/D,short,top_k_15,top_k_15,0.9314176822081208,0.02139835525304079,0.04509397316724062,measured_candidate_query_loop_precomputed_vanilla_fallback_separate_retrieval,0.0,36.0,0.0,18645121.24255935,1836595919849590.5,42855523.79623414,0.0,36.0,36.0,36.0,1753.1415318665681,10289194.725589741,3207.677465954104,0.0,36.0,36.0,36.0,2098.183175310614,14242748.605402816,3773.956624737865,0.0,36.0,36.0,36.0,0.095779727050378,0.005803601775389382,0.07618137420255283,0.0,36.0,36.0,36.0,0.09482590187240243,0.004846362716844277,0.06961582231680007,0.0,36.0,36.0,36.0,6.955072485190204,35.495807691834585,5.957835822833203,0.0,36.0,36.0,36.0,0.09656716971788826,0.005709588385216169,0.07556181830273917,0.0,36.0,36.0,36.0,0.09656716971788826,0.005709588385216169,0.07556181830273917,0.0,36.0,36.0,36.0,6.169569272851417,27.688250742146593,1.1273189711630789,0.9656809996526132,0.9325397930900704,1.2819808669893134
Crypto/D,short,selected_task,selected_task,,,,assembled_from_candidate_artifacts_no_independent_selected_method_latency,0.0,36.0,0.0,13407374.412148535,937945966272242.1,30625903.517647315,0.0,36.0,36.0,36.0,1476.1529061070196,7347244.943961037,2710.5801858570862,0.0,36.0,36.0,36.0,1767.7674423526537,10282372.681906495,3206.6138966059657,0.0,36.0,36.0,36.0,0.09323374442532523,0.005485458446234642,0.0740638808477833,0.0,36.0,36.0,36.0,0.09353008721922501,0.004821071924284882,0.0694339392824927,0.0,36.0,36.0,36.0,6.414713958414154,28.64651492574198,5.352243915008169,0.0,36.0,36.0,36.0,0.09450851023130627,0.005476627695676634,0.07400424106547296,0.0,36.0,36.0,36.0,0.09450851023130627,0.005476627695676634,0.07400424106547296,0.0,36.0,36.0,36.0,6.169569272851417,27.688250742146593,1.0397344895115244,0.8675231087136329,0.7525963441521659,1.034609054667969
Crypto/D,short,selected_per_variate,selected_per_variate,,,,assembled_from_candidate_artifacts_no_independent_selected_method_latency,0.0,36.0,0.0,13407362.650758168,937946281636683.8,30625908.666302193,0.0,36.0,36.0,36.0,1475.862111345927,7348092.229581962,2710.736473651019,0.0,36.0,36.0,36.0,1767.520483803766,10283233.99009227,3206.748195616904,0.0,36.0,36.0,36.0,0.09061426369250576,0.0047766650779576215,0.06911342183655518,0.0,36.0,36.0,36.0,0.09087723659832804,0.004372260570875071,0.06612307139626132,0.0,36.0,36.0,36.0,6.315092163658838,28.616668749559793,5.349454995563548,0.0,36.0,36.0,36.0,0.0917025851106381,0.004811540888970239,0.06936527149064033,0.0,36.0,36.0,36.0,0.0917025851106381,0.004811540888970239,0.06936527149064033,0.0,36.0,36.0,36.0,6.169569272851417,27.688250742146593,1.0235872042879526,0.8670710642804998,0.7518122305125186,1.0335311181648603
US_Term_Structure/B,short,vanilla_univariate,vanilla_univariate,6.1558754509314895,0.0,0.0,measured_candidate_query_loop_precomputed_vanilla_fallback_separate_retrieval,0.0,1400.0,0.0,0.023067453831056888,0.0017369771771041415,0.04167705816278473,0.0,1400.0,1400.0,1400.0,0.10213048016521624,0.005657414946715996,0.07521578921154784,0.0,1400.0,1400.0,1400.0,0.1227249566872993,0.008006038837157397,0.08947647085774783,0.0,1400.0,1400.0,1400.0,0.9471594124297206,44.93332039421951,6.7032320856598355,0.0,1400.0,1400.0,1400.0,0.26915880201582293,0.18333723391918177,0.4281789741675574,0.0,1400.0,1400.0,1400.0,1.4983434000012559,0.9080575291623306,0.9529205261522761,0.0,1400.0,1400.0,1400.0,0.26049089851003343,0.22717049691137736,0.4766240624552828,0.0,1400.0,1400.0,1400.0,0.26049089851003343,0.22717049691137736,0.4766240624552828,0.0,1400.0,1400.0,1400.0,1.7649879489699798,1.0333743744905457,0.8489255696480343,0.5399020014320132,0.2914941711502936,0.8787304500462416
US_Term_Structure/B,short,vanilla_multivariate,vanilla_multivariate,6.9155044821091,0.0,0.0,measured_candidate_query_loop_precomputed_vanilla_fallback_separate_retrieval,0.0,1400.0,0.0,0.022890514333977506,0.0016961956939084053,0.04118489642949713,0.0,1400.0,1400.0,1400.0,0.1017019389331046,0.005554215231185744,0.07452660753842043,0.0,1400.0,1400.0,1400.0,0.1225115664865875,0.00788143041097996,0.08877742061459074,0.0,1400.0,1400.0,1400.0,0.936541835728952,44.00085491354458,6.633314021930861,0.0,1400.0,1400.0,1400.0,0.26760403463149396,0.1795617208387177,0.42374723696882993,0.0,1400.0,1400.0,1400.0,1.495406905142476,0.8980518526919217,0.9476559780278504,0.0,1400.0,1400.0,1400.0,0.2611311368019395,0.22838283345599986,0.4778941655387727,0.0,1400.0,1400.0,1400.0,0.2611311368019395,0.22838283345599986,0.4778941655387727,0.0,1400.0,1400.0,1400.0,1.7649879489699798,1.0333743744905457,0.8472618218244339,0.5369192342536322,0.28828226411150676,0.8690479218963233
US_Term_Structure/B,short,self_augmentation,self_augmentation,19.707286766264588,0.0,0.0,measured_candidate_query_loop_precomputed_vanilla_fallback_separate_retrieval,0.0,1400.0,0.0,0.022397145038543426,0.0013798019375641588,0.03714568531558085,0.0,1400.0,1400.0,1400.0,0.10154180780457916,0.0052381003222369635,0.07237472156932255,0.0,1400.0,1400.0,1400.0,0.12247130181696547,0.00739792526980117,0.08601119270072453,0.0,1400.0,1400.0,1400.0,0.9531977080979582,41.03652756965503,6.40597592640302,0.0,1400.0,1400.0,1400.0,0.2689477138669652,0.1861294035811171,0.43142717065701497,0.0,1400.0,1400.0,1400.0,1.4957070075679242,0.8512875153185503,0.922652434732901,0.0,1400.0,1400.0,1400.0,0.26381743135140184,0.22782602938590993,0.47731125000979174,0.0,1400.0,1400.0,1400.0,0.26381743135140184,0.22782602938590993,0.47731125000979174,0.0,1400.0,1400.0,1400.0,1.7649879489699798,1.0333743744905457,0.8474318526881706,0.5227528240469557,0.27327051504906746,0.8237939088998947
US_Term_Structure/B,short,top_k_1,top_k_1,12.935418772045523,9.020006708800793,1.2915051598101854,measured_candidate_query_loop_precomputed_vanilla_fallback_separate_retrieval,0.0,1400.0,0.0,0.025825115202100752,0.002182349137095888,0.04671561984064739,0.0,1400.0,1400.0,1400.0,0.10826339970236552,0.006471293288618289,0.08044434901606383,0.0,1400.0,1400.0,1400.0,0.12945263444378965,0.009067130637663316,0.09522148201778481,0.0,1400.0,1400.0,1400.0,0.9921507155620559,49.284260607354135,7.020274966648681,0.0,1400.0,1400.0,1400.0,0.27362922741677187,0.18325179272675862,0.428079189784739,0.0,1400.0,1400.0,1400.0,1.5805956068921985,1.0254120013579555,1.0126262890908746,0.0,1400.0,1400.0,1400.0,0.2726784597912879,0.25212961551663526,0.5021250994688826,0.0,1400.0,1400.0,1400.0,0.2726784597912879,0.25212961551663526,0.5021250994688826,0.0,1400.0,1400.0,1400.0,1.7649879489699798,1.0333743744905457,0.8955277047724944,0.5737298601284093,0.32916595240296415,0.9922947836436183
US_Term_Structure/B,short,top_k_5,top_k_5,40.59161455696449,9.020006708800793,1.2915051598101854,measured_candidate_query_loop_precomputed_vanilla_fallback_separate_retrieval,0.0,1400.0,0.0,0.028052399976273793,0.0027407697538980934,0.05235236149304149,0.0,1400.0,1400.0,1400.0,0.11293481345979232,0.007161759514036731,0.08462717952311025,0.0,1400.0,1400.0,1400.0,0.13468582240725313,0.009912129218755662,0.09955967667060626,0.0,1400.0,1400.0,1400.0,1.0047678113919507,50.70336296585006,7.1206293939405425,0.0,1400.0,1400.0,1400.0,0.2782846994483764,0.18598923218651553,0.4312646892414397,0.0,1400.0,1400.0,1400.0,1.63923588159127,1.092842653356716,1.0453911484974014,0.0,1400.0,1400.0,1400.0,0.28109530687602835,0.26815017275403585,0.5178321859000615,0.0,1400.0,1400.0,1400.0,0.28109530687602835,0.26815017275403585,0.5178321859000615,0.0,1400.0,1400.0,1400.0,1.7649879489699798,1.0333743744905457,0.9287518832907065,0.5922936465982535,0.35081176380065676,1.0575476616550397
US_Term_Structure/B,short,top_k_10,top_k_10,76.67095629824325,9.020006708800793,1.2915051598101854,measured_candidate_query_loop_precomputed_vanilla_fallback_separate_retrieval,0.0,1400.0,0.0,0.029096624394051328,0.0032018324888876673,0.05658473724325021,0.0,1400.0,1400.0,1400.0,0.11454242024946824,0.0074883315675938035,0.0865351464296086,0.0,1400.0,1400.0,1400.0,0.13662669647395462,0.010429770204665208,0.10212624640446356,0.0,1400.0,1400.0,1400.0,1.0011808938886864,49.52683203018155,7.037530250747172,0.0,1400.0,1400.0,1400.0,0.28143699251752063,0.18960950913710276,0.4354417402329533,0.0,1400.0,1400.0,1400.0,1.6595083133946378,1.1310374628506104,1.0635024507967108,0.0,1400.0,1400.0,1400.0,0.28254621223991283,0.26694149957847074,0.5166638167885097,0.0,1400.0,1400.0,1400.0,0.28254621223991283,0.26694149957847074,0.5166638167885097,0.0,1400.0,1400.0,1400.0,1.7649879489699798,1.0333743744905457,0.9402377587694588,0.6025550777371339,0.3630726217068036,1.094508912520898
US_Term_Structure/B,short,top_k_15,top_k_15,110.67527325311676,9.020006708800793,1.2915051598101854,measured_candidate_query_loop_precomputed_vanilla_fallback_separate_retrieval,0.0,1400.0,0.0,0.03009477800664281,0.003683779152084308,0.06069414429814715,0.0,1400.0,1400.0,1400.0,0.11586865622399754,0.007915960721718856,0.08897168494368787,0.0,1400.0,1400.0,1400.0,0.13818065103616597,0.011000885685864133,0.10488510707371249,0.0,1400.0,1400.0,1400.0,1.017823680780747,49.50613391218985,7.036059544389164,0.0,1400.0,1400.0,1400.0,0.282427307360078,0.1909509011608386,0.4369792914553716,0.0,1400.0,1400.0,1400.0,1.6782525683126803,1.2101970710773848,1.1000895741153922,0.0,1400.0,1400.0,1400.0,0.28494738098657896,0.27694960716533057,0.5262600185890342,0.0,1400.0,1400.0,1400.0,0.28494738098657896,0.27694960716533057,0.5262600185890342,0.0,1400.0,1400.0,1400.0,1.7649879489699798,1.0333743744905457,0.9508578057386075,0.623284467612024,0.38848352756640425,1.1711119425368108
US_Term_Structure/B,short,selected_task,selected_task,,,,assembled_from_candidate_artifacts_no_independent_selected_method_latency,0.0,1400.0,0.0,0.022890514333977506,0.0016961956939084053,0.04118489642949713,0.0,1400.0,1400.0,1400.0,0.1017019389331046,0.005554215231185744,0.07452660753842043,0.0,1400.0,1400.0,1400.0,0.1225115664865875,0.00788143041097996,0.08877742061459074,0.0,1400.0,1400.0,1400.0,0.936541835728952,44.00085491354458,6.633314021930861,0.0,1400.0,1400.0,1400.0,0.26760403463149396,0.1795617208387177,0.42374723696882993,0.0,1400.0,1400.0,1400.0,1.495406905142476,0.8980518526919217,0.9476559780278504,0.0,1400.0,1400.0,1400.0,0.2611311368019395,0.22838283345599986,0.4778941655387727,0.0,1400.0,1400.0,1400.0,0.2611311368019395,0.22838283345599986,0.4778941655387727,0.0,1400.0,1400.0,1400.0,1.7649879489699798,1.0333743744905457,0.8472618218244339,0.5369192342536322,0.28828226411150676,0.8690479218963233
US_Term_Structure/B,short,selected_per_variate,selected_per_variate,,,,assembled_from_candidate_artifacts_no_independent_selected_method_latency,0.0,1400.0,0.0,0.02290276722080062,0.0016774692445336572,0.04095691937308832,0.0,1400.0,1400.0,1400.0,0.10173914032366148,0.005576299670992498,0.07467462534885928,0.0,1400.0,1400.0,1400.0,0.12243264756063423,0.007913014032094143,0.08895512369781823,0.0,1400.0,1400.0,1400.0,0.9471085877784854,44.933440095764716,6.703241014297839,0.0,1400.0,1400.0,1400.0,0.2691879681082795,0.18336364148012438,0.4282098101166347,0.0,1400.0,1400.0,1400.0,1.4943450570278871,0.9029058902460371,0.9502136024315991,0.0,1400.0,1400.0,1400.0,0.2604733943420887,0.2272097310517218,0.4766652190497245,0.0,1400.0,1400.0,1400.0,0.2604733943420887,0.2272097310517218,0.4766652190497245,0.0,1400.0,1400.0,1400.0,1.7649879489699798,1.0333743744905457,0.8466602040540641,0.5383683231299847,0.2898404513497917,0.8737451910312468
Oil_Price/B,short,vanilla_univariate,vanilla_univariate,1.1149428682401776,0.0,0.0,measured_candidate_query_loop_precomputed_vanilla_fallback_separate_retrieval,0.0,420.0,0.0,3.0767983394133465,109.87045117337244,10.481910664252602,0.0,420.0,420.0,420.0,0.6698824189678264,1.9521683152779739,1.3972001700822878,0.0,420.0,420.0,420.0,0.7766318252161922,2.4736413474747128,1.572781404860419,0.0,420.0,420.0,420.0,0.05722644024303948,0.0022327032258090637,0.04725148913853471,0.0,420.0,420.0,420.0,0.05626318623883386,0.0019927562762354404,0.04464029879195972,0.0,420.0,420.0,420.0,1.3665025171338467,1.0581466689313042,1.0286625632010258,0.0,420.0,420.0,420.0,0.056787668153709066,0.0021832631044702237,0.046725401062700615,0.0,420.0,420.0,420.0,0.056787668153709066,0.0021832631044702237,0.046725401062700615,0.0,420.0,420.0,420.0,1.5496690109476723,1.308977194348269,0.8818028285267101,0.6637950142475687,0.4406238209399298,0.8083767032000494
Oil_Price/B,short,vanilla_multivariate,vanilla_multivariate,1.16598705900833,0.0,0.0,measured_candidate_query_loop_precomputed_vanilla_fallback_separate_retrieval,0.0,420.0,0.0,2.988300615028364,89.80887285115487,9.476754341606354,0.0,420.0,420.0,420.0,0.6669872797086386,1.8637063945141925,1.3651763235986012,0.0,420.0,420.0,420.0,0.7757197195609089,2.386559531712708,1.5448493556695773,0.0,420.0,420.0,420.0,0.05629332669753367,0.0020435517796827123,0.04520566092518405,0.0,420.0,420.0,420.0,0.055597474382875996,0.0019119965869089299,0.043726383190345504,0.0,420.0,420.0,420.0,1.3434109284388163,0.9332555223275527,0.9660515112185026,0.0,420.0,420.0,420.0,0.05594795772306763,0.0020302954002275214,0.04505879936513534,0.0,420.0,420.0,420.0,0.05594795772306763,0.0020302954002275214,0.04505879936513534,0.0,420.0,420.0,420.0,1.5496690109476723,1.308977194348269,0.8669018473933846,0.6233921594829668,0.3886177845048366,0.7129654560499921
Oil_Price/B,short,self_augmentation,self_augmentation,3.4999607647769153,0.0,0.0,measured_candidate_query_loop_precomputed_vanilla_fallback_separate_retrieval,0.0,420.0,0.0,3.0133491144108766,101.81935410269946,10.090557670550199,0.0,420.0,420.0,420.0,0.6627022580479262,1.904835779236339,1.380157881996237,0.0,420.0,420.0,420.0,0.7685747412184513,2.422641981571867,1.5564838520112783,0.0,420.0,420.0,420.0,0.0559066260454157,0.0019242277251624816,0.04386602016552769,0.0,420.0,420.0,420.0,0.05537916484285691,0.0018568487017726041,0.043091167328962024,0.0,420.0,420.0,420.0,1.3432179646781535,0.9725333712694585,0.9861710659259165,0.0,420.0,420.0,420.0,0.055603543347281084,0.001927130775842654,0.04389909766547206,0.0,420.0,420.0,420.0,0.055603543347281084,0.001927130775842654,0.04389909766547206,0.0,420.0,420.0,420.0,1.5496690109476723,1.308977194348269,0.8667773280545454,0.6363752897935548,0.40497350945983096,0.7429719749652905
Oil_Price/B,short,top_k_1,top_k_1,2.292030659969896,0.44078251207247376,0.1927431207150221,measured_candidate_query_loop_precomputed_vanilla_fallback_separate_retrieval,12.0,420.0,0.02857142857142857,3.2323280498257416,123.63266918851234,11.119022852234469,0.0,420.0,420.0,420.0,0.6824385417713908,2.0529705854626474,1.4328191042356488,0.0,420.0,420.0,420.0,0.7915894924075573,2.605714125335687,1.614222452246185,0.0,420.0,420.0,420.0,0.0583247294056838,0.002286935252160014,0.04782191184133079,0.0,420.0,420.0,420.0,0.057178057788192405,0.002021487525872334,0.04496095557116568,0.0,420.0,420.0,420.0,1.3925937687222423,1.0869441992592987,1.0425661606149026,0.0,420.0,420.0,420.0,0.057806683465504334,0.002226802094640874,0.04718900395898259,0.0,420.0,420.0,420.0,0.057806683465504334,0.002226802094640874,0.04718900395898259,0.0,420.0,420.0,420.0,1.5496690109476723,1.308977194348269,0.8986394893904645,0.67276699298345,0.45261542684799344,0.8303767276865973
Oil_Price/B,short,top_k_5,top_k_5,7.000153482891619,0.44078251207247376,0.1927431207150221,measured_candidate_query_loop_precomputed_vanilla_fallback_separate_retrieval,12.0,420.0,0.02857142857142857,3.2877980220431504,135.63591860070267,11.646283467299886,0.0,420.0,420.0,420.0,0.687668206438405,2.1018549313534174,1.4497775454715174,0.0,420.0,420.0,420.0,0.7964309742737956,2.6534957252604436,1.6289554092302354,0.0,420.0,420.0,420.0,0.05989910710020597,0.0026075176941269327,0.05106385898193489,0.0,420.0,420.0,420.0,0.058452943713030454,0.0021896221335211243,0.04679339839679444,0.0,420.0,420.0,420.0,1.4210497616916813,1.1386795631990823,1.0670892948573152,0.0,420.0,420.0,420.0,0.059333541057995515,0.002516550202895779,0.050165229022658506,0.0,420.0,420.0,420.0,0.059333541057995515,0.002516550202895779,0.050165229022658506,0.0,420.0,420.0,420.0,1.5496690109476723,1.308977194348269,0.9170021157115762,0.6885917491534246,0.4741585970021729,0.8699002305888325
Oil_Price/B,short,top_k_10,top_k_10,12.907760633155704,0.44078251207247376,0.1927431207150221,measured_candidate_query_loop_precomputed_vanilla_fallback_separate_retrieval,12.0,420.0,0.02857142857142857,3.22774723768037,128.00988068145824,11.314145159112032,0.0,420.0,420.0,420.0,0.6844834627808926,2.057688872379566,1.4344646640400613,0.0,420.0,420.0,420.0,0.7915375606511246,2.601215527758837,1.612828424773955,0.0,420.0,420.0,420.0,0.06057998145734389,0.0028353454728521008,0.05324796214741087,0.0,420.0,420.0,420.0,0.05902458074662899,0.0023512319256166992,0.048489503251907,0.0,420.0,420.0,420.0,1.4242146956650532,1.1355176256142518,1.0656066936793573,0.0,420.0,420.0,420.0,0.059987264298263315,0.0027315408678082916,0.05226414514567603,0.0,420.0,420.0,420.0,0.059987264298263315,0.0027315408678082916,0.05226414514567603,0.0,420.0,420.0,420.0,1.5496690109476723,1.308977194348269,0.9190444447192632,0.6876350279649102,0.47284193168430283,0.8674846517701315
Oil_Price/B,short,top_k_15,top_k_15,18.63660362130031,0.44078251207247376,0.1927431207150221,measured_candidate_query_loop_precomputed_vanilla_fallback_separate_retrieval,12.0,420.0,0.02857142857142857,3.0321557627876867,102.55672618530949,10.127029484765485,0.0,420.0,420.0,420.0,0.6711557662112616,1.8992851808347089,1.3781455586528981,0.0,420.0,420.0,420.0,0.7780807174057137,2.426746159989097,1.5578017075318338,0.0,420.0,420.0,420.0,0.06065403406396993,0.002917027523639092,0.05400951326978509,0.0,420.0,420.0,420.0,0.05898255242063527,0.0023575377056557945,0.048554481828723024,0.0,420.0,420.0,420.0,1.4229603170684708,1.1290698976652198,1.0625770078752974,0.0,420.0,420.0,420.0,0.06004123163993164,0.002791469799144358,0.052834361916695445,0.0,420.0,420.0,420.0,0.06004123163993164,0.002791469799144358,0.052834361916695445,0.0,420.0,420.0,420.0,1.5496690109476723,1.308977194348269,0.9182349953544499,0.6856799744775806,0.4701570273995755,0.8625588761516781
Oil_Price/B,short,selected_task,selected_task,,,,assembled_from_candidate_artifacts_no_independent_selected_method_latency,0.0,420.0,0.0,3.0767983394133465,109.87045117337244,10.481910664252602,0.0,420.0,420.0,420.0,0.6698824189678264,1.9521683152779739,1.3972001700822878,0.0,420.0,420.0,420.0,0.7766318252161922,2.4736413474747128,1.572781404860419,0.0,420.0,420.0,420.0,0.05722644024303948,0.0022327032258090637,0.04725148913853471,0.0,420.0,420.0,420.0,0.05626318623883386,0.0019927562762354404,0.04464029879195972,0.0,420.0,420.0,420.0,1.3665025171338467,1.0581466689313042,1.0286625632010258,0.0,420.0,420.0,420.0,0.056787668153709066,0.0021832631044702237,0.046725401062700615,0.0,420.0,420.0,420.0,0.056787668153709066,0.0021832631044702237,0.046725401062700615,0.0,420.0,420.0,420.0,1.5496690109476723,1.308977194348269,0.8818028285267101,0.6637950142475687,0.4406238209399298,0.8083767032000494
Oil_Price/B,short,selected_per_variate,selected_per_variate,,,,assembled_from_candidate_artifacts_no_independent_selected_method_latency,1.0,420.0,0.002380952380952381,2.989589613804953,89.80229573060357,9.476407321902302,0.0,420.0,420.0,420.0,0.6687433583603569,1.862501866679908,1.3647350902940498,0.0,420.0,420.0,420.0,0.7775958545307929,2.3849343008214796,1.5443232501071398,0.0,420.0,420.0,420.0,0.05700283259481709,0.0021524608276560307,0.04639462067585024,0.0,420.0,420.0,420.0,0.05613874409652812,0.0019764220476204534,0.04445696849336955,0.0,420.0,420.0,420.0,1.3631151386202538,1.0366751402909409,1.0181724511549803,0.0,420.0,420.0,420.0,0.05660637486558657,0.002128625040771943,0.04613702461984239,0.0,420.0,420.0,420.0,0.05660637486558657,0.002128625040771943,0.04613702461984239,0.0,420.0,420.0,420.0,1.5496690109476723,1.308977194348269,0.8796169562600115,0.6570257545076256,0.43168284208631474,0.7919734161656609
Job_Claims/W,short,vanilla_univariate,vanilla_univariate,0.014742894098162651,0.0,0.0,measured_candidate_query_loop_precomputed_vanilla_fallback_separate_retrieval,0.0,8.0,0.0,773731279.695221,1.1326849368901952e+18,1064276720.0734005,0.0,8.0,8.0,8.0,18364.717998798078,237281168.14198655,15403.933528225398,0.0,8.0,8.0,8.0,21751.895720447388,300586312.26200354,17337.42519124462,0.0,8.0,8.0,8.0,0.024863744819462,0.00018881379028656115,0.013740953034144363,0.0,8.0,8.0,8.0,0.025186709060617214,0.0002011114657324056,0.014181377427189702,0.0,8.0,8.0,8.0,3.1948713277732175,2.3923974325292057,1.5467376741158165,0.0,8.0,8.0,8.0,0.025047318100689574,0.00019493912070160945,0.013962060045050996,0.0,8.0,8.0,8.0,0.025047318100689574,0.00019493912070160945,0.013962060045050996,0.0,8.0,8.0,8.0,2.721408984092651,1.8094438105119042,1.173976916534074,0.5683591415905892,0.32303211382959135,1.3221728238426922
Job_Claims/W,short,vanilla_multivariate,vanilla_multivariate,0.01695322012528777,0.0,0.0,measured_candidate_query_loop_precomputed_vanilla_fallback_separate_retrieval,0.0,8.0,0.0,801192465.5035448,1.1943666987855165e+18,1092870851.8326933,0.0,8.0,8.0,8.0,18632.72295673077,245584066.57982314,15671.122058736673,0.0,8.0,8.0,8.0,22058.763513467784,314603417.76044726,17737.06339167922,0.0,8.0,8.0,8.0,0.023547216396412655,0.00010547395494560924,0.0102700513604173,0.0,8.0,8.0,8.0,0.023805497312451334,0.00010866851480808881,0.010424419159266804,0.0,8.0,8.0,8.0,3.14383480240003,2.1246436464692664,1.4576157403339423,0.0,8.0,8.0,8.0,0.023751431251234106,0.00010827595854223895,0.01040557343649253,0.0,8.0,8.0,8.0,0.023751431251234106,0.00010827595854223895,0.01040557343649253,0.0,8.0,8.0,8.0,2.721408984092651,1.8094438105119042,1.1552232026779394,0.5356106887476628,0.2868788099007457,1.1741970842787266
Job_Claims/W,short,self_augmentation,self_augmentation,0.01740359514951706,0.0,0.0,measured_candidate_query_loop_precomputed_vanilla_fallback_separate_retrieval,0.0,8.0,0.0,664900418.9762597,8.471627349767703e+17,920414436.5321364,0.0,8.0,8.0,8.0,16743.08308293269,202496123.45827413,14230.113262313625,0.0,8.0,8.0,8.0,20167.609596643164,258167942.13364628,16067.605364012594,0.0,8.0,8.0,8.0,0.023307611643993156,0.00017039427035758244,0.01305351563210396,0.0,8.0,8.0,8.0,0.023706979030079664,0.00018259676793706684,0.013512837153502103,0.0,8.0,8.0,8.0,2.9577156129077693,2.112426944174118,1.4534190531894502,0.0,8.0,8.0,8.0,0.023598906693229754,0.00017882098294939866,0.013372396305427036,0.0,8.0,8.0,8.0,0.023598906693229754,0.00017882098294939866,0.013372396305427036,0.0,8.0,8.0,8.0,2.721408984092651,1.8094438105119042,1.0868324570824863,0.5340685878840944,0.28522925656451076,1.1674454503102243
Job_Claims/W,short,top_k_1,top_k_1,0.016814378555864096,0.018724829889833927,0.006123577710241079,measured_candidate_query_loop_precomputed_vanilla_fallback_separate_retrieval,0.0,8.0,0.0,736590355.0468493,8.303060065091305e+17,911211285.3280135,0.0,8.0,8.0,8.0,18431.70988581731,201517056.08945984,14195.670328993268,0.0,8.0,8.0,8.0,21855.722998679314,258917727.25184917,16090.920646496557,0.0,8.0,8.0,8.0,0.024703954752662842,0.0001674123081642747,0.012938790830841757,0.0,8.0,8.0,8.0,0.024992475122645002,0.00017783320201004385,0.013335411580076704,0.0,8.0,8.0,8.0,3.2004649066810806,1.8176011673669872,1.3481843966486882,0.0,8.0,8.0,8.0,0.024887109235103184,0.0001727843090097483,0.013144744539539302,0.0,8.0,8.0,8.0,0.024887109235103184,0.0001727843090097483,0.013144744539539302,0.0,8.0,8.0,8.0,2.721408984092651,1.8094438105119042,1.1760323146534155,0.49539940689884515,0.24542057235572756,1.0045082123068387
Job_Claims/W,short,top_k_5,top_k_5,0.017240822780877352,0.018724829889833927,0.006123577710241079,measured_candidate_query_loop_precomputed_vanilla_fallback_separate_retrieval,0.0,8.0,0.0,833120457.8472385,1.274022458031938e+18,1128726033.2037787,0.0,8.0,8.0,8.0,18724.45793269231,265371591.52978408,16290.229940973335,0.0,8.0,8.0,8.0,22134.22724010114,343196442.3308031,18525.561862756094,0.0,8.0,8.0,8.0,0.023936139803297396,0.00013197745677856628,0.011488144183399086,0.0,8.0,8.0,8.0,0.024190668053665213,0.00013836732347975877,0.01176296406012357,0.0,8.0,8.0,8.0,3.1808339474842136,2.4907210789466045,1.5782018498742816,0.0,8.0,8.0,8.0,0.024116931475776114,0.00013595867828825324,0.011660132001321993,0.0,8.0,8.0,8.0,0.024116931475776114,0.00013595867828825324,0.011660132001321993,0.0,8.0,8.0,8.0,2.721408984092651,1.8094438105119042,1.168818786914066,0.579920864191779,0.3363082087249398,1.3765119781431414
Job_Claims/W,short,top_k_10,top_k_10,0.019261141773313284,0.018724829889833927,0.006123577710241079,measured_candidate_query_loop_precomputed_vanilla_fallback_separate_retrieval,0.0,8.0,0.0,873325547.1814833,1.306645440373331e+18,1143085928.6918595,0.0,8.0,8.0,8.0,19758.83428485577,258312403.33246702,16072.10015313702,0.0,8.0,8.0,8.0,23422.618725447912,324706479.22378,18019.613736808566,0.0,8.0,8.0,8.0,0.024563688656649853,0.00011365231540478168,0.010660783995784816,0.0,8.0,8.0,8.0,0.024805451853478287,0.00011867389009173595,0.01089375463702648,0.0,8.0,8.0,8.0,3.3082778319325254,2.1062035370679326,1.4512765198500017,0.0,8.0,8.0,8.0,0.02473279559907021,0.0001167624944206883,0.010805669549856145,0.0,8.0,8.0,8.0,0.02473279559907021,0.0001167624944206883,0.010805669549856145,0.0,8.0,8.0,8.0,2.721408984092651,1.8094438105119042,1.215648897784301,0.5332812996257061,0.28438894453048225,1.1640060469587465
Job_Claims/W,short,top_k_15,top_k_15,0.02444142196327448,0.018724829889833927,0.006123577710241079,measured_candidate_query_loop_precomputed_vanilla_fallback_separate_retrieval,0.0,8.0,0.0,908002796.5359567,1.4580524204181184e+18,1207498414.2507677,0.0,8.0,8.0,8.0,19936.457181490383,274547454.1019695,16569.473561401082,0.0,8.0,8.0,8.0,23708.587633242412,345905668.9728217,18598.53943117098,0.0,8.0,8.0,8.0,0.02469121853736049,0.00011439633419843272,0.010695622197816858,0.0,8.0,8.0,8.0,0.024913480393365203,0.0001183315113450743,0.010878028835458855,0.0,8.0,8.0,8.0,3.33227568423107,2.300322190694313,1.5166813082168293,0.0,8.0,8.0,8.0,0.02484891320887788,0.00011675282667898363,0.01080522219479931,0.0,8.0,8.0,8.0,0.02484891320887788,0.00011675282667898363,0.01080522219479931,0.0,8.0,8.0,8.0,2.721408984092651,1.8094438105119042,1.2244670697087776,0.55731472817288,0.31059970623841116,1.2712868878992911
Job_Claims/W,short,selected_task,selected_task,,,,assembled_from_candidate_artifacts_no_independent_selected_method_latency,0.0,8.0,0.0,801192465.5035448,1.1943666987855165e+18,1092870851.8326933,0.0,8.0,8.0,8.0,18632.72295673077,245584066.57982314,15671.122058736673,0.0,8.0,8.0,8.0,22058.763513467784,314603417.76044726,17737.06339167922,0.0,8.0,8.0,8.0,0.023547216396412655,0.00010547395494560924,0.0102700513604173,0.0,8.0,8.0,8.0,0.023805497312451334,0.00010866851480808881,0.010424419159266804,0.0,8.0,8.0,8.0,3.14383480240003,2.1246436464692664,1.4576157403339423,0.0,8.0,8.0,8.0,0.023751431251234106,0.00010827595854223895,0.01040557343649253,0.0,8.0,8.0,8.0,0.023751431251234106,0.00010827595854223895,0.01040557343649253,0.0,8.0,8.0,8.0,2.721408984092651,1.8094438105119042,1.1552232026779394,0.5356106887476628,0.2868788099007457,1.1741970842787266
Job_Claims/W,short,selected_per_variate,selected_per_variate,,,,assembled_from_candidate_artifacts_no_independent_selected_method_latency,0.0,8.0,0.0,764303218.7078717,1.1437521091860677e+18,1069463467.9062524,0.0,8.0,8.0,8.0,17982.79266826923,242656643.79813117,15577.440219693708,0.0,8.0,8.0,8.0,21421.40574751932,305426594.5080179,17476.45829417442,0.0,8.0,8.0,8.0,0.02320430113561697,0.00011423700057154578,0.010688171058302996,0.0,8.0,8.0,8.0,0.02345785073756912,0.00011762620233213237,0.010845561411569822,0.0,8.0,8.0,8.0,3.060663305615714,2.181127338500812,1.4768640216691622,0.0,8.0,8.0,8.0,0.023407244230292078,0.0001170969632599238,0.010821135026415843,0.0,8.0,8.0,8.0,0.023407244230292078,0.0001170969632599238,0.010821135026415843,0.0,8.0,8.0,8.0,2.721408984092651,1.8094438105119042,1.1246612778549983,0.5426835989378368,0.29450548855612296,1.205413136251938
Uncertainty_1M/M,short,vanilla_univariate,vanilla_univariate,0.015633043833076954,0.0,0.0,measured_candidate_query_loop_precomputed_vanilla_fallback_separate_retrieval,0.0,21.0,0.0,0.0012477290280550617,1.2582743194962173e-06,0.0011217282734674282,0.0,21.0,21.0,21.0,0.02684780198430258,0.000263029774001994,0.016218192686054574,0.0,21.0,21.0,21.0,0.030450287802284853,0.0003205090008130841,0.017902765172259957,0.0,21.0,21.0,21.0,0.03325843157678499,0.0003974944278220067,0.019937262295059637,0.0,21.0,21.0,21.0,0.032782336826419366,0.0003708718543497978,0.019258033501627258,0.0,21.0,21.0,21.0,0.33200175598340054,0.05384977296827724,0.23205553854255934,0.0,21.0,21.0,21.0,0.03302068266022921,0.00038480913711419284,0.019616552630729815,0.0,21.0,21.0,21.0,0.03302068266022921,0.00038480913711419284,0.019616552630729815,0.0,21.0,21.0,21.0,0.9687122092330922,0.4634703206443205,0.3427248596838053,0.2395505459008022,0.057384464041372325,0.11618817984593882
Uncertainty_1M/M,short,vanilla_multivariate,vanilla_multivariate,0.015213862992823124,0.0,0.0,measured_candidate_query_loop_precomputed_vanilla_fallback_separate_retrieval,0.0,21.0,0.0,0.0013304492132550176,1.804430758602874e-06,0.001343291017837488,0.0,21.0,21.0,21.0,0.027686571318005754,0.00031190159577207746,0.017660735991800496,0.0,21.0,21.0,21.0,0.03090080916367381,0.00037558920628523023,0.01938012400077023,0.0,21.0,21.0,21.0,0.0345052335059623,0.0005371540976004693,0.0231765851151646,0.0,21.0,21.0,21.0,0.03383316233328313,0.0004871287900967794,0.02207099431599717,0.0,21.0,21.0,21.0,0.3483185384775645,0.07373373763483874,0.2715395691880628,0.0,21.0,21.0,21.0,0.03423369299938836,0.000517310162627148,0.022744453447536346,0.0,21.0,21.0,21.0,0.03423369299938836,0.000517310162627148,0.022744453447536346,0.0,21.0,21.0,21.0,0.9687122092330922,0.4634703206443205,0.3595686470735416,0.2803098449673042,0.0785736091855941,0.15909052716112104
Uncertainty_1M/M,short,self_augmentation,self_augmentation,0.03141065686941147,0.0,0.0,measured_candidate_query_loop_precomputed_vanilla_fallback_separate_retrieval,0.0,21.0,0.0,0.0014228826759078246,2.020642361627195e-06,0.0014214930044242902,0.0,21.0,21.0,21.0,0.02827626419445825,0.0003479094496616961,0.018652330944460966,0.0,21.0,21.0,21.0,0.03175466261476386,0.00041452407813034306,0.020359864393712034,0.0,21.0,21.0,21.0,0.03505468130334993,0.0005805277487957771,0.024094143454287332,0.0,21.0,21.0,21.0,0.03441683374200842,0.000531137841055653,0.023046427945685052,0.0,21.0,21.0,21.0,0.35338293008049804,0.07822482750587259,0.27968701704918764,0.0,21.0,21.0,21.0,0.034805712368306825,0.0005599374718964637,0.023662997948198865,0.0,21.0,21.0,21.0,0.034805712368306825,0.0005599374718964637,0.023662997948198865,0.0,21.0,21.0,21.0,0.9687122092330922,0.4634703206443205,0.36479661008945413,0.28872044182307727,0.08335949352651295,0.16878066193564187
Uncertainty_1M/M,short,top_k_1,top_k_1,0.02730470895767212,0.010900443885475397,0.005499303340911865,measured_candidate_query_loop_precomputed_vanilla_fallback_separate_retrieval,0.0,21.0,0.0,0.0015151218024922089,2.1683831587352957e-06,0.001472543092318624,0.0,21.0,21.0,21.0,0.029664484281388542,0.00036504938646392195,0.019106265633658553,0.0,21.0,21.0,21.0,0.033037793248526424,0.0004236260197598306,0.020582177235652952,0.0,21.0,21.0,21.0,0.035798511933927704,0.00043029237233098417,0.020743489878296374,0.0,21.0,21.0,21.0,0.03527293060904125,0.00040659663178979307,0.020164241413695508,0.0,21.0,21.0,21.0,0.35544063374567497,0.05561289403000211,0.235823862299815,0.0,21.0,21.0,21.0,0.03554210835219797,0.00041908373234768363,0.020471534684719746,0.0,21.0,21.0,21.0,0.03554210835219797,0.00041908373234768363,0.020471534684719746,0.0,21.0,21.0,21.0,0.9687122092330922,0.4634703206443205,0.3669207741554836,0.24344058023849155,0.059263316106853446,0.11999235237477252
Uncertainty_1M/M,short,top_k_5,top_k_5,0.0653874990530312,0.010900443885475397,0.005499303340911865,measured_candidate_query_loop_precomputed_vanilla_fallback_separate_retrieval,0.0,21.0,0.0,0.0014600582135460606,2.029554663229903e-06,0.0014246243937367853,0.0,21.0,21.0,21.0,0.029105314186641147,0.0003427678146885044,0.01851398970207406,0.0,21.0,21.0,21.0,0.032488469073507414,0.0004045575908058129,0.02011361704929804,0.0,21.0,21.0,21.0,0.0351838728909951,0.0004196939467079038,0.020486433235385407,0.0,21.0,21.0,21.0,0.03465502673686261,0.00039226537740106107,0.01980569053078082,0.0,21.0,21.0,21.0,0.34949254813414976,0.054431635073608826,0.23330588306686317,0.0,21.0,21.0,21.0,0.03494246710436596,0.00040817640547394257,0.020203376090988916,0.0,21.0,21.0,21.0,0.03494246710436596,0.00040817640547394257,0.020203376090988916,0.0,21.0,21.0,21.0,0.9687122092330922,0.4634703206443205,0.3607805752864777,0.2408412744705326,0.058004519488590416,0.1174436261591411
Uncertainty_1M/M,short,top_k_10,top_k_10,0.11927296919748187,0.010900443885475397,0.005499303340911865,measured_candidate_query_loop_precomputed_vanilla_fallback_separate_retrieval,0.0,21.0,0.0,0.0015196763487630332,2.36982472104513e-06,0.0015394235028234205,0.0,21.0,21.0,21.0,0.029419643538338796,0.00037736137819964597,0.01942579157202213,0.0,21.0,21.0,21.0,0.03294515037354554,0.00043429341562750505,0.02083970766655581,0.0,21.0,21.0,21.0,0.03541374399581341,0.00044727341220623376,0.021148839500223972,0.0,21.0,21.0,21.0,0.034853173936531576,0.0004157556720232572,0.02039008759233901,0.0,21.0,21.0,21.0,0.3515856517256946,0.05683459177740735,0.23840006664723765,0.0,21.0,21.0,21.0,0.03517349661412082,0.0004351561286912215,0.020860396177714877,0.0,21.0,21.0,21.0,0.03517349661412082,0.0004351561286912215,0.020860396177714877,0.0,21.0,21.0,21.0,0.9687122092330922,0.4634703206443205,0.36294128263753084,0.2460999916951327,0.060565205912344384,0.12262833075998353
Uncertainty_1M/M,short,top_k_15,top_k_15,0.16550785675644875,0.010900443885475397,0.005499303340911865,measured_candidate_query_loop_precomputed_vanilla_fallback_separate_retrieval,0.0,21.0,0.0,0.0015190580684376408,2.1411590584341318e-06,0.0014632699882229977,0.0,21.0,21.0,21.0,0.02953769668700203,0.0003626288257412917,0.019042815593847767,0.0,21.0,21.0,21.0,0.03314401023466567,0.0004205326540020182,0.020506892841237998,0.0,21.0,21.0,21.0,0.03556722579288978,0.0004350841708462773,0.02085867135860473,0.0,21.0,21.0,21.0,0.03505631990233882,0.0004101698683362583,0.020252650896518665,0.0,21.0,21.0,21.0,0.35439528272110776,0.05846010976988886,0.24178525548488033,0.0,21.0,21.0,21.0,0.03533184171891843,0.0004244121436982411,0.02060126558486738,0.0,21.0,21.0,21.0,0.03533184171891843,0.0004244121436982411,0.02060126558486738,0.0,21.0,21.0,21.0,0.9687122092330922,0.4634703206443205,0.36584166003407204,0.24959451649349637,0.062297422663622225,0.12613560602676155
Uncertainty_1M/M,short,selected_task,selected_task,,,,assembled_from_candidate_artifacts_no_independent_selected_method_latency,0.0,21.0,0.0,0.0012477290280550617,1.2582743194962173e-06,0.0011217282734674282,0.0,21.0,21.0,21.0,0.02684780198430258,0.000263029774001994,0.016218192686054574,0.0,21.0,21.0,21.0,0.030450287802284853,0.0003205090008130841,0.017902765172259957,0.0,21.0,21.0,21.0,0.03325843157678499,0.0003974944278220067,0.019937262295059637,0.0,21.0,21.0,21.0,0.032782336826419366,0.0003708718543497978,0.019258033501627258,0.0,21.0,21.0,21.0,0.33200175598340054,0.05384977296827724,0.23205553854255934,0.0,21.0,21.0,21.0,0.03302068266022921,0.00038480913711419284,0.019616552630729815,0.0,21.0,21.0,21.0,0.03302068266022921,0.00038480913711419284,0.019616552630729815,0.0,21.0,21.0,21.0,0.9687122092330922,0.4634703206443205,0.3427248596838053,0.2395505459008022,0.057384464041372325,0.11618817984593882
Uncertainty_1M/M,short,selected_per_variate,selected_per_variate,,,,assembled_from_candidate_artifacts_no_independent_selected_method_latency,0.0,21.0,0.0,0.0012208188129275552,1.1660712838272855e-06,0.0010798478058630695,0.0,21.0,21.0,21.0,0.026782515503111344,0.00024247414624551278,0.015571581366242569,0.0,21.0,21.0,21.0,0.030435312821681555,0.00029451054637394175,0.01716130957630978,0.0,21.0,21.0,21.0,0.03314389992634396,0.0003535377738751109,0.018802600189205505,0.0,21.0,21.0,21.0,0.03271741442456628,0.00033079691723617537,0.01818782332320653,0.0,21.0,21.0,21.0,0.3309704359356408,0.048208665419337576,0.21956471806585315,0.0,21.0,21.0,21.0,0.03292412721023054,0.00034242167819847614,0.018504639369587187,0.0,21.0,21.0,21.0,0.03292412721023054,0.00034242167819847614,0.018504639369587187,0.0,21.0,21.0,21.0,0.9687122092330922,0.4634703206443205,0.34166022971638055,0.2266562927287534,0.05137307503354234,0.10401672614616934
Housing_Inventory/M,short,vanilla_univariate,vanilla_univariate,0.01481266412883997,0.0,0.0,measured_candidate_query_loop_precomputed_vanilla_fallback_separate_retrieval,0.0,12.0,0.0,4419964406.479045,6.295109011849874e+19,7934172302.042522,0.0,12.0,12.0,12.0,31923.693666855488,2585350900.267982,50846.34598737634,0.0,12.0,12.0,12.0,35589.26110233687,3153368900.668737,56154.865333902606,0.0,12.0,12.0,12.0,0.06811449468188992,0.0034319912046067596,0.05858319899601557,0.0,12.0,12.0,12.0,0.0690356207493675,0.0034998940310237633,0.05915990222290571,0.0,12.0,12.0,12.0,0.5629531221029819,0.06722648808526925,0.2592807129064352,0.0,12.0,12.0,12.0,0.06868400575190355,0.0034865528740606875,0.05904703950293094,0.0,12.0,12.0,12.0,0.06868400575190355,0.0034865528740606875,0.05904703950293094,0.0,12.0,12.0,12.0,0.6840076077319015,0.15831152058175027,0.8230217262782737,0.37906115367076576,0.14368735822221188,0.4246468471670971
Housing_Inventory/M,short,vanilla_multivariate,vanilla_multivariate,0.014988601207733154,0.0,0.0,measured_candidate_query_loop_precomputed_vanilla_fallback_separate_retrieval,0.0,12.0,0.0,5223247912.103345,9.013352830449287e+19,9493867931.696379,0.0,12.0,12.0,12.0,33986.019684023326,3196884643.7776227,56540.99967083729,0.0,12.0,12.0,12.0,37384.33966479991,3825659059.930214,61851.91233850586,0.0,12.0,12.0,12.0,0.06891985208206033,0.0045383430717351875,0.06736722550124198,0.0,12.0,12.0,12.0,0.06925662442810825,0.0043500018588937565,0.0659545438836003,0.0,12.0,12.0,12.0,0.5298324093950973,0.08572568697282786,0.2927894925929342,0.0,12.0,12.0,12.0,0.06953371864803824,0.0046121893803887926,0.06791310168434948,0.0,12.0,12.0,12.0,0.06953371864803824,0.0046121893803887926,0.06791310168434948,0.0,12.0,12.0,12.0,0.6840076077319015,0.15831152058175027,0.7746001702407476,0.42805005278200614,0.18322684768667824,0.5414999910165103
Housing_Inventory/M,short,self_augmentation,self_augmentation,0.015158283058553934,0.0,0.0,measured_candidate_query_loop_precomputed_vanilla_fallback_separate_retrieval,0.0,12.0,0.0,3713542883.9280434,4.720414363826624e+19,6870527173.242694,0.0,12.0,12.0,12.0,29058.042761405308,2191775780.7381263,46816.40503859866,0.0,12.0,12.0,12.0,32397.562235926347,2663940845.097322,51613.378547594824,0.0,12.0,12.0,12.0,0.06407217852615411,0.003007552410992383,0.054841156178479525,0.0,12.0,12.0,12.0,0.06427822471666461,0.002941517748223531,0.054235760787726864,0.0,12.0,12.0,12.0,0.5363074704482196,0.05800019911240428,0.2408323049601201,0.0,12.0,12.0,12.0,0.06437304748199575,0.003017521234807506,0.054931969151009924,0.0,12.0,12.0,12.0,0.06437304748199575,0.003017521234807506,0.054931969151009924,0.0,12.0,12.0,12.0,0.6840076077319015,0.15831152058175027,0.7840665284799385,0.35209009700739313,0.1239674364106755,0.3663675195542932
Housing_Inventory/M,short,top_k_1,top_k_1,0.01723720319569111,0.010891355108469725,0.0038293967954814434,measured_candidate_query_loop_precomputed_vanilla_fallback_separate_retrieval,0.0,12.0,0.0,4056156318.6439114,5.341592759486935e+19,7308620088.284063,0.0,12.0,12.0,12.0,30763.151955339647,2348929735.691697,48465.7583835402,0.0,12.0,12.0,12.0,34311.36297851462,2878886689.2005286,53655.25779642223,0.0,12.0,12.0,12.0,0.06752578044537577,0.0031273636148302438,0.055922836255238736,0.0,12.0,12.0,12.0,0.06798740448074908,0.003087968820603563,0.05556949541433288,0.0,12.0,12.0,12.0,0.5856847809949403,0.057053408167266284,0.2388585526357938,0.0,12.0,12.0,12.0,0.06804915461546494,0.00316601935092623,0.056267391541871124,0.0,12.0,12.0,12.0,0.06804915461546494,0.00316601935092623,0.056267391541871124,0.0,12.0,12.0,12.0,0.6840076077319015,0.15831152058175027,0.8562547760791878,0.3492045262885658,0.12194380118042167,0.36038696335940096
Housing_Inventory/M,short,top_k_5,top_k_5,0.018033050931990147,0.010891355108469725,0.0038293967954814434,measured_candidate_query_loop_precomputed_vanilla_fallback_separate_retrieval,0.0,12.0,0.0,4504435267.660756,7.504672133711697e+19,8662951075.535229,0.0,12.0,12.0,12.0,32484.8276471032,2590893058.647741,50900.81589373338,0.0,12.0,12.0,12.0,36178.90480830636,3195522114.5322633,56528.94934926938,0.0,12.0,12.0,12.0,0.0726463531814836,0.00407840850650846,0.06386241857703527,0.0,12.0,12.0,12.0,0.07210421609055617,0.003581829797465547,0.05984839009919604,0.0,12.0,12.0,12.0,0.6336865990353834,0.06624017106579617,0.2573716594067734,0.0,12.0,12.0,12.0,0.07324523377900567,0.004130085592532328,0.06426574198227489,0.0,12.0,12.0,12.0,0.07324523377900567,0.004130085592532328,0.06426574198227489,0.0,12.0,12.0,12.0,0.6840076077319015,0.15831152058175027,0.9264320920883068,0.37627017082484104,0.14157924145255504,0.41841661821187864
Housing_Inventory/M,short,top_k_10,top_k_10,0.020804665982723236,0.010891355108469725,0.0038293967954814434,measured_candidate_query_loop_precomputed_vanilla_fallback_separate_retrieval,0.0,12.0,0.0,5401343538.206817,1.187154815855832e+20,10895663430.263584,0.0,12.0,12.0,12.0,35068.98543752565,3163700664.6008906,56246.78359338328,0.0,12.0,12.0,12.0,39007.56613918165,3879753322.104185,62287.6658906415,0.0,12.0,12.0,12.0,0.08018335474950324,0.0056287460053620125,0.07502496921266955,0.0,12.0,12.0,12.0,0.07895844843158661,0.004956059338820324,0.07039928507321877,0.0,12.0,12.0,12.0,0.6825600733704356,0.0885303562937832,0.29754051202110815,0.0,12.0,12.0,12.0,0.08082836052165593,0.005695941572294535,0.07547146197268564,0.0,12.0,12.0,12.0,0.08082836052165593,0.005695941572294535,0.07547146197268564,0.0,12.0,12.0,12.0,0.6840076077319015,0.15831152058175027,0.9978837452316272,0.4349959103638068,0.18922144203323704,0.5592161326507323
Housing_Inventory/M,short,top_k_15,top_k_15,0.026117217261344194,0.010891355108469725,0.0038293967954814434,measured_candidate_query_loop_precomputed_vanilla_fallback_separate_retrieval,0.0,12.0,0.0,4013526734.935154,7.529887366197446e+19,8677492360.237171,0.0,12.0,12.0,12.0,29759.339177052174,2386261627.534471,48849.376941108174,0.0,12.0,12.0,12.0,33079.8005117972,2919253533.0348563,54030.11690746982,0.0,12.0,12.0,12.0,0.07054014691476115,0.004320394676670515,0.06572970923920564,0.0,12.0,12.0,12.0,0.06900525333389877,0.0036439549866221373,0.0603651802500592,0.0,12.0,12.0,12.0,0.6190683804099261,0.06620017079646141,0.25729393851480725,0.0,12.0,12.0,12.0,0.07100868023677735,0.004392843486748039,0.06627852960611029,0.0,12.0,12.0,12.0,0.07100868023677735,0.004392843486748039,0.06627852960611029,0.0,12.0,12.0,12.0,0.6840076077319015,0.15831152058175027,0.9050606651330865,0.37615654505359575,0.14149374638665782,0.41816395012311436
Housing_Inventory/M,short,selected_task,selected_task,,,,assembled_from_candidate_artifacts_no_independent_selected_method_latency,0.0,12.0,0.0,5223247912.103345,9.013352830449287e+19,9493867931.696379,0.0,12.0,12.0,12.0,33986.019684023326,3196884643.7776227,56540.99967083729,0.0,12.0,12.0,12.0,37384.33966479991,3825659059.930214,61851.91233850586,0.0,12.0,12.0,12.0,0.06891985208206033,0.0045383430717351875,0.06736722550124198,0.0,12.0,12.0,12.0,0.06925662442810825,0.0043500018588937565,0.0659545438836003,0.0,12.0,12.0,12.0,0.5298324093950973,0.08572568697282786,0.2927894925929342,0.0,12.0,12.0,12.0,0.06953371864803824,0.0046121893803887926,0.06791310168434948,0.0,12.0,12.0,12.0,0.06953371864803824,0.0046121893803887926,0.06791310168434948,0.0,12.0,12.0,12.0,0.6840076077319015,0.15831152058175027,0.7746001702407476,0.42805005278200614,0.18322684768667824,0.5414999910165103
Housing_Inventory/M,short,selected_per_variate,selected_per_variate,,,,assembled_from_candidate_artifacts_no_independent_selected_method_latency,0.0,12.0,0.0,4419964376.120855,6.295109038686296e+19,7934172318.954445,0.0,12.0,12.0,12.0,31923.019684023326,2585393905.158131,50846.7688762829,0.0,12.0,12.0,12.0,35588.57987042466,3153417358.92726,56155.29680205831,0.0,12.0,12.0,12.0,0.06697598193946878,0.0034309865363881357,0.05857462365553991,0.0,12.0,12.0,12.0,0.06754754932406278,0.0034569806156490627,0.05879609354071971,0.0,12.0,12.0,12.0,0.5411470587922198,0.06718586899366902,0.2592023707331185,0.0,12.0,12.0,12.0,0.06746940329770879,0.0034867556995260163,0.059048756968508795,0.0,12.0,12.0,12.0,0.06746940329770879,0.0034867556995260163,0.059048756968508795,0.0,12.0,12.0,12.0,0.6840076077319015,0.15831152058175027,0.7911418713405944,0.37894661960355497,0.1436005405089614,0.42439027018867526
JOLTS/M,short,vanilla_univariate,vanilla_univariate,0.015460581984370947,0.0,0.0,measured_candidate_query_loop_precomputed_vanilla_fallback_separate_retrieval,0.0,30.0,0.0,434621.66999853315,2606839173723.5737,1614570.894610569,0.0,30.0,30.0,30.0,326.87805133395716,178034.7194393875,421.9416066701499,0.0,30.0,30.0,30.0,391.41417898336846,281416.6104893089,530.4871445089965,0.0,30.0,30.0,30.0,0.0783358296225989,0.0026537203976167148,0.05151427372696537,0.0,30.0,30.0,30.0,0.07875980218731762,0.0030813150559449985,0.055509594269324274,0.0,30.0,30.0,30.0,1.034014653679809,0.5590876720932934,0.7477216541556713,0.0,30.0,30.0,30.0,0.07841091593831297,0.002878568911261858,0.05365229642113987,0.0,30.0,30.0,30.0,0.07841091593831297,0.002878568911261858,0.05365229642113987,0.0,30.0,30.0,30.0,1.68559441428069,0.8877843622848538,0.6134421453461354,0.4435952372770254,0.19677673453486047,0.6297561613434963
JOLTS/M,short,vanilla_multivariate,vanilla_multivariate,0.014903202187269926,0.0,0.0,measured_candidate_query_loop_precomputed_vanilla_fallback_separate_retrieval,0.0,30.0,0.0,433577.2882323197,2621970442135.006,1619249.962833103,0.0,30.0,30.0,30.0,294.31971215142147,206389.74789915263,454.3013844345542,0.0,30.0,30.0,30.0,354.05080223230556,308225.3176709805,555.1804370391491,0.0,30.0,30.0,30.0,0.07069326732742162,0.0035058306779593203,0.05921005554767974,0.0,30.0,30.0,30.0,0.07172026802905904,0.004095275186473948,0.06399433714379693,0.0,30.0,30.0,30.0,0.9042078797292128,0.6698705208779311,0.8184561814037029,0.0,30.0,30.0,30.0,0.07075008658404185,0.0037580930315176822,0.061303287281496435,0.0,30.0,30.0,30.0,0.07075008658404185,0.0037580930315176822,0.061303287281496435,0.0,30.0,30.0,30.0,1.68559441428069,0.8877843622848538,0.5364326507424232,0.485559381586448,0.23576791304661388,0.7545419240702924
JOLTS/M,short,self_augmentation,self_augmentation,0.022916506975889206,0.0,0.0,measured_candidate_query_loop_precomputed_vanilla_fallback_separate_retrieval,0.0,30.0,0.0,417898.03116141615,2255894893170.367,1501963.6790449917,0.0,30.0,30.0,30.0,319.1520718044705,169775.09107238334,412.0377301563333,0.0,30.0,30.0,30.0,384.8423880254601,269794.36754027737,519.4173346551667,0.0,30.0,30.0,30.0,0.0752772207955716,0.0026254488532304115,0.05123913400156575,0.0,30.0,30.0,30.0,0.0756007617520563,0.003034431857241715,0.055085677423825107,0.0,30.0,30.0,30.0,0.9974110428387805,0.5411336122741701,0.735617843906855,0.0,30.0,30.0,30.0,0.07516992702054615,0.002854729317348817,0.05342966701514072,0.0,30.0,30.0,30.0,0.07516992702054615,0.002854729317348817,0.05342966701514072,0.0,30.0,30.0,30.0,1.68559441428069,0.8877843622848538,0.5917265947184663,0.4364145002347865,0.1904576160151785,0.6095327145450917
JOLTS/M,short,top_k_1,top_k_1,0.02174674579873681,0.010646941605955362,0.005551652982831001,measured_candidate_query_loop_precomputed_vanilla_fallback_separate_retrieval,0.0,30.0,0.0,440764.61020304787,2467104693435.568,1570701.974734726,0.0,30.0,30.0,30.0,333.1884297688802,182346.919227376,427.02098218632767,0.0,30.0,30.0,30.0,399.6609107337188,281035.7666345424,530.1280662580905,0.0,30.0,30.0,30.0,0.07861704058268747,0.0027849783721002035,0.052772894293379474,0.0,30.0,30.0,30.0,0.07945270516401447,0.003249161015941246,0.05700141240303828,0.0,30.0,30.0,30.0,1.0374669594588248,0.575849501660728,0.7588474824763722,0.0,30.0,30.0,30.0,0.078550224626142,0.0030109126508327927,0.054871783740213814,0.0,30.0,30.0,30.0,0.078550224626142,0.0030109126508327927,0.054871783740213814,0.0,30.0,30.0,30.0,1.68559441428069,0.8877843622848538,0.6154902689930621,0.4501957742902242,0.2026762351887745,0.6486366803969018
JOLTS/M,short,top_k_5,top_k_5,0.04150801291689277,0.010646941605955362,0.005551652982831001,measured_candidate_query_loop_precomputed_vanilla_fallback_separate_retrieval,0.0,30.0,0.0,452661.03875010094,2559258321561.336,1599768.2086981651,0.0,30.0,30.0,30.0,339.5235149807401,187262.35012096973,432.7382004410631,0.0,30.0,30.0,30.0,405.23906921388976,288442.3355327613,537.0682782782477,0.0,30.0,30.0,30.0,0.08048639325296282,0.0030232009164480674,0.054983642262477185,0.0,30.0,30.0,30.0,0.08152491933089809,0.003552079763197899,0.05959932686866437,0.0,30.0,30.0,30.0,1.0682143720479436,0.6314995312329124,0.7946694477787053,0.0,30.0,30.0,30.0,0.0805637083781522,0.003251985200169669,0.0570261799542076,0.0,30.0,30.0,30.0,0.0805637083781522,0.003251985200169669,0.0570261799542076,0.0,30.0,30.0,30.0,1.68559441428069,0.8877843622848538,0.6337315566531424,0.471447603911183,0.2222628432335957,0.7113208545458586
JOLTS/M,short,top_k_10,top_k_10,0.07182533014565706,0.010646941605955362,0.005551652982831001,measured_candidate_query_loop_precomputed_vanilla_fallback_separate_retrieval,0.0,30.0,0.0,457198.85768360394,2643110272777.281,1625764.5194730018,0.0,30.0,30.0,30.0,335.70409511990016,191278.4400580163,437.3539071027219,0.0,30.0,30.0,30.0,403.50215770761304,294384.86640890484,542.5724526815795,0.0,30.0,30.0,30.0,0.08023386850717654,0.003294271394300183,0.057395743694983015,0.0,30.0,30.0,30.0,0.08113104767712943,0.00383371683856876,0.061917015743402554,0.0,30.0,30.0,30.0,1.0629110082747086,0.6676352616334249,0.8170895065006188,0.0,30.0,30.0,30.0,0.08017926573731629,0.003496895999972137,0.05913455842375199,0.0,30.0,30.0,30.0,0.08017926573731629,0.003496895999972137,0.05913455842375199,0.0,30.0,30.0,30.0,1.68559441428069,0.8877843622848538,0.6305852696648232,0.484748584581246,0.23498119025352143,0.7520241288269144
JOLTS/M,short,top_k_15,top_k_15,0.09921453008428216,0.010646941605955362,0.005551652982831001,measured_candidate_query_loop_precomputed_vanilla_fallback_separate_retrieval,0.0,30.0,0.0,451402.96552832896,2660944131022.3745,1631240.0592869138,0.0,30.0,30.0,30.0,330.0714593675401,192925.67876788529,439.2330574625335,0.0,30.0,30.0,30.0,396.8384269271653,293922.22844230186,542.1459475476155,0.0,30.0,30.0,30.0,0.07914347860384299,0.003280981931242733,0.05727985624320939,0.0,30.0,30.0,30.0,0.07997790448813472,0.003837286280228226,0.06194583343719112,0.0,30.0,30.0,30.0,1.0419805273631526,0.657722281776548,0.8110007902440959,0.0,30.0,30.0,30.0,0.07903462484491973,0.003490812626833358,0.05908309933334031,0.0,30.0,30.0,30.0,0.07903462484491973,0.003490812626833358,0.05908309933334031,0.0,30.0,30.0,30.0,1.68559441428069,0.8877843622848538,0.618167999689182,0.4811363773949038,0.2314922136526913,0.740858151729318
JOLTS/M,short,selected_task,selected_task,,,,assembled_from_candidate_artifacts_no_independent_selected_method_latency,0.0,30.0,0.0,434621.66999853315,2606839173723.5737,1614570.894610569,0.0,30.0,30.0,30.0,326.87805133395716,178034.7194393875,421.9416066701499,0.0,30.0,30.0,30.0,391.41417898336846,281416.6104893089,530.4871445089965,0.0,30.0,30.0,30.0,0.0783358296225989,0.0026537203976167148,0.05151427372696537,0.0,30.0,30.0,30.0,0.07875980218731762,0.0030813150559449985,0.055509594269324274,0.0,30.0,30.0,30.0,1.034014653679809,0.5590876720932934,0.7477216541556713,0.0,30.0,30.0,30.0,0.07841091593831297,0.002878568911261858,0.05365229642113987,0.0,30.0,30.0,30.0,0.07841091593831297,0.002878568911261858,0.05365229642113987,0.0,30.0,30.0,30.0,1.68559441428069,0.8877843622848538,0.6134421453461354,0.4435952372770254,0.19677673453486047,0.6297561613434963
JOLTS/M,short,selected_per_variate,selected_per_variate,,,,assembled_from_candidate_artifacts_no_independent_selected_method_latency,0.0,30.0,0.0,454588.457698248,2645470053328.241,1626490.1024378357,0.0,30.0,30.0,30.0,328.38120964898,193277.8970717533,439.63382157399275,0.0,30.0,30.0,30.0,395.35498052926744,298282.8970689506,546.1528147587912,0.0,30.0,30.0,30.0,0.07750996560768361,0.0031443783326841005,0.05607475664400248,0.0,30.0,30.0,30.0,0.07828095743057731,0.003739736964076168,0.06115338881923199,0.0,30.0,30.0,30.0,1.0313375506803872,0.6726195857945654,0.8201338828475295,0.0,30.0,30.0,30.0,0.07725401485405618,0.003416690493158765,0.05845246353370202,0.0,30.0,30.0,30.0,0.07725401485405618,0.003416690493158765,0.05845246353370202,0.0,30.0,30.0,30.0,1.68559441428069,0.8877843622848538,0.6118539204583802,0.4865546989828589,0.2367354751023005,0.7576384698458444
US_Labor/M,short,vanilla_univariate,vanilla_univariate,0.04415126098319888,0.0,0.0,measured_candidate_query_loop_precomputed_vanilla_fallback_separate_retrieval,0.0,70.0,0.0,473194.79251714476,1072427480573.667,1035580.7455595469,0.0,70.0,70.0,70.0,338.29492250311944,263311.6758880631,513.1390414771255,0.0,70.0,70.0,70.0,383.6732935008628,325989.59637134545,570.9549862916914,0.0,70.0,70.0,70.0,0.06213533360745738,0.010345579471121203,0.10171322171242637,0.0,70.0,70.0,70.0,0.059538295005400525,0.007252389078897459,0.0851609598284182,0.0,70.0,70.0,70.0,0.8665250903494667,1.012928233739117,1.0064433584355936,0.0,70.0,70.0,70.0,0.062215060146647426,0.010129528959960674,0.1006455610544284,0.0,70.0,70.0,70.0,0.062215060146647426,0.010129528959960674,0.1006455610544284,0.0,70.0,70.0,70.0,1.7726043654315742,2.936809552255237,0.4888429179392744,0.5677766443898811,0.3223703179146335,0.34490770195202763
US_Labor/M,short,vanilla_multivariate,vanilla_multivariate,0.02040874306112528,0.0,0.0,measured_candidate_query_loop_precomputed_vanilla_fallback_separate_retrieval,0.0,70.0,0.0,829229.6449017585,5182975230175.589,2276614.862065077,0.0,70.0,70.0,70.0,417.36032822784927,547911.9017336667,740.2107144142583,0.0,70.0,70.0,70.0,460.8333723391482,616862.2478402867,785.405785463977,0.0,70.0,70.0,70.0,0.08021101390233995,0.030640239342392274,0.17504353556299151,0.0,70.0,70.0,70.0,0.06990329136113915,0.013676448824658164,0.1169463501981065,0.0,70.0,70.0,70.0,1.0014785119848475,2.98197466787251,1.7268395026384211,0.0,70.0,70.0,70.0,0.07843269996771995,0.02782075783714114,0.16679555700659757,0.0,70.0,70.0,70.0,0.07843269996771995,0.02782075783714114,0.16679555700659757,0.0,70.0,70.0,70.0,1.7726043654315742,2.936809552255237,0.564975767585351,0.9741821335399844,0.9490308293085161,1.015378973274787
US_Labor/M,short,self_augmentation,self_augmentation,0.06549880979582667,0.0,0.0,measured_candidate_query_loop_precomputed_vanilla_fallback_separate_retrieval,0.0,70.0,0.0,1010165.5221270985,10283108641419.518,3206728.651042916,0.0,70.0,70.0,70.0,437.80900378028554,711416.9560795635,843.4553669753744,0.0,70.0,70.0,70.0,480.38628704904994,779394.5373423266,882.833244357238,0.0,70.0,70.0,70.0,0.08950850593065506,0.040817591567573565,0.20203363969293223,0.0,70.0,70.0,70.0,0.0769458755768254,0.0163298932119868,0.12778847057534887,0.0,70.0,70.0,70.0,1.1125995315148007,4.208170190687261,2.0513825071612706,0.0,70.0,70.0,70.0,0.08774607111375873,0.0371013677469212,0.19261715330395993,0.0,70.0,70.0,70.0,0.08774607111375873,0.0371013677469212,0.19261715330395993,0.0,70.0,70.0,70.0,1.7726043654315742,2.936809552255237,0.627663765932291,1.1572703684850865,1.3392747057736079,1.432905374288135
US_Labor/M,short,top_k_1,top_k_1,0.06536239897832274,0.012994203716516495,0.005552873946726322,measured_candidate_query_loop_precomputed_vanilla_fallback_separate_retrieval,0.0,70.0,0.0,731733.8812284169,3730864698596.925,1931544.6405912873,0.0,70.0,70.0,70.0,404.7685562255836,467138.70944332605,683.4754636732222,0.0,70.0,70.0,70.0,448.36443312792755,530703.216334289,728.4937997912467,0.0,70.0,70.0,70.0,0.08134998041384632,0.03015356200177159,0.1736478102417983,0.0,70.0,70.0,70.0,0.0735626347168567,0.01400276490067947,0.11833327892304628,0.0,70.0,70.0,70.0,1.0571177231196807,3.2285724535916,1.7968228776347435,0.0,70.0,70.0,70.0,0.08065824021517032,0.027788017660197402,0.16669738348335705,0.0,70.0,70.0,70.0,0.08065824021517032,0.027788017660197402,0.16669738348335705,0.0,70.0,70.0,70.0,1.7726043654315742,2.936809552255237,0.5963641654816219,1.0136626720973199,1.0275120128034785,1.0993468919740854
US_Labor/M,short,top_k_5,top_k_5,0.11901410622522235,0.012994203716516495,0.005552873946726322,measured_candidate_query_loop_precomputed_vanilla_fallback_separate_retrieval,0.0,70.0,0.0,1219478.307408378,19539449332858.918,4420344.933696794,0.0,70.0,70.0,70.0,463.949934232235,894946.4244162604,946.0160804216071,0.0,70.0,70.0,70.0,508.12336499412186,961288.9533554284,980.4534427271029,0.0,70.0,70.0,70.0,0.09324583710704049,0.04582025363163195,0.21405665986283154,0.0,70.0,70.0,70.0,0.0861851489849363,0.026559783901781965,0.1629717273080885,0.0,70.0,70.0,70.0,1.2030984024489448,4.687158682425344,2.164984684108722,0.0,70.0,70.0,70.0,0.09198250181568304,0.042064269432908315,0.20509575674037803,0.0,70.0,70.0,70.0,0.09198250181568304,0.042064269432908315,0.20509575674037803,0.0,70.0,70.0,70.0,1.7726043654315742,2.936809552255237,0.6787179507797431,1.2213580911393138,1.4917155867914687,1.596003621966558
US_Labor/M,short,top_k_10,top_k_10,0.217284067068249,0.012994203716516495,0.005552873946726322,measured_candidate_query_loop_precomputed_vanilla_fallback_separate_retrieval,0.0,70.0,0.0,1338272.8659698616,26071155486368.363,5105992.115776165,0.0,70.0,70.0,70.0,477.7854923637141,984748.253001082,992.3448256534026,0.0,70.0,70.0,70.0,524.3125110000458,1063369.2567786882,1031.1979716711473,0.0,70.0,70.0,70.0,0.09179963378473659,0.04447613177056481,0.2108936503799126,0.0,70.0,70.0,70.0,0.08493370120669624,0.025864210144644365,0.16082353728433027,0.0,70.0,70.0,70.0,1.207322484928774,4.552689352473417,2.1337032015895314,0.0,70.0,70.0,70.0,0.09049576854167359,0.040768377517154376,0.2019118062847103,0.0,70.0,70.0,70.0,0.09049576854167359,0.040768377517154376,0.2019118062847103,0.0,70.0,70.0,70.0,1.7726043654315742,2.936809552255237,0.6811009317551965,1.2037109031208106,1.4489199382919173,1.5502160666078304
US_Labor/M,short,top_k_15,top_k_15,0.30479347612708807,0.012994203716516495,0.005552873946726322,measured_candidate_query_loop_precomputed_vanilla_fallback_separate_retrieval,0.0,70.0,0.0,1417751.5750555985,31527845713832.992,5614966.225529144,0.0,70.0,70.0,70.0,485.35103708193407,1060203.6096266364,1029.661890926646,0.0,70.0,70.0,70.0,531.0250514098803,1135763.9698307328,1065.7222761257892,0.0,70.0,70.0,70.0,0.0902509843345031,0.04330404929702936,0.2080962500792106,0.0,70.0,70.0,70.0,0.08203856163787633,0.022383812161968948,0.14961220592574975,0.0,70.0,70.0,70.0,1.2029919208989157,4.527395609759009,2.127767752777311,0.0,70.0,70.0,70.0,0.08908972612646848,0.03975849207734065,0.1993953160867643,0.0,70.0,70.0,70.0,0.08908972612646848,0.03975849207734065,0.1993953160867643,0.0,70.0,70.0,70.0,1.7726043654315742,2.936809552255237,0.6786578800995023,1.2003624690720345,1.4408700571567108,1.5416034064184816
US_Labor/M,short,selected_task,selected_task,,,,assembled_from_candidate_artifacts_no_independent_selected_method_latency,0.0,70.0,0.0,829229.6449017585,5182975230175.589,2276614.862065077,0.0,70.0,70.0,70.0,417.36032822784927,547911.9017336667,740.2107144142583,0.0,70.0,70.0,70.0,460.8333723391482,616862.2478402867,785.405785463977,0.0,70.0,70.0,70.0,0.08021101390233995,0.030640239342392274,0.17504353556299151,0.0,70.0,70.0,70.0,0.06990329136113915,0.013676448824658164,0.1169463501981065,0.0,70.0,70.0,70.0,1.0014785119848475,2.98197466787251,1.7268395026384211,0.0,70.0,70.0,70.0,0.07843269996771995,0.02782075783714114,0.16679555700659757,0.0,70.0,70.0,70.0,0.07843269996771995,0.02782075783714114,0.16679555700659757,0.0,70.0,70.0,70.0,1.7726043654315742,2.936809552255237,0.564975767585351,0.9741821335399844,0.9490308293085161,1.015378973274787
US_Labor/M,short,selected_per_variate,selected_per_variate,,,,assembled_from_candidate_artifacts_no_independent_selected_method_latency,0.0,70.0,0.0,640839.6728181742,3317403984737.5596,1821374.2022817715,0.0,70.0,70.0,70.0,373.4931989567621,404139.3557657591,635.7195574825106,0.0,70.0,70.0,70.0,416.7376640886863,467169.3921480795,683.4979093955442,0.0,70.0,70.0,70.0,0.07797242920564004,0.02969603040805492,0.17232536205693844,0.0,70.0,70.0,70.0,0.06844967928406662,0.012926552399821718,0.1136949972506342,0.0,70.0,70.0,70.0,1.0025549879004645,2.9849607950888357,1.727703908396585,0.0,70.0,70.0,70.0,0.07642232944511573,0.02692161265121116,0.16407806876975106,0.0,70.0,70.0,70.0,0.07642232944511573,0.02692161265121116,0.16407806876975106,0.0,70.0,70.0,70.0,1.7726043654315742,2.936809552255237,0.5655830525140185,0.9746697808543097,0.9499811817105881,1.0163957662139251
Vehicle_Supply/M,short,vanilla_univariate,vanilla_univariate,0.01529990928247571,0.0,0.0,measured_candidate_query_loop_precomputed_vanilla_fallback_separate_retrieval,0.0,30.0,0.0,2704.5845256896746,111251664.45069887,10547.590457099615,0.0,30.0,30.0,30.0,22.320214236858817,1316.8796003219866,36.2888357531898,0.0,30.0,30.0,30.0,26.449546098524493,2005.0060368717027,44.77729376449299,0.0,30.0,30.0,30.0,0.2518154982675453,0.047900815941989534,0.21886255034150895,0.0,30.0,30.0,30.0,0.2108841765257098,0.01770456708478383,0.13305851000512456,0.0,30.0,30.0,30.0,0.8042213643237469,0.37092591119758705,0.6090368717882252,0.0,30.0,30.0,30.0,0.23086322532073528,0.033668880594671144,0.1834908188293658,0.0,30.0,30.0,30.0,0.23086322532073528,0.033668880594671144,0.1834908188293658,0.0,30.0,30.0,30.0,1.1123545370322176,0.6181637851735725,0.7229901416767933,0.5475204635863191,0.2997786580457778,0.6000447132201958
Vehicle_Supply/M,short,vanilla_multivariate,vanilla_multivariate,0.014962742105126381,0.0,0.0,measured_candidate_query_loop_precomputed_vanilla_fallback_separate_retrieval,0.0,30.0,0.0,2017.1984018175106,62933792.75887597,7933.082172704123,0.0,30.0,30.0,30.0,18.415385027478138,892.8893064705402,29.88125342870577,0.0,30.0,30.0,30.0,22.575626519643016,1507.5394890631019,38.82704584517217,0.0,30.0,30.0,30.0,0.22690623365727092,0.0512856067665646,0.22646325699010117,0.0,30.0,30.0,30.0,0.19171259072954205,0.02124419376907196,0.1457538808027833,0.0,30.0,30.0,30.0,0.709383837497795,0.3451562000662169,0.5874999575031618,0.0,30.0,30.0,30.0,0.2076893125917309,0.039435920765689685,0.19858479490054037,0.0,30.0,30.0,30.0,0.2076893125917309,0.039435920765689685,0.19858479490054037,0.0,30.0,30.0,30.0,1.1123545370322176,0.6181637851735725,0.6377317787460499,0.5281589079239273,0.27895183201939544,0.5583571997335648
Vehicle_Supply/M,short,self_augmentation,self_augmentation,0.025648743379861116,0.0,0.0,measured_candidate_query_loop_precomputed_vanilla_fallback_separate_retrieval,0.0,30.0,0.0,1844.183796350179,46443066.709784955,6814.915018529941,0.0,30.0,30.0,30.0,18.61539344597194,767.3410512896066,27.70092148809506,0.0,30.0,30.0,30.0,22.820028202225068,1323.4301091998316,36.378978946636636,0.0,30.0,30.0,30.0,0.2252532381956321,0.0393260207740642,0.19830789387733458,0.0,30.0,30.0,30.0,0.20684755583899028,0.024272898446904525,0.15579762015802592,0.0,30.0,30.0,30.0,0.7358257845367606,0.37531938625236866,0.6126331579765893,0.0,30.0,30.0,30.0,0.20878951502998905,0.030378495031139333,0.17429427710380893,0.0,30.0,30.0,30.0,0.20878951502998905,0.030378495031139333,0.17429427710380893,0.0,30.0,30.0,30.0,1.1123545370322176,0.6181637851735725,0.661502929182954,0.5507535031152081,0.3033294211936735,0.6071520125479104
Vehicle_Supply/M,short,top_k_1,top_k_1,0.025006676092743874,0.010844273958355188,0.0042015910148620605,measured_candidate_query_loop_precomputed_vanilla_fallback_separate_retrieval,0.0,30.0,0.0,2823.3847923559024,131298048.85849503,11458.536069607453,0.0,30.0,30.0,30.0,22.177465747214022,1442.3643192022532,37.978471786029694,0.0,30.0,30.0,30.0,26.451483319014663,2123.703822579792,46.08366112387114,0.0,30.0,30.0,30.0,0.2508485307871422,0.04779165161896673,0.2186130179540247,0.0,30.0,30.0,30.0,0.2124698122193161,0.017567191349933918,0.13254128168210053,0.0,30.0,30.0,30.0,0.8043664080571242,0.3728628437931493,0.6106249616525264,0.0,30.0,30.0,30.0,0.23093606246695583,0.03335058080280271,0.18262141386705644,0.0,30.0,30.0,30.0,0.23093606246695583,0.03335058080280271,0.18262141386705644,0.0,30.0,30.0,30.0,1.1123545370322176,0.6181637851735725,0.7231205351157093,0.5489481467677428,0.30134406783973927,0.6031780779400627
Vehicle_Supply/M,short,top_k_5,top_k_5,0.0507841007784009,0.010844273958355188,0.0042015910148620605,measured_candidate_query_loop_precomputed_vanilla_fallback_separate_retrieval,0.0,30.0,0.0,3131.002195007465,137598547.2674454,11730.240716517517,0.0,30.0,30.0,30.0,24.202017020930846,1664.6783326479442,40.80046976013811,0.0,30.0,30.0,30.0,28.122352732378243,2340.135471803164,48.374946736954286,0.0,30.0,30.0,30.0,0.2740412997229339,0.08094536622527745,0.2845089914664868,0.0,30.0,30.0,30.0,0.22436725032557317,0.02494887265358233,0.157952121396271,0.0,30.0,30.0,30.0,0.8133928460978969,0.3706131621212789,0.6087800605483715,0.0,30.0,30.0,30.0,0.2532831273700437,0.06374683053641376,0.2524813469078731,0.0,30.0,30.0,30.0,0.2532831273700437,0.06374683053641376,0.2524813469078731,0.0,30.0,30.0,30.0,1.1123545370322176,0.6181637851735725,0.7312352483121469,0.5472895918351787,0.29952589733111645,0.599538780838181
Vehicle_Supply/M,short,top_k_10,top_k_10,0.09559969510883093,0.010844273958355188,0.0042015910148620605,measured_candidate_query_loop_precomputed_vanilla_fallback_separate_retrieval,0.0,30.0,0.0,3336.4181698793686,161444416.00501928,12706.077915903841,0.0,30.0,30.0,30.0,24.36347931366828,1753.669468240622,41.876836893927674,0.0,30.0,30.0,30.0,28.599653018127302,2518.478017122091,50.18443999012135,0.0,30.0,30.0,30.0,0.27582236132202625,0.07797824790649228,0.2792458556657418,0.0,30.0,30.0,30.0,0.22700231874861027,0.024430600597697926,0.15630291295333534,0.0,30.0,30.0,30.0,0.8292608335672895,0.39473357493564104,0.6282782623453091,0.0,30.0,30.0,30.0,0.25552411015825477,0.0601858916518182,0.2453281305758029,0.0,30.0,30.0,30.0,0.25552411015825477,0.0601858916518182,0.2453281305758029,0.0,30.0,30.0,30.0,1.1123545370322176,0.6181637851735725,0.7455004730594013,0.5648183573032094,0.31901977674669585,0.6385582339230773
Vehicle_Supply/M,short,top_k_15,top_k_15,0.13209488103166223,0.010844273958355188,0.0042015910148620605,measured_candidate_query_loop_precomputed_vanilla_fallback_separate_retrieval,0.0,30.0,0.0,3391.02141865263,172272214.11990526,13125.251011691367,0.0,30.0,30.0,30.0,24.02527108531859,1794.4428459475807,42.360864556186534,0.0,30.0,30.0,30.0,28.36870197160407,2586.2381670989384,50.85507022017508,0.0,30.0,30.0,30.0,0.2722596081426938,0.07662530552875751,0.27681276258286486,0.0,30.0,30.0,30.0,0.2226269518243122,0.02370549961030868,0.15396590405121738,0.0,30.0,30.0,30.0,0.8236953952892988,0.40008681269262175,0.632524159769903,0.0,30.0,30.0,30.0,0.25134063120749434,0.05834138403964843,0.24153961174028668,0.0,30.0,30.0,30.0,0.25134063120749434,0.05834138403964843,0.24153961174028668,0.0,30.0,30.0,30.0,1.1123545370322176,0.6181637851735725,0.7404971777136211,0.5686353934038774,0.3233462106315824,0.6472181358542097
Vehicle_Supply/M,short,selected_task,selected_task,,,,assembled_from_candidate_artifacts_no_independent_selected_method_latency,0.0,30.0,0.0,2017.1984018175106,62933792.75887597,7933.082172704123,0.0,30.0,30.0,30.0,18.415385027478138,892.8893064705402,29.88125342870577,0.0,30.0,30.0,30.0,22.575626519643016,1507.5394890631019,38.82704584517217,0.0,30.0,30.0,30.0,0.22690623365727092,0.0512856067665646,0.22646325699010117,0.0,30.0,30.0,30.0,0.19171259072954205,0.02124419376907196,0.1457538808027833,0.0,30.0,30.0,30.0,0.709383837497795,0.3451562000662169,0.5874999575031618,0.0,30.0,30.0,30.0,0.2076893125917309,0.039435920765689685,0.19858479490054037,0.0,30.0,30.0,30.0,0.2076893125917309,0.039435920765689685,0.19858479490054037,0.0,30.0,30.0,30.0,1.1123545370322176,0.6181637851735725,0.6377317787460499,0.5281589079239273,0.27895183201939544,0.5583571997335648
Vehicle_Supply/M,short,selected_per_variate,selected_per_variate,,,,assembled_from_candidate_artifacts_no_independent_selected_method_latency,0.0,30.0,0.0,2024.8705805865586,62920673.28376781,7932.255245752484,0.0,30.0,30.0,30.0,18.59985829831825,890.5362349094795,29.841853744522634,0.0,30.0,30.0,30.0,22.78728561600667,1505.610194841094,38.80219317050383,0.0,30.0,30.0,30.0,0.2285488464714686,0.050895144137549815,0.2255995215809418,0.0,30.0,30.0,30.0,0.19401747514609255,0.021005249405108242,0.14493187849851474,0.0,30.0,30.0,30.0,0.7262611985792572,0.3581553556158951,0.5984608221227978,0.0,30.0,30.0,30.0,0.20985836793188345,0.039095436222418734,0.19772565898845484,0.0,30.0,30.0,30.0,0.20985836793188345,0.039095436222418734,0.19772565898845484,0.0,30.0,30.0,30.0,1.1123545370322176,0.6181637851735725,0.6529044242647092,0.5380126589131397,0.2894576211507863,0.579385858903607
Auto_Production_SF/M,short,vanilla_univariate,vanilla_univariate,0.014531891793012619,0.0,0.0,measured_candidate_query_loop_precomputed_vanilla_fallback_separate_retrieval,0.0,5.0,0.0,9.272225385080674,16.868751816615816,4.107158606216202,0.0,5.0,5.0,5.0,2.396277491251628,0.3061778047827991,0.5533333577354606,0.0,5.0,5.0,5.0,2.946289946860886,0.5916009341071521,0.769155988150097,0.0,5.0,5.0,5.0,0.02482838343331912,3.243561486231025e-05,0.005695227375821816,0.0,5.0,5.0,5.0,0.024547792209794826,3.0900975854931095e-05,0.00555886461923036,0.0,5.0,5.0,5.0,0.6043605475858413,0.01984350766160768,0.14086698570498227,0.0,5.0,5.0,5.0,0.024046073578777038,3.167300746312887e-05,0.005627877705061551,0.0,5.0,5.0,5.0,0.024046073578777038,3.167300746312887e-05,0.005627877705061551,0.0,5.0,5.0,5.0,0.9634651517903213,0.1698127796753019,0.6272780561526403,0.1462086983044708,0.02137698345988777,0.11685520783271051
Auto_Production_SF/M,short,vanilla_multivariate,vanilla_multivariate,0.015525016002357006,0.0,0.0,measured_candidate_query_loop_precomputed_vanilla_fallback_separate_retrieval,0.0,5.0,0.0,9.272225385080674,16.868751816615816,4.107158606216202,0.0,5.0,5.0,5.0,2.396277491251628,0.3061778047827991,0.5533333577354606,0.0,5.0,5.0,5.0,2.946289946860886,0.5916009341071521,0.769155988150097,0.0,5.0,5.0,5.0,0.02482838343331912,3.243561486231025e-05,0.005695227375821816,0.0,5.0,5.0,5.0,0.024547792209794826,3.0900975854931095e-05,0.00555886461923036,0.0,5.0,5.0,5.0,0.6043605475858413,0.01984350766160768,0.14086698570498227,0.0,5.0,5.0,5.0,0.024046073578777038,3.167300746312887e-05,0.005627877705061551,0.0,5.0,5.0,5.0,0.024046073578777038,3.167300746312887e-05,0.005627877705061551,0.0,5.0,5.0,5.0,0.9634651517903213,0.1698127796753019,0.6272780561526403,0.1462086983044708,0.02137698345988777,0.11685520783271051
Auto_Production_SF/M,short,self_augmentation,self_augmentation,0.01478829002007842,0.0,0.0,measured_candidate_query_loop_precomputed_vanilla_fallback_separate_retrieval,0.0,5.0,0.0,8.836055801051163,17.344038081762783,4.164617399205212,0.0,5.0,5.0,5.0,2.257612737019857,0.5007944936043349,0.7076683500089113,0.0,5.0,5.0,5.0,2.8293319578687237,0.8309364732338971,0.911557169481924,0.0,5.0,5.0,5.0,0.02326493150879282,5.4741251415959384e-05,0.0073987330953318884,0.0,5.0,5.0,5.0,0.023056364199499947,5.3405928971693395e-05,0.0073079360267926125,0.0,5.0,5.0,5.0,0.5701386770607717,0.03297115594764992,0.1815796132489821,0.0,5.0,5.0,5.0,0.022645704292982124,5.0478473599420904e-05,0.007104820448077552,0.0,5.0,5.0,5.0,0.022645704292982124,5.0478473599420904e-05,0.007104820448077552,0.0,5.0,5.0,5.0,0.9634651517903213,0.1698127796753019,0.5917584834296641,0.18846515923442475,0.03551911624525707,0.19416180578807962
Auto_Production_SF/M,short,top_k_1,top_k_1,0.01666932785883546,0.009209168143570423,0.003867817111313343,measured_candidate_query_loop_precomputed_vanilla_fallback_separate_retrieval,0.0,5.0,0.0,8.776574916533232,18.835187040292016,4.339952423736004,0.0,5.0,5.0,5.0,2.3156378428141275,0.41825219773496636,0.6467242053108623,0.0,5.0,5.0,5.0,2.8421786400698013,0.6985954944642048,0.8358202524850692,0.0,5.0,5.0,5.0,0.023984280585780254,4.578437973747506e-05,0.006766415575286154,0.0,5.0,5.0,5.0,0.023720114102521124,4.409025868808042e-05,0.006640049599820804,0.0,5.0,5.0,5.0,0.5842202816529576,0.027057470821959483,0.1644915524334289,0.0,5.0,5.0,5.0,0.023238798879315712,4.301309405579721e-05,0.006558436860700666,0.0,5.0,5.0,5.0,0.023238798879315712,4.301309405579721e-05,0.006558436860700666,0.0,5.0,5.0,5.0,0.9634651517903213,0.1698127796753019,0.6063740661168213,0.170729114724875,0.029148430614739533,0.15933707035298478
Auto_Production_SF/M,short,top_k_5,top_k_5,0.016476405784487724,0.009209168143570423,0.003867817111313343,measured_candidate_query_loop_precomputed_vanilla_fallback_separate_retrieval,0.0,5.0,0.0,9.492227461304477,19.98420904918411,4.4703701244062675,0.0,5.0,5.0,5.0,2.4298867543538414,0.40071338445051685,0.633019260726336,0.0,5.0,5.0,5.0,2.9704999238110976,0.668357663942741,0.8175314452317666,0.0,5.0,5.0,5.0,0.02519699138362939,4.444574541672289e-05,0.006666764238873525,0.0,5.0,5.0,5.0,0.024898643610734204,4.256299660774288e-05,0.006524032235339038,0.0,5.0,5.0,5.0,0.6128771219304819,0.025829462924795633,0.1607154719521292,0.0,5.0,5.0,5.0,0.024385254043211735,4.137574784523385e-05,0.006432398296532472,0.0,5.0,5.0,5.0,0.024385254043211735,4.137574784523385e-05,0.006432398296532472,0.0,5.0,5.0,5.0,0.9634651517903213,0.1698127796753019,0.6361175812032507,0.16680984429326373,0.027825524153142895,0.1521055304211144
Auto_Production_SF/M,short,top_k_10,top_k_10,0.018163282424211502,0.009209168143570423,0.003867817111313343,measured_candidate_query_loop_precomputed_vanilla_fallback_separate_retrieval,0.0,5.0,0.0,9.88814378687045,22.906138376318076,4.786035768391005,0.0,5.0,5.0,5.0,2.503163019816081,0.43863530779296217,0.6622954837479734,0.0,5.0,5.0,5.0,3.0285846003227035,0.7158191055586176,0.8460609348969007,0.0,5.0,5.0,5.0,0.0259972896887214,4.763538262134819e-05,0.006901839075300741,0.0,5.0,5.0,5.0,0.025687503170646553,4.5695927268356664e-05,0.0067598762761130965,0.0,5.0,5.0,5.0,0.6313647069765939,0.028274330465035385,0.16814972633053968,0.0,5.0,5.0,5.0,0.02512047377181272,4.529743424712807e-05,0.0067303368598553865,0.0,5.0,5.0,5.0,0.02512047377181272,4.529743424712807e-05,0.0067303368598553865,0.0,5.0,5.0,5.0,0.9634651517903213,0.1698127796753019,0.6553062202648275,0.1745260075240729,0.030459327302292755,0.16650296001925521
Auto_Production_SF/M,short,top_k_15,top_k_15,0.024928817059844732,0.009209168143570423,0.003867817111313343,measured_candidate_query_loop_precomputed_vanilla_fallback_separate_retrieval,0.0,5.0,0.0,9.953960196281937,23.16557637453895,4.81306309687905,0.0,5.0,5.0,5.0,2.515272521972656,0.4404346917884605,0.6636525384479898,0.0,5.0,5.0,5.0,3.0412043067836114,0.7050365606827499,0.8396645524748261,0.0,5.0,5.0,5.0,0.026147662576792713,4.741169362716902e-05,0.006885614978138773,0.0,5.0,5.0,5.0,0.02584090208161093,4.56292283252758e-05,0.006754941030481006,0.0,5.0,5.0,5.0,0.6344833345455715,0.02850702007904027,0.16884022056086123,0.0,5.0,5.0,5.0,0.0252415660212423,4.546674758671626e-05,0.00674290349825031,0.0,5.0,5.0,5.0,0.0252415660212423,4.546674758671626e-05,0.00674290349825031,0.0,5.0,5.0,5.0,0.9634651517903213,0.1698127796753019,0.658543106999322,0.17524268547452965,0.030709998812324918,0.16787323152914868
Auto_Production_SF/M,short,selected_task,selected_task,,,,assembled_from_candidate_artifacts_no_independent_selected_method_latency,0.0,5.0,0.0,8.776574916533232,18.835187040292016,4.339952423736004,0.0,5.0,5.0,5.0,2.3156378428141275,0.41825219773496636,0.6467242053108623,0.0,5.0,5.0,5.0,2.8421786400698013,0.6985954944642048,0.8358202524850692,0.0,5.0,5.0,5.0,0.023984280585780254,4.578437973747506e-05,0.006766415575286154,0.0,5.0,5.0,5.0,0.023720114102521124,4.409025868808042e-05,0.006640049599820804,0.0,5.0,5.0,5.0,0.5842202816529576,0.027057470821959483,0.1644915524334289,0.0,5.0,5.0,5.0,0.023238798879315712,4.301309405579721e-05,0.006558436860700666,0.0,5.0,5.0,5.0,0.023238798879315712,4.301309405579721e-05,0.006558436860700666,0.0,5.0,5.0,5.0,0.9634651517903213,0.1698127796753019,0.6063740661168213,0.170729114724875,0.029148430614739533,0.15933707035298478
Auto_Production_SF/M,short,selected_per_variate,selected_per_variate,,,,assembled_from_candidate_artifacts_no_independent_selected_method_latency,0.0,5.0,0.0,8.776574916533232,18.835187040292016,4.339952423736004,0.0,5.0,5.0,5.0,2.3156378428141275,0.41825219773496636,0.6467242053108623,0.0,5.0,5.0,5.0,2.8421786400698013,0.6985954944642048,0.8358202524850692,0.0,5.0,5.0,5.0,0.023984280585780254,4.578437973747506e-05,0.006766415575286154,0.0,5.0,5.0,5.0,0.023720114102521124,4.409025868808042e-05,0.006640049599820804,0.0,5.0,5.0,5.0,0.5842202816529576,0.027057470821959483,0.1644915524334289,0.0,5.0,5.0,5.0,0.023238798879315712,4.301309405579721e-05,0.006558436860700666,0.0,5.0,5.0,5.0,0.023238798879315712,4.301309405579721e-05,0.006558436860700666,0.0,5.0,5.0,5.0,0.9634651517903213,0.1698127796753019,0.6063740661168213,0.170729114724875,0.029148430614739533,0.15933707035298478
Commodity_Production/M,short,vanilla_univariate,vanilla_univariate,0.07755424128845334,0.0,0.0,measured_candidate_query_loop_precomputed_vanilla_fallback_separate_retrieval,0.0,160.0,0.0,58078.380522133724,115257596122.1916,339496.09146821056,0.0,160.0,160.0,160.0,65.79794937653836,41298.132093903034,203.2194185945404,0.0,160.0,160.0,160.0,76.80300542575466,52179.678879705214,228.42871728332497,0.0,160.0,160.0,160.0,0.20594102824510357,0.22571455589782055,0.47509426001354776,0.0,160.0,160.0,160.0,0.16379190970164498,0.026411618623097925,0.16251651800078024,0.0,160.0,160.0,160.0,0.9052349143352917,0.3567884393472308,0.5973177038622167,0.0,160.0,160.0,160.0,0.15718942849627082,0.024891905521259045,0.15777168795845167,0.0,160.0,160.0,160.0,0.15718942849627082,0.024891905521259045,0.15777168795845167,0.0,160.0,160.0,160.0,1.220088634016739,0.5329512558073002,0.7419419287229196,0.48956910769322176,0.23967791120753737,0.6694579203247721
Commodity_Production/M,short,vanilla_multivariate,vanilla_multivariate,0.07789557799696922,0.0,0.0,measured_candidate_query_loop_precomputed_vanilla_fallback_separate_retrieval,0.0,160.0,0.0,58078.380522133724,115257596122.1916,339496.09146821056,0.0,160.0,160.0,160.0,65.79794937653836,41298.132093903034,203.2194185945404,0.0,160.0,160.0,160.0,76.80300542575466,52179.678879705214,228.42871728332497,0.0,160.0,160.0,160.0,0.20594102824510357,0.22571455589782055,0.47509426001354776,0.0,160.0,160.0,160.0,0.16379190970164498,0.026411618623097925,0.16251651800078024,0.0,160.0,160.0,160.0,0.9052349143352917,0.3567884393472308,0.5973177038622167,0.0,160.0,160.0,160.0,0.15718942849627082,0.024891905521259045,0.15777168795845167,0.0,160.0,160.0,160.0,0.15718942849627082,0.024891905521259045,0.15777168795845167,0.0,160.0,160.0,160.0,1.220088634016739,0.5329512558073002,0.7419419287229196,0.48956910769322176,0.23967791120753737,0.6694579203247721
Commodity_Production/M,short,self_augmentation,self_augmentation,0.16147373896092176,0.0,0.0,measured_candidate_query_loop_precomputed_vanilla_fallback_separate_retrieval,0.0,160.0,0.0,58545.90656502807,121676585260.69223,348821.7098471542,0.0,160.0,160.0,160.0,66.3628329578234,41974.7901428624,204.8775003334002,0.0,160.0,160.0,160.0,77.19434054049856,52586.94035354561,229.31842567387736,0.0,160.0,160.0,160.0,0.20366815291991597,0.25034413681785506,0.5003440184691479,0.0,160.0,160.0,160.0,0.1593483518879751,0.02401176397715233,0.15495729726977148,0.0,160.0,160.0,160.0,0.8988595013922758,0.37457548037415106,0.6120257187195249,0.0,160.0,160.0,160.0,0.15344377902987433,0.022127610848645833,0.14875352381925558,0.0,160.0,160.0,160.0,0.15344377902987433,0.022127610848645833,0.14875352381925558,0.0,160.0,160.0,160.0,1.220088634016739,0.5329512558073002,0.736716560036362,0.5016239817796124,0.251626619096433,0.7028325316669988
Commodity_Production/M,short,top_k_1,top_k_1,0.15127377212047577,0.03671972267329693,0.024927048943936825,measured_candidate_query_loop_precomputed_vanilla_fallback_separate_retrieval,0.0,160.0,0.0,59347.44499253373,118222936812.49744,343835.62469950295,0.0,160.0,160.0,160.0,66.07370455964217,41750.33410910466,204.32898499504338,0.0,160.0,160.0,160.0,77.30698678075143,53371.07478741444,231.02180586995343,0.0,160.0,160.0,160.0,0.20453729488844918,0.22146770551417855,0.47060355450652785,0.0,160.0,160.0,160.0,0.16301234187746888,0.02593146966218547,0.16103251119629686,0.0,160.0,160.0,160.0,0.906508947437343,0.36372291542414337,0.6030944498369583,0.0,160.0,160.0,160.0,0.15648911545424485,0.024743252239963306,0.15729987997440845,0.0,160.0,160.0,160.0,0.15648911545424485,0.024743252239963306,0.15729987997440845,0.0,160.0,160.0,160.0,1.220088634016739,0.5329512558073002,0.7429861422878448,0.4943038013979926,0.24433624807650617,0.6824693843214342
Commodity_Production/M,short,top_k_5,top_k_5,0.356343153398484,0.03671972267329693,0.024927048943936825,measured_candidate_query_loop_precomputed_vanilla_fallback_separate_retrieval,0.0,160.0,0.0,63245.891255461145,135956610407.55473,368722.94532284635,0.0,160.0,160.0,160.0,68.02012981354781,45679.69898113645,213.72809590958425,0.0,160.0,160.0,160.0,78.80974556761731,57034.91525902857,238.81983849552483,0.0,160.0,160.0,160.0,0.20419713074878101,0.22562627308377126,0.4750013400862899,0.0,160.0,160.0,160.0,0.1631014244303274,0.025364761541546633,0.15926318325823655,0.0,160.0,160.0,160.0,0.9099665128455434,0.36980803019615094,0.6081184343498813,0.0,160.0,160.0,160.0,0.15651459229257336,0.023763762525980798,0.1541549951379481,0.0,160.0,160.0,160.0,0.15651459229257336,0.023763762525980798,0.1541549951379481,0.0,160.0,160.0,160.0,1.220088634016739,0.5329512558073002,0.7458200064119761,0.49842152233469483,0.24842401392643468,0.6938871541562946
Commodity_Production/M,short,top_k_10,top_k_10,0.6086333021521568,0.03671972267329693,0.024927048943936825,measured_candidate_query_loop_precomputed_vanilla_fallback_separate_retrieval,0.0,160.0,0.0,72195.09145081788,193992738790.00333,440446.0679697383,0.0,160.0,160.0,160.0,70.71059210329452,53669.129863636255,231.66598771428718,0.0,160.0,160.0,160.0,81.57782847663944,65540.14935185388,256.0081040745661,0.0,160.0,160.0,160.0,0.204618690272878,0.23147275485230212,0.4811161552601431,0.0,160.0,160.0,160.0,0.1625983343414345,0.025218116213605635,0.15880212912176472,0.0,160.0,160.0,160.0,0.9077319209193437,0.36731882106371333,0.606068330358643,0.0,160.0,160.0,160.0,0.15645955352011764,0.02379960906115963,0.15427121916015193,0.0,160.0,160.0,160.0,0.15645955352011764,0.02379960906115963,0.15427121916015193,0.0,160.0,160.0,160.0,1.220088634016739,0.5329512558073002,0.74398850674556,0.49674123130166636,0.2467518508750956,0.6892165410273942
Commodity_Production/M,short,top_k_15,top_k_15,0.8520734864287078,0.03671972267329693,0.024927048943936825,measured_candidate_query_loop_precomputed_vanilla_fallback_separate_retrieval,0.0,160.0,0.0,73482.8726452285,215665997052.2838,464398.5325690466,0.0,160.0,160.0,160.0,70.39769223732,54284.27582814822,232.9898620716108,0.0,160.0,160.0,160.0,81.39130933344566,66858.32741021588,258.5697728084547,0.0,160.0,160.0,160.0,0.20442078984301548,0.2325289014451343,0.482212506520864,0.0,160.0,160.0,160.0,0.162151386136781,0.025544832649849476,0.15982750905225757,0.0,160.0,160.0,160.0,0.9040680235344458,0.37065318182201146,0.6088129284287674,0.0,160.0,160.0,160.0,0.15591067463003935,0.02374437811123882,0.15409210917901936,0.0,160.0,160.0,160.0,0.15591067463003935,0.02374437811123882,0.15409210917901936,0.0,160.0,160.0,160.0,1.220088634016739,0.5329512558073002,0.7409855303365136,0.49899073842238156,0.24899175703131363,0.6954729495112194
Commodity_Production/M,short,selected_task,selected_task,,,,assembled_from_candidate_artifacts_no_independent_selected_method_latency,0.0,160.0,0.0,58545.90656502807,121676585260.69223,348821.7098471542,0.0,160.0,160.0,160.0,66.3628329578234,41974.7901428624,204.8775003334002,0.0,160.0,160.0,160.0,77.19434054049856,52586.94035354561,229.31842567387736,0.0,160.0,160.0,160.0,0.20366815291991597,0.25034413681785506,0.5003440184691479,0.0,160.0,160.0,160.0,0.1593483518879751,0.02401176397715233,0.15495729726977148,0.0,160.0,160.0,160.0,0.8988595013922758,0.37457548037415106,0.6120257187195249,0.0,160.0,160.0,160.0,0.15344377902987433,0.022127610848645833,0.14875352381925558,0.0,160.0,160.0,160.0,0.15344377902987433,0.022127610848645833,0.14875352381925558,0.0,160.0,160.0,160.0,1.220088634016739,0.5329512558073002,0.736716560036362,0.5016239817796124,0.251626619096433,0.7028325316669988
Commodity_Production/M,short,selected_per_variate,selected_per_variate,,,,assembled_from_candidate_artifacts_no_independent_selected_method_latency,0.0,160.0,0.0,57562.87910229723,121236453482.08139,348190.25472014776,0.0,160.0,160.0,160.0,66.02045661609057,41412.789166159964,203.50132472826795,0.0,160.0,160.0,160.0,76.37227154370353,51730.15524155206,227.44264165180647,0.0,160.0,160.0,160.0,0.20348869269613398,0.2209895914163449,0.4700953003555182,0.0,160.0,160.0,160.0,0.16165826030458835,0.0249696694596639,0.15801794030952276,0.0,160.0,160.0,160.0,0.9036622070051914,0.3644353131202259,0.6036847795996069,0.0,160.0,160.0,160.0,0.1548883814332988,0.022291056674597482,0.14930189775953112,0.0,160.0,160.0,160.0,0.1548883814332988,0.022291056674597482,0.14930189775953112,0.0,160.0,160.0,160.0,1.220088634016739,0.5329512558073002,0.7406529180016881,0.49478764310111967,0.244814811765561,0.6838060876096241
Commodity_Import/M,short,vanilla_univariate,vanilla_univariate,0.03595541883260012,0.0,0.0,measured_candidate_query_loop_precomputed_vanilla_fallback_separate_retrieval,0.0,40.0,0.0,1553827.1239439086,27580380466263.387,5251702.625459993,0.0,40.0,40.0,40.0,502.59708042144774,861428.623897062,928.1317923102634,0.0,40.0,40.0,40.0,607.3307926694723,1184976.4322193789,1088.5662277598817,0.0,40.0,40.0,40.0,0.3745001842443184,0.4591272158612837,0.677589267817373,0.0,40.0,40.0,40.0,0.23649936716854086,0.05316036671401383,0.2305653198423688,0.0,40.0,40.0,40.0,1.4590158266297066,2.565211636265142,1.6016278082829176,0.0,40.0,40.0,40.0,0.29540495210218615,0.23073590432687946,0.4803497729018714,0.0,40.0,40.0,40.0,0.29540495210218615,0.23073590432687946,0.4803497729018714,0.0,40.0,40.0,40.0,1.8336477254740147,4.658598925947419,0.7956903642724165,0.8734653805266125,0.7629417709784998,0.550640155343155
Commodity_Import/M,short,vanilla_multivariate,vanilla_multivariate,0.036676916759461164,0.0,0.0,measured_candidate_query_loop_precomputed_vanilla_fallback_separate_retrieval,0.0,40.0,0.0,1553827.1239439086,27580380466263.387,5251702.625459993,0.0,40.0,40.0,40.0,502.59708042144774,861428.623897062,928.1317923102634,0.0,40.0,40.0,40.0,607.3307926694723,1184976.4322193789,1088.5662277598817,0.0,40.0,40.0,40.0,0.3745001842443184,0.4591272158612837,0.677589267817373,0.0,40.0,40.0,40.0,0.23649936716854086,0.05316036671401383,0.2305653198423688,0.0,40.0,40.0,40.0,1.4590158266297066,2.565211636265142,1.6016278082829176,0.0,40.0,40.0,40.0,0.29540495210218615,0.23073590432687946,0.4803497729018714,0.0,40.0,40.0,40.0,0.29540495210218615,0.23073590432687946,0.4803497729018714,0.0,40.0,40.0,40.0,1.8336477254740147,4.658598925947419,0.7956903642724165,0.8734653805266125,0.7629417709784998,0.550640155343155
Commodity_Import/M,short,self_augmentation,self_augmentation,0.06746857892721891,0.0,0.0,measured_candidate_query_loop_precomputed_vanilla_fallback_separate_retrieval,0.0,40.0,0.0,1507308.2318166133,24615852274314.008,4961436.5131798275,0.0,40.0,40.0,40.0,498.0216921240091,822330.1752365225,906.8242251045803,0.0,40.0,40.0,40.0,601.9642243275388,1144947.3044463578,1070.0221046531506,0.0,40.0,40.0,40.0,0.25369098049834293,0.08088903573419179,0.28440997826059444,0.0,40.0,40.0,40.0,0.20759539094461163,0.023532060131591082,0.15340163014645927,0.0,40.0,40.0,40.0,1.4554700827710734,3.1419300856854866,1.7725490361864427,0.0,40.0,40.0,40.0,0.21099154465196318,0.02917176789300353,0.17079744697448943,0.0,40.0,40.0,40.0,0.21099154465196318,0.02917176789300353,0.17079744697448943,0.0,40.0,40.0,40.0,1.8336477254740147,4.658598925947419,0.7937566537731893,0.966679156285716,0.9344685911972637,0.6744366998810727
Commodity_Import/M,short,top_k_1,top_k_1,0.05895095830783248,0.014290906954556704,0.013156446162611246,measured_candidate_query_loop_precomputed_vanilla_fallback_separate_retrieval,0.0,40.0,0.0,1522735.6431479782,25602116438150.906,5059853.400855691,0.0,40.0,40.0,40.0,498.3815448323885,828249.7314598983,910.0822663143691,0.0,40.0,40.0,40.0,604.8570706151373,1156883.567274853,1075.5852208332228,0.0,40.0,40.0,40.0,0.36629280909635475,0.43010135711783315,0.6558211319543105,0.0,40.0,40.0,40.0,0.23396508939825927,0.05234363285024114,0.22878730919839313,0.0,40.0,40.0,40.0,1.4509284617880869,2.567362887065948,1.6022992501608269,0.0,40.0,40.0,40.0,0.289515259807091,0.21773720636827024,0.46662319527459223,0.0,40.0,40.0,40.0,0.289515259807091,0.21773720636827024,0.46662319527459223,0.0,40.0,40.0,40.0,1.8336477254740147,4.658598925947419,0.791279830706309,0.8738315587562588,0.763581593078393,0.5511019359847175
Commodity_Import/M,short,top_k_5,top_k_5,0.14312512474134564,0.014290906954556704,0.013156446162611246,measured_candidate_query_loop_precomputed_vanilla_fallback_separate_retrieval,0.0,40.0,0.0,1530714.3674243097,27069715919032.543,5202856.515322381,0.0,40.0,40.0,40.0,498.76294711430864,850738.6288007464,922.3549364538287,0.0,40.0,40.0,40.0,602.8485640134115,1167287.9762912772,1080.411021922341,0.0,40.0,40.0,40.0,0.4156165308546226,0.6562246981769835,0.8100769705262478,0.0,40.0,40.0,40.0,0.24248192269646623,0.0642514676587384,0.2534787321625592,0.0,40.0,40.0,40.0,1.4649039667284656,2.5219668570982634,1.5880701675613278,0.0,40.0,40.0,40.0,0.32366450025518106,0.3477955750335762,0.5897419563110431,0.0,40.0,40.0,40.0,0.32366450025518106,0.3477955750335762,0.5897419563110431,0.0,40.0,40.0,40.0,1.8336477254740147,4.658598925947419,0.7989015263822142,0.866071571708681,0.7500799673219447,0.5413573688542788
Commodity_Import/M,short,top_k_10,top_k_10,0.26059061707928777,0.014290906954556704,0.013156446162611246,measured_candidate_query_loop_precomputed_vanilla_fallback_separate_retrieval,0.0,40.0,0.0,1568092.8746560377,29518112135182.99,5433057.346944075,0.0,40.0,40.0,40.0,501.2678437044224,885063.6679441553,940.7782246332848,0.0,40.0,40.0,40.0,605.4884241470779,1201476.6428799261,1096.1188999738697,0.0,40.0,40.0,40.0,0.4246917369941651,0.6965234232769428,0.8345797884426287,0.0,40.0,40.0,40.0,0.24421789411535447,0.06651002291358936,0.2578953720282498,0.0,40.0,40.0,40.0,1.472581816225143,2.516265714277685,1.5862741611328368,0.0,40.0,40.0,40.0,0.32961965426034745,0.3659988811827075,0.604978413815491,0.0,40.0,40.0,40.0,0.32961965426034745,0.3659988811827075,0.604978413815491,0.0,40.0,40.0,40.0,1.8336477254740147,4.658598925947419,0.8030887262407326,0.8650920998049233,0.7483843411448913,0.5401335797041066
Commodity_Import/M,short,top_k_15,top_k_15,0.3681272161193192,0.014290906954556704,0.013156446162611246,measured_candidate_query_loop_precomputed_vanilla_fallback_separate_retrieval,0.0,40.0,0.0,1571570.3689174626,29865623569551.992,5464944.974064423,0.0,40.0,40.0,40.0,501.78377201557157,887855.8064383816,942.2610075973544,0.0,40.0,40.0,40.0,606.9197449882419,1203218.7920608702,1096.9133019800927,0.0,40.0,40.0,40.0,0.43513854788041345,0.7384723830975963,0.8593441587033662,0.0,40.0,40.0,40.0,0.24605551906552292,0.06814200162028192,0.2610402298885785,0.0,40.0,40.0,40.0,1.486454221175634,2.589314551361426,1.6091347213211908,0.0,40.0,40.0,40.0,0.3354597047558041,0.37482330288682253,0.6122281461079869,0.0,40.0,40.0,40.0,0.3354597047558041,0.37482330288682253,0.6122281461079869,0.0,40.0,40.0,40.0,1.8336477254740147,4.658598925947419,0.8106541952006469,0.8775593583032504,0.7701104273456124,0.5558140102895502
Commodity_Import/M,short,selected_task,selected_task,,,,assembled_from_candidate_artifacts_no_independent_selected_method_latency,0.0,40.0,0.0,1522735.6431479782,25602116438150.906,5059853.400855691,0.0,40.0,40.0,40.0,498.3815448323885,828249.7314598983,910.0822663143691,0.0,40.0,40.0,40.0,604.8570706151373,1156883.567274853,1075.5852208332228,0.0,40.0,40.0,40.0,0.36629280909635475,0.43010135711783315,0.6558211319543105,0.0,40.0,40.0,40.0,0.23396508939825927,0.05234363285024114,0.22878730919839313,0.0,40.0,40.0,40.0,1.4509284617880869,2.567362887065948,1.6022992501608269,0.0,40.0,40.0,40.0,0.289515259807091,0.21773720636827024,0.46662319527459223,0.0,40.0,40.0,40.0,0.289515259807091,0.21773720636827024,0.46662319527459223,0.0,40.0,40.0,40.0,1.8336477254740147,4.658598925947419,0.791279830706309,0.8738315587562588,0.763581593078393,0.5511019359847175
Commodity_Import/M,short,selected_per_variate,selected_per_variate,,,,assembled_from_candidate_artifacts_no_independent_selected_method_latency,0.0,40.0,0.0,1593272.7171946387,29891393730161.22,5467302.235121195,0.0,40.0,40.0,40.0,511.69691308339435,898467.1025793764,947.8750458680598,0.0,40.0,40.0,40.0,615.2590928878686,1214728.965813436,1102.1474337916122,0.0,40.0,40.0,40.0,0.3763952238663525,0.45881511312091294,0.6773589248846678,0.0,40.0,40.0,40.0,0.23755655721615013,0.05329816620108326,0.23086395604572676,0.0,40.0,40.0,40.0,1.467056735825997,2.5758584927487442,1.6049481277439295,0.0,40.0,40.0,40.0,0.2969272267201714,0.23060371034724927,0.4802121513948281,0.0,40.0,40.0,40.0,0.2969272267201714,0.23060371034724927,0.4802121513948281,0.0,40.0,40.0,40.0,1.8336477254740147,4.658598925947419,0.8000755627402474,0.8752761533456682,0.7661083446155896,0.5529255756278466
WUI_Global/Q,short,vanilla_univariate,vanilla_univariate,0.04387397691607475,0.0,0.0,measured_candidate_query_loop_precomputed_vanilla_fallback_separate_retrieval,0.0,75.0,0.0,0.04861412875083449,0.00635874165934227,0.07974171843735417,0.0,75.0,75.0,75.0,0.14795271040250857,0.012577329903375881,0.11214869550456609,0.0,75.0,75.0,75.0,0.17487974476735227,0.01803120362094022,0.13428031732513973,0.0,75.0,75.0,75.0,0.5793450432493951,0.17869542984721035,0.42272382219034016,0.0,75.0,75.0,75.0,0.643698896200641,0.13865313097386803,0.37236155947394467,0.0,75.0,75.0,75.0,0.9822384176089277,0.5065998744074424,0.7117582977440041,0.0,75.0,75.0,75.0,0.6727197417594889,0.7636983783726831,0.8738983798890366,0.0,75.0,75.0,75.0,0.6727197417594889,0.7636983783726831,0.8738983798890366,0.0,75.0,75.0,75.0,1.2752554228759418,0.6093761678421035,0.7702287714203909,0.558129991040426,0.311509086898786,0.831341790410662
WUI_Global/Q,short,vanilla_multivariate,vanilla_multivariate,0.019756027031689882,0.0,0.0,measured_candidate_query_loop_precomputed_vanilla_fallback_separate_retrieval,0.0,75.0,0.0,0.044746348803063635,0.005582648888520253,0.07471712580473269,0.0,75.0,75.0,75.0,0.142592940342923,0.011088068906427925,0.1052998998405408,0.0,75.0,75.0,75.0,0.16846696875719555,0.01636522924082573,0.1279266557087526,0.0,75.0,75.0,75.0,0.5848512701861969,0.1829066081760525,0.4276758213601191,0.0,75.0,75.0,75.0,0.6087323752928493,0.12676274288413136,0.35603755824931077,0.0,75.0,75.0,75.0,0.9486989791711424,0.4653804089344869,0.6821879571895761,0.0,75.0,75.0,75.0,0.6835573299724487,1.1073457414679149,1.0523049659998354,0.0,75.0,75.0,75.0,0.6835573299724487,1.1073457414679149,1.0523049659998354,0.0,75.0,75.0,75.0,1.2752554228759418,0.6093761678421035,0.7439285982659435,0.5349422123225428,0.2861631705245364,0.7636997202934139
WUI_Global/Q,short,self_augmentation,self_augmentation,0.06205042824149132,0.0,0.0,measured_candidate_query_loop_precomputed_vanilla_fallback_separate_retrieval,0.0,75.0,0.0,0.04707361874706384,0.006170619755732401,0.07855329245634711,0.0,75.0,75.0,75.0,0.1454224611322085,0.012023912935826235,0.1096536042992944,0.0,75.0,75.0,75.0,0.17210461717619263,0.01745361949370002,0.1321121474115837,0.0,75.0,75.0,75.0,0.5858636608896509,0.190479183042671,0.43643920887412374,0.0,75.0,75.0,75.0,0.6332150836065327,0.14492038109833782,0.380684096198328,0.0,75.0,75.0,75.0,0.9656614916392176,0.491001836400228,0.7007152320309785,0.0,75.0,75.0,75.0,0.6727503200587971,0.8332976410967491,0.9128513795228383,0.0,75.0,75.0,75.0,0.6727503200587971,0.8332976410967491,0.9128513795228383,0.0,75.0,75.0,75.0,1.2752554228759418,0.6093761678421035,0.7572298649485203,0.5494704978009294,0.3019178279536011,0.8057450591462125
WUI_Global/Q,short,top_k_1,top_k_1,0.05958277406170964,0.015190405305474997,0.0074615213088691235,measured_candidate_query_loop_precomputed_vanilla_fallback_separate_retrieval,0.0,75.0,0.0,0.04943257192057294,0.006754790742576892,0.08218753398525162,0.0,75.0,75.0,75.0,0.14920648167530695,0.013149057631155573,0.11466934041475765,0.0,75.0,75.0,75.0,0.17574194530551165,0.018547340580807488,0.13618862133382323,0.0,75.0,75.0,75.0,0.5723024908413382,0.15607705197427446,0.3950658830806255,0.0,75.0,75.0,75.0,0.6502363353933999,0.13221577648036115,0.363614873843688,0.0,75.0,75.0,75.0,0.9921061397854594,0.5301149066502536,0.7280899028624512,0.0,75.0,75.0,75.0,0.6690019783341635,0.7159063136291931,0.8461124710280502,0.0,75.0,75.0,75.0,0.6690019783341635,0.7159063136291931,0.8461124710280502,0.0,75.0,75.0,75.0,1.2752554228759418,0.6093761678421035,0.7779666112284178,0.5709365275392996,0.3259685184786333,0.8699304873170108
WUI_Global/Q,short,top_k_5,top_k_5,0.11292302887886763,0.015190405305474997,0.0074615213088691235,measured_candidate_query_loop_precomputed_vanilla_fallback_separate_retrieval,0.0,75.0,0.0,0.048901717685492035,0.0067593404758696145,0.08221520830034802,0.0,75.0,75.0,75.0,0.14844696169098218,0.013013931382050883,0.11407861930287762,0.0,75.0,75.0,75.0,0.17489435471511655,0.01831368237427502,0.13532805464601572,0.0,75.0,75.0,75.0,0.561957153288031,0.1445646674913536,0.38021660601735113,0.0,75.0,75.0,75.0,0.6466525515261958,0.12912705085054627,0.3593425258030926,0.0,75.0,75.0,75.0,0.9843937108076426,0.5221893880941406,0.7226267280513091,0.0,75.0,75.0,75.0,0.6666187622639561,0.7504653745556982,0.8662940462427859,0.0,75.0,75.0,75.0,0.6666187622639561,0.7504653745556982,0.8662940462427859,0.0,75.0,75.0,75.0,1.2752554228759418,0.6093761678421035,0.7719188588805597,0.5666525427679808,0.3210951042254183,0.8569245330733808
WUI_Global/Q,short,top_k_10,top_k_10,0.18553596595302224,0.015190405305474997,0.0074615213088691235,measured_candidate_query_loop_precomputed_vanilla_fallback_separate_retrieval,0.0,75.0,0.0,0.04878964376900019,0.00683033924047602,0.08264586644518901,0.0,75.0,75.0,75.0,0.14792699296027423,0.013016550291094005,0.11409009725253987,0.0,75.0,75.0,75.0,0.17432059299539673,0.018401974626733437,0.13565387803794418,0.0,75.0,75.0,75.0,0.559258806457721,0.14533504650763046,0.38122833906679926,0.0,75.0,75.0,75.0,0.6414521292892835,0.12526448375171845,0.3539272294578625,0.0,75.0,75.0,75.0,0.9808420525634574,0.5227072062753569,0.722984928110785,0.0,75.0,75.0,75.0,0.6644178074832529,0.7672170144027666,0.875909250095446,0.0,75.0,75.0,75.0,0.6644178074832529,0.7672170144027666,0.875909250095446,0.0,75.0,75.0,75.0,1.2752554228759418,0.6093761678421035,0.7691338025063821,0.5669334277209481,0.3214135114674236,0.8577742843576327
WUI_Global/Q,short,top_k_15,top_k_15,0.24637375306338072,0.015190405305474997,0.0074615213088691235,measured_candidate_query_loop_precomputed_vanilla_fallback_separate_retrieval,0.0,75.0,0.0,0.048525190837747874,0.006725688699247534,0.0820102963002057,0.0,75.0,75.0,75.0,0.14722789778063694,0.012907032165056004,0.11360912007869793,0.0,75.0,75.0,75.0,0.17383062730335494,0.018308103849069987,0.13530744195745475,0.0,75.0,75.0,75.0,0.5549589119812589,0.1419712447977799,0.3767907175047972,0.0,75.0,75.0,75.0,0.637402458768317,0.12395053641065452,0.3520660966504081,0.0,75.0,75.0,75.0,0.9760834481597848,0.5186026010925532,0.7201406814592224,0.0,75.0,75.0,75.0,0.6605113743648714,0.7503570793899353,0.866231539133698,0.0,75.0,75.0,75.0,0.6605113743648714,0.7503570793899353,0.866231539133698,0.0,75.0,75.0,75.0,1.2752554228759418,0.6093761678421035,0.76540231129426,0.5647030928401536,0.31888958306323517,0.8510385349151515
WUI_Global/Q,short,selected_task,selected_task,,,,assembled_from_candidate_artifacts_no_independent_selected_method_latency,0.0,75.0,0.0,0.044746348803063635,0.005582648888520253,0.07471712580473269,0.0,75.0,75.0,75.0,0.142592940342923,0.011088068906427925,0.1052998998405408,0.0,75.0,75.0,75.0,0.16846696875719555,0.01636522924082573,0.1279266557087526,0.0,75.0,75.0,75.0,0.5848512701861969,0.1829066081760525,0.4276758213601191,0.0,75.0,75.0,75.0,0.6087323752928493,0.12676274288413136,0.35603755824931077,0.0,75.0,75.0,75.0,0.9486989791711424,0.4653804089344869,0.6821879571895761,0.0,75.0,75.0,75.0,0.6835573299724487,1.1073457414679149,1.0523049659998354,0.0,75.0,75.0,75.0,0.6835573299724487,1.1073457414679149,1.0523049659998354,0.0,75.0,75.0,75.0,1.2752554228759418,0.6093761678421035,0.7439285982659435,0.5349422123225428,0.2861631705245364,0.7636997202934139
WUI_Global/Q,short,selected_per_variate,selected_per_variate,,,,assembled_from_candidate_artifacts_no_independent_selected_method_latency,0.0,75.0,0.0,0.04657957708363218,0.006114848083613059,0.078197494100598,0.0,75.0,75.0,75.0,0.14412157256156205,0.012047801329983803,0.10976247687613377,0.0,75.0,75.0,75.0,0.1705091302711115,0.017506213577821304,0.13231104858560114,0.0,75.0,75.0,75.0,0.5697976577542831,0.16536476348244208,0.40665066516906384,0.0,75.0,75.0,75.0,0.6166448783243772,0.12781811056795506,0.3575165878220968,0.0,75.0,75.0,75.0,0.9565167486660077,0.49016539034817697,0.7001181259960186,0.0,75.0,75.0,75.0,0.659373261115354,0.7684894885532856,0.876635322442169,0.0,75.0,75.0,75.0,0.659373261115354,0.7684894885532856,0.876635322442169,0.0,75.0,75.0,75.0,1.2752554228759418,0.6093761678421035,0.7500589540790831,0.5490022731423639,0.3014034959154827,0.8043724323580449
Global_Price/Q,short,vanilla_univariate,vanilla_univariate,0.14501029020175338,0.0,0.0,measured_candidate_query_loop_precomputed_vanilla_fallback_separate_retrieval,0.0,300.0,0.0,1781287.4871124974,124741029815789.7,11168752.384030621,0.0,300.0,300.0,300.0,313.4901023295522,1299867.5551547017,1140.1173427128901,0.0,300.0,300.0,300.0,353.65696494252023,1656214.2382601427,1286.93987359944,0.0,300.0,300.0,300.0,0.17981980541839293,0.024917056589542668,0.1578513750004816,0.0,300.0,300.0,300.0,0.19245751531827268,0.03308711145964068,0.1818986296255161,0.0,300.0,300.0,300.0,1.5800589854703866,3.226501806274669,1.7962465883821934,0.0,300.0,300.0,300.0,0.18101462084462389,0.023975414008177605,0.15483996256838092,0.0,300.0,300.0,300.0,0.18101462084462389,0.023975414008177605,0.15483996256838092,0.0,300.0,300.0,300.0,1.8604859355497676,3.4498076767502495,0.8492722010303637,0.9654717372810498,0.9321356754884885,0.9352700523044993
Global_Price/Q,short,vanilla_multivariate,vanilla_multivariate,0.034664958249777555,0.0,0.0,measured_candidate_query_loop_precomputed_vanilla_fallback_separate_retrieval,0.0,300.0,0.0,1336712.8817748798,70966663198984.16,8424171.365718065,0.0,300.0,300.0,300.0,267.9338931063811,897588.032939556,947.4112269440109,0.0,300.0,300.0,300.0,312.3746335520796,1239134.9700880838,1113.164394906738,0.0,300.0,300.0,300.0,0.16360602726322818,0.019075307533022005,0.13811338650913604,0.0,300.0,300.0,300.0,0.17255417154347655,0.024870671303542077,0.15770437946849186,0.0,300.0,300.0,300.0,1.427177654123309,2.254375340460239,1.5014577384862482,0.0,300.0,300.0,300.0,0.16512110332244945,0.018820878469131264,0.1371892068244848,0.0,300.0,300.0,300.0,0.16512110332244945,0.018820878469131264,0.1371892068244848,0.0,300.0,300.0,300.0,1.8604859355497676,3.4498076767502495,0.7670994049743153,0.807024503543249,0.6512885493192275,0.653478556399956
Global_Price/Q,short,self_augmentation,self_augmentation,0.16468096897006035,0.0,0.0,measured_candidate_query_loop_precomputed_vanilla_fallback_separate_retrieval,0.0,300.0,0.0,1859693.672380534,142401247449117.6,11933199.380263349,0.0,300.0,300.0,300.0,313.7916683905323,1359639.8560468142,1166.0359582992346,0.0,300.0,300.0,300.0,355.6300096689538,1733220.9686033938,1316.5185029476015,0.0,300.0,300.0,300.0,0.18076499506133817,0.025353097796861228,0.15922656121659234,0.0,300.0,300.0,300.0,0.19410563629043132,0.03604510956017993,0.18985549652348738,0.0,300.0,300.0,300.0,1.5747042051533109,2.935134777795507,1.7132235049156623,0.0,300.0,300.0,300.0,0.1818773598877435,0.024586465092673246,0.15680071776836113,0.0,300.0,300.0,300.0,0.1818773598877435,0.024586465092673246,0.15680071776836113,0.0,300.0,300.0,300.0,1.8604859355497676,3.4498076767502495,0.8463940388176011,0.9208473292808904,0.8479598038437488,0.8508111329152211
Global_Price/Q,short,top_k_1,top_k_1,0.19525487907230854,0.03479565493762493,0.009602912236005068,measured_candidate_query_loop_precomputed_vanilla_fallback_separate_retrieval,0.0,300.0,0.0,1969182.3422152908,157744899052384.62,12559653.6199206,0.0,300.0,300.0,300.0,326.5156941686074,1480510.0994928053,1216.7621375983085,0.0,300.0,300.0,300.0,366.48268006799515,1834872.7874254703,1354.5747625825127,0.0,300.0,300.0,300.0,0.18205555164290005,0.025572918502245277,0.1599153479258488,0.0,300.0,300.0,300.0,0.1936151350929227,0.03182787520203476,0.17840368606627713,0.0,300.0,300.0,300.0,1.6068179574365702,3.5871667340946725,1.8939817142978632,0.0,300.0,300.0,300.0,0.18330954169437078,0.02449236037414097,0.15650035263264095,0.0,300.0,300.0,300.0,0.18330954169437078,0.02449236037414097,0.15650035263264095,0.0,300.0,300.0,300.0,1.8604859355497676,3.4498076767502495,0.8636549875136577,1.0180037796083623,1.0363316952969108,1.0398164391221416
Global_Price/Q,short,top_k_5,top_k_5,0.2977075381204486,0.03479565493762493,0.009602912236005068,measured_candidate_query_loop_precomputed_vanilla_fallback_separate_retrieval,0.0,300.0,0.0,2074289.206806798,161144553931719.72,12694272.48532659,0.0,300.0,300.0,300.0,337.3725596647461,1551630.0232175342,1245.644420859153,0.0,300.0,300.0,300.0,378.36247071181117,1931131.0475636523,1389.6514122482847,0.0,300.0,300.0,300.0,0.18525110346645277,0.027468447594875656,0.16573607813290278,0.0,300.0,300.0,300.0,0.1956349160480037,0.031762719842112076,0.17822098597559177,0.0,300.0,300.0,300.0,1.6473647380314438,4.288895881239866,2.0709649637885876,0.0,300.0,300.0,300.0,0.1862325240344194,0.026227243399636658,0.1619482738396327,0.0,300.0,300.0,300.0,0.1862325240344194,0.026227243399636658,0.1619482738396327,0.0,300.0,300.0,300.0,1.8604859355497676,3.4498076767502495,0.8854486382046488,1.113131211699606,1.2390610944598328,1.2432275312460448
Global_Price/Q,short,top_k_10,top_k_10,0.5301696392707527,0.03479565493762493,0.009602912236005068,measured_candidate_query_loop_precomputed_vanilla_fallback_separate_retrieval,0.0,300.0,0.0,1978600.3360123392,141550774135899.38,11897511.258069873,0.0,300.0,300.0,300.0,333.79853980948525,1455187.5841170824,1206.3115617936696,0.0,300.0,300.0,300.0,375.9865277074316,1837234.4669948479,1355.4462243094883,0.0,300.0,300.0,300.0,0.186035782557464,0.027485226654737693,0.16578669022191647,0.0,300.0,300.0,300.0,0.19640087079597368,0.032132196760212055,0.17925455854792663,0.0,300.0,300.0,300.0,1.6516671775301408,4.2670741018205725,2.065689739970786,0.0,300.0,300.0,300.0,0.18708976308289937,0.0262928471807122,0.1621506928160105,0.0,300.0,300.0,300.0,0.18708976308289937,0.0262928471807122,0.1621506928160105,0.0,300.0,300.0,300.0,1.8604859355497676,3.4498076767502495,0.8877611735571,1.1102958106266905,1.2327567870951797,1.2369020251703409
Global_Price/Q,short,top_k_15,top_k_15,0.6193676730617881,0.03479565493762493,0.009602912236005068,measured_candidate_query_loop_precomputed_vanilla_fallback_separate_retrieval,0.0,300.0,0.0,1966230.196908106,142024035574203.47,11917383.755430697,0.0,300.0,300.0,300.0,332.31865276078383,1442856.2559095307,1201.1895170661167,0.0,300.0,300.0,300.0,374.5090099834541,1825973.198349319,1351.2857574729776,0.0,300.0,300.0,300.0,0.18605486318504633,0.02730167087960563,0.16523217265292384,0.0,300.0,300.0,300.0,0.19643063043917516,0.032119028605632045,0.17921782446406398,0.0,300.0,300.0,300.0,1.6510841429800194,4.31341694486348,2.0768767283744793,0.0,300.0,300.0,300.0,0.18715423631787723,0.026213548367434156,0.1619059862001222,0.0,300.0,300.0,300.0,0.18715423631787723,0.026213548367434156,0.1619059862001222,0.0,300.0,300.0,300.0,1.8604859355497676,3.4498076767502495,0.8874477959932169,1.1163087496067359,1.246145224448554,1.25033548215846
Global_Price/Q,short,selected_task,selected_task,,,,assembled_from_candidate_artifacts_no_independent_selected_method_latency,0.0,300.0,0.0,1781287.4871124974,124741029815789.7,11168752.384030621,0.0,300.0,300.0,300.0,313.4901023295522,1299867.5551547017,1140.1173427128901,0.0,300.0,300.0,300.0,353.65696494252023,1656214.2382601427,1286.93987359944,0.0,300.0,300.0,300.0,0.17981980541839293,0.024917056589542668,0.1578513750004816,0.0,300.0,300.0,300.0,0.19245751531827268,0.03308711145964068,0.1818986296255161,0.0,300.0,300.0,300.0,1.5800589854703866,3.226501806274669,1.7962465883821934,0.0,300.0,300.0,300.0,0.18101462084462389,0.023975414008177605,0.15483996256838092,0.0,300.0,300.0,300.0,0.18101462084462389,0.023975414008177605,0.15483996256838092,0.0,300.0,300.0,300.0,1.8604859355497676,3.4498076767502495,0.8492722010303637,0.9654717372810498,0.9321356754884885,0.9352700523044993
Global_Price/Q,short,selected_per_variate,selected_per_variate,,,,assembled_from_candidate_artifacts_no_independent_selected_method_latency,0.0,300.0,0.0,1642499.069802556,124235518311671.47,11146098.793374814,0.0,300.0,300.0,300.0,288.7478380268812,1161784.81479671,1077.8612224199876,0.0,300.0,300.0,300.0,331.89581135304667,1532344.2402088589,1237.8789279282764,0.0,300.0,300.0,300.0,0.17224232685385266,0.021288788263180362,0.14590677935990623,0.0,300.0,300.0,300.0,0.1849189466643544,0.02951960711661353,0.1718127094152628,0.0,300.0,300.0,300.0,1.4941639645201508,2.3366201101743265,1.5286007033147428,0.0,300.0,300.0,300.0,0.1741723916288181,0.02132168664964149,0.14601947352884645,0.0,300.0,300.0,300.0,0.1741723916288181,0.02132168664964149,0.14601947352884645,0.0,300.0,300.0,300.0,1.8604859355497676,3.4498076767502495,0.8031041439066994,0.8216136838804139,0.6750490455395447,0.6773189490886182
Vehicle_Sales/M,short,vanilla_univariate,vanilla_univariate,0.030655480455607176,0.0,0.0,measured_candidate_query_loop_precomputed_vanilla_fallback_separate_retrieval,0.0,50.0,0.0,2666.5871549220083,108776084.26944846,10429.577377317282,0.0,50.0,50.0,50.0,13.731452990124623,1998.0704685262456,44.699781526605314,0.0,50.0,50.0,50.0,15.302665613318757,2432.415580048959,49.319525342900036,0.0,50.0,50.0,50.0,0.08987583231132547,0.004139593147175774,0.064339670089112,0.0,50.0,50.0,50.0,0.08854775932428519,0.0032524491799789173,0.05703024793895707,0.0,50.0,50.0,50.0,0.823606549639237,0.3387986393464666,0.5820641196178189,0.0,50.0,50.0,50.0,0.09000355489487522,0.00398403885467867,0.06311924314088906,0.0,50.0,50.0,50.0,0.09000355489487522,0.00398403885467867,0.06311924314088906,0.0,50.0,50.0,50.0,1.3003774304433904,0.8704781233070326,0.633359615722038,0.4476116748806938,0.20035621148949995,0.38920982650240193
Vehicle_Sales/M,short,vanilla_multivariate,vanilla_multivariate,0.021946977823972702,0.0,0.0,measured_candidate_query_loop_precomputed_vanilla_fallback_separate_retrieval,0.0,50.0,0.0,1627.4230581772013,34653122.87503267,5886.690315876373,0.0,50.0,50.0,50.0,10.884927250643571,1155.5007444519763,33.99265721375686,0.0,50.0,50.0,50.0,12.416546353684812,1473.2524348239979,38.38297063573894,0.0,50.0,50.0,50.0,0.08634400317408035,0.003072891345103169,0.05543366617050661,0.0,50.0,50.0,50.0,0.08595115199838861,0.0026971703203357246,0.05193428848396524,0.0,50.0,50.0,50.0,0.8347676413435652,0.34996510621189664,0.5915784869414173,0.0,50.0,50.0,50.0,0.0865210997918685,0.0029763976935339785,0.05455637170426547,0.0,50.0,50.0,50.0,0.0865210997918685,0.0029763976935339785,0.05455637170426547,0.0,50.0,50.0,50.0,1.3003774304433904,0.8704781233070326,0.6419425789779618,0.45492829473340407,0.20695975334904293,0.4020377960589573
Vehicle_Sales/M,short,self_augmentation,self_augmentation,0.06123341992497444,0.0,0.0,measured_candidate_query_loop_precomputed_vanilla_fallback_separate_retrieval,0.0,50.0,0.0,2779.5012655549367,120248767.17632057,10965.799887665313,0.0,50.0,50.0,50.0,13.842915300279858,2030.392043773715,45.05987176827865,0.0,50.0,50.0,50.0,15.58371787793596,2536.6490026558363,50.365156632892905,0.0,50.0,50.0,50.0,0.08922249794218448,0.003366228719662677,0.0580192099193248,0.0,50.0,50.0,50.0,0.08934397915895528,0.0030762783041914676,0.055464207415156196,0.0,50.0,50.0,50.0,0.8695807905973442,0.4215933877449151,0.6493022314338024,0.0,50.0,50.0,50.0,0.08953808253514692,0.003280475969618016,0.057275439497379815,0.0,50.0,50.0,50.0,0.08953808253514692,0.003280475969618016,0.057275439497379815,0.0,50.0,50.0,50.0,1.3003774304433904,0.8704781233070326,0.66871415193729,0.499318287316329,0.24931875204851206,0.48432393239618715
Vehicle_Sales/M,short,top_k_1,top_k_1,0.04962825030088425,0.012643841095268726,0.00622108019888401,measured_candidate_query_loop_precomputed_vanilla_fallback_separate_retrieval,0.0,50.0,0.0,3380.576283035611,240281880.68789327,15501.028375172187,0.0,50.0,50.0,50.0,14.195269794861476,2236.9855579413556,47.29678168693252,0.0,50.0,50.0,50.0,16.453590696731773,3109.855636220032,55.766079620321456,0.0,50.0,50.0,50.0,0.0949667121665583,0.004585113501976657,0.06771346617901536,0.0,50.0,50.0,50.0,0.09420742078828002,0.003794846389616447,0.061602324547182855,0.0,50.0,50.0,50.0,0.882102538826617,0.37391638254569926,0.6114870256560635,0.0,50.0,50.0,50.0,0.09539425613745894,0.004475212477740273,0.06689702891564223,0.0,50.0,50.0,50.0,0.09539425613745894,0.004475212477740273,0.06689702891564223,0.0,50.0,50.0,50.0,1.3003774304433904,0.8704781233070326,0.6783434702691249,0.47023811036736035,0.2211238804418658,0.4295528773602648
Vehicle_Sales/M,short,top_k_5,top_k_5,0.12004380626603961,0.012643841095268726,0.00622108019888401,measured_candidate_query_loop_precomputed_vanilla_fallback_separate_retrieval,0.0,50.0,0.0,2629.8220534657503,138691432.5067532,11776.732675354111,0.0,50.0,50.0,50.0,12.983340290735166,1845.4761760294703,42.95900576164991,0.0,50.0,50.0,50.0,14.82593188370895,2410.013797245372,49.09189135942281,0.0,50.0,50.0,50.0,0.09125258646491353,0.004534124041256218,0.06733590454769445,0.0,50.0,50.0,50.0,0.09151185276845392,0.003819104759318798,0.06179890581004487,0.0,50.0,50.0,50.0,0.8581607924584942,0.3879652779116152,0.6228685879955861,0.0,50.0,50.0,50.0,0.09183245603053139,0.004439386763750718,0.06662872326370001,0.0,50.0,50.0,50.0,0.09183245603053139,0.004439386763750718,0.06662872326370001,0.0,50.0,50.0,50.0,1.3003774304433904,0.8704781233070326,0.6599320876907919,0.4789906171958139,0.22943201136162675,0.44569216333398104
Vehicle_Sales/M,short,top_k_10,top_k_10,0.20769509626552463,0.012643841095268726,0.00622108019888401,measured_candidate_query_loop_precomputed_vanilla_fallback_separate_retrieval,0.0,50.0,0.0,2552.454013766296,123648442.56294563,11119.7321264024,0.0,50.0,50.0,50.0,12.977352740863957,1836.9562614175493,42.859727733824315,0.0,50.0,50.0,50.0,14.769144309363755,2334.326390135485,48.314867174975085,0.0,50.0,50.0,50.0,0.09121351465355655,0.00451683719382324,0.06720741918734299,0.0,50.0,50.0,50.0,0.09157705133005038,0.0037725626396389405,0.06142119047722,0.0,50.0,50.0,50.0,0.8643133069898917,0.40041824593789244,0.6327860980915213,0.0,50.0,50.0,50.0,0.09183604047037963,0.004420763211438352,0.06648882019887518,0.0,50.0,50.0,50.0,0.09183604047037963,0.004420763211438352,0.06648882019887518,0.0,50.0,50.0,50.0,1.3003774304433904,0.8704781233070326,0.6646634175242386,0.486617256865001,0.2367963546788184,0.4599980576383286
Vehicle_Sales/M,short,top_k_15,top_k_15,0.2944298079237342,0.012643841095268726,0.00622108019888401,measured_candidate_query_loop_precomputed_vanilla_fallback_separate_retrieval,0.0,50.0,0.0,2866.0306766376875,156693515.32237214,12517.728041556587,0.0,50.0,50.0,50.0,13.762040933618943,2130.3554727987594,46.15577399198024,0.0,50.0,50.0,50.0,15.470274880272283,2626.701271766503,51.251353853010585,0.0,50.0,50.0,50.0,0.09223031052890747,0.005006296993659608,0.07075519057750893,0.0,50.0,50.0,50.0,0.09250899156537405,0.004134179766543478,0.06429758756394736,0.0,50.0,50.0,50.0,0.8715027602787211,0.44935376502631075,0.6703385450847287,0.0,50.0,50.0,50.0,0.09295001249113753,0.0049005090252881,0.07000363580049325,0.0,50.0,50.0,50.0,0.09295001249113753,0.0049005090252881,0.07000363580049325,0.0,50.0,50.0,50.0,1.3003774304433904,0.8704781233070326,0.6701921610417095,0.5154953703373358,0.26573547683922694,0.5162148858137541
Vehicle_Sales/M,short,selected_task,selected_task,,,,assembled_from_candidate_artifacts_no_independent_selected_method_latency,0.0,50.0,0.0,2779.5012655549367,120248767.17632057,10965.799887665313,0.0,50.0,50.0,50.0,13.842915300279858,2030.392043773715,45.05987176827865,0.0,50.0,50.0,50.0,15.58371787793596,2536.6490026558363,50.365156632892905,0.0,50.0,50.0,50.0,0.08922249794218448,0.003366228719662677,0.0580192099193248,0.0,50.0,50.0,50.0,0.08934397915895528,0.0030762783041914676,0.055464207415156196,0.0,50.0,50.0,50.0,0.8695807905973442,0.4215933877449151,0.6493022314338024,0.0,50.0,50.0,50.0,0.08953808253514692,0.003280475969618016,0.057275439497379815,0.0,50.0,50.0,50.0,0.08953808253514692,0.003280475969618016,0.057275439497379815,0.0,50.0,50.0,50.0,1.3003774304433904,0.8704781233070326,0.66871415193729,0.499318287316329,0.24931875204851206,0.48432393239618715
Vehicle_Sales/M,short,selected_per_variate,selected_per_variate,,,,assembled_from_candidate_artifacts_no_independent_selected_method_latency,0.0,50.0,0.0,3380.547357902469,240282076.20422947,15501.034681731071,0.0,50.0,50.0,50.0,14.179929852783681,2237.4049786826204,47.30121540386273,0.0,50.0,50.0,50.0,16.432658197018128,3110.515102482441,55.77199209713098,0.0,50.0,50.0,50.0,0.09069741874175202,0.004153432617038842,0.06444713040189487,0.0,50.0,50.0,50.0,0.09028218402957298,0.0033788918315878153,0.05812823609561721,0.0,50.0,50.0,50.0,0.861940250138153,0.39287652638046894,0.6267986330397258,0.0,50.0,50.0,50.0,0.09114401137394985,0.004032937396634541,0.06350541234126852,0.0,50.0,50.0,50.0,0.09114401137394985,0.004032937396634541,0.06350541234126852,0.0,50.0,50.0,50.0,1.3003774304433904,0.8704781233070326,0.6628385190015615,0.4820128513196403,0.23233638883728971,0.45133417585256724
Online_Retail_2_UCI/D,short,vanilla_univariate,vanilla_univariate,0.014484740793704987,0.0,0.0,measured_candidate_query_loop_precomputed_vanilla_fallback_separate_retrieval,0.0,6.0,0.0,308363502.1283924,7.427341504590421e+16,272531493.67716056,0.0,6.0,6.0,6.0,10064.980170355904,9131551.685875306,3021.8457415750568,0.0,6.0,6.0,6.0,16022.476943080272,51643734.7368535,7186.357543071003,0.0,6.0,6.0,6.0,0.30026555322648424,0.002872907821378426,0.053599513256917045,0.0,6.0,6.0,6.0,0.5429929573388731,0.004002014837295749,0.06326147988543858,0.0,6.0,6.0,6.0,0.6092702040045644,0.03236354353355056,0.17989870353493534,0.0,6.0,6.0,6.0,0.29596457723691355,0.0023063233654513795,0.048024195625240615,0.0,6.0,6.0,6.0,0.29596457723691355,0.0023063233654513795,0.048024195625240615,0.0,6.0,6.0,6.0,1.6232577008686375,0.7074258093720319,0.3753379415224901,0.11082572005582846,0.012282340225892857,0.045748321738895904
Online_Retail_2_UCI/D,short,vanilla_multivariate,vanilla_multivariate,0.015221863985061646,0.0,0.0,measured_candidate_query_loop_precomputed_vanilla_fallback_separate_retrieval,0.0,6.0,0.0,308363502.1283924,7.427341504590421e+16,272531493.67716056,0.0,6.0,6.0,6.0,10064.980170355904,9131551.685875306,3021.8457415750568,0.0,6.0,6.0,6.0,16022.476943080272,51643734.7368535,7186.357543071003,0.0,6.0,6.0,6.0,0.30026555322648424,0.002872907821378426,0.053599513256917045,0.0,6.0,6.0,6.0,0.5429929573388731,0.004002014837295749,0.06326147988543858,0.0,6.0,6.0,6.0,0.6092702040045644,0.03236354353355056,0.17989870353493534,0.0,6.0,6.0,6.0,0.29596457723691355,0.0023063233654513795,0.048024195625240615,0.0,6.0,6.0,6.0,0.29596457723691355,0.0023063233654513795,0.048024195625240615,0.0,6.0,6.0,6.0,1.6232577008686375,0.7074258093720319,0.3753379415224901,0.11082572005582846,0.012282340225892857,0.045748321738895904
Online_Retail_2_UCI/D,short,self_augmentation,self_augmentation,0.014674728736281395,0.0,0.0,measured_candidate_query_loop_precomputed_vanilla_fallback_separate_retrieval,0.0,6.0,0.0,285316661.90970147,7.177367467091676e+16,267906093.0081971,0.0,6.0,6.0,6.0,9702.057958984375,6572932.809168827,2563.7731586801565,0.0,6.0,6.0,6.0,15365.591636270989,49215255.57706056,7015.358549429998,0.0,6.0,6.0,6.0,0.311332843410152,0.004378136275694327,0.06616748654508743,0.0,6.0,6.0,6.0,0.5338751796416491,0.003822292685696079,0.06182469317106296,0.0,6.0,6.0,6.0,0.587115041133234,0.022523238911631393,0.1500774430473527,0.0,6.0,6.0,6.0,0.28747834704201464,0.0016142562152159968,0.04017780749637786,0.0,6.0,6.0,6.0,0.28747834704201464,0.0016142562152159968,0.04017780749637786,0.0,6.0,6.0,6.0,1.6232577008686375,0.7074258093720319,0.36168936134974566,0.092454477786887,0.008547830462845981,0.03183830532225681
Online_Retail_2_UCI/D,short,top_k_1,top_k_1,0.015773599036037922,0.009794934187084436,0.005889856722205877,measured_candidate_query_loop_precomputed_vanilla_fallback_separate_retrieval,0.0,6.0,0.0,297544738.1829798,7.487608186327646e+16,273634942.69423354,0.0,6.0,6.0,6.0,10005.118619791667,7452252.44541256,2729.8813976824267,0.0,6.0,6.0,6.0,15741.082040232048,49763074.38566387,7054.294747574974,0.0,6.0,6.0,6.0,0.30434343709674816,0.0026599092246044433,0.05157430779568877,0.0,6.0,6.0,6.0,0.5381515476555236,0.00325471128715805,0.05705007701272672,0.0,6.0,6.0,6.0,0.6054394951103006,0.025716438182010123,0.16036345650431125,0.0,6.0,6.0,6.0,0.29526416019820206,0.00165704064282232,0.04070676409176146,0.0,6.0,6.0,6.0,0.29526416019820206,0.00165704064282232,0.04070676409176146,0.0,6.0,6.0,6.0,1.6232577008686375,0.7074258093720319,0.3729780519669291,0.09879112627557385,0.009759686630796377,0.03635213451547393
Online_Retail_2_UCI/D,short,top_k_5,top_k_5,0.021290650591254234,0.009794934187084436,0.005889856722205877,measured_candidate_query_loop_precomputed_vanilla_fallback_separate_retrieval,0.0,6.0,0.0,302383083.7634192,8.289053957975227e+16,287907171.81020737,0.0,6.0,6.0,6.0,10076.176193576388,7891211.736983742,2809.130067651504,0.0,6.0,6.0,6.0,15776.480073289136,53485760.260530114,7313.395945833243,0.0,6.0,6.0,6.0,0.30989476884686434,0.003743013630548526,0.06118017350865006,0.0,6.0,6.0,6.0,0.5415889713263632,0.0032882695446472027,0.0573434350614541,0.0,6.0,6.0,6.0,0.6097094537250093,0.02715623120661506,0.16479147795506618,0.0,6.0,6.0,6.0,0.29752094417006314,0.0017478197719162064,0.041806934495561936,0.0,6.0,6.0,6.0,0.29752094417006314,0.0017478197719162064,0.041806934495561936,0.0,6.0,6.0,6.0,1.6232577008686375,0.7074258093720319,0.3756085391732573,0.10151898732215038,0.010306104786914929,0.03838739108306088
Online_Retail_2_UCI/D,short,top_k_10,top_k_10,0.03314110357314348,0.009794934187084436,0.005889856722205877,measured_candidate_query_loop_precomputed_vanilla_fallback_separate_retrieval,0.0,6.0,0.0,305347183.24432427,8.255786050075278e+16,287328836.87641376,0.0,6.0,6.0,6.0,10188.115945095486,9124460.557699831,3020.6722029541424,0.0,6.0,6.0,6.0,15833.49889531149,54647495.97649413,7392.394468404275,0.0,6.0,6.0,6.0,0.3135425575979188,0.003477760360060854,0.0589725390335269,0.0,6.0,6.0,6.0,0.5441326770751344,0.0037113466141917768,0.06092082250094607,0.0,6.0,6.0,6.0,0.6165459639890073,0.031766129841994804,0.17823055249309755,0.0,6.0,6.0,6.0,0.299892650950391,0.0021321886619054442,0.04617562844082844,0.0,6.0,6.0,6.0,0.299892650950391,0.0021321886619054442,0.04617562844082844,0.0,6.0,6.0,6.0,1.6232577008686375,0.7074258093720319,0.3798201380218811,0.10979806373179245,0.012055614799250759,0.04490383220565981
Online_Retail_2_UCI/D,short,top_k_15,top_k_15,0.043866935186088085,0.009794934187084436,0.005889856722205877,measured_candidate_query_loop_precomputed_vanilla_fallback_separate_retrieval,0.0,6.0,0.0,306961967.8771818,8.420439051175923e+16,290179927.82368535,0.0,6.0,6.0,6.0,10130.780078124999,8594729.05115106,2931.676832659265,0.0,6.0,6.0,6.0,15861.346548919282,55379653.53226823,7441.750703447961,0.0,6.0,6.0,6.0,0.3126589780456393,0.004181128776810556,0.06466164842323892,0.0,6.0,6.0,6.0,0.5423253919202474,0.004123770446403962,0.06421659011816154,0.0,6.0,6.0,6.0,0.6132094541435856,0.0300706886366172,0.17340902120886675,0.0,6.0,6.0,6.0,0.29932237512881943,0.0023597506510708633,0.048577264754933076,0.0,6.0,6.0,6.0,0.29932237512881943,0.0023597506510708633,0.048577264754933076,0.0,6.0,6.0,6.0,1.6232577008686375,0.7074258093720319,0.3777646973831974,0.10682778286902452,0.01141217519271145,0.04250719755801723
Online_Retail_2_UCI/D,short,selected_task,selected_task,,,,assembled_from_candidate_artifacts_no_independent_selected_method_latency,0.0,6.0,0.0,285316661.90970147,7.177367467091676e+16,267906093.0081971,0.0,6.0,6.0,6.0,9702.057958984375,6572932.809168827,2563.7731586801565,0.0,6.0,6.0,6.0,15365.591636270989,49215255.57706056,7015.358549429998,0.0,6.0,6.0,6.0,0.311332843410152,0.004378136275694327,0.06616748654508743,0.0,6.0,6.0,6.0,0.5338751796416491,0.003822292685696079,0.06182469317106296,0.0,6.0,6.0,6.0,0.587115041133234,0.022523238911631393,0.1500774430473527,0.0,6.0,6.0,6.0,0.28747834704201464,0.0016142562152159968,0.04017780749637786,0.0,6.0,6.0,6.0,0.28747834704201464,0.0016142562152159968,0.04017780749637786,0.0,6.0,6.0,6.0,1.6232577008686375,0.7074258093720319,0.36168936134974566,0.092454477786887,0.008547830462845981,0.03183830532225681
Online_Retail_2_UCI/D,short,selected_per_variate,selected_per_variate,,,,assembled_from_candidate_artifacts_no_independent_selected_method_latency,0.0,6.0,0.0,285316661.90970147,7.177367467091676e+16,267906093.0081971,0.0,6.0,6.0,6.0,9702.057958984375,6572932.809168827,2563.7731586801565,0.0,6.0,6.0,6.0,15365.591636270989,49215255.57706056,7015.358549429998,0.0,6.0,6.0,6.0,0.311332843410152,0.004378136275694327,0.06616748654508743,0.0,6.0,6.0,6.0,0.5338751796416491,0.003822292685696079,0.06182469317106296,0.0,6.0,6.0,6.0,0.587115041133234,0.022523238911631393,0.1500774430473527,0.0,6.0,6.0,6.0,0.28747834704201464,0.0016142562152159968,0.04017780749637786,0.0,6.0,6.0,6.0,0.28747834704201464,0.0016142562152159968,0.04017780749637786,0.0,6.0,6.0,6.0,1.6232577008686375,0.7074258093720319,0.36168936134974566,0.092454477786887,0.008547830462845981,0.03183830532225681
Supply_Chain_Customer/D,short,vanilla_univariate,vanilla_univariate,0.5013641859404743,0.0,0.0,measured_candidate_query_loop_precomputed_vanilla_fallback_separate_retrieval,0.0,432.0,0.0,29400552.932453986,2.4690814065328108e+16,157133109.3860492,0.0,432.0,432.0,432.0,1553.1126318372326,12266496.114394369,3502.355794946363,0.0,432.0,432.0,432.0,2207.4212316020576,24527844.43872644,4952.559382655239,0.0,432.0,432.0,432.0,0.407221779933094,0.07223934552240606,0.2687737813150793,0.0,432.0,432.0,432.0,0.3824923459710267,0.040266456990168384,0.20066503679058886,0.0,432.0,432.0,432.0,0.5576402428108197,0.05496880716030934,0.23445427520160372,0.0,432.0,432.0,432.0,0.3353558637994138,0.023671811447152268,0.15385646378086384,0.0,432.0,432.0,432.0,0.3353558637994138,0.023671811447152268,0.15385646378086384,0.0,432.0,432.0,432.0,1.5244040426120686,0.7613944839464535,0.3658086880006578,0.15380061233625827,0.023654628355008003,0.0721949112047614
Supply_Chain_Customer/D,short,vanilla_multivariate,vanilla_multivariate,0.45615148823708296,0.0,0.0,measured_candidate_query_loop_precomputed_vanilla_fallback_separate_retrieval,0.0,432.0,0.0,28443627.590895753,2.231351783688463e+16,149377099.4392535,0.0,432.0,432.0,432.0,1536.447021581067,11865426.037377277,3444.62277141885,0.0,432.0,432.0,432.0,2180.08417996252,23690860.5591729,4867.3258118984495,0.0,432.0,432.0,432.0,0.41133249968163926,0.07563561101787766,0.2750192920830785,0.0,432.0,432.0,432.0,0.3789825513122065,0.039350096127930854,0.19836858654517567,0.0,432.0,432.0,432.0,0.5532599382047175,0.05391216634186834,0.23218993591856718,0.0,432.0,432.0,432.0,0.33323087017536507,0.023668540798506502,0.15384583451789166,0.0,432.0,432.0,432.0,0.33323087017536507,0.023668540798506502,0.15384583451789166,0.0,432.0,432.0,432.0,1.5244040426120686,0.7613944839464535,0.36293523418942514,0.15231521921229582,0.023199926003689732,0.07080714068537934
Supply_Chain_Customer/D,short,self_augmentation,self_augmentation,1.5554953468963504,0.0,0.0,measured_candidate_query_loop_precomputed_vanilla_fallback_separate_retrieval,0.0,432.0,0.0,28500523.850129228,2.207866314853919e+16,148588906.546011,0.0,432.0,432.0,432.0,1539.3760901222995,11706842.486841265,3421.5263387618784,0.0,432.0,432.0,432.0,2191.821467241593,23696442.505868144,4867.899188137337,0.0,432.0,432.0,432.0,0.4152170011438596,0.07845886471812875,0.28010509584462895,0.0,432.0,432.0,432.0,0.3813771606924167,0.03944116832900175,0.19859800686059703,0.0,432.0,432.0,432.0,0.5568221834156883,0.05391460738423067,0.23219519242273443,0.0,432.0,432.0,432.0,0.33549040894218307,0.02379546438837556,0.15425778550327876,0.0,432.0,432.0,432.0,0.33549040894218307,0.02379546438837556,0.15425778550327876,0.0,432.0,432.0,432.0,1.5244040426120686,0.7613944839464535,0.36527204589511103,0.15231866744781627,0.023200976453078444,0.07081034670067601
Supply_Chain_Customer/D,short,top_k_1,top_k_1,1.0103177451528609,0.4759446904063225,0.22352087497711182,measured_candidate_query_loop_precomputed_vanilla_fallback_separate_retrieval,0.0,432.0,0.0,28427762.637724478,2.2146607690133468e+16,148817363.5371003,0.0,432.0,432.0,432.0,1544.7360413532197,11810925.26419213,3436.7026732308586,0.0,432.0,432.0,432.0,2192.679410518902,23619919.640410963,4860.032884704688,0.0,432.0,432.0,432.0,0.40513485770046703,0.07161398962671241,0.26760790277327834,0.0,432.0,432.0,432.0,0.38550823337692525,0.04123421159796394,0.20306208803704334,0.0,432.0,432.0,432.0,0.5571351903676635,0.053856325155116465,0.23206965582582412,0.0,432.0,432.0,432.0,0.3356770331482249,0.023882903893852874,0.1545409456870666,0.0,432.0,432.0,432.0,0.3356770331482249,0.023882903893852874,0.1545409456870666,0.0,432.0,432.0,432.0,1.5244040426120686,0.7613944839464535,0.3654773765969627,0.1522363161856829,0.02317589596578722,0.07073380000859582
Supply_Chain_Customer/D,short,top_k_5,top_k_5,2.956219826824963,0.4759446904063225,0.22352087497711182,measured_candidate_query_loop_precomputed_vanilla_fallback_separate_retrieval,0.0,432.0,0.0,29221723.975895658,2.394890382641622e+16,154754333.7888029,0.0,432.0,432.0,432.0,1560.2144057990593,12109081.34894271,3479.8105334834986,0.0,432.0,432.0,432.0,2213.4997822870437,24322142.689710863,4931.748441446589,0.0,432.0,432.0,432.0,0.40505838002536304,0.07115967456528598,0.2667577076023971,0.0,432.0,432.0,432.0,0.3879769840089924,0.04172838594938936,0.2042752700387136,0.0,432.0,432.0,432.0,0.5604170712793803,0.05426810841547801,0.23295516395967275,0.0,432.0,432.0,432.0,0.3374730994650757,0.024026432032269868,0.15500461939010032,0.0,432.0,432.0,432.0,0.3374730994650757,0.024026432032269868,0.15500461939010032,0.0,432.0,432.0,432.0,1.5244040426120686,0.7613944839464535,0.36763027098714907,0.15281720426331574,0.02335309791885596,0.07127462775169582
Supply_Chain_Customer/D,short,top_k_10,top_k_10,5.3491544630378485,0.4759446904063225,0.22352087497711182,measured_candidate_query_loop_precomputed_vanilla_fallback_separate_retrieval,0.0,432.0,0.0,29302364.315641403,2.4404855003187664e+16,156220533.23167112,0.0,432.0,432.0,432.0,1558.286506300061,12225025.218924318,3496.4303537928963,0.0,432.0,432.0,432.0,2210.0149109533354,24418198.409005325,4941.4773508542285,0.0,432.0,432.0,432.0,0.40491145905871845,0.07137193925679049,0.26715527181171345,0.0,432.0,432.0,432.0,0.38719598729662996,0.0415682143626157,0.20388284469914505,0.0,432.0,432.0,432.0,0.5593545143720866,0.054403934962136906,0.23324651114676273,0.0,432.0,432.0,432.0,0.33668231274897836,0.02396839776956257,0.1548173044900426,0.0,432.0,432.0,432.0,0.33668231274897836,0.02396839776956257,0.1548173044900426,0.0,432.0,432.0,432.0,1.5244040426120686,0.7613944839464535,0.3669332399654568,0.15300832628801908,0.023411547913460905,0.07145301957029014
Supply_Chain_Customer/D,short,top_k_15,top_k_15,7.907553826924413,0.4759446904063225,0.22352087497711182,measured_candidate_query_loop_precomputed_vanilla_fallback_separate_retrieval,0.0,432.0,0.0,29011549.70372064,2.372557181841558e+16,154031074.1974345,0.0,432.0,432.0,432.0,1553.741715463297,12110431.453341937,3480.00451915539,0.0,432.0,432.0,432.0,2203.3760277308943,24156683.784141462,4914.944942127171,0.0,432.0,432.0,432.0,0.4045347333285239,0.07114814252224375,0.26673609152539474,0.0,432.0,432.0,432.0,0.3866688491808566,0.0414207301840158,0.20352083476640861,0.0,432.0,432.0,432.0,0.5587729400791481,0.054440380223955726,0.23332462412689262,0.0,432.0,432.0,432.0,0.3363638278150589,0.024015971383063883,0.15497087269246398,0.0,432.0,432.0,432.0,0.3363638278150589,0.024015971383063883,0.15497087269246398,0.0,432.0,432.0,432.0,1.5244040426120686,0.7613944839464535,0.3665517306826934,0.15305956793914724,0.02342723133771843,0.07150088603450448
Supply_Chain_Customer/D,short,selected_task,selected_task,,,,assembled_from_candidate_artifacts_no_independent_selected_method_latency,0.0,432.0,0.0,28443627.590895753,2.231351783688463e+16,149377099.4392535,0.0,432.0,432.0,432.0,1536.447021581067,11865426.037377277,3444.62277141885,0.0,432.0,432.0,432.0,2180.08417996252,23690860.5591729,4867.3258118984495,0.0,432.0,432.0,432.0,0.41133249968163926,0.07563561101787766,0.2750192920830785,0.0,432.0,432.0,432.0,0.3789825513122065,0.039350096127930854,0.19836858654517567,0.0,432.0,432.0,432.0,0.5532599382047175,0.05391216634186834,0.23218993591856718,0.0,432.0,432.0,432.0,0.33323087017536507,0.023668540798506502,0.15384583451789166,0.0,432.0,432.0,432.0,0.33323087017536507,0.023668540798506502,0.15384583451789166,0.0,432.0,432.0,432.0,1.5244040426120686,0.7613944839464535,0.36293523418942514,0.15231521921229582,0.023199926003689732,0.07080714068537934
Supply_Chain_Customer/D,short,selected_per_variate,selected_per_variate,,,,assembled_from_candidate_artifacts_no_independent_selected_method_latency,0.0,432.0,0.0,28556252.247590754,2.2318530762188744e+16,149393877.9274062,0.0,432.0,432.0,432.0,1541.4946747503159,11888288.5757702,3447.9397581411135,0.0,432.0,432.0,432.0,2190.78321331744,23756721.159837272,4874.086700073899,0.0,432.0,432.0,432.0,0.4095375029034888,0.07487436549528145,0.2736318064393857,0.0,432.0,432.0,432.0,0.38085834008341735,0.039502282037972555,0.1987518101501784,0.0,432.0,432.0,432.0,0.5559224069151694,0.054034887180797096,0.23245405391344995,0.0,432.0,432.0,432.0,0.33451591897400657,0.023587737808077266,0.15358299973655049,0.0,432.0,432.0,432.0,0.33451591897400657,0.023587737808077266,0.15358299973655049,0.0,432.0,432.0,432.0,1.5244040426120686,0.7613944839464535,0.36468179785366844,0.15248847904859894,0.023252736242554996,0.07096831973450074
Supply_Chain_Location/D,short,vanilla_univariate,vanilla_univariate,0.7148768468759954,0.0,0.0,measured_candidate_query_loop_precomputed_vanilla_fallback_separate_retrieval,0.0,612.0,0.0,19273968.335680302,2765927961447603.5,52592090.29357555,0.0,612.0,612.0,612.0,1714.7489390070918,8068879.908229407,2840.577389938427,0.0,612.0,612.0,612.0,2278.6412923126627,14081762.196647981,3752.5674140044416,0.0,612.0,612.0,612.0,0.486319032960139,0.06030573265292697,0.24557225546247477,0.0,612.0,612.0,612.0,0.3919893529305231,0.015499861792743643,0.12449844092495152,0.0,612.0,612.0,612.0,0.6095078929068667,0.054163901756584906,0.23273139400730813,0.0,612.0,612.0,612.0,0.35859797716690345,0.011858528705529446,0.10889687188128705,0.0,612.0,612.0,612.0,0.35859797716690345,0.011858528705529446,0.10889687188128705,0.0,612.0,612.0,612.0,1.4264456517338167,0.5773547972858538,0.4272913532780038,0.16315475722781847,0.026619474806068383,0.09381389400626708
Supply_Chain_Location/D,short,vanilla_multivariate,vanilla_multivariate,0.6515801888890564,0.0,0.0,measured_candidate_query_loop_precomputed_vanilla_fallback_separate_retrieval,0.0,612.0,0.0,18425020.9472092,2375223401081224.5,48736263.716879494,0.0,612.0,612.0,612.0,1703.5771076693775,7931868.371083079,2816.3572875406057,0.0,612.0,612.0,612.0,2240.564427128654,13404891.995094847,3661.2691781805456,0.0,612.0,612.0,612.0,0.49793539939409115,0.06655250791963062,0.2579777275650567,0.0,612.0,612.0,612.0,0.38979274483600085,0.015278240874947469,0.123605181424354,0.0,612.0,612.0,612.0,0.6049073017593081,0.05166107759511255,0.22729073363230748,0.0,612.0,612.0,612.0,0.3570862459372093,0.012312206607362132,0.11096038305342196,0.0,612.0,612.0,612.0,0.3570862459372093,0.012312206607362132,0.11096038305342196,0.0,612.0,612.0,612.0,1.4264456517338167,0.5773547972858538,0.424066140216457,0.15934061936116534,0.025389432978399774,0.08947890939500527
Supply_Chain_Location/D,short,self_augmentation,self_augmentation,2.2294101268053055,0.0,0.0,measured_candidate_query_loop_precomputed_vanilla_fallback_separate_retrieval,0.0,612.0,0.0,18997031.39872336,2608147841944976.0,51070028.80305606,0.0,612.0,612.0,612.0,1712.2643497195897,8016769.4986778535,2831.3900294162677,0.0,612.0,612.0,612.0,2267.88130682256,13853745.776888154,3722.062032917796,0.0,612.0,612.0,612.0,0.49616632945540723,0.06388209189165502,0.25274906902233096,0.0,612.0,612.0,612.0,0.3919168491864056,0.015234373155756965,0.12342760289237155,0.0,612.0,612.0,612.0,0.6087596626512084,0.05255597156219442,0.22925089217317002,0.0,612.0,612.0,612.0,0.35869794062408816,0.011814382211800124,0.10869398424844001,0.0,612.0,612.0,612.0,0.35869794062408816,0.011814382211800124,0.10869398424844001,0.0,612.0,612.0,612.0,1.4264456517338167,0.5773547972858538,0.4267668115579959,0.16071477514374283,0.025829238949503813,0.0910288990569753
Supply_Chain_Location/D,short,top_k_1,top_k_1,1.4402386248111725,0.9318494158796966,0.31302642496302724,measured_candidate_query_loop_precomputed_vanilla_fallback_separate_retrieval,0.0,612.0,0.0,19360564.546556417,2801177037435694.5,52926147.01105394,0.0,612.0,612.0,612.0,1720.1031544364355,8157577.489638199,2856.14731581517,0.0,612.0,612.0,612.0,2281.502370092897,14155311.481816912,3762.3545130432503,0.0,612.0,612.0,612.0,0.4816215146709569,0.059324661835103126,0.24356654498330252,0.0,612.0,612.0,612.0,0.39398182227418527,0.015487695407667616,0.12444956973677175,0.0,612.0,612.0,612.0,0.6108440998930031,0.05504268650887769,0.2346117782825016,0.0,612.0,612.0,612.0,0.35922495040481767,0.012097662743057921,0.10998937559172668,0.0,612.0,612.0,612.0,0.35922495040481767,0.012097662743057921,0.10998937559172668,0.0,612.0,612.0,612.0,1.4264456517338167,0.5773547972858538,0.4282280920766481,0.1644729878052736,0.027051363717593684,0.09533598190858288
Supply_Chain_Location/D,short,top_k_5,top_k_5,4.207949979696423,0.9318494158796966,0.31302642496302724,measured_candidate_query_loop_precomputed_vanilla_fallback_separate_retrieval,0.0,612.0,0.0,19389214.25745385,2909218262997786.0,53937169.58645296,0.0,612.0,612.0,612.0,1719.2666391068294,8179369.326372431,2859.9596721584085,0.0,612.0,612.0,612.0,2279.2828464679537,14194083.963250786,3767.5036779346065,0.0,612.0,612.0,612.0,0.4798017331704223,0.05892570388834166,0.24274617172746857,0.0,612.0,612.0,612.0,0.3952366903810069,0.015526192670002617,0.12460414387171326,0.0,612.0,612.0,612.0,0.6118511146526682,0.055314388539822186,0.23519011148392738,0.0,612.0,612.0,612.0,0.3595768741134961,0.012037933574210059,0.10971751717118856,0.0,612.0,612.0,612.0,0.3595768741134961,0.012037933574210059,0.10971751717118856,0.0,612.0,612.0,612.0,1.4264456517338167,0.5773547972858538,0.42893405290904363,0.16487842435360817,0.027184894817328487,0.09580657993984851
Supply_Chain_Location/D,short,top_k_10,top_k_10,7.597109826747328,0.9318494158796966,0.31302642496302724,measured_candidate_query_loop_precomputed_vanilla_fallback_separate_retrieval,0.0,612.0,0.0,19234647.161473755,2806555479244253.5,52976933.46395442,0.0,612.0,612.0,612.0,1716.8072155762343,8107416.111297237,2847.3524740181424,0.0,612.0,612.0,612.0,2274.07092020796,14063248.611338273,3750.099813516738,0.0,612.0,612.0,612.0,0.4799661621955024,0.05911132934453227,0.24312821585437644,0.0,612.0,612.0,612.0,0.39481592672529175,0.015475674887970817,0.12440126562045427,0.0,612.0,612.0,612.0,0.6114532767140411,0.05458729988388328,0.23363925159074464,0.0,612.0,612.0,612.0,0.3594786086884181,0.011955973748658246,0.10934337542191683,0.0,612.0,612.0,612.0,0.3594786086884181,0.011955973748658246,0.10934337542191683,0.0,612.0,612.0,612.0,1.4264456517338167,0.5773547972858538,0.42865515133424936,0.1637912045977782,0.026827558703591246,0.0945472353230601
Supply_Chain_Location/D,short,top_k_15,top_k_15,11.23328416282311,0.9318494158796966,0.31302642496302724,measured_candidate_query_loop_precomputed_vanilla_fallback_separate_retrieval,0.0,612.0,0.0,19166090.6559612,2774705119361558.0,52675469.80674741,0.0,612.0,612.0,612.0,1715.1755788468588,8078531.435458928,2842.2757493703753,0.0,612.0,612.0,612.0,2271.3896327276616,14006879.7922985,3742.5766247731653,0.0,612.0,612.0,612.0,0.4806882898489348,0.059250122079240894,0.243413479658052,0.0,612.0,612.0,612.0,0.394645952920113,0.015482321335321464,0.12442797649773729,0.0,612.0,612.0,612.0,0.6111723430263984,0.05430478471191166,0.23303387031054448,0.0,612.0,612.0,612.0,0.3593984899559128,0.01194614391746183,0.10929841681132361,0.0,612.0,612.0,612.0,0.3593984899559128,0.01194614391746183,0.10929841681132361,0.0,612.0,612.0,612.0,1.4264456517338167,0.5773547972858538,0.42845820468766577,0.16336680617820692,0.026688713360867828,0.09405790852903376
Supply_Chain_Location/D,short,selected_task,selected_task,,,,assembled_from_candidate_artifacts_no_independent_selected_method_latency,0.0,612.0,0.0,18425020.9472092,2375223401081224.5,48736263.716879494,0.0,612.0,612.0,612.0,1703.5771076693775,7931868.371083079,2816.3572875406057,0.0,612.0,612.0,612.0,2240.564427128654,13404891.995094847,3661.2691781805456,0.0,612.0,612.0,612.0,0.49793539939409115,0.06655250791963062,0.2579777275650567,0.0,612.0,612.0,612.0,0.38979274483600085,0.015278240874947469,0.123605181424354,0.0,612.0,612.0,612.0,0.6049073017593081,0.05166107759511255,0.22729073363230748,0.0,612.0,612.0,612.0,0.3570862459372093,0.012312206607362132,0.11096038305342196,0.0,612.0,612.0,612.0,0.3570862459372093,0.012312206607362132,0.11096038305342196,0.0,612.0,612.0,612.0,1.4264456517338167,0.5773547972858538,0.424066140216457,0.15934061936116534,0.025389432978399774,0.08947890939500527
Supply_Chain_Location/D,short,selected_per_variate,selected_per_variate,,,,assembled_from_candidate_artifacts_no_independent_selected_method_latency,0.0,612.0,0.0,18477366.71577285,2377411836391353.0,48758710.36431699,0.0,612.0,612.0,612.0,1704.7483798224423,7939907.955293926,2817.784227951801,0.0,612.0,612.0,612.0,2245.8372405607242,13433581.804683441,3665.1850982840474,0.0,612.0,612.0,612.0,0.4942944576309904,0.06640635620946145,0.25769430767764634,0.0,612.0,612.0,612.0,0.39116619662630303,0.015362772963750652,0.12394665370130269,0.0,612.0,612.0,612.0,0.6075072432816544,0.05321495141975378,0.23068366092932063,0.0,612.0,612.0,612.0,0.3579388421015324,0.012183156852371533,0.11037733849106679,0.0,612.0,612.0,612.0,0.3579388421015324,0.012183156852371533,0.11037733849106679,0.0,612.0,612.0,612.0,1.4264456517338167,0.5773547972858538,0.4258888114967726,0.1617192079129893,0.026153102208004667,0.09217027669973019
azure2019_U/5T,short,vanilla_univariate,vanilla_univariate,1.4044026918709278,0.0,0.0,measured_candidate_query_loop_precomputed_vanilla_fallback_separate_retrieval,0.0,1404.0,0.0,69.32595593440938,100140.58662801542,316.44997492181193,0.0,1404.0,1404.0,1404.0,2.390940124655217,37.53973323120871,6.126967702804439,0.0,1404.0,1404.0,1404.0,3.3254491072317243,58.267344169621104,7.633304930999488,0.0,1404.0,1404.0,1404.0,0.3706416022523872,13.043188114149988,3.6115354233552783,0.0,1404.0,1404.0,1404.0,0.16478849630614245,0.03637144504371433,0.19071299128196362,0.0,1404.0,1404.0,1404.0,0.6571249710943114,0.9113711721214492,0.9546576203652539,0.0,1404.0,1404.0,1404.0,0.17734112138766037,0.061158743898666816,0.247302939526943,0.0,1404.0,1404.0,1404.0,0.17734112138766037,0.061158743898666816,0.247302939526943,0.0,1404.0,1404.0,1404.0,1.1130542641708217,1.2257899723905192,0.5903799951602915,0.8576918943627906,0.7356353856556321,0.7434970040945149
azure2019_U/5T,short,vanilla_multivariate,vanilla_multivariate,1.4014772293157876,0.0,0.0,measured_candidate_query_loop_precomputed_vanilla_fallback_separate_retrieval,0.0,1404.0,0.0,67.88794041437046,95001.33472595089,308.2228653522494,0.0,1404.0,1404.0,1404.0,2.390794347931601,37.060725168866526,6.087752062039528,0.0,1404.0,1404.0,1404.0,3.3154675168704175,56.89561555894757,7.542918238914404,0.0,1404.0,1404.0,1404.0,0.3746660865696533,13.12538591246369,3.6228974471358817,0.0,1404.0,1404.0,1404.0,0.16488207425438844,0.03610030334768858,0.190000798281714,0.0,1404.0,1404.0,1404.0,0.6607650382620804,0.9169585057106864,0.9575795035978404,0.0,1404.0,1404.0,1404.0,0.17787342286143712,0.06131628780292698,0.24762125878633073,0.0,1404.0,1404.0,1404.0,0.17787342286143712,0.06131628780292698,0.24762125878633073,0.0,1404.0,1404.0,1404.0,1.1130542641708217,1.2257899723905192,0.5936503363152043,0.8603169983910862,0.740145337720648,0.7480551533004028
azure2019_U/5T,short,self_augmentation,self_augmentation,3.980430894996971,0.0,0.0,measured_candidate_query_loop_precomputed_vanilla_fallback_separate_retrieval,0.0,1404.0,0.0,62.43879550699192,82593.63189956981,287.3910783228488,0.0,1404.0,1404.0,1404.0,2.307219658848822,34.11515567004861,5.840818065138531,0.0,1404.0,1404.0,1404.0,3.209007638021811,52.141065486109596,7.220877057955605,0.0,1404.0,1404.0,1404.0,0.3747629137372933,13.229238518367657,3.6372020178108966,0.0,1404.0,1404.0,1404.0,0.16284362839791738,0.035832921718122475,0.18929585763593051,0.0,1404.0,1404.0,1404.0,0.6602518473795841,0.9040762044880511,0.9508292194122198,0.0,1404.0,1404.0,1404.0,0.17815276482648307,0.06389534068071547,0.25277527703617586,0.0,1404.0,1404.0,1404.0,0.17815276482648307,0.06389534068071547,0.25277527703617586,0.0,1404.0,1404.0,1404.0,1.1130542641708217,1.2257899723905192,0.5931892708496506,0.854252348712349,0.7297470752805647,0.737545766282403
azure2019_U/5T,short,top_k_1,top_k_1,0.0004283939488232136,0.09896791027858853,0.00222562113776803,measured_candidate_query_loop_precomputed_vanilla_fallback_separate_retrieval,1404.0,1404.0,1.0,69.32595593440938,100140.58662801542,316.44997492181193,0.0,1404.0,1404.0,1404.0,2.390940124655217,37.53973323120871,6.126967702804439,0.0,1404.0,1404.0,1404.0,3.3254491072317243,58.267344169621104,7.633304930999488,0.0,1404.0,1404.0,1404.0,0.3706416022523872,13.043188114149988,3.6115354233552783,0.0,1404.0,1404.0,1404.0,0.16478849630614245,0.03637144504371433,0.19071299128196362,0.0,1404.0,1404.0,1404.0,0.6571249710943114,0.9113711721214492,0.9546576203652539,0.0,1404.0,1404.0,1404.0,0.17734112138766037,0.061158743898666816,0.247302939526943,0.0,1404.0,1404.0,1404.0,0.17734112138766037,0.061158743898666816,0.247302939526943,0.0,1404.0,1404.0,1404.0,1.1130542641708217,1.2257899723905192,0.5903799951602915,0.8576918943627906,0.7356353856556321,0.7434970040945149
azure2019_U/5T,short,top_k_5,top_k_5,0.0004239138215780258,0.09896791027858853,0.00222562113776803,measured_candidate_query_loop_precomputed_vanilla_fallback_separate_retrieval,1404.0,1404.0,1.0,69.32595593440938,100140.58662801542,316.44997492181193,0.0,1404.0,1404.0,1404.0,2.390940124655217,37.53973323120871,6.126967702804439,0.0,1404.0,1404.0,1404.0,3.3254491072317243,58.267344169621104,7.633304930999488,0.0,1404.0,1404.0,1404.0,0.3706416022523872,13.043188114149988,3.6115354233552783,0.0,1404.0,1404.0,1404.0,0.16478849630614245,0.03637144504371433,0.19071299128196362,0.0,1404.0,1404.0,1404.0,0.6571249710943114,0.9113711721214492,0.9546576203652539,0.0,1404.0,1404.0,1404.0,0.17734112138766037,0.061158743898666816,0.247302939526943,0.0,1404.0,1404.0,1404.0,0.17734112138766037,0.061158743898666816,0.247302939526943,0.0,1404.0,1404.0,1404.0,1.1130542641708217,1.2257899723905192,0.5903799951602915,0.8576918943627906,0.7356353856556321,0.7434970040945149
azure2019_U/5T,short,top_k_10,top_k_10,0.0004275939427316189,0.09896791027858853,0.00222562113776803,measured_candidate_query_loop_precomputed_vanilla_fallback_separate_retrieval,1404.0,1404.0,1.0,69.32595593440938,100140.58662801542,316.44997492181193,0.0,1404.0,1404.0,1404.0,2.390940124655217,37.53973323120871,6.126967702804439,0.0,1404.0,1404.0,1404.0,3.3254491072317243,58.267344169621104,7.633304930999488,0.0,1404.0,1404.0,1404.0,0.3706416022523872,13.043188114149988,3.6115354233552783,0.0,1404.0,1404.0,1404.0,0.16478849630614245,0.03637144504371433,0.19071299128196362,0.0,1404.0,1404.0,1404.0,0.6571249710943114,0.9113711721214492,0.9546576203652539,0.0,1404.0,1404.0,1404.0,0.17734112138766037,0.061158743898666816,0.247302939526943,0.0,1404.0,1404.0,1404.0,0.17734112138766037,0.061158743898666816,0.247302939526943,0.0,1404.0,1404.0,1404.0,1.1130542641708217,1.2257899723905192,0.5903799951602915,0.8576918943627906,0.7356353856556321,0.7434970040945149
azure2019_U/5T,short,top_k_15,top_k_15,0.0004294137470424175,0.09896791027858853,0.00222562113776803,measured_candidate_query_loop_precomputed_vanilla_fallback_separate_retrieval,1404.0,1404.0,1.0,69.32595593440938,100140.58662801542,316.44997492181193,0.0,1404.0,1404.0,1404.0,2.390940124655217,37.53973323120871,6.126967702804439,0.0,1404.0,1404.0,1404.0,3.3254491072317243,58.267344169621104,7.633304930999488,0.0,1404.0,1404.0,1404.0,0.3706416022523872,13.043188114149988,3.6115354233552783,0.0,1404.0,1404.0,1404.0,0.16478849630614245,0.03637144504371433,0.19071299128196362,0.0,1404.0,1404.0,1404.0,0.6571249710943114,0.9113711721214492,0.9546576203652539,0.0,1404.0,1404.0,1404.0,0.17734112138766037,0.061158743898666816,0.247302939526943,0.0,1404.0,1404.0,1404.0,0.17734112138766037,0.061158743898666816,0.247302939526943,0.0,1404.0,1404.0,1404.0,1.1130542641708217,1.2257899723905192,0.5903799951602915,0.8576918943627906,0.7356353856556321,0.7434970040945149
azure2019_U/5T,short,selected_task,selected_task,,,,assembled_from_candidate_artifacts_no_independent_selected_method_latency,0.0,1404.0,0.0,69.32595593440938,100140.58662801542,316.44997492181193,0.0,1404.0,1404.0,1404.0,2.390940124655217,37.53973323120871,6.126967702804439,0.0,1404.0,1404.0,1404.0,3.3254491072317243,58.267344169621104,7.633304930999488,0.0,1404.0,1404.0,1404.0,0.3706416022523872,13.043188114149988,3.6115354233552783,0.0,1404.0,1404.0,1404.0,0.16478849630614245,0.03637144504371433,0.19071299128196362,0.0,1404.0,1404.0,1404.0,0.6571249710943114,0.9113711721214492,0.9546576203652539,0.0,1404.0,1404.0,1404.0,0.17734112138766037,0.061158743898666816,0.247302939526943,0.0,1404.0,1404.0,1404.0,0.17734112138766037,0.061158743898666816,0.247302939526943,0.0,1404.0,1404.0,1404.0,1.1130542641708217,1.2257899723905192,0.5903799951602915,0.8576918943627906,0.7356353856556321,0.7434970040945149
azure2019_U/5T,short,selected_per_variate,selected_per_variate,,,,assembled_from_candidate_artifacts_no_independent_selected_method_latency,0.0,1404.0,0.0,65.09278664246624,90802.68040197228,301.3348310467482,0.0,1404.0,1404.0,1404.0,2.3331230660906113,35.8246945030347,5.985373380419529,0.0,1404.0,1404.0,1404.0,3.233256111410402,54.63884156049352,7.3918090857714605,0.0,1404.0,1404.0,1404.0,0.37044480180095146,13.119187066362079,3.6220418366388425,0.0,1404.0,1404.0,1404.0,0.1626116938584329,0.03576599713893848,0.1891190025855109,0.0,1404.0,1404.0,1404.0,0.6539975284890175,0.9057647852481499,0.9517167568390029,0.0,1404.0,1404.0,1404.0,0.17570127446238826,0.06116995109927444,0.2473255973393665,0.0,1404.0,1404.0,1404.0,0.17570127446238826,0.06116995109927444,0.2473255973393665,0.0,1404.0,1404.0,1404.0,1.1130542641708217,1.2257899723905192,0.5875702106727186,0.8550497378921518,0.7311100542694374,0.7389233112110873
Smart_Manufacturing/H,short,vanilla_univariate,vanilla_univariate,2.3585410839878023,0.0,0.0,measured_candidate_query_loop_precomputed_vanilla_fallback_separate_retrieval,0.0,2380.0,0.0,78.346410771718,6128.697137514962,78.28599579436262,0.0,2380.0,2380.0,2380.0,5.716382621106908,18.806780667812564,4.3366785294523,0.0,2380.0,2380.0,2380.0,7.063471887891002,28.453775660691516,5.334208063123477,0.0,2380.0,2380.0,2380.0,0.33214663542685535,7.511352083739341,2.740684601288397,0.0,2380.0,2380.0,2380.0,0.2253441738779459,0.01041073795241212,0.10203302383254217,0.0,2380.0,2380.0,2380.0,0.711764239964518,0.016413019677485523,0.12811330796402662,0.0,2380.0,2380.0,2380.0,0.21652547040576103,0.009025231072449846,0.09500121616300418,0.0,2380.0,2380.0,2380.0,0.21652547040576103,0.009025231072449846,0.09500121616300418,0.0,2380.0,2380.0,2380.0,0.9987212256449988,0.03817606606400739,0.7126755912340234,0.1282773457440918,0.01645507743114926,0.4299295702696777
Smart_Manufacturing/H,short,vanilla_multivariate,vanilla_multivariate,2.397611969150603,0.0,0.0,measured_candidate_query_loop_precomputed_vanilla_fallback_separate_retrieval,0.0,2380.0,0.0,78.27949553334591,6117.1191409870735,78.2120140450754,0.0,2380.0,2380.0,2380.0,5.714356993438584,18.788599671260418,4.334581833494486,0.0,2380.0,2380.0,2380.0,7.060668476917265,28.426456192412733,5.331646668001616,0.0,2380.0,2380.0,2380.0,0.3315079852464579,7.366517214240529,2.714132865988791,0.0,2380.0,2380.0,2380.0,0.22523576082662342,0.010400703185456439,0.10198383786393038,0.0,2380.0,2380.0,2380.0,0.7114646391318421,0.016387207453301324,0.12801252850132022,0.0,2380.0,2380.0,2380.0,0.21642537252528085,0.009022281726828379,0.09498569222166241,0.0,2380.0,2380.0,2380.0,0.21642537252528085,0.009022281726828379,0.09498569222166241,0.0,2380.0,2380.0,2380.0,0.9987212256449988,0.03817606606400739,0.7123756067889322,0.12817643724218095,0.016429199064098753,0.4292534339663477
Smart_Manufacturing/H,short,self_augmentation,self_augmentation,6.482260311022401,0.0,0.0,measured_candidate_query_loop_precomputed_vanilla_fallback_separate_retrieval,0.0,2380.0,0.0,78.42351122215848,6143.182240731164,78.37845520760895,0.0,2380.0,2380.0,2380.0,5.719386118166978,18.836917492693576,4.340151782218403,0.0,2380.0,2380.0,2380.0,7.066429490741812,28.489085474532903,5.337516789157005,0.0,2380.0,2380.0,2380.0,0.3304512687731085,7.475280639398677,2.7340959455364175,0.0,2380.0,2380.0,2380.0,0.2253999683929396,0.010384559091216716,0.10190465686717519,0.0,2380.0,2380.0,2380.0,0.7118304283271211,0.016425308318874614,0.12816125904061107,0.0,2380.0,2380.0,2380.0,0.2164423077971721,0.008957250576094337,0.09464275236960482,0.0,2380.0,2380.0,2380.0,0.2164423077971721,0.008957250576094337,0.09464275236960482,0.0,2380.0,2380.0,2380.0,0.9987212256449988,0.03817606606400739,0.7127418643449812,0.12832535821779634,0.01646739756172575,0.43025146413292925
Smart_Manufacturing/H,short,top_k_1,top_k_1,0.000704656820744276,2.0266221780329943,0.3092623190023005,measured_candidate_query_loop_precomputed_vanilla_fallback_separate_retrieval,2380.0,2380.0,1.0,78.346410771718,6128.697137514962,78.28599579436262,0.0,2380.0,2380.0,2380.0,5.716382621106908,18.806780667812564,4.3366785294523,0.0,2380.0,2380.0,2380.0,7.063471887891002,28.453775660691516,5.334208063123477,0.0,2380.0,2380.0,2380.0,0.33214663542685535,7.511352083739341,2.740684601288397,0.0,2380.0,2380.0,2380.0,0.2253441738779459,0.01041073795241212,0.10203302383254217,0.0,2380.0,2380.0,2380.0,0.711764239964518,0.016413019677485523,0.12811330796402662,0.0,2380.0,2380.0,2380.0,0.21652547040576103,0.009025231072449846,0.09500121616300418,0.0,2380.0,2380.0,2380.0,0.21652547040576103,0.009025231072449846,0.09500121616300418,0.0,2380.0,2380.0,2380.0,0.9987212256449988,0.03817606606400739,0.7126755912340234,0.1282773457440918,0.01645507743114926,0.4299295702696777
Smart_Manufacturing/H,short,top_k_5,top_k_5,0.0006935866549611092,2.0266221780329943,0.3092623190023005,measured_candidate_query_loop_precomputed_vanilla_fallback_separate_retrieval,2380.0,2380.0,1.0,78.346410771718,6128.697137514962,78.28599579436262,0.0,2380.0,2380.0,2380.0,5.716382621106908,18.806780667812564,4.3366785294523,0.0,2380.0,2380.0,2380.0,7.063471887891002,28.453775660691516,5.334208063123477,0.0,2380.0,2380.0,2380.0,0.33214663542685535,7.511352083739341,2.740684601288397,0.0,2380.0,2380.0,2380.0,0.2253441738779459,0.01041073795241212,0.10203302383254217,0.0,2380.0,2380.0,2380.0,0.711764239964518,0.016413019677485523,0.12811330796402662,0.0,2380.0,2380.0,2380.0,0.21652547040576103,0.009025231072449846,0.09500121616300418,0.0,2380.0,2380.0,2380.0,0.21652547040576103,0.009025231072449846,0.09500121616300418,0.0,2380.0,2380.0,2380.0,0.9987212256449988,0.03817606606400739,0.7126755912340234,0.1282773457440918,0.01645507743114926,0.4299295702696777
Smart_Manufacturing/H,short,top_k_10,top_k_10,0.0006820759736001492,2.0266221780329943,0.3092623190023005,measured_candidate_query_loop_precomputed_vanilla_fallback_separate_retrieval,2380.0,2380.0,1.0,78.346410771718,6128.697137514962,78.28599579436262,0.0,2380.0,2380.0,2380.0,5.716382621106908,18.806780667812564,4.3366785294523,0.0,2380.0,2380.0,2380.0,7.063471887891002,28.453775660691516,5.334208063123477,0.0,2380.0,2380.0,2380.0,0.33214663542685535,7.511352083739341,2.740684601288397,0.0,2380.0,2380.0,2380.0,0.2253441738779459,0.01041073795241212,0.10203302383254217,0.0,2380.0,2380.0,2380.0,0.711764239964518,0.016413019677485523,0.12811330796402662,0.0,2380.0,2380.0,2380.0,0.21652547040576103,0.009025231072449846,0.09500121616300418,0.0,2380.0,2380.0,2380.0,0.21652547040576103,0.009025231072449846,0.09500121616300418,0.0,2380.0,2380.0,2380.0,0.9987212256449988,0.03817606606400739,0.7126755912340234,0.1282773457440918,0.01645507743114926,0.4299295702696777
Smart_Manufacturing/H,short,top_k_15,top_k_15,0.0006930166855454445,2.0266221780329943,0.3092623190023005,measured_candidate_query_loop_precomputed_vanilla_fallback_separate_retrieval,2380.0,2380.0,1.0,78.346410771718,6128.697137514962,78.28599579436262,0.0,2380.0,2380.0,2380.0,5.716382621106908,18.806780667812564,4.3366785294523,0.0,2380.0,2380.0,2380.0,7.063471887891002,28.453775660691516,5.334208063123477,0.0,2380.0,2380.0,2380.0,0.33214663542685535,7.511352083739341,2.740684601288397,0.0,2380.0,2380.0,2380.0,0.2253441738779459,0.01041073795241212,0.10203302383254217,0.0,2380.0,2380.0,2380.0,0.711764239964518,0.016413019677485523,0.12811330796402662,0.0,2380.0,2380.0,2380.0,0.21652547040576103,0.009025231072449846,0.09500121616300418,0.0,2380.0,2380.0,2380.0,0.21652547040576103,0.009025231072449846,0.09500121616300418,0.0,2380.0,2380.0,2380.0,0.9987212256449988,0.03817606606400739,0.7126755912340234,0.1282773457440918,0.01645507743114926,0.4299295702696777
Smart_Manufacturing/H,short,selected_task,selected_task,,,,assembled_from_candidate_artifacts_no_independent_selected_method_latency,0.0,2380.0,0.0,78.27949553334591,6117.1191409870735,78.2120140450754,0.0,2380.0,2380.0,2380.0,5.714356993438584,18.788599671260418,4.334581833494486,0.0,2380.0,2380.0,2380.0,7.060668476917265,28.426456192412733,5.331646668001616,0.0,2380.0,2380.0,2380.0,0.3315079852464579,7.366517214240529,2.714132865988791,0.0,2380.0,2380.0,2380.0,0.22523576082662342,0.010400703185456439,0.10198383786393038,0.0,2380.0,2380.0,2380.0,0.7114646391318421,0.016387207453301324,0.12801252850132022,0.0,2380.0,2380.0,2380.0,0.21642537252528085,0.009022281726828379,0.09498569222166241,0.0,2380.0,2380.0,2380.0,0.21642537252528085,0.009022281726828379,0.09498569222166241,0.0,2380.0,2380.0,2380.0,0.9987212256449988,0.03817606606400739,0.7123756067889322,0.12817643724218095,0.016429199064098753,0.4292534339663477
Smart_Manufacturing/H,short,selected_per_variate,selected_per_variate,,,,assembled_from_candidate_artifacts_no_independent_selected_method_latency,0.0,2380.0,0.0,78.35668768203209,6136.181684841573,78.33378380265805,0.0,2380.0,2380.0,2380.0,5.716999368528848,18.82005510462957,4.338208743782342,0.0,2380.0,2380.0,2380.0,7.063487234083417,28.463835775972683,5.335150960935659,0.0,2380.0,2380.0,2380.0,0.33204005624048416,7.511337486265617,2.7406819381799155,0.0,2380.0,2380.0,2380.0,0.22530884322526226,0.010406289096866887,0.10201122044592392,0.0,2380.0,2380.0,2380.0,0.7117159871792156,0.01645225149727463,0.12826633033370305,0.0,2380.0,2380.0,2380.0,0.216493350209126,0.009019471305267705,0.09497089714890401,0.0,2380.0,2380.0,2380.0,0.216493350209126,0.009019471305267705,0.09497089714890401,0.0,2380.0,2380.0,2380.0,0.9987212256449988,0.03817606606400739,0.7126272766652896,0.12843056404540265,0.01649440978102027,0.4309572251287019
Smart_Manufacturing/H,medium,vanilla_univariate,vanilla_univariate,0.35532215470448136,0.0,0.0,measured_candidate_query_loop_precomputed_vanilla_fallback_separate_retrieval,0.0,340.0,0.0,78.42242074699885,5099.4035692954685,71.41010831314757,0.0,340.0,340.0,340.0,5.719729277778396,17.488479635502085,4.181922959058677,0.0,340.0,340.0,340.0,7.149743315312612,27.303591272141453,5.225283846083527,0.0,340.0,340.0,340.0,0.3377001104346219,1.2948117102002739,1.1378979348782885,0.0,340.0,340.0,340.0,0.2253474299101565,0.008380738369085745,0.09154637277951402,0.0,340.0,340.0,340.0,0.7114699311903527,0.0028468098938495418,0.053355504812995086,0.0,340.0,340.0,340.0,0.2153353034092735,0.006978399479213771,0.08353681511294149,0.0,340.0,340.0,340.0,0.2153353034092735,0.006978399479213771,0.08353681511294149,0.0,340.0,340.0,340.0,1.0059162251273246,0.01326920601468509,0.7072854711139567,0.053041698185394684,0.002813421746390502,0.21454259514088217
Smart_Manufacturing/H,medium,vanilla_multivariate,vanilla_multivariate,0.3502234760671854,0.0,0.0,measured_candidate_query_loop_precomputed_vanilla_fallback_separate_retrieval,0.0,340.0,0.0,78.36517338757683,5092.51959523082,71.36189175765186,0.0,340.0,340.0,340.0,5.718643607787091,17.479389038908973,4.180835925853701,0.0,340.0,340.0,340.0,7.14713584928834,27.283622539394276,5.223372716875015,0.0,340.0,340.0,340.0,0.33693245878222666,1.2699339520483366,1.1269134625375352,0.0,340.0,340.0,340.0,0.2252666647634493,0.00836808754399229,0.09147725151092095,0.0,340.0,340.0,340.0,0.7112583033106972,0.0028583692912829807,0.05346371939252806,0.0,340.0,340.0,340.0,0.21524600572460115,0.006965592349969043,0.08346012431076917,0.0,340.0,340.0,340.0,0.21524600572460115,0.006965592349969043,0.08346012431076917,0.0,340.0,340.0,340.0,1.0059162251273246,0.01326920601468509,0.7070750879087064,0.0531492763085324,0.0028248455721207235,0.2154137397610385
Smart_Manufacturing/H,medium,self_augmentation,self_augmentation,0.937493306118995,0.0,0.0,measured_candidate_query_loop_precomputed_vanilla_fallback_separate_retrieval,0.0,340.0,0.0,78.43093632209143,5103.384718840124,71.43797812676479,0.0,340.0,340.0,340.0,5.721083428427623,17.500488969275445,4.183358575268852,0.0,340.0,340.0,340.0,7.149706116144775,27.3126387748534,5.226149517077884,0.0,340.0,340.0,340.0,0.3363174137586957,1.2915185675372394,1.1364499846175542,0.0,340.0,340.0,340.0,0.22538329132260962,0.008374674371673423,0.09151324697372192,0.0,340.0,340.0,340.0,0.711487839349148,0.0028762443107946587,0.053630628476595894,0.0,340.0,340.0,340.0,0.21529882106652698,0.00695996918887249,0.083426429798191,0.0,340.0,340.0,340.0,0.21529882106652698,0.00695996918887249,0.083426429798191,0.0,340.0,340.0,340.0,1.0059162251273246,0.01326920601468509,0.7073032739471827,0.053315203728628156,0.0028425109486251254,0.2167608451938651
Smart_Manufacturing/H,medium,top_k_1,top_k_1,0.00015080207958817482,0.08050583256408572,0.06375514203682542,measured_candidate_query_loop_precomputed_vanilla_fallback_separate_retrieval,340.0,340.0,1.0,78.42242074699885,5099.4035692954685,71.41010831314757,0.0,340.0,340.0,340.0,5.719729277778396,17.488479635502085,4.181922959058677,0.0,340.0,340.0,340.0,7.149743315312612,27.303591272141453,5.225283846083527,0.0,340.0,340.0,340.0,0.3377001104346219,1.2948117102002739,1.1378979348782885,0.0,340.0,340.0,340.0,0.2253474299101565,0.008380738369085745,0.09154637277951402,0.0,340.0,340.0,340.0,0.7114699311903527,0.0028468098938495418,0.053355504812995086,0.0,340.0,340.0,340.0,0.2153353034092735,0.006978399479213771,0.08353681511294149,0.0,340.0,340.0,340.0,0.2153353034092735,0.006978399479213771,0.08353681511294149,0.0,340.0,340.0,340.0,1.0059162251273246,0.01326920601468509,0.7072854711139567,0.053041698185394684,0.002813421746390502,0.21454259514088217
Smart_Manufacturing/H,medium,top_k_5,top_k_5,0.0001456812024116516,0.08050583256408572,0.06375514203682542,measured_candidate_query_loop_precomputed_vanilla_fallback_separate_retrieval,340.0,340.0,1.0,78.42242074699885,5099.4035692954685,71.41010831314757,0.0,340.0,340.0,340.0,5.719729277778396,17.488479635502085,4.181922959058677,0.0,340.0,340.0,340.0,7.149743315312612,27.303591272141453,5.225283846083527,0.0,340.0,340.0,340.0,0.3377001104346219,1.2948117102002739,1.1378979348782885,0.0,340.0,340.0,340.0,0.2253474299101565,0.008380738369085745,0.09154637277951402,0.0,340.0,340.0,340.0,0.7114699311903527,0.0028468098938495418,0.053355504812995086,0.0,340.0,340.0,340.0,0.2153353034092735,0.006978399479213771,0.08353681511294149,0.0,340.0,340.0,340.0,0.2153353034092735,0.006978399479213771,0.08353681511294149,0.0,340.0,340.0,340.0,1.0059162251273246,0.01326920601468509,0.7072854711139567,0.053041698185394684,0.002813421746390502,0.21454259514088217
Smart_Manufacturing/H,medium,top_k_10,top_k_10,0.00015006167814135551,0.08050583256408572,0.06375514203682542,measured_candidate_query_loop_precomputed_vanilla_fallback_separate_retrieval,340.0,340.0,1.0,78.42242074699885,5099.4035692954685,71.41010831314757,0.0,340.0,340.0,340.0,5.719729277778396,17.488479635502085,4.181922959058677,0.0,340.0,340.0,340.0,7.149743315312612,27.303591272141453,5.225283846083527,0.0,340.0,340.0,340.0,0.3377001104346219,1.2948117102002739,1.1378979348782885,0.0,340.0,340.0,340.0,0.2253474299101565,0.008380738369085745,0.09154637277951402,0.0,340.0,340.0,340.0,0.7114699311903527,0.0028468098938495418,0.053355504812995086,0.0,340.0,340.0,340.0,0.2153353034092735,0.006978399479213771,0.08353681511294149,0.0,340.0,340.0,340.0,0.2153353034092735,0.006978399479213771,0.08353681511294149,0.0,340.0,340.0,340.0,1.0059162251273246,0.01326920601468509,0.7072854711139567,0.053041698185394684,0.002813421746390502,0.21454259514088217
Smart_Manufacturing/H,medium,top_k_15,top_k_15,0.00014751218259334564,0.08050583256408572,0.06375514203682542,measured_candidate_query_loop_precomputed_vanilla_fallback_separate_retrieval,340.0,340.0,1.0,78.42242074699885,5099.4035692954685,71.41010831314757,0.0,340.0,340.0,340.0,5.719729277778396,17.488479635502085,4.181922959058677,0.0,340.0,340.0,340.0,7.149743315312612,27.303591272141453,5.225283846083527,0.0,340.0,340.0,340.0,0.3377001104346219,1.2948117102002739,1.1378979348782885,0.0,340.0,340.0,340.0,0.2253474299101565,0.008380738369085745,0.09154637277951402,0.0,340.0,340.0,340.0,0.7114699311903527,0.0028468098938495418,0.053355504812995086,0.0,340.0,340.0,340.0,0.2153353034092735,0.006978399479213771,0.08353681511294149,0.0,340.0,340.0,340.0,0.2153353034092735,0.006978399479213771,0.08353681511294149,0.0,340.0,340.0,340.0,1.0059162251273246,0.01326920601468509,0.7072854711139567,0.053041698185394684,0.002813421746390502,0.21454259514088217
Smart_Manufacturing/H,medium,selected_task,selected_task,,,,assembled_from_candidate_artifacts_no_independent_selected_method_latency,0.0,340.0,0.0,78.36517338757683,5092.51959523082,71.36189175765186,0.0,340.0,340.0,340.0,5.718643607787091,17.479389038908973,4.180835925853701,0.0,340.0,340.0,340.0,7.14713584928834,27.283622539394276,5.223372716875015,0.0,340.0,340.0,340.0,0.33693245878222666,1.2699339520483366,1.1269134625375352,0.0,340.0,340.0,340.0,0.2252666647634493,0.00836808754399229,0.09147725151092095,0.0,340.0,340.0,340.0,0.7112583033106972,0.0028583692912829807,0.05346371939252806,0.0,340.0,340.0,340.0,0.21524600572460115,0.006965592349969043,0.08346012431076917,0.0,340.0,340.0,340.0,0.21524600572460115,0.006965592349969043,0.08346012431076917,0.0,340.0,340.0,340.0,1.0059162251273246,0.01326920601468509,0.7070750879087064,0.0531492763085324,0.0028248455721207235,0.2154137397610385
Smart_Manufacturing/H,medium,selected_per_variate,selected_per_variate,,,,assembled_from_candidate_artifacts_no_independent_selected_method_latency,0.0,340.0,0.0,78.4122290228814,5098.7060348729265,71.4052241427259,0.0,340.0,340.0,340.0,5.720812324980918,17.4956251501868,4.182777205420676,0.0,340.0,340.0,340.0,7.149188066060695,27.301339018976734,5.225068326728056,0.0,340.0,340.0,340.0,0.3370080139410408,1.26995337867474,1.1269220819004035,0.0,340.0,340.0,340.0,0.22536122293398791,0.008378830893209515,0.09153595410115915,0.0,340.0,340.0,340.0,0.711524054072114,0.002842606481989619,0.053316099650946136,0.0,340.0,340.0,340.0,0.21534222330067124,0.006975662602252461,0.08352043224416682,0.0,340.0,340.0,340.0,0.21534222330067124,0.006975662602252461,0.08352043224416682,0.0,340.0,340.0,340.0,1.0059162251273246,0.01326920601468509,0.7073392756758172,0.05300252478201911,0.00280926763326855,0.21422581568510532
Smart_Manufacturing/H,long,vanilla_univariate,vanilla_univariate,0.18957891408354044,0.0,0.0,measured_candidate_query_loop_precomputed_vanilla_fallback_separate_retrieval,0.0,170.0,0.0,78.42633816188345,4997.423768374803,70.69245906300617,0.0,170.0,170.0,170.0,5.719615516188359,17.352441615090243,4.165626197234966,0.0,170.0,170.0,170.0,7.15909003282382,27.17376806380609,5.21284644544668,0.0,170.0,170.0,170.0,0.34019900106692313,0.7014630096776696,0.8375338856892117,0.0,170.0,170.0,170.0,0.22527335860054387,0.008204113254802753,0.09057656018420412,0.0,170.0,170.0,170.0,0.711018864221271,0.0015747378581084557,0.03968296685113722,0.0,170.0,170.0,170.0,0.2151954503988929,0.006816109377414601,0.08255973217867535,0.0,170.0,170.0,170.0,0.2151954503988929,0.006816109377414601,0.08255973217867535,0.0,170.0,170.0,170.0,1.0022363197581337,0.0120211297863795,0.7094323466474043,0.039594421064997706,0.001567718179472334,0.13099749242310876
Smart_Manufacturing/H,long,vanilla_multivariate,vanilla_multivariate,0.18558977730572224,0.0,0.0,measured_candidate_query_loop_precomputed_vanilla_fallback_separate_retrieval,0.0,170.0,0.0,78.40377205664913,4996.572822454373,70.68644015972492,0.0,170.0,170.0,170.0,5.719704828459518,17.35485873076463,4.165916313461497,0.0,170.0,170.0,170.0,7.157922498154284,27.167917567065878,5.212285253808148,0.0,170.0,170.0,170.0,0.33969136701363384,0.6928572583736959,0.8323804769296886,0.0,170.0,170.0,170.0,0.2252727933065005,0.008206776802110204,0.09059126228345758,0.0,170.0,170.0,170.0,0.7110117882157396,0.001594729831725734,0.03993406855963632,0.0,170.0,170.0,170.0,0.21519504592087468,0.006820397224965488,0.08258569624920219,0.0,170.0,170.0,170.0,0.21519504592087468,0.006820397224965488,0.08258569624920219,0.0,170.0,170.0,170.0,1.0022363197581337,0.0120211297863795,0.7094252864307748,0.039844962482774,0.0015876210352536676,0.13266056186604336
Smart_Manufacturing/H,long,self_augmentation,self_augmentation,0.46921268198639154,0.0,0.0,measured_candidate_query_loop_precomputed_vanilla_fallback_separate_retrieval,0.0,170.0,0.0,78.43406447042248,5002.110231188933,70.72559813242255,0.0,170.0,170.0,170.0,5.720740709107629,17.367543577127677,4.167438491103099,0.0,170.0,170.0,170.0,7.158917246688059,27.183968325494746,5.213824730991131,0.0,170.0,170.0,170.0,0.33884465241801753,0.7006349020792941,0.8370393671024644,0.0,170.0,170.0,170.0,0.22527948975151413,0.008192892990959549,0.0905146009821595,0.0,170.0,170.0,170.0,0.7109515942875236,0.0015963411355076217,0.039954238016856505,0.0,170.0,170.0,170.0,0.21513874760811258,0.006795637562375479,0.08243565710525681,0.0,170.0,170.0,170.0,0.21513874760811258,0.006795637562375479,0.08243565710525681,0.0,170.0,170.0,170.0,1.0022363197581337,0.0120211297863795,0.7093652268150642,0.039865086935283414,0.0015892251563577044,0.1327946011627252
Smart_Manufacturing/H,long,top_k_1,top_k_1,0.00010995101183652878,0.05141494423151016,0.06229715794324875,measured_candidate_query_loop_precomputed_vanilla_fallback_separate_retrieval,170.0,170.0,1.0,78.42633816188345,4997.423768374803,70.69245906300617,0.0,170.0,170.0,170.0,5.719615516188359,17.352441615090243,4.165626197234966,0.0,170.0,170.0,170.0,7.15909003282382,27.17376806380609,5.21284644544668,0.0,170.0,170.0,170.0,0.34019900106692313,0.7014630096776696,0.8375338856892117,0.0,170.0,170.0,170.0,0.22527335860054387,0.008204113254802753,0.09057656018420412,0.0,170.0,170.0,170.0,0.711018864221271,0.0015747378581084557,0.03968296685113722,0.0,170.0,170.0,170.0,0.2151954503988929,0.006816109377414601,0.08255973217867535,0.0,170.0,170.0,170.0,0.2151954503988929,0.006816109377414601,0.08255973217867535,0.0,170.0,170.0,170.0,1.0022363197581337,0.0120211297863795,0.7094323466474043,0.039594421064997706,0.001567718179472334,0.13099749242310876
Smart_Manufacturing/H,long,top_k_5,top_k_5,0.00010424107313156128,0.05141494423151016,0.06229715794324875,measured_candidate_query_loop_precomputed_vanilla_fallback_separate_retrieval,170.0,170.0,1.0,78.42633816188345,4997.423768374803,70.69245906300617,0.0,170.0,170.0,170.0,5.719615516188359,17.352441615090243,4.165626197234966,0.0,170.0,170.0,170.0,7.15909003282382,27.17376806380609,5.21284644544668,0.0,170.0,170.0,170.0,0.34019900106692313,0.7014630096776696,0.8375338856892117,0.0,170.0,170.0,170.0,0.22527335860054387,0.008204113254802753,0.09057656018420412,0.0,170.0,170.0,170.0,0.711018864221271,0.0015747378581084557,0.03968296685113722,0.0,170.0,170.0,170.0,0.2151954503988929,0.006816109377414601,0.08255973217867535,0.0,170.0,170.0,170.0,0.2151954503988929,0.006816109377414601,0.08255973217867535,0.0,170.0,170.0,170.0,1.0022363197581337,0.0120211297863795,0.7094323466474043,0.039594421064997706,0.001567718179472334,0.13099749242310876
Smart_Manufacturing/H,long,top_k_10,top_k_10,0.00010284082964062691,0.05141494423151016,0.06229715794324875,measured_candidate_query_loop_precomputed_vanilla_fallback_separate_retrieval,170.0,170.0,1.0,78.42633816188345,4997.423768374803,70.69245906300617,0.0,170.0,170.0,170.0,5.719615516188359,17.352441615090243,4.165626197234966,0.0,170.0,170.0,170.0,7.15909003282382,27.17376806380609,5.21284644544668,0.0,170.0,170.0,170.0,0.34019900106692313,0.7014630096776696,0.8375338856892117,0.0,170.0,170.0,170.0,0.22527335860054387,0.008204113254802753,0.09057656018420412,0.0,170.0,170.0,170.0,0.711018864221271,0.0015747378581084557,0.03968296685113722,0.0,170.0,170.0,170.0,0.2151954503988929,0.006816109377414601,0.08255973217867535,0.0,170.0,170.0,170.0,0.2151954503988929,0.006816109377414601,0.08255973217867535,0.0,170.0,170.0,170.0,1.0022363197581337,0.0120211297863795,0.7094323466474043,0.039594421064997706,0.001567718179472334,0.13099749242310876
Smart_Manufacturing/H,long,top_k_15,top_k_15,0.00010321103036403656,0.05141494423151016,0.06229715794324875,measured_candidate_query_loop_precomputed_vanilla_fallback_separate_retrieval,170.0,170.0,1.0,78.42633816188345,4997.423768374803,70.69245906300617,0.0,170.0,170.0,170.0,5.719615516188359,17.352441615090243,4.165626197234966,0.0,170.0,170.0,170.0,7.15909003282382,27.17376806380609,5.21284644544668,0.0,170.0,170.0,170.0,0.34019900106692313,0.7014630096776696,0.8375338856892117,0.0,170.0,170.0,170.0,0.22527335860054387,0.008204113254802753,0.09057656018420412,0.0,170.0,170.0,170.0,0.711018864221271,0.0015747378581084557,0.03968296685113722,0.0,170.0,170.0,170.0,0.2151954503988929,0.006816109377414601,0.08255973217867535,0.0,170.0,170.0,170.0,0.2151954503988929,0.006816109377414601,0.08255973217867535,0.0,170.0,170.0,170.0,1.0022363197581337,0.0120211297863795,0.7094323466474043,0.039594421064997706,0.001567718179472334,0.13099749242310876
Smart_Manufacturing/H,long,selected_task,selected_task,,,,assembled_from_candidate_artifacts_no_independent_selected_method_latency,0.0,170.0,0.0,78.40377205664913,4996.572822454373,70.68644015972492,0.0,170.0,170.0,170.0,5.719704828459518,17.35485873076463,4.165916313461497,0.0,170.0,170.0,170.0,7.157922498154284,27.167917567065878,5.212285253808148,0.0,170.0,170.0,170.0,0.33969136701363384,0.6928572583736959,0.8323804769296886,0.0,170.0,170.0,170.0,0.2252727933065005,0.008206776802110204,0.09059126228345758,0.0,170.0,170.0,170.0,0.7110117882157396,0.001594729831725734,0.03993406855963632,0.0,170.0,170.0,170.0,0.21519504592087468,0.006820397224965488,0.08258569624920219,0.0,170.0,170.0,170.0,0.21519504592087468,0.006820397224965488,0.08258569624920219,0.0,170.0,170.0,170.0,1.0022363197581337,0.0120211297863795,0.7094252864307748,0.039844962482774,0.0015876210352536676,0.13266056186604336
Smart_Manufacturing/H,long,selected_per_variate,selected_per_variate,,,,assembled_from_candidate_artifacts_no_independent_selected_method_latency,0.0,170.0,0.0,78.44882167839857,5003.5352549876325,70.73567172924587,0.0,170.0,170.0,170.0,5.720118345121531,17.35885609760377,4.166396056258186,0.0,170.0,170.0,170.0,7.159757513831822,27.186694021527355,5.21408611566086,0.0,170.0,170.0,170.0,0.33943625747599265,0.6927614650622047,0.832322933158882,0.0,170.0,170.0,170.0,0.22529703302966297,0.008204044175842124,0.09057617885427782,0.0,170.0,170.0,170.0,0.7110531472001904,0.0015862286675480358,0.03982748633228107,0.0,170.0,170.0,170.0,0.21520016330135092,0.006812618725606408,0.08253858931194795,0.0,170.0,170.0,170.0,0.21520016330135092,0.006812618725606408,0.08253858931194795,0.0,170.0,170.0,170.0,1.0022363197581337,0.0120211297863795,0.7094665531296915,0.039738618075517866,0.0015791577665518754,0.13195337674045468
MetroPT-3/5T,short,vanilla_univariate,vanilla_univariate,0.944899519905448,0.0,0.0,measured_candidate_query_loop_precomputed_vanilla_fallback_separate_retrieval,0.0,210.0,0.0,3.3005063837871482,23.65613749594369,4.86375754905029,0.0,210.0,210.0,216.0,1.10113026460437,0.7566572313392178,0.8698604665917504,0.0,210.0,210.0,216.0,1.465070756334571,1.154074062720397,1.0742783916287235,0.0,210.0,210.0,216.0,3.299696340247123,31.686210077141453,5.629050548462098,0.0,210.0,210.0,216.0,0.49052158907143845,0.4369277168017536,0.6610050807684866,0.0,210.0,210.0,216.0,0.6109562803683589,0.03872677790239598,0.19679120382373796,0.0,210.0,210.0,216.0,0.3141830536780711,0.13586300806174556,0.3685959957212579,0.0,210.0,210.0,216.0,0.3141830536780711,0.13586300806174556,0.3685959957212579,0.0,210.0,210.0,216.0,0.8726224746907574,0.07601067700804957,0.7001381446024199,0.22551700137390734,0.05085791790867893,0.5094912902603774
MetroPT-3/5T,short,vanilla_multivariate,vanilla_multivariate,1.011345495004207,0.0,0.0,measured_candidate_query_loop_precomputed_vanilla_fallback_separate_retrieval,0.0,210.0,0.0,3.2493297299904618,21.44338266954834,4.6307000193867385,0.0,210.0,210.0,216.0,1.099846256873553,0.7346229971425859,0.8571015092406418,0.0,210.0,210.0,216.0,1.4579234295153842,1.1237890036605611,1.060089148921241,0.0,210.0,210.0,216.0,3.555993066803403,35.15422163855293,5.929099563892728,0.0,210.0,210.0,216.0,0.46954949287771836,0.38613479855870214,0.6213974561894361,0.0,210.0,210.0,216.0,0.6120071746248561,0.036345293670124415,0.1906444168343894,0.0,210.0,210.0,216.0,0.3132996356377479,0.13475156860205417,0.3670852334295867,0.0,210.0,210.0,216.0,0.3132996356377479,0.13475156860205417,0.3670852334295867,0.0,210.0,210.0,216.0,0.8726224746907574,0.07601067700804957,0.701342438884285,0.21847296209274297,0.04773043516557711,0.47816037299964353
MetroPT-3/5T,short,self_augmentation,self_augmentation,3.0263174320571125,0.0,0.0,measured_candidate_query_loop_precomputed_vanilla_fallback_separate_retrieval,0.0,210.0,0.0,3.348052306257416,27.181842070364397,5.2136208214986635,0.0,210.0,210.0,216.0,1.1081517439070554,0.795559571955003,0.8919414621795553,0.0,210.0,210.0,216.0,1.4682481961020413,1.1922995409005175,1.0919246956180255,0.0,210.0,210.0,216.0,3.221607242991183,30.6400522706549,5.5353457227760305,0.0,210.0,210.0,216.0,0.49256626078301285,0.4429175855626965,0.665520537295955,0.0,210.0,210.0,216.0,0.6132247674799536,0.04050724787932269,0.20126412467035124,0.0,210.0,210.0,216.0,0.31460313361814574,0.13589228404634485,0.3686357064180637,0.0,210.0,210.0,216.0,0.31460313361814574,0.13589228404634485,0.3686357064180637,0.0,210.0,210.0,216.0,0.8726224746907574,0.07601067700804957,0.702737764916346,0.2306428386934176,0.053196119040557856,0.5329152360402335
MetroPT-3/5T,short,top_k_1,top_k_1,0.45804329589009285,0.06258494080975652,0.11482311179861426,measured_candidate_query_loop_precomputed_vanilla_fallback_separate_retrieval,162.0,210.0,0.7714285714285715,3.3551228878430903,23.81011180839111,4.879560616325112,0.0,210.0,210.0,216.0,1.11818427617394,0.77149753049751,0.8783493214533213,0.0,210.0,210.0,216.0,1.4787024977956824,1.1685618108559,1.0810003750489174,0.0,210.0,210.0,216.0,3.6791693363550984,39.47444008060516,6.282868777923438,0.0,210.0,210.0,216.0,0.4890532745892378,0.4266754526424319,0.653203990069283,0.0,210.0,210.0,216.0,0.6203404461311486,0.04027688004175966,0.20069100637985665,0.0,210.0,210.0,216.0,0.3189930423315513,0.1400220938731256,0.37419526169250944,0.0,210.0,210.0,216.0,0.3189930423315513,0.1400220938731256,0.37419526169250944,0.0,210.0,210.0,216.0,0.8726224746907574,0.07601067700804957,0.7108921258886746,0.22998606178574318,0.05289358861571568,0.5298845060608303
MetroPT-3/5T,short,top_k_5,top_k_5,1.349504776764661,0.06258494080975652,0.11482311179861426,measured_candidate_query_loop_precomputed_vanilla_fallback_separate_retrieval,162.0,210.0,0.7714285714285715,3.376767573605067,23.875667701055242,4.886273396061179,0.0,210.0,210.0,216.0,1.1237794578063385,0.7790052232670751,0.8826127255297621,0.0,210.0,210.0,216.0,1.484025771747084,1.174435082395539,1.0837135610462476,0.0,210.0,210.0,216.0,3.7268283149196892,40.76847620593277,6.3850196715384335,0.0,210.0,210.0,216.0,0.48891256072615413,0.4257805423724917,0.652518614579302,0.0,210.0,210.0,216.0,0.6232730061635651,0.04057405867325852,0.2014300341886942,0.0,210.0,210.0,216.0,0.3193795974345326,0.13994168210896663,0.3740878000001692,0.0,210.0,210.0,216.0,0.3193795974345326,0.13994168210896663,0.3740878000001692,0.0,210.0,210.0,216.0,0.8726224746907574,0.07601067700804957,0.7142527544737401,0.23083296618056692,0.05328385827571876,0.5337942019508879
MetroPT-3/5T,short,top_k_10,top_k_10,2.5050200866535306,0.06258494080975652,0.11482311179861426,measured_candidate_query_loop_precomputed_vanilla_fallback_separate_retrieval,162.0,210.0,0.7714285714285715,3.3727722060777467,24.077254814592877,4.906857937070614,0.0,210.0,210.0,216.0,1.1214492126532378,0.7786197915035191,0.8823943514685025,0.0,210.0,210.0,216.0,1.48168944788564,1.1773685861020948,1.085066166693117,0.0,210.0,210.0,216.0,3.631079574366361,38.72141816889807,6.222653627585105,0.0,210.0,210.0,216.0,0.4884717580403602,0.42643281363545216,0.6530182337695113,0.0,210.0,210.0,216.0,0.6215642542072164,0.04028334465464488,0.2007071116195061,0.0,210.0,210.0,216.0,0.31816268792815566,0.1391989605556668,0.3730937691193285,0.0,210.0,210.0,216.0,0.31816268792815566,0.1391989605556668,0.3730937691193285,0.0,210.0,210.0,216.0,0.8726224746907574,0.07601067700804957,0.7122945743833704,0.23000451792240775,0.05290207826471918,0.5299695548084494
MetroPT-3/5T,short,top_k_15,top_k_15,3.574794616084546,0.06258494080975652,0.11482311179861426,measured_candidate_query_loop_precomputed_vanilla_fallback_separate_retrieval,162.0,210.0,0.7714285714285715,3.3621597852615643,23.960253986115067,4.89492124411773,0.0,210.0,210.0,216.0,1.119856133495364,0.7762973929514788,0.8810774046311021,0.0,210.0,210.0,216.0,1.4795040304651192,1.1732276090990312,1.083156317942628,0.0,210.0,210.0,216.0,3.62493791838719,38.18845285335991,6.179680643314824,0.0,210.0,210.0,216.0,0.48974792715354126,0.42948544398505045,0.65535138970254,0.0,210.0,210.0,216.0,0.6205380132622107,0.0398694602282271,0.1996733838753355,0.0,210.0,210.0,216.0,0.3183561134217088,0.13934435848397486,0.37328857266727955,0.0,210.0,210.0,216.0,0.3183561134217088,0.13934435848397486,0.37328857266727955,0.0,210.0,210.0,216.0,0.8726224746907574,0.07601067700804957,0.7111185320801173,0.22881989596485738,0.05235854478936817,0.5245244720554837
MetroPT-3/5T,short,selected_task,selected_task,,,,assembled_from_candidate_artifacts_no_independent_selected_method_latency,0.0,210.0,0.0,3.3005063837871482,23.65613749594369,4.86375754905029,0.0,210.0,210.0,216.0,1.10113026460437,0.7566572313392178,0.8698604665917504,0.0,210.0,210.0,216.0,1.465070756334571,1.154074062720397,1.0742783916287235,0.0,210.0,210.0,216.0,3.299696340247123,31.686210077141453,5.629050548462098,0.0,210.0,210.0,216.0,0.49052158907143845,0.4369277168017536,0.6610050807684866,0.0,210.0,210.0,216.0,0.6109562803683589,0.03872677790239598,0.19679120382373796,0.0,210.0,210.0,216.0,0.3141830536780711,0.13586300806174556,0.3685959957212579,0.0,210.0,210.0,216.0,0.3141830536780711,0.13586300806174556,0.3685959957212579,0.0,210.0,210.0,216.0,0.8726224746907574,0.07601067700804957,0.7001381446024199,0.22551700137390734,0.05085791790867893,0.5094912902603774
MetroPT-3/5T,short,selected_per_variate,selected_per_variate,,,,assembled_from_candidate_artifacts_no_independent_selected_method_latency,0.0,210.0,0.0,3.271680371597918,23.582018404119168,4.856132041462543,0.0,210.0,210.0,216.0,1.0999868116222085,0.7552689081583315,0.869062085330117,0.0,210.0,210.0,216.0,1.458296630412973,1.1450513093240877,1.0700707029556915,0.0,210.0,210.0,216.0,3.5780208989991906,35.80838879091259,5.984011095487089,0.0,210.0,210.0,216.0,0.4702444618201857,0.38641654388048136,0.6216241178400991,0.0,210.0,210.0,216.0,0.6102981972853988,0.03826054290172408,0.1956030237540414,0.0,210.0,210.0,216.0,0.31360884524011773,0.135293274755842,0.3678223412951448,0.0,210.0,210.0,216.0,0.31360884524011773,0.135293274755842,0.3678223412951448,0.0,210.0,210.0,216.0,0.8726224746907574,0.07601067700804957,0.6993840005114218,0.22415538153926162,0.05024563507301195,0.5033574809190591
MetroPT-3/5T,medium,vanilla_univariate,vanilla_univariate,0.188174479175359,0.0,0.0,measured_candidate_query_loop_precomputed_vanilla_fallback_separate_retrieval,0.0,36.0,0.0,3.3363269908202726,9.899268745439613,3.1463103383867925,0.0,36.0,36.0,36.0,1.1449867838097803,0.6279458867560036,0.7924303671339228,0.0,36.0,36.0,36.0,1.5181666633916873,1.0314969729864236,1.0156263943923591,0.0,36.0,36.0,36.0,3.0557840855711653,23.59688006064639,4.85766199530663,0.0,36.0,36.0,36.0,0.516735738641753,0.4877367859489436,0.6983815475432779,0.0,36.0,36.0,36.0,0.6476133076449523,0.014840901045298647,0.12182323688565597,0.0,36.0,36.0,36.0,0.3285878608477197,0.14187466744761235,0.3766625378871814,0.0,36.0,36.0,36.0,0.3285878608477197,0.14187466744761235,0.3766625378871814,0.0,36.0,36.0,36.0,0.8535683382965379,0.019695959012921885,0.758712898064367,0.14272230051172938,0.020369655063360387,0.753499793311004
MetroPT-3/5T,medium,vanilla_multivariate,vanilla_multivariate,0.16622902313247323,0.0,0.0,measured_candidate_query_loop_precomputed_vanilla_fallback_separate_retrieval,0.0,36.0,0.0,3.3711991649532753,10.123767469239057,3.1817868359208252,0.0,36.0,36.0,36.0,1.14799689896491,0.6331709214008576,0.7957203789025751,0.0,36.0,36.0,36.0,1.525755678061317,1.0432687758169266,1.0214052945902163,0.0,36.0,36.0,36.0,3.134145456175913,24.324851189661203,4.932023032150316,0.0,36.0,36.0,36.0,0.5100214629501014,0.46691172115820684,0.6833093890458456,0.0,36.0,36.0,36.0,0.6510332169597657,0.01431136074944531,0.11963009967999404,0.0,36.0,36.0,36.0,0.3293394974700752,0.14189576618767807,0.37669054433006155,0.0,36.0,36.0,36.0,0.3293394974700752,0.14189576618767807,0.37669054433006155,0.0,36.0,36.0,36.0,0.8535683382965379,0.019695959012921885,0.7627195008885047,0.14015292544559377,0.019642842510958165,0.7266140602778512
MetroPT-3/5T,medium,self_augmentation,self_augmentation,0.5081701911985874,0.0,0.0,measured_candidate_query_loop_precomputed_vanilla_fallback_separate_retrieval,0.0,36.0,0.0,3.3672646154127226,10.576694979852617,3.252183109828322,0.0,36.0,36.0,36.0,1.147363542994546,0.6345358864454091,0.7965776085513634,0.0,36.0,36.0,36.0,1.5222294578398963,1.0500820930971781,1.0247351331427932,0.0,36.0,36.0,36.0,3.0571557713315847,24.00635011320219,4.8996275484165315,0.0,36.0,36.0,36.0,0.5174821453112098,0.4878668207376897,0.6984746385787316,0.0,36.0,36.0,36.0,0.6510588533679269,0.013891120905116369,0.11786059946019437,0.0,36.0,36.0,36.0,0.32944914337512216,0.14202590754186398,0.37686324779933633,0.0,36.0,36.0,36.0,0.32944914337512216,0.14202590754186398,0.37686324779933633,0.0,36.0,36.0,36.0,0.8535683382965379,0.019695959012921885,0.7627495352829533,0.13807986328945634,0.01906604864603495,0.7052777118394109
MetroPT-3/5T,medium,top_k_1,top_k_1,6.858119741082191e-05,0.017064143903553486,0.029253090731799603,measured_candidate_query_loop_precomputed_vanilla_fallback_separate_retrieval,36.0,36.0,1.0,3.3363269908202726,9.899268745439613,3.1463103383867925,0.0,36.0,36.0,36.0,1.1449867838097803,0.6279458867560036,0.7924303671339228,0.0,36.0,36.0,36.0,1.5181666633916873,1.0314969729864236,1.0156263943923591,0.0,36.0,36.0,36.0,3.0557840855711653,23.59688006064639,4.85766199530663,0.0,36.0,36.0,36.0,0.516735738641753,0.4877367859489436,0.6983815475432779,0.0,36.0,36.0,36.0,0.6476133076449523,0.014840901045298647,0.12182323688565597,0.0,36.0,36.0,36.0,0.3285878608477197,0.14187466744761235,0.3766625378871814,0.0,36.0,36.0,36.0,0.3285878608477197,0.14187466744761235,0.3766625378871814,0.0,36.0,36.0,36.0,0.8535683382965379,0.019695959012921885,0.758712898064367,0.14272230051172938,0.020369655063360387,0.753499793311004
MetroPT-3/5T,medium,top_k_5,top_k_5,7.176073268055916e-05,0.017064143903553486,0.029253090731799603,measured_candidate_query_loop_precomputed_vanilla_fallback_separate_retrieval,36.0,36.0,1.0,3.3363269908202726,9.899268745439613,3.1463103383867925,0.0,36.0,36.0,36.0,1.1449867838097803,0.6279458867560036,0.7924303671339228,0.0,36.0,36.0,36.0,1.5181666633916873,1.0314969729864236,1.0156263943923591,0.0,36.0,36.0,36.0,3.0557840855711653,23.59688006064639,4.85766199530663,0.0,36.0,36.0,36.0,0.516735738641753,0.4877367859489436,0.6983815475432779,0.0,36.0,36.0,36.0,0.6476133076449523,0.014840901045298647,0.12182323688565597,0.0,36.0,36.0,36.0,0.3285878608477197,0.14187466744761235,0.3766625378871814,0.0,36.0,36.0,36.0,0.3285878608477197,0.14187466744761235,0.3766625378871814,0.0,36.0,36.0,36.0,0.8535683382965379,0.019695959012921885,0.758712898064367,0.14272230051172938,0.020369655063360387,0.753499793311004
MetroPT-3/5T,medium,top_k_10,top_k_10,6.394088268280029e-05,0.017064143903553486,0.029253090731799603,measured_candidate_query_loop_precomputed_vanilla_fallback_separate_retrieval,36.0,36.0,1.0,3.3363269908202726,9.899268745439613,3.1463103383867925,0.0,36.0,36.0,36.0,1.1449867838097803,0.6279458867560036,0.7924303671339228,0.0,36.0,36.0,36.0,1.5181666633916873,1.0314969729864236,1.0156263943923591,0.0,36.0,36.0,36.0,3.0557840855711653,23.59688006064639,4.85766199530663,0.0,36.0,36.0,36.0,0.516735738641753,0.4877367859489436,0.6983815475432779,0.0,36.0,36.0,36.0,0.6476133076449523,0.014840901045298647,0.12182323688565597,0.0,36.0,36.0,36.0,0.3285878608477197,0.14187466744761235,0.3766625378871814,0.0,36.0,36.0,36.0,0.3285878608477197,0.14187466744761235,0.3766625378871814,0.0,36.0,36.0,36.0,0.8535683382965379,0.019695959012921885,0.758712898064367,0.14272230051172938,0.020369655063360387,0.753499793311004
MetroPT-3/5T,medium,top_k_15,top_k_15,6.503984332084656e-05,0.017064143903553486,0.029253090731799603,measured_candidate_query_loop_precomputed_vanilla_fallback_separate_retrieval,36.0,36.0,1.0,3.3363269908202726,9.899268745439613,3.1463103383867925,0.0,36.0,36.0,36.0,1.1449867838097803,0.6279458867560036,0.7924303671339228,0.0,36.0,36.0,36.0,1.5181666633916873,1.0314969729864236,1.0156263943923591,0.0,36.0,36.0,36.0,3.0557840855711653,23.59688006064639,4.85766199530663,0.0,36.0,36.0,36.0,0.516735738641753,0.4877367859489436,0.6983815475432779,0.0,36.0,36.0,36.0,0.6476133076449523,0.014840901045298647,0.12182323688565597,0.0,36.0,36.0,36.0,0.3285878608477197,0.14187466744761235,0.3766625378871814,0.0,36.0,36.0,36.0,0.3285878608477197,0.14187466744761235,0.3766625378871814,0.0,36.0,36.0,36.0,0.8535683382965379,0.019695959012921885,0.758712898064367,0.14272230051172938,0.020369655063360387,0.753499793311004
MetroPT-3/5T,medium,selected_task,selected_task,,,,assembled_from_candidate_artifacts_no_independent_selected_method_latency,0.0,36.0,0.0,3.3672646154127226,10.576694979852617,3.252183109828322,0.0,36.0,36.0,36.0,1.147363542994546,0.6345358864454091,0.7965776085513634,0.0,36.0,36.0,36.0,1.5222294578398963,1.0500820930971781,1.0247351331427932,0.0,36.0,36.0,36.0,3.0571557713315847,24.00635011320219,4.8996275484165315,0.0,36.0,36.0,36.0,0.5174821453112098,0.4878668207376897,0.6984746385787316,0.0,36.0,36.0,36.0,0.6510588533679269,0.013891120905116369,0.11786059946019437,0.0,36.0,36.0,36.0,0.32944914337512216,0.14202590754186398,0.37686324779933633,0.0,36.0,36.0,36.0,0.32944914337512216,0.14202590754186398,0.37686324779933633,0.0,36.0,36.0,36.0,0.8535683382965379,0.019695959012921885,0.7627495352829533,0.13807986328945634,0.01906604864603495,0.7052777118394109
MetroPT-3/5T,medium,selected_per_variate,selected_per_variate,,,,assembled_from_candidate_artifacts_no_independent_selected_method_latency,0.0,36.0,0.0,3.361494403610725,10.58141050749763,3.252908007844309,0.0,36.0,36.0,36.0,1.146284304331438,0.6336322428864497,0.7960102027527346,0.0,36.0,36.0,36.0,1.5205566010974676,1.0494020264696415,1.0244032538359304,0.0,36.0,36.0,36.0,3.0554559620467416,23.59482163492449,4.857450116565737,0.0,36.0,36.0,36.0,0.5171004544447534,0.48741754846391205,0.6981529549202754,0.0,36.0,36.0,36.0,0.650338107023875,0.014389541413614019,0.11995641464137721,0.0,36.0,36.0,36.0,0.3289218033271919,0.14170346939959216,0.3764352127519318,0.0,36.0,36.0,36.0,0.3289218033271919,0.14170346939959216,0.3764352127519318,0.0,36.0,36.0,36.0,0.8535683382965379,0.019695959012921885,0.761905143203591,0.14053522050826492,0.019750148203306644,0.7305834361339554
MetroPT-3/5T,long,vanilla_univariate,vanilla_univariate,0.08543676789849997,0.0,0.0,measured_candidate_query_loop_precomputed_vanilla_fallback_separate_retrieval,0.0,18.0,0.0,3.413565852555847,10.266761904531144,3.2041788190628724,0.0,18.0,18.0,18.0,1.157730067156307,0.6509947589809342,0.8068424623065733,0.0,18.0,18.0,18.0,1.5336265522768149,1.0615554507073781,1.0303181308253184,0.0,18.0,18.0,18.0,3.0808544122415515,25.329662141666475,5.032858247722309,0.0,18.0,18.0,18.0,0.5202096564321884,0.49116567738836303,0.7008321321032327,0.0,18.0,18.0,18.0,0.6642965187537482,0.010570459258010236,0.10281273879247764,0.0,18.0,18.0,18.0,0.3314301181618797,0.14200427160050594,0.37683454141108924,0.0,18.0,18.0,18.0,0.3314301181618797,0.14200427160050594,0.37683454141108924,0.0,18.0,18.0,18.0,0.8686901704875118,0.022228105801810265,0.76471052778339,0.11835374945566471,0.014007610010214253,0.47554476086529035
MetroPT-3/5T,long,vanilla_multivariate,vanilla_multivariate,0.08423360716551542,0.0,0.0,measured_candidate_query_loop_precomputed_vanilla_fallback_separate_retrieval,0.0,18.0,0.0,3.437460259554323,10.372368784603365,3.220616211938853,0.0,18.0,18.0,18.0,1.159796886569386,0.6521155209203211,0.8075366994262992,0.0,18.0,18.0,18.0,1.539869619022249,1.0662618159665966,1.0325995428851382,0.0,18.0,18.0,18.0,3.1675119599312023,27.000661041619548,5.196216031076801,0.0,18.0,18.0,18.0,0.5178659777747129,0.4829432643652756,0.6949411948972918,0.0,18.0,18.0,18.0,0.6686335696286634,0.011505523309324611,0.10726380241873122,0.0,18.0,18.0,18.0,0.33261354037821916,0.1423384506067677,0.37727768368506465,0.0,18.0,18.0,18.0,0.33261354037821916,0.1423384506067677,0.37727768368506465,0.0,18.0,18.0,18.0,0.8686901704875118,0.022228105801810265,0.7697031603954076,0.12347762880583121,0.01524672481551064,0.5176115055376243
MetroPT-3/5T,long,self_augmentation,self_augmentation,0.2528490242548287,0.0,0.0,measured_candidate_query_loop_precomputed_vanilla_fallback_separate_retrieval,0.0,18.0,0.0,3.4149401703700515,10.428391253377594,3.229301976182716,0.0,18.0,18.0,18.0,1.1586703321316008,0.6506609472679626,0.8066355727761841,0.0,18.0,18.0,18.0,1.5332737778180292,1.0640116926256813,1.0315094243998362,0.0,18.0,18.0,18.0,3.0967072613577837,25.880213777202798,5.087259947870051,0.0,18.0,18.0,18.0,0.5203814321143297,0.4911166435879262,0.7007971486727997,0.0,18.0,18.0,18.0,0.6647434424881093,0.009747834084586203,0.09873112014246675,0.0,18.0,18.0,18.0,0.33198318403380717,0.14225430472067238,0.3771661500196861,0.0,18.0,18.0,18.0,0.33198318403380717,0.14225430472067238,0.3771661500196861,0.0,18.0,18.0,18.0,0.8686901704875118,0.022228105801810265,0.7652250078011739,0.11365515979887111,0.012917495348906927,0.4385364264278576
MetroPT-3/5T,long,top_k_1,top_k_1,5.202135071158409e-05,0.013681351207196712,0.028691804967820644,measured_candidate_query_loop_precomputed_vanilla_fallback_separate_retrieval,18.0,18.0,1.0,3.413565852555847,10.266761904531144,3.2041788190628724,0.0,18.0,18.0,18.0,1.157730067156307,0.6509947589809342,0.8068424623065733,0.0,18.0,18.0,18.0,1.5336265522768149,1.0615554507073781,1.0303181308253184,0.0,18.0,18.0,18.0,3.0808544122415515,25.329662141666475,5.032858247722309,0.0,18.0,18.0,18.0,0.5202096564321884,0.49116567738836303,0.7008321321032327,0.0,18.0,18.0,18.0,0.6642965187537482,0.010570459258010236,0.10281273879247764,0.0,18.0,18.0,18.0,0.3314301181618797,0.14200427160050594,0.37683454141108924,0.0,18.0,18.0,18.0,0.3314301181618797,0.14200427160050594,0.37683454141108924,0.0,18.0,18.0,18.0,0.8686901704875118,0.022228105801810265,0.76471052778339,0.11835374945566471,0.014007610010214253,0.47554476086529035
MetroPT-3/5T,long,top_k_5,top_k_5,4.8549845814704895e-05,0.013681351207196712,0.028691804967820644,measured_candidate_query_loop_precomputed_vanilla_fallback_separate_retrieval,18.0,18.0,1.0,3.413565852555847,10.266761904531144,3.2041788190628724,0.0,18.0,18.0,18.0,1.157730067156307,0.6509947589809342,0.8068424623065733,0.0,18.0,18.0,18.0,1.5336265522768149,1.0615554507073781,1.0303181308253184,0.0,18.0,18.0,18.0,3.0808544122415515,25.329662141666475,5.032858247722309,0.0,18.0,18.0,18.0,0.5202096564321884,0.49116567738836303,0.7008321321032327,0.0,18.0,18.0,18.0,0.6642965187537482,0.010570459258010236,0.10281273879247764,0.0,18.0,18.0,18.0,0.3314301181618797,0.14200427160050594,0.37683454141108924,0.0,18.0,18.0,18.0,0.3314301181618797,0.14200427160050594,0.37683454141108924,0.0,18.0,18.0,18.0,0.8686901704875118,0.022228105801810265,0.76471052778339,0.11835374945566471,0.014007610010214253,0.47554476086529035
MetroPT-3/5T,long,top_k_10,top_k_10,4.9019698053598404e-05,0.013681351207196712,0.028691804967820644,measured_candidate_query_loop_precomputed_vanilla_fallback_separate_retrieval,18.0,18.0,1.0,3.413565852555847,10.266761904531144,3.2041788190628724,0.0,18.0,18.0,18.0,1.157730067156307,0.6509947589809342,0.8068424623065733,0.0,18.0,18.0,18.0,1.5336265522768149,1.0615554507073781,1.0303181308253184,0.0,18.0,18.0,18.0,3.0808544122415515,25.329662141666475,5.032858247722309,0.0,18.0,18.0,18.0,0.5202096564321884,0.49116567738836303,0.7008321321032327,0.0,18.0,18.0,18.0,0.6642965187537482,0.010570459258010236,0.10281273879247764,0.0,18.0,18.0,18.0,0.3314301181618797,0.14200427160050594,0.37683454141108924,0.0,18.0,18.0,18.0,0.3314301181618797,0.14200427160050594,0.37683454141108924,0.0,18.0,18.0,18.0,0.8686901704875118,0.022228105801810265,0.76471052778339,0.11835374945566471,0.014007610010214253,0.47554476086529035
MetroPT-3/5T,long,top_k_15,top_k_15,4.924973472952843e-05,0.013681351207196712,0.028691804967820644,measured_candidate_query_loop_precomputed_vanilla_fallback_separate_retrieval,18.0,18.0,1.0,3.413565852555847,10.266761904531144,3.2041788190628724,0.0,18.0,18.0,18.0,1.157730067156307,0.6509947589809342,0.8068424623065733,0.0,18.0,18.0,18.0,1.5336265522768149,1.0615554507073781,1.0303181308253184,0.0,18.0,18.0,18.0,3.0808544122415515,25.329662141666475,5.032858247722309,0.0,18.0,18.0,18.0,0.5202096564321884,0.49116567738836303,0.7008321321032327,0.0,18.0,18.0,18.0,0.6642965187537482,0.010570459258010236,0.10281273879247764,0.0,18.0,18.0,18.0,0.3314301181618797,0.14200427160050594,0.37683454141108924,0.0,18.0,18.0,18.0,0.3314301181618797,0.14200427160050594,0.37683454141108924,0.0,18.0,18.0,18.0,0.8686901704875118,0.022228105801810265,0.76471052778339,0.11835374945566471,0.014007610010214253,0.47554476086529035
MetroPT-3/5T,long,selected_task,selected_task,,,,assembled_from_candidate_artifacts_no_independent_selected_method_latency,0.0,18.0,0.0,3.437460259554323,10.372368784603365,3.220616211938853,0.0,18.0,18.0,18.0,1.159796886569386,0.6521155209203211,0.8075366994262992,0.0,18.0,18.0,18.0,1.539869619022249,1.0662618159665966,1.0325995428851382,0.0,18.0,18.0,18.0,3.1675119599312023,27.000661041619548,5.196216031076801,0.0,18.0,18.0,18.0,0.5178659777747129,0.4829432643652756,0.6949411948972918,0.0,18.0,18.0,18.0,0.6686335696286634,0.011505523309324611,0.10726380241873122,0.0,18.0,18.0,18.0,0.33261354037821916,0.1423384506067677,0.37727768368506465,0.0,18.0,18.0,18.0,0.33261354037821916,0.1423384506067677,0.37727768368506465,0.0,18.0,18.0,18.0,0.8686901704875118,0.022228105801810265,0.7697031603954076,0.12347762880583121,0.01524672481551064,0.5176115055376243
MetroPT-3/5T,long,selected_per_variate,selected_per_variate,,,,assembled_from_candidate_artifacts_no_independent_selected_method_latency,0.0,18.0,0.0,3.4174056511893856,10.387435457550362,3.2229544609799192,0.0,18.0,18.0,18.0,1.1571841414326929,0.650881729747041,0.8067724150880724,0.0,18.0,18.0,18.0,1.5339012048734242,1.0645527448772434,1.0317716534569281,0.0,18.0,18.0,18.0,3.0809920794595906,25.328975131637023,5.032789994787883,0.0,18.0,18.0,18.0,0.5205875549753878,0.4908383247005353,0.7005985474581968,0.0,18.0,18.0,18.0,0.667019057867715,0.01126161908319614,0.10612077592628194,0.0,18.0,18.0,18.0,0.3317191180911571,0.14186029676851766,0.37664346107229535,0.0,18.0,18.0,18.0,0.3317191180911571,0.14186029676851766,0.37664346107229535,0.0,18.0,18.0,18.0,0.8686901704875118,0.022228105801810265,0.7678446015952749,0.12216182424019671,0.014923511301692711,0.5066387205282687
